batch,mean_loss,std_loss,mean_accuracy,std_accuracy
0,0.6948994994163513,0.02021472436388606,0.4921875,0.011048543456039806
1,0.6921332776546478,0.01939669618113812,0.5234375,0.011048543456039806
2,0.6968223750591278,0.013941798165767148,0.4999999850988388,0.007365688612885118
3,0.7006541192531586,0.010609246854010757,0.501953125,0.008286407592029853
4,0.6996702551841736,0.006163639419930165,0.5187499821186066,0.030935913247541753
5,0.6974107623100281,0.002611418733734994,0.5195312649011612,0.042352756939294
6,0.6959196925163269,0.0027914700705735335,0.5245535671710968,0.03472398769800389
7,0.6954871714115143,0.009644589785293414,0.5224609375,0.023478154844084585
8,0.6976248025894165,0.0043064806871461305,0.515625,0.027007531938386852
9,0.6975726187229156,0.0018366332175592292,0.5171875059604645,0.024306804032657274
10,0.6989797353744507,0.0012828657749745925,0.5149147808551788,0.021092685365216496
11,0.7018076181411743,0.004227750374127781,0.509765625,0.01933495104806966
12,0.7013913094997406,0.00390292461265432,0.5096153914928436,0.01359821705670634
13,0.7018908560276031,0.004091658200286103,0.5094866156578064,0.016572815184059706
14,0.7033449709415436,0.0011607663548385326,0.5062500089406967,0.01767767374434854
15,0.7041006982326508,5.306288227521559e-05,0.50244140625,0.017263349150062196
16,0.7030518054962158,0.0010339464876692524,0.5032168924808502,0.02014733155311714
17,0.7021330296993256,0.002586004184082925,0.5030381977558136,0.026393747383522702
18,0.7013133764266968,0.003579616137727252,0.5045230090618134,0.023841587118794024
19,0.7017458379268646,0.003564401125414819,0.5,0.020992249425215034
20,0.7010501325130463,0.003930572945277467,0.5014881044626236,0.017888112958963434
21,0.7008189857006073,0.004163054961663558,0.5017755478620529,0.015568392563772336
22,0.7009365260601044,0.003038239868604818,0.49966032803058624,0.01200930194126989
23,0.7006065845489502,0.0028987759468822698,0.5013020932674408,0.012889981414329276
24,0.7001305818557739,0.0027011072273661766,0.5043749958276749,0.015026004770285642
25,0.6996704638004303,0.0025828010235960973,0.5057091414928436,0.01572292398383753
26,0.6998886168003082,0.0016568347618117552,0.5057870298624039,0.013912990794809952
27,0.7003337740898132,0.0005462231567011866,0.5047433078289032,0.012232321990165286
28,0.7006737291812897,0.0001716641139848714,0.5040409564971924,0.012572489204496712
29,0.7002409994602203,0.00039369371194026117,0.5033854097127914,0.01288996034090502
30,0.7002707719802856,0.000350408898519573,0.5017641186714172,0.013186990255785546
31,0.7000806033611298,0.0010526175415595785,0.5,0.015191747252054731
32,0.6995570659637451,0.0011445398181618384,0.5007102191448212,0.012387759567473462
33,0.6988849341869354,0.001469618460726364,0.5027573555707932,0.011698468933502047
34,0.6986010074615479,0.0016966635336545502,0.5046875178813934,0.009785866021501931
35,0.6985553801059723,0.0017334577324045607,0.503689244389534,0.008900213220318259
36,0.6986205577850342,0.0014034057617157494,0.5027449131011963,0.0092568809258417
37,0.6982855498790741,0.0021390790024734046,0.5037006437778473,0.01279304366275422
38,0.6983485817909241,0.0019232449912491164,0.5042067319154739,0.01161514461399601
39,0.6980617046356201,0.0018011877179615673,0.5044921785593033,0.012429590314620525
40,0.6979064047336578,0.0014868143749188088,0.5047637224197388,0.011587517354797117
41,0.6977092027664185,0.0011082935284424695,0.504836305975914,0.009470165052731079
42,0.6974988877773285,0.0013191542115424722,0.5045421421527863,0.010534646932146475
43,0.6977674067020416,0.0010963659703138865,0.50390625,0.011048543456039806
44,0.6976405680179596,0.0013463810756805098,0.5045139044523239,0.011785122854040445
45,0.6975634098052979,0.0013777804778211259,0.5040760934352875,0.012489670647172805
46,0.697429746389389,0.0011317693230630374,0.5053191483020782,0.011753786672172594
47,0.6970493793487549,0.0011555822924716925,0.5065104216337204,0.01288996034090502
48,0.6970245540142059,0.0010904654115223612,0.5071747452020645,0.012852407498881814
49,0.6965524852275848,0.0014208124101507487,0.5076562315225601,0.013479215429935831
50,0.6962206661701202,0.0013230317216054745,0.5082720518112183,0.012131717462769781
51,0.6960284411907196,0.0016274162615511512,0.5090144127607346,0.013598195983282085
52,0.6955420970916748,0.001788206488620212,0.509876161813736,0.013550085355706898
53,0.6956790685653687,0.0016170059899689605,0.5098379701375961,0.014322194547002221
54,0.6961023807525635,0.0009245332689349715,0.5089488476514816,0.014664426956910682
55,0.6958431601524353,0.0009740979627837829,0.5093471109867096,0.013613389922170262
56,0.6951884627342224,0.0010159919302036116,0.5116502046585083,0.012211543593849414
57,0.6947823762893677,0.0010685069034481855,0.5118534564971924,0.013715427442415136
58,0.694871723651886,0.001317257603359482,0.5097987353801727,0.01385750446874536
59,0.6952363848686218,0.0003589225619187736,0.5092447698116302,0.0112326830371839
60,0.6950487792491913,0.0010553149398642757,0.5094774663448334,0.011591942773890761
61,0.6940173208713531,0.0011558773204112687,0.51171875,0.010513952829527625
62,0.6936812102794647,0.0010087005254112269,0.512772798538208,0.011048543456039806
63,0.6940507590770721,0.0008597535627737274,0.5128173828125,0.012256977896544159
64,0.6941856741905212,0.0007623521958650513,0.5129807889461517,0.012238391136350854
65,0.6934855580329895,0.0009371773234882396,0.5147964060306549,0.012220352285188191
66,0.6932878196239471,0.0007118181245004893,0.5152751803398132,0.011048543456039806
67,0.6929678916931152,0.00030126567315587056,0.5163143277168274,0.010398639052001819
68,0.6929807662963867,6.928941895190979e-05,0.516983687877655,0.010568153676712634
69,0.6931520700454712,0.0005331576336628095,0.5171875059604645,0.010417225812195124
70,0.6934470236301422,0.0008997087751620549,0.5173855721950531,0.010581682815084632
71,0.6940310895442963,0.0019615564765455193,0.5171440839767456,0.010741630105183475
72,0.6942396461963654,0.002440007500841188,0.517444372177124,0.011351242122045045
73,0.6941686272621155,0.002308467186638688,0.5179476141929626,0.011048543456039806
74,0.6936877965927124,0.0022040272960286923,0.5191666483879089,0.00942808142449295
75,0.6938291192054749,0.002139121149321916,0.5184005200862885,0.008867907660934659
76,0.6939895451068878,0.0021101662643949314,0.5181615352630615,0.008465784579292219
77,0.6940332055091858,0.002180593648256635,0.5177283585071564,0.008073945328686436
78,0.694076806306839,0.0026407107934500657,0.5171083807945251,0.009090569461617713
79,0.6941138803958893,0.002624189228833795,0.51708984375,0.009529402448313141
80,0.6938383877277374,0.002729724937505074,0.5172646641731262,0.009138954043708219
81,0.6938362717628479,0.002575762499894778,0.5169588327407837,0.008353758255950262
82,0.6936499774456024,0.0029088490436763735,0.5172251462936401,0.009717377392671728
83,0.6933466196060181,0.0028296551153244036,0.5181361436843872,0.009601726440357835
84,0.6933467090129852,0.003103904658584791,0.51783087849617,0.011698490006926302
85,0.6929793357849121,0.0033612954624408207,0.518804520368576,0.01194783076271675
86,0.6928959786891937,0.003693033307070068,0.5193067491054535,0.012572447057648201
87,0.6926333010196686,0.003958979921173809,0.5189098119735718,0.012931833234900594
88,0.6924718618392944,0.0038311485296402673,0.5198384821414948,0.012414059200944261
89,0.6927679181098938,0.0033166198030192733,0.5190104246139526,0.011416822618327997
90,0.6929945051670074,0.0028645948527399345,0.5185439586639404,0.01116992637975118
91,0.6925554275512695,0.0034369912023663866,0.51953125,0.01176908597818205
92,0.6923645734786987,0.003648315500800009,0.5200772881507874,0.012236578821864887
93,0.6921771466732025,0.0038421488571016107,0.5204454958438873,0.012694082862450641
94,0.6921208798885345,0.0037551577617751255,0.5207236707210541,0.01279304366275422
95,0.6921294927597046,0.0038836635028848413,0.5206705927848816,0.013810679320049757
96,0.6918397545814514,0.004146491250198777,0.521262913942337,0.014807325846786868
97,0.6917116641998291,0.003968041493603651,0.5218431353569031,0.014881715034408596
98,0.6916806399822235,0.0035873290110047455,0.5223327279090881,0.013950185388620816
99,0.6914016902446747,0.0034933415388254518,0.5231249928474426,0.013479236503360085
100,0.6762301921844482,0.009054913227777496,0.5633378326892853,0.025136928360927843
101,0.6762056350708008,0.00902254444812113,0.5633954107761383,0.024932178970861918
102,0.6761638522148132,0.0090410047677689,0.5636114776134491,0.024953083807723323
103,0.6762199997901917,0.008884808547187527,0.5636482238769531,0.024833850373286004
104,0.6762486696243286,0.00896370744759992,0.5635268688201904,0.024994514159809533
105,0.6761924922466278,0.009123739031395786,0.5636227428913116,0.02512647594249714
106,0.6761527955532074,0.00912871235952007,0.5636592209339142,0.025063255669730798
107,0.6761418581008911,0.009068147338209917,0.563832700252533,0.025249839768088526
108,0.6763451993465424,0.008759084498079531,0.5636338889598846,0.025186661642170698
109,0.6765328645706177,0.008394556405308808,0.5636115670204163,0.024820447675459538
110,0.6766093671321869,0.008145594971154958,0.5635309815406799,0.02453856955261868
111,0.6766293942928314,0.008214631509015802,0.563470184803009,0.024724605741945765
112,0.6766414642333984,0.008293994024761815,0.5633710026741028,0.02480021718817431
113,0.6766369938850403,0.008160557102376325,0.5634074807167053,0.024465824092088875
114,0.676711767911911,0.007969421144379419,0.5632896721363068,0.024024167266543217
115,0.676747053861618,0.007923986841684676,0.5631532371044159,0.023992304249068983
116,0.6769877970218658,0.007522495962769899,0.5630366504192352,0.023662378718925705
117,0.6769424676895142,0.00748384730268541,0.5630735754966736,0.0237126599091992
118,0.6768880486488342,0.007491349441720349,0.5630340278148651,0.02376260392468461
119,0.6768360733985901,0.007435715601685968,0.5631468892097473,0.0239738017825727
120,0.6768029034137726,0.00736174788254935,0.5633350908756256,0.023861901899776276
121,0.6766656637191772,0.0073548779462420735,0.5637117326259613,0.02380407642361933
122,0.676561713218689,0.0074207113236160905,0.5639921426773071,0.023880067191484472
123,0.6765574216842651,0.007378985943590305,0.5639697015285492,0.023902447168043756
124,0.6766083240509033,0.007202306354632638,0.5639473795890808,0.0235525018848578
125,0.6766462326049805,0.0070973607018405115,0.5638688802719116,0.023602066578706615
126,0.6766245067119598,0.0068950136821397095,0.5640339851379395,0.02341324869737781
127,0.6767558157444,0.006893412101896295,0.5639183223247528,0.02341008768373949
128,0.676762580871582,0.006637538584586658,0.5638963282108307,0.02301205284640261
129,0.6768421530723572,0.006440881389434826,0.5638372898101807,0.022510800377062545
130,0.6767679154872894,0.00620346819177296,0.5639638304710388,0.022011950278087604
131,0.6766610443592072,0.006037241021245994,0.56412672996521,0.021672246679089797
132,0.6768525540828705,0.006300153062256951,0.5641966760158539,0.021777571653518523
133,0.6769133508205414,0.006268458632176758,0.5641742646694183,0.021231938552696488
134,0.6768202483654022,0.006047103383797543,0.5641703307628632,0.020818646556198663
135,0.6768763065338135,0.00598518966333504,0.5640382468700409,0.0205367684333578
136,0.6769682765007019,0.006014861044686709,0.563979834318161,0.020514599191041073
137,0.6769734025001526,0.005948269024039497,0.5639399290084839,0.020415174775403874
138,0.6769894957542419,0.005930820228755986,0.5639365911483765,0.020367633130283586
139,0.6770509481430054,0.005928965767421507,0.5637336671352386,0.02029467693551123
140,0.6771146357059479,0.005927237746632561,0.5634593069553375,0.020222100062375466
141,0.6771843731403351,0.005983545936243115,0.5632223188877106,0.020354103991911586
142,0.6772469878196716,0.005904014833103058,0.5631486177444458,0.02015428578312144
143,0.6773007810115814,0.005873121193144573,0.5630752146244049,0.020107882102910944
144,0.6773614883422852,0.005860519285439815,0.5629841983318329,0.020188551170960797
145,0.6773673892021179,0.005841047441427782,0.5628399848937988,0.020243552808267513
146,0.6774620711803436,0.005905237091709874,0.5625357031822205,0.02032354752674119
147,0.6774663627147675,0.005859549907924064,0.5625534355640411,0.0202520243248182
148,0.6774791777133942,0.005856346747437236,0.5625,0.020381878765080266
149,0.6775193512439728,0.005856936803316389,0.5623936355113983,0.020586333127206615
150,0.6775651276111603,0.005896133372431521,0.5621815621852875,0.02068984578714937
151,0.6775965094566345,0.0059097468045005395,0.5620763897895813,0.02064310493215079
152,0.6776372790336609,0.005887661855880831,0.5620597302913666,0.0206214835988647
153,0.6776657402515411,0.005909536070257985,0.561920166015625,0.020823577737474435
154,0.6776780784130096,0.005869412270475613,0.5619389712810516,0.020553711466459183
155,0.6777520775794983,0.0058221656532949015,0.5615379214286804,0.0204334665076576
156,0.6777798533439636,0.005750178836038295,0.5614702701568604,0.01994355154056697
157,0.6777996122837067,0.005709001365043151,0.5613158047199249,0.019775933524039144
158,0.6778154373168945,0.005667739600350986,0.5613010823726654,0.019707402748360428
159,0.6778085231781006,0.005629048793417985,0.5613210797309875,0.019541049137287932
160,0.6777927875518799,0.005554870340038811,0.5613063871860504,0.01937545416948863
161,0.6778163909912109,0.005524018846928837,0.5611709654331207,0.01923502087025033
162,0.677850753068924,0.005477446579324299,0.5610705614089966,0.018949054503103913
163,0.6778774559497833,0.005413720544375828,0.5610049366950989,0.018712947857745885
164,0.6779329776763916,0.005467373482530196,0.5611282587051392,0.018744642287826078
165,0.6779944598674774,0.005427797591778466,0.5608403980731964,0.018485818491120676
166,0.6779886186122894,0.005326982330140407,0.5607586801052094,0.01822813265932507
167,0.6779477596282959,0.005199993875577084,0.5608817040920258,0.017875194949894844
168,0.6779484748840332,0.00508948483878152,0.5609362125396729,0.01752381667385952
169,0.6779863238334656,0.005062089387249439,0.5608208775520325,0.017413813399246088
170,0.6779786348342896,0.004968691970949297,0.5608414709568024,0.017064963934121418
171,0.6780007183551788,0.004914954739097908,0.5608450472354889,0.016837033777374503
172,0.6779719293117523,0.004834201377351035,0.560983419418335,0.016657698936960647
173,0.6780252754688263,0.004843979446205562,0.5608185231685638,0.016812082843056055
174,0.67805016040802,0.004811399932306641,0.560755044221878,0.016633633086460927
175,0.6780303716659546,0.00469305158168805,0.5607085227966309,0.01647958635515361
176,0.6779842376708984,0.004577653510465222,0.5607791841030121,0.01616082973986572
177,0.6779049634933472,0.004429380897403897,0.5608829259872437,0.015843421823730174
178,0.6779228150844574,0.004397728614172216,0.5608863532543182,0.01557439848968514
179,0.677936851978302,0.004314657175757244,0.5609561800956726,0.015165700499675
180,0.6779109835624695,0.004263406607967997,0.5611748099327087,0.015063283657793526
181,0.6778974235057831,0.004130686182007191,0.561161071062088,0.014727499715707235
182,0.6777353882789612,0.003861831435356198,0.5614443123340607,0.014253179082565633
183,0.6776615977287292,0.0037300803869111435,0.5615452826023102,0.013990351335251698
184,0.6775780916213989,0.003599087981739285,0.561777263879776,0.013728619405999046
185,0.6776391863822937,0.0036270734891505185,0.5618771314620972,0.013560748508380155
186,0.6777115762233734,0.003662856163536268,0.5618129968643188,0.01339359410718595
187,0.6778724789619446,0.0038029101411379686,0.5615369379520416,0.013250168381703377
188,0.677905946969986,0.0038090214341720482,0.5615878403186798,0.013291640880638096
189,0.6778445243835449,0.0037161719269025485,0.5617035329341888,0.013103075880400357
190,0.6778296828269958,0.0036446065781310503,0.561607837677002,0.01280058794863767
191,0.6778427362442017,0.0035539065601356066,0.5614640116691589,0.01229330847996055
192,0.6777711808681488,0.003380219397422212,0.5614984333515167,0.011811022092450389
193,0.6777449250221252,0.0032871170090616473,0.5615327656269073,0.011695455433833518
194,0.6777504682540894,0.0031942253549436367,0.5615025758743286,0.01135284370228846
195,0.6777549088001251,0.0031660291132898487,0.5616812109947205,0.011170600729327355
196,0.6777252852916718,0.0030038480402199285,0.5617149472236633,0.010649159919550573
197,0.6777413487434387,0.0029767476166274237,0.5616685748100281,0.010333480024203976
198,0.6776891350746155,0.002823164500653726,0.5618458092212677,0.009973840965860518
199,0.6777014136314392,0.002816842473377092,0.562038242816925,0.009998581165936413
200,0.6749788522720337,0.024909798994302634,0.5909671187400818,0.11583867437716075
201,0.6749778687953949,0.02490925108527199,0.5910139977931976,0.11593759303061581
202,0.6749738156795502,0.024934370606984484,0.5910804867744446,0.11595179651856398
203,0.6749582886695862,0.024954474653724183,0.5910278558731079,0.11579796052149922
204,0.6748391687870026,0.025118215160189004,0.591172993183136,0.11609172405562015
205,0.6748515069484711,0.025147212191964502,0.5911203920841217,0.1163840124500432
206,0.6747651994228363,0.0253565134416696,0.5909894704818726,0.11673041739795424
207,0.6747697293758392,0.025305937223456528,0.5911140143871307,0.11665931566451636
208,0.674748957157135,0.02534138272305419,0.5911206007003784,0.11680973776685175
209,0.6747690141201019,0.025315630998614034,0.5910296440124512,0.11676641080658254
210,0.6747695505619049,0.025378429802895265,0.5908418893814087,0.11680577596309172
211,0.6749081909656525,0.025174776230890625,0.5905386507511139,0.11635096932081067
212,0.6750190258026123,0.024998560257266576,0.5903337001800537,0.11587112745051413
213,0.6751052439212799,0.024825547444129358,0.5903421342372894,0.11531171233022904
214,0.6751186847686768,0.024752759836751043,0.5902734994888306,0.11497297810874699
215,0.6751972734928131,0.024650975197597232,0.5899746417999268,0.11463588761435685
216,0.6752439439296722,0.024538948874255277,0.5896964073181152,0.11427334042346614
217,0.6752936840057373,0.02445520308626413,0.5895151197910309,0.11383143071682941
218,0.6753450334072113,0.024377189269670467,0.5892203450202942,0.11339171264631526
219,0.6753712594509125,0.02433259790394594,0.5891171991825104,0.1132231673991202
220,0.6754280626773834,0.02423641879564408,0.5888817310333252,0.11297496460823954
221,0.6754591166973114,0.02423641879564408,0.588798850774765,0.11310279599977308
222,0.6754769682884216,0.024185716136885475,0.5887352526187897,0.11293623165445803
223,0.675573855638504,0.024070275918814135,0.5885400772094727,0.1124772946210229
224,0.6756160259246826,0.02403702205533904,0.588345855474472,0.11233960086693781
225,0.6756654679775238,0.023980671718879975,0.5881525576114655,0.11199037208017655
226,0.6757244765758514,0.023926892340180073,0.5879414975643158,0.11172223382995024
227,0.6758273243904114,0.023848035586616193,0.587470144033432,0.11140259213084362
228,0.6759018003940582,0.02381124138786618,0.5872244536876678,0.11103178415764477
229,0.6759666800498962,0.023763151833715253,0.5869613885879517,0.11089914802538099
230,0.6760129034519196,0.02372315447447841,0.5866995453834534,0.11071471341629731
231,0.6760696768760681,0.02365373861498097,0.5865128636360168,0.11026972698971929
232,0.6761079728603363,0.023576567735357525,0.586327075958252,0.11003555909939276
233,0.6761661767959595,0.023492569066275313,0.5860685706138611,0.10975039352236805
234,0.6762153208255768,0.023426103486173633,0.5857929587364197,0.10959638893790925
235,0.6762497425079346,0.023357024801464277,0.5855735540390015,0.10920998663076137
236,0.6763049364089966,0.023293383060212825,0.5853368937969208,0.1087996027668108
237,0.6763530671596527,0.023205338293673567,0.5850648880004883,0.1083910733641947
238,0.6763774156570435,0.02315126388703409,0.5849214494228363,0.10821595320863193
239,0.6764369308948517,0.02307190137128808,0.5846516788005829,0.10781066911335119
240,0.6764578521251678,0.023009524035491957,0.5846908688545227,0.10753532375202951
241,0.6764949560165405,0.022936314959628532,0.5845673084259033,0.10723565965911705
242,0.6765240728855133,0.02286302159006809,0.5845164358615875,0.10673356425280678
243,0.6765993237495422,0.022831032132048318,0.5842860341072083,0.10643714546722965
244,0.6766583919525146,0.02279444866754086,0.5839490592479706,0.10629430979762623
245,0.6767027974128723,0.02274336668714566,0.5836852192878723,0.10615206418390197
246,0.6767522692680359,0.022691947531962367,0.5834583044052124,0.10606094269742142
247,0.6767868399620056,0.022621225120161088,0.583339273929596,0.10581918837436292
248,0.6768271923065186,0.022567782916249276,0.583185225725174,0.1056287267659422
249,0.6768574714660645,0.022515099355610656,0.583014190196991,0.10541407286647622
250,0.6768753528594971,0.022457526760544775,0.5830031037330627,0.10522542357254146
251,0.6769269108772278,0.022390934739897565,0.582639068365097,0.1049876732000915
252,0.6769702434539795,0.022328810285192506,0.582452803850174,0.10485061164873408
253,0.6770184636116028,0.022259436572543576,0.5823200941085815,0.10454028440314836
254,0.6770557761192322,0.022238616029379193,0.5822755992412567,0.10425608820363941
255,0.6771023869514465,0.02222529762524975,0.5821963250637054,0.10417112015704144
256,0.6771444082260132,0.02217252977091411,0.5819952487945557,0.10386433324673064
257,0.6771901547908783,0.022146778046473956,0.5817602574825287,0.10380520121826986
258,0.6772182583808899,0.022065223894605374,0.5816479027271271,0.10342689110603608
259,0.6772474050521851,0.022020463941486806,0.581536054611206,0.10334449401719728
260,0.6772942543029785,0.021970140604364797,0.5813036262989044,0.10309123360449532
261,0.6773384213447571,0.02192588641342836,0.5809513926506042,0.10291223593886954
262,0.6773865818977356,0.02189486633292434,0.5808245837688446,0.10280716384553189
263,0.6774249970912933,0.02185141293210961,0.5807327330112457,0.10255672727168015
264,0.6774636507034302,0.021793713896498194,0.5805726945400238,0.10240440856116179
265,0.677481085062027,0.02173373893106719,0.5804646909236908,0.10222848761547731
266,0.677524209022522,0.021668116287935732,0.5801693499088287,0.10188440074423437
267,0.6775533258914948,0.021612356007355817,0.5801819264888763,0.10154183115953783
268,0.6776008605957031,0.02155963029986869,0.5799224674701691,0.10120069456769065
269,0.6776405274868011,0.021464167687991514,0.5797150731086731,0.10083709370558716
270,0.6776601374149323,0.021397238492556214,0.579593151807785,0.10069046481961777
271,0.6776995658874512,0.021364321803869206,0.5793366730213165,0.10049667361016468
272,0.6777126789093018,0.02126932280732565,0.579232931137085,0.10004161408679255
273,0.677737295627594,0.021193289892612,0.579180121421814,0.09965984793298087
274,0.6778009831905365,0.021152533890101965,0.5790436267852783,0.09939836888481929
275,0.6778735518455505,0.02110326422419273,0.5787068009376526,0.0990432395392665
276,0.6778954267501831,0.0210292543582076,0.578622043132782,0.09871331400912321
277,0.6779411137104034,0.020985885251089888,0.5783708989620209,0.098431983795313
278,0.6779753267765045,0.020937669256393426,0.5782372951507568,0.0983634951664828
279,0.6780142188072205,0.02089725042867148,0.5781374275684357,0.098060585766235
280,0.6780556440353394,0.020848612965489906,0.5778723955154419,0.09780580806698665
281,0.6780705153942108,0.020799006124792584,0.5777737498283386,0.09759886704079816
282,0.6781071722507477,0.020745142452395664,0.577659010887146,0.09718287764599563
283,0.6781441271305084,0.02067812896326334,0.5774789154529572,0.09695482104870319
284,0.6781969666481018,0.0206408290023312,0.5772174596786499,0.09670451091539699
285,0.6782397925853729,0.02057478489071463,0.5769407153129578,0.09652479675334653
286,0.6782533228397369,0.020505495471762718,0.5769432187080383,0.09618391304259043
287,0.6782804727554321,0.020441980171056803,0.5767824351787567,0.09593680606977105
288,0.6783221065998077,0.02038107797495856,0.5765409171581268,0.0957597893060253
289,0.6783732175827026,0.020341164909418744,0.5763979256153107,0.09544562669722509
290,0.678392618894577,0.02030799533964067,0.576239287853241,0.09529335013355524
291,0.6784269511699677,0.020268630183131495,0.5761299133300781,0.09511877788702311
292,0.6784334480762482,0.020213923573764354,0.5761501491069794,0.09471648621798663
293,0.6784903407096863,0.020208233749215383,0.5759608149528503,0.09442984550126403
294,0.6784913837909698,0.020165538991673847,0.5759974420070648,0.09437189358456155
295,0.678521066904068,0.020095238048357677,0.5757288634777069,0.0940644744715231
296,0.678535670042038,0.019998216003085597,0.5755415260791779,0.09355432901714723
297,0.6785641312599182,0.019973138628221615,0.5754508674144745,0.09349852658971881
298,0.6785700023174286,0.01992285743794812,0.5754882395267487,0.09321732281645412
299,0.6786125302314758,0.01988791770053259,0.5753662586212158,0.09307237980442516
300,0.6874713599681854,0.007748150189697226,0.5210062265396118,0.029650897983293102
301,0.6874520778656006,0.007796998387121353,0.5211119055747986,0.029687902916285668
302,0.6874445974826813,0.007813983567071242,0.5210781097412109,0.029696669460775933
303,0.6874033510684967,0.007924408310169785,0.5211434811353683,0.02995741093908858
304,0.6873662769794464,0.00797886203844586,0.5212282687425613,0.030077150135708032
305,0.6873236000537872,0.008015276915559272,0.5212535560131073,0.03005706716239259
306,0.6873206198215485,0.008040986493150918,0.521239385008812,0.030314900508157983
307,0.6873348653316498,0.00802320052307932,0.5211665034294128,0.030211113893699907
308,0.6872601509094238,0.00811748302319819,0.5213481485843658,0.030301434590058754
309,0.6872521340847015,0.008092574235728253,0.5215483605861664,0.030308515260608584
310,0.6872826814651489,0.008030576221568726,0.5215919613838196,0.03020555050969647
311,0.6872682869434357,0.008070404993411521,0.5217323899269104,0.030404905103153
312,0.6872188746929169,0.008122329910776943,0.5219301879405975,0.030356984136396113
313,0.68720942735672,0.008152464907462232,0.5220111012458801,0.030418476388373507
314,0.6871687173843384,0.008259433608982882,0.5222072601318359,0.030861018297737894
315,0.6872234344482422,0.008205232761797871,0.5222102701663971,0.03081225439401079
316,0.6872046887874603,0.008230478724055898,0.5222707688808441,0.030736727241479266
317,0.6871623992919922,0.00828952645881966,0.5224839448928833,0.03087779274344523
318,0.6872065663337708,0.00822023703986775,0.5225244164466858,0.03093730409354261
319,0.6871847808361053,0.008228455675327375,0.5226598083972931,0.030969546432653445
320,0.6872990727424622,0.00809109909603037,0.5224149823188782,0.031001704478067257
321,0.6873615086078644,0.008023790578958473,0.5222849249839783,0.03087298800271499
322,0.6873973608016968,0.00797974712226459,0.5221932530403137,0.030744945876938892
323,0.6873859167098999,0.007983961807115678,0.5223093330860138,0.030750719995184885
324,0.6873596012592316,0.008013338160527772,0.5224248170852661,0.03086278846537535
325,0.6873572468757629,0.007958336523221055,0.5225397348403931,0.030497038113997812
326,0.6873843669891357,0.007952351670732508,0.5224670767784119,0.030503360141274447
327,0.687423825263977,0.007938021742238803,0.5223574340343475,0.03035133645869565
328,0.6874500513076782,0.007931784008659192,0.5223041474819183,0.03038429529423117
329,0.6874463558197021,0.007938106035935826,0.5222325325012207,0.03049594229593653
330,0.6874412894248962,0.007928159379687254,0.5223095118999481,0.0304497914968171
331,0.6874676942825317,0.007871935483773723,0.5222752094268799,0.030403893578788737
332,0.6874718964099884,0.007857479114734485,0.5222963988780975,0.030436473092687658
333,0.6875162124633789,0.007780982584687212,0.5221334993839264,0.030208711523334788
334,0.6875061988830566,0.007790002010268544,0.5222834050655365,0.030163698689125152
335,0.6875171959400177,0.007771415250075239,0.5223227441310883,0.029911660535030006
336,0.6875623762607574,0.007772763949227588,0.5221609175205231,0.030100056947873703
337,0.6875868141651154,0.007769307907649695,0.5220362842082977,0.030081428040831887
338,0.6875981390476227,0.007752954930427468,0.5219486355781555,0.03001142212545529
339,0.6876153647899628,0.0077229463742877116,0.5220065414905548,0.029685163371132462
340,0.6876553893089294,0.0076907040351768775,0.5217564702033997,0.029488379735435097
341,0.6876635849475861,0.007637894033992727,0.521796464920044,0.029037155575277467
342,0.6876729428768158,0.007606958247185731,0.5218362510204315,0.028995640929494235
343,0.6876554191112518,0.007613533155553431,0.5219298303127289,0.029030622813758275
344,0.6876568794250488,0.007591490353782233,0.5218256711959839,0.02888787143785188
345,0.6876601278781891,0.007569953314193166,0.5217935740947723,0.028847031141644823
346,0.6876685917377472,0.007574673761226386,0.5216545462608337,0.028907343281863913
347,0.6876721680164337,0.007548205540361545,0.5216585993766785,0.02876589845826135
348,0.687688559293747,0.0075772868658340615,0.5216448605060577,0.02900204725046789
349,0.6877265870571136,0.007515330998523048,0.5215425491333008,0.028710517499318036
350,0.6877274215221405,0.0074945947490556875,0.5215468406677246,0.028570505668564845
351,0.6877063512802124,0.0074880619875364995,0.5217805802822113,0.02845599268116075
352,0.6876996159553528,0.007500874629483811,0.5219428241252899,0.028541297902546798
353,0.687717616558075,0.007492951021963763,0.5219285786151886,0.02862618165544774
354,0.6877167820930481,0.00744186904156856,0.5219670236110687,0.028388389136149272
355,0.6877316236495972,0.007480897023289647,0.5220752954483032,0.028695934689733266
356,0.6876763105392456,0.007508713943306837,0.5222353935241699,0.028631787186299686
357,0.6876753270626068,0.007508671796458326,0.5222380757331848,0.02854336309812383
358,0.6876842677593231,0.007500411014150191,0.5222060084342957,0.02835698973400866
359,0.6876631379127502,0.007539818317507877,0.5222260653972626,0.02819603091954555
360,0.687703937292099,0.007469475227343195,0.5222979485988617,0.027913394153431498
361,0.6877180635929108,0.007440815370355787,0.5223177373409271,0.027754079066060318
362,0.6876983642578125,0.007464628339764442,0.5224407613277435,0.027887768869536873
363,0.6876931488513947,0.0075069016288208685,0.5224429368972778,0.027996549885543492
364,0.6877280473709106,0.0074733105905576865,0.5224622786045074,0.028032079678838175
365,0.687717080116272,0.007469854548979793,0.5225670635700226,0.027898136994270555
366,0.687725156545639,0.007465513423583171,0.5224153399467468,0.027788850216081806
367,0.6877190470695496,0.007500874629483811,0.5224686563014984,0.02792098058616346
368,0.6877197027206421,0.0075491749178772955,0.5224197506904602,0.02800447349306354
369,0.6877602934837341,0.007490000742568,0.5223202407360077,0.027679816318984123
370,0.6877593100070953,0.00752679494131801,0.5223903357982635,0.0280267691759258
371,0.6877533495426178,0.00755031288278709,0.5224432647228241,0.028061666766492823
372,0.6877346336841583,0.007587233522082633,0.522428572177887,0.02814414814902864
373,0.6877010762691498,0.007627104440773938,0.5225147902965546,0.028416458937257527
374,0.6876884698867798,0.007627315175016493,0.5225167870521545,0.028284244273478854
375,0.6876919865608215,0.007630686922897365,0.5224852561950684,0.028484104629117515
376,0.687659502029419,0.00767005207940654,0.5226209759712219,0.02854134004939531
377,0.6877014935016632,0.007634859460899943,0.5225393176078796,0.028669045000383316
378,0.6876738369464874,0.007713589773918293,0.5224747359752655,0.028819719983809763
379,0.6876538395881653,0.007756200237762807,0.5225265622138977,0.028852383791405707
380,0.6876190006732941,0.00779594471590858,0.5226941406726837,0.028674060475356113
381,0.68763467669487,0.007768717851770543,0.5227122604846954,0.028847199729038864
382,0.6876265108585358,0.007766610509344998,0.5228127539157867,0.02880960474016715
383,0.6876354217529297,0.0077642924326768985,0.5228469669818878,0.028911852994654576
384,0.6875763237476349,0.007842559130361628,0.5231110453605652,0.02910661358162342
385,0.6875417828559875,0.007907338836522873,0.523242861032486,0.029254169698260057
386,0.6874869763851166,0.007942362867635425,0.5234068334102631,0.029308539132839113
387,0.6874932646751404,0.007912227870950136,0.5235211551189423,0.029247341908801294
388,0.6874337196350098,0.008000736252823014,0.5235861539840698,0.02934760926140871
389,0.687420666217804,0.007983624632327591,0.5237971544265747,0.02933252068964181
390,0.6582816243171692,0.04757207514491334,0.5859375,0.12153397801643785
391,0.6916595995426178,0.016500533338863525,0.54296875,0.09391261937633834
392,0.6880950033664703,0.023628408359025924,0.5416666716337204,0.11785112317328317
393,0.6973515748977661,0.00650899069662843,0.5390625,0.09391261937633834
394,0.6923520863056183,0.011323045880391258,0.5499999970197678,0.08396893448058737
395,0.6935578286647797,0.005731423488450947,0.5416666865348816,0.05524271728019903
396,0.6946715116500854,0.0025427193706622367,0.5435267984867096,0.04577253115404369
397,0.6944660544395447,0.0006553834943444022,0.5419921875,0.029002426572104487
398,0.691493034362793,0.001003516463044387,0.5494791567325592,0.02332469816865642
399,0.6901296675205231,0.0020858896796526567,0.550000011920929,0.02209708691207961
400,0.6952375769615173,0.009066630051663523,0.5275694131851196,0.0016927017298945261
401,0.6952455937862396,0.00913149405152179,0.5275788009166718,0.0019135090692430998
402,0.6952617764472961,0.009086860538948754,0.5275881290435791,0.001964801783880858
403,0.6952508687973022,0.009133306366007758,0.5274984240531921,0.0021558113013322297
404,0.6952379941940308,0.009101611935927565,0.5275671482086182,0.001954855127632287
405,0.6952270269393921,0.00894010521243382,0.5275173485279083,0.0015877982239509108
406,0.6952303647994995,0.008897368308043774,0.5274677872657776,0.001611611193359566
407,0.6952283680438995,0.008754701225834398,0.527418464422226,0.0011917864353425504
408,0.6951234638690948,0.008624383170238713,0.5276040136814117,0.0008847044970921766
409,0.6950855851173401,0.008614984423020784,0.5278080999851227,0.0011031094660756296
410,0.6950449347496033,0.008510207357622701,0.5278361141681671,0.0007427539113074855
411,0.6950697600841522,0.008503843183497556,0.5279998481273651,0.00046652346616708604
412,0.6950123310089111,0.008444542567642729,0.5281240344047546,0.00019159957333052426
413,0.6949377059936523,0.008343305837519561,0.528209000825882,8.189132665666711e-05
414,0.6948468685150146,0.008201523839128913,0.5284475982189178,0.00035407567434002075
415,0.6947174966335297,0.008050427387217358,0.5287811160087585,0.0004890720301204143
416,0.6946825683116913,0.008035507402844502,0.5289788246154785,0.0005962936127321287
417,0.6946142315864563,0.007949232803942701,0.5291756093502045,0.0007570838398011895
418,0.6945684254169464,0.00788504315366061,0.5293141603469849,0.0009440051129470045
419,0.6944314241409302,0.007643752445935742,0.5295281708240509,0.0013991489300161492
420,0.6942923665046692,0.007442627684841756,0.5297980606555939,0.0017178633984555299
421,0.6943301558494568,0.0074307422735616835,0.5297068953514099,0.0020082130378470788
422,0.6944811344146729,0.007618717217920271,0.5295028686523438,0.00197668719516093
423,0.6945264041423798,0.007740648050662287,0.5294317305088043,0.001812019458028867
424,0.6945529878139496,0.007731712918777977,0.5293233096599579,0.0018608255086044823
425,0.6945554316043854,0.007786672409236184,0.5294029414653778,0.0017502321781118965
426,0.6945542097091675,0.007766989830981595,0.5293325483798981,0.0014815038720064361
427,0.6945745348930359,0.007822202202530867,0.5292064547538757,0.0012932338997082725
428,0.6945741772651672,0.007837880830176919,0.5291927456855774,0.0012638153994476685
429,0.6945517659187317,0.00784403427005951,0.5291604995727539,0.0011557508798657361
430,0.6945158839225769,0.007883399426568686,0.5292766094207764,0.0008909843775202998
431,0.6944971680641174,0.007868142267407742,0.5292997658252716,0.0008627038421694899
432,0.6944975554943085,0.007891449474634266,0.5293228030204773,0.0006259649940837981
433,0.6944955885410309,0.007991674680393171,0.5293273329734802,0.00031222385376870296
434,0.6945097148418427,0.008023031935685277,0.5291483104228973,0.00015573260524775345
435,0.6944504082202911,0.008068719119471086,0.5293912887573242,0.00012947511862546645
436,0.69446861743927,0.008105597611918118,0.5291398763656616,0.00038758241890618153
437,0.6944683790206909,0.008078539335174124,0.5291447937488556,0.00033510959251011844
438,0.6944545805454254,0.008101256486521496,0.5291497111320496,0.0005914888720018869
439,0.6944369971752167,0.008138514300605127,0.5291908383369446,0.0009493156158593772
440,0.6944333612918854,0.008146943670307305,0.529195636510849,0.0012030817907434702
441,0.6943941116333008,0.008190144190030972,0.5292545258998871,0.0012769230693345564
442,0.6943094730377197,0.0082622153009846,0.5294573307037354,0.0012994716332878848
443,0.6942097842693329,0.008381364441724899,0.5296052694320679,0.0016014959497169514
444,0.6943022906780243,0.00828012771160173,0.529429703950882,0.00164857397950362
445,0.6943547129631042,0.008236421429695934,0.5292370319366455,0.0018219239674289271
446,0.6944373250007629,0.008147238698246882,0.5289560258388519,0.0018177514294263487
447,0.6944436132907867,0.008192293679305027,0.5288899838924408,0.002115898235792413
448,0.6944193243980408,0.008193178763123756,0.5289486944675446,0.0019854115928026853
449,0.6944134533405304,0.008163718116014641,0.5289893746376038,0.0019307471302840557
450,0.6944092512130737,0.008125828099203347,0.5291360020637512,0.0018763776957050023
451,0.694340705871582,0.008205401349191916,0.5292113721370697,0.0021217145008869164
452,0.6943662166595459,0.008155583774252038,0.5290751159191132,0.0023161800599161815
453,0.6943774819374084,0.008130717133630611,0.5290975570678711,0.002286129356927914
454,0.6943685710430145,0.008117103701561592,0.5291199386119843,0.002355376629031313
455,0.6943283677101135,0.008141843901637488,0.5291421711444855,0.002523289673498715
456,0.6943188011646271,0.008148882425338807,0.5290945470333099,0.0026410479682381525
457,0.6943312287330627,0.008158702641041845,0.5290819406509399,0.002856797685765419
458,0.694313108921051,0.008188374022393514,0.5291562378406525,0.0030961496384587866
459,0.6943100094795227,0.008208520215981722,0.5290221869945526,0.0034325657832727425
460,0.6943161487579346,0.008190734245910124,0.5289060473442078,0.0034004920315559525
461,0.6942940950393677,0.008195201811852279,0.5289284586906433,0.003515047165808562
462,0.6942744553089142,0.008191619329728853,0.528933584690094,0.0035072921456825576
463,0.6942665874958038,0.008208309481739166,0.52895587682724,0.003766916732509665
464,0.6942539811134338,0.00823296538811804,0.5289266109466553,0.003904146871261136
465,0.6942450106143951,0.008239919618122338,0.5289488136768341,0.004113321680420703
466,0.6942164599895477,0.008251467854614322,0.5290050506591797,0.004031936115946167
467,0.6942107081413269,0.008254966043040726,0.5290269553661346,0.004143583117651525
468,0.6941613256931305,0.008316542588715142,0.5290488302707672,0.004447040426929962
469,0.6941138505935669,0.00834937498370513,0.5291214287281036,0.004533357172680273
470,0.6941838264465332,0.008215263711743465,0.5290583670139313,0.004236306184375492
471,0.6941565871238708,0.008228582115872907,0.5291306376457214,0.004370459603185667
472,0.6941244602203369,0.008261035189226296,0.5291183590888977,0.004623172106856988
473,0.6941986083984375,0.008185676624088816,0.5290220677852631,0.004660809242577216
474,0.6942051351070404,0.00817020873068532,0.528959721326828,0.004793150346901424
475,0.6941671073436737,0.00818066114911602,0.5290316045284271,0.004924901395346478
476,0.694131463766098,0.008200807342704229,0.5292034149169922,0.004914406830067266
477,0.6941101253032684,0.008180071093236868,0.5293411612510681,0.004856749941304363
478,0.6940607726573944,0.0081910292738497,0.5294283926486969,0.00491697778782643
479,0.6940184235572815,0.008190144190030972,0.5295650660991669,0.004812622190913457
480,0.6939528584480286,0.00827157190135402,0.5296349227428436,0.005130409428685598
481,0.6939292550086975,0.008320462245626657,0.529539167881012,0.0053533241104597165
482,0.693924754858017,0.00832160021053645,0.5295097529888153,0.005481998438963476
483,0.6939354836940765,0.008294963402277566,0.5294146835803986,0.005516980323227518
484,0.693913459777832,0.008311779994833412,0.5293363928794861,0.005667992481442051
485,0.6939508020877838,0.008260571573892676,0.5291437208652496,0.0055634261502865235
486,0.6939821243286133,0.008222597263384361,0.5290009379386902,0.0056674024255628985
487,0.6939520239830017,0.008257832028739467,0.5289403200149536,0.005747902906218706
488,0.6939227879047394,0.008277430313297033,0.5290102958679199,0.005874090570660323
489,0.6939218640327454,0.00826600851735058,0.5289336740970612,0.005884922310727622
490,0.6939221024513245,0.008258506378315641,0.5289222896099091,0.005941483381429242
491,0.6939126551151276,0.008255345364677326,0.52894327044487,0.005952104387253988
492,0.6939338743686676,0.008223819521991176,0.5287380516529083,0.005916953915595902
493,0.6939279139041901,0.00817830092559941,0.5286948680877686,0.0056995183241282
494,0.6939004957675934,0.008184960127664133,0.5287162363529205,0.005801555844373074
495,0.6939001977443695,0.008179396743660694,0.5286732614040375,0.005766911134897119
496,0.6939089298248291,0.00814951462806647,0.5285183489322662,0.005755110017314069
497,0.6938926577568054,0.008157691116677584,0.5284919440746307,0.0058790217519360975
498,0.6938735544681549,0.0081825156104505,0.5285933315753937,0.005957246302772317
499,0.6938406527042389,0.008186983176392654,0.5287101864814758,0.006057682242773778
500,0.6911710500717163,0.006280976246184494,0.5108921229839325,0.015121657042981115
501,0.6911433339118958,0.00626192587065757,0.5110235512256622,0.014970602737918072
502,0.6911555230617523,0.0062882676509768785,0.5109360218048096,0.0150167535370375
503,0.6911490559577942,0.006315873836751514,0.5110270977020264,0.015258676447490032
504,0.6911363303661346,0.0063340391284597095,0.5110979378223419,0.01530390001594222
505,0.6911334991455078,0.006316885361115776,0.5111881494522095,0.015321053783286154
506,0.6911415159702301,0.006363879097205423,0.5110814273357391,0.0155603214422825
507,0.6911770403385162,0.006368346663147577,0.510896846652031,0.01563220289241783
508,0.6911480724811554,0.006412347972992951,0.510928213596344,0.01578660787193749
509,0.6911372542381287,0.006419976552573423,0.5109204202890396,0.015829913758782434
510,0.6910924911499023,0.006427057223123252,0.5110488682985306,0.015735504818118033
511,0.691064327955246,0.006486189251584037,0.5109244138002396,0.015888497878212577
512,0.6910343170166016,0.006548861615319737,0.5109554082155228,0.015986025685666785
513,0.691019743680954,0.006612292622328632,0.5109862685203552,0.01635609608901669
514,0.690959632396698,0.0066555774357493205,0.5111132711172104,0.016261286753291436
515,0.6909109652042389,0.006677957412308605,0.5112972557544708,0.01630278032565041
516,0.6908892393112183,0.006704636367416001,0.5113270431756973,0.01634410531061534
517,0.6908255219459534,0.006816915571849023,0.5114331543445587,0.016493368374616672
518,0.6907692849636078,0.006844268876532593,0.5116531848907471,0.01637219618514785
519,0.6907213032245636,0.00688515131958816,0.5117009282112122,0.01643996831755337
520,0.6907706558704376,0.006891726227955859,0.5116345137357712,0.01666842530990667
521,0.6906474232673645,0.007028577045070732,0.5118524581193924,0.01681547566436118
522,0.6905622482299805,0.007170527630855424,0.5121637880802155,0.01720219407287289
523,0.6903676688671112,0.0074442714119336804,0.5125490128993988,0.017587079093474373
524,0.6902825832366943,0.007580110704684292,0.5127631723880768,0.017837178492538016
525,0.6902567744255066,0.007526921381863543,0.512995034456253,0.017847378029877653
526,0.6901585757732391,0.007662339206129046,0.5132445394992828,0.018095707261303842
527,0.6901835203170776,0.007651423172364724,0.5132875740528107,0.01836915601444252
528,0.6900154650211334,0.007895748453182376,0.5136468410491943,0.018825648530664017
529,0.6899016499519348,0.008117820197986278,0.5137258768081665,0.019253691924140656
530,0.6899012625217438,0.008149219600126894,0.5139156728982925,0.019732121875012068
531,0.6898831725120544,0.0082451879741862,0.5140490978956223,0.01997299111425183
532,0.6899331510066986,0.008184285778087958,0.5139606148004532,0.020160586736973816
533,0.6898182034492493,0.008334876467817382,0.5142037123441696,0.020451357844850474
534,0.6897006928920746,0.008513284077563996,0.5144640207290649,0.020870529326715574
535,0.6895725429058075,0.00870395642022728,0.5147963613271713,0.021184207246757902
536,0.6895279288291931,0.008778008433060923,0.514889657497406,0.02136718778956795
537,0.6893653571605682,0.00899662413628693,0.515219435095787,0.021729756053882915
538,0.6891968250274658,0.009248030087654412,0.5154931545257568,0.02216780932388089
539,0.6889186501502991,0.009612263152485558,0.5158925950527191,0.022680778617106982
540,0.6887353956699371,0.009894857771751102,0.5161634832620621,0.023268158171379057
541,0.6885237395763397,0.010194353277269516,0.5164692252874374,0.023648533479189875
542,0.6882172524929047,0.010572916270594366,0.5168816596269608,0.02412904969906258
543,0.688219428062439,0.010580544850174838,0.5171124488115311,0.02440401573874765
544,0.6879011988639832,0.011029240199421815,0.5174497812986374,0.024982059766074562
545,0.687675803899765,0.011329199320273849,0.5178034603595734,0.02543094477613984
546,0.6877541542053223,0.011237951393247764,0.5179234445095062,0.025549546007849495
547,0.687802791595459,0.011192517090553019,0.5180251002311707,0.025743210776757054
548,0.6877453923225403,0.01128633597533827,0.5182506591081619,0.0261118903341061
549,0.6877107620239258,0.01131600735668994,0.5184929072856903,0.026303384540315347
550,0.6876121163368225,0.01141176499650669,0.5188048481941223,0.026443944280099177
551,0.6873786151409149,0.011746368826834677,0.5191330015659332,0.02685845853520382
552,0.6873742043972015,0.01174510442137935,0.5194773077964783,0.02689752866377342
553,0.6874595880508423,0.011584651369098376,0.5195213556289673,0.02681222344238737
554,0.6875813603401184,0.011421543065361217,0.5193372964859009,0.02695038081180608
555,0.6876488626003265,0.011330548019426198,0.5192415416240692,0.027013727525117954
556,0.687667042016983,0.011279381745333971,0.5192857980728149,0.02692871733167148
557,0.6876893639564514,0.011248150930587399,0.5192253887653351,0.026844044313013096
558,0.6876876354217529,0.011229690610939628,0.5192695260047913,0.026759792762839817
559,0.6876953840255737,0.011203222390074785,0.5193134546279907,0.026675836240606116
560,0.6877009570598602,0.011184888510972548,0.519443690776825,0.026518965670448567
561,0.6877164244651794,0.011171190785206507,0.5192453861236572,0.02663124487488159
562,0.6877305805683136,0.011155891479197053,0.5192029476165771,0.026572492168057404
563,0.6877371072769165,0.01114404821476549,0.5191435217857361,0.026538353220763578
564,0.6877328753471375,0.011150538829436169,0.5191015005111694,0.0265771283213936
565,0.6877650916576385,0.011109192771046982,0.5189741551876068,0.026494731232554806
566,0.687769740819931,0.011106326785348241,0.5188814401626587,0.026509271895291064
567,0.6877649128437042,0.011103882268134609,0.5189935863018036,0.0265237282643303
568,0.6877783536911011,0.011079732123937867,0.5189352631568909,0.026490052932370094
569,0.6877825856208801,0.011078804893270627,0.5189789831638336,0.026456546187803933
570,0.6878101825714111,0.011043991596400628,0.5189209282398224,0.026423165883783305
571,0.6878032982349396,0.011031979744575024,0.5188969075679779,0.026342159640945367
572,0.6878059804439545,0.011018745634142603,0.5189235806465149,0.026237677603486862
573,0.6877934336662292,0.011010526998682978,0.5190173387527466,0.026133659181361974
574,0.6877986192703247,0.011008925418439565,0.5189093947410583,0.026172434281991997
575,0.687804788351059,0.011005764404801248,0.5187684297561646,0.026211040795227975
576,0.6878237724304199,0.010978916862299808,0.5185946226119995,0.026107781016376286
577,0.6878319680690765,0.010960414395803525,0.5185716152191162,0.025981340470843606
578,0.687809407711029,0.010976303757692133,0.5186152458190918,0.02590244157043121
579,0.6878428757190704,0.010950804914343042,0.5185258984565735,0.025730060960021655
580,0.6878759264945984,0.01090263106649509,0.5183044075965881,0.02551148740364416
581,0.6878639161586761,0.010905286317951277,0.5183483362197876,0.025480888791625248
582,0.6878836750984192,0.010877258663691531,0.5181941092014313,0.02535710349754875
583,0.6878975629806519,0.010836039045847878,0.5182874500751495,0.025350275708089988
584,0.6879107654094696,0.010825881655356752,0.5181997418403625,0.02550600831333774
585,0.6878654360771179,0.010859978455802066,0.5184402167797089,0.025429343195896424
586,0.6878667175769806,0.010830433514995928,0.5184833705425262,0.025352973106394686
587,0.6878783702850342,0.010813954097228169,0.5184284150600433,0.025507736334126688
588,0.6878836750984192,0.010831824360996788,0.5183574259281158,0.025684921685266485
589,0.6878819465637207,0.010831740067299766,0.5183192491531372,0.025677461693080057
590,0.6878424286842346,0.010875488496054074,0.5184920728206635,0.025784725422540282
591,0.687815248966217,0.010939298824699567,0.518421396613121,0.026143374029943735
592,0.6877898275852203,0.010972131219689554,0.5185610055923462,0.026294913023764657
593,0.6877913475036621,0.010940900404942982,0.5184904634952545,0.02628627291981992
594,0.6877793371677399,0.010985028155333887,0.5184041112661362,0.026800864866713684
595,0.6877733767032623,0.010984606686848778,0.5185107737779617,0.026859322545598294
596,0.68777796626091,0.010967747947444421,0.5184247642755508,0.026781603756944203
597,0.6877718865871429,0.010963280381502266,0.5184670090675354,0.026749424638106138
598,0.6877897083759308,0.010930321545966747,0.5184292644262314,0.026785017651673588
599,0.6877676546573639,0.0109460001736128,0.5183280408382416,0.02668540357521809
600,0.6832982897758484,0.01379289334997816,0.5345116555690765,0.047904065870633644
601,0.6832928359508514,0.01378829934349047,0.5346028208732605,0.04792273692452397
602,0.6832422018051147,0.013836388897641402,0.5348126292228699,0.04810978463821532
603,0.6832364499568939,0.013824629926906862,0.5349026024341583,0.04818383665104896
604,0.6831850111484528,0.013906479106715018,0.5350118577480316,0.04845298642563953
605,0.6831557750701904,0.013937119865582439,0.5351796448230743,0.048581534313597755
606,0.683185487985611,0.013883972689610202,0.535169780254364,0.048403801053427314
607,0.6831895411014557,0.013885658563550637,0.5352383255958557,0.04850411055288324
608,0.6831786632537842,0.013907701365321835,0.5352283120155334,0.048659210955403334
609,0.6832231879234314,0.013835630254368205,0.5351794064044952,0.04837231735758968
610,0.6832316517829895,0.013768195296750775,0.5353252589702606,0.048031770821621654
611,0.6832204461097717,0.013761704682080097,0.5352374911308289,0.04780270269996494
612,0.6832109093666077,0.01378488544876109,0.5351695418357849,0.047875869628979856
613,0.6832660138607025,0.01378113437924362,0.5350053906440735,0.04803063285671186
614,0.6831865012645721,0.01385944322377686,0.5352658033370972,0.048075645690921494
615,0.6832121312618256,0.013829771842425191,0.5354095995426178,0.04806607835630952
616,0.6831707954406738,0.013883677661670625,0.5354569256305695,0.048192097433357096
617,0.6832275688648224,0.01386593383844754,0.5354466140270233,0.04834458473126951
618,0.6832484304904938,0.013896448156769426,0.5354936122894287,0.04846929725601325
619,0.6832787096500397,0.013867198243902866,0.5354452133178711,0.04851270850997946
620,0.6832693815231323,0.013866650334872223,0.535491943359375,0.048367976232193056
621,0.6832169592380524,0.013944495564071844,0.5356141924858093,0.04859885666833574
622,0.6831532716751099,0.014033467561278342,0.5357169806957245,0.04880187803761271
623,0.6831706464290619,0.014008474480111383,0.5358381271362305,0.04876415660819546
624,0.6831299066543579,0.014068533739239405,0.5359022617340088,0.048806303456706356
625,0.6831090748310089,0.014110975615689877,0.5358911156654358,0.048848281717823204
626,0.6830682754516602,0.014143470835891776,0.5359735190868378,0.04870485599234063
627,0.6830758154392242,0.014134072088673847,0.5360555350780487,0.0488788381829936
628,0.6830090880393982,0.014207618339325356,0.5362675189971924,0.048867669268138215
629,0.6830941140651703,0.01410928974174944,0.5360698103904724,0.04880402752688676
630,0.6829656660556793,0.014288582435314784,0.5363363325595856,0.048924103898294304
631,0.6829967200756073,0.014243738188499193,0.5363982617855072,0.048808368652283385
632,0.6829955577850342,0.014245634796682182,0.5363307893276215,0.048771363719290826
633,0.68293496966362,0.014324828725034152,0.5365211963653564,0.04883867223636272
634,0.6829209625720978,0.01437658505500553,0.5364353954792023,0.048775831285232975
635,0.6828628480434418,0.014483975225011289,0.536496490240097,0.04907583255293352
636,0.6828167736530304,0.014526037779825161,0.5365755558013916,0.04909028892197276
637,0.6828236281871796,0.014513646606362958,0.5366360545158386,0.049027321530297485
638,0.6827692091464996,0.014599204708840073,0.5366780459880829,0.04909319705452001
639,0.6827256977558136,0.014655260017359562,0.5367924571037292,0.04915881969765147
640,0.6826812922954559,0.014739890889169436,0.5368882119655609,0.049352062998073924
641,0.6826165914535522,0.0148271770124355,0.5371280014514923,0.04939125956718905
642,0.6826083958148956,0.014829157914315511,0.5372045338153839,0.04940474655871254
643,0.6825381219387054,0.014924494085647153,0.5373705625534058,0.049646964497104644
644,0.6825137138366699,0.014988852323323289,0.5373385846614838,0.04986271421463191
645,0.6824580729007721,0.015049838813118551,0.5375393629074097,0.04984969083844205
646,0.6824001371860504,0.015146523683602543,0.5375785529613495,0.05001351563860389
647,0.6823616027832031,0.015170842415193328,0.5377956628799438,0.04997503556591345
648,0.6823557615280151,0.015209701809520373,0.5377096831798553,0.05001216693945154
649,0.6822023689746857,0.015411964535524153,0.5379964709281921,0.05022462920279496
650,0.6820951402187347,0.015580383342173687,0.5381580889225006,0.05041112900745567
651,0.682061105966568,0.015642170622090657,0.5383013188838959,0.05072158269358691
652,0.6820762753486633,0.015637408028208927,0.5384086966514587,0.05083137523395779
653,0.6819691061973572,0.015783573298844705,0.5385682880878448,0.05101526193401082
654,0.6818676590919495,0.015941455393366517,0.5386044979095459,0.051371866419261496
655,0.6817371249198914,0.01614628907712946,0.5387279689311981,0.05180104777764793
656,0.6816491484642029,0.016292791522553328,0.5388334393501282,0.051956864676592704
657,0.6815685629844666,0.01640001310516504,0.5391125679016113,0.05216119259817352
658,0.6816091537475586,0.01635424162768221,0.5392167270183563,0.0522663489852082
659,0.6815524101257324,0.01645935586786838,0.5392857193946838,0.05261620997469713
660,0.6814798712730408,0.016558991017748135,0.5393544137477875,0.05281771405742772
661,0.6813778579235077,0.01666768774005773,0.539543628692627,0.05294512398047615
662,0.6813431978225708,0.016695631100620452,0.539732038974762,0.052974542480736755
663,0.6812168955802917,0.01686286979551168,0.539971113204956,0.05312534390470873
664,0.6811909377574921,0.016903457210627672,0.5400720238685608,0.05327547097910454
665,0.6811938881874084,0.016858486523266547,0.5401724576950073,0.05323138537556214
666,0.6811470687389374,0.01694442394738026,0.5402553975582123,0.05335651936879098
667,0.6810593605041504,0.01705430078144816,0.5403890609741211,0.053505171303488905
668,0.6809574961662292,0.017181247089162972,0.5405391752719879,0.053725304293261306
669,0.6808840930461884,0.01729474855220281,0.5406207740306854,0.053992431019123356
670,0.6809395551681519,0.017223646818764933,0.5407358705997467,0.05411482546719899
671,0.6809824109077454,0.017136908604529513,0.5408842265605927,0.0540456203419441
672,0.6808289885520935,0.017326906597616622,0.5412847101688385,0.0541434853241864
673,0.6807472109794617,0.017472734693464317,0.5413639843463898,0.05445503482837893
674,0.6806292533874512,0.017658855176488426,0.5415603816509247,0.05459909275658916
675,0.6805560290813446,0.01777319957649848,0.5416387617588043,0.05471887410005712
676,0.6804846525192261,0.017911061917977616,0.5416666567325592,0.055098027149261125
677,0.6803317070007324,0.018116485657619714,0.5418111383914948,0.05535765173608823
678,0.6803027987480164,0.018175912714020075,0.5418052971363068,0.055498590797508664
679,0.6801583170890808,0.01839263180906309,0.5419986844062805,0.0557328008346837
680,0.6800548136234283,0.018538670639153338,0.5421746671199799,0.055989432995266535
681,0.6800501346588135,0.01856231502116795,0.5422011315822601,0.05617487912871447
682,0.6799510717391968,0.018742534945400534,0.5422439873218536,0.05661615663262353
683,0.6798456013202667,0.018874665315482184,0.5424841940402985,0.05672961594881486
684,0.6797167956829071,0.01902723690709162,0.5428055226802826,0.05681938873614306
685,0.6794971525669098,0.019354465038930204,0.5430107414722443,0.057163812782174084
686,0.6793481409549713,0.019552133758446295,0.5431660711765289,0.057298598403711924
687,0.6792172491550446,0.019734545318801446,0.5433370471000671,0.05750204124147401
688,0.6790843307971954,0.019898496559508823,0.5435235798358917,0.05768162896297893
689,0.6789952516555786,0.020028688174558974,0.5437093675136566,0.05795238031781291
690,0.6787599623203278,0.02038293243629304,0.5438295006752014,0.05840558537985056
691,0.6786634922027588,0.020515652862253844,0.5440138578414917,0.05867372363007686
692,0.6785624921321869,0.020644074309666537,0.5442782342433929,0.05882659024962588
693,0.6785168349742889,0.02071294226013334,0.544428676366806,0.0590471868547319
694,0.6784189343452454,0.020856030810827826,0.5445945858955383,0.05924405478412628
695,0.6783316433429718,0.02098276638430008,0.5447277128696442,0.059349379758555004
696,0.6782928705215454,0.02106128596307588,0.5447000861167908,0.059635514713095465
697,0.6780637800693512,0.021385437374973164,0.5449123680591583,0.06003350740358384
698,0.6779110133647919,0.02160679262335238,0.5450759530067444,0.0603622106751203
699,0.6778148710727692,0.021750850551562617,0.5452069938182831,0.06055444245117849
700,0.6052578091621399,0.12379338627140986,0.6474625170230865,0.19037491235334322
701,0.6051865816116333,0.12387565691970313,0.6476042568683624,0.19039657583347783
702,0.6052563488483429,0.12377100629485058,0.647606372833252,0.19039004307195864
703,0.6054984927177429,0.12340563526510964,0.6474699079990387,0.19001953012669937
704,0.6058506667613983,0.12289957805503933,0.6471563875675201,0.18967889929703433
705,0.6062626540660858,0.12229493936630205,0.6469232738018036,0.1890613636726527
706,0.6065883040428162,0.12185581135166704,0.6464555263519287,0.1888915540200023
707,0.6070835590362549,0.12117454969233696,0.6459117233753204,0.1882791181642905
708,0.60735023021698,0.12078688297973375,0.6456443667411804,0.18772501354691778
709,0.6076628267765045,0.12037843787081468,0.6450662910938263,0.1872840310709483
710,0.6078808903694153,0.12003582613926962,0.6448996067047119,0.18670767291756182
711,0.6080837845802307,0.11973894373835887,0.6445591449737549,0.18621649354501585
712,0.6083208620548248,0.11944260924647879,0.6440848708152771,0.18575515414121563
713,0.6085318624973297,0.1191513745232685,0.6436708569526672,0.18515953487805967
714,0.6087455451488495,0.11886427019121229,0.6432973742485046,0.18478476510110078
715,0.6089727580547333,0.11853012997621792,0.6429449915885925,0.18411294433583714
716,0.6091950833797455,0.11825271941931922,0.6424409747123718,0.18393230294311944
717,0.6094283163547516,0.11793703952397262,0.6421114802360535,0.18329293525120918
718,0.6096438467502594,0.11761326743371193,0.6418789923191071,0.18262967029619326
719,0.6098870635032654,0.1172676211290741,0.6414003074169159,0.1819427609591627
720,0.6101021766662598,0.11695025535978706,0.6411516666412354,0.1813128763081674
721,0.6103098690509796,0.11667642728501179,0.640828549861908,0.18095378515885457
722,0.6105351150035858,0.11634194989522934,0.6404880583286285,0.18024921629229795
723,0.6107431650161743,0.11603710173995004,0.6400550305843353,0.17978779259480068
724,0.6109538972377777,0.11573857561194738,0.6396804451942444,0.17930205016571263
725,0.6111794114112854,0.11543667773606384,0.6391576826572418,0.17860650072473735
726,0.6113678812980652,0.11512959579781347,0.638824462890625,0.17796717517967559
727,0.6115690469741821,0.1148484763182458,0.6383995115756989,0.17741012028290712
728,0.6117603480815887,0.11460136934542643,0.6382186412811279,0.177303278021932
729,0.6119461357593536,0.11433070228428947,0.6381129324436188,0.17709191157664986
730,0.6121320426464081,0.11406180539078996,0.6377482712268829,0.17667187608439028
731,0.6123073697090149,0.11378216105092018,0.6374963223934174,0.17630612573301274
732,0.6125014424324036,0.11353079724640121,0.637153297662735,0.17612464140332484
733,0.6126952469348907,0.11323598004106751,0.6367934942245483,0.17555376234024478
734,0.6129024028778076,0.1129659451826582,0.6363803148269653,0.17506342590466903
735,0.6130979359149933,0.1127356969492432,0.635987401008606,0.1749120344248179
736,0.613277018070221,0.11247603021556758,0.6358520984649658,0.17455471344314255
737,0.6134642064571381,0.11220565818237019,0.6355169415473938,0.17412169672154162
738,0.6136216819286346,0.11193608693929451,0.6353287696838379,0.17374212220385252
739,0.6137913465499878,0.11167372280731419,0.6350871026515961,0.17313339527080968
740,0.6139779984951019,0.11139256118089802,0.6347560286521912,0.17250190903957094
741,0.6141659021377563,0.11113736201316456,0.6344625651836395,0.1721797806764022
742,0.6143437325954437,0.1108744078253051,0.6341705024242401,0.1717063029802308
743,0.614546000957489,0.11059223467452466,0.6338618099689484,0.1712095602236814
744,0.614761620759964,0.11031393903380722,0.6334110498428345,0.17066430644449596
745,0.6149733662605286,0.11007576719287217,0.6329802572727203,0.17014695387902473
746,0.6151643097400665,0.10983177908684259,0.632676362991333,0.16980864112602778
747,0.6153474152088165,0.10959019335117814,0.632195770740509,0.16947188780642575
748,0.6155183613300323,0.10932045352070843,0.631841778755188,0.16896073082768562
749,0.6156999468803406,0.10907284078570692,0.6316134631633759,0.16867754615254094
750,0.6159054040908813,0.10884600644702129,0.631191611289978,0.16822054787413732
751,0.616075187921524,0.10860918330523858,0.6309834718704224,0.16796530655955533
752,0.6162503361701965,0.10835769306017408,0.6307762861251831,0.1674123399070924
753,0.6164300441741943,0.10808660453055201,0.6303767263889313,0.16703584210934458
754,0.6166179478168488,0.10784253213082542,0.630014032125473,0.16680976641393214
755,0.6167997121810913,0.10757477320223571,0.6298103928565979,0.16626307964189735
756,0.6169797778129578,0.10733453616572361,0.6293458640575409,0.16584232765321308
757,0.6171543300151825,0.10711027278479715,0.6289356350898743,0.16574357758715205
758,0.6173295378684998,0.10687260670604422,0.6286140978336334,0.16532577587786357
759,0.6175057590007782,0.10662288662861717,0.6283113658428192,0.16488534131092472
760,0.6176683604717255,0.10640077273696476,0.6282002329826355,0.16471595312675943
761,0.6178337037563324,0.10616517185378886,0.6279860436916351,0.16420559693814102
762,0.6179984509944916,0.10592147877569887,0.627824455499649,0.163721835410933
763,0.6181833446025848,0.1056771113480327,0.6274230182170868,0.1633373718588166
764,0.6183452308177948,0.105430636577941,0.6272976696491241,0.16271216550800602
765,0.6185001730918884,0.10520527737895324,0.6271215379238129,0.1624526252148759
766,0.6186763644218445,0.10498670382257574,0.6266901195049286,0.1621217724540654
767,0.6188536584377289,0.10476218756055822,0.6263968348503113,0.16188874252864868
768,0.6190312504768372,0.10453640689308535,0.6259178519248962,0.1616807056843989
769,0.6191931962966919,0.10431673751864658,0.6256445050239563,0.16142563295721096
770,0.6193531453609467,0.10409407571796353,0.6254061758518219,0.16102814602890472
771,0.6195235550403595,0.10386091935200126,0.6251181960105896,0.16060840556458472
772,0.6196855902671814,0.10365688645836002,0.6247304081916809,0.16052411186756294
773,0.6198481917381287,0.10342828195203693,0.6243778765201569,0.15996461245358082
774,0.6200006902217865,0.10319322897789168,0.6242449581623077,0.1595261166416735
775,0.6201587915420532,0.10298413846242913,0.6240624189376831,0.159255323139991
776,0.620316356420517,0.10275481745968136,0.6237636804580688,0.1587257058416031
777,0.6204679608345032,0.1025383090988809,0.6235329508781433,0.15838701376696956
778,0.6206399500370026,0.10231851328389659,0.6231201887130737,0.15807327262665447
779,0.6207904517650604,0.10209134177042287,0.6229913532733917,0.15764350121238888
780,0.7000528573989868,0.0082904536894869,0.4375,0.06629126073623882
781,0.6965765655040741,0.003061842103770919,0.46484375,0.005524271728019903
782,0.6961929798126221,0.0019341188781649271,0.4661458283662796,0.025779941755234296
783,0.695020318031311,0.0023885461988093866,0.48828125,0.0
784,0.6932297646999359,0.0017975209421411196,0.4984374940395355,0.0022097171205776632
785,0.6930175125598907,0.0012903257671610208,0.5039062350988388,0.01288996034090502
786,0.6936157941818237,0.0009290008348771262,0.5000000149011612,0.01262692185934853
787,0.6941075623035431,0.001254500945926761,0.498046875,0.016572815184059706
788,0.6934953927993774,0.0007891575915179799,0.501736119389534,0.017186620812348112
789,0.6930923759937286,0.001163379459446208,0.5062499940395355,0.008838826335462142
790,0.6936846077442169,0.0015956375377739372,0.5014204531908035,0.004017669407725229
791,0.6937343180179596,0.0017343006693747785,0.501953125,0.000920740052568991
792,0.6934174597263336,0.0011369955322783883,0.5042067170143127,0.005949196254706736
793,0.6931098699569702,0.00165375804187046,0.5022321343421936,0.003156714659768941
794,0.6930103302001953,0.0017950342780789768,0.5026041567325592,0.0022097171205776632
795,0.6930904686450958,0.0013157824636616008,0.50390625,0.0027621358640099515
796,0.6927299201488495,0.0017765318115826943,0.5087316334247589,0.0032495641670384407
797,0.6921988725662231,0.002325915981922198,0.5086805522441864,0.007365709686309374
798,0.6921859979629517,0.0025583137046112678,0.508223682641983,0.00930404324932539
799,0.6924811005592346,0.002036704307440443,0.5082031190395355,0.007181527958316767
800,0.6945637166500092,0.0022514425006034482,0.5131662786006927,0.018732799023394517
801,0.6945939660072327,0.0022892482237177204,0.5129934698343277,0.018825796044633802
802,0.6945672035217285,0.002284106308199391,0.5132184624671936,0.019086706110340492
803,0.6945619583129883,0.0022600826045481815,0.513145387172699,0.01875838216044063
804,0.6945936381816864,0.0023117124939740267,0.5129936784505844,0.019157786770354117
805,0.6945961713790894,0.0023170651437349104,0.5130397081375122,0.019332337943461984
806,0.6946329176425934,0.0023528478181206593,0.5127122104167938,0.01942265863982083
807,0.694626122713089,0.0023488017206636136,0.5127979069948196,0.01948480416795014
808,0.6946261823177338,0.0023544493983640733,0.5127072185277939,0.019463688596846183
809,0.6946140229701996,0.002348295958481483,0.5128705054521561,0.019415093280513124
810,0.6946179568767548,0.0023395294139912167,0.5127217620611191,0.019421794629426357
811,0.6946125030517578,0.002335946931867791,0.5127677619457245,0.01926376502093476
812,0.6946178674697876,0.002328276205438808,0.5125813037157059,0.01921607586184468
813,0.6946056485176086,0.0023249044575579365,0.5126467347145081,0.019195866447983708
814,0.6945875287055969,0.002323134289920479,0.5127696543931961,0.01914855661053023
815,0.6945757567882538,0.002322333499798772,0.5128343254327774,0.019237317873494173
816,0.6945744156837463,0.0023037467396054678,0.5128028094768524,0.019190092329737715
817,0.6945745944976807,0.002297761887116921,0.5127523690462112,0.01911610353717684
818,0.6945744156837463,0.002286972293898132,0.5127021670341492,0.019042451919404055
819,0.6945688724517822,0.0022989419988752257,0.5126902461051941,0.019130623126488843
820,0.6945561468601227,0.002303198830574826,0.5128112733364105,0.019137830237584207
821,0.6945364475250244,0.0023034938585144026,0.5129695385694504,0.019091447630797967
822,0.6945393979549408,0.0023094365641544387,0.5127682089805603,0.019285723529008935
823,0.6945505142211914,0.0023041682080905766,0.5126997232437134,0.01929246702477068
824,0.6945434212684631,0.002291439859840287,0.5128383487462997,0.019219489756574063
825,0.6945300400257111,0.002284485629835989,0.5129575580358505,0.018961213868899308
826,0.6945548057556152,0.002255530744909005,0.5127020329236984,0.018968716007934244
827,0.6945436596870422,0.0022589024927898763,0.5127463489770889,0.018976176000120675
828,0.6945562958717346,0.0022228247904645514,0.512548416852951,0.018641340362125877
829,0.6945556402206421,0.002226618006830532,0.5125928670167923,0.01880716713759199
830,0.6945652067661285,0.0022132574558525785,0.5123777091503143,0.018710124018895654
831,0.6945565938949585,0.002223752021131791,0.5122374892234802,0.01882269825126825
832,0.6945393979549408,0.002235932460351439,0.5124483555555344,0.018804343298741758
833,0.6945292353630066,0.002242128047082541,0.5125846415758133,0.018786093713336543
834,0.6945361495018005,0.0022242577833139214,0.5125183463096619,0.01874194488952138
835,0.6945511698722839,0.002201414191421017,0.5123425275087357,0.018749847423617173
836,0.6945515275001526,0.0021830381654702673,0.5122953802347183,0.018628464499905798
837,0.6945458650588989,0.0021741873272829795,0.5123213827610016,0.018559238301226653
838,0.6945448517799377,0.00217326009661574,0.5121654123067856,0.01859318758770218
839,0.6945444643497467,0.002170857726250619,0.5120827108621597,0.018678282074845676
840,0.6945560276508331,0.0021582136716973505,0.5118013471364975,0.018737414103306458
841,0.6945459842681885,0.002151259441693053,0.5119365751743317,0.018566403265473506
842,0.6945513784885406,0.002141354932292993,0.5116928666830063,0.018472647600961022
843,0.6945553719997406,0.002136634485259773,0.5116120129823685,0.018557236325922388
844,0.6945427656173706,0.002133052003136347,0.511657103896141,0.018514625862077874
845,0.6945417821407318,0.002126687829011202,0.5117019563913345,0.01842160776741433
846,0.694545716047287,0.0021089861526366266,0.5116395205259323,0.018278519216719843
847,0.6945490837097168,0.0020953727205676076,0.5115417391061783,0.018136105015601534
848,0.6945499777793884,0.0020859318265011675,0.5114977359771729,0.018019463612347634
849,0.6945423781871796,0.0020894300149275715,0.5114361792802811,0.01807886959532374
850,0.6945377886295319,0.002091284476262051,0.5114633291959763,0.018112966395769054
851,0.6945313215255737,0.002088460637411821,0.511508047580719,0.01807206287928923
852,0.6945234835147858,0.0020930546438995084,0.5115877687931061,0.0182305771765387
853,0.6945358514785767,0.0020846674210458407,0.5114211440086365,0.0181895682929376
854,0.6945334374904633,0.0020724026881291705,0.5114656388759613,0.018148727996730545
855,0.6945288479328156,0.0020735827998874753,0.5114399790763855,0.018009179781310978
856,0.6945193111896515,0.0020632146751537956,0.5116238594055176,0.017771471555709534
857,0.6945237219333649,0.0020513292638737234,0.5115108639001846,0.017707218685154676
858,0.6945217251777649,0.0020528886972686266,0.5115199983119965,0.01781526213131235
859,0.6945048272609711,0.002065743486064449,0.5116851627826691,0.017996409286212177
860,0.6944881975650787,0.002068272296975103,0.5118495672941208,0.01802993710420259
861,0.6944759786128998,0.0020751000864338677,0.511909693479538,0.018063338481647474
862,0.6944782733917236,0.0020679772690355264,0.5118317902088165,0.0179504692213353
863,0.694475919008255,0.0020421412508983485,0.5119604021310806,0.017497833141752555
864,0.6944795548915863,0.0020266312106463394,0.5118827223777771,0.017338201953017544
865,0.6944838762283325,0.0020110790235458196,0.5118566900491714,0.017155010675964942
866,0.6944854557514191,0.0020064850170581324,0.5118990838527679,0.017117563201063012
867,0.6944833695888519,0.002020730651854814,0.5118390619754791,0.017224784783674726
868,0.6944763362407684,0.002027305560222514,0.511813297867775,0.017331521677528567
869,0.6944723725318909,0.0020158837642760617,0.5118724554777145,0.017125971497340936
870,0.6944916844367981,0.0019934616408682658,0.511643648147583,0.016897430211290615
871,0.6944995522499084,0.0019766029014639083,0.5114496052265167,0.01686088889363167
872,0.6944827139377594,0.0019975498851738226,0.5115765631198883,0.017039001475438707
873,0.6944926381111145,0.0019679206506706642,0.5115180313587189,0.016764541197935766
874,0.6944965422153473,0.0019689743218834366,0.5113758444786072,0.01684719116786563
875,0.6945092082023621,0.0019427168352611495,0.5112844854593277,0.016479565281729353
876,0.6945081055164337,0.0019355097241657866,0.5112603455781937,0.016444330516374246
877,0.6945087611675262,0.0019229499633095402,0.5112196654081345,0.016432824426730774
878,0.6945149898529053,0.00192341357864316,0.5111125856637955,0.016562510279598795
879,0.694508969783783,0.001913466922394589,0.5111719965934753,0.016503862939895884
880,0.694508284330368,0.0019049111121468775,0.5111317187547684,0.016492293629979643
881,0.6945053935050964,0.0018998956371740813,0.5111081898212433,0.01650415796783546
882,0.6945033669471741,0.0018965238892932096,0.511051744222641,0.016422645962815393
883,0.6945087909698486,0.0018837112473458978,0.5109955370426178,0.016434615667792488
884,0.6945034563541412,0.0018920984701995657,0.5110381096601486,0.016678793434640352
885,0.6944983005523682,0.001890033274622532,0.5110968947410583,0.016620609710271062
886,0.6944993138313293,0.0018882631069850745,0.511024609208107,0.016701510585987723
887,0.6944974362850189,0.0018849335059527138,0.5111158341169357,0.016735860267524102
888,0.6944905817508698,0.0018904968899561517,0.5111089199781418,0.01672397485624403
889,0.6944903433322906,0.0018755769055832953,0.5111508518457413,0.01659723928277177
890,0.6944871246814728,0.0018748182623100993,0.5111439079046249,0.01663158896430815
891,0.6944858431816101,0.0018639022285457778,0.5110560655593872,0.016414005858870657
892,0.6944872140884399,0.0018591817815125575,0.5109847486019135,0.016402921237712295
893,0.6944893002510071,0.001854208453388272,0.5109782069921494,0.01630065190980061
894,0.6944853365421295,0.0018495301532035627,0.5109555870294571,0.016358098064320956
895,0.694478452205658,0.0018608676554529933,0.5109972953796387,0.01646070456702073
896,0.6944805383682251,0.0018590131941185139,0.5108786076307297,0.016562889601235392
897,0.6944840848445892,0.001856610823753393,0.5108403563499451,0.016596838887710918
898,0.6944843530654907,0.0018555571525406206,0.5107065439224243,0.01672091920972699
899,0.6944831907749176,0.0018524804325993254,0.5106846988201141,0.016551699612955748
900,0.6929104030132294,6.671846119274526e-05,0.5255545973777771,0.0011566781105329757
901,0.6929024159908295,6.0649315007176514e-05,0.5256088674068451,0.0010974617883751697
902,0.6929080486297607,6.07757555527092e-05,0.5254842936992645,0.0010666102952651953
903,0.6929187476634979,4.277905123855744e-05,0.5254592895507812,0.000783931382302629
904,0.6929170787334442,6.0649315007176514e-05,0.5253752171993256,0.0009774275638161434
905,0.6929184794425964,4.433848463346052e-05,0.5253900289535522,0.0005849982573312092
906,0.692922830581665,5.4622315670118666e-05,0.5251689553260803,0.0007502139034939138
907,0.6929287612438202,5.36529381543681e-05,0.5249490439891815,0.0007483172953109236
908,0.6929251253604889,4.985972178838764e-05,0.5250821113586426,0.0006359116503323692
909,0.6929284334182739,4.703588293815774e-05,0.524960994720459,0.0006618741090150799
910,0.692928284406662,3.949159705470771e-05,0.5249766409397125,0.000660230381923155
911,0.6929231584072113,4.724661718071221e-05,0.5248952209949493,0.0007408994499730062
912,0.6929288804531097,5.0534071364561946e-05,0.5247948467731476,0.0009033334041339918
913,0.6929302215576172,4.973328124285496e-05,0.524810791015625,0.0008464773054927958
914,0.6929316222667694,4.5307862149211084e-05,0.5247110724449158,0.000789916234791176
915,0.6929281651973724,4.926966590923512e-05,0.5247463881969452,0.0008151621970492014
916,0.6929254829883575,4.100888360109989e-05,0.5248581767082214,0.0006234361831731445
917,0.6929223835468292,3.5276912203618305e-05,0.524912029504776,0.0004055791232203333
918,0.6929320096969604,2.528810910653642e-05,0.5246986448764801,0.0004045675988560718
919,0.6929347217082977,1.985116564863109e-05,0.5245053172111511,0.0002690654808935475
920,0.6929216980934143,2.5035228015471054e-05,0.5246356129646301,0.0003220862163202522
921,0.6929289400577545,2.1958508074175792e-05,0.5245569348335266,0.0002945221773941275
922,0.6929250359535217,2.318076668099172e-05,0.5244786739349365,0.00021368452195023275
923,0.6929219365119934,3.430753468786774e-05,0.5244196653366089,0.00026645237628587207
924,0.6929264962673187,1.3107669886888045e-05,0.5243608951568604,5.318932282074827e-05
925,0.6929227709770203,1.3234110432420726e-05,0.5243399143218994,0.0
926,0.692927896976471,2.5288109106536417e-07,0.5240384638309479,0.0001851511055083575
927,0.6929301023483276,4.467565942154767e-06,0.5238690674304962,2.6426074016330558e-05
928,0.6929228007793427,3.793216365980463e-07,0.5239797532558441,0.00010532497442872419
929,0.6929240524768829,3.919656911513145e-06,0.523997038602829,0.00015758706658223278
930,0.692921906709671,5.0997686698181775e-06,0.5240142345428467,0.0002620691040407391
931,0.6929165422916412,6.279880428123211e-06,0.5241053104400635,0.0003660032324686038
932,0.6929240822792053,5.731971397481588e-06,0.5239561796188354,0.0004433848463346052
933,0.6929267942905426,1.6057949282650627e-05,0.5238997638225555,0.0005984431020061844
934,0.6929211914539337,2.592031183419983e-05,0.523953765630722,0.0008566346959839212
935,0.6929182410240173,2.663680825888503e-05,0.5240807235240936,0.0008546116472553983
936,0.6929163038730621,2.6004605531221618e-05,0.5241157710552216,0.00067177861841514
937,0.6929169297218323,2.6721101955906815e-05,0.5240595042705536,0.0007217647807490603
938,0.6929246485233307,2.946064710911493e-05,0.5239125788211823,0.0007457884844002699
939,0.6929266154766083,1.6057949282650627e-05,0.5237844586372375,0.0005388053113632693
940,0.6929265856742859,1.3318404129442515e-05,0.5237836837768555,0.0006143324638947914
941,0.6929221749305725,1.955613770905483e-05,0.5238912105560303,0.0006895224416382263
942,0.6929291188716888,2.5330255955047314e-05,0.5237460136413574,0.0007643752445935742
943,0.6929332911968231,2.811194795676632e-05,0.5236015319824219,0.0007880617734566966
944,0.692939966917038,1.2601907704757316e-05,0.5233680009841919,0.0006848019946050062
945,0.6929412186145782,1.4751396978812912e-06,0.5233144760131836,0.0004301507359021845
946,0.6929270029067993,6.6592020647212574e-06,0.5234932899475098,0.0005554111696765616
947,0.692924827337265,4.088244305556721e-06,0.5235466063022614,0.0005037812802507163
948,0.6929215788841248,5.3947966093944364e-06,0.5235641300678253,0.00045236212506742564
949,0.6929194927215576,1.5847215040096155e-05,0.5235460996627808,0.0005516179533105811
950,0.69291552901268,1.9935459345652875e-05,0.5236166417598724,0.0006754875410840986
951,0.692920446395874,1.2391173462202845e-05,0.5235456228256226,0.0005990753047338478
952,0.6929232180118561,1.20118518256048e-05,0.523474931716919,0.0006724108211428034
953,0.6929245293140411,1.7322354737977448e-05,0.523457258939743,0.0007703179502336102
954,0.692907840013504,1.816529170819533e-05,0.5237727761268616,0.0007933722763690692
955,0.6929116547107697,2.027263413374003e-05,0.523684561252594,0.0007916021087316117
956,0.6929123103618622,1.2222586068159268e-06,0.523579329252243,0.0004689679833807179
957,0.6929113864898682,7.83931382302629e-06,0.5234745144844055,0.0005910674035167779
958,0.6929155588150024,1.9218962920967678e-05,0.5234222710132599,0.0008846202033951548
959,0.6929091513156891,2.2885738741415458e-05,0.523404985666275,0.0010788328813333544
960,0.6929021775722504,2.4740200075894797e-05,0.5235261619091034,0.0010274980198470855
961,0.6929056346416473,1.0747446370277979e-05,0.5234741568565369,0.0008787617914521405
962,0.6929029226303101,2.3686528863122447e-05,0.5234224498271942,0.001022946160207909
963,0.692913681268692,1.5046424918389169e-05,0.5232849717140198,0.0010936264251606783
964,0.6929156184196472,9.862362551549203e-06,0.5232681930065155,0.0009942020095234792
965,0.6929203867912292,1.9050375526924104e-05,0.5231316685676575,0.0012097831396567023
966,0.6929196417331696,9.820215703038309e-06,0.5231152474880219,0.0010140110283235995
967,0.6929124593734741,1.0958180612832449e-05,0.5232011377811432,0.001011819392201033
968,0.6929120123386383,8.640103944733277e-06,0.5231336653232574,0.0010816988670320953
969,0.6929066181182861,2.621533977377609e-05,0.5231512784957886,0.0012232701311801883
970,0.6929091215133667,1.9640431406076618e-05,0.522982656955719,0.0011488387967099494
971,0.6929076611995697,1.0410271582190825e-05,0.5228654444217682,0.001098557606436453
972,0.6929130256175995,1.4709250130302017e-05,0.5228835344314575,0.001143865468585664
973,0.6929138898849487,9.609481460483839e-06,0.5228342711925507,0.000998753869162656
974,0.6929267346858978,2.4655906378873008e-05,0.5227349102497101,0.0010677904070235003
975,0.6929270923137665,1.3613432069018772e-05,0.5227364003658295,0.0009470818328882998
976,0.6929276585578918,2.132630534651238e-05,0.5228381454944611,0.0009214565489936762
977,0.6929306983947754,4.4675659421547675e-05,0.5228227376937866,0.0011552451176836053
978,0.6929272413253784,4.45070720275041e-05,0.522790789604187,0.00122335442487721
979,0.6929222345352173,2.570957759164536e-05,0.5228419601917267,0.000986025520912366
980,0.6929202079772949,2.4192291045253173e-05,0.5227272808551788,0.000937050882942707
981,0.6929269433021545,2.082054316438165e-05,0.522596538066864,0.0009117206269876597
982,0.6929259598255157,3.3506744566160755e-05,0.5225818157196045,0.0010497094090123268
983,0.6929424405097961,5.5802427428423695e-05,0.5223531723022461,0.0013036020244419524
984,0.6929379105567932,4.745735142326668e-05,0.5223554372787476,0.0010453261367671938
985,0.6929476857185364,5.883700052120807e-05,0.5222593545913696,0.0011590383340495858
986,0.6929406523704529,6.060716815866562e-05,0.5222127735614777,0.0012029132033494266
987,0.6929409503936768,6.263021688718854e-05,0.5221826732158661,0.001177287919454803
988,0.6929438710212708,5.125056778924714e-05,0.5220550000667572,0.0011057225706833048
989,0.6929482221603394,4.8553169484549924e-05,0.521862804889679,0.0012183810967529246
990,0.6929611563682556,3.7594988871717475e-05,0.5217687487602234,0.0011469843353754702
991,0.6929707825183868,1.7069473646912082e-05,0.5217236578464508,0.0009614960550790256
992,0.692970335483551,1.5088571766900063e-05,0.5216948986053467,0.0009366715613061089
993,0.6929844915866852,9.314453520907582e-06,0.5215050280094147,0.0008207255810526395
994,0.6929837167263031,1.62265366766942e-05,0.5214607417583466,0.0010010297989822441
995,0.6929820477962494,6.532761519188575e-06,0.5214006006717682,0.0009308974430601165
996,0.6929815411567688,2.5288109106536417e-07,0.5214848816394806,0.000747727239431771
997,0.6929884254932404,6.9542300042975155e-06,0.5213449597358704,0.00047482639532373216
998,0.6929947435855865,6.532761519188575e-06,0.5213013887405396,0.0004738991646564925
999,0.6929910778999329,8.766544490265958e-06,0.5212898254394531,0.00047288764029223103
1000,0.6925572752952576,0.0006077575555270919,0.5132261365652084,0.01893027808209231
1001,0.6925492584705353,0.0005984431020061844,0.5134511291980743,0.018966461151538914
1002,0.6925447881221771,0.0005948184730342475,0.5134764909744263,0.018946357104799215
1003,0.692535936832428,0.0005942705640036058,0.5135215520858765,0.018730396653029394
1004,0.6925427317619324,0.0005914888720018869,0.5132504105567932,0.01868302359530315
1005,0.6925435066223145,0.0005828909149056644,0.5131973028182983,0.018440932097456574
1006,0.6925591230392456,0.0005912359909108215,0.5130069255828857,0.018616853043141045
1007,0.6925582885742188,0.0006056502131015473,0.5130918622016907,0.018681000546574626
1008,0.692553699016571,0.0006044701013432422,0.5130786597728729,0.018661908024199193
1009,0.6925544142723083,0.0006072517933449612,0.5131240338087082,0.01878082535727268
1010,0.6925533413887024,0.0005959564379440416,0.5130524337291718,0.018679019644694615
1011,0.6925512850284576,0.0005993703326734241,0.5130588412284851,0.018577740767722936
1012,0.6925589740276337,0.0005968415217627703,0.5130264908075333,0.018476988726357644
1013,0.6925732791423798,0.0005948184730342475,0.5129363685846329,0.018403990384736776
1014,0.6925625205039978,0.0006147539323799004,0.5129815191030502,0.018467589979139717
1015,0.6925650835037231,0.0006219188966267523,0.5130072087049484,0.018503667681465042
1016,0.6925704479217529,0.0006318655528753233,0.5129369795322418,0.018349852757824532
1017,0.6925739049911499,0.0006503258725230949,0.5128670930862427,0.018413115177439383
1018,0.6925780475139618,0.0006453946912473203,0.512835681438446,0.018260290704738884
1019,0.6925874948501587,0.0006445096074285915,0.5126712322235107,0.018081250892264606
1020,0.692577064037323,0.0006329613709366065,0.5126594454050064,0.018010507407039068
1021,0.6925700306892395,0.0006350687133621513,0.5127423405647278,0.018020390843014874
1022,0.6925709247589111,0.0006158497504411836,0.5128059685230255,0.01773644752459698
1023,0.6925731301307678,0.0006138267017126607,0.512680858373642,0.017613715901733256
1024,0.6925707161426544,0.000606956765405385,0.5126879513263702,0.017624505494952047
1025,0.6925680637359619,0.0006312754969961708,0.5127325057983398,0.01790044091215287
1026,0.6925668716430664,0.0006310226159051054,0.5126646161079407,0.017751746830606437
1027,0.6925692856311798,0.0006317391123297906,0.5126530230045319,0.017682921026988145
1028,0.6925557851791382,0.000618884323533968,0.5127718150615692,0.017377524962678206
1029,0.6925557553768158,0.0006150489603194766,0.5128157436847687,0.017441250997626678
1030,0.692545086145401,0.000619685113655675,0.5131188631057739,0.01739990493923749
1031,0.6925332546234131,0.0006418965028209161,0.513180285692215,0.017593991176630158
1032,0.6925379037857056,0.0006485557048856374,0.5132229328155518,0.01750029873239044
1033,0.6925329566001892,0.000651084515796291,0.5133205652236938,0.017589228582748428
1034,0.6925076544284821,0.0006568586340422835,0.5135829746723175,0.017599807441724662
1035,0.6925099492073059,0.0006589238296193173,0.5135877728462219,0.017558545677032498
1036,0.6925118863582611,0.0006722000869002489,0.5136290490627289,0.017569124536008732
1037,0.6925117671489716,0.0006919248120033473,0.5137248337268829,0.017811721796037436
1038,0.6925116181373596,0.0007055382440723661,0.5137474536895752,0.01800167764227604
1039,0.6925223171710968,0.0007004384754025479,0.513715535402298,0.01790857525391547
1040,0.6925094723701477,0.0007128717957132617,0.5137923657894135,0.017918269029072977
1041,0.6924987137317657,0.0007098793694689881,0.5138868987560272,0.017800257853242473
1042,0.6924815773963928,0.0007026722583736253,0.5141251087188721,0.01758088350674327
1043,0.6924346685409546,0.0007527427144045674,0.514326274394989,0.018175912714020075
1044,0.69244185090065,0.0007524476864649911,0.5141319930553436,0.018159517589949336
1045,0.6924609839916229,0.0007353360659695682,0.5140101611614227,0.018193909418334226
1046,0.6924624741077423,0.0007056646846178988,0.5141209661960602,0.01800079255845731
1047,0.6924476325511932,0.0007129982362587944,0.5141956508159637,0.018010149158826726
1048,0.6924354135990143,0.0007141783480170994,0.5142344534397125,0.017918943378649153
1049,0.6924068033695221,0.0007311213811184787,0.5145035684108734,0.01790334904470012
1050,0.692411333322525,0.0007534592108292527,0.5145237743854523,0.017937825166782034
1051,0.6923826038837433,0.0008228329234781842,0.5144909620285034,0.0181969018445785
1052,0.6923586130142212,0.0008284384543301331,0.5145991742610931,0.01795662266121789
1053,0.6923325657844543,0.0008418411521565974,0.5147069096565247,0.018164701652316175
1054,0.6923075914382935,0.0008683936667184607,0.5148842930793762,0.01832233086574692
1055,0.6922856867313385,0.0009103297809868002,0.5150433778762817,0.01865234068958722
1056,0.692255049943924,0.0009567756080458054,0.5150795876979828,0.018660053562864713
1057,0.6922386288642883,0.0009758681304212404,0.5151678919792175,0.018643068382914824
1058,0.6922195553779602,0.0010409428645220607,0.5151341259479523,0.01894564060837453
1059,0.6922710537910461,0.0009913781706732494,0.5149098336696625,0.018928107519394
1060,0.6922660171985626,0.0009705154806603569,0.5150325298309326,0.018763861250747044
1061,0.6923368275165558,0.0008492168506460038,0.5149820744991302,0.018649179675948903
1062,0.6923409998416901,0.0008177753016568769,0.5150179266929626,0.01860808649865078
1063,0.6923144459724426,0.0008597114159252165,0.5150536000728607,0.018664352541412823
1064,0.6922982633113861,0.0008680986387788844,0.5151405930519104,0.018744642287826078
1065,0.6923242509365082,0.0008683515198699498,0.5150048136711121,0.018703591257376466
1066,0.692312628030777,0.0008683515198699498,0.5150061249732971,0.0186627088143209
1067,0.6923484206199646,0.000786713074304348,0.5149393379688263,0.018381125719419616
1068,0.6922967433929443,0.0008152886375947341,0.5151448249816895,0.018533402283089476
1069,0.6922905445098877,0.0008632517512001316,0.515230655670166,0.01861314412047209
1070,0.6922610998153687,0.0008995823346165222,0.5152992010116577,0.018716403899323778
1071,0.6922937035560608,0.0008861796367900579,0.5151985883712769,0.018580438166027634
1072,0.6923353970050812,0.0008626195484724682,0.5151152610778809,0.018421207372353476
1073,0.6923321187496185,0.0008939768037645733,0.5151499807834625,0.018381547187904725
1074,0.6923549175262451,0.0009038813131646334,0.5150503516197205,0.018342055590850018
1075,0.6923094391822815,0.0009257976743902983,0.5152524709701538,0.018444809607519576
1076,0.6923438906669617,0.0009398747217929369,0.5151530504226685,0.01854714215570403
1077,0.6923404335975647,0.0009596837405930571,0.5151207149028778,0.018649011088554858
1078,0.6923186182975769,0.0009409705398542202,0.5152049362659454,0.018585790815788518
1079,0.6923454701900482,0.0009464917770091473,0.5150564610958099,0.018569775013354377
1080,0.6923535764217377,0.0009550897341053697,0.51497483253479,0.01855380135776875
1081,0.6923403143882751,0.0009889336534596176,0.515058845281601,0.018631477999574327
1082,0.6923313736915588,0.0009863205488519421,0.515093058347702,0.018498799720462034
1083,0.6923277080059052,0.0010125780354742291,0.515044778585434,0.01866932586953711
1084,0.6923277676105499,0.001014263909414665,0.5149474442005157,0.01858359917966595
1085,0.6923183798789978,0.001009838490321021,0.5149816274642944,0.01835916721134544
1086,0.692325085401535,0.001004654427954181,0.5149012207984924,0.01820507833318961
1087,0.6923300623893738,0.0010090798470478249,0.5148374140262604,0.018397900165126952
1088,0.692329615354538,0.0010179728320836236,0.5148553550243378,0.0184746917231138
1089,0.6923368573188782,0.0010191107969934176,0.5147756934165955,0.0185052481882842
1090,0.6923352777957916,0.0010282566631202817,0.5146639049053192,0.018535636066060554
1091,0.6923429369926453,0.001028551691059858,0.5146820545196533,0.01870325408258838
1092,0.6923237442970276,0.0010434716754327143,0.514813244342804,0.018436127356726333
1093,0.692322850227356,0.0010383297599143853,0.514718234539032,0.018261302229103143
1094,0.692329615354538,0.0010410693050675935,0.51472008228302,0.018451215928493234
1095,0.692328006029129,0.00104798138822338,0.5147700905799866,0.018481393072027032
1096,0.6923117637634277,0.001063112106838791,0.5149320662021637,0.018624734503812582
1097,0.6922986805438995,0.0010724265603596986,0.5150454342365265,0.018564043041956895
1098,0.6922880709171295,0.001092572753947906,0.515110433101654,0.01857125015305226
1099,0.6922878324985504,0.0011027722912875424,0.5150955319404602,0.018555908700194294
1100,0.6880249977111816,0.006902895142811246,0.5185724496841431,0.025814017482255355
1101,0.6880256831645966,0.006897963961535472,0.5185848474502563,0.025888954578907726
1102,0.6879996955394745,0.0069436511453212805,0.5186170339584351,0.026160043108529794
1103,0.6879659593105316,0.006975851337583604,0.5188470184803009,0.02626174345398658
1104,0.6879793107509613,0.0069615214090899,0.518799364566803,0.026251164595010347
1105,0.6879828572273254,0.006960804912665214,0.5188504457473755,0.02610145898909965
1106,0.687947690486908,0.007000844418750564,0.5190584659576416,0.026174710211811586
1107,0.6879478693008423,0.0069959553843233005,0.5191674530506134,0.026219933780263775
1108,0.6879707872867584,0.006963628751515445,0.5191977024078369,0.0262649044676249
1109,0.6879600286483765,0.006978085120554681,0.5192667543888092,0.02641996272329648
1110,0.687971830368042,0.006963839485757999,0.5193355083465576,0.0264092152769262
1111,0.6879584491252899,0.0069684334922456865,0.5194621384143829,0.026425947575785026
1112,0.6879728734493256,0.006946770012111087,0.5193171203136444,0.026223642702932735
1113,0.6879656314849854,0.006957601752178387,0.5193466246128082,0.02610419853425286
1114,0.6880377233028412,0.006878829292311526,0.519067794084549,0.025985344421452138
1115,0.6880311369895935,0.00688704792777115,0.519001692533493,0.026057331238708747
1116,0.688033401966095,0.006865468741333572,0.5191659033298492,0.026128896587480244
1117,0.6880106627941132,0.006898891192202711,0.5191572308540344,0.026119076371777204
1118,0.687982827425003,0.006952417689811547,0.519148588180542,0.0261631619753196
1119,0.687965452671051,0.00696527247860737,0.5192351639270782,0.026180147155269493
1120,0.6879792511463165,0.006945927075140869,0.5191314816474915,0.025928656910204986
1121,0.6879545748233795,0.006962195758666074,0.519255518913269,0.025839052710270826
1122,0.6879214644432068,0.0070006758313565206,0.5193412005901337,0.025963596647620518
1123,0.6878971457481384,0.007052685042418964,0.51952064037323,0.02627400818690325
1124,0.6878853142261505,0.007084000150862558,0.5195300579071045,0.02634371907434027
1125,0.6878408789634705,0.007154090359936175,0.5197082161903381,0.02649266603697777
1126,0.6878612637519836,0.007131331061740292,0.5195674896240234,0.026402724662255524
1127,0.6878743171691895,0.007108571763544409,0.5197073817253113,0.026128517265843646
1128,0.6878389120101929,0.007138074557502035,0.519809365272522,0.02617159134502178
1129,0.6877431273460388,0.007295956652023844,0.5199480056762695,0.02658218594321491
1130,0.6877840757369995,0.007252039635875492,0.5199006795883179,0.026623911323240695
1131,0.6877768635749817,0.0072674653824304795,0.5200014710426331,0.026613206023718926
1132,0.6877671480178833,0.007308937881365199,0.519935816526413,0.026785123018794862
1133,0.6877534687519073,0.0073375555915040965,0.5199256837368011,0.02687818326030692
1134,0.6877432465553284,0.0073526020164224855,0.5200440585613251,0.026841009739920308
1135,0.687727689743042,0.007381514754500959,0.5199604630470276,0.0269334377787047
1136,0.6877217292785645,0.0073936530468720965,0.5200782120227814,0.027154666586538385
1137,0.6876562535762787,0.007477483128560265,0.5202500522136688,0.027297544402990315
1138,0.6876931488513947,0.007421680701131841,0.5203302204608917,0.027259696533027532
1139,0.6876868307590485,0.007429267133863802,0.5203192830085754,0.027555609556422517
1140,0.687660276889801,0.007470360311161923,0.520344614982605,0.02779896545972442
1141,0.6876601576805115,0.007462268116247832,0.5205865502357483,0.027887895310082407
1142,0.687648743391037,0.007484648092807117,0.5206291377544403,0.028052900222002557
1143,0.6876039206981659,0.0075496385332109155,0.5207434594631195,0.028064617045888585
1144,0.6875819265842438,0.007585547648142197,0.5207316875457764,0.02810166412572966
1145,0.6875436305999756,0.007621920378407098,0.520988404750824,0.028062636144008574
1146,0.6875295639038086,0.007623774839741578,0.5211546719074249,0.027998446493726483
1147,0.6875848770141602,0.007550186442241557,0.5211064517498016,0.028085774763841054
1148,0.6874640882015228,0.007725728066289431,0.5213960707187653,0.028449164891701982
1149,0.687421441078186,0.0077735647393492955,0.5215602815151215,0.02848490541923922
1150,0.687525749206543,0.007637261831265064,0.5214406847953796,0.028270251519773238
1151,0.6875388324260712,0.007610751463551712,0.521515816450119,0.02823134997859768
1152,0.6875975430011749,0.007516005348099221,0.5215553641319275,0.027993346725056663
1153,0.6876382231712341,0.007468252968736379,0.5214893221855164,0.02810436152403436
1154,0.6877631843090057,0.007293048519476593,0.5212833285331726,0.027718970741250744
1155,0.6877918541431427,0.0072670017670968595,0.5212531387805939,0.027681670780318603
1156,0.6878322958946228,0.007217647807490603,0.5210835039615631,0.027545789340719478
1157,0.6878537535667419,0.007193539810142371,0.5208971798419952,0.027385884197469148
1158,0.6878489255905151,0.007189578006382347,0.520989716053009,0.027324982001370905
1159,0.6878651678562164,0.007187091342320205,0.5209257900714874,0.027337836790166728
1160,0.6878716051578522,0.007184225356621464,0.5209486782550812,0.02737517889794738
1161,0.6878833472728729,0.007164922100003475,0.5208505988121033,0.027241446947622313
1162,0.6878945529460907,0.007164332044124322,0.5207529664039612,0.027254512470660693
1163,0.6879132986068726,0.007162519729638353,0.5206213891506195,0.027364642185819656
1164,0.6879244446754456,0.007150887199449347,0.5204904079437256,0.027522819308281044
1165,0.6879478394985199,0.007118560566641491,0.5203428864479065,0.027317395568638946
1166,0.687945544719696,0.007116916839549566,0.5204520523548126,0.027426682346827692
1167,0.6879670023918152,0.007095759121597097,0.5203052759170532,0.02727052827309483
1168,0.6879909634590149,0.007056731139876009,0.5202100872993469,0.027042935291136
1169,0.6879949867725372,0.00704589939980871,0.520318865776062,0.027008206287963025
1170,0.6923572719097137,0.0017597573658753585,0.515625,0.02209708691207961
1171,0.6883974075317383,0.0038835792091878197,0.54296875,0.016572815184059706
1172,0.6903462409973145,0.0030623057191045385,0.515625,0.02209708691207961
1173,0.6908156871795654,0.002094192608809303,0.525390625,0.008286407592029853
1174,0.6933232545852661,0.0016761801652782557,0.5078125149011612,0.0198873908649262
1175,0.693647712469101,0.0021726278938880763,0.5078125,0.02209708691207961
1176,0.693706750869751,0.0026247371378644367,0.5022321343421936,0.02525380157184855
1177,0.6941625475883484,0.003632046817274804,0.5048828125,0.03176456243611444
1178,0.6944698393344879,0.003519388291205184,0.504340261220932,0.02332469816865642
1179,0.6943736672401428,0.0031740791613554297,0.5054687559604645,0.023201966545792697
1180,0.6936321556568146,0.0025969623646957575,0.5099431723356247,0.01807941750435438
1181,0.6933021545410156,0.0026077941047630573,0.5182291567325592,0.01841425314234918
1182,0.6930880844593048,0.002133009856287836,0.5174278616905212,0.011048543456039806
1183,0.6926989555358887,0.002124116871252037,0.5223214328289032,0.015783615445693216
1184,0.6926367282867432,0.0019432225974432803,0.5244791507720947,0.011048543456039806
1185,0.6923497021198273,0.0015918443214079567,0.52587890625,0.00621480569402239
1186,0.6922943890094757,0.001438598380222346,0.5248161852359772,0.0038994685710764267
1187,0.6923860013484955,0.0011815026043058923,0.5221354067325592,0.004296660471443092
1188,0.6919592320919037,0.0013544732705946015,0.5254934132099152,0.0046520426980869506
1189,0.6917711794376373,0.0015040102891112535,0.525390625,0.0071815701051652775
1190,0.6919048428535461,0.0013668222972082935,0.5245535671710968,0.006313471466386393
1191,0.6922213435173035,0.000757294574043744,0.5209516882896423,0.0025110249405820447
1192,0.6922597587108612,0.0008108632185010903,0.5200407803058624,0.005284076838356317
1193,0.6922785043716431,0.0004930338338804384,0.521484375,0.005524271728019903
1194,0.6922895312309265,0.0011658661235083507,0.5203125178813934,0.012816308723132233
1195,0.6924870908260345,0.0010546405902881013,0.5198317170143127,0.014448108256928518
1196,0.6926035284996033,0.0007163278372911549,0.5202546417713165,0.013912969721385697
1197,0.6925817728042603,0.000609696310558593,0.5203683078289032,0.013021479581683265
1198,0.6924537420272827,0.0009177897731732285,0.5215517282485962,0.016001303918251983
1199,0.6924000978469849,0.0011359418610656158,0.5216146111488342,0.016572815184059706
1200,0.6936643719673157,0.0007766821243587552,0.5038700997829437,0.00524740908015184
1201,0.6936643421649933,0.000774785516175765,0.5038403272628784,0.0050933623488445216
1202,0.6936426162719727,0.0008071964426806425,0.5040092170238495,0.005276911874109466
1203,0.6936638057231903,0.0008233386856603149,0.5039198398590088,0.005263551323131512
1204,0.6936709582805634,0.000818533944930073,0.503890186548233,0.005110600409885478
1205,0.6936620771884918,0.0008205569936585959,0.5039000809192657,0.005069886554223954
1206,0.6936488449573517,0.0008184496512330512,0.5041064023971558,0.005362765004526157
1207,0.6936554610729218,0.0008020123803138025,0.5040765106678009,0.005432433745114665
1208,0.6936818063259125,0.0007902112627307522,0.5039099156856537,0.005474159125140449
1209,0.6936871707439423,0.0007906327312158612,0.50395867228508,0.0055984080345505656
1210,0.6936843395233154,0.0007736475512659708,0.5040266215801239,0.005529455790386742
1211,0.6936897337436676,0.0007779886766625929,0.5040166079998016,0.005570591114533375
1212,0.6936805844306946,0.0007630265454412256,0.504122793674469,0.005502018192006151
1213,0.6936865746974945,0.0007675362582318913,0.5040932893753052,0.00557038038029082
1214,0.6936856210231781,0.000750930399918599,0.5041602551937103,0.005502144632551683
1215,0.693673312664032,0.0007363054434853187,0.5042652785778046,0.0053799187718700904
1216,0.6936765015125275,0.0007333973109380671,0.5043123066425323,0.0053396263846936754
1217,0.6936765611171722,0.0007476429457347493,0.5043017566204071,0.005434709674934253
1218,0.6936873495578766,0.0007512675747066861,0.5041005611419678,0.005475381383747265
1219,0.6936904191970825,0.0007698543348999904,0.5040715336799622,0.0056503750987644975
1220,0.6936902105808258,0.0007833834732719874,0.5040996074676514,0.005797720481158583
1221,0.6936822533607483,0.0007824140957562368,0.5042790174484253,0.005783643433755944
1222,0.6936780512332916,0.0007924871925503405,0.5043253302574158,0.005849813985918048
1223,0.6936611831188202,0.000797460520674626,0.5045598447322845,0.005862331599925784
1224,0.6936573386192322,0.0007884832419418055,0.5045488774776459,0.005635581554937174
1225,0.693648636341095,0.0008031503452235967,0.5045004487037659,0.005940261122822426
1226,0.6936360895633698,0.0008107789248040685,0.504658043384552,0.006164145182112296
1227,0.6936416923999786,0.0008042040164363691,0.5045162737369537,0.0062814398615181136
1228,0.6936500072479248,0.000787893186062653,0.5044310390949249,0.006213752022809618
1229,0.6936438381671906,0.000795437471946103,0.5045133829116821,0.006382887325883836
1230,0.6936379969120026,0.0007897897942456433,0.5046879351139069,0.0063153259277208725
1231,0.6936359405517578,0.0007958167935827012,0.5047508180141449,0.006352668035501525
1232,0.693638801574707,0.0007977555486142023,0.5046842843294144,0.00672889187873402
1233,0.6936502158641815,0.000791475668186079,0.5045076608657837,0.006843130911622798
1234,0.6936527490615845,0.000776766418055777,0.5046072155237198,0.006671319283668139
1235,0.6936588883399963,0.0007789580541783435,0.5044499039649963,0.0067592586830861195
1236,0.6936591267585754,0.0007789580541783435,0.5043664276599884,0.006691781578620178
1237,0.6936469376087189,0.000797460520674626,0.5044838190078735,0.006959709094603931
1238,0.6936542093753815,0.000774785516175765,0.5044006556272507,0.006737784863769819
1239,0.6936511993408203,0.0007650495941697485,0.5045718252658844,0.006516872157299968
1240,0.6936483085155487,0.0007754598657519393,0.5045069456100464,0.006834532954526576
1241,0.6936618685722351,0.0007601605597424847,0.5043520629405975,0.006818727886334991
1242,0.6936537027359009,0.0007551029379211775,0.5045762658119202,0.0066756393356405055
1243,0.6936425864696503,0.0007701493628395667,0.5046196430921555,0.006634862259706216
1244,0.6936405003070831,0.0007677048456259347,0.5045193731784821,0.006442103648041642
1245,0.6936284005641937,0.0007697278943544577,0.5047058463096619,0.006452598213320854
1246,0.6936028599739075,0.0007869659553954133,0.5049271583557129,0.006463134925448578
1247,0.693600058555603,0.0007760077747825809,0.5049871802330017,0.006347652560528728
1248,0.6935941874980927,0.000776387096419179,0.5051180124282837,0.006433716425187974
1249,0.6935872733592987,0.000776387096419179,0.5051241219043732,0.006444210990467186
1250,0.6935929656028748,0.0007641223635025088,0.5050417482852936,0.006429628180882417
1251,0.6935988962650299,0.0007556508469518191,0.505048006772995,0.006539884336586916
1252,0.6935737133026123,0.00076842134205062,0.5053888261318207,0.0066745856644277336
1253,0.6935792863368988,0.0007915599618831008,0.5052361786365509,0.0067589636551465436
1254,0.6935819089412689,0.0007960275278252555,0.5052419602870941,0.006719008442758216
1255,0.6935805678367615,0.0007828355642413458,0.5052651762962341,0.006605001217536247
1256,0.6935772001743317,0.000796280408916321,0.5053057670593262,0.006614947873784818
1257,0.6935706734657288,0.0008130127077751459,0.5052939653396606,0.0067479633276852
1258,0.693573534488678,0.000820514846810085,0.5052821636199951,0.0069295319510701316
1259,0.6935893595218658,0.0007950160034609941,0.5052357614040375,0.006570904417090934
1260,0.6936029195785522,0.0007556087001033082,0.5052414834499359,0.006336146470885254
1261,0.6935968101024628,0.0007441869041568559,0.505402535200119,0.006273347666604022
1262,0.6935960352420807,0.0007468000087645314,0.5053561329841614,0.006454368380958312
1263,0.6935957670211792,0.0007683370483535982,0.5053099989891052,0.0066345883051908945
1264,0.6935946047306061,0.000778747319935789,0.5053326487541199,0.00686251846193781
1265,0.6936141848564148,0.0007510568404641316,0.5051498711109161,0.0066055491265668885
1266,0.6936199963092804,0.0007404779814878973,0.5050191283226013,0.006422083894998968
1267,0.6936343312263489,0.0007266959620248349,0.5048378109931946,0.006408091141293351
1268,0.6936182081699371,0.0007296040945720866,0.5050312876701355,0.006442230088587174
1269,0.6936096549034119,0.000733017989301469,0.5051390826702118,0.006452218891684257
1270,0.6936038434505463,0.0007454513096121827,0.5050771832466125,0.006701517500626195
1271,0.6936030089855194,0.0007471371835526185,0.5050830841064453,0.006758668627206967
1272,0.6936025023460388,0.0007434704077321707,0.5050215721130371,0.006720314995062053
1273,0.6935982704162598,0.000738159904819798,0.5050780177116394,0.006705816479174306
1274,0.6935964822769165,0.00073023629729975,0.5051510035991669,0.00676258828411848
1275,0.6935908794403076,0.0007234085078409851,0.5052404403686523,0.006653385799626754
1276,0.6936033070087433,0.000706760502679182,0.5050621330738068,0.006639182311678583
1277,0.6936054229736328,0.000710764453287717,0.5050680339336395,0.006695743382380202
1278,0.6936011612415314,0.0007192359698384067,0.5050405859947205,0.0067049735422040875
1279,0.6935956478118896,0.0007139676137745449,0.5050630867481232,0.00664381846501478
1280,0.6935928165912628,0.0006998484195233954,0.5051186084747314,0.006442314382284197
1281,0.69358691573143,0.0007054960972238552,0.5051243007183075,0.006452050304290213
1282,0.6935817897319794,0.0007088678451047267,0.5051464736461639,0.006485093433522754
1283,0.6935747265815735,0.0007017450277063856,0.505250871181488,0.00626192587065757
1284,0.6935653984546661,0.0007124924740766636,0.5053383708000183,0.006295221880981176
1285,0.6935640573501587,0.0007046110134051265,0.5054091215133667,0.006166083937143797
1286,0.6935624778270721,0.0006967295527335892,0.5054141581058502,0.006176325621331944
1287,0.6935460269451141,0.0007131668236528379,0.5055823922157288,0.006371170501997807
1288,0.6935303807258606,0.000725431556569508,0.5056521892547607,0.006426972929426231
1289,0.6935203671455383,0.0007265273746307914,0.5058192610740662,0.00639064234600984
1290,0.6935295462608337,0.0007157377814120024,0.5057260394096375,0.006308540285110619
1291,0.6935390830039978,0.0006989633357046666,0.5056494474411011,0.006158076035926727
1292,0.6935318410396576,0.0007022086430400054,0.5056700706481934,0.006099660503890628
1293,0.6935228109359741,0.0006976146365523181,0.5057389736175537,0.0060187385547497115
1294,0.6935013234615326,0.0007099636631660099,0.505952388048172,0.005960786638047232
1295,0.6934927105903625,0.0007027565520706471,0.5059240758419037,0.005880454744785468
1296,0.6934905052185059,0.000693231364307185,0.5060080587863922,0.005732435012815208
1297,0.6934854090213776,0.000678943582661992,0.5060757398605347,0.005517191057470072
1298,0.6934812068939209,0.0006691233669589537,0.506063312292099,0.0054156592994073285
1299,0.6934828758239746,0.0006583337737401648,0.5061942636966705,0.005201974777457096
1300,0.6911160051822662,0.0012637732525991575,0.5277090668678284,0.025024101247464178
1301,0.6911137104034424,0.001277470978365198,0.5277379751205444,0.02510106139284507
1302,0.6911052465438843,0.001266007035570235,0.5277270376682281,0.025009223409939833
1303,0.6911037564277649,0.00126954737084515,0.527834951877594,0.02502983321886166
1304,0.6910801529884338,0.0012748578737575226,0.5280410647392273,0.025022415373523742
1305,0.6910691261291504,0.0013266984974259224,0.5280885696411133,0.02546074259803704
1306,0.6910481452941895,0.001346676103620086,0.5281554758548737,0.0255356375478409
1307,0.6910931468009949,0.001273171999817087,0.5280064344406128,0.025305305020728863
1308,0.6911084353923798,0.001249611911499497,0.5280340909957886,0.025214352121642355
1309,0.6910997331142426,0.0012610758542944604,0.5280616283416748,0.025289289218294726
1310,0.6910941302776337,0.0012864482570980186,0.528030663728714,0.025336367248081394
1311,0.6911070048809052,0.0012585470433838066,0.5279804468154907,0.02519108706126434
1312,0.6910987496376038,0.0012991344584997976,0.5279498100280762,0.02529291384726666
1313,0.6911678910255432,0.001199583602317066,0.5277455747127533,0.024820826997096136
1314,0.6911775171756744,0.0011869816946123086,0.5277734994888306,0.024677907033795694
1315,0.6911878883838654,0.0012034189655315572,0.5276475548744202,0.024698727576960077
1316,0.6912108361721039,0.001202744615955383,0.5274264216423035,0.024421317020061374
1317,0.6912151873111725,0.001218676124692501,0.5274931192398071,0.02433449451212893
1318,0.6912226676940918,0.0012293392773657572,0.5275022983551025,0.024436911354010403
1319,0.6912239491939545,0.0012219635788763507,0.5275114178657532,0.024162198195416394
1320,0.6912246346473694,0.0011993307212260006,0.5274255871772766,0.024022945007936402
1321,0.6912209093570709,0.0011631265783551426,0.5273780524730682,0.023884408316881094
1322,0.6912242472171783,0.0011305892113047324,0.5274063348770142,0.02363966156757833
1323,0.6912265121936798,0.001144666258707371,0.5274344384670258,0.02371590521653454
1324,0.6912383735179901,0.0011475322444061118,0.527255654335022,0.023765174882443774
1325,0.6912243366241455,0.0011504403769533635,0.527377724647522,0.02365508731413332
1326,0.6912207007408142,0.0011528006004699735,0.5274805426597595,0.023730698760361862
1327,0.6912027597427368,0.0011465628668903612,0.5275641977787018,0.02367401124911471
1328,0.6911991238594055,0.0011662032982964379,0.5275543630123138,0.023749285520555167
1329,0.6912102103233337,0.0011657818298113289,0.5273959934711456,0.02387665329675509
1330,0.6912101209163666,0.0011441604965252404,0.5273680686950684,0.023662842334259325
1331,0.6912056803703308,0.0011365319169447685,0.5273587703704834,0.02363300236551361
1332,0.6911974251270294,0.0011369112385813665,0.5273126363754272,0.023551068892008434
1333,0.6911904811859131,0.0010973353478296371,0.5273035168647766,0.023365538464863476
1334,0.6911844909191132,0.0010983890190424093,0.5272209942340851,0.023388508497301914
1335,0.6911950409412384,0.0011056382769862832,0.527248740196228,0.02341139423604333
1336,0.6911802291870117,0.0011074505914722517,0.5273494720458984,0.02343415353423921
1337,0.6911829710006714,0.0011211061703897812,0.5274132490158081,0.023456828538738074
1338,0.6911520957946777,0.0011003699209224214,0.527385801076889,0.023402248369916466
1339,0.6911542415618896,0.0010877258663691532,0.5273403227329254,0.02321958392847025
1340,0.691169023513794,0.0010932892503725913,0.5271683931350708,0.023165762402921838
1341,0.691137969493866,0.0010779477975146258,0.5273584127426147,0.023112235905313003
1342,0.6911374628543854,0.0010912240547955574,0.527385413646698,0.023135416671993994
1343,0.691159725189209,0.0011020557948628572,0.5271786153316498,0.02318384340093301
1344,0.6911542117595673,0.0011193781496008346,0.5270624160766602,0.02330813445719164
1345,0.6911652088165283,0.0011243936245736309,0.5269825458526611,0.023280064656083385
1346,0.6911433339118958,0.0011326544068817662,0.5270636677742004,0.023378351106810788
1347,0.6911524534225464,0.0011589540403525642,0.526966392993927,0.023576947056994122
1348,0.6911788582801819,0.0011544864744104093,0.5267628729343414,0.023674095542811732
1349,0.6911819577217102,0.0011091364654126873,0.5266844034194946,0.023495013583488943
1350,0.6911751627922058,0.0011077034725633168,0.5268539488315582,0.023366760723470294
1351,0.6911754608154297,0.0010987683406790073,0.5267932713031769,0.023413796606408452
1352,0.6911725699901581,0.0010945958026764289,0.526680052280426,0.02338593753954275
1353,0.6911577880382538,0.0010586866877451472,0.52676060795784,0.02318426486941812
1354,0.6911313533782959,0.0009910409958851622,0.5268408060073853,0.023082648817658355
1355,0.6911129653453827,0.0009322461422124651,0.526850700378418,0.022734094380473264
1356,0.6911290884017944,0.0009499899654355514,0.5268256068229675,0.02278205749407866
1357,0.6911221444606781,0.000916398927172369,0.5266961753368378,0.022632731209804562
1358,0.6911164820194244,0.0009229738355400684,0.5267062783241272,0.022582365725834046
1359,0.6910876929759979,0.0009054407465595365,0.5268897414207458,0.022581354201469783
1360,0.691126674413681,0.0008506498434953742,0.526709109544754,0.022213285773424143
1361,0.6911143660545349,0.0008604700591984126,0.5267536640167236,0.022261881089757206
1362,0.6911135613918304,0.0008049626597095651,0.5266602337360382,0.021920533763667475
1363,0.6910739839076996,0.0007428382050045073,0.5267390608787537,0.021726447526274808
1364,0.6910504400730133,0.000704400279162572,0.5267318189144135,0.02175152490113879
1365,0.6910360753536224,0.000641938649669427,0.5266390442848206,0.021510318487110942
1366,0.6910398006439209,0.0006389462234251535,0.5265125632286072,0.02151158289256627
1367,0.6910496652126312,0.0006282830707518974,0.5264036655426025,0.021247912208282118
1368,0.6910035014152527,0.0005793505796307494,0.5264991819858551,0.021225700819116875
1369,0.6910374760627747,0.0006044701013432422,0.5262720286846161,0.02093977659881897
1370,0.6909889876842499,0.0005203871385640087,0.5262828171253204,0.020702911310187748
1371,0.690963625907898,0.00047069600416966455,0.5262935757637024,0.020610398977706335
1372,0.6909508109092712,0.0004328481342068817,0.5262705683708191,0.020375303856712566
1373,0.6909559667110443,0.0004291813583864339,0.5262308418750763,0.020260116519732294
1374,0.6909325420856476,0.0003954638795777187,0.5262751877307892,0.02021662097206905
1375,0.690881997346878,0.00032297130013898096,0.5262690782546997,0.020102276572058996
1376,0.6908381581306458,0.00025448267130877815,0.5263298749923706,0.01998839578738256
1377,0.6908590197563171,0.00028558704550981793,0.5263737142086029,0.019898580853205845
1378,0.6908975839614868,0.00034063082966504556,0.5263341665267944,0.01997381297779779
1379,0.6909431517124176,0.000387793153148736,0.5262118279933929,0.01979051633362391
1380,0.6909713447093964,0.0004222692752306473,0.5262390673160553,0.019725188718432027
1381,0.6909553706645966,0.00039234501278791255,0.5263984501361847,0.019706812692481278
1382,0.6909202039241791,0.00033637399796544525,0.5264581739902496,0.019501894715021312
1383,0.6908568441867828,0.00024685409172830634,0.5266493260860443,0.019251289553775534
1384,0.6908072829246521,0.0001757523582904281,0.5267575681209564,0.019164382752146072
1385,0.6908192932605743,0.00017958772150491946,0.5267997682094574,0.01889236699185676
1386,0.6908011138439178,0.00013786234147913437,0.5267109274864197,0.01880651386144007
1387,0.6907772421836853,9.626340199888197e-05,0.5266714692115784,0.01860564198143715
1388,0.690766304731369,7.835099138175201e-05,0.5266973078250885,0.018543812554671666
1389,0.6907059252262115,1.673229885882493e-05,0.5269018113613129,0.018137432641329627
1390,0.6906827390193939,5.272570748712843e-05,0.5269595086574554,0.017939173865934382
1391,0.690658450126648,8.454657811285343e-05,0.527081698179245,0.01797069970862053
1392,0.690714418888092,3.0261437230821915e-05,0.526912659406662,0.01777362104498359
1393,0.6906565427780151,0.00010418700951893005,0.5270828008651733,0.01760018676336126
1394,0.6906091868877411,0.00018110500805131166,0.5271879136562347,0.01738190823492334
1395,0.6905454099178314,0.00027450242435145283,0.5273247063159943,0.017073730478611684
1396,0.6905255615711212,0.00030164499479246856,0.5273647904396057,0.01708405645649685
1397,0.690506637096405,0.00033700620069310866,0.527324765920639,0.0168455474407737
1398,0.6904720962047577,0.00039369371194026117,0.5274604260921478,0.016585501385461488
1399,0.6905015707015991,0.00035066177961063836,0.5275637209415436,0.016551699612955748
1400,0.7030963003635406,0.01608732563606272,0.5338134467601776,0.01069236043927424
1401,0.7030689716339111,0.01602178728662828,0.5336875319480896,0.010890239893032887
1402,0.703034907579422,0.015976142249690982,0.5338401198387146,0.01080645195819323
1403,0.7030569911003113,0.016012177805167796,0.5338731408119202,0.010723085491838681
1404,0.7029958665370941,0.01592463880081067,0.5339059829711914,0.01075182964252311
1405,0.7029015421867371,0.0157823931870864,0.5340372025966644,0.011031136807604806
1406,0.7028867304325104,0.01577257297138336,0.5342462956905365,0.010975587261267447
1407,0.7028429210186005,0.01572958318590225,0.5342779755592346,0.010837219157606182
1408,0.7028465569019318,0.015746694806397673,0.5342313051223755,0.010975966582904046
1409,0.7028330862522125,0.015726295731718402,0.534223884344101,0.011058869433924975
1410,0.7028275430202484,0.01573194340941886,0.5343526303768158,0.010838778591001085
1411,0.7027144730091095,0.015584513733327754,0.5345583558082581,0.011113702483837647
1412,0.7026173770427704,0.015478303675080301,0.5347630977630615,0.011168324799507766
1413,0.7025687396526337,0.01542924474341362,0.5348509252071381,0.011386434740551642
1414,0.7024796903133392,0.015298842394120913,0.5349768996238708,0.011766978635756506
1415,0.702421247959137,0.015198406454119453,0.5350253582000732,0.011819493609001079
1416,0.7023093700408936,0.015050133841058128,0.5351694226264954,0.012007384259662645
1417,0.7022501230239868,0.014996270168661206,0.5352936387062073,0.012005024036146034
1418,0.7021791338920593,0.014940889209717891,0.5354745090007782,0.011867836044243074
1419,0.7021324634552002,0.014872105552948111,0.5354642570018768,0.012107988787058148
1420,0.7020794451236725,0.014842982080627084,0.5355299115180969,0.012024917348643176
1421,0.7020241022109985,0.014786968918956105,0.5357277989387512,0.012076083622735401
1422,0.701970636844635,0.01473816286838049,0.5357547700405121,0.012100318060629165
1423,0.7019164562225342,0.014693150034170856,0.5358192622661591,0.012124426057977398
1424,0.7019013166427612,0.014755780251058044,0.535808265209198,0.011935734617194124
1425,0.7017595767974854,0.014586265626347229,0.5360223352909088,0.012225325613312478
1426,0.7017596065998077,0.014490803014470054,0.5360109210014343,0.012407695026819116
1427,0.7016988694667816,0.014518114172305113,0.5361861884593964,0.012378065792315956
1428,0.7016418278217316,0.014428172797582866,0.5362302660942078,0.012585554727535088
1429,0.7014838457107544,0.01420728116453727,0.5364227294921875,0.013002134178216765
1430,0.7013989686965942,0.014080587737913522,0.5365216434001923,0.013180963256448488
1431,0.7012909948825836,0.013981584790761432,0.5368234217166901,0.013332776204784728
1432,0.701203465461731,0.01389151697549365,0.5369393527507782,0.013588186106760746
1433,0.7011457085609436,0.013867914740327551,0.5371283292770386,0.013530149896361246
1434,0.7010126709938049,0.013730600307879058,0.5374449193477631,0.013809878529928049
1435,0.7009190917015076,0.013687441935003902,0.5376135408878326,0.013932863033882838
1436,0.7007558941841125,0.013642260513400223,0.5379092395305634,0.013977791574395451
1437,0.7007165551185608,0.01352703102957144,0.5380941927433014,0.014125642718971668
1438,0.7008251845836639,0.013205324134887786,0.5380419194698334,0.014452786557113228
1439,0.7006663084030151,0.012912361390888562,0.538316398859024,0.014881082831680933
1440,0.7005850076675415,0.012792242872632514,0.5384810268878937,0.015204939215638641
1441,0.7004015743732452,0.012606080242759894,0.5388435423374176,0.015297493694968566
1442,0.7002390325069427,0.012480988396379561,0.5391323268413544,0.01549153778551272
1443,0.7003883421421051,0.012680764458321198,0.5389703512191772,0.01560841099643343
1444,0.7003972232341766,0.012680258696139068,0.5391140580177307,0.015648703383609845
1445,0.7003325819969177,0.012593899803540245,0.539203405380249,0.01571403099880173
1446,0.7002406716346741,0.012467206376916498,0.539452999830246,0.015854843619676626
1447,0.7001231908798218,0.012273752342251495,0.5395945906639099,0.016246935751373474
1448,0.7000292241573334,0.012125184701250593,0.5396644771099091,0.016536695334885873
1449,0.6999128460884094,0.011946945678898022,0.5397695004940033,0.016875303115822395
1450,0.6998451948165894,0.011851440920172337,0.5398917198181152,0.01708725961698368
1451,0.6998684108257294,0.01184406522168293,0.5399075150489807,0.017448036640236933
1452,0.6998303532600403,0.011806933848144833,0.5400464832782745,0.01753321542107745
1453,0.6997660100460052,0.011680788330551726,0.539991557598114,0.017841688205328683
1454,0.6996008157730103,0.011456272068534194,0.5402173697948456,0.018099163302881735
1455,0.6994560658931732,0.011254009342530414,0.5404946804046631,0.018429721035752678
1456,0.69936203956604,0.011084536864668109,0.5405787229537964,0.018832813494910866
1457,0.6991880834102631,0.010874181943750236,0.540941059589386,0.019086368935552406
1458,0.6990613639354706,0.01068629129308867,0.5410758852958679,0.019265071573238597
1459,0.6989471912384033,0.010531738799599222,0.5412274897098541,0.01946750288663642
1460,0.6988861858844757,0.010477748686656766,0.5413783490657806,0.01937545416948863
1461,0.6988527476787567,0.010418153042862362,0.54130420088768,0.019601192690112977
1462,0.6987651288509369,0.01028412606459772,0.541368156671524,0.019972000663311822
1463,0.6986710727214813,0.010114274265098817,0.5414318144321442,0.020292653886782704
1464,0.6987560391426086,0.010230978888625482,0.541323721408844,0.020175359207376887
1465,0.6987287402153015,0.010189506389690763,0.5413529872894287,0.020252150765363734
1466,0.6986708641052246,0.010105549867457061,0.5414845645427704,0.020425163578500955
1467,0.698594331741333,0.01001021369612542,0.5417007207870483,0.02038061435962494
1468,0.6985171437263489,0.009898271666480486,0.5418649613857269,0.020504568241095478
1469,0.6984542608261108,0.00979855222290371,0.5419776141643524,0.02069987673709496
1470,0.6983151435852051,0.009643114645595533,0.5421574711799622,0.020894384442972737
1471,0.6981490552425385,0.009431073850737225,0.5424547493457794,0.02120749338056017
1472,0.6980668008327484,0.009327476897097448,0.5427002012729645,0.021495356355889575
1473,0.6980420053005219,0.00932098628242677,0.5428100526332855,0.0215917883452825
1474,0.6979402005672455,0.009202975106596267,0.5429697930812836,0.021758942746476707
1475,0.6979847550392151,0.0092332786906756,0.5429781675338745,0.021712286185175147
1476,0.6979624629020691,0.009070844736514613,0.5429196655750275,0.0221384329704688
1477,0.6978542804718018,0.008895682434103339,0.5430781543254852,0.022350515912175618
1478,0.6976718902587891,0.008647943258556303,0.5433856844902039,0.02272642365404428
1479,0.6975810825824738,0.008515222832595497,0.5434760749340057,0.02298330869571818
1480,0.6974567770957947,0.008296354248278424,0.543698638677597,0.02328600736172342
1481,0.6972884237766266,0.008106819870524935,0.544002890586853,0.023470484117655604
1482,0.6972035765647888,0.007938443210723912,0.5440914630889893,0.023864135682747353
1483,0.6971085965633392,0.007765008929101583,0.5441302359104156,0.024232878460369166
1484,0.6969248354434967,0.007486586847838618,0.5443495512008667,0.024669730545184582
1485,0.6967615187168121,0.0072787185909828885,0.5445843040943146,0.02480346249550965
1486,0.6965833604335785,0.007029124954101374,0.544818103313446,0.025075351815253426
1487,0.6964960992336273,0.006877902061644286,0.5448713600635529,0.02536924178991989
1488,0.6962961256504059,0.0065870045132220955,0.545071005821228,0.025823121201533707
1489,0.696131020784378,0.00636000158714242,0.545318603515625,0.026114187337349944
1490,0.6960371732711792,0.006229472797304182,0.5455164611339569,0.026289391786609728
1491,0.6959084570407867,0.006038168251913233,0.5456811785697937,0.02641806611511349
1492,0.6957536339759827,0.005811544647470157,0.5457967221736908,0.026751827008471257
1493,0.6955645680427551,0.005537927306937432,0.5460407435894012,0.02708419705582817
1494,0.6954863369464874,0.005413889131769871,0.5461711883544922,0.027392416958988336
1495,0.6952976584434509,0.005141746930935029,0.5463973581790924,0.02774480675938792
1496,0.6951186656951904,0.004880773644955572,0.5465425550937653,0.028118396424588486
1497,0.6949237287044525,0.004600960717691747,0.546751081943512,0.02849051095009117
1498,0.6949181854724884,0.004586125027015912,0.5468470752239227,0.02865796037922495
1499,0.6947896778583527,0.004419307800609794,0.5471019148826599,0.028734625496666267
1500,0.6220219433307648,0.09979956473579449,0.6266956627368927,0.16726925135639792
1501,0.622105211019516,0.09968517818893592,0.6267112195491791,0.1671527574671138
1502,0.6222016215324402,0.09954756872854785,0.6267267167568207,0.16703685363370885
1503,0.6222654283046722,0.0994487343687898,0.6267025768756866,0.1667535425180186
1504,0.6222698390483856,0.09944940871836598,0.6266785264015198,0.16675097156025945
1505,0.6222058236598969,0.09953100501708308,0.6267530918121338,0.166776259669366
1506,0.6222091019153595,0.09951507350834596,0.6269451379776001,0.16663464625836938
1507,0.6222719848155975,0.0994444353902417,0.6268226504325867,0.1667155682075103
1508,0.6223007440567017,0.09940679825452146,0.6267789900302887,0.1667407298760713
1509,0.6222564280033112,0.09946786903801376,0.6268330812454224,0.16662790276260764
1510,0.6222310662269592,0.09949109195154325,0.6269063055515289,0.16654314545025223
1511,0.622252345085144,0.0994773520789287,0.626785159111023,0.16662343519666548
1512,0.6221969127655029,0.09954217393193845,0.6268968880176544,0.16653909935279518
1513,0.6220503151416779,0.09975547913225209,0.6269694268703461,0.1668920370622254
1514,0.6219547688961029,0.09989683966215764,0.6269645690917969,0.16702534754406537
1515,0.6218642294406891,0.1000092874539847,0.6271134316921234,0.16694067452540698
1516,0.621813952922821,0.10007651167735958,0.6272040605545044,0.1669376820991627
1517,0.6216053366661072,0.10034802167546675,0.6274472177028656,0.16709695503968539
1518,0.6216439604759216,0.10030528477107671,0.627364993095398,0.16706665145560604
1519,0.6215801239013672,0.1003946360899198,0.6273592114448547,0.16719789674186897
1520,0.6214868724346161,0.10050957054580902,0.6275053024291992,0.16727485688724986
1521,0.6213082373142242,0.10078563240355537,0.6276317834854126,0.16743181175110444
1522,0.6211279034614563,0.101029873390676,0.6278331577777863,0.1675345236209255
1523,0.6211336255073547,0.10103341372595091,0.6278263628482819,0.1676634086836718
1524,0.6213127672672272,0.10078807692076899,0.6277255713939667,0.1675523938846941
1525,0.6212247908115387,0.10089310686725815,0.6278315186500549,0.1674684795093089
1526,0.6212488412857056,0.10084046545346805,0.6278621554374695,0.16733200801383064
1527,0.6213875114917755,0.10059757316549976,0.6279672980308533,0.16693228730255333
1528,0.6213720142841339,0.1006430074681945,0.6279230117797852,0.1670610880716026
1529,0.6211531460285187,0.10094882500098955,0.6281203627586365,0.1672680290977911
1530,0.6209551692008972,0.10121683681067033,0.6283538639545441,0.16736922368106577
1531,0.6211080253124237,0.10098574564028509,0.6282719671726227,0.1670777360767644
1532,0.6211504340171814,0.10093698173655799,0.6281720399856567,0.1670745750631261
1533,0.6212117075920105,0.1008631404579669,0.628072589635849,0.16707141404948778
1534,0.6212265491485596,0.10081897056072749,0.628046989440918,0.16686055336638778
1535,0.621347039937973,0.10065404994250435,0.6279116570949554,0.16670254483132044
1536,0.6211938261985779,0.10082942297915819,0.6282154321670532,0.16659688268210363
1537,0.6211512088775635,0.10088775421749727,0.6283537447452545,0.16662069565151227
1538,0.6212139129638672,0.10081003542884318,0.6283459365367889,0.16664429788667837
1539,0.6213863790035248,0.1005962244663474,0.6282656192779541,0.1666165231135097
1540,0.6214419901371002,0.10049776942822596,0.628276139497757,0.1665120410760512
1541,0.6215291023254395,0.10043248395988258,0.6281240880489349,0.16668905783979696
1542,0.6215150058269501,0.10043033447060853,0.6283150613307953,0.16653395743727686
1543,0.6214370727539062,0.10053060182321595,0.6283973455429077,0.16637957353118146
1544,0.6214182674884796,0.10054488960486115,0.6285150647163391,0.16637805624463506
1545,0.6213156282901764,0.10070302458047402,0.6285964846611023,0.1666295886365481
1546,0.6213150024414062,0.1006696864233019,0.6286596655845642,0.1665012936296809
1547,0.6213781535625458,0.10059689881592358,0.6284910142421722,0.16649956560889198
1548,0.6212887167930603,0.1006909284349514,0.6286252439022064,0.16642243687611705
1549,0.6213419437408447,0.10060048129804701,0.6286170184612274,0.16634564531813018
1550,0.6213668882846832,0.10058113589458051,0.6285557746887207,0.16644431109049418
1551,0.6213147938251495,0.10066129920044822,0.628600686788559,0.16659245726300997
1552,0.6213718056678772,0.10061169235975091,0.6285573542118073,0.16671502029847965
1553,0.6213663816452026,0.10061683427526924,0.6286371946334839,0.16671278651550858
1554,0.6212153136730194,0.10082643055291392,0.6287167072296143,0.16676015957323484
1555,0.621184378862381,0.10085955797584348,0.6287958323955536,0.16675784149656672
1556,0.6211489737033844,0.10093913122583204,0.6286651790142059,0.16700237751162694
1557,0.621095210313797,0.10100184573641625,0.6286744177341461,0.16695028400686748
1558,0.6210205852985382,0.10115652467045123,0.6286140978336334,0.167242445960745
1559,0.6210299432277679,0.1011045997530858,0.6286234557628632,0.1672390742128641
1560,0.6128232777118683,0.1126068961801939,0.6015625,0.14363106492851746
1561,0.5938522219657898,0.12605810502929424,0.63671875,0.14915533665653738
1562,0.5867019891738892,0.13544698988467208,0.65625,0.16204527592401813
1563,0.5813059359788895,0.14467266106919144,0.6640625,0.16572815184059708
1564,0.5752893835306168,0.15736788189655188,0.671875,0.1767766952966369
1565,0.5672601461410522,0.16787410077937776,0.6796875,0.18414236283609775
1566,0.5704260021448135,0.16540157698491043,0.6741071343421936,0.1925603528891786
1567,0.5688868165016174,0.16887905023527153,0.6728515625,0.20025485014072147
1568,0.5734653621912003,0.16377099970972095,0.6631944477558136,0.20132904686871864
1569,0.5758764743804932,0.16111804525677847,0.667187511920929,0.1988737822087165
1570,0.5772729963064194,0.15867051454347808,0.6661931872367859,0.19284728863384076
1571,0.5810946077108383,0.15384807213686158,0.6653645932674408,0.19150807252240712
1572,0.5831002593040466,0.15134494973037532,0.6634615361690521,0.19037491235334322
1573,0.5839410871267319,0.1502408919602082,0.6635044515132904,0.1870360390143102
1574,0.5851552784442902,0.14825065455325104,0.6645833253860474,0.18266924618694497
1575,0.5888844281435013,0.14222384487701148,0.66552734375,0.17194295753461947
1576,0.5881324708461761,0.14328668302933495,0.6668198704719543,0.170927471366598
1577,0.585560604929924,0.14762601718489532,0.6688368022441864,0.17739047985150103
1578,0.5872142463922501,0.1458904521100652,0.6661184430122375,0.1791026955722561
1579,0.588265910744667,0.14325897147643904,0.6664062440395355,0.17567181566292378
1580,0.5866185277700424,0.14499698106848277,0.6677827537059784,0.17730281440659837
1581,0.5867010653018951,0.14481298900130846,0.6683238744735718,0.1767766952966369
1582,0.5862217992544174,0.14430206383023517,0.6708559989929199,0.17437483069369805
1583,0.5881151854991913,0.1406959162513703,0.669921875,0.16756954765203805
1584,0.5896647125482559,0.13912141535812458,0.6684375107288361,0.16749591710768952
1585,0.5902116745710373,0.13755603925758145,0.6682692170143127,0.16572815184059708
1586,0.5906467437744141,0.13718217563786558,0.6672453582286835,0.16450054058402028
1587,0.589466467499733,0.1369515270093897,0.6702008843421936,0.1633605947723461
1588,0.5895735025405884,0.13680765874199777,0.6702586114406586,0.16610911720428706
1589,0.5892718434333801,0.1370248835992229,0.671875,0.16572815184059708
1590,0.589406743645668,0.13587846824630234,0.672631025314331,0.1628769175388351
1591,0.5890659242868423,0.13639114251158885,0.673095703125,0.1612396810615809
1592,0.5886058509349823,0.13850099267461996,0.6732954382896423,0.16606296640516763
1593,0.5866373032331467,0.13885854546396212,0.6755514740943909,0.16572815184059708
1594,0.5859892666339874,0.14030352909173388,0.6754464209079742,0.16793786896117474
1595,0.5859709084033966,0.1404939485533061,0.6759982705116272,0.16849028770460703
1596,0.5835792273283005,0.14401546526036108,0.6767314076423645,0.1711031394311914
1597,0.5853061228990555,0.14282502752417087,0.6755756735801697,0.17038015239183552
1598,0.5840025991201401,0.1444682067070651,0.6770833432674408,0.1716773902421523
1599,0.58464016020298,0.14422851757958363,0.676562488079071,0.17125242356861697
1600,0.5664873272180557,0.17040592518969994,0.6731367707252502,0.18950032309989365
1601,0.5664303451776505,0.1705969347071513,0.6731136739253998,0.18983374681846335
1602,0.5664343982934952,0.17054610560784716,0.6731105148792267,0.18985667470405326
1603,0.5663019269704819,0.17072822214026273,0.6732063591480255,0.18990758809705444
1604,0.5663429200649261,0.17065305323594354,0.6733412444591522,0.1897905884455882
1605,0.566254273056984,0.17076248752810208,0.6732981204986572,0.1899249104517924
1606,0.5664616227149963,0.17046697489976795,0.6732749044895172,0.18975290916301946
1607,0.566429004073143,0.17049203120120768,0.6733106076717377,0.1896649065433287
1608,0.5663571506738663,0.17051854156892104,0.6734243035316467,0.18968796086946416
1609,0.5663297176361084,0.1705371915493871,0.6734204590320587,0.18976605897975485
1610,0.5664495229721069,0.17042482805125705,0.6733971536159515,0.18970621045486938
1611,0.5665505528450012,0.17031094726658064,0.6733739376068115,0.18970153215468466
1612,0.5664217621088028,0.17046434072173602,0.6734476685523987,0.18966950054981638
1613,0.5663367062807083,0.17058319483453674,0.6734823882579803,0.18974684001683387
1614,0.5662053674459457,0.17080366499909724,0.6735747456550598,0.1899600609234505
1615,0.5660770535469055,0.17103899192775782,0.6736282110214233,0.19022651329973636
1616,0.5659687966108322,0.17116368337907728,0.6737963855266571,0.19027485573497835
1617,0.5660840421915054,0.17099050197854604,0.6737534403800964,0.1900795893858274
1618,0.5661187618970871,0.17097006075701823,0.6735962927341461,0.19020893806390732
1619,0.5661511570215225,0.17092298272723158,0.6735540330410004,0.19017623210946286
1620,0.5660237967967987,0.17109879830579477,0.6736638247966766,0.19030469570372407
1621,0.5660017132759094,0.17113845849024353,0.6736784279346466,0.19035223734884435
1622,0.5658673942089081,0.17130632938786242,0.6737496256828308,0.1905330894758046
1623,0.5658112317323685,0.1713598769588955,0.6737639605998993,0.190633188241018
1624,0.5659114569425583,0.1713072355451054,0.6735338270664215,0.19081248093458333
1625,0.5659930258989334,0.1712287159663296,0.6734361052513123,0.19069923235263456
1626,0.5660284012556076,0.17117590596514545,0.6733013987541199,0.19085112959466782
1627,0.5660402029752731,0.1711915845927915,0.6732420027256012,0.19100222604657938
1628,0.566138505935669,0.17108172883214787,0.6731829047203064,0.1908367153724771
1629,0.5662456750869751,0.170927555660295,0.6731612086296082,0.1906719211947995
1630,0.5662870705127716,0.17087592577086916,0.6730470061302185,0.19063896235926397
1631,0.5662947446107864,0.17086212267798184,0.6730257272720337,0.1907369116352033
1632,0.5662251263856888,0.1709346995511176,0.6730599105358124,0.19070391065281925
1633,0.5661959946155548,0.17087002521207764,0.673167496919632,0.19051500847779343
1634,0.5664056241512299,0.17059725080851512,0.6729809045791626,0.19037891630395176
1635,0.5665137618780136,0.17049228408229875,0.6727951765060425,0.1903988096164489
1636,0.5664779096841812,0.17045127519869765,0.6728478372097015,0.19028943854456312
1637,0.5664891749620438,0.17033494989680759,0.6729002594947815,0.1899743908519442
1638,0.5664791315793991,0.17035033349651404,0.6729888021945953,0.19007221368733798
1639,0.5666163563728333,0.17018501248323006,0.6728229224681854,0.18996440204884713
1640,0.5665942877531052,0.17020956302248766,0.6728569269180298,0.19013859497374264
1641,0.5665555745363235,0.17013854558274683,0.6729810833930969,0.19003112051003987
1642,0.5665968209505081,0.17001960717624906,0.6729965507984161,0.1899241096616707
1643,0.5667147934436798,0.16992340699452296,0.6729220449924469,0.18984301912513574
1644,0.5666989833116531,0.16994711459681033,0.6730272769927979,0.18976230791023738
1645,0.5666339546442032,0.17005416759202802,0.6730962097644806,0.1899349835485865
1646,0.5666003823280334,0.17008419722159202,0.6730576753616333,0.18990493284559823
1647,0.5666908174753189,0.1698982242525377,0.6729837357997894,0.1896230968696059
1648,0.5667110234498978,0.1699306773258911,0.6729457080364227,0.18969440933728632
1649,0.5668187290430069,0.16974674847898955,0.6728723645210266,0.18941434352893144
1650,0.5668524503707886,0.16967023087551802,0.6727816164493561,0.18926063397241222
1651,0.5669088363647461,0.1696992279072935,0.6727089881896973,0.18938222763036613
1652,0.566880390048027,0.1697728373782178,0.6727071106433868,0.18955304880738078
1653,0.5669110715389252,0.16976206885842327,0.6726700663566589,0.1895739957910907
1654,0.5667418986558914,0.16994332138044435,0.6727559566497803,0.1896692476687253
1655,0.566931426525116,0.16972957363822136,0.6725965738296509,0.18966511727757127
1656,0.5667761266231537,0.16995240402629846,0.6727171242237091,0.18975973695247822
1657,0.5666886270046234,0.17003787783507854,0.6727674603462219,0.18970616830802087
1658,0.5666460394859314,0.17014859760611667,0.6728002429008484,0.18977571060806384
1659,0.5670014321804047,0.169699101466748,0.6724514663219452,0.18974684001683387
1660,0.5668856799602509,0.16984459238780758,0.6725193858146667,0.18981600299524026
1661,0.5669636279344559,0.1697159812795766,0.672586977481842,0.18968956244970758
1662,0.5668981671333313,0.1697947326660192,0.6726198792457581,0.18966107118011422
1663,0.5667695850133896,0.1700014418845409,0.672635406255722,0.18985144849483793
1664,0.5668121874332428,0.1699565344174525,0.6725651621818542,0.18987129966048655
1665,0.5668030828237534,0.169994192626597,0.6725465357303619,0.1899635591118769
1666,0.5666838437318802,0.1701640865729444,0.6726645827293396,0.19010378167687264
1667,0.5667942017316818,0.17000161047193493,0.6726969182491302,0.1898819628131598
1668,0.5666626989841461,0.17017047182049383,0.672814130783081,0.1899255848013686
1669,0.566774994134903,0.17005288211314842,0.6726424694061279,0.1900889459861968
1670,0.5667497962713242,0.17011355250157986,0.6726915836334229,0.19017973029788926
1671,0.5666881203651428,0.17018678265086754,0.6728080213069916,0.19027021958164217
1672,0.5665987581014633,0.1703059950118806,0.6729745268821716,0.19024109610932113
1673,0.5667141079902649,0.1701173246445216,0.673022598028183,0.19014074446301668
1674,0.5667339116334915,0.1701268287588608,0.6729530096054077,0.19025441451345057
1675,0.5667378902435303,0.17009945438075297,0.6729841828346252,0.1900834668958904
1676,0.5667974203824997,0.17003423213268234,0.6728648841381073,0.19012590877234087
1677,0.566751629114151,0.17011888407791648,0.672846108675003,0.19016813991454878
1678,0.5667433738708496,0.17013182316040934,0.6728939414024353,0.1901160885566378
1679,0.5666821151971817,0.17022267069237457,0.6729415655136108,0.19011128381590758
1680,0.566719263792038,0.17017300063140448,0.672989010810852,0.19015326207702443
1681,0.5666794329881668,0.1701996585130876,0.6729866564273834,0.1901716802498237
1682,0.5665945410728455,0.17028313034656345,0.6731162667274475,0.1901433997144729
1683,0.566610649228096,0.1702530164233024,0.6730971932411194,0.19009198055928958
1684,0.5665395110845566,0.17031745895467557,0.6731767356395721,0.18999432631128985
1685,0.5666362345218658,0.17019466411153908,0.6731412410736084,0.1898738284713972
1686,0.5666315406560898,0.17008455546980436,0.673253059387207,0.1896382275882213
1687,0.5666629821062088,0.16996102305681893,0.6732991635799408,0.18940359608256116
1688,0.5665493607521057,0.17005966775575868,0.6734102368354797,0.18926210911211008
1689,0.5665010213851929,0.17003825715671514,0.6735208034515381,0.18912117005068965
1690,0.5664903372526169,0.1700371824120781,0.6734687387943268,0.18916437057041333
1691,0.5664588510990143,0.17007226966346342,0.6734492480754852,0.18920736035589444
1692,0.5664257854223251,0.17002116660964398,0.6735913753509521,0.18902178778190096
1693,0.5661767721176147,0.17026180404121694,0.6738296449184418,0.18901930111783882
1694,0.5663059800863266,0.1700623019337906,0.6737934648990631,0.18894857870603754
1695,0.5662782341241837,0.17003469574801597,0.6738376617431641,0.18881004201498225
1696,0.5663135796785355,0.1699090981394535,0.6739137172698975,0.18858143750865913
1697,0.5662152916193008,0.1699310987943762,0.6740534603595734,0.18844424951675617
1698,0.566134586930275,0.1700355386849862,0.6741288006305695,0.1883978036896972
1699,0.5661589056253433,0.16996254034336533,0.6742038130760193,0.18826154292846145
1700,0.5286842286586761,0.16140401162392487,0.736394852399826,0.12102969097400501
1701,0.5288760513067245,0.16108224150896847,0.7363100945949554,0.12077773711360688
1702,0.5290561318397522,0.16085218293637174,0.7362257838249207,0.12052700551181557
1703,0.529066413640976,0.16127082758263045,0.736201286315918,0.12086552899905507
1704,0.5290390700101852,0.16124627704337285,0.736236184835434,0.12078346908500437
1705,0.5289228856563568,0.1612277535034523,0.7362905740737915,0.12078536569318736
1706,0.5288898050785065,0.16135090659480114,0.7363446950912476,0.12084276970085919
1707,0.5290070474147797,0.16140047128864995,0.7362417876720428,0.12089996297428848
1708,0.5291607975959778,0.16138534057003456,0.736002504825592,0.12103976407079911
1709,0.5293732583522797,0.16126695007256744,0.7357839047908783,0.12115132677880745
1710,0.5293793827295303,0.16140411699104615,0.7356831431388855,0.12148239027386053
1711,0.5293587893247604,0.1616054524863827,0.7355634868144989,0.1216746220499187
1712,0.5294648855924606,0.1617839022429778,0.7352895736694336,0.1220301307171081
1713,0.5296412408351898,0.16175357758547423,0.734959065914154,0.1224657605433167
1714,0.5297056436538696,0.16175286108904954,0.7348227798938751,0.12257243421689777
1715,0.5297752171754837,0.16175806622484065,0.7347064018249512,0.12254272068869759
1716,0.5298250764608383,0.16187013469503111,0.7346481084823608,0.12270287871303899
1717,0.5298914462327957,0.16192353475209442,0.7345901131629944,0.12291631035389816
1718,0.5300315469503403,0.1619408571068324,0.7344179153442383,0.12307478250429912
1719,0.5301156342029572,0.1619357362647383,0.7341704666614532,0.12307103143478165
1720,0.5302107036113739,0.16196675634524235,0.7339432239532471,0.12325517101592574
1721,0.5302363634109497,0.16205201941977987,0.7338306605815887,0.12349199415770847
1722,0.5301193594932556,0.16235901706433323,0.73381307721138,0.1238612005506639
1723,0.53011554479599,0.1624977644896311,0.7336448431015015,0.12428195253934815
1724,0.5300491154193878,0.16272733837346992,0.7336090207099915,0.12456779246594903
1725,0.5300699025392532,0.16286366235497843,0.7335358560085297,0.12479913651742533
1726,0.5299557000398636,0.16314916510679123,0.7334630489349365,0.12508232119257
1727,0.5298656225204468,0.16339776829273273,0.7333532571792603,0.1254169671697465
1728,0.5299067497253418,0.16345314925167603,0.733355700969696,0.12553936161782217
1729,0.5300977379083633,0.16338603039542243,0.7331537902355194,0.12573993846988551
1730,0.5300869941711426,0.16349141859012392,0.7330825924873352,0.1258610263656573
1731,0.5301812887191772,0.1634240679262035,0.7330486476421356,0.12598152420554995
1732,0.5301145017147064,0.1636309668055435,0.7330702245235443,0.12623179219200764
1733,0.5299473255872726,0.16396744617063022,0.7330917119979858,0.1264289130024931
1734,0.5298917293548584,0.16411485477329707,0.7331314384937286,0.12649529428889775
1735,0.5297758281230927,0.1642933466767407,0.7331160306930542,0.1266390571891684
1736,0.529644101858139,0.16471262352572708,0.7330276072025299,0.12709217795750902
1737,0.5296252965927124,0.16497431330813123,0.7328849732875824,0.12731117298237163
1738,0.5295311510562897,0.16528742224571866,0.7328884303569794,0.1274777373276867
1739,0.5296735614538193,0.16515194120118037,0.7328011691570282,0.12741266259358586
1740,0.5298314690589905,0.16505767977448577,0.7326419055461884,0.1275014238565498
1741,0.5298716127872467,0.1650895006451115,0.7325014472007751,0.12771742645516815
1742,0.5297711938619614,0.16530805312806474,0.7326318919658661,0.12775413636022112
1743,0.5298512578010559,0.16541365205700878,0.7324381470680237,0.1280449074680978
1744,0.5300323665142059,0.16524055495017453,0.7323350012302399,0.12800457293407286
1745,0.5302111357450485,0.16521398136218843,0.7320712804794312,0.12814159233858177
1746,0.5302640348672867,0.1652679714751309,0.7319337427616119,0.12830322550262105
1747,0.5302112996578217,0.16542827701344207,0.731939285993576,0.12841373453941662
1748,0.5302878469228745,0.165448317839909,0.7318204641342163,0.12859913852601604
1749,0.5303732007741928,0.16541637052873773,0.7317375838756561,0.1286833900761893
1750,0.5303790271282196,0.1654775888261998,0.7316728234291077,0.12874226922355905
1751,0.5305366069078445,0.16538834287447798,0.7314847409725189,0.12887574829279305
1752,0.5307598263025284,0.16519092703605295,0.7312447130680084,0.12893391094373807
1753,0.5306704491376877,0.1653237317557108,0.7313396036624908,0.12896695407297062
1754,0.5307111293077469,0.16559604254393967,0.7311360538005829,0.1294213813936151
1755,0.5310214310884476,0.1653027847720009,0.7308809161186218,0.1294532022642408
1756,0.5309915840625763,0.16533150784926104,0.7309061884880066,0.12953420850707875
1757,0.5311288982629776,0.16540090263533425,0.7307049334049225,0.12963953348150747
1758,0.5312642604112625,0.16519783911920874,0.7306956946849823,0.1295723514049811
1759,0.5312176644802094,0.1652790771697135,0.7307558953762054,0.12950550650324283
1760,0.531200498342514,0.16540029150603083,0.7307985126972198,0.12956122463697423
1761,0.5312511324882507,0.1654887577410552,0.7307028472423553,0.12981199838561405
1762,0.531301274895668,0.16552127403468136,0.7306248247623444,0.1299398719239961
1763,0.5312517583370209,0.16569118905445301,0.7306674718856812,0.13014011160127134
1764,0.5311683714389801,0.16589787719955046,0.7305898368358612,0.13036370063262165
1765,0.5312401801347733,0.16585887029125362,0.7305981516838074,0.13032016293810988
1766,0.531219944357872,0.1660027174852213,0.7305210530757904,0.13063900384709481
1767,0.5311905443668365,0.16613457390078762,0.7304101884365082,0.13076367422499002
1768,0.531332790851593,0.16601829074574606,0.7302488386631012,0.13086381513705192
1769,0.5313182324171066,0.1662023249597689,0.7301730215549469,0.13108340021779366
1770,0.5315324664115906,0.1659432693553967,0.7300297617912292,0.13106270611517482
1771,0.5316084623336792,0.16587128253814007,0.729954719543457,0.1311376432118272
1772,0.5317071974277496,0.1658291778364777,0.7298968732357025,0.13128376633561445
1773,0.531685009598732,0.16600292821946386,0.7298392653465271,0.13142921510982555
1774,0.5317715704441071,0.16594702042491416,0.7297483384609222,0.13138424442246444
1775,0.5317927598953247,0.16596215114352955,0.729758232831955,0.1312447383538934
1776,0.5319146513938904,0.16586774220286515,0.7295843362808228,0.13131845319193894
1777,0.5318614691495895,0.1659044310344939,0.7295945584774017,0.1313683129137273
1778,0.5319220572710037,0.1658243941691717,0.7295215725898743,0.13130033004707925
1779,0.5319520384073257,0.16582304547001936,0.7294654548168182,0.13130306959223245
1780,0.5318743884563446,0.16608281757081625,0.7292936742305756,0.1317040547089651
1781,0.5318385064601898,0.1662091738226519,0.7294035851955414,0.13179939088029674
1782,0.5317486375570297,0.16643261534003242,0.7292821109294891,0.1321276305364996
1783,0.53165502846241,0.16655766503956423,0.7293257713317871,0.13212859991401532
1784,0.5315907001495361,0.16675678782535397,0.7293363809585571,0.13236184057367462
1785,0.5315828323364258,0.16672736932509336,0.7292650043964386,0.13238548495568922
1786,0.5314886569976807,0.16678924089870734,0.7294065654277802,0.13247846090350426
1787,0.5314689725637436,0.16677619644909322,0.7294822335243225,0.13243247869177888
1788,0.5314770638942719,0.16668400021797564,0.729557603597641,0.13238674936114456
1789,0.5314038097858429,0.16700212463053588,0.7293725609779358,0.13270896201801033
1790,0.5314936488866806,0.16697403375600336,0.7292207479476929,0.13275456490809914
1791,0.5318060666322708,0.16673619908985637,0.7289562225341797,0.13286869857386663
1792,0.5317766219377518,0.16691464884645152,0.7287735939025879,0.13318791880448813
1793,0.5318250954151154,0.1670660192528784,0.7284788489341736,0.133574236817939
1794,0.5317142158746719,0.16722889574894872,0.7285392582416534,0.13364044951694962
1795,0.5316893756389618,0.16722272123564189,0.7286315262317657,0.1336155828763282
1796,0.5317889302968979,0.1672755523102503,0.7285151183605194,0.1338853227067979
1797,0.5318333655595779,0.16710287667190116,0.7283832430839539,0.13386007674453987
1798,0.5317373871803284,0.16717446309409692,0.728379487991333,0.13401543002815103
1799,0.5318727344274521,0.16723905313943985,0.7283280193805695,0.13414764469192972
1800,0.5401170998811722,0.218298063502205,0.6708825528621674,0.23015386662119822
1801,0.5399024039506912,0.21828331210522617,0.6710840463638306,0.23007425122436112
1802,0.5398674160242081,0.2182474029902949,0.6711059212684631,0.2301352798610049
1803,0.5399269908666611,0.21803274909082893,0.671107828617096,0.2301680701091464
1804,0.5398236662149429,0.21812458707373414,0.6710702776908875,0.2303123809184477
1805,0.5397260189056396,0.2182541675594809,0.6710132360458374,0.2306509886993842
1806,0.5395761281251907,0.21838092420637742,0.6710940003395081,0.23068217736728225
1807,0.5396539121866226,0.2181534155181156,0.6711743772029877,0.2303252357072435
1808,0.5397849231958389,0.21784919956556398,0.6710783541202545,0.23027415372684829
1809,0.5397324413061142,0.21785286634138443,0.6712363660335541,0.23014063251076577
1810,0.5397893041372299,0.2176906852683145,0.6712379455566406,0.23006278728156615
1811,0.5397426038980484,0.21779744323559258,0.671181321144104,0.23023230190627697
1812,0.5395661294460297,0.21791467469472564,0.6713765859603882,0.23009987650825575
1813,0.5396245867013931,0.21775546497447573,0.6714164316654205,0.22996808331296217
1814,0.539596438407898,0.21777285054948647,0.6713405251502991,0.22994587192379695
1815,0.5396598130464554,0.21756184235241668,0.671418696641922,0.22970643567740656
1816,0.5397511720657349,0.21748574621743028,0.6712664663791656,0.22968502507836303
1817,0.5396440625190735,0.21737169684535979,0.6714400351047516,0.2294203428697146
1818,0.5396026521921158,0.2172291351302717,0.6716699600219727,0.22907604526422912
1819,0.5396143198013306,0.2170440472450361,0.6719178259372711,0.2287065438433341
1820,0.5395665615797043,0.2169281644850554,0.6721454560756683,0.22841935521758086
1821,0.5397043824195862,0.21677928074269068,0.6720501482486725,0.22821384718424176
1822,0.5396105796098709,0.21677858531969024,0.6721252501010895,0.22819631409526123
1823,0.5393458157777786,0.2168686109881095,0.6723507940769196,0.22807231806694217
1824,0.5393419116735458,0.2167490403788841,0.6724812090396881,0.22776279161147817
1825,0.5391368120908737,0.21690430936879823,0.6727235317230225,0.2277200125602396
1826,0.5389127880334854,0.21696858331277735,0.6730208098888397,0.22743927240230855
1827,0.5389305800199509,0.21697789776629825,0.6731113791465759,0.22745018843607287
1828,0.5388596504926682,0.2168968915234603,0.6733132302761078,0.2271451716933995
1829,0.5388265252113342,0.2166060571953109,0.6735883951187134,0.2267364737033894
1830,0.5387932658195496,0.21663867885605834,0.6737511157989502,0.22659174142560298
1831,0.5386424958705902,0.21696367320492582,0.6738390922546387,0.2266569004534008
1832,0.538820892572403,0.21659193800105975,0.6738344728946686,0.2264870065070534
1833,0.5389606058597565,0.21640278294494286,0.6738298535346985,0.22631787120397917
1834,0.538924366235733,0.21621404935731106,0.6739537417888641,0.22612361637919248
1835,0.5389215499162674,0.21611856567200963,0.6740221083164215,0.2260079654268786
1836,0.5388416051864624,0.216014568323309,0.674090176820755,0.22578947616419812
1837,0.5388253033161163,0.21583548636398622,0.6741579174995422,0.22552045283015307
1838,0.5388415157794952,0.21592930524877146,0.6744071841239929,0.22535557435877845
1839,0.5388158410787582,0.21559118215659281,0.6744738817214966,0.2249348645169427
1840,0.5388012081384659,0.2154085598619951,0.6745945513248444,0.22464409340906605
1841,0.538803294301033,0.2151934423471955,0.6747868955135345,0.22425254918639984
1842,0.5386528670787811,0.2151363544408875,0.6751224994659424,0.22391373067122078
1843,0.5386173725128174,0.21488115527315405,0.6753487288951874,0.2235765137362851
1844,0.5385715365409851,0.2149111638292938,0.6754662692546844,0.223545156480993
1845,0.538456067442894,0.21470921720465386,0.6756369769573212,0.22323563002552899
1846,0.5383437275886536,0.21439478064133832,0.675896167755127,0.22280122245792722
1847,0.5382635295391083,0.21449766109855342,0.6760651171207428,0.22274672658280262
1848,0.5381698906421661,0.21432165585917193,0.6762688457965851,0.2224913166808266
1849,0.5382731258869171,0.21414345898366788,0.6762943267822266,0.2223875932866413
1850,0.5381022840738297,0.21408675039899647,0.6765496730804443,0.2220591850430444
1851,0.5380260646343231,0.21384387918445244,0.6768391728401184,0.22163232176132608
1852,0.5377688705921173,0.2139342420276598,0.6770569086074829,0.2215063026842785
1853,0.5378083437681198,0.21359072413887176,0.6772385239601135,0.22113237584428985
1854,0.5376775413751602,0.21337716605746704,0.67745441198349,0.22071057018439283
1855,0.5377245992422104,0.21294157837810695,0.6776168346405029,0.22021635623875407
1856,0.537654846906662,0.21292499359321793,0.6778309047222137,0.2199958860741936
1857,0.5375075042247772,0.2128568842860243,0.678131103515625,0.21965327434264853
1858,0.5372949540615082,0.21269756919865312,0.6784299314022064,0.21926303667228617
1859,0.5372153520584106,0.21256594459075362,0.6785887479782104,0.21887456916956124
1860,0.5369872748851776,0.21240549153847263,0.6788506805896759,0.21863454286729173
1861,0.5370075106620789,0.21192421667532674,0.6789560914039612,0.2180294405632208
1862,0.5369116067886353,0.21157448212638333,0.6791643798351288,0.21762192268496897
1863,0.5367721766233444,0.21139917231000227,0.6793889403343201,0.2171918140959153
1864,0.5366337299346924,0.21109358658487404,0.6795781850814819,0.21681215528452916
1865,0.5365386009216309,0.211182432141535,0.6798350512981415,0.216724447692778
1866,0.5362956523895264,0.21105186120484826,0.6800908148288727,0.2164440025627865
1867,0.5361536294221878,0.21067799758513236,0.6803284287452698,0.21599619229735825
1868,0.535885825753212,0.21024970131056467,0.6806329786777496,0.2154060099776602
1869,0.5359215587377548,0.21038882805749912,0.6806479096412659,0.21532217989597205
1870,0.5357472747564316,0.21002451069897096,0.6808319687843323,0.21495145621647022
1871,0.5354009568691254,0.20979204975600912,0.6811841428279877,0.21458237626406032
1872,0.5351235121488571,0.20975021900886207,0.6814336776733398,0.2144054859408601
1873,0.5350787788629532,0.20967776857627182,0.681614875793457,0.21413422882384398
1874,0.5348194986581802,0.20960316865440756,0.681845635175705,0.21384050743657157
1875,0.5344435423612595,0.20943369617654525,0.6821925938129425,0.21342957566359033
1876,0.5341528654098511,0.20933876040027447,0.6825046837329865,0.21320940052696943
1877,0.5338723808526993,0.20905660832291828,0.6828487515449524,0.2128487499442617
1878,0.5335765182971954,0.20886355468331413,0.6831913888454437,0.21248961664810037
1879,0.5334402471780777,0.20826517480158072,0.683432936668396,0.21199114587076204
1880,0.5332522094249725,0.2079983641770825,0.683640331029892,0.2116822516180257
1881,0.5331319123506546,0.2076612104624196,0.6837642192840576,0.21125770641297545
1882,0.5329567044973373,0.207409383042567,0.6840690076351166,0.21095167814593785
1883,0.5328218340873718,0.20726749567705507,0.6843231618404388,0.21067013719788508
1884,0.5325474441051483,0.206998303755616,0.6846583485603333,0.2102736617939431
1885,0.5322926938533783,0.2063683769577722,0.6849757432937622,0.2097629262836881
1886,0.5320399403572083,0.2059963467259665,0.6852591037750244,0.20930065964922062
1887,0.5318586528301239,0.20564260822641459,0.6855412721633911,0.2089787420202944
1888,0.5316887497901917,0.2055317198679824,0.6857571005821228,0.20870428174279146
1889,0.5314567536115646,0.20531704489509217,0.6859883069992065,0.208362049332883
1890,0.5312376469373703,0.2050172122147857,0.6862185299396515,0.20797526770409852
1891,0.5309457927942276,0.2045750496270579,0.686577320098877,0.2074985447005918
1892,0.5308447480201721,0.20405927756840583,0.6868700087070465,0.2070695319295994
1893,0.5305837541818619,0.20353764709781075,0.6871937215328217,0.20659664428930719
1894,0.530354231595993,0.2029921615109585,0.6875,0.20601194105991555
1895,0.530132919549942,0.20241466539266223,0.6877889931201935,0.20536157304054395
1896,0.5298907309770584,0.2020653733856282,0.6880286931991577,0.20509904032116957
1897,0.5299216359853745,0.2018123658540173,0.6881875097751617,0.2046792998568496
1898,0.5295872688293457,0.2014275440536886,0.6884892880916595,0.2042386967025167
1899,0.529255822300911,0.20131431654516407,0.6887897849082947,0.20398004149320534
1900,0.44392913579940796,0.11158926052289836,0.8099465370178223,0.04375685812401019
1901,0.4438924193382263,0.11135694709390631,0.8099132478237152,0.043589155813785335
1902,0.4438248574733734,0.11133937185807727,0.8099396526813507,0.04361874290143999
1903,0.44361284375190735,0.11118941337107552,0.8101045489311218,0.04339624968815097
1904,0.44346678256988525,0.11106360502827049,0.8101500868797302,0.0433982727368795
1905,0.4434520751237869,0.11079603576049908,0.8100772202014923,0.04328881737129671
1906,0.4435555040836334,0.11044703878140463,0.8099850714206696,0.04320772683476175
1907,0.443463072180748,0.1104660680835073,0.8100697994232178,0.04309936728724024
1908,0.44348883628845215,0.11028785013457898,0.8101149499416351,0.043046810167147155
1909,0.4433729648590088,0.11006253308243974,0.8101989328861237,0.04288420762559212
1910,0.4432675540447235,0.10986229340516449,0.8102629780769348,0.04280492940354313
1911,0.4431784152984619,0.10963533262593332,0.8103461861610413,0.042698635051598655
1912,0.4431944340467453,0.1095174268172241,0.810312807559967,0.042702343974267615
1913,0.4432234913110733,0.10920962838254904,0.8102602660655975,0.042569454960912766
1914,0.4431188404560089,0.10924147032659902,0.8102658092975616,0.04262795478664589
1915,0.44305168092250824,0.10917325565228413,0.8103289306163788,0.0426589748671499
1916,0.4428914189338684,0.10911599915858208,0.810391753911972,0.04263562551307487
1917,0.44264616072177887,0.10894199589450486,0.8104542791843414,0.04261244474639388
1918,0.44256043434143066,0.10925778115697272,0.8105355501174927,0.0427781240078902
1919,0.442563459277153,0.10882647138273649,0.8105593621730804,0.04253944640477301
1920,0.442422017455101,0.1085436660292284,0.8106210231781006,0.04240925478972286
1921,0.4423051029443741,0.108381611396704,0.8106445074081421,0.04227969537740037
1922,0.4421286880970001,0.10808605662152136,0.8108000755310059,0.042177447122912944
1923,0.44227416813373566,0.10735761156528333,0.8108230233192444,0.04204906782234876
1924,0.4423658549785614,0.1074525051947056,0.8108082711696625,0.042293477396863434
1925,0.4423608183860779,0.10762096614820364,0.8107560575008392,0.04258976974189502
1926,0.4423791170120239,0.1074957900081263,0.8107602298259735,0.042487774368498654
1927,0.44236791133880615,0.10719958195679173,0.8107830584049225,0.0423599008301166
1928,0.44224900007247925,0.10705316380506488,0.8108802437782288,0.04212729237318498
1929,0.44219352304935455,0.10704648352957591,0.8109026849269867,0.04205340894774538
1930,0.4420562982559204,0.10688752669041707,0.8109990954399109,0.04197986269709387
1931,0.4421697109937668,0.1066247200165274,0.8108547627925873,0.04198513105315773
1932,0.44225873053073883,0.10661211810882264,0.8107848763465881,0.04199031511552457
1933,0.44235406816005707,0.10641997062646147,0.8107153475284576,0.04199549917789141
1934,0.442219540476799,0.10656385996727766,0.8107745945453644,0.042182378304188715
1935,0.44230906665325165,0.10649768941511556,0.8106138110160828,0.042213019063056134
1936,0.4420706480741501,0.10627844150916188,0.8107461333274841,0.042088432978857934
1937,0.44215261936187744,0.106105786944237,0.8106773197650909,0.04199027296867606
1938,0.4421343505382538,0.1058647491176032,0.8107179403305054,0.041892534426979294
1939,0.4421175718307495,0.10582694339448893,0.8107583522796631,0.04189784492989167
1940,0.44199493527412415,0.10540332542010594,0.8107985854148865,0.041749572316830345
1941,0.4418140947818756,0.10507323130256861,0.8108205497264862,0.04162755719039131
1942,0.4415673017501831,0.10490047137052246,0.8108785152435303,0.04155704551283258
1943,0.4415460377931595,0.10470303445867318,0.8108462989330292,0.04141058521425722
1944,0.4414551109075546,0.10470155931897529,0.8108679950237274,0.041391619132427324
1945,0.4410473257303238,0.10463534661996468,0.8111401200294495,0.04132211897923286
1946,0.44072550535202026,0.10446526301279897,0.811286062002182,0.041328651740752044
1947,0.44061379134655,0.10463572594160128,0.811360090970993,0.04143595761706078
1948,0.4403959661722183,0.10463821260566342,0.8114515244960785,0.04136683678550292
1949,0.440618172287941,0.10427962721853273,0.8113120794296265,0.041222821004141194
1950,0.45471590757369995,0.07573535796316593,0.8046875,0.011048543456039806
1951,0.40881864726543427,0.1582670849095318,0.82421875,0.08286407592029854
1952,0.44242917001247406,0.06621491172016135,0.8125,0.029462754451540472
1953,0.4380648136138916,0.02821714649064951,0.81640625,0.011048543456039806
1954,0.43491724133491516,0.015801527856310348,0.8218749761581421,0.0
1955,0.425500825047493,0.00013278364623357165,0.8268229067325592,0.02393852487036908
1956,0.41802120208740234,0.0063290236534869135,0.828125,0.01894037225231067
1957,0.4221664071083069,0.016313822799960263,0.82421875,0.016572815184059706
1958,0.4111797958612442,0.01919327441680029,0.8307291865348816,0.011048543456039806
1959,0.4088854193687439,0.007774407676319513,0.8304687440395355,0.012153423089752893
1960,0.41970571875572205,0.02307051052528722,0.8245738744735718,0.005022049881164089
1961,0.4157896637916565,0.012464719712854356,0.82421875,0.0073656675394608625
1962,0.41105490922927856,0.00828577538930219,0.8257211446762085,0.005099347201333069
1963,0.4101557731628418,0.01135423454828932,0.8253348469734192,0.005524271728019903
1964,0.4081115126609802,0.012408917285425931,0.8260416388511658,0.0
1965,0.4055995047092438,0.01427235589863809,0.82568359375,0.0006905339660024879
1966,0.4075622409582138,0.009748123518660425,0.825367659330368,0.0012998509549244828
1967,0.40510348975658417,0.006135759279640209,0.8259548842906952,0.004296660471443092
1968,0.40250664949417114,0.007409584555609214,0.8260690867900848,0.005233500620143244
1969,0.40075793862342834,0.006387565626068545,0.8269531428813934,0.004971852984587614
1970,0.40098893642425537,0.005416755117468612,0.8258928656578064,0.004208952879691922
1971,0.3991331160068512,0.012158269977331645,0.8267045319080353,0.0010044015468631156
1972,0.39887815713882446,0.011161286275806447,0.82642662525177,0.0004803897793271702
1973,0.39839714765548706,0.006585740107766769,0.828125,0.0036828759165789425
1974,0.39644815027713776,0.004495361788747702,0.8287500143051147,0.0044194342411553265
1975,0.39680957794189453,0.002277278518740626,0.8269230723381042,0.00424941385426238
1976,0.4000479131937027,0.003664520964052448,0.8260995447635651,0.002864426265345891
1977,0.4035781919956207,0.005575438002112128,0.8244977593421936,0.00039457879575898993
1978,0.40432529151439667,0.0013331680386723447,0.82408407330513,0.0019049111121468775
1979,0.4031638652086258,0.0002545880384300554,0.8244791626930237,0.0014731166491527682
1980,0.4037334620952606,0.0031653126168651635,0.8248487710952759,0.00035639375100811994
1981,0.40461958944797516,0.007297073543509383,0.82568359375,0.0020716018980074633
1982,0.4068475365638733,0.006195249556313336,0.8241003751754761,0.0023436176582967735
1983,0.4061681628227234,0.005793210768367917,0.8239889740943909,0.0045494151219629235
1984,0.40470370650291443,0.008666614312446629,0.8236607313156128,0.006944789110231075
1985,0.40446828305721283,0.010517640678772328,0.8244357705116272,0.008286407592029853
1986,0.4043506234884262,0.011868236439303927,0.8243243396282196,0.009555491347541384
1987,0.40527136623859406,0.012217886694550305,0.8225740194320679,0.008431814219392438
1988,0.4042000025510788,0.012824379844622069,0.8233173191547394,0.00906549208675373
1989,0.40566104650497437,0.011640285209132756,0.8234374821186066,0.007733988848597566
1990,0.40620696544647217,0.012902499028337011,0.822408527135849,0.009701150855995034
1991,0.4056181311607361,0.012145162307444756,0.8234747052192688,0.009207147644598845
1992,0.40772388875484467,0.01455404436066065,0.8224927484989166,0.010534646932146475
1993,0.4070337116718292,0.012898958693062096,0.8229758739471436,0.010797432532611898
1994,0.4062037169933319,0.0147536729086325,0.8237847089767456,0.012030649320040658
1995,0.40532809495925903,0.012604057194031371,0.8248980939388275,0.01080834856637622
1996,0.40414151549339294,0.012360364115941382,0.8248005509376526,0.009873152144767992
1997,0.4031527489423752,0.0105295260900524,0.8253580629825592,0.009437311584316837
1998,0.4035661667585373,0.011952825164265293,0.8252550959587097,0.008117314435804147
1999,0.40344807505607605,0.009084668902826186,0.8250000178813934,0.006187199508247755
2000,0.3723326027393341,0.022905927081852177,0.8341047167778015,0.012187604183895227
2001,0.37233874201774597,0.02285324352121356,0.834049642086029,0.012100275913780654
2002,0.372300922870636,0.022774555355043722,0.8340742886066437,0.012125690463432724
2003,0.37236008048057556,0.022957725558672065,0.8340592086315155,0.012206949587361727
2004,0.37240028381347656,0.023046360381090477,0.8341429531574249,0.012203999307965965
2005,0.3724288046360016,0.023115228331557276,0.8340687155723572,0.012256809309150116
2006,0.37259289622306824,0.023043410101694715,0.8339555263519287,0.012198225189719972
2007,0.372781902551651,0.02276562022315941,0.8338429033756256,0.011918159381365081
2008,0.37272094190120697,0.022858027188519547,0.8338481485843658,0.011971264410488808
2009,0.37284858524799347,0.0228648128311298,0.8337948620319366,0.011886212070193823
2010,0.372919961810112,0.022692010752235134,0.8337807357311249,0.011911668766694404
2011,0.3727654367685318,0.022587360127382584,0.8338637053966522,0.01179972673704947
2012,0.3729012459516525,0.022791898783205953,0.8338882029056549,0.011989471849045514
2013,0.37308424711227417,0.023049437101031772,0.8337388038635254,0.012151020719387772
2014,0.3730025440454483,0.02312823063432289,0.8338020145893097,0.012284499788621773
2015,0.3730154484510422,0.02329184470024218,0.83382648229599,0.012362935073700546
2016,0.37302903831005096,0.023384104151632525,0.8337549865245819,0.012413974907247239
2017,0.3729819804430008,0.023427557552447256,0.8337029814720154,0.012491735842749839
2018,0.3730287402868271,0.023539794610031767,0.8338037729263306,0.012515169490521895
2019,0.3730223625898361,0.023438768614151156,0.8338089883327484,0.012457807629698569
2020,0.37281982600688934,0.02351910050741292,0.8340039551258087,0.012400656503117797
2021,0.3726160526275635,0.023681850562937735,0.8340654373168945,0.012531269586653057
2022,0.3725377023220062,0.023637301344061723,0.8341644108295441,0.012554408206485538
2023,0.37296879291534424,0.023463529887651307,0.8340367674827576,0.012470831005888436
2024,0.3729527145624161,0.02367373729459939,0.8340037763118744,0.012467417111159052
2025,0.37287096679210663,0.023431687943601325,0.8341021537780762,0.012331409231014398
2026,0.37276069819927216,0.023592562464367407,0.8341626524925232,0.012407695026819116
2027,0.3726552426815033,0.023748695464676013,0.8342229127883911,0.012483643647835748
2028,0.3724922388792038,0.02397550872993739,0.834320068359375,0.012453887972787056
2029,0.3729587346315384,0.02392594403608858,0.8341567814350128,0.012371743765039323
2030,0.37314464151859283,0.024013483040445708,0.8340868651866913,0.012316194218701965
2031,0.37316474318504333,0.024022945007936402,0.8340912461280823,0.012208593314453653
2032,0.3732651174068451,0.02422322683206017,0.8340771794319153,0.012284120466985175
2033,0.3734391778707504,0.02413752121561327,0.8339711725711823,0.012281212334437923
2034,0.3737487345933914,0.02393816662215674,0.8338289260864258,0.012278304201890671
2035,0.37387391924858093,0.023842472202612753,0.8337056636810303,0.012145963097566465
2036,0.3738718032836914,0.023683325702635618,0.8337474465370178,0.012091677956684432
2037,0.37417446076869965,0.023806078398923597,0.8335885107517242,0.012218160649065625
2038,0.37418095767498016,0.023997509384860078,0.8336121439933777,0.012446891595934248
2039,0.37421315908432007,0.023925880815815814,0.8335994184017181,0.012366686143218016
2040,0.37427879869937897,0.023711121549228553,0.8336591124534607,0.012286817865289871
2041,0.37427474558353424,0.023860237099260096,0.8336463570594788,0.012309492869788732
2042,0.37418602406978607,0.023783698422364313,0.8337957859039307,0.01225562919739181
2043,0.374159500002861,0.023500007985037485,0.8338186740875244,0.012125732610281235
2044,0.37416329979896545,0.023130949106051842,0.8338773548603058,0.011996468225898322
2045,0.37432603538036346,0.02316081014822181,0.8338999450206757,0.012070225210792387
2046,0.374468594789505,0.023307965869797595,0.8339045941829681,0.012118356911791828
2047,0.37462253868579865,0.02305333568451903,0.8337311148643494,0.011964815942666641
2048,0.3744555115699768,0.022929908638654878,0.8338605463504791,0.011837068844830122
2049,0.37443214654922485,0.02276604169164452,0.8339361548423767,0.011835256530344153
2050,0.3744298368692398,0.02282759716389468,0.833940714597702,0.011783458053524265
2051,0.3745492696762085,0.02301546674113199,0.8338922560214996,0.011956513013509995
2052,0.3744348734617233,0.023155373204763904,0.8339673280715942,0.012004265392872839
2053,0.3743975758552551,0.02318514995323685,0.833989292383194,0.01202698254422021
2054,0.37453825771808624,0.023148924736941738,0.8338885009288788,0.011975226214248832
2055,0.37456290423870087,0.02339038403206065,0.8338406085968018,0.012047339472050972
2056,0.37463995814323425,0.023621580569567157,0.8337929248809814,0.01221786562112605
2057,0.3748193085193634,0.02363009423296636,0.8336583971977234,0.012215252516518374
2058,0.3747798949480057,0.023709941437470246,0.8337156176567078,0.012335539622168466
2059,0.3748001754283905,0.023574249658689424,0.833755224943161,0.012283656851651555
2060,0.37481676042079926,0.02350595069067752,0.8337427377700806,0.012158607152119732
2061,0.3749427795410156,0.02365601454480056,0.83362677693367,0.01227817776134514
2062,0.3749844878911972,0.02363841823554726,0.833631843328476,0.012324202119919034
2063,0.37524618208408356,0.02334553978524506,0.8335166275501251,0.012248506379993468
2064,0.3752158582210541,0.02343503861805794,0.8335562348365784,0.012197382252749755
2065,0.3753034919500351,0.023534736988210462,0.8335443735122681,0.012315814897065366
2066,0.37527066469192505,0.02383286272115227,0.8335495591163635,0.012409633781850617
2067,0.37546275556087494,0.024137816243552844,0.833452582359314,0.012599378893846661
2068,0.3756240904331207,0.023903290105013974,0.8333390057086945,0.012427714779861791
2069,0.3757401704788208,0.02404911820086167,0.8332937657833099,0.012496667024025613
2070,0.37554115056991577,0.023992852158099622,0.8334179520606995,0.012421772074221755
2071,0.37541206181049347,0.024149153745802274,0.8334909677505493,0.012514326553551678
2072,0.37547723948955536,0.024008804740260997,0.833513081073761,0.012439642337990374
2073,0.37558895349502563,0.023848667789343855,0.8334342241287231,0.012365295297217157
2074,0.375802144408226,0.02398296872212382,0.8332885801792145,0.01252861433519687
2075,0.37582163512706757,0.023933614762517562,0.8332105576992035,0.012454435881817697
2076,0.375923216342926,0.023942570967826128,0.8331662714481354,0.012475003543891014
2077,0.37595678865909576,0.023893238081644126,0.8331388533115387,0.01247196897079823
2078,0.3760475218296051,0.023829575266968422,0.8331115245819092,0.012468976544553955
2079,0.3759063631296158,0.023950726383012984,0.8331839442253113,0.012512893560702308
2080,0.3757355660200119,0.02372148967396223,0.8332891762256622,0.012322347658584556
2081,0.37586091458797455,0.024015379648628696,0.833278238773346,0.012436523471200568
2082,0.3757452368736267,0.024000522884528606,0.8333992958068848,0.012410308131426791
2083,0.37583114206790924,0.024095837982435992,0.8333552777767181,0.012430665059257552
2084,0.3757597357034683,0.024497666036138857,0.8334264159202576,0.01256717870158434
2085,0.37597720324993134,0.024567250483030344,0.8332677483558655,0.012656698607821478
2086,0.37606535851955414,0.024743677190896946,0.8332569897174835,0.01272274271943805
2087,0.3759031295776367,0.024855598147117623,0.8333931863307953,0.012811588276099014
2088,0.37594830989837646,0.025032572764014868,0.8333659172058105,0.012992187521968195
2089,0.3757668435573578,0.02515467218415093,0.8334200382232666,0.013149058092125741
2090,0.37589095532894135,0.02509758427784292,0.8333117067813873,0.013167644852319046
2091,0.3759286552667618,0.024752570175932746,0.8333009481430054,0.012911434160221322
2092,0.37588857114315033,0.024855745661087413,0.8333225548267365,0.013021816756471353
2093,0.37587812542915344,0.025090946149202455,0.8333118259906769,0.013177338627476552
2094,0.37591274082660675,0.02512422108610181,0.8333172500133514,0.013309426850709693
2095,0.3758312314748764,0.02507912395819515,0.8334189355373383,0.013304790697373496
2096,0.3759433180093765,0.02466793930412287,0.8334241211414337,0.013300154544037298
2097,0.37594833970069885,0.02458800780592196,0.8333972990512848,0.01325033696909742
2098,0.3756910264492035,0.024471977531971466,0.8335460722446442,0.01313300014284309
2099,0.3756261020898819,0.024282506374490743,0.8336305618286133,0.013106236894038673
2100,0.38140133023262024,0.000144774424634921,0.8325885832309723,0.003949707614501413
2101,0.38124242424964905,0.0001306973772322824,0.8326368927955627,0.003911480422902031
2102,0.3809753805398941,0.0003485333637608382,0.8327246904373169,0.0041541619766277595
2103,0.38092032074928284,0.0003488494651246699,0.8327526152133942,0.004199638426171014
2104,0.3811923712491989,0.00010597825058064305,0.8327606618404388,0.003993540336952742
2105,0.38120971620082855,0.00010264864954828241,0.8327686488628387,0.0039556081732929375
2106,0.3812795430421829,0.00022972139780862792,0.8327962756156921,0.004001253210230236
2107,0.38140247762203217,0.0007751437643881076,0.8326669633388519,0.0036031762260448417
2108,0.3813916891813278,0.0006640446717133909,0.832616537809372,0.003538860135217217
2109,0.38138537108898163,0.0007404147612151309,0.8327613174915314,0.0034748812191776803
2110,0.38126516342163086,0.0008327374328782443,0.8327692151069641,0.0035487646446172774
2111,0.3812164068222046,0.0005737450487788004,0.832854688167572,0.0036771439451814608
2112,0.38143275678157806,0.0006583969940129311,0.8327462077140808,0.0036406447743710267
2113,0.3816399723291397,0.00041044708422334155,0.8327733874320984,0.0037408699801299325
2114,0.3818804621696472,0.00021659265449748444,0.8327041566371918,0.003649959227891934
2115,0.38178397715091705,0.00025977210079689537,0.8327889442443848,0.0036681245196001295
2116,0.38161250948905945,0.00013954821541957015,0.8329691588878632,0.0037675489352373285
2117,0.38154979050159454,0.00012722026223013362,0.8329955637454987,0.003920541995331874
2118,0.3815059959888458,0.00010953965927981359,0.8330027461051941,0.004045844575954762
2119,0.381509006023407,2.9839968745712975e-05,0.8330289125442505,0.004035982213403212
2120,0.3814442455768585,0.00016011587749288644,0.8330549597740173,0.004026204144548685
2121,0.3816216289997101,0.0005449587512458598,0.8329673111438751,0.003909330933627976
2122,0.3815622627735138,0.0006065774437687869,0.8329744637012482,0.003819726733693815
2123,0.3816414773464203,0.0008139399384423855,0.8329439163208008,0.0037838597656110443
2124,0.381667822599411,0.0010942586278883417,0.8329511284828186,0.00369501420895008
2125,0.3817523568868637,0.0009135540148978836,0.8328457772731781,0.0037656944739028492
2126,0.3819078207015991,0.001052364660468513,0.8328157663345337,0.003730248974305187
2127,0.3818601071834564,0.0012327110252466286,0.8328232169151306,0.003589394206581779
2128,0.38184842467308044,0.0011322329383966572,0.8328306674957275,0.00371246300423359
2129,0.3816516697406769,0.000994665624857099,0.8329866230487823,0.003834983892854759
2130,0.381635844707489,0.001076641245210788,0.8330492079257965,0.0038258801735764057
2131,0.3816390782594681,0.0012270001272734025,0.8330560624599457,0.0037383833160677896
2132,0.3815527558326721,0.0014665838876335795,0.8331181704998016,0.0035730833762080633
2133,0.3812379837036133,0.0015583797236903068,0.8332720100879669,0.003590700758885617
2134,0.3810860365629196,0.0013848400749467006,0.8333516716957092,0.0036601166183830593
2135,0.3811320960521698,0.001499079107835479,0.8333943784236908,0.0035738420194812593
2136,0.3810059428215027,0.0014929678148013993,0.8334733843803406,0.0035396609253389244
2137,0.38098184764385223,0.0011884779077344454,0.8334973752498627,0.003634533481336947
2138,0.38069650530815125,0.001133918812337093,0.8336303234100342,0.003677481119969548
2139,0.3806670904159546,0.001011819392201033,0.8336357176303864,0.0037972203165889977
2140,0.38036851584911346,0.0009644674078990435,0.8337315320968628,0.0037884116252502207
2141,0.3802207261323929,0.0010230093804806755,0.8338088691234589,0.0037541462374108643
2142,0.3802584409713745,0.0012461558699216038,0.8338678479194641,0.003592597367068607
2143,0.3802189379930496,0.0013084699854449607,0.833854615688324,0.003584336584760472
2144,0.38019131124019623,0.0016156362173923564,0.8338235318660736,0.0033478506177658457
2145,0.38007792830467224,0.0014065667753540665,0.8339178264141083,0.0034919928396731034
2146,0.3801497668027878,0.00138669453628118,0.8339224755764008,0.003458781123046519
2147,0.3801741302013397,0.0011723988850275394,0.8339804708957672,0.003551672777164529
2148,0.3801781088113785,0.00179872212732368,0.834002673625946,0.0032922589245799765
2149,0.3801391273736954,0.001698496921564774,0.8340070843696594,0.003410185806713458
2150,0.38003450632095337,0.0016403553440439958,0.834046870470047,0.0034774943237853555
2151,0.37991631031036377,0.0017839075100721008,0.8340864181518555,0.0032948720291876518
2152,0.3798304945230484,0.0017735604587626763,0.8341962397098541,0.003312362971319673
2153,0.379813477396965,0.0018297843546762089,0.8341474533081055,0.0032552539915874116
2154,0.3798971623182297,0.0017437204900169632,0.8341339528560638,0.0033470919744926497
2155,0.37973180413246155,0.0015244093637905261,0.8342604339122772,0.0034385506357612894
2156,0.3796045631170273,0.0015544811402030492,0.8343514502048492,0.003430879909332307
2157,0.3793978691101074,0.0014573537278096938,0.8344942927360535,0.003398637570221473
2158,0.37937211990356445,0.0015737633233967833,0.834514856338501,0.003391051137489512
2159,0.37935812771320343,0.0018626588965147063,0.8345700204372406,0.0032364143503030417
2160,0.3792196065187454,0.0016993398585349918,0.8346249759197235,0.003376004712571123
2161,0.37896671891212463,0.0019482802192645875,0.8347659409046173,0.0032465295939456563
2162,0.3788062632083893,0.0017608953307851527,0.8349063098430634,0.0032150037512595074
2163,0.37869542837142944,0.0019171758450635477,0.8349944949150085,0.0031593277643766167
2164,0.37887537479400635,0.0018759562272198933,0.8349794149398804,0.003200884557008358
2165,0.37892046570777893,0.0018787800660701231,0.835015743970871,0.00326650720013982
2166,0.3787989020347595,0.0017891758661359625,0.8350348174571991,0.003259342235892968
2167,0.3786889761686325,0.0019230553304308174,0.8351560533046722,0.0032040455706466753
2168,0.3790360540151596,0.001799480770596876,0.8350557386875153,0.0032692045984445174
2169,0.37900152802467346,0.001739695465984173,0.8351085484027863,0.00321416081428929
2170,0.37906110286712646,0.0015852272661917464,0.8350934088230133,0.003255043257344857
2171,0.3790222108364105,0.0016524936364151332,0.8350783586502075,0.0031524999749178518
2172,0.3789406269788742,0.0018127148810292968,0.8350970447063446,0.003098004099793266
2173,0.3787243664264679,0.0016833451295251076,0.8352333903312683,0.0032102411573777766
2174,0.37868446111679077,0.0014138160332979404,0.8352349102497101,0.003369429804203423
2175,0.3786165565252304,0.0015419635261953136,0.8352698981761932,0.003291205253367204
2176,0.37866896390914917,0.0016052470192344209,0.8352212011814117,0.003331413346846597
2177,0.3787817806005478,0.0013751884466377058,0.8351060152053833,0.0034186151764156367
2178,0.3787495046854019,0.0013085121322934715,0.8350745141506195,0.0036230695385419836
2179,0.37881961464881897,0.001429073192458884,0.8350431621074677,0.003544929281402786
2180,0.37880678474903107,0.0014328453354006088,0.8350450694561005,0.00351399349459579
2181,0.3788692504167557,0.0017114781509061294,0.8350469470024109,0.0032961364346429786
2182,0.3789605051279068,0.0017652575296060301,0.8350653350353241,0.0032891822046386813
2183,0.3790472000837326,0.0018784639647062916,0.8350013196468353,0.003212390646651832
2184,0.3789661377668381,0.0018760194474926597,0.8350689709186554,0.003228912211268103
2185,0.37891916930675507,0.001918377030246108,0.8351199626922607,0.0031757650352958653
2186,0.3788101077079773,0.0018477178387175943,0.8352361917495728,0.003215383072896106
2187,0.3787551373243332,0.0019987089235078723,0.8352376818656921,0.003093241505911535
2188,0.3787074238061905,0.0022259647306786126,0.8352716863155365,0.0030637808588024197
2189,0.3788243532180786,0.002006906485543241,0.8352405726909637,0.003172351140566483
2190,0.3787824958562851,0.0018530072682057116,0.8353393375873566,0.00318870411778871
2191,0.3786842077970505,0.0018288149771604585,0.8354862630367279,0.0031820449157239886
2192,0.3785640150308609,0.0018983572772034336,0.8356164395809174,0.0031069392316775755
2193,0.37865978479385376,0.0018907919178957281,0.8356654644012451,0.0031461779476412177
2194,0.37855786085128784,0.001787742873286592,0.8356821238994598,0.00323068237890556
2195,0.3785814344882965,0.0019955268364453,0.835730791091919,0.0030424124066073966
2196,0.37850964069366455,0.0020987444684484793,0.8358273506164551,0.0030134996685289234
2197,0.37850940227508545,0.0019855380333482176,0.835843563079834,0.003007346228646333
2198,0.37831979990005493,0.0022265758599820207,0.8359076082706451,0.002888365675300079
2199,0.3785935044288635,0.002130186017437606,0.8357802331447601,0.0028599586994037364
2200,0.35884565114974976,0.01150276004244171,0.8418249487876892,0.0035265111086035254
2201,0.3586362600326538,0.01144147852470687,0.8418696224689484,0.0034612256402601505
2202,0.3585945814847946,0.011327913841394267,0.841933935880661,0.003424389294661629
2203,0.35875146090984344,0.011445798576679237,0.8418395817279816,0.0034436925512796187
2204,0.3589746356010437,0.01088282204769497,0.8416666388511658,0.003127801921690468
2205,0.3590358942747116,0.010572347288139468,0.8416916131973267,0.0030920613941532297
2206,0.35897138714790344,0.010587878401815734,0.8416771292686462,0.003056489454010035
2207,0.35907524824142456,0.010850790442826691,0.8417019546031952,0.003187439712333383
2208,0.3591008633375168,0.010458213622371967,0.8416679799556732,0.0029029484848848482
2209,0.35889843106269836,0.01050615566255311,0.8418291807174683,0.002950869451641735
2210,0.35896337032318115,0.010524658129049392,0.8418534100055695,0.0030260172825366588
2211,0.35917963087558746,0.010680116779781824,0.8417999148368835,0.003045952741882312
2212,0.35918764770030975,0.01037387777850167,0.8417660295963287,0.0028194134311362563
2213,0.35912978649139404,0.010364921573193103,0.841828852891922,0.002839812505815529
2214,0.3593508154153824,0.010209968684642802,0.8416794836521149,0.0027238243787135485
2215,0.3594604581594467,0.010489065115481942,0.8417038321495056,0.0027986350348203856
2216,0.35949790477752686,0.010371159306772716,0.8416513204574585,0.002710463827735595
2217,0.35942791402339935,0.010610026570708208,0.8416564464569092,0.00297421880571677
2218,0.3596404790878296,0.010231105329171016,0.8414517641067505,0.0028320996325380352
2219,0.3594190925359726,0.010371812582924635,0.8415524959564209,0.0029597202898290226
2220,0.35939639806747437,0.01058674043690594,0.8415957987308502,0.0031135984337422964
2221,0.35911595821380615,0.01048630449690448,0.8417335748672485,0.0031863860411206106
2222,0.3588144779205322,0.010591376590242138,0.8419462144374847,0.0032053942697990237
2223,0.3587399274110794,0.010793702536518684,0.8419694006443024,0.0032242760579319044
2224,0.35863062739372253,0.011162213506473687,0.8420864641666412,0.003322899683447396
2225,0.3586132526397705,0.010730882658813197,0.8421279788017273,0.0031557874291017014
2226,0.3585960417985916,0.010461796104495394,0.8421692550182343,0.0030953067014885685
2227,0.3583420217037201,0.010416677903164482,0.8423223495483398,0.0031406988573348016
2228,0.35881471633911133,0.0102685738774972,0.8421395719051361,0.0032385216927285866
2229,0.35853642225265503,0.010452587018095764,0.8423105478286743,0.003257108452921891
2230,0.3583710044622421,0.01052666010435366,0.8423880934715271,0.0033017841123434383
2231,0.3582824170589447,0.010484576476115531,0.842391312122345,0.003293944798520412
2232,0.3583679050207138,0.010191676952389074,0.8423207402229309,0.0032861897783944076
2233,0.358614906668663,0.009655569039330502,0.8422873020172119,0.00322642554720596
2234,0.35836435854434967,0.009469659290548948,0.8423641622066498,0.003115031426591667
2235,0.35828691720962524,0.009412655677937963,0.8424040377140045,0.0030559415449793936
2236,0.3583725243806839,0.009611230554697042,0.8424254655838013,0.0029712685263210076
2237,0.3583807051181793,0.009865776446278587,0.8424285352230072,0.003118993230351691
2238,0.3584117740392685,0.00966581072351865,0.842486172914505,0.003086034394816172
2239,0.3584902584552765,0.00947326284609663,0.8424709737300873,0.0028479047007296207
2240,0.3584572970867157,0.009403256930720034,0.842492014169693,0.0027645382343750723
2241,0.35829029977321625,0.009304148616446668,0.8425491154193878,0.0028347548839942217
2242,0.35855115950107574,0.009278354745158,0.8423897325992584,0.0028027232791259424
2243,0.35869307816028595,0.009584172277953048,0.8422850072383881,0.0028979751567605625
2244,0.35876375436782837,0.00947709820931112,0.8422166407108307,0.002739165831571514
2245,0.3587772101163864,0.009393204907350187,0.8421843647956848,0.0025810730028071505
2246,0.358933225274086,0.009340942815196677,0.8421165347099304,0.0026256643685316763
2247,0.35928234457969666,0.00989325619150769,0.8419955670833588,0.002795979783364199
2248,0.3593001812696457,0.009593908199959063,0.8419284820556641,0.00258857514184209
2249,0.35938860476017,0.009393162760501676,0.8418439626693726,0.0024573298555791655
2250,0.3594173640012741,0.009296562183714706,0.8417598605155945,0.002326674625195394
2251,0.359491229057312,0.009072193435666962,0.8417113721370697,0.0022964553348130833
2252,0.3594570755958557,0.008815814156175194,0.8417336046695709,0.002266362484976305
2253,0.3594292402267456,0.00885859320741375,0.8416678309440613,0.0023109959975493415
2254,0.35933366417884827,0.008706400937440913,0.8417426347732544,0.0022562050944851795
2255,0.35929223895072937,0.008805151003501937,0.8417471349239349,0.0024490269264225194
2256,0.3592059761285782,0.009077398571458058,0.8417341411113739,0.002616349915010769
2257,0.35912884771823883,0.009368169679334716,0.8417734503746033,0.0027090308348862247
2258,0.35915298759937286,0.009297025799048326,0.841725766658783,0.002727575448231018
2259,0.35916972160339355,0.009389938526590593,0.8416262269020081,0.00277056523371213
2260,0.35956287384033203,0.009118007059998304,0.8414579331874847,0.0026665889584357545
2261,0.35977499186992645,0.009426458770825282,0.8413594365119934,0.002758342647643971
2262,0.35971972346305847,0.00960147355926677,0.8414163589477539,0.0028739935999578642
2263,0.35959476232528687,0.00959864972041654,0.841558963060379,0.002867713719529741
2264,0.35960741341114044,0.00945461286563056,0.8414951860904694,0.002861391692253107
2265,0.35942958295345306,0.009567650713336777,0.8416027724742889,0.0030003077049450136
2266,0.3593546003103256,0.009597237800991424,0.8416757583618164,0.0029454746550323404
2267,0.35938866436481476,0.009388990222499097,0.8416121602058411,0.0028908523393622217
2268,0.35960277915000916,0.009591316168775644,0.8415148258209229,0.0029807094203874477
2269,0.35960111021995544,0.00951806494606371,0.841519683599472,0.002974260952565281
2270,0.35961222648620605,0.009301261557323671,0.8415752947330475,0.002848157581820686
2271,0.359576553106308,0.009293885858834264,0.8415631055831909,0.0028181068788324186
2272,0.3597280979156494,0.009436257913104065,0.8415004014968872,0.0029073739039784923
2273,0.35986700654029846,0.009457373484208022,0.8414884507656097,0.0028773232009902247
2274,0.35989244282245636,0.0097251956330705,0.8415100872516632,0.002942313641394023
2275,0.3598467707633972,0.009754930234694934,0.8415316045284271,0.0028650163212250437
2276,0.3598729074001312,0.009658877566938607,0.8415363430976868,0.0027171230298003164
2277,0.3599395751953125,0.009674935516221258,0.8415577709674835,0.0027348668530234026
2278,0.3598485738039017,0.009821543328766403,0.841562420129776,0.0028702425304403946
2279,0.35994406044483185,0.009867356953097744,0.8415006697177887,0.002864089090557804
2280,0.3599700778722763,0.009831405691317952,0.8414888679981232,0.0028814535921442923
2281,0.35988742113113403,0.0097118561555168,0.8415597677230835,0.002828643590960142
2282,0.36000747978687286,0.009910178151184813,0.8415478765964508,0.0029392790683012387
2283,0.3600434213876724,0.009756974356847713,0.8415854573249817,0.0029330834815701375
2284,0.35994185507297516,0.009792841324930484,0.8416557013988495,0.0028804420677800307
2285,0.35981427133083344,0.009691225273170718,0.841742068529129,0.0028512764486104923
2286,0.35997192561626434,0.009593065262988846,0.8417135775089264,0.0027990143564569836
2287,0.3600979298353195,0.009708547627908695,0.8416688442230225,0.0028624453634658793
2288,0.36011309921741486,0.009836589753684791,0.8416731655597687,0.0029946600272445535
2289,0.36032718420028687,0.00981220780182124,0.8415800034999847,0.0029884222936649414
2290,0.36041082441806793,0.009871908812736922,0.8415195941925049,0.0029822267069338397
2291,0.36041437089443207,0.009803715211846295,0.841475635766983,0.0028615602796471505
2292,0.36051134765148163,0.009989077051597206,0.8414157330989838,0.0029470340884272432
2293,0.3605302721261978,0.009867736274734343,0.8414528071880341,0.0028953620521528873
2294,0.3607262074947357,0.00992954462807557,0.8414092659950256,0.002912178644708734
2295,0.3605424612760544,0.009843881158477176,0.841542512178421,0.0029061516453716763
2296,0.3605663329362869,0.009912538374701423,0.8415951132774353,0.0030134996685289234
2297,0.3605220168828964,0.009921768534525309,0.8416794538497925,0.0029394898025437936
2298,0.3605052977800369,0.0098845950141387,0.841699630022049,0.0028657749644982397
2299,0.36046425998210907,0.00991380278015675,0.8417197465896606,0.002837410135450408
2300,0.3575480729341507,0.019124448613181997,0.8415057361125946,0.009451051456931389
2301,0.3576588034629822,0.019291876968891526,0.841531366109848,0.009342565468864347
2302,0.3575146943330765,0.01928574460243319,0.8416362404823303,0.00929076699204446
2303,0.3573187440633774,0.01935507616823361,0.8417999744415283,0.009323220065397847
2304,0.3573145568370819,0.019432984617705998,0.8418838977813721,0.009355504551357191
2305,0.35723866522312164,0.01924431425034698,0.8419280052185059,0.00927618418245969
2306,0.3572908937931061,0.01945662899972061,0.8418343365192413,0.009391792987925071
2307,0.3570917397737503,0.019055538515866687,0.8419175446033478,0.009146498329591668
2308,0.3573200851678848,0.01955540013920589,0.8418634533882141,0.00937244758445857
2309,0.35711245238780975,0.019339313246890536,0.8420046865940094,0.009211151595207379
2310,0.35701148211956024,0.019370249033697533,0.8420673906803131,0.009215703454846557
2311,0.35700005292892456,0.01936462242942133,0.842052161693573,0.009330047854856612
2312,0.3570065349340439,0.019093007064192872,0.8420563638210297,0.009197411722592828
2313,0.35696928203105927,0.01879275291540126,0.8421377539634705,0.009174694571245456
2314,0.35694998502731323,0.019091848025858824,0.8421995341777802,0.009397187784534466
2315,0.3568030595779419,0.01903705712279466,0.8422801792621613,0.00942846074612955
2316,0.3568037152290344,0.018947790097648586,0.8421688079833984,0.00929692043192705
2317,0.35659177601337433,0.018765568198111735,0.8422873914241791,0.009165970173603702
2318,0.35653936862945557,0.018532854374058834,0.8423291146755219,0.009089684377798984
2319,0.3564445823431015,0.018625851395298123,0.8423706293106079,0.009067557282330763
2320,0.35624536871910095,0.01869764855173643,0.8424688875675201,0.009126014961215375
2321,0.3561177998781204,0.018528281440995404,0.8425666391849518,0.009023598119333901
2322,0.35603664815425873,0.01819203388357549,0.84262615442276,0.008868202688874236
2323,0.3560125380754471,0.017825482742076244,0.8426288962364197,0.00874024485679516
2324,0.3558855503797531,0.01790543531370141,0.8426315784454346,0.00887873940100196
2325,0.35595206916332245,0.01784971717997001,0.8426155149936676,0.008830902727942094
2326,0.35623957216739655,0.01801290977740419,0.8425059914588928,0.00891557574660048
2327,0.3562782406806946,0.01796930886261967,0.842434287071228,0.008894249441253967
2328,0.3561387062072754,0.017949710578062106,0.8425118923187256,0.008820408162662881
2329,0.3559968173503876,0.017882823529475317,0.8426077365875244,0.00866808945214451
2330,0.3560120016336441,0.01780651666024634,0.8426474928855896,0.008490314045125558
2331,0.35597825050354004,0.017692319774206076,0.8426870703697205,0.008522514237387882
2332,0.3559316247701645,0.017551275345664367,0.8426711559295654,0.008476321291419942
2333,0.3561411499977112,0.017415752154277587,0.842563271522522,0.008456343685225779
2334,0.35599738359451294,0.017336431785380087,0.8426762223243713,0.008540300207459479
2335,0.35606013238430023,0.017120155232246432,0.842623770236969,0.008546200766251004
2336,0.35583899915218353,0.017035819388376134,0.8427908420562744,0.008552017031345508
2337,0.35573138296604156,0.017089514473379013,0.842829555273056,0.008532081571999856
2338,0.35551364719867706,0.016889654117740353,0.8429771661758423,0.008409392095984642
2339,0.35538122057914734,0.016921917530275443,0.8430333733558655,0.008364210674380965
2340,0.37874431908130646,0.019032947805064846,0.7890625,0.011048543456039806
2341,0.4293421804904938,0.08479840553270603,0.80859375,0.03866990209613932
2342,0.4197220206260681,0.012145120160596245,0.8151041567325592,0.0036828337697304312
2343,0.40857793390750885,0.010450416455397453,0.80859375,0.0
2344,0.3926636129617691,0.019692040222078207,0.817187488079071,0.011048543456039806
2345,0.3867175281047821,0.007353613540786747,0.8203125,0.0036828759165789425
2346,0.38645219802856445,0.0006676903741095832,0.8236607015132904,0.009470186126155335
2347,0.3800016939640045,0.0020227537005833374,0.830078125,0.008286407592029853
2348,0.37598639726638794,0.0023341767642303334,0.8324652910232544,0.013503765969193426
2349,0.37110038101673126,0.0005728388915358162,0.835156261920929,0.012153380942904381
2350,0.36732107400894165,0.007461340885580592,0.8387784063816071,0.015066191790340779
2351,0.36746397614479065,0.003824489327575546,0.8359375,0.012889939267480765
2352,0.368321493268013,0.004178754662733866,0.8347355723381042,0.012748325856484161
2353,0.3631972670555115,0.014791731512837837,0.8381696343421936,0.015783657592541727
2354,0.3613103926181793,0.008710615622292002,0.8385416567325592,0.013258260576617468
2355,0.3612874299287796,0.001680205189311046,0.84033203125,0.008976941558032341
2356,0.3630390763282776,0.005259463078825955,0.8391544222831726,0.0064991283340768815
2357,0.3654308170080185,0.003888362876493806,0.8389756679534912,0.005524271728019903
2358,0.36469346284866333,0.0061482979670722,0.8396381735801697,0.0034890004134288297
2359,0.3616952449083328,0.010972784495841473,0.841796875,0.000552460890280799
2360,0.35912834107875824,0.01273953823856964,0.8426339328289032,0.0015783573298844705
2361,0.36051520705223083,0.016242889653916428,0.8433949053287506,0.0015066233937189289
2362,0.3563753813505173,0.013351341891553778,0.8457880318164825,0.0009607374118058295
2363,0.3548329174518585,0.013899356289316678,0.84765625,0.000920740052568991
2364,0.3525100350379944,0.009762095198941787,0.8499999940395355,0.002651668974062898
2365,0.3541310876607895,0.014711209958757774,0.8494591414928436,0.0004249666735353445
2366,0.35243307054042816,0.012667930742949631,0.8504050672054291,0.0012276112565768106
2367,0.352560356259346,0.010889502323183947,0.8507254421710968,0.0011837785341254807
2368,0.35221466422080994,0.008718581376660562,0.8507542908191681,0.0007619728742284532
2369,0.3518539369106293,0.006534363099431989,0.8507812321186066,0.0033145546074422392
2370,0.3515966683626175,0.0045193854923989115,0.8505544364452362,0.006058904501380594
2371,0.35368868708610535,0.006744844460895394,0.848388671875,0.004488470779016171
2372,0.35229185223579407,0.008159503431163551,0.8487215936183929,0.0023436598051452843
2373,0.35092830657958984,0.008894713056587587,0.8488051295280457,0.0
2374,0.3496159762144089,0.010307370051551478,0.8504464328289032,0.0012626774345378742
2375,0.3515617847442627,0.006396500757952854,0.850043386220932,0.0009206979057204801
2376,0.35079191625118256,0.009584087984256025,0.8500844836235046,0.0017916625301981053
2377,0.34976790845394135,0.007894968736484926,0.8503289222717285,0.0011630001378096098
2378,0.34747180342674255,0.008887337358098182,0.8513621687889099,0.001133160169063897
2379,0.34630216658115387,0.009687179175713672,0.8519531190395355,0.0022097171205776632
2380,0.345665767788887,0.011484025768278618,0.8517530262470245,0.0032337169519983445
2381,0.3447098582983017,0.010866152969108912,0.851748526096344,0.0023675570682509615
2382,0.34369705617427826,0.010820255051080547,0.8524709343910217,0.002569440472618144
2383,0.34318065643310547,0.009886091227260837,0.8529829680919647,0.0020088452405747424
2384,0.3437623977661133,0.009897344435813245,0.8531250059604645,0.0029462754451540472
2385,0.3435947746038437,0.013356441660223596,0.85326087474823,0.004323339426550488
2386,0.34261102974414825,0.013706302649712527,0.8533909618854523,0.00470152309823874
2387,0.3428264558315277,0.013021858903319864,0.8533528447151184,0.003452669830012439
2388,0.34114284813404083,0.013309363630436928,0.8544324040412903,0.003382200299302224
2389,0.34174416959285736,0.014000234771227502,0.855156272649765,0.0033145546074422392
2390,0.34158821403980255,0.015318208871011669,0.8555453419685364,0.0041161455192709325
2391,0.34005242586135864,0.01543067773626299,0.8566706776618958,0.00424941385426238
2392,0.34076371788978577,0.014582261675738693,0.8567216992378235,0.003752333922924896
2393,0.33962680399417877,0.016377696348878524,0.8574942350387573,0.0047058642236353625
2394,0.3404066115617752,0.016464055241477347,0.8568181991577148,0.004821178001161168
2395,0.34007368981838226,0.017715310880068766,0.8572823703289032,0.005326982330140407
2396,0.33972638845443726,0.018365573532319095,0.8577302694320679,0.005815000689048049
2397,0.34119556844234467,0.019562607250301255,0.8573545217514038,0.005524271728019903
2398,0.34133873879909515,0.019485857839162915,0.8567267060279846,0.0059924389212789135
2399,0.3415612578392029,0.021008602402437262,0.8567708134651184,0.006260830052596287
2400,0.3560021221637726,0.017819603256708973,0.8409272134304047,0.012977562565534914
2401,0.356002077460289,0.017518527244371404,0.8409742116928101,0.012719328824708666
2402,0.35605548322200775,0.017372909882766265,0.8408621847629547,0.0125186676789483
2403,0.3560129702091217,0.017080516121221936,0.8409288823604584,0.012458903447759852
2404,0.3558868020772934,0.01714493757917084,0.8409952521324158,0.012511207686761871
2405,0.35604822635650635,0.0172927676503228,0.8409431278705597,0.012507540910941424
2406,0.35593028366565704,0.017279133144829525,0.8410287797451019,0.012531648908289655
2407,0.3560320883989334,0.01731226056775909,0.8410552144050598,0.012417051627188534
2408,0.35608215630054474,0.017202889495873317,0.8410423696041107,0.012358341067212859
2409,0.3561267852783203,0.017102137454508025,0.8409906327724457,0.01229992553517676
2410,0.35618020594120026,0.017158087395906237,0.8409780561923981,0.012406809943000387
2411,0.3563139736652374,0.016922971201488217,0.8409267365932465,0.012238812604835964
2412,0.3564724773168564,0.017123990595460926,0.8408563137054443,0.012372713142555074
2413,0.3565525561571121,0.017011837831573437,0.8408441245555878,0.012260223203879497
2414,0.35646460950374603,0.01720617695005717,0.8409283459186554,0.012338953516897847
2415,0.3564152419567108,0.017255847011027257,0.8410121202468872,0.0124173045082796
2416,0.3563063144683838,0.017129827933979682,0.8410571813583374,0.012224187648402683
2417,0.356271356344223,0.017100578021113123,0.8411211371421814,0.012113172849424989
2418,0.35621678829193115,0.017137498660408666,0.8412038385868073,0.012083627908618852
2419,0.35611070692539215,0.017155600731844096,0.8412671387195587,0.012081099097708197
2420,0.3560069501399994,0.017128394941130314,0.8413300812244415,0.012078570286797544
2421,0.35581032931804657,0.017071770650155926,0.8414306342601776,0.012022514978278056
2422,0.35592566430568695,0.016757987362992322,0.8414173424243927,0.012020154754761446
2423,0.3559289276599884,0.016766353512421735,0.8413853049278259,0.012044473486352231
2424,0.35589174926280975,0.016977867471673656,0.8413533866405487,0.012121812953369721
2425,0.35594725608825684,0.016889970219104187,0.8414341509342194,0.01214575236332391
2426,0.35595645010471344,0.016737377554070492,0.8414958119392395,0.01203730852210538
2427,0.35584016144275665,0.016913424940300497,0.8415571749210358,0.012140526154108558
2428,0.35576528310775757,0.016936542486708724,0.8415996432304382,0.012111571269181574
2429,0.3556548207998276,0.01687532418924665,0.841697633266449,0.012056527485026346
2430,0.3557654023170471,0.01705704032660137,0.8417395651340485,0.012132771133982555
2431,0.3556966483592987,0.017074236240793815,0.8417628109455109,0.012025633845067862
2432,0.3558890074491501,0.017370381071855612,0.8416199386119843,0.01225803156775693
2433,0.3557147830724716,0.0174569928455455,0.8417169451713562,0.012411319655791052
2434,0.3557215481996536,0.017772209125558474,0.8417217433452606,0.01258981155923469
2435,0.355709969997406,0.017694679997722684,0.8417997360229492,0.012508510288457174
2436,0.3556464910507202,0.017589481463839495,0.8418042957782745,0.01253097455871348
2437,0.35555511713027954,0.017535364910351507,0.8418088257312775,0.012450136903269586
2438,0.35564756393432617,0.017549779132542232,0.8417769968509674,0.0123697207163108
2439,0.35557931661605835,0.017540043210536215,0.8418178558349609,0.012341018712474882
2440,0.3552909940481186,0.017541665864203883,0.8419852256774902,0.012389234707171345
2441,0.3552011549472809,0.017465527582368953,0.8420434594154358,0.012386115840381538
2442,0.3552536219358444,0.017571126511313,0.8420654237270355,0.012383039120440243
2443,0.3551843762397766,0.01730777192839268,0.8420872986316681,0.01227826205504216
2444,0.35511189699172974,0.017521161422403335,0.8421090245246887,0.01227543821619193
2445,0.3551538586616516,0.017257153563331094,0.842112809419632,0.012247326268235164
2446,0.3551001697778702,0.01748969879998995,0.8421343863010406,0.012194136945414416
2447,0.35510455071926117,0.01766410245912803,0.8421915173530579,0.012342620292718296
2448,0.3551289141178131,0.017883582172748512,0.8422661423683167,0.012415112872157033
2449,0.355299174785614,0.017713856813795142,0.8422517776489258,0.012361839255639263
2450,0.35528719425201416,0.01775992331921755,0.8423082530498505,0.01235884682939499
2451,0.3551672399044037,0.017684775488322625,0.8423821032047272,0.012330945615680778
2452,0.3549233078956604,0.01750211104687641,0.8424908518791199,0.012153718117692468
2453,0.35483895242214203,0.017297635611325808,0.8425288200378418,0.012076673678614555
2454,0.3548717349767685,0.01745577058693868,0.8426192104816437,0.012074355601946455
2455,0.35497476160526276,0.01727896455743548,0.8425167798995972,0.011948378671747393
2456,0.35496577620506287,0.017213742309364875,0.8425370156764984,0.011897001663412612
2457,0.35474060475826263,0.01723171794025477,0.8426964581012726,0.011944374721138858
2458,0.3545934855937958,0.01738001162674035,0.842803031206131,0.0120161086573044
2459,0.3545421361923218,0.01770386801069806,0.8428224623203278,0.012210068454151533
2460,0.3544389456510544,0.01774885977148344,0.8428072333335876,0.012158607152119732
2461,0.35439333319664,0.017892980919966443,0.8428438305854797,0.012278219908193649
2462,0.35424381494522095,0.017871486027225887,0.8430008292198181,0.012226800753010358
2463,0.3541707694530487,0.017502363927967477,0.8430711925029755,0.011956850188298082
2464,0.35399022698402405,0.017577553905710912,0.8431755900382996,0.011882123825888267
2465,0.35396209359169006,0.017731937811806316,0.843245267868042,0.011904461655599042
2466,0.35408398509025574,0.017604275007666818,0.8432634472846985,0.011854306905871078
2467,0.35384225845336914,0.01757000961982746,0.8433837592601776,0.01185257888508213
2468,0.3539085388183594,0.017607562461850666,0.8433845639228821,0.011874874567944393
2469,0.35426801443099976,0.017410357357668195,0.8432157337665558,0.011753112322596421
2470,0.35430510342121124,0.017422896045100184,0.8432845771312714,0.01172765562609584
2471,0.3542579710483551,0.017192626738260917,0.8433193862438202,0.011654572990777951
2472,0.35438963770866394,0.01740260233754219,0.8433034718036652,0.011748560462957244
2473,0.3544206768274307,0.017468709669431527,0.8433380424976349,0.011723272353850707
2474,0.35440582036972046,0.017292472622383225,0.8433221280574799,0.011579467306731537
2475,0.3544017970561981,0.017241896404170152,0.8432895839214325,0.011649346781562599
2476,0.3544669598340988,0.017088882270651348,0.8432404398918152,0.011553546994897338
2477,0.3542565107345581,0.016999256997292933,0.8433415293693542,0.011434608588399594
2478,0.3541319668292999,0.017026188833491395,0.8433923423290253,0.011433807798277887
2479,0.35420314967632294,0.016743446700256064,0.843376487493515,0.011292110093584261
2480,0.35449567437171936,0.017288257937532133,0.843261331319809,0.01152585651542568
2481,0.3544691354036331,0.017200149950720108,0.8432127833366394,0.011431321134215744
2482,0.3544761538505554,0.017034618203193574,0.8432138860225677,0.011360556575565953
2483,0.3544391244649887,0.01723787138013736,0.8431821167469025,0.011476291821576869
2484,0.3543178290128708,0.016984189498950288,0.8432325720787048,0.011196647481707086
2485,0.3546038866043091,0.016958838169570986,0.8431681096553802,0.01131225628717247
2486,0.3544972687959671,0.017020604376063703,0.843185693025589,0.011311666231293316
2487,0.35444116592407227,0.016909905678449837,0.843170553445816,0.011264967523143246
2488,0.3544035255908966,0.01688470186304032,0.8432043194770813,0.01119538307625176
2489,0.35456976294517517,0.01695483421896245,0.8431729674339294,0.011172118015873747
2490,0.3545631468296051,0.016710256057053733,0.8431254923343658,0.010988315609517737
2491,0.35463640093803406,0.0166710594879386,0.84306201338768,0.010919784833839024
2492,0.3546374440193176,0.016483421718368103,0.8430957496166229,0.010805819755465566
2493,0.3545692414045334,0.016412130324111925,0.8430648446083069,0.010737921182514517
2494,0.3545208275318146,0.016224935096450788,0.8430340886116028,0.010624799041111277
2495,0.35443253815174103,0.01633887910139999,0.8430034518241882,0.010739185587969843
2496,0.35446612536907196,0.016230182379090394,0.8430370390415192,0.010671877070897945
2497,0.3544301986694336,0.01618868880673142,0.843022495508194,0.01067263571417114
2498,0.35448122024536133,0.016142242979672414,0.8430399596691132,0.010673394357444337
2499,0.3545711487531662,0.016122876502781658,0.8430413901805878,0.01069665941782235
2500,0.34781619906425476,0.01096294320671418,0.85006383061409,0.005021754853224513
2501,0.3479430079460144,0.010998051531523754,0.8500477373600006,0.005065250400887756
2502,0.3479115515947342,0.011116125927627023,0.8500913083553314,0.005136562868568189
2503,0.3480263352394104,0.011363506854961717,0.8500356376171112,0.005291578977391256
2504,0.3480934649705887,0.011255210527712974,0.8499407470226288,0.005278176279564792
2505,0.3479781448841095,0.011237066309429035,0.8501221239566803,0.00526485787543535
2506,0.3479645848274231,0.011105525995226535,0.8501060903072357,0.005084890832293832
2507,0.34804150462150574,0.011277611577696514,0.8500313460826874,0.005210741321947362
2508,0.34810370206832886,0.011425884190757839,0.8499765396118164,0.005308311276250081
2509,0.3479480594396591,0.011448074506498825,0.8500195145606995,0.005377769282596035
2510,0.348147913813591,0.011388605303249954,0.8499066233634949,0.00528184305538524
2511,0.3481857180595398,0.011322287237118062,0.8498137295246124,0.005158984991975984
2512,0.348250150680542,0.011413956632629256,0.849798709154129,0.005255669862459975
2513,0.3481239825487137,0.01152090426072565,0.8498802781105042,0.0053245799597752864
2514,0.3480752110481262,0.011455386984715465,0.8499229550361633,0.005338741300874947
2515,0.34798896312713623,0.01174371357537849,0.8499462008476257,0.005434246059600633
2516,0.3478472828865051,0.011817723441363621,0.8500459790229797,0.00542092765547119
2517,0.3479214310646057,0.01143022531615446,0.8500306010246277,0.005353576991550782
2518,0.3478865623474121,0.01110059481395076,0.8500343263149261,0.005259631666219999
2519,0.3477247953414917,0.011092755500127734,0.8501522243022919,0.005166065662525814
2520,0.34787076711654663,0.010939551705790633,0.8500797152519226,0.005234048529173886
2521,0.34794214367866516,0.010935463461485077,0.8500454425811768,0.005141072581358854
2522,0.34795598685741425,0.010762176693832535,0.8499924540519714,0.00496835479616121
2523,0.3479496091604233,0.010696132582215965,0.8500150740146637,0.004849795711300065
2524,0.3480486124753952,0.010621954128836791,0.8499624133110046,0.004944415386207023
2525,0.3478715568780899,0.010769383804927899,0.8500975370407104,0.005091676474904086
2526,0.34786590933799744,0.010499201432548812,0.8501571416854858,0.004973665299073583
2527,0.3477858304977417,0.01052925213553708,0.8502351343631744,0.005040973816145481
2528,0.3479497879743576,0.010517387797681263,0.8501079976558685,0.005081603378109982
2529,0.3481024354696274,0.010896625140582287,0.8500743210315704,0.005253393932640386
2530,0.3481958955526352,0.01127906564397014,0.8500407636165619,0.005476772229748125
2531,0.34810473024845123,0.011364581599598744,0.8500628471374512,0.005516095239408789
2532,0.34795309603214264,0.011451572694925229,0.8500663936138153,0.005581296414055142
2533,0.34806080162525177,0.011431173620245956,0.8501434922218323,0.005490132780726078
2534,0.34835048019886017,0.011232956991699222,0.8500734269618988,0.005607005991646787
2535,0.3482910692691803,0.011360683016111487,0.8500585854053497,0.005697453128551166
2536,0.34821075201034546,0.01126281803386919,0.8500986695289612,0.005554954633735834
2537,0.34838902950286865,0.01129244726837235,0.8499744832515717,0.005645106742700636
2538,0.34867025911808014,0.011048606676312571,0.8498508930206299,0.005580495623933435
2539,0.34866654872894287,0.011258013293138948,0.8497822880744934,0.00574714426294551
2540,0.3485446870326996,0.011367173630782164,0.8499131202697754,0.005733825858816067
2541,0.3486356735229492,0.011194582286130053,0.849916934967041,0.005592886797395638
2542,0.3488340526819229,0.011399142015377678,0.8498666882514954,0.005732898628148828
2543,0.3489432632923126,0.011365361316296195,0.8498705625534058,0.005745121214216988
2544,0.3486737757921219,0.011442216094555811,0.8499820530414581,0.005706556847829519
2545,0.3487044721841812,0.01130970640283756,0.8498961925506592,0.0054910600113933184
2546,0.34877628087997437,0.011341295465796476,0.8499178886413574,0.005478500250537072
2547,0.3488122969865799,0.011166786439537118,0.8498325943946838,0.005314886184617781
2548,0.348862424492836,0.010931311996906754,0.8499075770378113,0.005227389327109165
2549,0.3490036725997925,0.011129423258332211,0.8499290645122528,0.005315855562133532
2550,0.3490513861179352,0.011177597106180163,0.8498266339302063,0.0053788651006573185
2551,0.3488785922527313,0.011307999455472869,0.849971741437912,0.00534173372711922
2552,0.3487945795059204,0.011399458116741508,0.8499577343463898,0.005379497303384982
2553,0.34860382974147797,0.011268950400327526,0.8500316441059113,0.005342576664089439
2554,0.34853844344615936,0.011432395878852773,0.8500525951385498,0.005330564812263834
2555,0.34845277667045593,0.01142491481324209,0.8501259684562683,0.005392857854362935
2556,0.34865908324718475,0.011957166289661914,0.8500418663024902,0.0055289078813561005
2557,0.34864483773708344,0.011964204813363234,0.8500975370407104,0.005565828520651644
2558,0.3485010862350464,0.012222796802401823,0.8501876592636108,0.005700867023280549
2559,0.34839610755443573,0.012062954879424258,0.8502427041530609,0.00559014725224243
2560,0.34842196106910706,0.012164549857759768,0.85022833943367,0.005675621061022523
2561,0.3484455645084381,0.01212033781367184,0.8502830862998962,0.005663103447014787
2562,0.3486181050539017,0.012310146145940651,0.8501653373241425,0.005748029346764239
2563,0.34841188788414,0.012540289012234388,0.8503058850765228,0.005808299340134817
2564,0.34831637144088745,0.012499659450269887,0.8502572178840637,0.0057470599692484884
2565,0.3484092354774475,0.012255882078482876,0.8502258360385895,0.005565112024226959
2566,0.34837964177131653,0.012440485274960592,0.8501946330070496,0.00577024073592948
2567,0.34838488698005676,0.012279947928982597,0.8501976132392883,0.0056853569830285396
2568,0.34845781326293945,0.01241448066942937,0.8502005636692047,0.005793210768367917
2569,0.3485552817583084,0.012478607099438694,0.8502035140991211,0.005852595677919767
2570,0.3485807329416275,0.01242651359467923,0.8501895368099213,0.005839909476517988
2571,0.3487977087497711,0.012615521136826334,0.8500574231147766,0.005994461970007437
2572,0.3485991954803467,0.012759368330794016,0.850178599357605,0.006029190973180413
2573,0.3486257344484329,0.013128764384567747,0.8500975072383881,0.00634912770022661
2574,0.3487277925014496,0.01312541371011113,0.8500671088695526,0.006311785592445957
2575,0.34873969852924347,0.01321238373201336,0.8500535786151886,0.006392960422677939
2576,0.3484385013580322,0.01314336826757677,0.8502572774887085,0.006308371697716575
2577,0.348467618227005,0.013009214848766595,0.850210040807724,0.00615348202943904
2578,0.3485657721757889,0.012887895145327987,0.8501297533512115,0.005999224563889167
2579,0.34862031042575836,0.01278105288435287,0.8500663936138153,0.005962978274169799
2580,0.3484307676553726,0.012805160881701102,0.8501524031162262,0.005997201515160645
2581,0.34822119772434235,0.01261179114073312,0.8503206670284271,0.0059611238128353195
2582,0.34801532328128815,0.012906313318127248,0.85045525431633,0.006205154065713396
2583,0.3479527682065964,0.012949977453184535,0.8504411280155182,0.006238618663431046
2584,0.3480205237865448,0.013200140072520945,0.8504435122013092,0.00624873390707366
2585,0.34800511598587036,0.01299901531142696,0.8503966927528381,0.006142903170462805
2586,0.3478781133890152,0.012941168761845758,0.8504481613636017,0.006083771142002021
2587,0.3479406088590622,0.01281123002788667,0.8503688871860504,0.005932548249544933
2588,0.347832590341568,0.012657415104246164,0.850371390581131,0.005897144896795782
2589,0.3476978838443756,0.012751866191759076,0.8504226505756378,0.0059308623756044974
2590,0.3478122800588608,0.012859193141492068,0.850360095500946,0.005987381299457606
2591,0.3475862443447113,0.012850784845214144,0.8504597246646881,0.006043647342219649
2592,0.34739530086517334,0.012717432216525677,0.8505266308784485,0.005916911768747392
2593,0.34739089012145996,0.012984053180205592,0.850593239068985,0.005973093517812413
2594,0.34734585881233215,0.01318290201147999,0.850595235824585,0.006074540982178135
2595,0.3472091406583786,0.012942812488937682,0.8506132960319519,0.0059258469006317005
2596,0.3472428619861603,0.013101642887550986,0.8505831956863403,0.006026999337057847
2597,0.34716276824474335,0.013063605356769904,0.8506011664867401,0.0061050974473485335
2598,0.34721334278583527,0.012749527041666722,0.8505871891975403,0.006047482705434141
2599,0.3471528887748718,0.012812979122099872,0.8505413830280304,0.006080230806727106
2600,0.34713588654994965,0.005324601033199542,0.8468520641326904,0.004316427343394701
2601,0.3468888849020004,0.005212195388220988,0.8470630347728729,0.00427727292112808
2602,0.3467570096254349,0.005093594156511332,0.8471736907958984,0.004266441181060781
2603,0.3465825021266937,0.005090285628903226,0.8473233878612518,0.004199638426171014
2604,0.34645015001296997,0.005390624071391858,0.8474130928516388,0.004272805355185926
2605,0.3463691622018814,0.005345632310606478,0.847403883934021,0.004206339775084246
2606,0.34632544219493866,0.005336612885025147,0.8474929332733154,0.004223535689276691
2607,0.34624871611595154,0.005135129875718818,0.8474835455417633,0.004212956830300456
2608,0.34598809480667114,0.004903448649454433,0.8476110398769379,0.004064178455057001
2609,0.3457040935754776,0.0051892253557825506,0.8477379083633423,0.00419192555289352
2610,0.3456312268972397,0.00551447258574112,0.8478641510009766,0.004263996663847149
2611,0.3456604778766632,0.005565575639560579,0.847873330116272,0.004390605796773875
2612,0.34554053843021393,0.005479490701477078,0.847863107919693,0.004324983153642413
2613,0.34537574648857117,0.005592928944244149,0.8479687869548798,0.004368900169790764
2614,0.34513068199157715,0.0056411027920921005,0.8480932414531708,0.004330883712433938
2615,0.3453005403280258,0.005277396562867341,0.8481017649173737,0.004238750701589124
2616,0.3453146666288376,0.005185179258325505,0.8482060730457306,0.004174097435973413
2617,0.34518299996852875,0.005211268157553748,0.8481569290161133,0.004163940045482287
2618,0.345235139131546,0.005345737677727756,0.8481461703777313,0.004315542259575972
2619,0.3450530618429184,0.005319543411378235,0.8482115566730499,0.004305089841145271
2620,0.3451489806175232,0.005790934838548329,0.8480868637561798,0.004563028554031942
2621,0.3450850248336792,0.005796708956794322,0.8482277989387512,0.00465908122178827
2622,0.34492142498493195,0.005913097478957155,0.8483303189277649,0.004701228070299164
2623,0.3450782001018524,0.006276002918060209,0.8482815623283386,0.004796479947933785
2624,0.34508487582206726,0.006208567960442778,0.8483458757400513,0.0047849317114418
2625,0.3449292629957199,0.006329971957578408,0.848447322845459,0.004826488504073541
2626,0.34470419585704803,0.0063150941200540624,0.8485483527183533,0.004814940267581556
2627,0.3446098268032074,0.006423432594151316,0.8486301898956299,0.004882628106290051
2628,0.3445480316877365,0.006592799704892343,0.8486185371875763,0.005081603378109982
2629,0.3443944901227951,0.006653533313596542,0.8487184345722198,0.005069549379435867
2630,0.34463144838809967,0.006322638405937513,0.8486695885658264,0.004952676168515158
2631,0.3445514440536499,0.006329950884154153,0.8486764430999756,0.004967090390705884
2632,0.3446651101112366,0.006374205075090592,0.8485910296440125,0.005007551365276342
2633,0.3446135073900223,0.006558281435961921,0.8486532270908356,0.005203913532488597
2634,0.34454676508903503,0.006711464156874765,0.8487518429756165,0.0052435737169373485
2635,0.3444758355617523,0.00668621819461674,0.8488316833972931,0.00520543081903499
2636,0.3443911373615265,0.006658021952962952,0.8489842116832733,0.0052190863979525185
2637,0.34442971646785736,0.006684047631918429,0.8490084707736969,0.0052584515544616935
2638,0.3441343605518341,0.006803091405537449,0.8491416871547699,0.005297648123576825
2639,0.34405583143234253,0.006808486202146843,0.8491291701793671,0.005336676105297913
2640,0.3441104143857956,0.006659644606630622,0.8490624129772186,0.005196327099756636
2641,0.34403033554553986,0.00686839794730508,0.8491043150424957,0.0052608960716753255
2642,0.34401296079158783,0.006926644891947135,0.8491279780864716,0.005146846699604846
2643,0.3440418392419815,0.006694542197197641,0.8490976393222809,0.00500793068691294
2644,0.34413328766822815,0.006963797338909488,0.8491570949554443,0.005148574720393793
2645,0.34432683885097504,0.007288306999019117,0.849037379026413,0.005187391967872327
2646,0.34426186978816986,0.00779238330720941,0.8490788340568542,0.005402804510611506
2647,0.34409065544605255,0.007860998376585144,0.849137932062149,0.005390455483997814
2648,0.34411677718162537,0.008214673655864313,0.8491078913211823,0.0056546319304640975
2649,0.34408704936504364,0.008325203766084132,0.8490957319736481,0.005641819288516786
2650,0.3439832478761673,0.008412616329895727,0.8491897881031036,0.005579020484235554
2651,0.3440476804971695,0.008437735851608218,0.8491069078445435,0.005666222313804594
2652,0.3441469520330429,0.008353652888828986,0.8491124212741852,0.0055787676031444884
2653,0.3439497947692871,0.0086185247582957,0.8492233753204346,0.005640765617304013
2654,0.3443792164325714,0.008292139563427335,0.8491234183311462,0.0054545608405828835
2655,0.34424613416194916,0.008464246219321571,0.8492338359355927,0.005516558854742409
2656,0.3444056659936905,0.008465763505867963,0.8491866588592529,0.005504209828128717
2657,0.34451501071453094,0.008394703919278596,0.8491745591163635,0.005491987242060558
2658,0.34457334876060486,0.008310136267741488,0.8490929901599884,0.005430579283780185
2659,0.3445222079753876,0.008467891921717763,0.8492024838924408,0.00549211368260609
2660,0.34448614716529846,0.008386801385182803,0.8492250144481659,0.005431000752265294
2661,0.3443554490804672,0.008430781621603921,0.8493164777755737,0.0054677949510153045
2662,0.34434138238430023,0.008049184055186287,0.8492869734764099,0.00523657734008454
2663,0.344303160905838,0.007940803434240523,0.8492748141288757,0.005176475934108005
2664,0.34448857605457306,0.007908413581159901,0.8491940796375275,0.00526207618343363
2665,0.3445832133293152,0.007863927582556652,0.8491821587085724,0.005153758782760633
2666,0.344820499420166,0.007993149820091054,0.8491190969944,0.005214956006798451
2667,0.3448520600795746,0.008118368107016919,0.8491414487361908,0.005299924053396413
2668,0.3446544110774994,0.008064082966134888,0.8492996990680695,0.00519228100229959
2669,0.3446023166179657,0.008037614745270046,0.849321573972702,0.005133022533293273
2670,0.34448467195034027,0.007895558792364078,0.8493941128253937,0.005002198715515458
2671,0.34443558752536774,0.007930877851416208,0.84944948554039,0.004991409122296669
2672,0.34442979097366333,0.007820263447499367,0.8494708836078644,0.004885283357746238
2673,0.3443925976753235,0.00801940730671334,0.8494753837585449,0.004946101260147458
2674,0.3442833423614502,0.00771814163355747,0.8495637476444244,0.004888065049747957
2675,0.3444139361381531,0.007701704362638221,0.8494173586368561,0.004830239573591011
2676,0.3444861024618149,0.007762121869978588,0.8494386672973633,0.004819913595705842
2677,0.3444647938013077,0.00765709192348944,0.849476546049118,0.004738865206019393
2678,0.3444158732891083,0.007411523310640715,0.8495807647705078,0.00470527416775621
2679,0.3441881984472275,0.007380524303560953,0.8496845960617065,0.00467180957003856
2680,0.3441421091556549,0.007643246683753611,0.8497051298618317,0.004896157244662048
2681,0.34432852268218994,0.007479211149349211,0.8496429324150085,0.004862397619004822
2682,0.34437282383441925,0.007492255598963333,0.8495810031890869,0.00478215001944008
2683,0.34452757239341736,0.007607885477852971,0.8494535088539124,0.004795384129872501
2684,0.3444558084011078,0.007510652698338338,0.8494251072406769,0.00480849179975939
2685,0.3446386754512787,0.007559838070550552,0.8493640422821045,0.004867961003008261
2686,0.34473584592342377,0.007583461379140908,0.8493195474147797,0.004996551037814999
2687,0.34470751881599426,0.007592670465540538,0.8493242263793945,0.005009237239216777
2688,0.34467802941799164,0.007673950662893797,0.8493126332759857,0.005044851326208483
2689,0.3447081595659256,0.007841821560512689,0.8493173122406006,0.005103309005093093
2690,0.34463436901569366,0.007883546940538473,0.8493544161319733,0.005161513802886638
2691,0.3446056842803955,0.007969336850682398,0.8493266105651855,0.005127922764623455
2692,0.3445340394973755,0.00799348699487914,0.8493635356426239,0.005094500313754316
2693,0.34448112547397614,0.00798566875448037,0.8494003117084503,0.00506120430343071
2694,0.34426015615463257,0.008048994394367988,0.8495012819766998,0.0050279925868041255
2695,0.34418728947639465,0.008050090212429271,0.8495858013629913,0.005017708755767467
2696,0.344094380736351,0.00807430357689878,0.8495898544788361,0.00507536564453037
2697,0.3439648151397705,0.008162833032195912,0.8496098816394806,0.00506499751979669
2698,0.34394946694374084,0.007963984200921514,0.8496776819229126,0.005032080831109682
2699,0.3436926305294037,0.0078459308782425,0.8498089015483856,0.004909222767700426
2700,0.3607972711324692,0.0005022850671285796,0.8485277593135834,0.0020595057524848367
2701,0.360519602894783,0.0002628909675867015,0.8486548960208893,0.002138657533988296
2702,0.3603871911764145,2.2485343680561965e-05,0.8487218022346497,0.0021332205905303906
2703,0.3602073937654495,6.016462624930123e-05,0.848709225654602,0.002127825793920996
2704,0.3605182468891144,0.000157502772885211,0.8486374616622925,0.002206218932151259
2705,0.3604746013879776,0.00021610796573960916,0.8487433195114136,0.0023120918156106247
2706,0.3604876399040222,6.263021688718854e-05,0.8486717939376831,0.002222909084161573
2707,0.36070090532302856,1.5172865463921852e-05,0.8486202359199524,0.0023281919117417865
2708,0.360928937792778,0.00028438586032725747,0.8484712243080139,0.0025159139750093084
2709,0.3609054535627365,0.0006734434189313203,0.8484204411506653,0.002675060474986444
2710,0.3610137552022934,0.0006296106964799905,0.8483504354953766,0.0025859198903859034
2711,0.3608085364103317,0.000505741108706473,0.848436027765274,0.0024971586274219605
2712,0.36072805523872375,0.00044717806270058567,0.8485405743122101,0.0024362142844752076
2713,0.3608362376689911,0.00023943624639038898,0.8485094308853149,0.0024028761273030903
2714,0.36087092757225037,2.667895510739592e-05,0.8485169410705566,0.002206303225848281
2715,0.36091384291648865,0.00025991961476668347,0.8484283685684204,0.0023639324392790246
2716,0.3608173429965973,0.00017701676374575493,0.8484552204608917,0.0023038731801510006
2717,0.3608821630477905,9.550475872568587e-05,0.8484819531440735,0.0022982676492990517
2718,0.36081188917160034,0.00013950606857105925,0.8484703898429871,0.002346567937692536
2719,0.3607122600078583,4.758379196879936e-05,0.8484779298305511,0.0022063453726967916
2720,0.36066728830337524,0.0001229423571062779,0.848409503698349,0.0022278402654373475
2721,0.36052845418453217,8.553702905285943e-05,0.8484739661216736,0.002329540610894135
2722,0.3603738993406296,5.7888696429712956e-05,0.8485380709171295,0.002377292990256978
2723,0.36018581688404083,0.00021973259471154603,0.848658412694931,0.002344924210600611
2724,0.35996223986148834,0.00010585181003511036,0.8487406075000763,0.0023659133411590367
2725,0.3597128093242645,0.0001475982634851509,0.8487848937511444,0.002386733884323418
2726,0.3597957640886307,0.00020822650506807197,0.8486792743206024,0.002619131607012488
2727,0.3596540242433548,0.0003057964593707917,0.8487608134746552,0.002744813509271974
2728,0.35953161120414734,0.0006944957697625118,0.8488791882991791,0.002922588916290925
2729,0.3595259338617325,0.0003758445215958975,0.8489227294921875,0.0027843051063266813
2730,0.2949904203414917,0.04689856850570925,0.8984375,0.011048543456039806
2731,0.2458122968673706,0.06842768448725604,0.90234375,0.03866990209613932
2732,0.26623690128326416,0.007041431833866555,0.890625,0.0
2733,0.2634838968515396,0.01585899508425495,0.88671875,0.016572815184059706
2734,0.2678363770246506,0.025647263476122003,0.8890624940395355,0.015467935550346621
2735,0.27205662429332733,0.024519919572152608,0.890625,0.011048543456039806
2736,0.28104594349861145,0.025945937118094453,0.8828125,0.014205258115808746
2737,0.29182004928588867,0.01341062143398435,0.876953125,0.0027621358640099515
2738,0.2880080044269562,0.024163083279235123,0.8793402910232544,0.008593320942886184
2739,0.2873378247022629,0.019247264529742743,0.87890625,0.007733946701749055
2740,0.2989019304513931,0.018052106346519322,0.8757102191448212,0.007030895121738831
2741,0.30456914007663727,0.02066095412249515,0.87109375,0.0073656675394608625
2742,0.29997143149375916,0.01963718609874128,0.8737980723381042,0.008498912002221781
2743,0.30051037669181824,0.018115684867498004,0.8733258843421936,0.005524271728019903
2744,0.3035127520561218,0.018382095096935367,0.8692708313465118,0.00662915136173299
2745,0.3039003610610962,0.017834944709566942,0.8681640625,0.008286407592029853
2746,0.304570809006691,0.01783467075505162,0.8662683963775635,0.009748734647963834
2747,0.3052058666944504,0.01569200927045479,0.8680555522441864,0.007365709686309374
2748,0.30573688447475433,0.011376846332515414,0.8659539520740509,0.0034890425602773405
2749,0.30103200674057007,0.011428539442214026,0.8683593571186066,0.004971852984587614
2750,0.30448877811431885,0.012659480299823197,0.8683035671710968,0.005261233246463413
2751,0.3022807836532593,0.011219069605114882,0.8696732819080353,0.004519870181156787
2752,0.3034385144710541,0.013043606677151485,0.870244562625885,0.005764424470834977
2753,0.3022986948490143,0.010247247572150687,0.8707682490348816,0.0041432037960149265
2754,0.3013227581977844,0.009906953917273729,0.871874988079071,0.0044194342411553265
2755,0.29850882291793823,0.004178269973975991,0.8728966414928436,0.0012748157269090118
2756,0.29940086603164673,0.008550499744799116,0.8723958432674408,0.0036828337697304312
2757,0.2991466224193573,0.010088522540658661,0.8733258843421936,0.003156714659768941
2758,0.3014915734529495,0.009214586563361018,0.8714978694915771,0.002666883986375331
2759,0.29873156547546387,0.008844937628496221,0.8726562559604645,0.0018414379582894712
2760,0.30015677213668823,0.007544075149207477,0.8724798262119293,0.0021384046528972306
2761,0.30200986564159393,0.003650907531983429,0.871337890625,0.0017263349150062196
2762,0.302735835313797,0.004496099358596643,0.8705018758773804,0.0003348145645705422
2763,0.30254149436950684,0.003239575363941359,0.87109375,0.000974856606056979
2764,0.30328863859176636,0.00021499107425407046,0.8707589209079742,0.000946997539191278
2765,0.30175887048244476,0.0007055593174966216,0.8717447817325592,0.0009206979057204801
2766,0.3040214776992798,0.004892827643629688,0.8709881603717804,0.0002986104216996842
2767,0.304282546043396,0.004807775303334704,0.871504932641983,0.0002907711078766579
2768,0.304919958114624,0.0035677307264471796,0.871193915605545,0.0002832689688417188
2769,0.3034154921770096,0.003914367482025028,0.8714843690395355,0.0005524187434322881
2770,0.3044276088476181,0.0015590751466907366,0.871379554271698,0.0018863243519535733
2771,0.30612802505493164,0.0018088162975420392,0.8714657723903656,0.0018414379582894712
2772,0.3074069768190384,0.0020733088453721545,0.8713662922382355,0.0020555439487248126
2773,0.3067322075366974,0.0029695405055320608,0.8721590936183929,0.0025110670874305555
2774,0.30807244777679443,0.0047725826848281075,0.8720486164093018,0.003191780837730005
2775,0.3076811134815216,0.0038518004854106056,0.8726222813129425,0.0028822122354174883
2776,0.30966220796108246,0.004576452325282662,0.8716755211353302,0.0032910366659731605
2777,0.3108057230710983,0.0076448693374212805,0.87109375,0.0046035316754509115
2778,0.31029513478279114,0.00753004024865335,0.8711734414100647,0.0036076859388355074
2779,0.3120970278978348,0.010674469102081365,0.8709374964237213,0.00486134394779205
2780,0.3138308525085449,0.01055420306985553,0.8699448704719543,0.0045494151219629235
2781,0.3140130490064621,0.008842514184706845,0.8706430196762085,0.004036993737767474
2782,0.31612278521060944,0.012477469134528902,0.8686615526676178,0.0056285008843873436
2783,0.3160456717014313,0.012832535259808927,0.8684895932674408,0.005933475480212173
2784,0.314944788813591,0.01357918775460367,0.8691761493682861,0.0066291092148844785
2785,0.31628403067588806,0.014161889008691036,0.869140625,0.007102671204752884
2786,0.3174467384815216,0.011941761616531182,0.8693804740905762,0.006396542904801366
2787,0.31768563389778137,0.010315946935223445,0.869612067937851,0.005714733336440633
2788,0.3186883479356766,0.008750549761256074,0.8694385588169098,0.00486884608682699
2789,0.3198428601026535,0.009245100881682905,0.8688802123069763,0.004971810837739104
2790,0.32069672644138336,0.010612428941073329,0.8684682250022888,0.00525259314251868
2791,0.3227514922618866,0.012339332838534446,0.8673135042190552,0.006237059230036143
2792,0.3231598287820816,0.013612863086563875,0.8669394850730896,0.007190336649655543
2793,0.32306985557079315,0.013263044243923454,0.8670654296875,0.007423240134526744
2794,0.3231869339942932,0.014335154702919321,0.8669471144676208,0.008328891615328834
2795,0.3235514163970947,0.013396080771248091,0.8674242496490479,0.007700482104031405
2796,0.3231508135795593,0.011477008318001554,0.8676539063453674,0.006761028850723577
2797,0.32276710867881775,0.01213538423859023,0.8677619397640228,0.007311508839124364
2798,0.32400983572006226,0.012340681537686794,0.8671875,0.00752582556380226
2799,0.3232975900173187,0.012282898208378358,0.8675223290920258,0.00741830895325097
2800,0.34728632867336273,0.0047329857206521225,0.8499241769313812,0.006178432963757489
2801,0.34726420044898987,0.004517383517094644,0.8499283492565155,0.006078292051695604
2802,0.347189337015152,0.004741309723233024,0.8499126732349396,0.006287424714006661
2803,0.3469421863555908,0.004836477307170623,0.8500356376171112,0.006355449727503243
2804,0.34703654050827026,0.00463927220298815,0.8498815298080444,0.006255603843380936
2805,0.3470468819141388,0.004723818781101003,0.8498660624027252,0.006239798775189351
2806,0.34708675742149353,0.004640747342686031,0.8498506844043732,0.00616857060120594
2807,0.3472519963979721,0.0047611398154574,0.849854975938797,0.0061807931872740985
2808,0.34736791253089905,0.004834538552139122,0.8497810363769531,0.006303566956986333
2809,0.34736306965351105,0.004685486222380345,0.8498439788818359,0.00617754787993876
2810,0.3472875654697418,0.004726937647890809,0.849926084280014,0.006189644025461387
2811,0.3473435640335083,0.004367340736395862,0.8500271439552307,0.006009634835471359
2812,0.3474079370498657,0.00457659983925245,0.8499922454357147,0.0059673615464149316
2813,0.3475301116704941,0.004888676179051365,0.8500347435474396,0.006143788254281534
2814,0.34735555946826935,0.0048629666014597195,0.8500770628452301,0.006101388524679574
2815,0.3472018986940384,0.004612361440213944,0.8501575589179993,0.005896175519280031
2816,0.34699685871601105,0.004924964615619245,0.8502568304538727,0.006098522538980833
2817,0.34717290103435516,0.005068685369041394,0.8501070439815521,0.0062188096446309255
2818,0.3470073640346527,0.0053412701117856,0.8501869142055511,0.006338506694401864
2819,0.3470895290374756,0.005134961288324774,0.8501141667366028,0.006188506060551592
2820,0.34704984724521637,0.005036190148839494,0.8501176536083221,0.006146654239980275
2821,0.346786305308342,0.005181891804141655,0.8502915799617767,0.006185345046913275
2822,0.34687404334545135,0.005439409048543217,0.8502379655838013,0.006330625233730327
2823,0.3467131704092026,0.005475191722928967,0.8503730595111847,0.006262052311203103
2824,0.34666429460048676,0.005656802493162409,0.8503947257995605,0.006406489561049936
2825,0.34656165540218353,0.005640449515940182,0.8504913151264191,0.00639110596134346
2826,0.34637491405010223,0.0057469967489757225,0.850587397813797,0.006428700950215177
2827,0.3463899940252304,0.005589325388696467,0.8506457209587097,0.006307781641837423
2828,0.3462517112493515,0.005646940130610859,0.8506851494312286,0.006424401971667066
2829,0.3461390733718872,0.005501217401884443,0.8507429659366608,0.006199000625830805
2830,0.34594061970710754,0.0055494333965809065,0.8508560657501221,0.006210506715474279
2831,0.3456200510263443,0.005347655359335001,0.8510425984859467,0.006169666419267223
2832,0.3457113951444626,0.005365314888861066,0.8508962690830231,0.006337663757431646
2833,0.3457002639770508,0.005412709020011566,0.8508794605731964,0.006270734561996347
2834,0.3458230793476105,0.005307974101461994,0.8508627116680145,0.006307908082382956
2835,0.3457096070051193,0.005415596079134563,0.8509009778499603,0.006370791180361209
2836,0.3456539213657379,0.005141114728207365,0.8509756028652191,0.006226733252150974
2837,0.34555281698703766,0.004949030466118966,0.8510498702526093,0.006186440864974559
2838,0.3457280844449997,0.004827226073922481,0.8509419560432434,0.0061462749183436765
2839,0.3457673639059067,0.005222310631863602,0.8510159552097321,0.006311617005051914
2840,0.34564223885536194,0.0052543633101561375,0.8510896265506744,0.006322575185664746
2841,0.3455084264278412,0.005397915476184242,0.8511449098587036,0.006410114190021873
2842,0.3454267680644989,0.005393405763393576,0.8512539565563202,0.0064717750293933115
2843,0.3453042358160019,0.005419684323440119,0.8514344394207001,0.0064314826422168965
2844,0.34515179693698883,0.0054286616021729395,0.8514705896377563,0.006442061501193131
2845,0.34516873955726624,0.005375577646473469,0.8514886796474457,0.006477928469275902
2846,0.34521153569221497,0.005599040237278229,0.85148885846138,0.006538872812222655
2847,0.345150426030159,0.005676737952508061,0.8515780866146088,0.006574360458668827
2848,0.3452911078929901,0.005780988182299758,0.8515425324440002,0.006584517849159953
2849,0.3452941030263901,0.006134073405699773,0.8515602648258209,0.006870484216306369
2850,0.3452480733394623,0.00623600555882337,0.8515602648258209,0.006879925110372809
2851,0.3451962172985077,0.006199422094315914,0.8516132533550262,0.0069143169387576985
2852,0.34505386650562286,0.0061374030067321336,0.8517363965511322,0.006848905029868791
2853,0.34511569142341614,0.006054057613801841,0.8517360091209412,0.0068086547895408875
2854,0.3451540619134903,0.006029001312362114,0.8517531454563141,0.006743790789682622
2855,0.34524138271808624,0.005939649993519019,0.8517352640628815,0.006629741417612142
2856,0.3450997471809387,0.006294126062919893,0.8517872095108032,0.006812363712209846
2857,0.34494657814502716,0.006564898491178132,0.8519086241722107,0.006895730178564394
2858,0.3450413942337036,0.006543466818710342,0.8518556952476501,0.006880388725706429
2859,0.34493133425712585,0.006524079268395331,0.8519764244556427,0.006914148351363655
2860,0.3449229598045349,0.006356166223927929,0.8520101010799408,0.006776496744127075
2861,0.34478744864463806,0.006169455685024668,0.8521126806735992,0.0067371315876179
2862,0.3447117507457733,0.006077154086785811,0.8521458804607391,0.006697935018502768
2863,0.34451907873153687,0.0060728551082376995,0.8521446287631989,0.0066589070367816805
2864,0.3446209877729416,0.005982513338454598,0.8520747721195221,0.006668516518242165
2865,0.34438586235046387,0.006001964109042375,0.8521933853626251,0.006702318290747902
2866,0.34442639350891113,0.005834514679908594,0.8521920144557953,0.006615242901724394
2867,0.34439817070961,0.00592487752311595,0.8522417545318604,0.00664900252738162
2868,0.34450197219848633,0.006201402996195926,0.852206289768219,0.006898933339051222
2869,0.344585657119751,0.006299436565832266,0.8521709740161896,0.007003921138691859
2870,0.3445272743701935,0.006360591643021573,0.8522204160690308,0.007132342586104554
2871,0.34443777799606323,0.006412516560386995,0.8522696495056152,0.00716471136576092
2872,0.34437109529972076,0.006217608459448365,0.8523187041282654,0.007101575386691601
2873,0.3442010432481766,0.006350876794439812,0.8523843288421631,0.007205172340331379
2874,0.34418027102947235,0.006238007534127637,0.8524160981178284,0.0070710610683697135
2875,0.3440968245267868,0.006203278530954661,0.8524979650974274,0.0070085572920280574
2876,0.3442991226911545,0.0063934029645873035,0.8524124622344971,0.0070407996311388915
2877,0.34438708424568176,0.006212740498445357,0.8523606359958649,0.006931512852950144
2878,0.34440577030181885,0.006283547203943658,0.8523755669593811,0.007057911251634315
2879,0.34422771632671356,0.006403476061381408,0.8525066375732422,0.007160243799818765
2880,0.34425175189971924,0.006537481966221795,0.8525046408176422,0.007262197026366618
2881,0.34430940449237823,0.006985650479862387,0.8524695932865143,0.007457252641275036
2882,0.3444092124700546,0.006986619857378138,0.8523851931095123,0.0073948753054789125
2883,0.34443865716457367,0.007093672852595808,0.8523670136928558,0.007425811092285909
2884,0.34463073313236237,0.006909744005694267,0.8523653149604797,0.00743343967186638
2885,0.3443872332572937,0.006925064385127976,0.8524619936943054,0.007394664571236358
2886,0.3443617522716522,0.007003836844994837,0.8524764478206635,0.0073791966778328595
2887,0.3443901985883713,0.007162456509365587,0.8524418771266937,0.00752536194846864
2888,0.34421999752521515,0.007033740034013317,0.8525377810001373,0.007440562489264721
2889,0.34415575861930847,0.0069415438028957365,0.8526170253753662,0.007471034660738098
2890,0.3439794331789017,0.007005038030177398,0.8526797294616699,0.0075243925709528895
2891,0.3438462167978287,0.007116263563397647,0.8526774346828461,0.007623226930710937
2892,0.3438502848148346,0.00702233931149112,0.852691262960434,0.0075617768255820525
2893,0.34367209672927856,0.006991614258926678,0.8527372777462006,0.007546182491633022
2894,0.343484491109848,0.00707890038219274,0.8528313934803009,0.007644384648663405
2895,0.34325119853019714,0.007143300766717386,0.8529411852359772,0.007719490332709818
2896,0.3432421237230301,0.007275789385011382,0.8530505001544952,0.007748993126667444
2897,0.34321093559265137,0.007324658655859763,0.8530954122543335,0.007733103764778837
2898,0.3432367593050003,0.007225676782131928,0.8530603647232056,0.007694750132633923
2899,0.343355730175972,0.007138390658865867,0.853057324886322,0.007701577922092688
2900,0.34850072860717773,0.008681492149970974,0.8506423532962799,0.0013823744843088133
2901,0.3485826402902603,0.008919305742693694,0.8506447076797485,0.001238190115553045
2902,0.3484323024749756,0.008912456879810673,0.8507263958454132,0.0011508196985899615
2903,0.348172664642334,0.00876372065141573,0.850827544927597,0.0010918984043717316
2904,0.34810322523117065,0.00892451087848479,0.8508491218090057,0.0009774275638161434
2905,0.3482853025197983,0.00892335184015074,0.8508312404155731,0.0009749830466025117
2906,0.34806568920612335,0.008959893157809685,0.8510491847991943,0.0009169468362030106
2907,0.3481168746948242,0.00894006306558531,0.8509721159934998,0.000886938280063254
2908,0.3479163348674774,0.008986888214280913,0.8510517776012421,0.0008570561644690301
2909,0.34782153367996216,0.009084711049674697,0.8510920405387878,0.0007722145584166004
2910,0.34775878489017487,0.009237092980465836,0.8510932326316833,0.0006327084898455412
2911,0.3474868834018707,0.009276057741914156,0.8512690365314484,0.0005762738596894541
2912,0.3474421799182892,0.009141145679830785,0.8513084650039673,0.0006021941715236539
2913,0.34725312888622284,0.009095606010014764,0.8513863384723663,0.000628030189660832
2914,0.34717656672000885,0.008714219177839684,0.8513867557048798,0.0008716389740537995
2915,0.3471064865589142,0.008998900066106517,0.8514256179332733,0.0006792807574500791
2916,0.3469935208559036,0.009051773287563434,0.8514259457588196,0.0007046953071021483
2917,0.34662535786628723,0.00897635150215319,0.851560115814209,0.0007570416929526786
2918,0.3464587777853012,0.008935195104582301,0.8515791893005371,0.0007551872316181993
2919,0.3463746905326843,0.009303916808779858,0.8517123162746429,0.0005919524873355067
2920,0.3464932292699814,0.009111158197115284,0.8517689108848572,0.0006441724326405044
2921,0.3461925536394119,0.009052194756048543,0.8519388139247894,0.0006426129992456013
2922,0.34583982825279236,0.009074637952880594,0.8520701229572296,0.0006410957126992092
2923,0.34575456380844116,0.009216925713453372,0.8521442413330078,0.0006661730875631911
2924,0.346208319067955,0.008818869802692234,0.8520300686359406,0.0008506498434953742
2925,0.34617358446121216,0.008808312017140255,0.8520102202892303,0.000901647530193556
2926,0.3461339920759201,0.009205145669294578,0.852158784866333,0.0007143047885626321
2927,0.345968097448349,0.009354535173841442,0.8522133529186249,0.0005542732047667674
2928,0.346004381775856,0.009067451915209487,0.8521000742912292,0.0006845491135139409
2929,0.3457747548818588,0.009152167080716384,0.8521916568279266,0.0005778754399328681
2930,0.34567953646183014,0.009284339597646548,0.8522457778453827,0.0005240960612329673
2931,0.34571294486522675,0.0094768242547958,0.8521147668361664,0.00041830747147062326
2932,0.34575650095939636,0.009273149609366906,0.8521319031715393,0.00046943159871433774
2933,0.3457822650671005,0.008876948159940246,0.8520753383636475,0.0007285504233593142
2934,0.34577809274196625,0.00874570287367732,0.8519823849201202,0.000778747319935789
2935,0.34562036395072937,0.008743574457827521,0.8520546555519104,0.000699216216795732
2936,0.34557995200157166,0.008728612326606154,0.851962149143219,0.0006459426002779619
2937,0.3457137495279312,0.008632538585425571,0.8518518507480621,0.0006186735892914134
2938,0.3457958996295929,0.008836044643460423,0.8518329858779907,0.0005657792944102415
2939,0.34571821987628937,0.008642358801128609,0.8518868088722229,0.0006157654567441618
2940,0.3455783724784851,0.00872330182369378,0.851994663476944,0.0005887493268486787
2941,0.3455304503440857,0.00866425408893002,0.8519575297832489,0.0005107776571035248
2942,0.34570935368537903,0.008798365360891684,0.8519566357135773,0.00043314316214645797
2943,0.3458051532506943,0.008983621833521319,0.8519557118415833,0.0004067170881301274
2944,0.3457198739051819,0.00888168968039772,0.8520086109638214,0.00045649251622149325
2945,0.3456411808729172,0.008774151996422175,0.8520612418651581,0.0004554809918572318
2946,0.3455236107110977,0.008884113124187097,0.8521315157413483,0.00032819750935433184
2947,0.34546859562397003,0.008809555349171326,0.8521302342414856,0.000453415796280198
2948,0.345301017165184,0.00892002223911838,0.8522533476352692,0.00040212308164243993
2949,0.345240980386734,0.00897921748785193,0.852287232875824,0.0003761184761112183
2950,0.3450196385383606,0.009168372543968822,0.8524271249771118,0.0003502403111255294
2951,0.34470441937446594,0.00933704423170942,0.8525663614273071,0.00027454457119996373
2952,0.3445311337709427,0.00961354863136514,0.8527049720287323,0.0001992281529109961
2953,0.34451888501644135,0.00967432438691785,0.8526672720909119,0.0001242489094101156
2954,0.3445243686437607,0.009482050464011151,0.85268235206604,0.00017356072216786163
2955,0.34460557997226715,0.009135139753917982,0.8526798188686371,0.00019787945375864747
2956,0.34442228078842163,0.009125719933275798,0.8527820408344269,0.00022215603850092244
2957,0.34410975873470306,0.009027665290215203,0.8529360592365265,0.00027087779537951593
2958,0.34393729269504547,0.009273845032367334,0.8530024886131287,9.828645072740488e-05
2959,0.3439195603132248,0.008991671881586899,0.8530513048171997,0.00014709250130302018
2960,0.34397535026073456,0.009125277391366433,0.8530307412147522,9.786498224229595e-05
2961,0.3439813107252121,0.00914963826980573,0.8530447483062744,9.761210115123058e-05
2962,0.3439812809228897,0.008875051551757255,0.8530242741107941,0.0001948448806658631
2963,0.34393835067749023,0.008856907333473316,0.8530897796154022,0.00021869999692302914
2964,0.34407201409339905,0.008988447647675816,0.8530521094799042,9.697989842356717e-05
2965,0.34401431679725647,0.008859183263292904,0.8530488610267639,0.00016934603731677222
2966,0.34388503432273865,0.008865673877963581,0.8531138896942139,0.0002897174366638856
2967,0.3438175916671753,0.009028908622246274,0.8531105220317841,0.00016862954089208703
2968,0.34379807114601135,0.009319848317516975,0.8531241714954376,7.21132578021397e-05
2969,0.34374119341373444,0.00934616902441203,0.8531546592712402,4.796311360539741e-05
2970,0.3437783122062683,0.009614412641759613,0.8530835211277008,0.00016753372283080377
2971,0.34365418553352356,0.009588871651562011,0.8531309068202972,0.00011940202183136279
2972,0.3436456173658371,0.009350172975020563,0.8531443774700165,2.3812969408655127e-05
2973,0.343609094619751,0.00940110744144598,0.8531577885150909,2.3812969408655127e-05
2974,0.34363147616386414,0.009354408733295908,0.8531711399555206,2.372867571163334e-05
2975,0.34352339804172516,0.009181669874674009,0.8532513976097107,7.105958658936734e-05
2976,0.34343676269054413,0.009139902347799713,0.8533313274383545,7.089099919532376e-05
2977,0.34328697621822357,0.008936122335249541,0.853494256734848,9.428250011886994e-05
2978,0.3430459499359131,0.008811978792960702,0.8536897599697113,0.00011763185419390524
2979,0.3429354578256607,0.008936375216340607,0.8538014590740204,2.3475794620567976e-05
2980,0.34286561608314514,0.008761529015293161,0.8538132607936859,0.00011712609201177452
2981,0.3425981104373932,0.008793729207555485,0.8539076745510101,0.00018700556684283682
2982,0.3426719903945923,0.008652958733529099,0.853935718536377,0.00016327689113120348
2983,0.34271422028541565,0.008788671585734178,0.8539307415485382,0.00018624692356964073
2984,0.34259751439094543,0.0086746222136637,0.8540078997612,0.0002323134289920479
2985,0.34254562854766846,0.00880249575204575,0.8540847301483154,0.00027816920017190063
2986,0.34237757325172424,0.008939220128615092,0.8541612327098846,0.0001850668118113357
2987,0.3422980010509491,0.008824875728605037,0.854253739118576,0.00025393476227813654
2988,0.3423354923725128,0.008831239902730182,0.854215532541275,0.0001843081685381396
2989,0.34223541617393494,0.008871532289906595,0.8542912900447845,0.00013794663517615618
2990,0.34223225712776184,0.008702987042711531,0.8542531728744507,0.00011472372164665356
2991,0.34214504063129425,0.008685980789337385,0.8543285429477692,0.00011442869370707729
2992,0.34185677766799927,0.008710615622292002,0.8544520735740662,9.137436757161827e-05
2993,0.34179888665676117,0.008656688729622313,0.8545428216457367,0.0001596101153107557
2994,0.3417493999004364,0.008583922195668255,0.8545527458190918,0.0002047493900659232
2995,0.3417128622531891,0.008475984116631856,0.8546108305454254,0.0002724793756229299
2996,0.34181366860866547,0.00880180032904532,0.8546206057071686,0.00018127359544535524
2997,0.3416486829519272,0.00873006639287978,0.8547262847423553,0.0001356707053565679
2998,0.3415839672088623,0.008724734816543152,0.8547676801681519,0.00018055709902067003
2999,0.34144115447998047,0.008620337072781667,0.8548566997051239,0.0002476970286985242
3000,0.34463468194007874,0.00916124972657048,0.8494853377342224,0.002623725613500175
3001,0.3446062505245209,0.00923053914552239,0.8494507968425751,0.00264517835939222
3002,0.3444133400917053,0.009208496343751194,0.8496546447277069,0.0026103650625222217
3003,0.34446896612644196,0.009371962895700695,0.8496198952198029,0.002575804646743289
3004,0.3443085849285126,0.009208159168963106,0.8496248126029968,0.0024854839503844427
3005,0.3440980762243271,0.009110146672751023,0.8498069643974304,0.0024792462168048307
3006,0.3438107371330261,0.009136003764312456,0.8499685823917389,0.0025007832563938973
3007,0.34381309151649475,0.008912246145568119,0.8499921560287476,0.002494503375965774
3008,0.34354785084724426,0.008849320900741354,0.8500938415527344,0.0024329689771398688
3009,0.34357060492038727,0.009235491400222421,0.8500584959983826,0.0026199323971341946
3010,0.3436260521411896,0.008827488833212712,0.8500233292579651,0.0024208306847687314
3011,0.3433661013841629,0.008958797339748402,0.850221186876297,0.0024971586274219605
3012,0.34310008585453033,0.008989438098615821,0.8503019511699677,0.002518316345374429
3013,0.3431051969528198,0.009075143715062725,0.85036301612854,0.002512120758643328
3014,0.3430715799331665,0.008781548768335836,0.8503851890563965,0.0023969755685115655
3015,0.3430865556001663,0.008463066107563266,0.8503688871860504,0.0022823782874104447
3016,0.3429085910320282,0.008513284077563996,0.8504676520824432,0.0022768149034070066
3017,0.34287942945957184,0.008554861943619993,0.8505659103393555,0.0022712093725550577
3018,0.3427204489707947,0.008406104641800792,0.8507018387317657,0.002211740169306186
3019,0.3426119387149811,0.008431772072543928,0.850722998380661,0.002313988423793615
3020,0.342604398727417,0.008958396944687549,0.8507629930973053,0.0025499264817575996
3021,0.34250710904598236,0.008671819448237724,0.8508595824241638,0.0025437308950264984
3022,0.3424447327852249,0.008463866897684974,0.8508801758289337,0.002484177398080605
3023,0.3423801213502884,0.008536654505063287,0.8509006798267365,0.0024781925455920582
3024,0.34248122572898865,0.008687055533974412,0.8508458733558655,0.002419060517131274
3025,0.3424941897392273,0.008854420669411172,0.8508100807666779,0.0024927753551768276
3026,0.34219446778297424,0.0091036771315046,0.8509989380836487,0.002619089460163977
3027,0.34226366877555847,0.009316476569636105,0.8509629666805267,0.002744813509271974
3028,0.3422185331583023,0.009409473590875392,0.8510202765464783,0.002738280747752785
3029,0.34216104447841644,0.009274730116186063,0.8511701226234436,0.00270549049961131
3030,0.34201036393642426,0.009334789375314087,0.851263701915741,0.002751514858185206
3031,0.3417873829603195,0.009336390955557501,0.8513753414154053,0.0026665468115872437
3032,0.3418435901403427,0.00919536760044005,0.8514126539230347,0.00258200023347439
3033,0.3418508917093277,0.009195746922076649,0.8513394296169281,0.002601935692820043
3034,0.3420734703540802,0.0091295974433388,0.851211428642273,0.002699674234516806
3035,0.34196171164512634,0.008968217160390587,0.8512122631072998,0.002563877088614706
3036,0.3418024629354477,0.008937850356038488,0.8512313663959503,0.002609522125552004
3037,0.34180422127246857,0.008698456256496609,0.8512503504753113,0.0025519073836376117
3038,0.34169137477874756,0.008849953103469019,0.8513420224189758,0.002494503375965774
3039,0.3416949659585953,0.009133706761068613,0.8513425290584564,0.002668359126073212
3040,0.3416852653026581,0.009086944832645775,0.8512887358665466,0.002559746697460638
3041,0.3415985107421875,0.0090862704830696,0.8513254821300507,0.002528263001623
3042,0.34149104356765747,0.009303411046597727,0.8513800799846649,0.0027262688959271805
3043,0.3414672464132309,0.009200467369109868,0.8514524102210999,0.002643787513391361
3044,0.34134791791439056,0.009173999148245026,0.8515064716339111,0.002637718367205792
3045,0.341264933347702,0.009213132497087391,0.8515065908432007,0.002606361111913687
3046,0.3413233011960983,0.009211931311904831,0.8514531552791595,0.002701402255305753
3047,0.34110771119594574,0.009187486139768513,0.8515780866146088,0.00274557215254517
3048,0.3412380516529083,0.009377252325188812,0.8515602648258209,0.002839896799512551
3049,0.3411911725997925,0.009420874313397588,0.8515957295894623,0.00290868045628233
3050,0.34104250371456146,0.009323789047852743,0.8516310453414917,0.002776971554685786
3051,0.34097079932689667,0.009490226952622265,0.8517367839813232,0.0028455866240615214
3052,0.34074240922927856,0.009585752784772207,0.8518949151039124,0.0028391803030878657
3053,0.3405325710773468,0.009530624706919956,0.8520698547363281,0.002857640622735637
3054,0.3404590040445328,0.00954472282774685,0.8520511984825134,0.00280166960791317
3055,0.34025056660175323,0.009667412303762063,0.852137565612793,0.0028448279807883254
3056,0.3401653617620468,0.009871698078494367,0.8522060811519623,0.002863161859890564
3057,0.34006668627262115,0.009952156412301663,0.8522394597530365,0.0029306811112050166
3058,0.3398752808570862,0.009898145225934952,0.8523422181606293,0.0028504335116402743
3059,0.33954083919525146,0.00986173034882154,0.8524618744850159,0.0027950946995454703
3060,0.3392675817012787,0.009813977969458697,0.852598249912262,0.0027155214495569024
3061,0.33903375267982483,0.009924487006254262,0.8526477515697479,0.0028071065513710753
3062,0.3389156311750412,0.009888008908868082,0.8527142703533173,0.002776592233049188
3063,0.3388890027999878,0.010175471489136636,0.8527976274490356,0.0028676715726812297
3064,0.3386789560317993,0.010178000300047289,0.852914959192276,0.002861391692253107
3065,0.3387531489133835,0.010184807016081798,0.8528948724269867,0.002758384794492482
3066,0.3384525626897812,0.009962145215398744,0.85307976603508,0.0026074990768234813
3067,0.3382185697555542,0.009911885098549504,0.8532297611236572,0.002457245561882144
3068,0.3378457725048065,0.009946276926934394,0.853379100561142,0.0024518929121212603
3069,0.3378870040178299,0.009518676075367117,0.8533412516117096,0.0022307062511360883
3070,0.3379415273666382,0.00945678342832887,0.8533204793930054,0.00217798054364896
3071,0.3378403037786484,0.009587291144742854,0.8533166646957397,0.0022449097390842597
3072,0.33796995878219604,0.009715691518731293,0.853262335062027,0.002287773084019839
3073,0.3379717618227005,0.009720812360825367,0.8532418608665466,0.002330383547864353
3074,0.33806879818439484,0.009700919048328224,0.8532382547855377,0.0022542241926051675
3075,0.33825938403606415,0.009463716584908912,0.8532346785068512,0.0020836137498330683
3076,0.33828316628932953,0.009208180242387362,0.8532811999320984,0.0019374063323487768
3077,0.3382146954536438,0.00928381276204016,0.8533275425434113,0.0019804382646783996
3078,0.3381188213825226,0.009267965547000065,0.8534402549266815,0.0018350316373158153
3079,0.3380456864833832,0.008912667614053228,0.8534694314002991,0.001713775154149973
3080,0.33805491030216217,0.009183440042311466,0.853531688451767,0.0018272766171898108
3081,0.3381468951702118,0.009057315598142617,0.8535275161266327,0.0018935314630489362
3082,0.33816806972026825,0.009230855246886223,0.8535398542881012,0.0021228103189481996
3083,0.3381261080503464,0.009238778854406271,0.8535192310810089,0.002071812632250018
3084,0.3379739075899124,0.009293274729530857,0.8535972535610199,0.002067429360004885
3085,0.3378763794898987,0.009347580943837143,0.8536421656608582,0.002109449767970246
3086,0.33767491579055786,0.009388547680589733,0.8537359237670898,0.0020818857290441214
3087,0.33768439292907715,0.009476508153431968,0.8536987602710724,0.0021006410766314693
3088,0.33737654983997345,0.009441800223683247,0.8538409173488617,0.0020962578043863364
3089,0.3371982127428055,0.009657549941210514,0.8539011776447296,0.0022988155583296933
3090,0.337013304233551,0.009508455464603226,0.8539287447929382,0.0022251850139811615
3091,0.3369447588920593,0.0094422006187441,0.8538914918899536,0.0022434767462348893
3092,0.3369632065296173,0.009659172594878184,0.8538705110549927,0.0023302149604703093
3093,0.3368875980377197,0.009891190995930655,0.8538657426834106,0.002439375298113525
3094,0.3370305895805359,0.009622631277219238,0.8537805676460266,0.0023888833735974738
3095,0.3369781970977783,0.009943874556569272,0.8538081049919128,0.0025428879580562803
3096,0.33679190278053284,0.010031624295168955,0.8538676202297211,0.0026056446154890016
3097,0.3366764038801193,0.009858337527516412,0.8540067672729492,0.0025551105441244397
3098,0.33653077483177185,0.009712530505092975,0.8540337085723877,0.002482196496200593
3099,0.33656126260757446,0.009963936456460458,0.8540923595428467,0.0026347680878100297
3100,0.36350634694099426,0.018024689821562984,0.8433809578418732,0.004824254721102463
3101,0.3632178008556366,0.017723887763740735,0.8434813618659973,0.004614995618245875
3102,0.36301983892917633,0.017839644083175905,0.8435217440128326,0.004715515851944357
3103,0.3628002852201462,0.017543098857053255,0.8436014950275421,0.004591604117322329
3104,0.3628619611263275,0.01724472024302038,0.8436413705348969,0.004468282438579453
3105,0.36277085542678833,0.01728092438589124,0.8437007367610931,0.004484888296892745
3106,0.36259403824806213,0.017466539106733216,0.8437598049640656,0.004556959407846374
3107,0.36249086260795593,0.017318645815308488,0.8438970148563385,0.004462381879787927
3108,0.3623996675014496,0.017083339960072167,0.8439357280731201,0.004285322969193661
3109,0.3622560203075409,0.016780514853521392,0.8439547717571259,0.00413675532819276
3110,0.36215199530124664,0.016749094377956523,0.8440320789813995,0.004071427713000874
3111,0.36200203001499176,0.0166132129383574,0.8440895676612854,0.004088750067738852
3112,0.362093985080719,0.016257683197743754,0.8440306782722473,0.003941741860132853
3113,0.3621322959661484,0.016293065477068647,0.8439527153968811,0.004095830738288682
3114,0.362242192029953,0.016009185378923523,0.8439329862594604,0.004004034902231955
3115,0.3620925545692444,0.015868330611200115,0.8439133167266846,0.003912660534660337
3116,0.3620118796825409,0.015612035625405368,0.8439320623874664,0.003821749782422338
3117,0.36206237971782684,0.015579687919173257,0.8439316153526306,0.0037583187754134427
3118,0.3618765026330948,0.015368827236073253,0.8440456092357635,0.0035873290110047455
3119,0.3616694509983063,0.01515158130542385,0.8441400527954102,0.003605494302712941
3120,0.29777826368808746,0.04519952367511383,0.8515625,0.03314563036811941
3121,0.29059523344039917,0.03888822277142575,0.87890625,0.016572815184059706
3122,0.30289386212825775,0.07428447377660265,0.8723958134651184,0.03314563036811941
3123,0.30837689340114594,0.051786359600941884,0.876953125,0.01933495104806966
3124,0.32277190685272217,0.03508105579858818,0.870312511920929,0.011048543456039806
3125,0.32212524116039276,0.002464136571613675,0.8736979067325592,0.0018414379582894712
3126,0.3289661109447479,0.007671653659649953,0.869419664144516,0.0015783573298844705
3127,0.32617758214473724,0.01319493493672985,0.869140625,0.005524271728019903
3128,0.32473577558994293,0.005242288238057766,0.8689236342906952,0.0012276112565768106
3129,0.3199235796928406,0.0009007624463748272,0.8718750178813934,0.0022097171205776632
3130,0.317051038146019,0.0006641289654104127,0.8728693127632141,0.0030132467874378578
3131,0.32398200035095215,0.0022859186226853595,0.869140625,0.000920740052568991
3132,0.3241378515958786,0.0014277455667307908,0.8689903616905212,0.0016997824004443562
3133,0.3254447281360626,0.002567248836495577,0.8666294515132904,0.0007891997383664908
3134,0.3193459212779999,0.009768290785672889,0.8692708313465118,0.0022097171205776632
3135,0.32001300156116486,0.015176637606863577,0.8701171875,0.005524271728019903
3136,0.31624843180179596,0.014520495469245978,0.8713235259056091,0.0051993195260009095
3137,0.3177224397659302,0.0132111825468308,0.87109375,0.0042966183245945816
3138,0.31504957377910614,0.009196547712198355,0.8725329041481018,0.0
3139,0.32393065094947815,0.002908975484221906,0.866406261920929,0.0044194342411553265
3140,0.3222492039203644,0.0014240998643345985,0.8660714328289032,0.0031567568066174522
3141,0.3206927180290222,0.0018636072006062013,0.8668324053287506,0.004519870181156787
3142,0.31707607209682465,0.005208444318703518,0.8695652186870575,0.0019215169704601698
3143,0.3125012367963791,0.0015037363345959326,0.8714192807674408,0.0032225058902944467
3144,0.31361013650894165,0.005695303639277111,0.8709374964237213,0.00044190970663672395
3145,0.3116740733385086,0.008892036731707145,0.8704927861690521,0.0012748157269090118
3146,0.3106474280357361,0.010334786576507814,0.8703703880310059,0.003273630017538161
3147,0.31104910373687744,0.0027247937562292993,0.8705357313156128,0.0
3148,0.31169530749320984,0.0038535706530480633,0.8709590435028076,0.00038100751053848203
3149,0.3141876310110092,0.0003542653351583198,0.8697916567325592,0.001473158796001279
3150,0.31612221896648407,0.0015304995834003504,0.869959682226181,0.0014256171508809905
3151,0.31574371457099915,0.0014370810936759537,0.87060546875,0.0013810679320049757
3152,0.3144708275794983,0.0006786485547224157,0.8712121248245239,0.0006696291291410844
3153,0.3156222105026245,0.002360097076064533,0.8706341981887817,0.000974856606056979
3154,0.31579847633838654,0.001862406015423641,0.870312511920929,0.0009470396860397889
3155,0.316087082028389,2.7795846592934615e-05,0.8702256977558136,0.0006137845548641498
3156,0.31399089097976685,0.000848373913675786,0.871410459280014,0.0002986104216996842
3157,0.3135363608598709,0.0007600973394697184,0.8721216917037964,0.0011630001378096098
3158,0.3149924874305725,0.0005503956947037652,0.871193915605545,0.0014165134316026374
3159,0.3133072704076767,0.0013830277604607321,0.8718750178813934,0.0022097171205776632
3160,0.3117911219596863,0.0014597982450233256,0.8719511926174164,0.0010779056506661148
3161,0.3107972592115402,0.0022140371725500297,0.8716517686843872,0.0
3162,0.31158560514450073,0.0057162084761385136,0.8715479671955109,0.0023124711372472227
3163,0.31234386563301086,0.004826109182436943,0.8707386255264282,0.0025110249405820447
3164,0.312746599316597,0.005167182554011353,0.870312511920929,0.0027007700525780894
3165,0.31367327272892,0.0078376068756616,0.8704144060611725,0.0031224492719295846
3166,0.31425298750400543,0.005866735945595172,0.8695146143436432,0.0016455394064108357
3167,0.3140619695186615,0.00826499699298632,0.8694661259651184,0.0027621358640099515
3168,0.3135260045528412,0.01009134637950889,0.8695790767669678,0.004058657217902073
3169,0.31358925998210907,0.011440445926918353,0.8690624833106995,0.0044194342411553265
3170,0.31240952014923096,0.009407134440783038,0.8694852888584137,0.003466198968384436
3171,0.31157298386096954,0.008921792406755837,0.8700420558452606,0.0036120270642321295
3172,0.31247276067733765,0.007538006003021908,0.8701356053352356,0.003960792235659778
3173,0.31135284900665283,0.008798828976225304,0.8703703582286835,0.004910487173155753
3174,0.3121657967567444,0.009731918055407986,0.8700284063816071,0.005825579548024284
3175,0.3142901510000229,0.008077085268900499,0.8694196343421936,0.0051296929322609125
3176,0.3145378679037094,0.007660590111915844,0.8692434132099152,0.005039709410690154
3177,0.3132881224155426,0.007691083356813476,0.8704202771186829,0.005333767972750662
3178,0.31432749330997467,0.00897283224030253,0.8698357939720154,0.0050561045347608915
3179,0.31300024688243866,0.008923056812211163,0.870312511920929,0.004787713403443518
3180,0.31508153676986694,0.006977663652069572,0.8700051307678223,0.0030790801648118743
3181,0.31362955272197723,0.006117383253689459,0.8707157373428345,0.0021384467997457414
3182,0.3141752630472183,0.003535214432821025,0.8704117238521576,0.0012276112565768106
3183,0.3132799416780472,0.00422511619609585,0.8707275390625,0.0012084344405043537
3184,0.31180161237716675,0.00398308791852204,0.8717547953128815,0.0011898476803110494
3185,0.3132665306329727,0.005155044261640216,0.8713304698467255,0.0015066233937189289
3186,0.3135090619325638,0.004305532383054636,0.8716184496879578,0.0011543178870163657
3187,0.3117949515581131,0.00489550396851013,0.872242659330368,0.0016248031569434758
3188,0.31151826679706573,0.005462842696315274,0.8721693754196167,0.0014410850442844888
3189,0.3115651309490204,0.004834032789956991,0.8719866275787354,0.0017361972775577687
3190,0.3113274574279785,0.002645684121574351,0.8724691867828369,0.0010893274466125672
3191,0.31230878829956055,0.0024008530785745675,0.8723958432674408,0.0009206979057204801
3192,0.3126908391714096,0.003492688262673533,0.8722174763679504,0.0015134933300262046
3193,0.3124231994152069,0.004442024951957166,0.872677356004715,0.0020902729518977895
3194,0.3121192455291748,0.0036317517893352277,0.8726041615009308,0.0019151106494865139
3195,0.3119046539068222,0.00506851678164735,0.8724300861358643,0.002471406902981804
3196,0.312482625246048,0.005013283336673824,0.8723620176315308,0.0017218673490640647
3197,0.3120511323213577,0.0053304594451425566,0.8722956478595734,0.0015581268425992414
3198,0.3122190982103348,0.0058363902146673285,0.8720332384109497,0.0019579739944220933
3199,0.3125363439321518,0.00501431593446234,0.8719726502895355,0.0017954135997155748
3200,0.36568912863731384,0.013452726135646733,0.8450367152690887,0.004908885592912339
3201,0.3660193532705307,0.01365699083695478,0.844874233007431,0.004896410125753114
3202,0.3659870773553848,0.013680424484726839,0.8450103104114532,0.004799725255269123
3203,0.36601442098617554,0.013689338543186892,0.8450665175914764,0.004759601455486752
3204,0.3658142387866974,0.013889831101553216,0.8451816737651825,0.004635858308258767
3205,0.3657531440258026,0.01389472013598048,0.8451977670192719,0.004707760831818352
3206,0.36551907658576965,0.013883171899488494,0.8453512787818909,0.0047514671137241496
3207,0.3653191179037094,0.013687968770610289,0.8454452753067017,0.004711849076123909
3208,0.3654084801673889,0.013409525615923066,0.84540194272995,0.004644751293294566
3209,0.3653140068054199,0.013225470328475993,0.8455538153648376,0.004633118763105559
3210,0.36504335701465607,0.013318678083957834,0.8456660509109497,0.0045115672520001406
3211,0.36501429975032806,0.013007381460856372,0.8457194864749908,0.004582668985438019
3212,0.3648827373981476,0.013508149241438559,0.8457920253276825,0.004297587702110332
3213,0.3647209703922272,0.013444676087581153,0.8458256125450134,0.004287008843134097
3214,0.3645898699760437,0.013555016536982673,0.845993846654892,0.004303656848295901
3215,0.3644011467695236,0.013773569019935913,0.846045970916748,0.004211565984299597
3216,0.3643196374177933,0.01372345641705646,0.8460786640644073,0.004201240006414428
3217,0.3640165627002716,0.013549621740373278,0.8462641537189484,0.004244988435168736
3218,0.36392493546009064,0.01370035994407249,0.846238911151886,0.004153740508142651
3219,0.3639485538005829,0.013297119970944512,0.8463089764118195,0.004251226168748348
3220,0.3638026863336563,0.013012649816920234,0.8463786840438843,0.004455680530874695
3221,0.3638104498386383,0.013208653735920147,0.8464480340480804,0.00439132229319856
3222,0.3637351244688034,0.012691743712358285,0.8465359508991241,0.004621106911279954
3223,0.36346709728240967,0.012762192169644245,0.8466423153877258,0.004556664379906797
3224,0.3633645325899124,0.01257777863398483,0.8467293381690979,0.004625448036676577
3225,0.3631872981786728,0.012557210971911512,0.846890926361084,0.004640873783231564
3226,0.36320820450782776,0.01251774044828106,0.8467711508274078,0.004523916278613833
3227,0.36332882940769196,0.012445563970206155,0.8467826247215271,0.004592320613747014
3228,0.3633156418800354,0.012621042373981262,0.8467940092086792,0.004554978505966362
3229,0.36335211992263794,0.012787986040932913,0.846786767244339,0.0044916317926544875
3230,0.36327405273914337,0.012956468067855212,0.8468166291713715,0.0044810107868297425
3231,0.36315305531024933,0.013227092982143663,0.8469018042087555,0.004287388164770695
3232,0.36310578882694244,0.01291630212122433,0.8469312489032745,0.0044337220228005195
3233,0.3630807399749756,0.013220539147200219,0.8469605445861816,0.004267199824333977
3234,0.3629140257835388,0.013040951425695299,0.8470264375209808,0.0044129014796361376
3235,0.3627220392227173,0.013098397580215648,0.8471286296844482,0.004350819171779591
3236,0.36276277899742126,0.013100252041550126,0.8470658957958221,0.004314783616302776
3237,0.3628069907426834,0.01333587399815028,0.8470763862133026,0.004227371052491182
3238,0.3624468445777893,0.013091738378150926,0.8472868800163269,0.004371808302338016
3239,0.362167090177536,0.013205324134887786,0.8474419414997101,0.004233440198676751
3240,0.36195388436317444,0.012955561910612227,0.8475057780742645,0.0043771609520988995
3241,0.36172808706760406,0.012995158874788212,0.8475693464279175,0.004316005874909592
3242,0.3615387976169586,0.01303867549587571,0.8476506173610687,0.004229562688613749
3243,0.3614759296178818,0.012973916863138722,0.8476596176624298,0.0042961547092609615
3244,0.36129240691661835,0.0131788769874472,0.8476864993572235,0.004235547541102296
3245,0.3611830919981003,0.013062551685557132,0.847731202840805,0.0042511418750513265
3246,0.3611019253730774,0.012900265245365935,0.8477577865123749,0.004291940024409872
3247,0.36084264516830444,0.012954803267339032,0.847802072763443,0.0042065505093268
3248,0.3605702072381973,0.012918620197892429,0.847899466753006,0.004247264364988324
3249,0.3607349097728729,0.01288922277105608,0.8477836847305298,0.004187457986951366
3250,0.36080673336982727,0.012803538228033432,0.8477745652198792,0.0041780170928849255
3251,0.36068134009838104,0.012971135171137002,0.8477831184864044,0.003993793218043808
3252,0.36061571538448334,0.012692207327691905,0.8478092551231384,0.004084451089190741
3253,0.36062192916870117,0.012623402597497871,0.847782552242279,0.004100129716836793
3254,0.36039429903030396,0.012582140832805707,0.847966343164444,0.004115681903937313
3255,0.3603285402059555,0.012729338701230004,0.8479568958282471,0.00390861443720329
3256,0.3601578325033188,0.012712859283462243,0.8480871319770813,0.003850451786258257
3257,0.3599414527416229,0.01259267754493343,0.8482341766357422,0.0039157794014501425
3258,0.359793946146965,0.012382512284833856,0.8482589721679688,0.003956240376020601
3259,0.3597160130739212,0.012498753293026903,0.8482489585876465,0.0038493559681969736
3260,0.3595777302980423,0.012211606814122181,0.8483082056045532,0.004036572269282365
3261,0.3595156669616699,0.012035496207619411,0.8483498990535736,0.0041985426081097305
3262,0.359392911195755,0.01223017250089123,0.8483914434909821,0.004116187666119444
3263,0.3592934161424637,0.012056127089965493,0.8484155833721161,0.0040585307773565405
3264,0.35919857025146484,0.012055052345328466,0.8484911024570465,0.004073872230214506
3265,0.35904400050640106,0.01230728016024191,0.8485320210456848,0.0038955489141649135
3266,0.35874997079372406,0.012282919281802614,0.8486581444740295,0.003935335539159197
3267,0.3585691303014755,0.012354105308937513,0.8486815094947815,0.003878605881063534
3268,0.35842008888721466,0.01245858734639602,0.8488237857818604,0.003798021106710705
3269,0.3582908362150192,0.012601970925030083,0.8488975465297699,0.003669852540389076
3270,0.3582385778427124,0.012645656133511624,0.8489541113376617,0.0036140501129606523
3271,0.35818183422088623,0.012622643954224676,0.8489766418933868,0.00351070604041194
3272,0.35835082828998566,0.012473254449677812,0.8489148020744324,0.0035269325770886342
3273,0.3582528233528137,0.01276518459588852,0.8489373028278351,0.0033766790621472973
3274,0.35814955830574036,0.012769989336618761,0.8490268290042877,0.00341688715562669
3275,0.3580881655216217,0.012709719343248183,0.8490322828292847,0.003385909221971183
3276,0.35780103504657745,0.012719139163890367,0.8491880297660828,0.0033786599640273094
3277,0.3578835725784302,0.012341988089990631,0.8491931259632111,0.003489295441368406
3278,0.35783062875270844,0.012208951562665995,0.8492147922515869,0.003623027391693473
3279,0.35773158073425293,0.012276702621647257,0.8492529690265656,0.003638832459885058
3280,0.3575484901666641,0.01229729135714483,0.8493241369724274,0.00351399349459579
3281,0.3575674742460251,0.012500902782300958,0.8493123650550842,0.0033662687905651064
3282,0.3576314002275467,0.012804739413215993,0.8492841124534607,0.003195911228884073
3283,0.35763049125671387,0.012967784496680387,0.8493218123912811,0.0029796557491746753
3284,0.3575729429721832,0.012865241214253382,0.8494086861610413,0.002926930041687547
3285,0.3573945462703705,0.012573964344194593,0.8494787812232971,0.003129403501933882
3286,0.35741113126277924,0.012457280794092182,0.849515825510025,0.0030072197881008
3287,0.35737572610378265,0.01236051162991117,0.8495364189147949,0.002954746961704737
3288,0.3570803701877594,0.012187562037046717,0.8496709764003754,0.0030637808588024197
3289,0.3569808304309845,0.01220560088820938,0.8496911525726318,0.0029194279026526077
3290,0.35689210891723633,0.012301990730753793,0.8497599363327026,0.002798719328517407
3291,0.3567594438791275,0.012473591624465898,0.8498446047306061,0.002747089439091562
3292,0.35682512819767,0.012341756282323823,0.8498804569244385,0.002672868838863878
3293,0.35663357377052307,0.01229474147280992,0.8499967753887177,0.002621744711620163
3294,0.3565567135810852,0.012563596219460913,0.8500321805477142,0.0025026377177283766
3295,0.3564198464155197,0.01239170029780923,0.8500995337963104,0.002520170806708909
3296,0.3562946319580078,0.01231025151306193,0.8501986861228943,0.0025830117578386517
3297,0.3560075908899307,0.01240619881369698,0.8503773510456085,0.00253247768647409
3298,0.35585983097553253,0.012548233693178692,0.8504276275634766,0.002482196496200593
3299,0.3556727468967438,0.012600559005604967,0.8504776954650879,0.002477138874379286
3300,0.33285166323184967,0.004038658538283654,0.8556894361972809,0.004288231101740913
3301,0.3325875550508499,0.00427935919012937,0.8558579981327057,0.00438988930034919
3302,0.3325716704130173,0.00424589459241172,0.8558867871761322,0.004406748039753547
3303,0.3325723856687546,0.004121729976698627,0.8558956384658813,0.004339608110075693
3304,0.33256442844867706,0.004558413474119999,0.8559241592884064,0.0045799715871333215
3305,0.33255642652511597,0.004983949130110241,0.8559525609016418,0.004707718684969842
3306,0.3323831260204315,0.005051889849909803,0.8560201227664948,0.004834791433230187
3307,0.3323316425085068,0.0051717344136505295,0.8560481071472168,0.00496127412561138
3308,0.33223822712898254,0.005166444984162412,0.856154203414917,0.00492123461952603
3309,0.332000732421875,0.005008605036489114,0.8562987446784973,0.004715895173580955
3310,0.331939160823822,0.005067273449616279,0.856306403875351,0.004759179987001643
3311,0.3317129611968994,0.005088768342356834,0.8564692735671997,0.004802211919331266
3312,0.33187219500541687,0.005184905303810184,0.8563603460788727,0.004845075264266845
3313,0.33167220652103424,0.005167308994556885,0.8564063906669617,0.004887685728111359
3314,0.3315327316522598,0.005395154857606779,0.8564907610416412,0.004984581332837905
3315,0.3315127342939377,0.005134687333809454,0.8565362989902496,0.0049723587467697455
3316,0.3312191516160965,0.0050625740760073135,0.8566774129867554,0.004933035737109081
3317,0.33127638697624207,0.004723734487403981,0.856683999300003,0.004866907331795488
3318,0.33152274787425995,0.004590613666382323,0.8566142618656158,0.004855021920515416
3319,0.331460103392601,0.004709973541365174,0.8566400408744812,0.004923932017830728
3320,0.3312036544084549,0.004648270555145225,0.856760561466217,0.004858267227850755
3321,0.3311147838830948,0.004858878357154163,0.8568615615367889,0.004926840150377979
3322,0.33111974596977234,0.0045895389217452945,0.8568865060806274,0.00488819149029349
3323,0.33103692531585693,0.00459779970405343,0.8569301962852478,0.004876390372710439
3324,0.3308488577604294,0.0048429047015685345,0.8570864796638489,0.005024157223589634
3325,0.3306860774755478,0.004748580054601153,0.8572044968605042,0.004959082489488813
3326,0.33044250309467316,0.004903006107545069,0.8573218882083893,0.005053027814819596
3327,0.33014947175979614,0.004974761117134866,0.8574760854244232,0.00509374167048112
3328,0.3299338221549988,0.005182924401930172,0.8576667904853821,0.005186928352538707
3329,0.3298167735338211,0.005044450931147629,0.8577266037464142,0.005200878959395813
3330,0.32967129349708557,0.0051401874975401255,0.8577861189842224,0.005162314593008345
3331,0.32983364164829254,0.005412940827678376,0.8576974272727966,0.005333093623174487
3332,0.32983091473579407,0.005483220697570292,0.8576091825962067,0.0055030718632189226
3333,0.3298902213573456,0.005555586836463497,0.8576501309871674,0.005542184138637033
3334,0.32967934012413025,0.005402003720489799,0.8577826619148254,0.005399348469033612
3335,0.3295387625694275,0.005265490078163013,0.8579328954219818,0.005334905937660455
3336,0.3293399065732956,0.005086766367052567,0.8580093681812286,0.0052190863979525185
3337,0.32932448387145996,0.005130662309776663,0.8581583499908447,0.00520690595873287
3338,0.3292110115289688,0.005109188490460363,0.8582339286804199,0.005194767666361733
3339,0.32942186295986176,0.005471777828199584,0.8580007255077362,0.005464971112165075
3340,0.32935377955436707,0.005277754811079683,0.8580582141876221,0.005375493352776446
3341,0.3292267620563507,0.005198940204364312,0.8581515252590179,0.0053375190422681315
3342,0.3290879428386688,0.0052488842198497206,0.8582264184951782,0.005274256622653279
3343,0.32901427149772644,0.005475676411686841,0.8582650423049927,0.005262118330282142
3344,0.32902921736240387,0.005517970774167524,0.8581958413124084,0.005250064331608026
3345,0.328835666179657,0.005449756099852642,0.8582879900932312,0.005263298442040446
3346,0.32903866469860077,0.005374755782927506,0.8582369089126587,0.005226040627956816
3347,0.3287172168493271,0.005362701784253391,0.8584176301956177,0.005214155216676744
3348,0.3286331743001938,0.00549845678330698,0.858419805765152,0.005302790039095154
3349,0.32867129147052765,0.005385418935600762,0.8583510518074036,0.005190468687813622
3350,0.3287482410669327,0.005272423234743055,0.8583002984523773,0.0052037449450945536
3351,0.3288015127182007,0.0051562875936712865,0.8582850992679596,0.005266880924163873
3352,0.3286820203065872,0.00505814865691367,0.8583227694034576,0.005105542788064171
3353,0.328617125749588,0.004841324194749376,0.8583778440952301,0.005118945485890635
3354,0.32872313261032104,0.005273919447865192,0.8583274781703949,0.0052313932777176995
3355,0.3288925290107727,0.005447438023184543,0.8582948744297028,0.00536811765428704
3356,0.32875919342041016,0.00536955064713641,0.8583670854568481,0.005356105802461436
3357,0.3287568837404251,0.005537021149694448,0.858386754989624,0.005418061669772449
3358,0.3285309672355652,0.005544544362153642,0.8585279583930969,0.005406007671098334
3359,0.3283113092184067,0.005259104830613612,0.85865119099617,0.005271432783803049
3360,0.3283767104148865,0.005327361651777006,0.8586354851722717,0.005235312934629213
3361,0.32840003073215485,0.005135108802294563,0.8586198389530182,0.005101665278001168
3362,0.3284152150154114,0.005143769979663551,0.8586559891700745,0.005187855583205946
3363,0.32829253375530243,0.005044366637450608,0.8587262630462646,0.005127838470926433
3364,0.32829996943473816,0.005304813087823677,0.8587448596954346,0.005286310621327395
3365,0.32812871038913727,0.005225598086047452,0.8588660061359406,0.005250527946941645
3366,0.3279573619365692,0.00530021908133599,0.8589524626731873,0.00521491385994994
3367,0.32788941264152527,0.005421559858198853,0.8589533865451813,0.005348140048092876
3368,0.3277065306901932,0.005568251964441021,0.859056293964386,0.005480691886659638
3369,0.3279445916414261,0.005469038283046376,0.8589891195297241,0.005468806475379566
3370,0.32783274352550507,0.005514725466832185,0.8590238392353058,0.005409084391039629
3371,0.3275051414966583,0.005524440315413946,0.8592441082000732,0.005421264830259277
3372,0.32722556591033936,0.005464086028346346,0.8593792021274567,0.00540959015322176
3373,0.32732541859149933,0.005357011959704419,0.8594128489494324,0.005302832185943665
3374,0.32736457884311676,0.005627679020841381,0.859463095664978,0.005362596417132113
3375,0.3273419886827469,0.005552067574612837,0.8594461679458618,0.005280072887747783
3376,0.32729576528072357,0.005431738322114235,0.859496146440506,0.00519792868000005
3377,0.3271024227142334,0.005473147600776188,0.8595958948135376,0.005281168705809066
3378,0.3271179646253586,0.005372016237774298,0.8596619665622711,0.005269915497256657
3379,0.3271682560443878,0.005308901332129234,0.8596779704093933,0.0052821802301733275
3380,0.32694531977176666,0.005444508817213036,0.8598264157772064,0.005388095260481204
3381,0.3269983232021332,0.005260769631129793,0.8598254323005676,0.005283191754537588
3382,0.3269265294075012,0.005363017885617222,0.8598904609680176,0.005272064986530713
3383,0.3269464671611786,0.0053057403184909166,0.8599058389663696,0.00528420327890185
3384,0.32724353671073914,0.005441411023847485,0.8598554730415344,0.005296341571272988
3385,0.3273295760154724,0.005394754462545925,0.8599036335945129,0.00526203403658512
3386,0.3272833377122879,0.005529814038599085,0.8599352240562439,0.005343546041605189
3387,0.3273274749517441,0.005650058997400666,0.8599340617656708,0.005332377126749802
3388,0.32728563249111176,0.0056839029167549135,0.8599328994750977,0.005321292505591437
3389,0.32727521657943726,0.005727672418933477,0.8599804937839508,0.0052871957051461235
3390,0.3273095637559891,0.005429799567082734,0.8599792420864105,0.005092730146116858
3391,0.3273947089910507,0.005663798870015217,0.8599618077278137,0.005196622127696213
3392,0.3273336738348007,0.0057539931258285305,0.8600090444087982,0.005254405457004648
3393,0.3271353095769882,0.005792557492215998,0.860120564699173,0.005220772271892955
3394,0.3270210027694702,0.005703480127888224,0.8601994812488556,0.005141789077783539
3395,0.32685332000255585,0.005744341497519536,0.8603101670742035,0.005153927370154677
3396,0.32693885266780853,0.005768449494867767,0.8602761924266815,0.005188656373327653
3397,0.32692280411720276,0.005630481786267356,0.8602903485298157,0.005110221088248879
3398,0.32685577869415283,0.005770872938657143,0.860304445028305,0.005212595783281841
3399,0.32685573399066925,0.005977118541845203,0.8603025674819946,0.005292042592724876
3400,0.33718691766262054,0.005647993801823632,0.8535349369049072,0.006037367461791526
3401,0.33703620731830597,0.005865513686988356,0.8536294102668762,0.006078249904847094
3402,0.3369058221578598,0.005574447551172122,0.8536837100982666,0.005950544953859085
3403,0.33668917417526245,0.0054028888043085276,0.8537377417087555,0.005767501190776272
3404,0.3363102972507477,0.005368033360590018,0.8539889454841614,0.005697073806914568
3405,0.3363801836967468,0.005539992502514466,0.8539040088653564,0.005766278932169456
3406,0.33642125129699707,0.005315982002679064,0.8538391888141632,0.005640639176758481
3407,0.3360174894332886,0.0051576784396721465,0.8540098667144775,0.005515589477226659
3408,0.33606913685798645,0.004796774975873361,0.8539842069149017,0.0052253241315321315
3409,0.3357843905687332,0.004923573769618385,0.8541536629199982,0.005212258608493754
3410,0.3356684744358063,0.005038950767416958,0.8542055785655975,0.005419368222076287
3411,0.33588337898254395,0.004920307388858791,0.8541408181190491,0.0053510481806401285
3412,0.3358864039182663,0.005190953376571497,0.8541343808174133,0.005419916131106929
3413,0.3357534557580948,0.005353303037035461,0.8541859686374664,0.005515715917772191
3414,0.3356129080057144,0.005304792014399422,0.8542758226394653,0.005447648757427097
3415,0.33545757830142975,0.005368728783590448,0.8543075621128082,0.005515800211469213
3416,0.3352992981672287,0.005442696502727067,0.854396641254425,0.005556471920282226
3417,0.3350767642259598,0.005556324406312437,0.8544661998748779,0.00556987461810869
3418,0.3349835127592087,0.0054402098386649245,0.8544591069221497,0.005583277315935154
3419,0.33481664955616,0.0053427663249077375,0.8546232879161835,0.005515884505166235
3420,0.3348710834980011,0.005103983354669267,0.854596883058548,0.005395091637334012
3421,0.33493728935718536,0.005496475881426968,0.8545705676078796,0.005489121256361817
3422,0.33482886850833893,0.00560593124700976,0.8546388745307922,0.005609408362011908
3423,0.3349170833826065,0.005384491704933522,0.8546879887580872,0.0054360162272380904
3424,0.33478446304798126,0.005377832502868801,0.8547556400299072,0.005449503218761576
3425,0.3347593992948532,0.0053704146575308835,0.8547292351722717,0.005489458431149904
3426,0.33458998799324036,0.005484105781389021,0.8548151850700378,0.005529245056144188
3427,0.3343243896961212,0.0052119214337056664,0.8549753427505493,0.005463243091376128
3428,0.3343898802995682,0.005109736399491005,0.8549858629703522,0.005450219715186262
3429,0.3344525545835495,0.004863177335702274,0.8550520241260529,0.0054635381193157044
3430,0.3342358320951462,0.004683547467348844,0.8552104830741882,0.005345737677727756
3431,0.33392995595932007,0.004801495422906581,0.8553312718868256,0.005437659954330015
3432,0.33385859429836273,0.004779136519771551,0.8553961515426636,0.005346580614697973
3433,0.3338344693183899,0.004606819129634761,0.8554422855377197,0.005229918138019819
3434,0.3335869014263153,0.004314151413575113,0.8555616736412048,0.005113845717220816
3435,0.333587110042572,0.004574871818463504,0.8556072413921356,0.00520543081903499
3436,0.3335799127817154,0.004914975812522163,0.85561603307724,0.005503282597461477
3437,0.3334677815437317,0.005009110798671244,0.8556430339813232,0.005567767275683145
3438,0.3334400802850723,0.005095827939482409,0.8556335270404816,0.005580537770781946
3439,0.33346521854400635,0.005008605036489114,0.8556059300899506,0.005567556541440591
3440,0.33332446217536926,0.0049583659930641285,0.8556870818138123,0.005554701752644768
3441,0.33296631276607513,0.005000913236635876,0.8558581471443176,0.005567345807198036
3442,0.33275286853313446,0.005056378489276213,0.8559563159942627,0.0055799898617513045
3443,0.332936629652977,0.005012208592036795,0.8558203876018524,0.00566887756526078
3444,0.3327709436416626,0.0049615691535509565,0.8558823466300964,0.005579736980660239
3445,0.3326803296804428,0.005039266868780789,0.8559798002243042,0.005642872959729558
3446,0.33276621997356415,0.004740361419141529,0.8559340238571167,0.005503788359643608
3447,0.3326748460531235,0.004713092408154981,0.8559418618679047,0.005440863114816843
3448,0.33261819183826447,0.004617503355732273,0.8559496700763702,0.005428471941354641
3449,0.332332581281662,0.004612171779395645,0.8560815751552582,0.0054412002896049305
3450,0.33227068185806274,0.004786617585382235,0.8560890257358551,0.005528950028204612
3451,0.3321487158536911,0.004834348891320822,0.8561846911907196,0.005591327364000735
3452,0.33216148614883423,0.004680871142468402,0.8562094867229462,0.005703269393645669
3453,0.3319847881793976,0.004993263583631149,0.8562693297863007,0.005914087929897161
3454,0.3319638520479202,0.005111127245491864,0.8563113510608673,0.005999983207162363
3455,0.3318720906972885,0.005492303343424389,0.8564057052135468,0.006159719763018652
3456,0.33179308474063873,0.005363839749163184,0.856429785490036,0.006121281837176716
3457,0.331667959690094,0.005362512123435091,0.8564537465572357,0.0061815518305472945
3458,0.3315218687057495,0.005344936887606048,0.8565123975276947,0.0061923414237660835
3459,0.33122432231903076,0.005417387320196275,0.8567094206809998,0.006252147801803043
3460,0.33108341693878174,0.005668287509381627,0.8567499220371246,0.00643401145312755
3461,0.330929771065712,0.005646518662125751,0.8567729890346527,0.006444210990467186
3462,0.33117933571338654,0.005483157477297525,0.8567098379135132,0.006381285745640421
3463,0.3309873789548874,0.00535326089018695,0.8568359911441803,0.006294336797162447
3464,0.33072876930236816,0.005222753173772967,0.856961578130722,0.006159298294533543
3465,0.3305783122777939,0.005246502922908855,0.8570010960102081,0.0061458113030100564
3466,0.33047620952129364,0.005289956323723587,0.8570404350757599,0.00622892488827354
3467,0.33033712208271027,0.005161492729462382,0.8570966124534607,0.006143071757856848
3468,0.3302372545003891,0.005330712326233621,0.8571355938911438,0.006177800761029826
3469,0.3300057500600815,0.005192175635178313,0.8571913242340088,0.006092411245946754
3470,0.3298959285020828,0.005479532848325588,0.8572975695133209,0.006222855742087971
3471,0.3298041969537735,0.005535503863148055,0.8573527634143829,0.006328812919244359
3472,0.3298099637031555,0.005624749814869874,0.8573739528656006,0.006291344370918174
3473,0.3295412063598633,0.0056217995354741115,0.8574623465538025,0.006254002263137522
3474,0.3295203298330307,0.005663208814136064,0.8574664294719696,0.006240557418462547
3475,0.32931236922740936,0.005933496553636428,0.8575709760189056,0.006369273893814817
3476,0.3292250782251358,0.006253812602319222,0.8575915694236755,0.006521044695302547
3477,0.3290621191263199,0.005998739875131292,0.8576953709125519,0.00636564926484288
3478,0.32883767783641815,0.006030476452059995,0.8577987849712372,0.006352077979622372
3479,0.3286551535129547,0.006057007893197603,0.8579017221927643,0.006338590988098886
3480,0.3286117762327194,0.006019054656113543,0.857904851436615,0.006325146143423911
3481,0.3287070244550705,0.005622284224231986,0.8579410314559937,0.006218261735600284
3482,0.32849283516407013,0.005705060634707383,0.8580595254898071,0.00632177439554304
3483,0.3285204917192459,0.005681711280632347,0.8580787479877472,0.006424823440152176
3484,0.3282698690891266,0.005849013195796341,0.8582128882408142,0.00650427024959521
3485,0.32814033329486847,0.0057387781135160975,0.8582972884178162,0.006560156970720656
3486,0.32809126377105713,0.005667191691320344,0.8583813011646271,0.006523278478273623
3487,0.32805901765823364,0.00589655484091663,0.8584486842155457,0.006555857992172545
3488,0.3279378116130829,0.006030539672332762,0.858532041311264,0.00661128109796437
3489,0.32825200259685516,0.0068392744749840514,0.8585013151168823,0.00687339234885362
3490,0.3280867487192154,0.006613957422844812,0.8586004376411438,0.006721495106820358
3491,0.3279207795858383,0.006653870488384629,0.8586344420909882,0.006707544499963252
3492,0.3277396410703659,0.00674680428935115,0.8587005734443665,0.006785052554374786
3493,0.3275284618139267,0.006708956419388367,0.8587664365768433,0.006725456910580382
3494,0.32745470106601715,0.006775464146338559,0.8588481247425079,0.006688831299224415
3495,0.32741279900074005,0.006633977175887487,0.8588652610778809,0.0066523742752624924
3496,0.32728511095046997,0.006681877069220118,0.8589304089546204,0.006729418714340406
3497,0.32718057930469513,0.006745160562259225,0.8589792847633362,0.006783450974131373
3498,0.32697539031505585,0.006645230384439896,0.8591077327728271,0.0067696268078198
3499,0.3268528878688812,0.006651657778837807,0.8591082692146301,0.006755802641508226
3500,0.34750159084796906,0.002213236382428323,0.8486673831939697,0.010382033193688528
3501,0.34747420251369476,0.0023190671190391776,0.8487145900726318,0.010383719067628963
3502,0.34766529500484467,0.0026000601580613084,0.8485828638076782,0.010413474742677654
3503,0.34771326184272766,0.0022242577833139214,0.8486102223396301,0.010331119800687367
3504,0.3474041074514389,0.002314515259400001,0.8488151729106903,0.010332932115173336
3505,0.34743885695934296,0.0020642051260938016,0.8487630188465118,0.0102511672290622
3506,0.34725043177604675,0.002131829744529531,0.8488682806491852,0.010280922904110892
3507,0.34714819490909576,0.0022588392725171103,0.8490122258663177,0.010255129032822224
3508,0.3468789607286453,0.002256647636394544,0.849096804857254,0.010312448746797041
3509,0.3468994200229645,0.0026638072664340357,0.8490444719791412,0.010507335774311415
3510,0.24575576931238174,0.03268078223918064,0.8984375,0.03314563036811941
3511,0.27262212336063385,0.006538345976616268,0.890625,0.02209708691207961
3512,0.2985917329788208,0.041935229184520834,0.8854166567325592,0.029462796598388984
3513,0.2999364882707596,0.026125040150841498,0.8828125,0.027621358640099514
3514,0.31036460399627686,0.003343003730187093,0.8812499940395355,0.026516479006386425
3515,0.3074871301651001,0.0009149659343229985,0.8828125,0.02209708691207961
3516,0.32114529609680176,0.02273059619204686,0.872767835855484,0.009470186126155335
3517,0.31446367502212524,0.009596542377990994,0.873046875,0.013810679320049757
3518,0.3162281811237335,0.009582128155800269,0.8758680522441864,0.013503808116041937
3519,0.3128458857536316,0.0144580970600256,0.8765625059604645,0.004419392094306815
3520,0.3124348074197769,0.007316166065884817,0.8799715936183929,0.0050220920280126
3521,0.3088371753692627,0.004507268273452029,0.8802083432674408,0.009207105497750334
3522,0.31062762439250946,0.002523900802802123,0.8804086446762085,0.009348761055595449
3523,0.30693958699703217,0.005219107471376774,0.8828125,0.012626942932772786
3524,0.30374786257743835,0.003100364323309876,0.8833333253860474,0.010311985131463421
3525,0.3002029210329056,0.0046660986720653335,0.88525390625,0.010358009490037318
3526,0.2964351922273636,0.0049994802437865055,0.8869485259056091,0.011698447860077791
3527,0.30087390542030334,0.008334497146180784,0.8845486342906952,0.009820932199462994
3528,0.3040188401937485,0.010946611302916208,0.882401317358017,0.01163004352494461
3529,0.3018110692501068,0.007511537782157067,0.8832031190395355,0.01270579968633667
3530,0.2987884432077408,0.007891175520118945,0.8843005895614624,0.012100781675962785
3531,0.30133354663848877,0.005495274696244407,0.8824573755264282,0.00853751851545776
3532,0.2999158799648285,0.0021332205905303906,0.883152186870575,0.0067252040294893175
3533,0.29977448284626007,0.007337913839716439,0.8824869990348816,0.00966747552403483
3534,0.30029748380184174,0.007792931216240051,0.8815624713897705,0.011048543456039806
3535,0.2975032776594162,0.004755660725150984,0.8822115361690521,0.007649020801999603
3536,0.29848864674568176,0.011709869656024243,0.8804976940155029,0.010230135951655265
3537,0.2972453385591507,0.011455281617594189,0.880859375,0.009864807068762835
3538,0.2964985817670822,0.010840991300547907,0.8811961114406586,0.008762624833354446
3539,0.2956540286540985,0.01038688008126728,0.8820312321186066,0.00847054717317395
3540,0.2946309894323349,0.012725545484864023,0.8818044364452362,0.009622926305158815
3541,0.29358066618442535,0.009907354312334582,0.882568359375,0.008631674575031098
3542,0.29147376120090485,0.007051778885175979,0.884706437587738,0.007030852974890321
3543,0.29301905632019043,0.004016215341451603,0.8835018277168274,0.004874367323981917
3544,0.2938265800476074,0.0066964598788048875,0.8828125,0.005997749424191286
3545,0.2921680063009262,0.007769160393679907,0.8834635317325592,0.007058796335453043
3546,0.291368767619133,0.011718109364908124,0.8840793967247009,0.008659660082442332
3547,0.2939980924129486,0.013693806109129047,0.8834292590618134,0.009594772210353538
3548,0.2933792620897293,0.011658429427416697,0.883613795042038,0.008782180971063501
3549,0.29285861551761627,0.010457202098007707,0.8833984434604645,0.007457758403457166
3550,0.2914283275604248,0.010630615306205779,0.8835746943950653,0.007275852605284148
3551,0.2885942906141281,0.010655460873402953,0.8850446343421936,0.006839590576347884
3552,0.2912425845861435,0.012051111614992697,0.8839026093482971,0.00642360118154536
3553,0.28835177421569824,0.014285042100039868,0.8852982819080353,0.007533116968594645
3554,0.2883148193359375,0.017655146253819465,0.8850694298744202,0.008347773403461715
3555,0.28905974328517914,0.01820337138582492,0.88451087474823,0.008646678853100977
3556,0.28891418874263763,0.019545284895563276,0.884142279624939,0.009167951075483714
3557,0.2887123078107834,0.019986730986866378,0.8841145932674408,0.009207105497750334
3558,0.2876855880022049,0.018944776597980058,0.8844068944454193,0.008793729207555485
3559,0.2870446741580963,0.018707890235924576,0.8849999904632568,0.008396916628825418
3560,0.28590239584445953,0.018507334457285488,0.885569840669632,0.00844888369303935
3561,0.287152498960495,0.01830256399379531,0.8844651281833649,0.009136298792252032
3562,0.2874103933572769,0.017652807103727113,0.8841391503810883,0.008755459869107593
3563,0.2874273955821991,0.014790762135322086,0.8839699029922485,0.0073656675394608625
3564,0.28634342551231384,0.016005771484194138,0.8848011195659637,0.007432638881744673
3565,0.28783389925956726,0.013786318441610459,0.8840680718421936,0.0061161820685068985
3566,0.2878788709640503,0.012874049905592159,0.8837719261646271,0.005815042835896561
3567,0.2876463979482651,0.012437851096928661,0.8837553858757019,0.005524271728019903
3568,0.28852203488349915,0.014043624951769468,0.8836070001125336,0.005430663577477207
3569,0.2900473326444626,0.016881309041735196,0.8826822936534882,0.007549807120604959
3570,0.29149654507637024,0.013607110041742138,0.8824282884597778,0.006520454639423394
3571,0.29130882024765015,0.013127647493082208,0.8825604915618896,0.0060588623545320824
3572,0.2900248020887375,0.014753314660420156,0.8830605149269104,0.007190336649655543
3573,0.29077592492103577,0.01259276183863045,0.8829345703125,0.006732706168524256
3574,0.2905355840921402,0.012367508006763978,0.8834134638309479,0.007139043935017786
3575,0.2904750555753708,0.013179719924417417,0.883759468793869,0.007030895121738831
3576,0.29065579175949097,0.014599836911567736,0.8837453126907349,0.007750468266365326
3577,0.2899371534585953,0.015826710598295605,0.8844209611415863,0.008123931491020357
3578,0.28918975591659546,0.015751373106582384,0.8847373127937317,0.00800621534312943
3579,0.2887585908174515,0.01623372271436531,0.8845982253551483,0.008523146440115545
3580,0.2881402522325516,0.016909125961752387,0.8849031925201416,0.009025579021213913
3581,0.28837917745113373,0.0176678535286455,0.885199636220932,0.009207105497750334
3582,0.28794728219509125,0.0181228287583206,0.8853809833526611,0.0095350501260136
3583,0.28801533579826355,0.016892161855226753,0.8853462934494019,0.0092568809258417
3584,0.28762173652648926,0.017613252286399636,0.8855208158493042,0.009870033277978186
3585,0.2874094098806381,0.016912750590724324,0.8856908082962036,0.009885543318230196
3586,0.28671881556510925,0.016574121736363544,0.885957807302475,0.009470186126155335
3587,0.2870131582021713,0.016607818141748006,0.8853164911270142,0.010056996697972512
3588,0.28641656041145325,0.016591486237950034,0.8855814933776855,0.009650026728751319
3589,0.2854788899421692,0.015709984901344686,0.8858398497104645,0.00925312985632423
3590,0.2855802923440933,0.01373993583482422,0.8856095671653748,0.00845693374110493
3591,0.2857510596513748,0.015656437330311593,0.8852896392345428,0.00916217695723772
3592,0.2862597405910492,0.013901000016408602,0.8850715458393097,0.008386253476152163
3593,0.2861741930246353,0.014643100651564168,0.8851376473903656,0.008812526701991345
3594,0.2863284647464752,0.014407478694964016,0.8848345577716827,0.008708845454654545
3595,0.2873203754425049,0.013945549235284618,0.8844476938247681,0.00847910298342166
3596,0.28772735595703125,0.013379643500328843,0.8844288885593414,0.008000694105974503
3597,0.28752176463603973,0.012927471036079717,0.8845880627632141,0.00778418574517404
3598,0.2872192710638046,0.013161048870527091,0.8847436904907227,0.008317427672533871
3599,0.2869424521923065,0.012994505598636293,0.8849826455116272,0.007979494241173524
3600,0.35200828313827515,0.03942837678194137,0.8444980680942535,0.018930299155516566
3601,0.35181424021720886,0.03916044926595761,0.8446155488491058,0.0188820831608201
3602,0.35151299834251404,0.0390536070049825,0.844752311706543,0.01886214770147445
3603,0.3513178825378418,0.039110926718957315,0.8447695672512054,0.018898351844345306
3604,0.35124851763248444,0.0391281015597255,0.8448657095432281,0.018990231974099058
3605,0.35096584260463715,0.03894889315985718,0.8450796008110046,0.01891449408732498
3606,0.3506983518600464,0.03880300184373672,0.8451744616031647,0.018894727215373372
3607,0.35055701434612274,0.038721258031049845,0.8451904952526093,0.018819621531326956
3608,0.3502640575170517,0.03852498015753461,0.8453042209148407,0.018772501354691776
3609,0.35018445551395416,0.038688425636059856,0.8453198075294495,0.01897383685002832
3610,0.3501770943403244,0.03874629325906531,0.8454131782054901,0.01900911376223194
3611,0.35003383457660675,0.039026064039480626,0.8455060422420502,0.019099139430651207
3612,0.34994490444660187,0.0390108490271682,0.845482349395752,0.019079203971305553
3613,0.3497720956802368,0.03922463891623971,0.8456325531005859,0.019195866447983708
3614,0.34948989748954773,0.039332239820488016,0.8458012342453003,0.019230258276368598
3615,0.3497471660375595,0.03973134940246193,0.845642477273941,0.019400320810110054
3616,0.3495170474052429,0.03991095819739111,0.845771998167038,0.01943403828891877
3617,0.34911514818668365,0.03981083835875347,0.8460347056388855,0.01944057105043796
3618,0.3489127904176712,0.039704544006809,0.8461054563522339,0.019339165732920747
3619,0.348658487200737,0.03985926508769249,0.8461757898330688,0.019399688607382393
3620,0.34856197237968445,0.039697905878168536,0.8462837934494019,0.019352568430747213
3621,0.34822192788124084,0.03975004152977651,0.8464669585227966,0.019359227632811934
3622,0.34798456728458405,0.03988349952558626,0.8465737402439117,0.019365844688028145
3623,0.3478194922208786,0.04010493906766249,0.8466799855232239,0.019479008976279896
3624,0.34754933416843414,0.03992345473797458,0.8468421101570129,0.019352399843353168
3625,0.3474175035953522,0.03969065662022466,0.8469472229480743,0.019199870398592243
3626,0.3472192585468292,0.039516716576420204,0.8470892012119293,0.019259718923477713
3627,0.34693504869937897,0.0391640949683538,0.8472491800785065,0.01913454278340036
3628,0.3467783033847809,0.03914198894630984,0.8473153114318848,0.01914158130710168
3629,0.3466687947511673,0.03894075881809458,0.8473811149597168,0.019043547737465336
3630,0.3465146869421005,0.039309122274079795,0.8474836945533752,0.019208004740354848
3631,0.34637127816677094,0.0390894107527925,0.8475857675075531,0.019110266198658084
3632,0.3460453897714615,0.03908258296333374,0.8477242588996887,0.019117304722359403
3633,0.3461577296257019,0.03937957073136575,0.847659707069397,0.019150347851591944
3634,0.34600844979286194,0.039488478187917904,0.8477239310741425,0.019261151916327084
3635,0.3460536450147629,0.03928636297588391,0.8478245139122009,0.019267768971543295
3636,0.3459547758102417,0.039053480564436964,0.8479245603084564,0.019171041954210793
3637,0.34574078023433685,0.03869929952297567,0.8480059802532196,0.018894305746888263
3638,0.3455515652894974,0.038708108214314446,0.8481051921844482,0.0188503465838914
3639,0.3453666567802429,0.03849549843700124,0.8482038974761963,0.018755263293650824
3640,0.3452147841453552,0.03842869568211147,0.8483203053474426,0.018737393029882202
3641,0.34495364129543304,0.038504496789158314,0.8484542071819305,0.018847354157647125
3642,0.3448803126811981,0.038200217616333916,0.8485694825649261,0.018778401913483303
3643,0.34486228227615356,0.03792719033168034,0.8486123085021973,0.01865891559795492
3644,0.3446943759918213,0.03761399710039589,0.8487266898155212,0.018539977191457176
3645,0.34475718438625336,0.03746987595191289,0.8487153053283691,0.018548153680068288
3646,0.3446282893419266,0.03758687560337913,0.8487574756145477,0.018631983761756458
3647,0.34449195861816406,0.0375006642247501,0.8488173186779022,0.018589499738457475
3648,0.3444218188524246,0.037434767627103314,0.8488946557044983,0.01857234597111354
3649,0.34422215819358826,0.03735976731017818,0.848953902721405,0.018480044372874684
3650,0.3441605418920517,0.037180664277431136,0.8490305840969086,0.018463227780318836
3651,0.3440019339323044,0.03706754213602789,0.849124550819397,0.018421544547141563
3652,0.34386350214481354,0.03689073610652469,0.8492004573345184,0.018355078967039883
3653,0.34362344443798065,0.036865911612751774,0.8493463695049286,0.018338641696120636
3654,0.3433212637901306,0.03683997022749332,0.8495441675186157,0.018396677906520137
3655,0.3432298004627228,0.03690192609480433,0.8495836853981018,0.0183307602354491
3656,0.34323248267173767,0.0371327643840985,0.8496230244636536,0.018413199471136406
3657,0.3430689722299576,0.03697810652348778,0.8496621549129486,0.018396804347065667
3658,0.3429378718137741,0.037018567498058236,0.8497358858585358,0.018429594595207145
3659,0.3427230715751648,0.03687794453800164,0.8498092889785767,0.018315165901500067
3660,0.34241893887519836,0.03667281582629912,0.8499515652656555,0.01820120082312661
3661,0.3422643542289734,0.036431820146513826,0.8501104712486267,0.018160992729647215
3662,0.3420853465795517,0.036495440814341015,0.8501481115818024,0.018193993712031245
3663,0.3421001732349396,0.03634908588288694,0.8501512110233307,0.018129677621203624
3664,0.34230633080005646,0.03652818891563398,0.8501028716564178,0.018089890996209338
3665,0.34214629232883453,0.03682983391042645,0.8501402735710144,0.01821966114277438
3666,0.34192292392253876,0.03701599654029907,0.8502458333969116,0.01834888338030878
3667,0.34176820516586304,0.037249469007625165,0.8502146303653717,0.01847747341511552
3668,0.3415045589208603,0.03727503107124702,0.8503365516662598,0.018437307468484637
3669,0.3414914011955261,0.03726316673339121,0.850407063961029,0.018421207372353476
3670,0.34126389026641846,0.03727964615115897,0.8505280017852783,0.018381336453662172
3671,0.3411377817392349,0.03722108310515308,0.8505809009075165,0.018341591975516398
3672,0.3408351540565491,0.03734202348695509,0.8507178425788879,0.018373497139839143
3673,0.3406124860048294,0.03734347755322871,0.8509214222431183,0.01835777636534458
3674,0.34027861058712006,0.0373964139949584,0.851073831319809,0.01836578426656165
3675,0.340060219168663,0.03737938666816,0.8512423038482666,0.018397436549793332
3676,0.3400563448667526,0.0372037607504151,0.8512763679027557,0.01842900453932799
3677,0.34014569222927094,0.03707175682087898,0.8513270020484924,0.01838968152966733
3678,0.34006325900554657,0.03710673870514303,0.8513607680797577,0.018374045048869785
3679,0.33988575637340546,0.03725539063984095,0.8514608144760132,0.018405444451010403
3680,0.3396385610103607,0.03701997941748335,0.8516101241111755,0.0183195491737452
3681,0.3396914601325989,0.036805367664865876,0.851576954126358,0.01821068386404156
3682,0.3397156447172165,0.03654774505334304,0.8516099452972412,0.01810224002282303
3683,0.3395048528909683,0.03647685405414771,0.8516921103000641,0.018064097124920672
3684,0.3395364135503769,0.036285844536696345,0.8517247140407562,0.017863478126008817
3685,0.33937081694602966,0.036178770468054414,0.8518390953540802,0.017779690191169158
3686,0.3391551971435547,0.03619950671752178,0.8520020842552185,0.017765570996918008
3687,0.33902500569820404,0.03639209674179231,0.8520991206169128,0.01784387984145125
3688,0.3388339430093765,0.0361696035285033,0.8521468639373779,0.01766846465794891
3689,0.33887115120887756,0.035927153782444377,0.8521943986415863,0.017677694817772795
3690,0.3387518376111984,0.03602503983811093,0.8522579967975616,0.01775566648751795
3691,0.33873023092746735,0.036017200524287904,0.8522889018058777,0.017833343129323526
3692,0.33859075605869293,0.035919841304227734,0.8523520529270172,0.01772793386119778
3693,0.33855192363262177,0.03596982746656166,0.8523987829685211,0.017691350396690324
3694,0.3383145332336426,0.03592698519505033,0.8525579273700714,0.017586657624989264
3695,0.338231697678566,0.03587836880529302,0.8526040315628052,0.017595972078510172
3696,0.3380487710237503,0.0358430918930894,0.852698028087616,0.017627835095984406
3697,0.33799879252910614,0.035743456743209646,0.8527117073535919,0.017546533825206892
3698,0.33794155716896057,0.03567591641847094,0.8527572154998779,0.017510666857124123
3699,0.33774836361408234,0.03551455720894698,0.8528184592723846,0.017452462059330577
3700,0.3293973058462143,0.0014474281449853783,0.8560086190700531,0.0015234821331232865
3701,0.32920804619789124,0.001235366276702815,0.8560569882392883,0.0016320945617358605
3702,0.32881300151348114,0.001453918759656056,0.8562837541103363,0.0014876573118890266
3703,0.328481063246727,0.0014989315938656908,0.8564499318599701,0.0014838640955230462
3704,0.3283001035451889,0.0010619109216562306,0.8565165996551514,0.001675590109399103
3705,0.32802899181842804,0.0010808770034861329,0.8566419780254364,0.0016156994376651226
3706,0.3276970684528351,0.0012543323585327173,0.8567864000797272,0.0014726530338191484
3707,0.32780151069164276,0.0013254130185463401,0.8568124771118164,0.001330407420094881
3708,0.32753656804561615,0.0013218726832714249,0.8569361865520477,0.0012717811538162274
3709,0.3274656683206558,0.000742774984731741,0.8569812774658203,0.001544344823136179
3710,0.3274659961462021,0.0011173761742965672,0.8569094240665436,0.0012654591265395933
3711,0.327170729637146,0.0011798588772139675,0.8570902049541473,0.0012348605145206843
3712,0.3269025385379791,0.0010036007567414086,0.8572313487529755,0.001368634611694262
3713,0.3266326040029526,0.0009754677353603869,0.8573331832885742,0.0015017765061401762
3714,0.32647453248500824,0.0008212102698105148,0.8574537932872772,0.0014981097303197284
3715,0.3263388127088547,0.0006440249186707162,0.8575353622436523,0.0016030975299603655
3716,0.32630065083503723,0.00047824029005311456,0.8575398623943329,0.001653378720233862
3717,0.32607732713222504,0.00048791299178636475,0.8576399683952332,0.001730465306160287
3718,0.326017826795578,0.0003904062577564114,0.8577204644680023,0.0018341044066485755
3719,0.3259150832891464,0.0006049547901011174,0.8577625453472137,0.00177585746200652
3720,0.3257700204849243,0.0008004950937674103,0.8578044474124908,0.001664168313452651
3721,0.32564307749271393,0.0005264773581738328,0.8579407930374146,0.0016868854648000226
3722,0.32541875541210175,0.00036842667625798016,0.8580764532089233,0.0017095604692988838
3723,0.32511746883392334,0.00040288172491563604,0.8582680225372314,0.0017587036946625863
3724,0.32500454783439636,0.0002373289039648443,0.8584022521972656,0.001940525199138583
3725,0.3248729407787323,0.0002697819773182327,0.8584983646869659,0.001962399413515737
3726,0.32465556263923645,0.00041493572358975177,0.8586314022541046,0.0019312950393146973
3727,0.32452988624572754,0.00039015337666534607,0.8586331605911255,0.0018738488847943487
3728,0.32465873658657074,0.00012717811538162275,0.8586535751819611,0.002106373048028951
3729,0.3246018886566162,0.0002713414107131358,0.8587295711040497,0.0020488004529630698
3730,0.32437415421009064,0.0004158840276812469,0.8588793575763702,0.0019915650326852758
3731,0.3243521749973297,0.0004656383823483573,0.8588435351848602,0.0019868445856520557
3732,0.3239694684743881,0.0005095764719209643,0.859029233455658,0.0019299884870108595
3733,0.3237737715244293,0.0006004240038861964,0.8591588139533997,0.0019514833797514154
3734,0.3236871510744095,0.00042574639023279607,0.8592511117458344,0.0019728518319464387
3735,0.32366806268692017,0.0003872452441180944,0.8592880070209503,0.00196821567861024
3736,0.3234911412000656,0.0002459057876368112,0.859343022108078,0.001989457690259731
3737,0.3231944441795349,0.00027091994222802683,0.8594889342784882,0.0019848215369235324
3738,0.3234521150588989,0.0003000434145490546,0.8594704568386078,0.001954475805995689
3739,0.32344695925712585,0.00044367987427418147,0.8594702482223511,0.0019499660932050234
3740,0.3233725279569626,0.0005425353074564835,0.8594700396060944,0.001843039538532885
3741,0.3230849951505661,0.0004136080978616586,0.8595962226390839,0.0019153635305775793
3742,0.3230510801076889,0.0002990951104575595,0.8596497774124146,0.0018854814149833555
3743,0.322860524058342,0.00032547903762537915,0.8597749471664429,0.0018557257399346642
3744,0.3227529078722,0.00024164895593721094,0.8597561120986938,0.0019275439697972276
3745,0.3226526528596878,0.00013767268066083535,0.8597910106182098,0.0019737790626136783
3746,0.3224998414516449,9.398747217929369e-06,0.859915018081665,0.0020449650897485785
3747,0.3224010467529297,3.291668868700824e-05,0.8599494397640228,0.0019395558216228324
3748,0.3222332000732422,0.00013242539802122905,0.860001415014267,0.001859729690543199
3749,0.32196541130542755,0.00016443592946525307,0.8600886464118958,0.0018304376308281279
3750,0.32189589738845825,0.0005195442015937907,0.8601401150226593,0.0016511870841112955
3751,0.3217528462409973,0.00026594661410374136,0.8602442741394043,0.0017473240455646447
3752,0.3215409964323044,0.0001818425779002523,0.8603303730487823,0.001818088604214436
3753,0.3214224576950073,0.0002918247790894303,0.8602930903434753,0.0017642670786660241
3754,0.3212505728006363,5.000723575817577e-05,0.8603611588478088,0.001909083650149456
3755,0.32127441465854645,0.0002728376238352725,0.8603764474391937,0.0020284856719808187
3756,0.32103896141052246,0.00048355079296548724,0.8604789078235626,0.00207332991879641
3757,0.3208581656217575,0.0006646768744410543,0.8606157600879669,0.002167233097278682
3758,0.3207329362630844,0.0006000236088253429,0.8606998920440674,0.0022361431945939936
3759,0.3204311728477478,0.000544115814275642,0.8608182966709137,0.002157623615818198
3760,0.32062995433807373,0.00028288964720512075,0.8607805073261261,0.0020549538928456602
3761,0.32058338820934296,0.00021897395143834995,0.8608464300632477,0.0019527899320552532
3762,0.320470467209816,0.0002504997941244987,0.8609293103218079,0.0018267287081591692
3763,0.32018671929836273,0.00012755743701822078,0.8610977232456207,0.0017740872943690625
3764,0.31999121606349945,0.00013425878593145295,0.8611968457698822,0.0017216566148215103
3765,0.3198007196187973,3.9175495690876004e-05,0.8613126277923584,0.0016937132542587875
3766,0.3197130560874939,0.0001540045844588068,0.8613937497138977,0.0016658963342415976
3767,0.31958654522895813,0.0001630240100401381,0.8614234030246735,0.0016622295584211497
3768,0.31966958940029144,0.0002480974237593777,0.8613679707050323,0.0016345812257980033
3769,0.31959256529808044,0.00017844975659512532,0.8613466620445251,0.0016550224473257868
3770,0.31935904920101166,0.00017353964874360618,0.8614608943462372,0.0016753793751565487
3771,0.3192373216152191,0.0002825524724170336,0.8615407943725586,0.0016001472505646028
3772,0.3191147744655609,0.00021212508855532967,0.8616035282611847,0.0016443592946525306
3773,0.3189999759197235,0.0003948316768500553,0.8616491854190826,0.0015218805528798725
3774,0.31872209906578064,0.0003854329296321259,0.8617953062057495,0.0015897791258309229
3775,0.3184845745563507,0.00034720573803274506,0.8619240522384644,0.0015864073779500514
3776,0.3183443397283554,0.0004860585304518854,0.8620021343231201,0.001464855866844633
3777,0.3181927055120468,0.0005314085394496074,0.8620798885822296,0.0014852970883724166
3778,0.3182135820388794,0.00010372339418531022,0.8620907664299011,0.0016468459587146735
3779,0.31807196140289307,0.00010001447151635154,0.8621514141559601,0.001690299359529405
3780,0.3179878443479538,0.0003342455821156451,0.8622449040412903,0.001592982286317751
3781,0.31784340739250183,0.00024466245560573986,0.8623049557209015,0.0015896526852853903
3782,0.3177480101585388,4.535000899772198e-05,0.8623152375221252,0.0017962143898372818
3783,0.31762491166591644,2.1284158498001484e-06,0.8624242842197418,0.0017691982599417988
3784,0.31753648817539215,3.504510453680839e-05,0.8624342978000641,0.0017422242768948266
3785,0.31763097643852234,0.0001257240491079969,0.8624278903007507,0.0018312805677983457
3786,0.3175700306892395,6.600196476806006e-05,0.8624868988990784,0.0019199575370652667
3787,0.3174639791250229,3.0198216958055574e-05,0.8625457286834717,0.0018698027873373028
3788,0.31748242676258087,1.814421828393988e-05,0.862587958574295,0.0018428709511388414
3789,0.3173563629388809,0.00010011983863762878,0.8626625537872314,0.0018620477672112983
3790,0.3174978345632553,0.00012131970343860846,0.8626556992530823,0.0019040260283281487
3791,0.31735654175281525,0.0003873927580878825,0.8627622425556183,0.0020145772119722237
3792,0.31741125881671906,0.0006626538257125314,0.8627067804336548,0.002124622633434168
3793,0.3171207010746002,0.000824476650570109,0.8628449738025665,0.002188643696322216
3794,0.3171444237232208,0.0006394941324557951,0.8628378510475159,0.002138615387139785
3795,0.31713032722473145,0.0008074493237717078,0.8627986013889313,0.002179624270740885
3796,0.3169585019350052,0.0009288111740588272,0.8628396689891815,0.002197831709297591
3797,0.31690022349357605,0.0010310383551220008,0.862816572189331,0.0022611784226094648
3798,0.3168365955352783,0.0011876981910369938,0.8628893196582794,0.0022790908332265946
3799,0.3166709393262863,0.001098325798769643,0.8630254864692688,0.0021618804475177986
3800,0.33503225445747375,0.0074480646282996605,0.8555697202682495,0.0010720472387231005
3801,0.33475108444690704,0.0073815779747737256,0.8557187020778656,0.0010974617883751697
3802,0.33450648188591003,0.007222789723008932,0.8558867871761322,0.0011508196985899615
3803,0.3345065265893936,0.0074182035861296925,0.8558758497238159,0.0009519287204670526
3804,0.33440032601356506,0.007720586150771101,0.8559636771678925,0.0008936396289764861
3805,0.33433131873607635,0.007872504466228619,0.8559919893741608,0.0008635467791397078
3806,0.3340000808238983,0.007890564390815537,0.856157660484314,0.0008613972898656522
3807,0.33371445536613464,0.007739678673146537,0.8563421368598938,0.000886938280063254
3808,0.33357948064804077,0.007754725098064926,0.8563692569732666,0.000801801646071248
3809,0.33366061747074127,0.007587928945083063,0.8563767671585083,0.0007997785973427251
3810,0.33367182314395905,0.00744163723390175,0.8562869429588318,0.0009353228621537603
3811,0.33378055691719055,0.00740983743670028,0.8561587929725647,0.0009604423838662532
3812,0.3338346481323242,0.007388089662868658,0.8561861515045166,0.0010401842212488647
3813,0.3338267654180527,0.00718850326174532,0.8561553955078125,0.0009830330946680925
3814,0.3336644917726517,0.00709847759332605,0.8562211096286774,0.001007857588441009
3815,0.33344772458076477,0.007058880629150065,0.8563633561134338,0.001032513494819882
3816,0.33317917585372925,0.006855901406721599,0.8565815687179565,0.0010570429606532223
3817,0.33296550810337067,0.006596087159076193,0.8567222356796265,0.0011356046862775289
3818,0.3329554349184036,0.006536955130615409,0.8567668497562408,0.0011328651411243206
3819,0.3327355533838272,0.006347378606013408,0.8568683564662933,0.0012646161895693755
3820,0.3325587213039398,0.00644956364022807,0.8569503426551819,0.001207844384625201
3821,0.3323383182287216,0.006500666694047529,0.856994092464447,0.0010978411100117677
3822,0.33230867981910706,0.006385331843097468,0.8569431602954865,0.0010684647565996745
3823,0.33197420835494995,0.006091062546794405,0.8570621013641357,0.001279072558608612
3824,0.33183616399765015,0.005916110978625684,0.8571992516517639,0.0012494011772569427
3825,0.3315311372280121,0.005731465635299458,0.8573169708251953,0.0013524923687145895
3826,0.33150508999824524,0.005698380359218406,0.8573406040668488,0.001322778840514409
3827,0.33159200847148895,0.0053141907616173515,0.857196182012558,0.001477963536731521
3828,0.3314855545759201,0.005483705386328167,0.8572758436203003,0.0013690982270278818
3829,0.3313429653644562,0.0051389652389333094,0.857280820608139,0.0015759971063678605
3830,0.3312465697526932,0.005547557861822172,0.857359915971756,0.0014150804387532672
3831,0.3310069292783737,0.005320133467257388,0.8575125634670258,0.0014639707830259043
3832,0.3306926190853119,0.005350837446397573,0.8576091825962067,0.0013822901906117915
3833,0.33058418333530426,0.005319037649196104,0.8576685190200806,0.0013529981308967201
3834,0.3304957300424576,0.005250886195153988,0.8577826917171478,0.001349837117258403
3835,0.3303932398557663,0.005399706717245955,0.8578779697418213,0.001320797938634397
3836,0.33016225695610046,0.005339668531542187,0.8580276370048523,0.001421023144393303
3837,0.33035773038864136,0.005803157424616488,0.8579578697681427,0.001211511160445649
3838,0.33009597659111023,0.005859212733135977,0.8580884337425232,0.0012343968991870645
3839,0.3297950476408005,0.005904541668709444,0.8582003116607666,0.0012315309134883236
3840,0.3294810950756073,0.006029823175908076,0.858329713344574,0.0012542902116842063
3841,0.329385906457901,0.005971154762780912,0.8583501875400543,0.0011747591085441494
3842,0.32912303507328033,0.00618013991112218,0.8585146963596344,0.0011466050137388722
3843,0.32899461686611176,0.006457466174323863,0.8585886061191559,0.0009914203175217602
3844,0.3287973999977112,0.006598932071350679,0.8586621284484863,0.0008369521177293337
3845,0.32875949144363403,0.006512826059842922,0.8586458563804626,0.0009109619837144636
3846,0.3286114037036896,0.0065409380077996885,0.8587367832660675,0.0008331167545148424
3847,0.32855530083179474,0.006512172783691003,0.8587382435798645,0.0007808968092098446
3848,0.3286212980747223,0.00628358935079217,0.8586863875389099,0.0008544852067098656
3849,0.32852697372436523,0.006031171875060425,0.8587056696414948,0.0009779333259982742
3850,0.3283979147672653,0.005999203490464912,0.8588133156299591,0.001025727852209628
3851,0.3282369524240494,0.006077006572816022,0.8588675558567047,0.0009485148257376702
3852,0.3279471844434738,0.006089313452581203,0.8589919805526733,0.0009214986958421871
3853,0.3278602361679077,0.006121323984025227,0.8590631186962128,0.0008697002190222984
3854,0.32778477668762207,0.006054900550772058,0.8590638041496277,0.0007685899294446636
3855,0.3275086581707001,0.006007401052500281,0.8591344654560089,0.0008163423088075065
3856,0.32722054421901703,0.00594445473424926,0.8592397570610046,0.000814529994321538
3857,0.32698483765125275,0.005999372077858956,0.8593793511390686,0.0008126755329870587
3858,0.3269396871328354,0.005895269362037047,0.8594314754009247,0.0009337634287588573
3859,0.32667604088783264,0.006013175170746273,0.8595353662967682,0.0008826814483636537
3860,0.32655972242355347,0.006051107334406078,0.8595868945121765,0.0008562553743473231
3861,0.3265474885702133,0.005857421492074265,0.8596209585666656,0.0009519708673155635
3862,0.32640109956264496,0.005736460036847998,0.8596720993518829,0.0009742244033293156
3863,0.3263660669326782,0.005537252957361258,0.8597230017185211,0.0009963936456460459
3864,0.3263933062553406,0.005202691273881781,0.859653651714325,0.0012852259984912026
3865,0.3262304365634918,0.005182671520839106,0.8597385585308075,0.0013065944506862259
3866,0.32600557804107666,0.005211457818372047,0.8598572611808777,0.001279578320790743
3867,0.3256591409444809,0.005150829576789126,0.8600265979766846,0.0012767966287890239
3868,0.3254615366458893,0.0052361137247509204,0.8601611256599426,0.0012740149367873048
3869,0.3253154754638672,0.0051874762615693485,0.8602102994918823,0.0013911831756475903
3870,0.3252130299806595,0.004912447001611509,0.8601746559143066,0.0015317850622799326
3871,0.3250585198402405,0.004817553372189231,0.8602911233901978,0.001647857483078935
3872,0.3249308615922928,0.004647806939811606,0.8604071140289307,0.0016681722640611858
3873,0.32493798434734344,0.004642791464838809,0.8603544533252716,0.0015456513754400168
3874,0.3248335123062134,0.004936028163353355,0.8604194819927216,0.0013525345155631003
3875,0.3250361680984497,0.005312188786313084,0.8603837490081787,0.001112845388081646
3876,0.32490989565849304,0.005244079479119479,0.860414981842041,0.001110485164565036
3877,0.3247547298669815,0.005156140079701499,0.8604961335659027,0.0011316850293660156
3878,0.3245773911476135,0.005026053831772624,0.8606268167495728,0.0011763185419390524
3879,0.3242241144180298,0.005102592508668408,0.8608067631721497,0.0011503560832563417
3880,0.32414375245571136,0.005270568773408576,0.8607540428638458,0.0010307854740309354
3881,0.32420212030410767,0.005305150262611765,0.8607015311717987,0.0009584614819862411
3882,0.3240582346916199,0.0051304515755341085,0.860830694437027,0.0010497515558608376
3883,0.3238580673933029,0.005201616529244753,0.8609099388122559,0.0009777225917557198
3884,0.3239766061306,0.0050472958434221145,0.8608738481998444,0.0010221032232376913
3885,0.32378368079662323,0.005041500651751867,0.860969066619873,0.0010199537339636356
3886,0.3236420303583145,0.0049067571770625385,0.8610475063323975,0.001133497343851984
3887,0.32342419028282166,0.004837193803595308,0.8611419200897217,0.0012234387185742319
3888,0.3232635110616684,0.0046928619208697515,0.8612360060214996,0.0012669764130859855
3889,0.32322052121162415,0.004778946858953252,0.8612646460533142,0.001264321161629799
3890,0.32295799255371094,0.004815572470309219,0.861341804265976,0.0012387380245836865
3891,0.3228825032711029,0.004605765458421989,0.8614186644554138,0.0013048664298972792
3892,0.32284413278102875,0.004582858646256318,0.8613498210906982,0.001347856215378391
3893,0.3226010650396347,0.004500292970023477,0.8615069687366486,0.0013907195603139705
3894,0.32244324684143066,0.004377245245795921,0.861647367477417,0.0014105707259626015
3895,0.3222435414791107,0.00408019425749114,0.8617390096187592,0.0015438812078025592
3896,0.3222191631793976,0.004130896916249746,0.8617982566356659,0.0015407623410127532
3897,0.3221891522407532,0.004202672999263799,0.8618252873420715,0.0015376013273744361
3898,0.32210780680179596,0.004413344021545502,0.8618840873241425,0.0013990646363191274
3899,0.32186706364154816,0.004245936739260231,0.8620541393756866,0.001463717901934839
