batch,mean_loss,std_loss,mean_accuracy,std_accuracy
0,0.6931481063365936,1.2222586068159268e-06,0.421875,0.0
1,0.6928456723690033,3.0809346261463535e-05,0.4921875,0.02209708691207961
2,0.6925639808177948,0.00028765224108685177,0.5052083432674408,0.007365709686309374
3,0.6933058798313141,0.0009485148257376702,0.49609375,0.027621358640099514
4,0.6936340630054474,0.0010586866877451472,0.48906251788139343,0.024306804032657274
5,0.694015622138977,0.0010095856092299557,0.4830729216337204,0.023938503796944826
6,0.6940491199493408,0.0006447624885196569,0.4854910671710968,0.014205258115808746
7,0.6937080919742584,0.0004816963316310079,0.4931640625,0.0041432037960149265
8,0.6936680376529694,0.0004927388059408622,0.4947916716337204,0.007365688612885118
9,0.6934012770652771,0.0007198681725660701,0.5023437440395355,0.018782532304637372
10,0.6932127177715302,0.0007697278943544577,0.5056818276643753,0.018079459651202893
11,0.6928958892822266,0.0007977555486142023,0.5117187350988388,0.018414232068924924
12,0.6929768025875092,0.0010124937417772073,0.5102163404226303,0.02464673943932189
13,0.6931041181087494,0.0008350555095463434,0.5100446492433548,0.023675465315388337
14,0.6931783854961395,0.0009800406684238188,0.5083333402872086,0.02651650007981068
15,0.6935072243213654,0.0007678734330199784,0.50439453125,0.028311892606102
16,0.6935580670833588,0.0004703166825330665,0.5055147111415863,0.024696746675080063
17,0.6935220062732697,0.0008910265243688107,0.503472238779068,0.029462796598388984
18,0.6935701072216034,0.000651463837432889,0.5028782784938812,0.027330587532222856
19,0.6939511001110077,0.0002004925583663229,0.498046875,0.02485922277608956
20,0.6942133009433746,0.00018961867145051226,0.4966517984867096,0.01946649136227216
21,0.6941277384757996,5.8162650945033766e-05,0.49680396914482117,0.02360371030579854
22,0.6941863298416138,3.346459771764986e-05,0.4969429522752762,0.020655980794370865
23,0.6941909790039062,0.0001277892446850307,0.4977213591337204,0.017033164136919948
24,0.6940836012363434,0.000430361470144739,0.49812498688697815,0.012374356869646998
25,0.6939373016357422,0.0004625195155585511,0.5003004819154739,0.012323380256373072
26,0.6940377056598663,0.0004221006878366037,0.49768517911434174,0.01063931863042328
27,0.6938486397266388,0.0006472491525817996,0.4997209757566452,0.006708029188721128
28,0.6938251256942749,0.0006800815475717861,0.5005387961864471,0.004571795098522209
29,0.6936656832695007,0.0010378239977322547,0.5013020932674408,0.0018414379582894712
30,0.6939283013343811,0.0008324002580901572,0.498991921544075,0.002138425726321486
31,0.6940496265888214,0.0005216515440193355,0.49951171875,0.004833737762017415
32,0.6942806243896484,9.053143060140038e-05,0.4973958432674408,0.007030895121738831
33,0.6942740380764008,9.723277951463254e-05,0.4983915537595749,0.010723612327445068
34,0.6941971480846405,3.021929038231102e-05,0.498883917927742,0.0085231675135398
35,0.6941718757152557,5.913202846078433e-05,0.4989149272441864,0.008900192146894003
36,0.6941387355327606,0.00018607833617559716,0.4983108192682266,0.011944395794563113
37,0.6940898597240448,0.00019585640503012457,0.49958881735801697,0.01163004352494461
38,0.6940852701663971,0.00015733418549116742,0.5000000149011612,0.010198673329241882
39,0.6941127777099609,0.00023551658947887585,0.49980470538139343,0.00911505678060254
40,0.6941252052783966,0.00017621597362404794,0.5005716532468796,0.008353779329374518
41,0.694193959236145,0.00028912738078473303,0.4998139888048172,0.00920712657117459
42,0.6941925585269928,0.0003190937900759787,0.49945494532585144,0.008992999507314992
43,0.6941742599010468,0.00039723404721517627,0.5003551095724106,0.010044120835752434
44,0.6943000853061676,0.0003342666555399006,0.4980902671813965,0.010066437592038952
45,0.6942527592182159,0.00027703123526210647,0.49881114065647125,0.008406505036861646
46,0.6942430436611176,0.0002344629182661035,0.49867022037506104,0.008932855954489947
47,0.6942625641822815,0.00021933219965069255,0.4978841096162796,0.008976920484608086
48,0.6943225860595703,0.0002479920566381005,0.4971300959587097,0.010372086537439956
49,0.6943477094173431,0.00020571876758167376,0.49656248092651367,0.01060659160255457
50,0.6942996680736542,0.00019181030757307874,0.49724264442920685,0.009098809170501591
51,0.6942457556724548,0.0002160447454668428,0.4980468899011612,0.009561244392363121
52,0.6942327916622162,0.00021558113013322297,0.49719931185245514,0.009797772506206259
53,0.6942345201969147,0.00025688504167389913,0.4963831156492233,0.01125314533213594
54,0.6942272186279297,0.00020466509636890142,0.4973011463880539,0.00944150519574367
55,0.6941525936126709,0.0002689811871965257,0.4983258992433548,0.01025936479109757
56,0.6941159069538116,0.000244999630393827,0.49931468069553375,0.009110188819599532
57,0.694048672914505,0.00027703123526210647,0.4999999850988388,0.009143611270468673
58,0.6939736008644104,0.0002782534938689224,0.5017213821411133,0.008426840891268153
59,0.6939336955547333,0.00032356135601813347,0.5016926974058151,0.009391266152318686
60,0.6938477158546448,0.0003797431050831552,0.5025614798069,0.009418429796183956
61,0.6937962770462036,0.0003743483084737608,0.5028981864452362,0.009444729429654755
62,0.693713366985321,0.0003657503513775384,0.504092276096344,0.008593320942886184
63,0.6939364075660706,9.921368139464455e-05,0.503173828125,0.005869538711021146
64,0.6938998997211456,9.352385684567386e-05,0.5037259757518768,0.005269325441377505
65,0.6938113272190094,3.578267438574903e-05,0.5044981241226196,0.005022049881164089
66,0.6938537061214447,0.00010920248449172643,0.5041977763175964,0.0049471127845117195
67,0.6936966478824615,4.497068736112393e-05,0.5052849054336548,0.005524271728019903
68,0.6936067342758179,2.570957759164536e-05,0.5057744681835175,0.004643613328384772
69,0.6935717761516571,8.808691338776853e-06,0.5062499940395355,0.005050751885000008
70,0.6936257481575012,7.325122271193382e-05,0.5059418976306915,0.004668395675309177
71,0.6936964690685272,0.000154721080883492,0.5057508647441864,0.005677728403448067
72,0.6936985850334167,0.00013857883790381958,0.5056720972061157,0.005902666133950709
73,0.693689376115799,0.00016475203082908478,0.5053842663764954,0.005524271728019903
74,0.6936497986316681,0.0002557049299155941,0.5059375166893005,0.0066291092148844785
75,0.6935989856719971,0.00027631473883742125,0.5061677396297455,0.007268771934734317
76,0.6935878098011017,0.0002774527037472154,0.5058847367763519,0.007174362994069915
77,0.6935710906982422,0.0002978096315779772,0.5063101053237915,0.006940743012774029
78,0.6936244666576385,0.00018877573448029437,0.5058346390724182,0.006013765226625426
79,0.6936682760715485,0.00011695750461773094,0.505664050579071,0.005524271728019903
80,0.6937918066978455,1.1969704977093905e-05,0.5043402910232544,0.005319690925348023
81,0.6938350200653076,0.000100225205758906,0.50390625,0.003907434325444986
82,0.6938490867614746,8.159629871709084e-05,0.5037650465965271,0.004259697685299038
83,0.6939103007316589,0.00010865457546108481,0.5028831958770752,0.0038143740839329315
84,0.693900465965271,7.662297059280535e-05,0.5026654303073883,0.004029449451884024
85,0.6938971281051636,5.5886721125445483e-05,0.5029978156089783,0.00449647868023324
86,0.6938684582710266,3.186301747423589e-05,0.5036817491054535,0.004698825699934043
87,0.6938745081424713,6.2840951129743e-05,0.5031072497367859,0.004394314719442833
88,0.6938660144805908,0.00010958180612832449,0.5032479166984558,0.003103525336948193
89,0.6938441097736359,0.00018186365132450775,0.5034722089767456,0.001718664188577237
90,0.6938047409057617,0.00021907931855962717,0.5041208565235138,0.0012141242650533244
91,0.6937909722328186,0.00018333879102238904,0.504245936870575,0.0016813220807965848
92,0.6937482059001923,0.0003249100551704821,0.5043683052062988,0.0
93,0.6937012672424316,0.00040629561964501844,0.5046542584896088,0.0009403383371265568
94,0.6938633322715759,0.00011607242079900217,0.5051809251308441,0.00011628315504155663
95,0.693947821855545,7.038523701319303e-06,0.5048828125,0.0002302060865665032
96,0.6938999891281128,1.6352977222226884e-05,0.5055573284626007,0.000569530363927711
97,0.6938282251358032,9.086860538948753e-05,0.5061383843421936,0.001014643231051263
98,0.6937991082668304,0.00014055973978383159,0.5061553120613098,0.0006696291291410844
99,0.6938307881355286,0.00011986563716498263,0.505859375,0.00011050903679556415
100,0.6949880421161652,0.0003850957548440388,0.4927784949541092,0.002595508298422132
101,0.6949950456619263,0.00036549747028647307,0.49271729588508606,0.002476338084257579
102,0.6950069963932037,0.00035120968864127996,0.49251747131347656,0.002161290391638646
103,0.695008397102356,0.00035066177961063836,0.492417648434639,0.002379800727743376
104,0.6950013339519501,0.0003446347802735805,0.49243681132793427,0.0023179291541293836
105,0.6949993073940277,0.00034825940924551737,0.4923179894685745,0.0024513660765148743
106,0.6949935555458069,0.00034922878676126794,0.4924159049987793,0.002611924495917125
107,0.6949874758720398,0.00034821726239700647,0.49245452880859375,0.0026330822138695936
108,0.694992870092392,0.000349608108397866,0.4923756569623947,0.002654134564700785
109,0.6949839890003204,0.0003560144293715219,0.49247269332408905,0.0027578158120375846
110,0.6949895620346069,0.0003438339901518735,0.4923747330904007,0.002695944238423592
111,0.6949871778488159,0.0003200631675917293,0.49241307377815247,0.0022227404967675294
112,0.694973886013031,0.0003304312923254092,0.4925867170095444,0.0023267378454681605
113,0.694972038269043,0.00032925118056710415,0.4925471246242523,0.002293673642811364
114,0.6949757933616638,0.00032579513898921085,0.4924691915512085,0.002424202432649603
115,0.6949839890003204,0.00031125447625295245,0.49231478571891785,0.0022280509996799023
116,0.6949871182441711,0.0003067447634622868,0.492141991853714,0.0021683710621884763
117,0.6949846744537354,0.0003080091689176136,0.4920465052127838,0.0021630605592761034
118,0.694983720779419,0.00032166474783514325,0.492008700966835,0.0023465890111167916
119,0.6949809789657593,0.0003166914197108578,0.4919520616531372,0.002071812632250018
120,0.6949716210365295,0.00032512078941303654,0.49212345480918884,0.0023351882885945946
121,0.6949681639671326,0.0003272281318385813,0.49202893674373627,0.0023830881819272257
122,0.6949523985385895,0.00033586823578331455,0.4921993017196655,0.0025910196590557214
123,0.6949476897716522,0.00032448858668537314,0.49221812188625336,0.002371582092283752
124,0.6949374973773956,0.00033654258535948886,0.4921804517507553,0.0026051177798826156
125,0.6949339509010315,0.0003433282279697428,0.4922179728746414,0.002731474031718276
126,0.6949235200881958,0.00035487646446172777,0.4923301339149475,0.003015944185742555
127,0.6949277520179749,0.0003374276691782176,0.49234846234321594,0.0028503913647917635
128,0.6949225664138794,0.0003312742292956271,0.4924970269203186,0.0028172639418622006
129,0.6949223577976227,0.00032406711820026423,0.49240341782569885,0.0028631197130420533
130,0.6949252188205719,0.0003147948115278675,0.49236585199832916,0.0029349168694803615
131,0.6949271857738495,0.00030940001491847307,0.4923284649848938,0.0028495484278215455
132,0.6949298977851868,0.00030227719752013197,0.49232812225818634,0.0028167371062558146
133,0.694928765296936,0.00029570228915243253,0.49229100346565247,0.002784094372084127
134,0.694922536611557,0.0002916140448468758,0.49227239191532135,0.0028294654545061044
135,0.6949188709259033,0.0002916561916953867,0.49241869151592255,0.0027969280874556943
136,0.6949243247509003,0.00028520772387321993,0.4923633486032486,0.0027387232896621495
137,0.694928765296936,0.0002844069337515129,0.4921259880065918,0.002732338042112749
138,0.69492506980896,0.0002873572131472755,0.49208976328372955,0.0028545428293700863
139,0.6949262320995331,0.00028765224108685177,0.49207185208797455,0.002745298198029849
140,0.6949246227741241,0.00028638783563152495,0.49201782047748566,0.002738934023904704
141,0.6949118971824646,0.0002843226400544911,0.49223490059375763,0.002758152986825672
142,0.6949126720428467,0.00027808490647487883,0.49205462634563446,0.002675334429501765
143,0.6949079036712646,0.00027808490647487883,0.4920908808708191,0.002643787513391361
144,0.694911390542984,0.0002801501020519126,0.49192969501018524,0.0027391447581472587
145,0.6949124038219452,0.0002817516822953266,0.49198396503925323,0.002631670294444479
146,0.6949076950550079,0.00028006580835489086,0.4920736998319626,0.002726627144139523
147,0.6949012577533722,0.0002767783541710411,0.4920739382505417,0.002695227741998907
148,0.6948994994163513,0.0002825524724170336,0.4921630620956421,0.002839896799512551
149,0.6949006021022797,0.00028815800326898247,0.4921453893184662,0.002883603081418348
150,0.6948935985565186,0.00028575563290386154,0.4923047125339508,0.0029270986290815906
151,0.6948836147785187,0.00028343755623576236,0.492445632815361,0.002945453581608085
152,0.6948798894882202,0.00029056037363410346,0.4924802780151367,0.003113134818408677
153,0.6948703825473785,0.0002874836536928082,0.49258504807949066,0.0032800995587845836
154,0.6948716640472412,0.0002937635341209314,0.4924614280462265,0.003371895394841311
155,0.6948702931404114,0.0002887902059966459,0.49239085614681244,0.0032406501085783866
156,0.6948593556880951,0.0002814145075072394,0.49261729419231415,0.003134692931421999
157,0.694852352142334,0.00026527226452756705,0.49265116453170776,0.002856797685765419
158,0.6948431134223938,0.0002460533016065994,0.4927022457122803,0.0024572877087306547
159,0.694841742515564,0.0002597931742211508,0.4929264932870865,0.0026969979096363645
160,0.6948429048061371,0.00026303848155648967,0.49292485415935516,0.002666567885011499
161,0.6948606967926025,0.00029047607993708165,0.4928196668624878,0.0028315517235073936
162,0.6948857605457306,0.0003308106139620073,0.4925771504640579,0.003141942189365873
163,0.6948863863945007,0.00033456168347947683,0.4926106631755829,0.0032079230807096773
164,0.6948846578598022,0.0003273967192326248,0.4925411641597748,0.002982648175418949
165,0.6948752701282501,0.0003271859849900704,0.492677241563797,0.002951923122854507
166,0.6948660016059875,0.0003156798953465963,0.49291519820690155,0.0025833278592024833
167,0.6948679685592651,0.00030977933655507113,0.49277733266353607,0.0023608767927619846
168,0.6948623359203339,0.0003106644203737999,0.4928950369358063,0.0024518929121212603
169,0.6948555707931519,0.00031053797982826724,0.4929613322019577,0.0024225797789819334
170,0.6948565542697906,0.0003022350506716211,0.49279041588306427,0.0021540622071190276
171,0.694854348897934,0.00030459527418823115,0.49263712763786316,0.002149404980358574
172,0.6948550343513489,0.00029814680636606436,0.4925687611103058,0.0019779516006162567
173,0.6948516368865967,0.0003077562878265482,0.4925342947244644,0.0021401537471104327
174,0.6948466300964355,0.000299495505518413,0.4926677793264389,0.0018745443077947785
175,0.6948463022708893,0.0002984418343056406,0.4925830364227295,0.001775815315158009
176,0.6948442459106445,0.0003024457849141756,0.4925320893526077,0.0019137830237584206
177,0.6948399543762207,0.0003037101903695024,0.49266470968723297,0.0019804171912541444
178,0.6948321759700775,0.0003038366309150351,0.49279677867889404,0.001999741521296389
179,0.6948282122612,0.0003085149310997443,0.4927954822778702,0.0020659331468827484
180,0.6948266625404358,0.0003079248752205918,0.4926616698503494,0.002038116226865558
181,0.6948224902153015,0.00030185572903502307,0.49272678792476654,0.0018701610355496454
182,0.6948153674602509,0.00030231934436864287,0.49280813336372375,0.0018662203052138768
183,0.694810539484024,0.0002994533586699021,0.4928232878446579,0.0017226049189130053
184,0.6948053240776062,0.0003007599109737398,0.4928547888994217,0.0018815828314960978
185,0.694800615310669,0.0003002541487916091,0.49295175075531006,0.0016690152010314036
186,0.6947911083698273,0.00030762984728101555,0.4931464344263077,0.0017811890383431482
187,0.6947949826717377,0.0003036680435209915,0.4929322302341461,0.001731308243130505
188,0.6947901546955109,0.00029827324691159707,0.49301211535930634,0.0017737711930052309
189,0.6947799324989319,0.0003071662319473957,0.4931729584932327,0.00188499672622548
190,0.6947741508483887,0.0002954494080613672,0.4932844489812851,0.001605816001689318
191,0.694774717092514,0.0002920355133319847,0.49329836666584015,0.0015567149231741266
192,0.6947763562202454,0.00028204671023490283,0.4932314604520798,0.001439251656374265
193,0.6947786509990692,0.00030459527418823115,0.4931648224592209,0.0015958693454407472
194,0.6947899162769318,0.0003162278043772379,0.4930501878261566,0.001683598010616173
195,0.6948112547397614,0.00030821990316016806,0.49287182092666626,0.001634707666343536
196,0.6948064565658569,0.00028853732490558053,0.492902472615242,0.0014727584009404256
197,0.6947946846485138,0.00027585112350380145,0.4931727945804596,0.0013340741959153289
198,0.6947938799858093,0.00028002366150637996,0.49318675696849823,0.0013313557241863762
199,0.6947983205318451,0.0002830160877506534,0.49312102794647217,0.0013961986506203865
200,0.6930572092533112,0.0009762474520578385,0.5033713579177856,0.01921238801259998
201,0.6930633783340454,0.0009873320732162036,0.5034423768520355,0.01916345552147883
202,0.6930647492408752,0.0009641513065352118,0.5035924166440964,0.018834098973790448
203,0.6930765509605408,0.0009832016820621359,0.50336554646492,0.01920636101326292
204,0.6930811405181885,0.0009805042837574387,0.5033175498247147,0.019101942196077182
205,0.6930784583091736,0.000983538856850223,0.5033091753721237,0.019165204615692034
206,0.6930838227272034,0.0009695461031446063,0.5032419115304947,0.019033664301489533
207,0.6930891573429108,0.0009470818328882998,0.503233790397644,0.018708733172894794
208,0.6931003034114838,0.0009312346178482037,0.5030106455087662,0.018523687434507715
209,0.6931021809577942,0.0009402961902780459,0.5029250979423523,0.01864289979552078
210,0.693100780248642,0.0009316560863333126,0.5028789341449738,0.018376405272386397
211,0.6930981576442719,0.0009353650090022712,0.503027006983757,0.018495406899156904
212,0.6930900514125824,0.0009134486477766063,0.5031550079584122,0.018148496189063737
213,0.6930843591690063,0.0008957891182505418,0.5032244473695755,0.018103651942248146
214,0.6930952072143555,0.0009108776900174418,0.5030431598424911,0.018249690772338394
215,0.6930969059467316,0.0009131114729885192,0.5030548572540283,0.0183949920325797
216,0.6930992603302002,0.0009016053833450451,0.5029323697090149,0.018024605527865962
217,0.6931034326553345,0.0009054828934080474,0.5028296262025833,0.018007557127643306
218,0.6931034922599792,0.0009057357744991127,0.5029180645942688,0.018044498840363105
219,0.6931138932704926,0.0009073795015910376,0.502891942858696,0.017919849535892138
220,0.6931234300136566,0.0009103297809868002,0.5027140974998474,0.01784944322545469
221,0.6931119859218597,0.0008999616562531202,0.5028968453407288,0.017484872985835453
222,0.6931158304214478,0.0008955362371594764,0.5028898566961288,0.017335778509228166
223,0.6931125223636627,0.0009052721591654929,0.5029959231615067,0.017507105448424952
224,0.6931228935718536,0.0009081381448642337,0.502875953912735,0.017465021820186822
225,0.6931330859661102,0.000913195766685541,0.5027377754449844,0.01744961714705609
226,0.6931398510932922,0.0009013525022539797,0.5026750862598419,0.017275529589281843
227,0.6931407749652863,0.0008985286634037499,0.5027060359716415,0.017287056752349574
228,0.6931403875350952,0.0008932603073398881,0.5026623457670212,0.017140554306925706
229,0.6931394934654236,0.000905230012316982,0.5026931613683701,0.017467529557673223
230,0.6931414306163788,0.0009042606348012315,0.502705305814743,0.017504724151484085
231,0.6931462585926056,0.000902068998678665,0.5025695115327835,0.017541750157900906
232,0.6931527256965637,0.0009051457186199602,0.5024712383747101,0.01763074322853166
233,0.6931562423706055,0.0009036284320735681,0.5024654120206833,0.01769326807829757
234,0.6931630074977875,0.0008976014327365102,0.502257689833641,0.017573823909617696
235,0.6931617856025696,0.0008970535237058686,0.5022524148225784,0.017532646438622554
236,0.6931641697883606,0.0009021111455271759,0.5021923333406448,0.0176724896819817
237,0.6931627094745636,0.0009043449284982533,0.5021872222423553,0.017682836733291123
238,0.6931646466255188,0.0009098661656531804,0.502182126045227,0.01800167764227604
239,0.6931644380092621,0.000903670578922079,0.50212262570858,0.017831594035110324
240,0.6931689977645874,0.0009014367959510015,0.502027228474617,0.017918290102497233
241,0.6931612491607666,0.0009161881929298144,0.5021308809518814,0.01823439146632894
242,0.6931649148464203,0.0009061993898327326,0.5021079629659653,0.018014005595465475
243,0.693172961473465,0.0008963370272811834,0.5019413381814957,0.01784546034827041
244,0.6931767463684082,0.0008912372586113652,0.5017754584550858,0.01777912120871426
245,0.6931703984737396,0.0008952412092199002,0.5018787533044815,0.01778898357126581
246,0.693175882101059,0.0008847044970921766,0.5017137974500656,0.017369664575430925
247,0.6931773722171783,0.0008825971546666319,0.5016208291053772,0.017405636910634972
248,0.6931766271591187,0.0008823864204240775,0.5015815943479538,0.01721523852248701
249,0.6931800246238708,0.0008871911611543193,0.501524806022644,0.017301534194813065
250,0.6931791305541992,0.0008846623502436657,0.5016098320484161,0.017287415000561916
251,0.6931805908679962,0.0008781295887244771,0.5015179216861725,0.017173449922188458
252,0.693186342716217,0.0008827235952121646,0.501444086432457,0.017234373191710957
253,0.6931886970996857,0.0008763594210870196,0.5013529509305954,0.017071349181670817
254,0.6931903064250946,0.0008780452950274554,0.5014200657606125,0.01708264453707174
255,0.693184494972229,0.0008737041696308332,0.50157430768013,0.017168055125579063
256,0.6931860148906708,0.0008732405542972134,0.5016231536865234,0.01720375350626779
257,0.6931793689727783,0.0008692366036886785,0.5018633157014847,0.017116151281637897
258,0.6931822299957275,0.0008647690377465237,0.5018591731786728,0.01707809267743256
259,0.6931767165660858,0.0008710489181746469,0.5020977854728699,0.01733440873665156
260,0.6931748688220978,0.0008739991975704096,0.5021104514598846,0.017369432767764117
261,0.6931790113449097,0.000878593204058097,0.5019849538803101,0.017453094262058242
262,0.6931810081005096,0.0008688572820520805,0.50192891061306,0.017097985989929704
263,0.6931825876235962,0.0008595428285311728,0.501924678683281,0.016817372272544172
264,0.6931890845298767,0.0008563396680443449,0.5017832666635513,0.01673194061061259
265,0.6931859254837036,0.0008568454302264757,0.5018478035926819,0.016598524761651353
266,0.6931890845298767,0.0008538108571336913,0.5017242580652237,0.016731266261036413
267,0.6931827068328857,0.0008488375290094058,0.5018397271633148,0.01662250631845405
268,0.6931836605072021,0.0008366149429412465,0.5018017590045929,0.016297891291223145
269,0.6931764185428619,0.000830840824695254,0.5020522475242615,0.016094617040855103
270,0.6931794285774231,0.0008200090846279543,0.5019631683826447,0.015796428087640528
271,0.6931816041469574,0.0008242659163275545,0.5019251555204391,0.015810062593133802
272,0.6931792199611664,0.0008198826440824216,0.5019547194242477,0.015680671768205357
273,0.6931751072406769,0.000816932364686659,0.5019336938858032,0.01571824568365282
274,0.6931701302528381,0.0008117483023198191,0.5018456429243088,0.01561332110428495
275,0.693169504404068,0.0008187025323241166,0.5018751472234726,0.015721891386049014
276,0.6931695938110352,0.0008094723725002307,0.5019380003213882,0.01568830034778583
277,0.6931781470775604,0.0008015066181316718,0.5017504543066025,0.01558407119141839
278,0.693175882101059,0.00078869397618436,0.5018465667963028,0.015315637913252505
279,0.6931675970554352,0.0007809389560583555,0.5019754320383072,0.015236148956960958
280,0.6931723058223724,0.0007821190678166606,0.5018718540668488,0.015203843397577358
281,0.6931732296943665,0.0007774407676319513,0.50186787545681,0.015218405133737872
282,0.6931662559509277,0.0007694328664148815,0.5019958913326263,0.015232924723049875
283,0.6931670308113098,0.0007770192991468424,0.5019258707761765,0.015247402165513367
284,0.6931653022766113,0.000765639650048901,0.5017904192209244,0.015122436759678566
285,0.6931644380092621,0.0007616356994403661,0.5017866492271423,0.014951594509239658
286,0.6931570768356323,0.0007499610224028484,0.5018646866083145,0.014804649521906426
287,0.6931798756122589,0.0007698121880514795,0.5016322731971741,0.014866036406762543
288,0.6931817829608917,0.0007699807754455231,0.5016777515411377,0.014858112799242495
289,0.6931889951229095,0.0007703179502336102,0.5016417503356934,0.0148271770124355
290,0.6931735873222351,0.0007420374148828003,0.501735657453537,0.014612860287757603
291,0.6931828856468201,0.0007493709665236959,0.5016187429428101,0.014605484589268195
292,0.6931708753108978,0.0007462942465824007,0.5017123371362686,0.014666660739881758
293,0.6931658983230591,0.0007390028417900159,0.5018700063228607,0.014773186899493043
294,0.6931682229042053,0.0007496238476147613,0.5019465982913971,0.014811034769455826
295,0.6931602656841278,0.0007498345818573157,0.5020870864391327,0.014848714052024566
296,0.693160742521286,0.0007494131133722068,0.5021308660507202,0.014931532609348472
297,0.6931493282318115,0.0007379070237287327,0.5022863745689392,0.014855752575725885
298,0.6931225955486298,0.0007044845728595938,0.5024412870407104,0.01469003116738105
299,0.6931183934211731,0.0006998905663719063,0.5025159120559692,0.01459250335992684
300,0.7163415849208832,0.03392007870950709,0.505825087428093,0.009930661519561108
301,0.7162769734859467,0.03382187655247671,0.5057505518198013,0.009764645083276695
302,0.7162195146083832,0.033723758689143346,0.505696251988411,0.009515304327486247
303,0.7161541283130646,0.033632552908965774,0.5058005899190903,0.009491154183289505
304,0.7160980403423309,0.03351976794235062,0.5056871920824051,0.009104119673413964
305,0.7160525619983673,0.033452670159521275,0.5056137591600418,0.009387599376498237
306,0.7160017490386963,0.03335552167370367,0.5055800080299377,0.009113918815692748
307,0.7159478962421417,0.033276159157957654,0.5054484158754349,0.009091054150375586
308,0.7158954441547394,0.03320577392094446,0.5052979290485382,0.009206515441871182
309,0.7158412039279938,0.033128223719684415,0.5053432136774063,0.009266300746483885
310,0.7157973945140839,0.03304637453987626,0.5051353871822357,0.009518317827154775
311,0.7157472968101501,0.032965916206068965,0.5051032453775406,0.009522132116945012
312,0.7157027721405029,0.032874710425891386,0.5050325244665146,0.009361679064664038
313,0.7156504690647125,0.032794504973175154,0.5049428641796112,0.00944776400274754
314,0.7155875265598297,0.03271982075761385,0.5051040202379227,0.00956065433648397
315,0.7155338525772095,0.03265571540102878,0.5051106661558151,0.009890369132384693
316,0.7154859602451324,0.03258933411462413,0.5049064755439758,0.010082959156655222
317,0.7154394090175629,0.032506051941966596,0.5048371106386185,0.010085298306747578
318,0.7153859734535217,0.032426773719917604,0.5048443824052811,0.010033710564170243
319,0.7153325974941254,0.03233982477143963,0.5048706233501434,0.009847821888812945
320,0.7152781188488007,0.03224743887950375,0.5048967450857162,0.009662860444122887
321,0.715227872133255,0.03216626404927177,0.5048091411590576,0.009585879225317739
322,0.7151722609996796,0.03209503587528836,0.5048164278268814,0.009696282894992025
323,0.7151233851909637,0.03202701086179178,0.50478595495224,0.00959295989586757
324,0.7150680720806122,0.03195300099580665,0.5048496127128601,0.0095698634228836
325,0.7150222063064575,0.031885439597643686,0.5045941919088364,0.009626445567009475
326,0.714974582195282,0.031807720808989595,0.5045271068811417,0.00947113443024683
327,0.7149209976196289,0.0317249443985142,0.504572257399559,0.00926372978872472
328,0.7148745059967041,0.031660038251807424,0.5043565481901169,0.009373311594853044
329,0.7148212194442749,0.03158628126691336,0.5043833702802658,0.009351058058839292
330,0.7147743403911591,0.031513577953232064,0.5041506141424179,0.009486096561468198
331,0.7147217690944672,0.031443024128824826,0.5041962414979935,0.009646633907446193
332,0.7146643400192261,0.03136821347271799,0.5043338686227798,0.009519519012337337
333,0.7146148085594177,0.03129521513109712,0.5042684823274612,0.009627246357131181
334,0.7145637571811676,0.0312200673002022,0.5042951554059982,0.009500763664749988
335,0.7145208716392517,0.031140451903365122,0.5041386038064957,0.009426711651916348
336,0.7144715487957001,0.031067242827501697,0.5041289180517197,0.009352996813870794
337,0.7144308686256409,0.030988301780240795,0.5038276314735413,0.009228052481460249
338,0.7143825590610504,0.030910119376253084,0.5038732886314392,0.009180848011128047
339,0.7143332064151764,0.030831810531719843,0.5039005875587463,0.00900560141501975
340,0.7142806649208069,0.030764754895739013,0.5039277225732803,0.009035926072523338
341,0.7142348289489746,0.030692768078482403,0.5038464367389679,0.008912920495144293
342,0.7141898572444916,0.030614079912312565,0.5037654936313629,0.008790441753371635
343,0.7141388058662415,0.030537667675962315,0.5037388652563095,0.008592246198249156
344,0.714091420173645,0.03047478457798406,0.5037482231855392,0.008597893875949615
345,0.7140446305274963,0.03040734962036663,0.5035964995622635,0.008578211297695029
346,0.7139986455440521,0.030333466194927033,0.5035347044467926,0.00848285405293913
347,0.713951826095581,0.030267253495916416,0.5035800635814667,0.008539077948852664
348,0.7139005064964294,0.030198216958055572,0.5036607980728149,0.008494528729976648
349,0.713853269815445,0.030132088552741982,0.5036170333623886,0.008575556046238842
350,0.7138074338436127,0.030066086587973922,0.503644198179245,0.00870623235004687
351,0.7137580215930939,0.030003962133268863,0.5038124769926071,0.008686570845216537
352,0.7137062549591064,0.029942722762382534,0.5039623826742172,0.008791516498008663
353,0.7136599719524384,0.02987136814785359,0.5040413439273834,0.008796595193254226
354,0.7136099636554718,0.0298114353292711,0.5041374564170837,0.008925606696546073
355,0.7135738134384155,0.029728448184553148,0.5039532631635666,0.008806689363472585
356,0.7135407030582428,0.02965363752844631,0.5036651641130447,0.008638902759550716
357,0.7134972810745239,0.02958944787816422,0.5035699307918549,0.00879204333361505
358,0.7134531736373901,0.02952100139618253,0.5034925043582916,0.0088707736466334
359,0.7134117782115936,0.029457570389173633,0.5034500807523727,0.00904726357477277
360,0.7133720517158508,0.02938672153682682,0.5033559203147888,0.009002735429321009
361,0.7133225500583649,0.029331298431034995,0.5034002959728241,0.009251359688686773
362,0.7132753729820251,0.029270986290815905,0.5034444630146027,0.009255321492446797
363,0.7132268249988556,0.029197524333861417,0.5035400241613388,0.009089157542192597
364,0.7131899297237396,0.02912553751660481,0.5033950656652451,0.009020711060210905
365,0.7131548225879669,0.02905245488128692,0.503319188952446,0.00880736371304876
366,0.713119775056839,0.028980636651424356,0.5031241625547409,0.008619135887599107
367,0.7130727469921112,0.02892331693744954,0.5032025128602982,0.008768967934055336
368,0.7130293548107147,0.028854364693285717,0.5032125264406204,0.00867776215387776
369,0.7129813432693481,0.028798604412705806,0.5033412575721741,0.008850838187287746
370,0.7129359543323517,0.028733487531756474,0.5034017115831375,0.00868804598491442
371,0.7128959894180298,0.028669045000383316,0.5033099055290222,0.008454320636497255
372,0.7128605544567108,0.0286113459647719,0.503167986869812,0.008340777026608907
373,0.7128180265426636,0.028549095069521312,0.5032788664102554,0.008251488928038578
374,0.7127728760242462,0.028491396033909898,0.5033556967973709,0.008304931131950391
375,0.7127363085746765,0.02843386558569253,0.5032815635204315,0.008381870203907028
376,0.7126960456371307,0.02837608225638409,0.5032578259706497,0.008340334484699542
377,0.7126575708389282,0.028318214633378636,0.5031175017356873,0.008511134588289941
378,0.7126250565052032,0.0282623700591017,0.502877950668335,0.008775311034756225
379,0.712595671415329,0.028199318373729403,0.502656027674675,0.008780136848910722
380,0.7125539779663086,0.028132684206233678,0.502782940864563,0.008667836571053444
381,0.7125100195407867,0.02808569047014403,0.502628281712532,0.008953402543139007
382,0.7124752998352051,0.02802563121101601,0.5025237500667572,0.00898111409603492
383,0.7124343514442444,0.027964096812190104,0.502501979470253,0.008892373906495233
384,0.7123927175998688,0.02790976952445956,0.5024638622999191,0.008966594506722917
385,0.7123400270938873,0.027858097488185206,0.5026717782020569,0.008970956705543794
386,0.7123003602027893,0.027798712578633356,0.5026662051677704,0.008905924118291485
387,0.7122603952884674,0.027729802481318042,0.5026442855596542,0.008771876066602586
388,0.7122191488742828,0.027678130445043688,0.5026225000619888,0.008776638660484318
389,0.7121784389019012,0.027628987219679983,0.5025845170021057,0.008850332425105616
390,0.6950094699859619,0.0006016884093415232,0.4921875,0.011048543456039806
391,0.6935646235942841,0.002376702934377825,0.515625,0.04419417382415922
392,0.6914931535720825,0.0005949449135797801,0.5338541567325592,0.0036828337697304312
393,0.6927964091300964,0.0017262506213091978,0.5234375,0.02209708691207961
394,0.6930255591869354,0.0015740583513363595,0.518750011920929,0.017677652670924283
395,0.6947816014289856,0.0017565120585400196,0.5000000149011612,0.025779941755234296
396,0.6945280432701111,0.0027521049140643585,0.5055803656578064,0.03314563036811941
397,0.6943437159061432,0.0020544481306635294,0.5068359375,0.029002426572104487
398,0.694391667842865,0.0008057634498312721,0.5078125,0.015958988482347048
399,0.6945054531097412,0.00033532032675267294,0.5039062350988388,0.0077339677751733105
400,0.6942687630653381,0.0010652194492643359,0.49982045590877533,0.000197479058697794
401,0.6942610144615173,0.0010357166553067098,0.4998408108949661,0.0005064997519796691
402,0.694261759519577,0.0010458740457978354,0.49982137978076935,0.0003087467387665542
403,0.6942594051361084,0.0010600775337460068,0.49996039271354675,0.0
404,0.6942651271820068,0.001066315267325619,0.4999210089445114,5.586564770119004e-05
405,0.694263368844986,0.0010749553712703522,0.4999212175607681,0.0002228514615013522
406,0.6942569613456726,0.0010642079249000742,0.5000196546316147,8.338753977880384e-05
407,0.6942582726478577,0.0010599089463519632,0.4997844099998474,8.315573211199393e-05
408,0.6942559778690338,0.001053544772226818,0.49982404708862305,8.294499786943946e-05
409,0.6942434906959534,0.0010498779964063702,0.49990248680114746,0.00019303256617989465
410,0.6942428648471832,0.0010481499756174236,0.4998832792043686,5.502271073097216e-05
411,0.6942445039749146,0.0010486978846480652,0.49974775314331055,2.7437598380592016e-05
412,0.6942605078220367,0.0010656830645979557,0.4995161145925522,8.212313432347702e-05
413,0.6942621469497681,0.0010664838547196627,0.49947868287563324,2.7290084410803886e-05
414,0.6942603290081024,0.0010636600158694326,0.4994029253721237,8.170166583836808e-05
415,0.6942640841007233,0.0010501730243459466,0.4993083328008652,0.0002716996589254784
416,0.6942604184150696,0.0010479392413748692,0.4992716908454895,0.0002168455355885498
417,0.6942548751831055,0.0010467591296165642,0.4993308335542679,0.00018926042323816965
418,0.6942456960678101,0.0010438088502208016,0.49950411915779114,0.0001618438982818331
419,0.6942450404167175,0.0010425444447654747,0.4995243549346924,2.6889689349950393e-05
420,0.6942443549633026,0.001034494396699894,0.4994306117296219,0.00010736909658150254
421,0.6942349076271057,0.001026950110816444,0.49962131679058075,5.354757103309087e-05
422,0.6942377686500549,0.0010212181394189624,0.49939557909965515,0.00010684226097511637
423,0.6942290663719177,0.001014221762566154,0.49960431456565857,0.00013322618814293603
424,0.6942222118377686,0.0010149804058393502,0.4996992349624634,0.0
425,0.6942156851291656,0.0010079418821380309,0.4996999651193619,0.00010606254427766484
426,0.694221019744873,0.0010172563356589384,0.49964456260204315,2.6447147440586005e-05
427,0.6942183673381805,0.00101544402117297,0.4996640831232071,0.0001055567820955341
428,0.6942117810249329,0.0010040222252265176,0.4997021108865738,0.0003159538498619171
429,0.694212406873703,0.0010091219938963359,0.49968424439430237,0.0001313295799599458
430,0.6942073106765747,0.0010043594000146048,0.4997405856847763,0.00026204803061648365
431,0.6942027807235718,0.0009953399744332735,0.4998151510953903,0.0004182863980463678
432,0.6942099630832672,0.001003052847710767,0.4997233748435974,0.0004433848463346052
433,0.6942091286182404,0.001003052847710767,0.49983441829681396,0.000494382533032787
434,0.6942150890827179,0.0010004397431030915,0.49959617853164673,0.0005710897973226142
435,0.6942138969898224,0.0010103021056546409,0.49956050515174866,0.0003625471908907105
436,0.6942156255245209,0.0010040643720750286,0.49947018921375275,0.0005425774543049943
437,0.6942133009433746,0.0009994282187388301,0.4994896501302719,0.0005155191775610004
438,0.6942108273506165,0.0010071410920163238,0.4994726628065109,0.00023144941859757457
439,0.6942263245582581,0.0010140531751721103,0.49914731085300446,0.0001796087949291749
440,0.6942175626754761,0.0010084897911686725,0.4992035925388336,0.00025595781100665947
441,0.6942176520824432,0.0010093748749874013,0.49909707903862,0.0001532459411856107
442,0.6942168474197388,0.0010072253857133456,0.49908114969730377,2.547776992483544e-05
443,0.6942158341407776,0.0010100070777150647,0.49904730916023254,0.0002287730937171328
444,0.6942135095596313,0.0010090798470478249,0.49897776544094086,0.00027899106371786304
445,0.694210559129715,0.0010153597274759482,0.4989801049232483,0.00037957451768911167
446,0.6942116320133209,0.0010304482992428482,0.4990359842777252,0.0005049192451605105
447,0.6942101716995239,0.0010244212999057903,0.4989491254091263,0.00047859853826545716
448,0.6942088007926941,0.0010198694402666138,0.4990048408508301,0.00045236212506742564
449,0.6942059099674225,0.0010212602862674732,0.49907802045345306,0.0005516390267348365
450,0.6942137181758881,0.0010074361199559,0.4990447163581848,0.000500367385521334
451,0.6942248940467834,0.001005033749590779,0.4990115761756897,0.0004992294206115399
452,0.6942354738712311,0.0009949606527966755,0.4989609718322754,0.0004731826682318073
453,0.6942427754402161,0.0009723277951463253,0.4988403022289276,0.00029818895321457526
454,0.6942552328109741,0.0009542889439836627,0.4987201988697052,7.438918762172796e-05
455,0.6942587196826935,0.0009614117613820038,0.4986530989408493,0.0002721211274105873
456,0.6942606866359711,0.0009546682656202607,0.4985339343547821,0.00014810402566728162
457,0.6942574679851532,0.0009526452168917378,0.49853719770908356,0.00019701544336417416
458,0.6942574679851532,0.0009394954001563389,0.4985925853252411,0.0001228580634092561
459,0.6942567229270935,0.0009408019524601766,0.4985436946153641,4.9037858242425206e-05
460,0.6942560970783234,0.0009395796938533607,0.49849502742290497,2.4466245560573987e-05
461,0.6942566335201263,0.0009405069245206003,0.49841204285621643,0.00034172664772632883
462,0.6942508220672607,0.0009287479537860609,0.49850164353847504,7.306156189363481e-05
463,0.6942490935325623,0.0009332155197282157,0.4985221326351166,0.0002916140448468758
464,0.6942491233348846,0.0009365451207605762,0.4984053522348404,0.0005092392971328771
465,0.6942441463470459,0.000937430204579305,0.498562827706337,0.0007742586805693788
466,0.6942394077777863,0.0009297173313018114,0.49868546426296234,0.0006518642324937425
467,0.694240927696228,0.0009332998134252374,0.4986542761325836,0.0006986261609165795
468,0.6942364573478699,0.000926303436572429,0.49882717430591583,0.0006490403936435127
469,0.6942339837551117,0.000919939262447284,0.4988127499818802,0.0006236258439914435
470,0.6942307353019714,0.000912394976563834,0.49886609613895416,0.0004547434220082912
471,0.6942295730113983,0.0009161460460813035,0.4989023357629776,0.0006448257087924232
472,0.6942302882671356,0.0009150502280200203,0.49880358576774597,0.0006434137893673083
473,0.6942303478717804,0.0009180848011128047,0.498772531747818,0.0007371483804555366
474,0.694226861000061,0.0009102033404412675,0.4987248331308365,0.0006643818465014781
475,0.694231241941452,0.0009147973469289549,0.49861036241054535,0.0006866353825152301
476,0.6942311525344849,0.0009130693261400083,0.4985966235399246,0.0006615580076512481
477,0.6942314207553864,0.000913195766685541,0.4984996020793915,0.0006601460882261332
478,0.6942319869995117,0.0009145866126864005,0.49848614633083344,0.000541102314607113
479,0.6942306160926819,0.0009021111455271759,0.4983897805213928,0.00025823374082624775
480,0.6942305564880371,0.0009164410740208799,0.4983269274234772,0.0005856726069073835
481,0.6942300498485565,0.0009156402838991728,0.4983304738998413,0.0005376673464534752
482,0.6942329704761505,0.0009196020876591969,0.4982845038175583,0.00069982734609914
483,0.694227397441864,0.0009153452559595965,0.4984033405780792,0.00044228902827332195
484,0.6942252218723297,0.0009181690948098265,0.49842311441898346,0.0005110516116188456
485,0.6942259967327118,0.0009183376822038701,0.49829530715942383,0.0005563384003438013
486,0.6942224502563477,0.0009176211857791849,0.49836429953575134,0.0005551582885854961
487,0.6942188739776611,0.0009225102202064485,0.4984983056783676,0.0006463429953388154
488,0.6942093968391418,0.0009258819680873201,0.49874576926231384,0.0006680275488976704
489,0.6942078173160553,0.0009177476263247176,0.4987158626317978,0.0005746933528702955
490,0.6941964030265808,0.000917958360567272,0.4989618510007858,0.0005964411267019169
491,0.694198876619339,0.0009167361019604561,0.498915433883667,0.0006180835334122609
492,0.6941902041435242,0.0009176211857791849,0.49901460111141205,0.0006168402013811896
493,0.6942051351070404,0.0009103297809868002,0.4986781030893326,0.0007295408742993202
494,0.6942059993743896,0.000902869788800372,0.49864864349365234,0.000682526064785418
495,0.6942017078399658,0.0009026169077093066,0.49879591166973114,0.0007038312967076748
496,0.6942049860954285,0.0008953676497654329,0.4988304376602173,0.0005664536439864158
497,0.6942038536071777,0.0008880340981245373,0.4988168329000473,0.0004069910426454482
498,0.6942040622234344,0.0008926281046122247,0.49875542521476746,0.0006318234060268124
499,0.694215714931488,0.000864263275564393,0.49859873950481415,0.00040534731555352333
500,0.6990901529788971,0.003377943467602624,0.5053263455629349,0.00787115576707627
501,0.6990770101547241,0.0033657630283829756,0.5053326934576035,0.007822981919228318
502,0.6990625858306885,0.0033602839380765595,0.5052794516086578,0.00769083047572241
503,0.6990490853786469,0.0033577129803173946,0.5053254514932632,0.007979304580355225
504,0.6990344226360321,0.003358471623590591,0.5054304748773575,0.008182536683874756
505,0.6990142464637756,0.0033523603305565114,0.5054955929517746,0.008161926874952928
506,0.6989948749542236,0.003334152891999805,0.5056585967540741,0.007946914727274603
507,0.6989797651767731,0.0033259342565401806,0.5057815909385681,0.00789924664160878
508,0.6989720165729523,0.003311604328046477,0.5057084858417511,0.007796534771787733
509,0.698967456817627,0.0032911631065186933,0.5055382251739502,0.007721892703074939
510,0.6989468634128571,0.003278814079905001,0.5056411325931549,0.007482625044078594
511,0.6989369690418243,0.0032684459551713214,0.5057047605514526,0.0074640382838852895
512,0.6989268064498901,0.0032604802008027625,0.5056712627410889,0.007527680025136739
513,0.6989060044288635,0.0032619974873491545,0.5056765377521515,0.007700187076091829
514,0.6988888084888458,0.003254958963647835,0.5057781040668488,0.007517775515736679
515,0.6988736093044281,0.0032456023632784167,0.5058599710464478,0.007472130478799381
516,0.6988668143749237,0.003230766672602582,0.5057689547538757,0.007345352758478612
517,0.698857992887497,0.003213402171016094,0.5058504045009613,0.007354414330908454
518,0.6988510489463806,0.003199873032644097,0.5057216882705688,0.007228605988103436
519,0.6988423764705658,0.003186596775363165,0.5057648420333862,0.007184098916075931
520,0.6988307237625122,0.0031884090898491335,0.5055230855941772,0.007327651082104036
521,0.6988236606121063,0.003169822329655829,0.5054150223731995,0.00717600672116184
522,0.6988103687763214,0.003159538498619171,0.5055341422557831,0.007078521060556142
523,0.6987919807434082,0.003158316240012355,0.5056715309619904,0.007274672493525843
524,0.6987791955471039,0.003151699184796145,0.5056766867637634,0.0072837340659556845
525,0.6987647712230682,0.003146388681883772,0.5056630671024323,0.007319263859250368
526,0.6987518668174744,0.003135219767028385,0.5056869089603424,0.00714300573877781
527,0.6987347602844238,0.003135219767028385,0.5056920051574707,0.007205172340331379
528,0.6987206339836121,0.0031319323128445355,0.5057715177536011,0.00742492600846718
529,0.6987128257751465,0.0031235029431423565,0.5056091845035553,0.007354751505696542
530,0.698701798915863,0.0031188667898061585,0.5055588483810425,0.007442121922659624
531,0.6986873149871826,0.0031084986650724783,0.5056565999984741,0.0072676339698245235
532,0.6986695230007172,0.0030985098619753966,0.5059014558792114,0.007146166752416127
533,0.6986510455608368,0.0031008700854920066,0.506016343832016,0.007363518050186807
534,0.6986339092254639,0.0030964446663983626,0.5061306655406952,0.00732027538361463
535,0.6986269950866699,0.0030872566534229876,0.5058233141899109,0.007303121616270696
536,0.6986162960529327,0.0030690070680177706,0.505791425704956,0.007105200015663538
537,0.6985916197299957,0.0030739803961420563,0.5059419572353363,0.007114345881790401
538,0.6985746920108795,0.0030591447054662217,0.5060735940933228,0.006943524704775749
539,0.6985634863376617,0.003047933643762324,0.5061139166355133,0.007004342607176969
540,0.6985428035259247,0.0030419487912737766,0.5062264800071716,0.0070137413543948975
541,0.6985337138175964,0.00302749242223454,0.5062120854854584,0.006895350856927797
542,0.6985208094120026,0.0030185151435017194,0.5061797201633453,0.00690496033838828
543,0.698512613773346,0.003003384424886309,0.5061655044555664,0.0066856702855860985
544,0.6985018253326416,0.0029858513359057766,0.5061692893505096,0.006644998576773086
545,0.6984802186489105,0.0029941542650624227,0.5061730742454529,0.00680688462190343
546,0.6984608471393585,0.002992552684819009,0.506355345249176,0.006816578397060936
547,0.6984415352344513,0.0029896024054232462,0.50642991065979,0.006775864541399412
548,0.6984334886074066,0.002992552684819009,0.5065041184425354,0.007087161164500875
549,0.6984136402606964,0.002980920154630002,0.5066134631633759,0.006995828943777768
550,0.6984091401100159,0.002978686371658925,0.5064746737480164,0.007155101884300436
551,0.6984119713306427,0.002947539850609374,0.5063541531562805,0.00683942198895384
552,0.6984163820743561,0.0029398691241803916,0.5061989426612854,0.006923631392278606
553,0.6983980238437653,0.0029395319493923044,0.5063431262969971,0.006982636980193858
554,0.6983905136585236,0.002942397935091045,0.5062763094902039,0.007041305393321022
555,0.6983898878097534,0.0029195121963496297,0.5061223208904266,0.0068276630182193005
556,0.6983766555786133,0.0029119257636176688,0.5061435401439667,0.006812405859058357
557,0.6983693242073059,0.0028928753880907445,0.506182074546814,0.006624810236336367
558,0.6983507871627808,0.002899113121670357,0.5062204599380493,0.006782102274979024
559,0.6983408033847809,0.002895446345849909,0.5062413215637207,0.006865131566545485
560,0.6983302533626556,0.002891821716877972,0.506210207939148,0.006923294217490519
561,0.6983169317245483,0.0028771124667476703,0.5062137544155121,0.0067371315876179
562,0.6983082294464111,0.0028697789151067746,0.5061483681201935,0.006697935018502768
563,0.6982983350753784,0.0028571348605535064,0.5062036216259003,0.006585992988857834
564,0.6982845366001129,0.0028479889944266422,0.5063271522521973,0.006426045698758992
565,0.6982713639736176,0.002833827653326982,0.5064501762390137,0.006363584069265846
566,0.6982620656490326,0.0028276742134443916,0.5064360797405243,0.0062048168909253085
567,0.698247104883194,0.0028192448437422126,0.5064902007579803,0.006239461600401263
568,0.6982327401638031,0.002816210270649428,0.5065100789070129,0.0063220272766341045
569,0.6982221305370331,0.0028116584110102517,0.506529837846756,0.006404255778078859
570,0.6982100009918213,0.0027918915390586422,0.5065326392650604,0.006079219282362844
571,0.6981900334358215,0.002780849064748788,0.5067042708396912,0.005898957211281751
572,0.698173999786377,0.00277621291141259,0.5068583190441132,0.00588618671618295
573,0.698168158531189,0.0027833778756594417,0.5067426562309265,0.0060637513889593465
574,0.6981658339500427,0.0027875082668135094,0.5066107511520386,0.006169371391327646
575,0.6981483101844788,0.002790037077724163,0.5067137479782104,0.006227196867484593
576,0.6981392204761505,0.0027974970699105916,0.5067662298679352,0.006308413844565086
577,0.6981347501277924,0.0028101411244638597,0.5067351162433624,0.006459973911810261
578,0.6981289088726044,0.0028157045084672974,0.5066209733486176,0.006493269922133867
579,0.6981160044670105,0.00280166960791317,0.5067065060138702,0.006432494166581158
580,0.6981084048748016,0.002795726902273134,0.5066425800323486,0.006442314382284197
581,0.6980816423892975,0.002794378203120785,0.5068599581718445,0.006475441805213759
582,0.6980742812156677,0.002795347580636536,0.506911426782608,0.006648370324653957
583,0.6980535686016083,0.0028078651946442713,0.5070944130420685,0.006960257003634573
584,0.6980447471141815,0.0028053363837336177,0.5069809257984161,0.006852698246234771
585,0.6980202496051788,0.0028081180757353365,0.5071302056312561,0.006791964637530574
586,0.6980018615722656,0.002811531970464719,0.5071643590927124,0.006754622529749921
587,0.6979824006557465,0.0028196663122273214,0.5073289275169373,0.006948245151808969
588,0.6979705393314362,0.0028221108294409535,0.5074439644813538,0.006979855288192139
589,0.6979507207870483,0.0028225744447745735,0.5075259804725647,0.0070112968371812655
590,0.6979479491710663,0.002810731180343012,0.5074617266654968,0.00711143774924315
591,0.6979741752147675,0.0027506297743664773,0.5074300467967987,0.0070280291360400905
592,0.6979721188545227,0.0027349932935689355,0.507414698600769,0.007013488473303832
593,0.6979661583900452,0.002713666988222423,0.5074155330657959,0.00683942198895384
594,0.6979470252990723,0.0027195675470139485,0.5074324309825897,0.006916339987486222
595,0.6979396045207977,0.002706628464521104,0.5074813663959503,0.006811310040997074
596,0.6979307234287262,0.002706628464521104,0.5074339807033539,0.006842667296289179
597,0.697920024394989,0.002703383157185765,0.5073868036270142,0.00696434524794013
598,0.6979122459888458,0.002691034130572073,0.5074355602264404,0.006814723935726456
599,0.6978952586650848,0.0026852178654775695,0.5076592266559601,0.006643228409135628
600,0.6947717666625977,8.935131884309534e-06,0.5089371204376221,0.0034982727201012262
601,0.6947768032550812,2.069410261884897e-05,0.5088745653629303,0.003601911820589515
602,0.6947759091854095,1.3613432069018772e-05,0.5088917315006256,0.0035928081013111616
603,0.6947760581970215,9.356600369418474e-06,0.508789986371994,0.003639675396855276
604,0.6947651505470276,1.3571285220507878e-05,0.5088467597961426,0.0034629536610490974
605,0.694766491651535,6.3641741251449985e-06,0.5087259709835052,0.0033706099159617284
606,0.6947720050811768,1.264405455326821e-05,0.5085861384868622,0.0035844630253060047
607,0.694775253534317,3.8353632144913565e-06,0.5084078311920166,0.0035200204939328478
608,0.6947712600231171,1.0536712127723508e-06,0.5084063112735748,0.0033176734742320457
609,0.6947653293609619,2.3602235166100658e-06,0.5084633529186249,0.0035300092970299295
610,0.694774329662323,3.2031604868279464e-06,0.5082866549491882,0.0034111973310777194
611,0.6947859823703766,1.808099801117354e-05,0.508072018623352,0.003622268748420277
612,0.6947823762893677,2.3686528863122447e-05,0.5080713629722595,0.0036406447743710267
613,0.6947756111621857,2.3812969408655127e-05,0.5081479847431183,0.0036043563378031465
614,0.6947751343250275,3.81428979023591e-05,0.508031576871872,0.0037316398203060468
615,0.694775402545929,4.349554766324264e-05,0.5079349875450134,0.0036681245196001295
616,0.6947732269763947,4.598221172538539e-05,0.5078005194664001,0.0037133059412038077
617,0.694776862859726,3.2663807595942874e-05,0.5076667070388794,0.0034338723355765806
618,0.6947654187679291,3.367533196020433e-05,0.5076861381530762,0.0036951827963441234
619,0.6947596967220306,3.418109414233506e-05,0.5077435374259949,0.0037400270431597145
620,0.6947492957115173,4.7541645120288466e-05,0.5077816545963287,0.003918856121391438
621,0.6947485208511353,3.9280862812153236e-05,0.5076870620250702,0.0038021936447132833
622,0.6947458386421204,4.80474073024192e-05,0.5075362622737885,0.0038731689376056287
623,0.6947395205497742,5.0323337122007474e-05,0.507518082857132,0.0038105387207184403
624,0.6949614584445953,0.0002712149701676031,0.5074060261249542,0.0035621251955952307
625,0.6949526071548462,0.0002742073964118766,0.5075007379055023,0.0033944650322188944
626,0.6949440240859985,0.0002691497745905693,0.507595032453537,0.003386288543607781
627,0.6949326992034912,0.000260130349009238,0.5075768828392029,0.003589394206581779
628,0.6949324607849121,0.0002563371326432575,0.5074471235275269,0.003686163370762792
629,0.6949313580989838,0.0002619426634952064,0.5074294209480286,0.0035722825860863565
630,0.694927304983139,0.000270456326894407,0.5074673891067505,0.003432776517515297
631,0.6949351727962494,0.000277621291141259,0.5072648525238037,0.003372422230447697
632,0.6949336528778076,0.00027344875313868046,0.5071555078029633,0.003442681026915357
633,0.6949330866336823,0.00026818039707481874,0.5070650577545166,0.003538649400974663
634,0.6949343979358673,0.0002702877395003634,0.507011741399765,0.003426496637087174
635,0.6949332058429718,0.00027854852180849864,0.506885439157486,0.0033666481122017044
636,0.6949348151683807,0.00028293179405363165,0.506851077079773,0.0033329727802415
637,0.69493567943573,0.00028238388502299,0.506707489490509,0.003505606271742122
638,0.6949354410171509,0.00028583992660088334,0.5066373348236084,0.0034203010503560723
639,0.6949329078197479,0.00029456432424263836,0.5066400468349457,0.003181454859844836
640,0.6949306726455688,0.0002918247790894303,0.5064798891544342,0.0032252875822961656
641,0.6949308216571808,0.00029228839442305013,0.5063204169273376,0.003166745609714534
642,0.6949273645877838,0.00029692454775924845,0.5063779056072235,0.0031594542049221495
643,0.6949219107627869,0.00030337301558141524,0.50645312666893,0.0030759191511735575
644,0.6949167251586914,0.00029991697400352194,0.506420373916626,0.003246403153400124
645,0.6949107050895691,0.00028777868163238447,0.5064414441585541,0.0034414166214600302
646,0.6949073076248169,0.000286767157268123,0.5064446032047272,0.003610256896594672
647,0.6949032545089722,0.0002880315627234498,0.5064477026462555,0.0035768765925740438
648,0.6948993802070618,0.00028508128332768723,0.5063797235488892,0.003493299391976941
649,0.6948969960212708,0.0002860928076919487,0.506294310092926,0.003435221034728929
650,0.6948931217193604,0.0002845755211455565,0.506297767162323,0.0034024307865874533
651,0.694895476102829,0.0002772841163531718,0.5062658786773682,0.0034696128631138187
652,0.6948976516723633,0.00027943360562722745,0.5061108767986298,0.003461815696139303
653,0.6948984563350677,0.000282004563386392,0.5060092806816101,0.003379502900997527
654,0.6948896944522858,0.0002733223125931478,0.5060834586620331,0.0034958703497361054
655,0.694884330034256,0.00026034108325179243,0.5060873031616211,0.0037106928365961325
656,0.694881796836853,0.0002689811871965257,0.5060213804244995,0.0036283378946058453
657,0.6948800384998322,0.00027298513780506066,0.5060601830482483,0.0034970926083429214
658,0.6948813498020172,0.0002803186894459562,0.5061335861682892,0.0032190498487165535
659,0.6948865652084351,0.0002853341644187526,0.5059812664985657,0.0031138091679848512
660,0.6948806941509247,0.00028343755623576236,0.5060199499130249,0.003278181877177338
661,0.6948814988136292,0.000272437228774419,0.5059030652046204,0.00341735077096031
662,0.6948753893375397,0.0002726479630169735,0.5059244930744171,0.003409890778773882
663,0.6948705017566681,0.00027214220083484275,0.5059973895549774,0.003329474591815096
664,0.6948624551296234,0.00026759034119566623,0.5061728358268738,0.0034918663991275706
665,0.6948598325252533,0.0002691076277420584,0.5061422288417816,0.0034600455285018457
666,0.6948571503162384,0.0002707092079854724,0.5060946345329285,0.0034525012426183956
667,0.6948608458042145,0.0002627013067684025,0.5059280395507812,0.0037099341933229365
668,0.6948539316654205,0.00025949814628157457,0.5060001611709595,0.0037739974030594954
669,0.69485142827034,0.00025823374082624775,0.5059362053871155,0.003645870983586377
670,0.6948481798171997,0.00025406120282366924,0.5058556795120239,0.0037337050158830804
671,0.6948464810848236,0.00024828708457767676,0.5057754814624786,0.003964459011480226
672,0.6948424279689789,0.00024811849718363316,0.5058135688304901,0.003932090231823859
673,0.6948425769805908,0.0002466433574857519,0.5056497156620026,0.004042514974922401
674,0.6948432326316833,0.0002515323919130156,0.5056039988994598,0.004081290075552423
675,0.6948485672473907,0.0002578965660381606,0.5053409039974213,0.003906802122717322
676,0.6948393285274506,0.0002506473080942868,0.505362868309021,0.004087485662283525
677,0.6948380768299103,0.0002501415459121561,0.5053514242172241,0.004078719117793259
678,0.6948317885398865,0.0002465590637887301,0.5054564774036407,0.004046561072379447
679,0.6948341429233551,0.00024980437112406893,0.5053286850452423,0.0040144451738141455
680,0.694834291934967,0.00023737105081335518,0.5052676796913147,0.00412305760242672
681,0.6948296129703522,0.00023033252711203588,0.505173921585083,0.0041377247057085105
682,0.6948309540748596,0.000235853764266963,0.5050640106201172,0.003989030624162076
683,0.6948249042034149,0.00023505297414525602,0.5050368905067444,0.003957336194081884
684,0.6948176920413971,0.00022485343680561965,0.5051248371601105,0.004181346693917286
685,0.694815456867218,0.00022624428280647917,0.5051140785217285,0.0041261764692165255
686,0.694813996553421,0.00023041682080905768,0.5050870180130005,0.0040943977454393115
687,0.694809228181839,0.00023741319766186608,0.505109041929245,0.003947347390984802
688,0.6948104798793793,0.00024457816190871806,0.5051146745681763,0.003870007923967312
689,0.6948096454143524,0.00024929860894193817,0.5050715208053589,0.0036780711758487004
690,0.6948045492172241,0.00024824493772916586,0.5050934553146362,0.003624544678239865
691,0.6948029100894928,0.0002471069728193717,0.5049372017383575,0.003685699755429172
692,0.6948031485080719,0.00024457816190871806,0.5048462152481079,0.003746601951527414
693,0.6948001086711884,0.00024702267912234994,0.5049168169498444,0.0038072512665345906
694,0.6947992146015167,0.00023775037244995324,0.5049066841602325,0.004072439237365136
695,0.6947994530200958,0.00023572732372143033,0.5048163533210754,0.004041377010012607
696,0.6947960257530212,0.00023821398778357307,0.504774421453476,0.004078424089853682
697,0.6947987377643585,0.00023859330942017112,0.5046207308769226,0.003956999019293797
698,0.6947959363460541,0.00024306087536232589,0.5045793950557709,0.0037683918722075465
699,0.6947932839393616,0.00024327160960488036,0.5045382380485535,0.003670653330510783
700,0.6976359188556671,0.006816199075424337,0.49630944430828094,0.00516279928176622
701,0.6976237297058105,0.006810087782390258,0.49635863304138184,0.005431042899113805
702,0.6976073682308197,0.0067990874549289145,0.49650683999061584,0.005669889089625042
703,0.6976049244403839,0.0067688260176980925,0.49623851478099823,0.005319543411378235
704,0.6975972652435303,0.006738943902103869,0.49618877470493317,0.004998890187907353
705,0.6975873112678528,0.006719472058091836,0.49621810019016266,0.005014147347068297
706,0.6975769698619843,0.00669894654286703,0.4962669014930725,0.004945974819601926
707,0.6975726187229156,0.006661941609874465,0.49623705446720123,0.004711828002699653
708,0.6975648999214172,0.006655661729446342,0.4962269216775894,0.004838268548232336
709,0.6975441575050354,0.006654313030293993,0.4964313507080078,0.004826193476133965
710,0.697538822889328,0.006639856661254757,0.49632352590560913,0.004979228683077021
711,0.6975314617156982,0.006622028544334649,0.4962162375450134,0.004802211919331266
712,0.6975205540657043,0.006603062462504746,0.4961481988430023,0.004735577751835542
713,0.6975128650665283,0.006578617290368427,0.49600325524806976,0.00466925968570365
714,0.6974979937076569,0.006559609061690014,0.49607087671756744,0.0047394763353228
715,0.6974849998950958,0.006549240936956334,0.4960997551679611,0.0049180103856149475
716,0.6974707543849945,0.0065188952060284905,0.4961859881877899,0.004743332771961547
717,0.6974577903747559,0.0065021629071696655,0.49617619812488556,0.004812811851731756
718,0.6974493563175201,0.006485177727219776,0.496166467666626,0.004935943869656333
719,0.6974374651908875,0.006464315037206883,0.4962518960237503,0.004923910944406472
720,0.6974253952503204,0.0064587095063549345,0.4963369369506836,0.005234048529173886
721,0.6974160373210907,0.006447835619439123,0.4962700754404068,0.005274909898805198
722,0.6974016726016998,0.00643493868379479,0.4962413012981415,0.005262160477130653
723,0.6973920464515686,0.0064179535038448995,0.49619385600090027,0.005222837467469988
724,0.6973822712898254,0.00641517181184318,0.4962593913078308,0.005449503218761576
725,0.697376936674118,0.0063921174857077215,0.49619337916374207,0.005224270460319359
726,0.697373777627945,0.006368599544238643,0.49609024822711945,0.005000112446514169
727,0.6973700225353241,0.006349970637196827,0.49593162536621094,0.0048562020322737215
728,0.6973727941513062,0.006322870213604323,0.4959971755743027,0.004870974502676789
729,0.6973646879196167,0.006309130340989772,0.4959881156682968,0.004885641605958581
730,0.6973523795604706,0.006294421090859469,0.49601615965366364,0.005005085774638454
731,0.6973455846309662,0.006285570252672182,0.49589619040489197,0.005019394629707903
732,0.6973363161087036,0.00627465421890786,0.49594275653362274,0.005059708090308573
733,0.6973280310630798,0.006262010164354592,0.4959707111120224,0.005125836495622166
734,0.6973179876804352,0.0062511784242872915,0.4959801733493805,0.005217653405103148
735,0.6973079741001129,0.006233223866821651,0.4960445463657379,0.0051277120303809005
736,0.6973031759262085,0.006221970658269242,0.49587108194828033,0.005115721251979551
737,0.6972948908805847,0.006206713499108299,0.4959718585014343,0.00512956649171538
738,0.6972792744636536,0.0061937322697669436,0.4961267113685608,0.005117638933586797
739,0.6972705125808716,0.006184544256791568,0.4962082654237747,0.005208360025006496
740,0.6972608864307404,0.006163344391990589,0.4963075667619705,0.005119514468345532
741,0.6972518563270569,0.006152006889741158,0.49637027084827423,0.005235376154901979
742,0.6972423195838928,0.006136749730580215,0.49637866020202637,0.005172345542953937
743,0.6972309052944183,0.00612709810227122,0.496333047747612,0.005440083398119392
744,0.6972257196903229,0.006102315755346814,0.49632352590560913,0.0051993195260009095
745,0.6972193419933319,0.00609784818940466,0.4962603598833084,0.005339225989632822
746,0.6972100138664246,0.0060883651484897085,0.49619750678539276,0.005529013248477378
747,0.6972038447856903,0.006063540654716791,0.4961349368095398,0.005314886184617781
748,0.6971869766712189,0.006066069465627445,0.4961259514093399,0.005227410400533421
749,0.6971758604049683,0.006047988467616272,0.49615249037742615,0.005190468687813622
750,0.6970946490764618,0.006139995037915553,0.49614350497722626,0.005553964182795828
751,0.6970829963684082,0.0061332093953052995,0.4963110685348511,0.005666222313804594
752,0.6972363293170929,0.005881550562846751,0.49638982117176056,0.005404385017430665
753,0.697262704372406,0.005812218997046331,0.49653851985931396,0.00549165006727247
754,0.6972514986991882,0.005783812021149988,0.4967917203903198,0.005330564812263834
755,0.6972404718399048,0.0057665318132605215,0.49686887860298157,0.00536811765428704
756,0.697228342294693,0.005751738269433197,0.4968758821487427,0.005553605934583485
757,0.6972229182720184,0.005739094214879929,0.49681319296360016,0.005639733019515497
758,0.6972166895866394,0.005732561453360741,0.4967333972454071,0.005799195620856464
759,0.6972096562385559,0.005720338867292582,0.4966539591550827,0.005663714576318196
760,0.697194367647171,0.005703016512554604,0.4968343526124954,0.005357602015583572
761,0.6971864998340607,0.005682870318966397,0.49682407081127167,0.005126089376713231
762,0.6971824765205383,0.005671111348231857,0.49669329822063446,0.0049686287506765315
763,0.6971814036369324,0.005639332624454643,0.49666620790958405,0.0046660986720653335
764,0.6971678733825684,0.005627952975356702,0.49679355323314667,0.004825582346830557
765,0.6971619427204132,0.0056268150104469075,0.4968690127134323,0.004960199380974352
766,0.697148472070694,0.005606921697949766,0.496978297829628,0.004707950492636652
767,0.6971423029899597,0.005584878896178569,0.4969678372144699,0.00462538481640381
768,0.6971375048160553,0.005576154498536813,0.4969574362039566,0.0045912880159584965
769,0.6971332728862762,0.005575311561566596,0.4969301223754883,0.004773214887555771
770,0.6971316337585449,0.005564311234105252,0.4967675358057022,0.0046192735233697305
771,0.6971275210380554,0.005562878241255882,0.4967069774866104,0.004704831625846845
772,0.6971141695976257,0.005549559837126439,0.4967309236526489,0.004623172106856988
773,0.6971052885055542,0.005539444593483825,0.49677158892154694,0.004613204377184162
774,0.6970935165882111,0.005527685622749285,0.496895968914032,0.0047219643197665235
775,0.6970897316932678,0.005517865407046247,0.49673518538475037,0.004759179987001643
776,0.6970778107643127,0.0054957804584265385,0.4968925565481186,0.004536370672348802
777,0.6970737874507904,0.005487814704057979,0.4967658072710037,0.004526676897191296
778,0.6970649361610413,0.005469565118652762,0.4969390630722046,0.004470010459368399
779,0.6970581412315369,0.005457511119978647,0.49692894518375397,0.004624836907373168
780,0.6922905743122101,0.00019948103400206144,0.53125,0.0
781,0.6933422982692719,0.0016998245472928672,0.5078125,0.05524271728019903
782,0.6932827234268188,0.0014217817876664993,0.515625,0.02209708691207961
783,0.6930975615978241,0.0010069303577737692,0.509765625,0.013810679320049757
784,0.6935183703899384,5.4411581427564194e-05,0.5125000178813934,0.013258260576617468
785,0.6936092376708984,0.0004797154297509959,0.4973958283662796,0.014731398299194492
786,0.6937819421291351,0.0006206966380199364,0.4955357164144516,0.022097107985503867
787,0.6938242316246033,0.0008935974821279752,0.49609375,0.027621358640099514
788,0.6934697329998016,0.0009858569335183223,0.4991319477558136,0.02332469816865642
789,0.693541944026947,0.0008956205308564982,0.4945312440395355,0.020992207278366523
790,0.6936630606651306,0.0011075348851692735,0.49502842128276825,0.027119157866667954
791,0.6936790347099304,0.0011937673372225625,0.5000000149011612,0.0313042134832542
792,0.6935962736606598,0.0007727624674472421,0.5024038553237915,0.02209708691207961
793,0.6936977803707123,0.0011675941442972973,0.5005580186843872,0.030778073299868453
794,0.6936335265636444,0.0012884713058265414,0.49947915971279144,0.030199333849541113
795,0.6934213042259216,0.0011606399142929998,0.501953125,0.02209708691207961
796,0.6933813691139221,0.0011646017180530239,0.501378670334816,0.02144716143461737
797,0.6934398114681244,0.0011271331697268391,0.5030381977558136,0.02148330235721546
798,0.693864107131958,0.0006106235412258327,0.4987664520740509,0.015700586154126756
799,0.6939282417297363,0.0004443963706988667,0.5015625059604645,0.014363098063482044
800,0.7030328214168549,0.001231741647730878,0.4964890033006668,0.0067144776565432945
801,0.7030065059661865,0.0012222586068159269,0.49645814299583435,0.006753653152234171
802,0.7029824256896973,0.0012236073059682755,0.4964075833559036,0.006539989703708194
803,0.7029589712619781,0.001223396571725721,0.4964562803506851,0.006411441815749966
804,0.7029357850551605,0.0012249981519691351,0.4963665157556534,0.006311469491082126
805,0.7029054760932922,0.0012243659492414717,0.49653325974941254,0.006184143861730715
806,0.7028759121894836,0.0012224271942099705,0.49671879410743713,0.006140753681188749
807,0.7028446793556213,0.001225461767302755,0.4969034194946289,0.005986791243578453
808,0.7028171718120575,0.001224660977181048,0.49687205255031586,0.005916511373686538
809,0.7027917802333832,0.0012249138582721133,0.49687986075878143,0.005956888054559974
810,0.7027638554573059,0.0012136606497197046,0.4969654530286789,0.0062171869909632554
811,0.7027329206466675,0.001200763714075371,0.4970894306898117,0.006366386834691821
812,0.7027105987071991,0.0011922079038276594,0.4970385581254959,0.006487474730463619
813,0.702677458524704,0.0011791423807892823,0.49721963703632355,0.0067717973705181105
814,0.7026599645614624,0.0011752227238777692,0.4971109479665756,0.006864056821908457
815,0.7026452720165253,0.001182514128670154,0.49704118072986603,0.006684131925615451
816,0.7026256918907166,0.001196043267042151,0.49701011180877686,0.006505113186565429
817,0.7026050984859467,0.0012061163638362544,0.4969409555196762,0.006381053937973612
818,0.7025873959064484,0.0012121855100218233,0.49696750938892365,0.006014839971262453
819,0.7025639414787292,0.0012169481039035542,0.49695585668087006,0.005758039223285576
820,0.7025448977947235,0.001230983004457682,0.4968493729829788,0.005529308276416955
821,0.7025293409824371,0.001207465062988603,0.4968002140522003,0.005703353687342691
822,0.7025112509727478,0.001186855254066776,0.4968835115432739,0.0061169407117800945
823,0.7024803757667542,0.0011887097154012552,0.49709828197956085,0.006075531433118141
824,0.7024515867233276,0.0011893840649774296,0.49723683297634125,0.006140648314067472
825,0.7024426460266113,0.0011708394516326361,0.4971121996641159,0.006205470167077227
826,0.7024272978305817,0.0011553715582291381,0.49711911380290985,0.006508084539385447
827,0.702410876750946,0.0011426010631303371,0.4970887005329132,0.006598131281228972
828,0.7023901641368866,0.0011424746225848046,0.4970211684703827,0.0064770855323056835
829,0.7023724615573883,0.0011302520365166452,0.4968796372413635,0.006566731879088355
830,0.7023546397686005,0.001127217463423861,0.4968685060739517,0.006472554746090763
831,0.70233353972435,0.0011214011983293574,0.496783509850502,0.006378820155002535
832,0.7023085057735443,0.0011225813100876625,0.4967541992664337,0.006520243905180839
833,0.7022856771945953,0.0011212326109353138,0.49676184356212616,0.006348769452014267
834,0.7022645473480225,0.0011184930657821058,0.49669604003429413,0.006281924550275989
835,0.7022471129894257,0.0011241828903310765,0.49666714668273926,0.00595644551265061
836,0.7022272646427155,0.001121148317238292,0.49667495489120483,0.006097553161465083
837,0.7022057175636292,0.0011234663939063913,0.4966462552547455,0.006031761930939577
838,0.702184796333313,0.0011227077506331953,0.49685409665107727,0.005940556150762003
839,0.7021684944629669,0.0011123817727480261,0.49666181206703186,0.00610636185280386
840,0.7021483480930328,0.0011106958988075905,0.4965609759092331,0.005989846890095493
841,0.7021318674087524,0.0010963238234653755,0.496442511677742,0.006154767508318622
842,0.7021223604679108,0.0010865036077623371,0.49628855288028717,0.006216976256720701
843,0.7021085321903229,0.0010734380847239602,0.4961532950401306,0.006507726291173104
844,0.7020932137966156,0.0010690548124788271,0.496018648147583,0.006442061501193131
845,0.7020744681358337,0.0010663995610226409,0.49600987136363983,0.00645261928674511
846,0.7020589113235474,0.00106589379884051,0.4959297329187393,0.006412621927508272
847,0.7020305693149567,0.0010608783238677136,0.4959924519062042,0.006272083261148695
848,0.7020148038864136,0.0010698556026005341,0.49591271579265594,0.0059310941832713075
849,0.7019948065280914,0.0010692233998728707,0.49590425193309784,0.00589257196373235
850,0.7019753158092499,0.0010600353868974958,0.49578970670700073,0.006004324332558986
851,0.7019576728343964,0.001051943191983404,0.4958168715238571,0.006265318691962697
852,0.7019365727901459,0.0010489929125876416,0.49594955146312714,0.006126655560361856
853,0.7019233405590057,0.00104326094119016,0.49583569169044495,0.006286834658127508
854,0.7019031643867493,0.0010406899834309955,0.49577490985393524,0.006272736537300614
855,0.7018769383430481,0.001032513494819882,0.49594177305698395,0.00633288009012566
856,0.7018597722053528,0.0010284673973628361,0.4958810359239578,0.006318718749025999
857,0.7018393576145172,0.0010215974610555604,0.49590764939785004,0.006329297608002234
858,0.7018219530582428,0.001021344579964495,0.49588197469711304,0.006364342712539043
859,0.7018037438392639,0.001019363678084483,0.4958737790584564,0.006325694052454553
860,0.7017845809459686,0.0010147696715967955,0.49588292837142944,0.0063606337898700835
861,0.7017678618431091,0.0010187736222053306,0.49578844010829926,0.006053657218740987
862,0.70174840092659,0.0010146853778997737,0.49576330184936523,0.006040317741187289
863,0.70173180103302,0.0010154861680214807,0.49568669497966766,0.005954106362558255
864,0.7017102539539337,0.001008616231714205,0.49578189849853516,0.005965296350837898
865,0.7016911208629608,0.0010099649308665537,0.49584245681762695,0.005879653954663761
866,0.7016647458076477,0.0010028421134682126,0.4960222691297531,0.006059979246017621
867,0.7016415596008301,0.00099753161055584,0.49611611664295197,0.006119026980781384
868,0.701629102230072,0.0010045279874086484,0.4960905760526657,0.005913392506896732
869,0.701610803604126,0.0010013248269218203,0.49601423740386963,0.00578060886066316
870,0.7015887796878815,0.0009956350023728497,0.4960567355155945,0.00572025457359556
871,0.7015700042247772,0.0009957192960698715,0.4960990250110626,0.005660111020770514
872,0.7015560269355774,0.00099753161055584,0.4960568845272064,0.005481071208296236
873,0.7015449404716492,0.0010019991764979948,0.4958299696445465,0.00532660300850381
874,0.701528787612915,0.0010009033584367116,0.4957885891199112,0.0051965167605749355
875,0.7015098631381989,0.0009909988490366514,0.4957306534051895,0.005422170987502262
876,0.701488733291626,0.0009842975001234193,0.49572306871414185,0.005528697147113546
877,0.7014702558517456,0.0009838760316383103,0.4958822429180145,0.0054933359412129065
878,0.7014585435390472,0.0009847611154570391,0.49590763449668884,0.005458101175857799
879,0.7014442384243011,0.000984002472183843,0.495932936668396,0.005469986587137871
880,0.7014234364032745,0.0009829066541225597,0.49585874378681183,0.0053412490383613455
881,0.7014049887657166,0.0009782283539378504,0.49590055644512177,0.0054234775398060995
882,0.7013863027095795,0.000974055815935272,0.49594220519065857,0.00550530564619
883,0.7013690769672394,0.0009798720810297752,0.4958849102258682,0.005354061680308657
884,0.7013441324234009,0.0009789027035140248,0.496041402220726,0.005412477212344756
885,0.7013227343559265,0.0009510014897998129,0.49603331089019775,0.005702468603523962
886,0.7013013064861298,0.000959725887441568,0.49612338840961456,0.005436079447510856
887,0.7012855410575867,0.0009565648738032509,0.49608252942562103,0.005447796271396885
888,0.7012600898742676,0.0009440894066440263,0.49609071016311646,0.0056668123696837465
889,0.701244980096817,0.0009463231896151037,0.49605005979537964,0.005586059007936873
890,0.7012019455432892,0.0008995401877680113,0.49610692262649536,0.00568915019939452
891,0.7013023197650909,0.0010612997923528226,0.49603405594825745,0.005608691865587223
892,0.7013274431228638,0.0011158799611744304,0.49604226648807526,0.005551393225036663
893,0.7013094425201416,0.0011036573751062712,0.49606655538082123,0.005653936507463668
894,0.7012769877910614,0.0010715836233894807,0.4960746318101883,0.005687780426817916
895,0.7012609243392944,0.0010726372946022532,0.4959382265806198,0.005471777828199584
896,0.7012407779693604,0.0010691812530243597,0.49599461257457733,0.005483199624146036
897,0.701244056224823,0.0010975039352236805,0.49608275294303894,0.005449376778216044
898,0.7012624442577362,0.0011441604965252404,0.4960109740495682,0.005415680372831584
899,0.7012572288513184,0.001144708405555882,0.49597133696079254,0.005607322093010619
900,0.714607447385788,0.026702093727228402,0.49575087428092957,0.005783474846361901
901,0.7145514786243439,0.026639632097735257,0.49584129452705383,0.005431042899113805
902,0.7144968807697296,0.026563177714536496,0.4958717077970505,0.0059505660272833405
903,0.714441329240799,0.02650484647619742,0.49586236476898193,0.00568350252169406
904,0.7143859565258026,0.026435725644639554,0.49593205749988556,0.005864628603169627
905,0.714330404996872,0.02637191531599406,0.4959620237350464,0.005821997065900858
906,0.7142777442932129,0.02630974871444049,0.49603112041950226,0.005612843330165546
907,0.7142209112644196,0.026250279511191618,0.4961978793144226,0.005432475891963175
908,0.714169979095459,0.026186595623091658,0.4961487352848053,0.005170027466285838
909,0.7141227126121521,0.02611604179868442,0.4962363541126251,0.005157130530641505
910,0.7140702605247498,0.026047426729308685,0.4963429868221283,0.005391888476847184
911,0.7140143811702728,0.025985513008846182,0.4964490681886673,0.005296151910454689
912,0.7139605283737183,0.02593034278414542,0.49647723138332367,0.0052556487890357195
913,0.7139029800891876,0.02587744848926425,0.49662111699581146,0.0049423291172057335
914,0.7138492166996002,0.025818527195046022,0.4966679662466049,0.004821199074585424
915,0.7137981057167053,0.025756023418704366,0.4966569244861603,0.004836477307170623
916,0.7137489020824432,0.025689726425996727,0.4966267943382263,0.004824634042739062
917,0.7136951088905334,0.025635820606751295,0.4966159462928772,0.004677625835133063
918,0.713655412197113,0.0255503467979712,0.4966432750225067,0.0049629178527033045
919,0.7136020362377167,0.025493069230844895,0.4966895133256912,0.0048970212550565224
920,0.7135523557662964,0.025433009971716873,0.49667857587337494,0.0048045932162721315
921,0.7135126888751984,0.02535887366518621,0.49655406177043915,0.0049268190769537245
922,0.7134563326835632,0.025305136433334822,0.4966379702091217,0.00480807033127428
923,0.7134130001068115,0.025229103518621166,0.49664607644081116,0.005116248087585937
924,0.7133774757385254,0.025145231290084488,0.4965601712465286,0.005343187793392846
925,0.7133256196975708,0.025088923100473934,0.49660590291023254,0.005330354078021279
926,0.7132768630981445,0.025032699204560402,0.4966701567173004,0.005238221067176464
927,0.7132288217544556,0.02496990040027917,0.49669675529003143,0.005304876308096443
928,0.7131866812705994,0.0249119906304252,0.49655571579933167,0.005081603378109982
929,0.713132917881012,0.024858969894998497,0.49673107266426086,0.004990734772720495
930,0.7130914330482483,0.02479027053192574,0.49666470289230347,0.0051885299327821205
931,0.7130490839481354,0.02472195049048958,0.49659863114356995,0.0052285272920189595
932,0.7130030989646912,0.024658688070874728,0.4966435581445694,0.005372690587350472
933,0.7129508256912231,0.02459479344853221,0.496853843331337,0.005646223634186175
934,0.7129006385803223,0.0245432899996519,0.49689795076847076,0.005581064606388332
935,0.7128539085388184,0.02447627651051958,0.4969601482152939,0.0059046259624064654
936,0.7128086686134338,0.024416933747816238,0.49693073332309723,0.005839171906669047
937,0.712762713432312,0.024352111894806485,0.4969925731420517,0.005954443537346342
938,0.712714821100235,0.024291378286102287,0.49692682921886444,0.006146295991767932
939,0.7126713991165161,0.0242395798092824,0.49686139822006226,0.006080694422060725
940,0.7126267552375793,0.024184788906218235,0.4968324601650238,0.005964242679625125
941,0.7125833928585052,0.024121947955088492,0.4967675507068634,0.00620582841528957
942,0.7125375270843506,0.02406677773038773,0.49681104719638824,0.0061915195602201215
943,0.7124984264373779,0.024018308854600205,0.4967285096645355,0.006202709548499764
944,0.7124522030353546,0.02395673230892579,0.4967539608478546,0.0064167312452380835
945,0.7124119699001312,0.023910455069260827,0.4967971593141556,0.0061489512432241185
946,0.712375670671463,0.02385684427795497,0.4966973662376404,0.0061348952692457355
947,0.7123237550258636,0.023798175864827804,0.49690081179142,0.006045354289584341
948,0.7122808694839478,0.023736767906547433,0.4969789683818817,0.0061321557240925275
949,0.7122355103492737,0.02367742514384409,0.49693261086940765,0.006343880417587004
950,0.7121903300285339,0.023624572995811433,0.49704569578170776,0.006329529415669044
951,0.7121433019638062,0.023567168988139594,0.49714063107967377,0.006340171494918044
952,0.7120991349220276,0.023508837749800518,0.4970766454935074,0.0064753364380924815
953,0.7120581865310669,0.02346138039837725,0.49706563353538513,0.006386216926916197
954,0.7120131850242615,0.023402627691553064,0.49717743694782257,0.006371908071846748
955,0.711969256401062,0.023353147291401272,0.49721871316432953,0.006357620290201555
956,0.7119360864162445,0.02330202316415756,0.497050404548645,0.006343437875677639
957,0.7118885815143585,0.023240994527513784,0.4970395714044571,0.006550947884321026
958,0.711854100227356,0.02320681343337145,0.4970113933086395,0.006241484649129787
959,0.7118115425109863,0.0231648351722546,0.4970700293779373,0.006105034227075767
960,0.7117672264575958,0.023115902681133452,0.4972149282693863,0.005993682253309985
961,0.7117200493812561,0.02305980522576545,0.49730736017227173,0.006004830094741116
962,0.7116858661174774,0.023010788440947283,0.49715830385684967,0.006015935789323737
963,0.7116456925868988,0.022954311663942684,0.4972848445177078,0.006221443822662856
964,0.7116020321846008,0.022899141439241922,0.4973936975002289,0.006256320339805621
965,0.7115626931190491,0.02285277990587994,0.49746784567832947,0.00609742672091955
966,0.7115267515182495,0.02280995870779287,0.4974050670862198,0.005890928236640425
967,0.7114874124526978,0.022756432210184037,0.49735961854457855,0.005902181445192834
968,0.7114518582820892,0.022711040054337803,0.49712739884853363,0.005793189694943662
969,0.7114109992980957,0.022662023269519632,0.49711669981479645,0.0057086852636793195
970,0.7113735377788544,0.02261039338009379,0.49707216024398804,0.005672375753687184
971,0.7113369405269623,0.022564453315216913,0.49704471230506897,0.005660111020770514
972,0.7113009691238403,0.022516363761065986,0.4969162791967392,0.0056478673612780994
973,0.7112613022327423,0.022463553759881835,0.4969061017036438,0.005754646401980449
974,0.711223840713501,0.02241993177167306,0.49696309864521027,0.005623632923384335
975,0.7111842334270477,0.022372685154492346,0.4969863295555115,0.005587913469271353
976,0.7111512124538422,0.022327419439191646,0.4968591332435608,0.005481450529932834
977,0.7111135721206665,0.022282111577042435,0.4968491643667221,0.005399032367669781
978,0.7110789716243744,0.022235033547255766,0.49682261049747467,0.0053404903950881495
979,0.7110421657562256,0.022188714160742293,0.4968957453966141,0.005329110745990208
980,0.711003303527832,0.02214049816604583,0.49695202708244324,0.005388095260481204
981,0.7109673619270325,0.022099362841899197,0.4968758374452591,0.0054000860388825535
982,0.7109260559082031,0.022049629560656342,0.49706387519836426,0.00550530564619
983,0.7108894288539886,0.02199867402080667,0.4970206916332245,0.005610124858436594
984,0.7108569741249084,0.02195227034059618,0.4969283938407898,0.005691257541820064
985,0.7108178734779358,0.02190717321268952,0.49708235263824463,0.005609745536799995
986,0.7107811272144318,0.02186043235769094,0.4969739615917206,0.005852469237374235
987,0.7107477188110352,0.02181419726487449,0.49683336913585663,0.00586332205086579
988,0.7107124924659729,0.021766318444966112,0.496774822473526,0.0059432535490667
989,0.710677832365036,0.021717048779056877,0.4967165142297745,0.006068787937356398
990,0.7106403410434723,0.021680549608246443,0.4968531131744385,0.00568915019939452
991,0.7106047868728638,0.021635326039794255,0.496859610080719,0.005631577604328639
992,0.7105657160282135,0.02159516009316337,0.49699534475803375,0.005391488081786331
993,0.7105299830436707,0.021551875279742685,0.4969370514154434,0.005334758423690668
994,0.7104935050010681,0.021510487074504987,0.4969916194677353,0.005346517394425207
995,0.7104574739933014,0.02146770802326643,0.4970620423555374,0.005380951369658608
996,0.7104198932647705,0.02143049235603131,0.49702000617980957,0.005347254964274148
997,0.7103835940361023,0.021384973759639544,0.49697813391685486,0.005358929641311665
998,0.7103477418422699,0.02133941301639927,0.49703218042850494,0.005415680372831584
999,0.7103186249732971,0.02130000571304158,0.496894896030426,0.0053370554269345115
1000,0.6952210664749146,0.00027943360562722745,0.4903048127889633,0.011115535871747871
1001,0.69521364569664,0.000282004563386392,0.4903295189142227,0.010974681104024463
1002,0.6952064633369446,0.0002808665984765978,0.49031439423561096,0.010890661361517995
1003,0.6952013671398163,0.0002825946192655445,0.4903785139322281,0.010695078911003192
1004,0.6952096223831177,0.0002790121371421185,0.490126371383667,0.010668041707683453
1005,0.6952003538608551,0.0002860506608434378,0.49019066989421844,0.010529736824294955
1006,0.6951919794082642,0.0002979782189720208,0.49023498594760895,0.010197577511180599
1007,0.6951875388622284,0.0002923726881200719,0.4902398884296417,0.010255171179670735
1008,0.6951876878738403,0.00028777868163238447,0.4901079088449478,0.010229482675503346
1009,0.6951844990253448,0.0002917826322409194,0.49007411301136017,0.010176377646379619
1010,0.695186972618103,0.0002866828635711012,0.48992374539375305,0.010343595267846591
1011,0.6951856315135956,0.00027795846592934613,0.4898517578840256,0.010455136902430672
1012,0.6951829791069031,0.0002739545153208112,0.48985755443573,0.010566088481135601
1013,0.6951762139797211,0.0002778741722323243,0.48990191519260406,0.010403464866156316
1014,0.6951760053634644,0.0002760618577463559,0.4897342175245285,0.01026884783201252
1015,0.6951680183410645,0.0002837325841753386,0.4898555129766464,0.010216417152464968
1016,0.6951577663421631,0.0002849126959336437,0.49003373086452484,0.010245582771634508
1017,0.69515061378479,0.0002878629753294062,0.4902110695838928,0.010166409916706793
1018,0.6951468288898468,0.00028074015793106517,0.49029219150543213,0.010276455338168738
1019,0.6951432526111603,0.0002848705490851328,0.4902968108654022,0.010170708895254904
1020,0.6951366066932678,0.0002861771013889705,0.4903773218393326,0.010065489287947458
1021,0.6951329112052917,0.0002817938291438375,0.49038170278072357,0.010389177084511123
1022,0.6951293349266052,0.0002865985698740794,0.49036718904972076,0.010150373040848398
1023,0.6951231956481934,0.0002824681787200118,0.490390419960022,0.010285769791689645
1024,0.6951143741607666,0.0002854184581157744,0.4904511272907257,0.01026102959161375
1025,0.6951097249984741,0.0002830582345991643,0.4904928058385849,0.01020988439094578
1026,0.6951037645339966,0.0002817938291438375,0.4905155748128891,0.010238333513690634
1027,0.695099413394928,0.0002861771013889705,0.49048224091529846,0.010029137631106811
1028,0.6950899660587311,0.00029169833854389757,0.49070970714092255,0.009873594686677357
1029,0.6950821280479431,0.00029620805133456324,0.4907689541578293,0.009639974705381471
1030,0.6950780749320984,0.0003032044281873717,0.490809366106987,0.00927645813697501
1031,0.6950705945491791,0.00030408951200610045,0.4908865690231323,0.009280651748401845
1032,0.6950682103633881,0.0003019821695805557,0.4908527582883835,0.009284803212980168
1033,0.6950620710849762,0.0003072926724929284,0.4909662902355194,0.009184894108585093
1034,0.6950559616088867,0.0003108751546163544,0.49107930064201355,0.009137352463464804
1035,0.6950599253177643,0.00030189787588353397,0.4908621460199356,0.009090042626011326
1036,0.6950534880161285,0.0003085570779482552,0.4909566044807434,0.00891376343211451
1037,0.6950444877147675,0.0003137832871636061,0.49101413786411285,0.008892963962374385
1038,0.6950442790985107,0.0003102850987372019,0.49094413220882416,0.0087436798249488
1039,0.6950298547744751,0.00031997887389470747,0.49112844467163086,0.00869771868664767
1040,0.695032387971878,0.00030526962376440546,0.4911489933729172,0.00888234295654964
1041,0.6950380206108093,0.00028710433205621016,0.4910430461168289,0.00893844041191764
1042,0.6950262486934662,0.0003061968544316451,0.49113577604293823,0.008663031830323202
1043,0.6950226128101349,0.0003094843086154949,0.49112021923065186,0.008439737826912486
1044,0.6950196027755737,0.00030227719752013197,0.49110473692417145,0.008521818814387452
1045,0.6950175166130066,0.0002984839811541515,0.49103565514087677,0.008527592932633445
1046,0.6950252652168274,0.000280782304779576,0.4909133017063141,0.00865957578874531
1047,0.6950134038925171,0.00028356399678129506,0.49121901392936707,0.00869021654761273
1048,0.6950083076953888,0.0002918669259379412,0.4912389814853668,0.008419128017990659
1049,0.6949986517429352,0.00030467956788525296,0.49129433929920197,0.00814928282039966
1050,0.6949903666973114,0.0003121817069201921,0.4913494288921356,0.007930688190597909
1051,0.69499072432518,0.00030889425273634237,0.4912630617618561,0.007862831764495369
1052,0.6949923932552338,0.00030324657503588253,0.49121230840682983,0.007795312513180917
1053,0.6949893832206726,0.00029823110006308617,0.49130237102508545,0.007777779424200384
1054,0.6949820220470428,0.00030467956788525296,0.4914095252752304,0.007735527208568214
1055,0.6949747800827026,0.00031340396552700803,0.4915687143802643,0.007520304326647333
1056,0.6949646174907684,0.00031412046195169324,0.49177952110767365,0.007626914779955639
1057,0.694958508014679,0.00031399402140616054,0.4916759431362152,0.007585294767051131
1058,0.6949609220027924,0.00029987482715501104,0.49167709052562714,0.007691273017631775
1059,0.694963663816452,0.0002961659044860524,0.4916088730096817,0.007551640508515182
1060,0.6949625909328461,0.0002884108843600479,0.49154096841812134,0.007559374455216932
1061,0.6949574947357178,0.00029056037363410346,0.49154238402843475,0.007518260204494555
1062,0.6949568390846252,0.00028575563290386154,0.49152660369873047,0.007745242057149974
1063,0.6949560046195984,0.0002808665984765978,0.4915452301502228,0.007776810046684634
1064,0.6949571073055267,0.00026927621513610195,0.49149519205093384,0.007808251595673761
1065,0.6949504911899567,0.00027804275962636793,0.4915822595357895,0.007645965155482564
1066,0.6949422955513,0.0002760618577463559,0.4917372316122055,0.007774133721804193
1067,0.6949339807033539,0.0002814145075072394,0.49175524711608887,0.007757169615278558
1068,0.694933146238327,0.0002808244516280869,0.49168820679187775,0.007668176544647805
1069,0.6949295401573181,0.0002725215224714408,0.4917571246623993,0.007723494283318353
1070,0.6949277222156525,0.0002691919214390802,0.49179190397262573,0.007826416887381957
1071,0.6949267089366913,0.000263291362647555,0.49182653427124023,0.008024464928534647
1072,0.6949274837970734,0.00025949814628157457,0.4917430579662323,0.00800714257379667
1073,0.6949176788330078,0.0002698241241667436,0.4918280839920044,0.007847237430546338
1074,0.6949301958084106,0.00025389261542962564,0.4916275143623352,0.007854107366853614
1075,0.694925993680954,0.0002571379227649645,0.49157848954200745,0.007695213747967543
1076,0.6949218511581421,0.00025321826585345133,0.491663321852684,0.007726002020804751
1077,0.6949228346347809,0.000247781322395546,0.4915810823440552,0.007850988500063808
1078,0.6949171423912048,0.00024470460245425076,0.49174873530864716,0.0079989450117613
1079,0.6949134469032288,0.0002520381540951463,0.49160026013851166,0.008028911421052547
1080,0.6949106752872467,0.0002526703568228097,0.4916180819272995,0.00796501679871003
1081,0.6949076950550079,0.0002531761190049404,0.49158622324466705,0.00797154956022922
1082,0.6949031949043274,0.00025330255955047313,0.4916039854288101,0.007861419845070253
1083,0.6948994100093842,0.00025755939125007344,0.49172043800354004,0.007612058015855549
1084,0.6948938965797424,0.00025448267130877815,0.4917706847190857,0.007688976014387931
1085,0.6948899328708649,0.00025747509755305164,0.491820752620697,0.007533749171322308
1086,0.6948845684528351,0.000254946286642398,0.49193601310253143,0.0076105196558849016
1087,0.694879412651062,0.00025465125870282175,0.4919365346431732,0.007663856492675438
1088,0.6948736608028412,0.0002526703568228097,0.49196964502334595,0.0078091366794924896
1089,0.6948705315589905,0.0002506051612457759,0.49198634922504425,0.007884853492842311
1090,0.6948674917221069,0.00024824493772916586,0.4920516461133957,0.008029037861598079
1091,0.6948633790016174,0.0002351794146907887,0.4919709861278534,0.00833289556593737
1092,0.6948586404323578,0.00024070065184571583,0.49198758602142334,0.008132908769753177
1093,0.6948592364788055,0.00024086923923975938,0.491971880197525,0.008024928543868267
1094,0.6948531568050385,0.000232271282143537,0.4920527786016464,0.008099423098611272
1095,0.6948422491550446,0.00023269275062864594,0.4922296404838562,0.007946535405638005
1096,0.6948359906673431,0.00023758178505590966,0.49240580201148987,0.007748993126667444
1097,0.6948363780975342,0.0002309647298396993,0.49232541024684906,0.007914019112011849
1098,0.6948311924934387,0.0002316390794158736,0.49243681132793427,0.007897876869032178
1099,0.6948266923427582,0.0002309225829911884,0.49254778027534485,0.00779168788420898
1100,0.6955058574676514,0.0009153452559595965,0.5073212683200836,0.0008745892534495621
1101,0.6954939961433411,0.0009121420954727686,0.507402092218399,0.000900467418435251
1102,0.6954970061779022,0.0008956626777050091,0.5073634684085846,0.0008701216875074073
1103,0.6955236494541168,0.0008431477044604351,0.507146805524826,0.0012598957425361552
1104,0.6955111920833588,0.0008392701943974329,0.5071682631969452,0.0012566925820493274
1105,0.6954904794692993,0.0008494275848885583,0.5073668360710144,0.0011142783809310163
1106,0.695477694272995,0.0008546959409524201,0.507426917552948,0.0011670462352666557
1107,0.6954688429832458,0.0008719340019933757,0.507506251335144,0.0008592056537430857
1108,0.6954550743103027,0.0008882026855185809,0.5077025294303894,0.0007741533134481015
1109,0.6954522132873535,0.0008954519434624546,0.5076248049736023,0.0006343100700889552
1110,0.6954551637172699,0.0008946511533407476,0.5075085461139679,0.000495183323154494
1111,0.6954593062400818,0.0008943561254011713,0.5074705183506012,0.0005762738596894541
1112,0.6954467296600342,0.000914755200080444,0.5074326395988464,0.0002189950248626054
1113,0.6954415738582611,0.000918759150688979,0.5075108110904694,0.00019113595799690443
1114,0.695440262556076,0.0009041763411042097,0.5074923038482666,0.00035411782118853166
1115,0.6954327821731567,0.0009137436757161826,0.5074930787086487,0.00021739344461919142
1116,0.6954409182071686,0.0009009731806173817,0.507378876209259,0.00029814680636606436
1117,0.6954539120197296,0.0008804898122410872,0.5072078704833984,0.0004596535298598103
1118,0.6954464614391327,0.0008923752235211593,0.5071712136268616,0.00021579186437577745
1119,0.6954488158226013,0.0008849995250317529,0.5070395767688751,0.00021524395534513582
1120,0.6954481601715088,0.0008742099318129641,0.5070604085922241,0.0003220862163202522
1121,0.6954452991485596,0.0008731141137516807,0.5070622265338898,0.0003480908218514738
1122,0.6954363584518433,0.0008715125335082668,0.5070263147354126,0.0004808112478122791
1123,0.695436418056488,0.0008755586309653126,0.5070093274116516,0.000426357519536204
1124,0.6954273283481598,0.000873830610176366,0.507086455821991,0.000505087832554554
1125,0.6954176723957062,0.0008855474340623945,0.5071819722652435,0.0002386776031171929
1126,0.6954042017459869,0.0008772866517542593,0.5074079632759094,0.00042332294644341963
1127,0.6953907907009125,0.0008627881358665117,0.5075395703315735,0.0007917706961256553
1128,0.6953806579113007,0.000867845757687819,0.5077077746391296,0.0006845491135139409
1129,0.6953732967376709,0.0008498490533736672,0.5076337456703186,0.0008667920864750467
1130,0.6953657865524292,0.0008409982151863795,0.507634162902832,0.0009957614429183825
1131,0.6953723430633545,0.0008474045361600354,0.5075421333312988,0.0009411391272482637
1132,0.6953737437725067,0.0008529257733149626,0.5074505805969238,0.0008867696926692104
1133,0.6953791081905365,0.000849554025434091,0.507267415523529,0.0009627183136858415
1134,0.6953672170639038,0.0008303772093616342,0.5073421597480774,0.0011941045120106497
1135,0.6953510940074921,0.0008149093159581361,0.5074348151683807,0.001398474580439975
1136,0.6953528821468353,0.0008238444478424456,0.5075087547302246,0.001266007035570235
1137,0.6953490674495697,0.000810188868924916,0.5074001252651215,0.0014434874146496096
1138,0.6953469812870026,0.0008059741840738266,0.5073283314704895,0.001517286546392185
1139,0.6953505873680115,0.000818154623293475,0.5072750449180603,0.00151374621111727
1140,0.6953497231006622,0.000808165820196393,0.5071495771408081,0.0016638732855130745
1141,0.6953332722187042,0.0007863337526677499,0.5072594583034515,0.001838740559984774
1142,0.6953279972076416,0.0007851957877579558,0.5072247087955475,0.0019109802583324462
1143,0.6953299045562744,0.0007926979267928949,0.507136195898056,0.001754025394477877
1144,0.6953315734863281,0.0008044147506789235,0.5071556568145752,0.0014963817095307818
1145,0.6953323185443878,0.0008108632185010903,0.5070855915546417,0.0013664429755716953
1146,0.6953319907188416,0.0008168059241411263,0.507051557302475,0.0013885279241914038
1147,0.6953241527080536,0.0008150779033521797,0.5071245431900024,0.0014105707259626015
1148,0.6953215003013611,0.0008151200502006906,0.5070550441741943,0.0013822480437632807
1149,0.6953182220458984,0.0008245609442671309,0.5070567429065704,0.0013038970523815286
1150,0.6953138411045074,0.000822495748690097,0.5069876909255981,0.0013259398541527261
1151,0.6953137218952179,0.0008294921255429054,0.5069189667701721,0.0011981506094676955
1152,0.6953102946281433,0.0008319787896050482,0.5070266127586365,0.0008716811209023103
1153,0.6952978074550629,0.0008161737214134629,0.5070986747741699,0.001093373544069613
1154,0.6952880620956421,0.0008148671691096252,0.5071879327297211,0.0010908868800074702
1155,0.6952888667583466,0.0008239287415394674,0.5071718692779541,0.0009400433091869805
1156,0.6952818036079407,0.0008136027636542984,0.5071383714675903,0.0011600498584138474
1157,0.6952689588069916,0.0007988092198269746,0.5071224570274353,0.0012559760856246422
1158,0.6952677369117737,0.0007932036889750257,0.5069676041603088,0.0013023376189866256
1159,0.6952665746212006,0.0007794216695119633,0.5068654716014862,0.0015691693169090958
1160,0.6952677965164185,0.0007765978306617335,0.5067637860774994,0.0015901584474675209
1161,0.6952615678310394,0.0007705708313246756,0.5067488551139832,0.001635466309616732
1162,0.6952624022960663,0.0007822876552107042,0.5067167282104492,0.0014613998252667397
1163,0.695255696773529,0.0007699386285970122,0.5067019462585449,0.00189559665862597
1164,0.6952546834945679,0.0007830884453324111,0.506807267665863,0.001673229885882493
1165,0.6952494084835052,0.000781529011937508,0.506912112236023,0.0016453286721682813
1166,0.6952383518218994,0.0007705286844761647,0.5068628787994385,0.001786604908376798
1167,0.6952333152294159,0.0007661875590795426,0.5068478882312775,0.0019272489418576514
1168,0.6952275931835175,0.0007618885805314314,0.5068670213222504,0.002067260772610841
1169,0.6952249109745026,0.0007654289158063465,0.5068012475967407,0.002038811649865988
1170,0.6894298493862152,0.003137706431090528,0.5546875,0.03314563036811941
1171,0.6918482184410095,0.00680359716771958,0.515625,0.06629126073623882
1172,0.6939482092857361,0.0012458608419820276,0.5234375,0.05524271728019903
1173,0.6969262659549713,0.006262305192294168,0.521484375,0.052480581416189075
1174,0.6955380737781525,0.005670057677019085,0.5218750089406967,0.03977476065642815
1175,0.6945374011993408,0.0052023540990936935,0.5234375149011612,0.0368284852112741
1176,0.6937711536884308,0.004377413833189965,0.5212053507566452,0.04577251008061944
1177,0.6939285099506378,0.004412395717454007,0.509765625,0.05524271728019903
1178,0.694905549287796,0.0027245830219867445,0.5034722089767456,0.049104618850466464
1179,0.6947421729564667,0.002203310799604007,0.507031261920929,0.03866990209613932
1180,0.6959822773933411,0.007845045794423772,0.5042613744735718,0.04218537073043299
1181,0.6963647902011871,0.008364842877108628,0.5045572817325592,0.034066328273839895
1182,0.6966350972652435,0.007984846890934406,0.49819712340831757,0.03484543384198803
1183,0.6971243619918823,0.008282445788269829,0.4994419664144516,0.026042980236790785
1184,0.69766566157341,0.006600322917351538,0.4984374940395355,0.02577992068181004
1185,0.6981982886791229,0.00647076350502905,0.49609375,0.016572815184059706
1186,0.6976539492607117,0.00567170140411101,0.49494484066963196,0.01364820321904026
1187,0.6973758339881897,0.007046194427748286,0.4973958283662796,0.017186620812348112
1188,0.6975774466991425,0.006644408520893933,0.49917764961719513,0.013956064873988086
1189,0.6978975832462311,0.007093441044928998,0.4976562559604645,0.014363098063482044
1190,0.6973072290420532,0.00613135493397082,0.4988839477300644,0.01315304096931002
1191,0.696359246969223,0.006892316283835012,0.5046164691448212,0.014563969943484965
1192,0.6963786482810974,0.006856027847267132,0.5040760785341263,0.015371861809166037
1193,0.6961266994476318,0.006848778589323258,0.5032552033662796,0.01657279411063545
1194,0.6969511806964874,0.004968986998888873,0.5006249994039536,0.01767767374434854
1195,0.6972355544567108,0.004857297850335005,0.4993990510702133,0.018697543184615154
1196,0.6978673934936523,0.004171610771911269,0.4982638955116272,0.016368234381387826
1197,0.6985070407390594,0.002741526055088124,0.4991629421710968,0.015389036649934226
1198,0.6984151303768158,0.0032643998577142753,0.49946120381355286,0.018287222540937346
1199,0.6982313692569733,0.0032556333132240096,0.4976562410593033,0.01657279411063545
1200,0.6980186998844147,0.005289555928662734,0.5039299428462982,0.005670647732898238
1201,0.6980040073394775,0.005275352440714563,0.504059225320816,0.00557177122629168
1202,0.6979858577251434,0.005257608617491476,0.5041283071041107,0.005726028691841552
1203,0.6979813873767853,0.005260980365372347,0.5039792656898499,0.0058514998598584835
1204,0.6980277299880981,0.005262876973555338,0.5038507133722305,0.006060105686563154
1205,0.6980302333831787,0.005247619814394394,0.5037818998098373,0.0059055531930737055
1206,0.6980142295360565,0.005242267164633511,0.5038903057575226,0.005946288122159485
1207,0.6980185210704803,0.005187644848963392,0.5039001107215881,0.005959058617258285
1208,0.6980186700820923,0.005161218774947061,0.503870815038681,0.0058612357818645005
1209,0.6980087161064148,0.0051468888464533576,0.5038221627473831,0.005956930201408485
1210,0.697992205619812,0.005135593491052437,0.5038515329360962,0.00583202801584645
1211,0.6980248391628265,0.00514465506348228,0.5036673247814178,0.0057352167048169275
1212,0.698009729385376,0.005127079827653237,0.5038131177425385,0.005994756997947013
1213,0.6979940831661224,0.0051184397237085035,0.5038616061210632,0.00595265229628463
1214,0.697982907295227,0.005110811144128032,0.5039483904838562,0.005801766578615629
1215,0.6979604661464691,0.005112707752311023,0.5039578825235367,0.00586901187541476
1216,0.6979452967643738,0.005095806866058154,0.5039098411798477,0.005800396806039025
1217,0.6979495584964752,0.005060698541248579,0.5039385110139847,0.005732118911451377
1218,0.6979303956031799,0.005070603050648639,0.5039670467376709,0.005502355366794238
1219,0.6979100108146667,0.005070518756951617,0.5039573907852173,0.005488952668967774
1220,0.6979279816150665,0.005070982372285237,0.503966748714447,0.0055561347454941385
1221,0.6979161202907562,0.005071993896649499,0.5041275322437286,0.005408831509948564
1222,0.6978760063648224,0.005013915539401487,0.5041175484657288,0.0053957238400616754
1223,0.6978551745414734,0.005011513169036366,0.5042018294334412,0.005302747892246644
1224,0.6978596448898315,0.004993221436782638,0.5042293071746826,0.005449503218761576
1225,0.6978403329849243,0.004924774954800946,0.5042379200458527,0.005675115298840392
1226,0.6978226900100708,0.004907157572123392,0.5043213069438934,0.005529202909295677
1227,0.6978273391723633,0.004892574762538623,0.5043483078479767,0.005516053092560278
1228,0.6978462338447571,0.00482741573474078,0.5043565630912781,0.005739810711304615
1229,0.6978093087673187,0.004793656109083554,0.5044205188751221,0.005883784345817829
1230,0.6978068053722382,0.004803855646423191,0.5044841468334198,0.005712625994015088
1231,0.6977604031562805,0.004728539228134223,0.5046398937702179,0.005986664803032921
1232,0.6977741420269012,0.004750582029905421,0.5045367479324341,0.005894321057945552
1233,0.6977543532848358,0.00471189122297242,0.5046180188655853,0.006166631846174438
1234,0.6977244913578033,0.004697561294478716,0.5048458278179169,0.00612617087160398
1235,0.6976899802684784,0.004643276153596685,0.5049443244934082,0.0063189927035413205
1236,0.6976694166660309,0.00460391099708751,0.5048962235450745,0.006614273524208644
1237,0.6976613402366638,0.004581699607922269,0.5050123929977417,0.006882411774434952
1238,0.6976345479488373,0.004598937668963224,0.5050370991230011,0.00676351551478572
1239,0.6976286768913269,0.004587515873016772,0.5049528479576111,0.00695304989253921
1240,0.6976131796836853,0.00457706345458607,0.5050318539142609,0.006860116091572689
1241,0.6975982487201691,0.0045342001096504905,0.5050382912158966,0.006971973827520602
1242,0.6976087987422943,0.004546001227233541,0.5050266683101654,0.00690496033838828
1243,0.6975832879543304,0.004506046014845213,0.5050330758094788,0.007067014970912668
1244,0.6976383030414581,0.004575335433797123,0.5049139261245728,0.006847851358656018
1245,0.6976245641708374,0.004516371992730383,0.5048489719629288,0.006908100278602342
1246,0.6976073980331421,0.004508026916725225,0.5048736035823822,0.006942808208351063
1247,0.6975885927677155,0.004513295272789088,0.5049693882465363,0.006675091426609864
1248,0.6975774765014648,0.0044913367647149115,0.5049403011798859,0.006634799039433449
1249,0.6975657045841217,0.0044817694301029385,0.5050531923770905,0.006594675239651078
1250,0.6975462138652802,0.00450680465811841,0.505112498998642,0.006379557724851475
1251,0.6975107491016388,0.004492306142230662,0.5052068531513214,0.006265339765386953
1252,0.6975210309028625,0.004469167522398182,0.5050718486309052,0.006176494208725987
1253,0.6975120902061462,0.004464615662759005,0.5051131546497345,0.006038336839307277
1254,0.697492778301239,0.004467734529548811,0.5052594542503357,0.00590081167261623
1255,0.6974776685237885,0.004458335782330881,0.5054226219654083,0.00588761970903232
1256,0.6974609792232513,0.004467355207912213,0.5054977834224701,0.005701667813402256
1257,0.6974470019340515,0.004458293635482371,0.505537748336792,0.005713595371530838
1258,0.697418600320816,0.004476458927190566,0.5055254399776459,0.00570090917012906
1259,0.6974089741706848,0.004461328208575155,0.505599856376648,0.00566369350289394
1260,0.6973918974399567,0.004450580762204877,0.5056047737598419,0.005773486043264819
1261,0.6973879039287567,0.004433384848012432,0.5054715573787689,0.005687506472302595
1262,0.6973747611045837,0.004414545206728062,0.5055283904075623,0.005918513348990805
1263,0.6973560154438019,0.00441677898969914,0.5056880712509155,0.005856894656467878
1264,0.6973591446876526,0.004376022987189106,0.5057098567485809,0.00608655283400374
1265,0.6973685026168823,0.004384452356891284,0.5056631565093994,0.005928038536754267
1266,0.6973665058612823,0.0043896364192581245,0.5056337118148804,0.005939249598458166
1267,0.6973554193973541,0.004391659467986647,0.5056554973125458,0.0057335308308764914
1268,0.6973519921302795,0.004377540273735498,0.5057621896266937,0.005697031660066057
1269,0.697323203086853,0.004358068429723465,0.5058514177799225,0.005924540348327863
1270,0.6973107159137726,0.004355834646752387,0.505974143743515,0.005720212426747049
1271,0.6972846984863281,0.004346688780625523,0.5062483251094818,0.00568396613702768
1272,0.6972582638263702,0.004332063824192243,0.5064201951026917,0.0056002203490365336
1273,0.6972472071647644,0.004323086545459423,0.5064063966274261,0.005683291787451506
1274,0.6972327530384064,0.00430407831678101,0.5063422918319702,0.005789712579941513
1275,0.6971891522407532,0.004243007533288724,0.5064458847045898,0.005943042814824146
1276,0.6971936225891113,0.004253038483234317,0.5064320862293243,0.005930356613422366
1277,0.697200745344162,0.0042683377892437716,0.5063850283622742,0.005729105411782847
1278,0.6971840560436249,0.004265977565727161,0.5063880681991577,0.005740400767183767
1279,0.6972030699253082,0.00424279679904617,0.5062915086746216,0.005563889765620143
1280,0.6972053050994873,0.00425649452481221,0.5061290860176086,0.0054817877047209215
1281,0.6971897482872009,0.004266778355848868,0.5062483549118042,0.005423456466381844
1282,0.6971833109855652,0.0042541343012956,0.5061856806278229,0.005481998438963476
1283,0.697150707244873,0.004266778355848868,0.5062714219093323,0.005423877934866953
1284,0.6971525847911835,0.004273732585853166,0.5060939490795135,0.0052266728306844795
1285,0.6971274614334106,0.004290127709923904,0.5061959028244019,0.005099768669818178
1286,0.6971049606800079,0.004285533703436216,0.5062156617641449,0.00504282827747996
1287,0.6970980167388916,0.004308082267389544,0.5062679648399353,0.004939947820264867
1288,0.6970603168010712,0.0042806446690089525,0.5064666271209717,0.004998784820786075
1289,0.6970837116241455,0.004310948253088285,0.5062906444072723,0.004804445702302343
1290,0.6970585584640503,0.004289031891862621,0.506293773651123,0.004725673242435483
1291,0.6970576643943787,0.004256915993297319,0.5063455104827881,0.0046701236960981244
1292,0.6970509588718414,0.0042681692018497275,0.5063808560371399,0.004683273512833523
1293,0.6970339119434357,0.004266820502697379,0.5065127611160278,0.0046964233295689215
1294,0.6970209777355194,0.004264544572877791,0.5066280663013458,0.004550215912084631
1295,0.6969172060489655,0.004371007512216309,0.5067107677459717,0.0042230299270945605
1296,0.6968471705913544,0.004438779644621827,0.5069533586502075,0.004033116227704471
1297,0.6968245208263397,0.004442910035775894,0.5072109401226044,0.003821328313937229
1298,0.6967562139034271,0.00452568644625129,0.5073078870773315,0.003565286209233548
1299,0.6966898143291473,0.004588738131623588,0.5073726177215576,0.003355394903649296
1300,0.6762719452381134,0.0207874578883006,0.5600063800811768,0.07577758910537384
1301,0.6763197481632233,0.020721708804623606,0.5600326359272003,0.07566897667676126
1302,0.6763671338558197,0.02066582208349816,0.5599595308303833,0.07564516370735261
1303,0.6764223575592041,0.020589747021935997,0.5597481727600098,0.0754814653477363
1304,0.6764675080776215,0.02052876053214073,0.5595971345901489,0.07523482199025054
1305,0.6765196025371552,0.020464022972828,0.5594666004180908,0.07501725995823731
1306,0.676577091217041,0.020404469475882106,0.5591794848442078,0.0749119771306571
1307,0.6766222715377808,0.02034200784638896,0.5590310394763947,0.07483489054473066
1308,0.6766460537910461,0.020301125403333394,0.5590201616287231,0.07467528042941991
1309,0.6766805052757263,0.020269178092162134,0.5588728785514832,0.07465437559255851
1310,0.6767833828926086,0.020139450092445603,0.5586484670639038,0.0743034609318568
1311,0.6768315434455872,0.020088030937262313,0.5584445595741272,0.07425608787413056
1312,0.6768695414066315,0.020072141575373705,0.558377206325531,0.07407215902722902
1313,0.6768884062767029,0.020032565684621976,0.5583873987197876,0.07383445080162758
1314,0.6769262254238129,0.019998637471570706,0.5582627058029175,0.0738975867806969
1315,0.6769384443759918,0.019964667111670928,0.5583691895008087,0.07379731942808948
1316,0.6769101321697235,0.019981694438469328,0.5584943294525146,0.07394158809054227
1317,0.6770164966583252,0.01983801583189569,0.55838942527771,0.0737606095230365
1318,0.677128404378891,0.01965404483814564,0.5583040714263916,0.07339174030486915
1319,0.6771731674671173,0.019524654013217194,0.558314323425293,0.07315917399478604
1320,0.6771892011165619,0.0194024281525356,0.5584193766117096,0.0730619412152714
1321,0.6772911846637726,0.019376887162338,0.5582777857780457,0.07299201959359183
1322,0.6773946583271027,0.019255925707111734,0.5580235719680786,0.07276215068181341
1323,0.677452564239502,0.01915346671838175,0.5579401552677155,0.07240006710625632
1324,0.677482008934021,0.01912809431557819,0.5578759610652924,0.07238540000297453
1325,0.6775103807449341,0.018939613609037474,0.5577932894229889,0.07202605597257065
1326,0.6774886250495911,0.018840652808733895,0.5579541921615601,0.07185354892161556
1327,0.6775498390197754,0.018765294243596416,0.5579463839530945,0.07165554302731138
1328,0.6775691509246826,0.01865200351479913,0.5580131113529205,0.07135313938924571
1329,0.6775813102722168,0.018641719683762475,0.5580052137374878,0.07136734287719389
1330,0.6776299178600311,0.018490370350759854,0.557849109172821,0.07096222736930717
1331,0.6776449382305145,0.018450246550977482,0.5580264627933502,0.070715879039761
1332,0.6776542961597443,0.018365109916985475,0.5581476986408234,0.07028817282107244
1333,0.6776095926761627,0.01818252976923628,0.5582131147384644,0.06994050346770608
1334,0.6775161325931549,0.017955358255762565,0.5583516955375671,0.06943870308933538
1335,0.6778746247291565,0.01832275233423203,0.5583248138427734,0.06901698172313538
1336,0.6779432594776154,0.01836485703589441,0.5583893656730652,0.06888143745832434
1337,0.6779140532016754,0.0182785402901441,0.5584900677204132,0.06869493765366363
1338,0.6778621971607208,0.018258478390252915,0.5585539638996124,0.06881792215761842
1339,0.6779114603996277,0.018206764207130046,0.5585449934005737,0.06858118330953272
1340,0.6779854893684387,0.018099121156033224,0.5582826733589172,0.06839666440675203
1341,0.6779940724372864,0.017961048080311535,0.5582201778888702,0.06823857157798767
1342,0.6781795620918274,0.01791131479906868,0.5579057335853577,0.06803023970579831
1343,0.6782309412956238,0.017786054365294304,0.5576466917991638,0.06774659141532
1344,0.6782423257827759,0.01771575342197813,0.5575681328773499,0.06761644194711836
1345,0.6782622635364532,0.01766850680479742,0.5575436353683472,0.06746159442568933
1346,0.6782855689525604,0.017615570363067736,0.557483583688736,0.06715598762713684
1347,0.6783212125301361,0.01757047323516108,0.557405948638916,0.06697766431108725
1348,0.6783291101455688,0.017563603298853803,0.557453066110611,0.06697610487769234
1349,0.6783611178398132,0.01753696649059492,0.5572872459888458,0.06672381384250614
1350,0.6783908903598785,0.017489466992323142,0.5572636723518372,0.06667277400895945
1351,0.6784336864948273,0.017399019855418762,0.5572048723697662,0.0663723934196223
1352,0.6784569323062897,0.017369095592976027,0.5571816265583038,0.06622277210740862
1353,0.6784984171390533,0.01729980617402412,0.5571408569812775,0.06585019396657232
1354,0.6785623133182526,0.017240800586108867,0.5569074153900146,0.06599994171933153
1355,0.6786085665225983,0.017214753833729134,0.5567625164985657,0.0659758337219833
1356,0.6786206960678101,0.01715899355314922,0.5567927956581116,0.06555697834148204
1357,0.6786691248416901,0.017081906967222796,0.5566487908363342,0.06553396616219509
1358,0.678729236125946,0.017013924100574725,0.556522786617279,0.0651916494585896
1359,0.6787646114826202,0.017047515138837906,0.5564493834972382,0.06521858129478807
1360,0.6787907183170319,0.017027031770461613,0.5563243925571442,0.06526991615627434
1361,0.6788239479064941,0.016981892495706447,0.5563035011291504,0.06502803539267031
1362,0.678857296705246,0.01695234755490031,0.5561105012893677,0.065274425869065
1363,0.6788747608661652,0.016878506276309223,0.556107372045517,0.06491208941241684
1364,0.6789194345474243,0.016757165499446357,0.5560871064662933,0.06467261101917794
1365,0.6789541244506836,0.016736935012161128,0.5559129416942596,0.06465195906340761
1366,0.6789979040622711,0.016664147404782816,0.5557737052440643,0.06438997425306389
1367,0.6789926588535309,0.01658988465770662,0.5557372570037842,0.06437003879371823
1368,0.6790361106395721,0.016558948870899624,0.5555480122566223,0.06413384785466318
1369,0.6790865659713745,0.016490460242069422,0.5554613173007965,0.06385066317951849
1370,0.6791456639766693,0.016430232395547355,0.5552227199077606,0.06373627663265992
1371,0.679220587015152,0.01643756594718825,0.5551877915859222,0.0635268910892578
1372,0.6792278587818146,0.01636498907405249,0.5549845099449158,0.06346135273982337
1373,0.6791946887969971,0.0162764385453311,0.5550342798233032,0.06337233859576835
1374,0.679234117269516,0.01623391237518361,0.5548489987850189,0.06337861847619648
1375,0.6791666448116302,0.016127280848451046,0.5549993216991425,0.06319544827256814
1376,0.6792295575141907,0.016065957183867698,0.5547480583190918,0.06315477656375512
1377,0.6792682409286499,0.01598604675909104,0.5546145439147949,0.06304359317738338
1378,0.6793516874313354,0.01595241357397935,0.5544151067733765,0.06274468772774412
1379,0.6793102920055389,0.01587001648514055,0.5545816719532013,0.062493956125952814
1380,0.6793400049209595,0.015833137992693518,0.5545156300067902,0.06238488008200662
1381,0.6793902814388275,0.015790021766666874,0.5543672144412994,0.0622528761524705
1382,0.6794397234916687,0.015727433696628195,0.5540874898433685,0.06198145044806034
1383,0.6794408857822418,0.015647818299791116,0.553989976644516,0.06182761445099558
1384,0.6794675886631012,0.015597747843760175,0.5537614822387695,0.06172085648371748
1385,0.6794970631599426,0.01551315911879881,0.5535995364189148,0.061290031398239124
1386,0.6797230541706085,0.015766503825197793,0.5535200238227844,0.061346761056334784
1387,0.6796910762786865,0.01563007447656803,0.5535551309585571,0.06110315227194182
1388,0.679728090763092,0.015586494635207766,0.5533294081687927,0.060998796675028846
1389,0.6797514259815216,0.015564704714527634,0.5531859695911407,0.06091783257903942
1390,0.6797899901866913,0.015527362606746982,0.5529619753360748,0.060906031461456366
1391,0.6798024475574493,0.015523232215592913,0.5530302822589874,0.061169027796164344
1392,0.6798349916934967,0.015474763339805386,0.5528883337974548,0.060996857919997344
1393,0.6798505187034607,0.015424313562137845,0.552972674369812,0.06077980165016624
1394,0.6798859536647797,0.01538541202096229,0.5529118478298187,0.06081389845061155
1395,0.6799167692661285,0.015338629019115198,0.5528994202613831,0.06068893304477675
1396,0.6799512207508087,0.015303647134851156,0.5527589023113251,0.060609823410121805
1397,0.6799741983413696,0.01527696817974376,0.5526029765605927,0.060463152377303896
1398,0.6800080239772797,0.015254251028396388,0.5526391267776489,0.06031711354721365
1399,0.680043637752533,0.015214843725038701,0.5525636970996857,0.060239184024317
1400,0.693296492099762,0.003213528611561626,0.5195699036121368,0.02699889183444212
1401,0.693318098783493,0.0032406290351541314,0.5194404721260071,0.027098990599655492
1402,0.6933017075061798,0.003209693248347135,0.5194704830646515,0.02691788559160418
1403,0.6932795643806458,0.0031820870625724994,0.5195993185043335,0.026821664336453808
1404,0.693285197019577,0.003166281994380914,0.5194707810878754,0.02653047176009204
1405,0.6933180689811707,0.003201474612887511,0.5192247033119202,0.026519302845236657
1406,0.6933475136756897,0.003228027127449374,0.5190191864967346,0.02650817607722978
1407,0.6933318972587585,0.00318588027893848,0.5189322531223297,0.026109087568680123
1408,0.6933156549930573,0.0031785045804490733,0.5189435482025146,0.025960772808770287
1409,0.6933209002017975,0.003189378467364884,0.5189547538757324,0.026033855444088178
1410,0.6933135092258453,0.0031863438942721,0.5190242826938629,0.026134122796695594
1411,0.6933203339576721,0.003218754820776977,0.5191516578197479,0.026371072379023842
1412,0.6933401226997375,0.0032313988753302453,0.5189687311649323,0.02638784682473118
1413,0.6933065056800842,0.003200125913735162,0.5192500948905945,0.026240712176579646
1414,0.6932962536811829,0.0031905164322746783,0.5194530189037323,0.02620324362825346
1415,0.6933102607727051,0.003200547382220271,0.5193091034889221,0.026383337111940512
1416,0.6932979226112366,0.003218839114473999,0.5192042291164398,0.026508386811472336
1417,0.6933149099349976,0.003230303057268962,0.5190234184265137,0.02630831572159112
1418,0.69332554936409,0.0032356557070298457,0.5188434720039368,0.02627105790750749
1419,0.6933100819587708,0.003225076848053611,0.5188546478748322,0.026180147155269493
1420,0.6932958662509918,0.0032540317329805956,0.5188657939434052,0.02614339510336799
1421,0.693297266960144,0.0032706797381423986,0.5187632441520691,0.026106853785709046
1422,0.6933087706565857,0.003308274727014116,0.5186801254749298,0.02641768679347689
1423,0.6932929456233978,0.003375161775600905,0.5188234746456146,0.02656713951829652
1424,0.6932601928710938,0.003427381720905903,0.5189097821712494,0.02668928108528109
1425,0.6932685077190399,0.0034372862303059626,0.5187331289052963,0.02686391655208598
1426,0.6932621598243713,0.00341027010041048,0.5186882764101028,0.02648210825142579
1427,0.6932588815689087,0.00342915188854336,0.5187556147575378,0.026577212615090624
1428,0.6932401359081268,0.0034123352959875134,0.5188226252794266,0.026671853363421837
1429,0.693231612443924,0.0033932849204605896,0.518740713596344,0.026345742123068793
1430,0.6931960880756378,0.003454229263407342,0.5188445150852203,0.026230891960876607
1431,0.6932386457920074,0.003467041905354654,0.5188553631305695,0.026404115508256384
1432,0.6932445764541626,0.003475766302996409,0.5188108384609222,0.026446093769373232
1433,0.6932424008846283,0.003480950365363249,0.5187849700450897,0.026409847479653865
1434,0.6932409703731537,0.003458191067167366,0.5186673998832703,0.026243915337066475
1435,0.6932179927825928,0.003468095576567426,0.5186785757541656,0.02620830125007477
1436,0.6932139694690704,0.003461899989836325,0.518543541431427,0.026069511677928394
1437,0.6931595802307129,0.0034991999507684663,0.5186825394630432,0.02621491830529098
1438,0.6931405067443848,0.0034721416740244723,0.5187481939792633,0.02594817090106553
1439,0.6930126845836639,0.0035954212059188372,0.5191400647163391,0.026195783636067033
1440,0.6929464340209961,0.003635587152549719,0.5193310081958771,0.02641667526911263
1441,0.6929420232772827,0.0036795884623950924,0.5192140936851501,0.026559932407201156
1442,0.6928974986076355,0.0038271024321832217,0.5193319320678711,0.027033747278160627
1443,0.6928501725196838,0.003931036560611086,0.519485205411911,0.02730201196893247
1444,0.6927408277988434,0.004066791559664676,0.519673615694046,0.027569054401097495
1445,0.6927148997783661,0.004119053651818185,0.5197359025478363,0.02760715515215134
1446,0.6927031874656677,0.004092964752589941,0.5198514759540558,0.027518815357672508
1447,0.6926394402980804,0.004088455039799275,0.5200021266937256,0.0274812625156493
1448,0.6925816535949707,0.004160736884995459,0.5200277268886566,0.027418758739307644
1449,0.6925451457500458,0.004199891307262079,0.5201241374015808,0.02740666259378502
1450,0.6924157738685608,0.004279506704099158,0.5203438997268677,0.027269516748730568
1451,0.692350834608078,0.004391828055380691,0.5204567909240723,0.027382638890133808
1452,0.6923839151859283,0.004456481320996402,0.5203578472137451,0.027395620119475165
1453,0.6924740076065063,0.004525307124614692,0.520241767168045,0.027532808111378124
1454,0.6924594044685364,0.004505582399511594,0.5203015208244324,0.02732228460306621
1455,0.6925052106380463,0.004418802038427663,0.5203085541725159,0.02713742852549743
1456,0.6924754679203033,0.004484804003195723,0.5203330218791962,0.0272742793426123
1457,0.6924965977668762,0.0044404233717137516,0.5203399360179901,0.027238117346589954
1458,0.6924457550048828,0.004562059176516192,0.5204510688781738,0.02744779791793165
1459,0.6924186646938324,0.004581235992588649,0.5204576849937439,0.02736240840284858
1460,0.6924661099910736,0.004530238305890466,0.5203951001167297,0.027326246406826234
1461,0.6925617754459381,0.004372440505065679,0.5203845500946045,0.02721708606918302
1462,0.6925938725471497,0.0043628731704537065,0.5202707350254059,0.027351913837569367
1463,0.6925322413444519,0.004429718072191984,0.5203636288642883,0.027388960917410443
1464,0.6923934817314148,0.004620980470734421,0.5206275880336761,0.02766835237618916
1465,0.6922962069511414,0.004767904384643399,0.520907461643219,0.027970671720557803
1466,0.6922976076602936,0.004758927105910578,0.5211178660392761,0.028126867941139177
1467,0.692328691482544,0.004691365707747614,0.5213614106178284,0.028185957822751448
1468,0.692285031080246,0.00476044439245697,0.5215528905391693,0.0284612188903761
1469,0.6922561824321747,0.0048075645690921496,0.5215908885002136,0.028615265621683417
1470,0.6922311186790466,0.004853125312332426,0.5216456651687622,0.028840498380125635
1471,0.6921956837177277,0.004897000181632267,0.5217508971691132,0.02884981283364654
1472,0.6921566724777222,0.004973496711679539,0.5218556225299835,0.029097383421799534
1473,0.6921284794807434,0.005014884916917237,0.5219262838363647,0.029296358693619462
1474,0.6920003294944763,0.005207411720915001,0.5221476554870605,0.029707964816176855
1475,0.6920535862445831,0.0051023396275773425,0.5222341120243073,0.02950224604859518
1476,0.6920967400074005,0.0050565681500945115,0.5222533941268921,0.02958093421476502
1477,0.6921529471874237,0.004927851674742241,0.5224393308162689,0.02932919108860945
1478,0.6922426223754883,0.004820840826373081,0.5223416388034821,0.02933728328352354
1479,0.6922906637191772,0.004755007448999065,0.5221613645553589,0.029181044916093656
1480,0.6923277378082275,0.004796564241630806,0.5221640765666962,0.029283166730035552
1481,0.6923842132091522,0.004737853681655131,0.5221337080001831,0.02910433765180383
1482,0.6923804581165314,0.004661736473244456,0.5222519338130951,0.02880960474016715
1483,0.6923991143703461,0.004648670950206079,0.5221885740756989,0.02872564821793345
1484,0.6924369037151337,0.004614363415518212,0.5221090614795685,0.028665209637168825
1485,0.6924280524253845,0.004606060486361565,0.5222102105617523,0.028581927464511298
1486,0.6924375593662262,0.004626248826798284,0.5221473574638367,0.02854521755945831
1487,0.6924375593662262,0.004634678196500462,0.5220684111118317,0.02862407431302219
1488,0.6924756765365601,0.004570319958824327,0.5219409763813019,0.028403140533128087
1489,0.6924782991409302,0.004562817819789388,0.5219278037548065,0.02825208622806504
1490,0.6924709677696228,0.00454452608753566,0.5219633877277374,0.02803283832211137
1491,0.6924630701541901,0.004548698625538239,0.5219826400279999,0.02806630291982902
1492,0.6924524307250977,0.004556748673603819,0.5220018327236176,0.02805399604006384
1493,0.6924630403518677,0.004537276829591786,0.5220692455768585,0.02797332697201399
1494,0.6925039291381836,0.004489398009683411,0.5217663943767548,0.02796118867964285
1495,0.6925064027309418,0.004503095735449451,0.5217216610908508,0.02803996113950971
1496,0.6924757659435272,0.004515149734123567,0.5218213200569153,0.028095763566938135
1497,0.692476898431778,0.0045018313299941244,0.5218086540699005,0.027993051697117088
1498,0.6925033628940582,0.004455975558814272,0.5218119621276855,0.027777892035468973
1499,0.6924682259559631,0.004472707857673097,0.5220382213592529,0.027608714585546243
1500,0.69383105635643,0.000604933716676862,0.5008378624916077,0.002087701994138625
1501,0.6938468515872955,0.0005740822235668876,0.500696450471878,0.002166811628793573
1502,0.6938507556915283,0.000589802998061451,0.5006748288869858,0.002133241663954646
1503,0.6938190460205078,0.0005247282639606307,0.5006731152534485,0.0025197914850723104
1504,0.6938388049602509,0.0005657371475617306,0.5006121695041656,0.0022620635064281936
1505,0.6938312947750092,0.0005836074113303496,0.5007091015577316,0.0021170572741264627
1506,0.693828821182251,0.0005831437959967298,0.5008055716753006,0.0020839719980454106
1507,0.6938464343547821,0.0006000446822495983,0.5006859451532364,0.00207874578883006
1508,0.6938266158103943,0.0005887071800001678,0.5006842464208603,0.002184155056955806
1509,0.693812221288681,0.0005957457037014871,0.5009165406227112,0.002123526815372885
1510,0.6938234567642212,0.0005852511384222746,0.5008753389120102,0.0021182373858847675
1511,0.6938216686248779,0.0005491734360969493,0.5008537620306015,0.0022501570217238662
1512,0.6938640773296356,0.0006167348342599123,0.5006968080997467,0.0021351171987133806
1513,0.6939046382904053,0.000652686096039705,0.5005020052194595,0.002239072400565501
1514,0.6938698291778564,0.0006026999337057846,0.500481516122818,0.002315252829248942
1515,0.6938730478286743,0.0006477127679154195,0.500730112195015,0.0022823993608347
1516,0.6938794851303101,0.0006320341402693669,0.5008433014154434,0.002493639365571301
1517,0.6938690841197968,0.0006059452410411235,0.5007838904857635,0.002460490869217483
1518,0.6939399242401123,0.0007143890822596538,0.5007628798484802,0.0025353858190213414
1519,0.693985104560852,0.0007967440242499408,0.5008561462163925,0.0024485000908161334
1520,0.6938988566398621,0.000713546145289436,0.5011197924613953,0.0026572745049148467
1521,0.6939035952091217,0.0006943693292169792,0.5010981410741806,0.002516946572797825
1522,0.6938897669315338,0.0006543298231316298,0.5012465864419937,0.002617719687587373
1523,0.6938911974430084,0.0006603146756201768,0.5014131814241409,0.0027446659953021856
1524,0.6938779056072235,0.0006599775008320896,0.5014097839593887,0.002684901764113738
1525,0.693864494562149,0.0006501151382805405,0.5015751421451569,0.0027049425905806682
1526,0.6938467919826508,0.0006221296308693068,0.5016462057828903,0.0029100923757074447
1527,0.6938251256942749,0.0005861783690895142,0.5017355978488922,0.003035121001815012
1528,0.6938012838363647,0.0005453802197309688,0.501880407333374,0.00318588027893848
1529,0.693800687789917,0.00049876580527792,0.5018945038318634,0.0033621805462595495
1530,0.6937715411186218,0.000456197488281917,0.5020567923784256,0.0035900474827336984
1531,0.6937424838542938,0.00039588534806282765,0.5021258592605591,0.003947558125227357
1532,0.6937047839164734,0.00033717478808715227,0.5022868067026138,0.00422511619609585
1533,0.6936339735984802,0.00024394595918105465,0.5025022029876709,0.00457942367810268
1534,0.6935945451259613,0.000213979549889809,0.5028267204761505,0.004464826397001559
1535,0.6935510337352753,0.00017495156816872112,0.5030215382575989,0.004583891244044835
1536,0.693487823009491,7.9151781503459e-05,0.5032337009906769,0.004831503979046337
1537,0.6934405863285065,1.0410271582190825e-05,0.5033901929855347,0.005155318216155536
1538,0.6934131979942322,4.214684851089403e-06,0.5036732852458954,0.00504046805396335
1539,0.6934179067611694,2.132630534651238e-05,0.5037554502487183,0.0052596738130685095
1540,0.6935224831104279,9.386103163376101e-05,0.5035657435655594,0.005401097563246814
1541,0.6935106217861176,4.556074324027645e-05,0.5036839097738266,0.005720612821807902
1542,0.6934728622436523,4.830028839348456e-05,0.5038916170597076,0.0057073997847997375
1543,0.6934021413326263,3.4349681536378635e-05,0.5041163414716721,0.005923086282054237
1544,0.6933332085609436,0.00012467037789522454,0.5043579638004303,0.006163091510899523
1545,0.6932823359966278,0.0001559854863388188,0.5045984983444214,0.006300785264984614
1546,0.6932452321052551,0.00020264204764037852,0.5047486424446106,0.0063621510764164755
1547,0.6932478249073029,0.00018599404247857535,0.5048624873161316,0.006423179713060251
1548,0.6932455003261566,0.0001701468274384792,0.5050113797187805,0.006282915001215995
1549,0.6932314336299896,0.00018472963702324854,0.5051950514316559,0.006444210990467186
1550,0.6932159066200256,0.00024301872851381498,0.5053070783615112,0.006704804954810044
1551,0.6931519508361816,0.0003501560174285076,0.5055598616600037,0.006964260954243108
1552,0.6931540369987488,0.0003378491376633266,0.505617767572403,0.006998357754688421
1553,0.693129301071167,0.0003691220992584099,0.5056754350662231,0.007181401517771234
1554,0.693146824836731,0.0003838734962372228,0.5055925846099854,0.007413209184581151
1555,0.6930733919143677,0.0004910107851519154,0.5059648752212524,0.007545044526723227
1556,0.6930343508720398,0.0005882857115150589,0.5060388147830963,0.007898445851487074
1557,0.6929580271244049,0.0006926834552765434,0.5062691569328308,0.00807786498559795
1558,0.6929065883159637,0.0007938358917026891,0.5064115822315216,0.008379341392996375
1559,0.6927708387374878,0.0009661743552637348,0.5067267715930939,0.008777544817727303
1560,0.6471773982048035,0.05355625328388411,0.59375,0.15467960838455727
1561,0.6542978882789612,0.04857129262940961,0.59375,0.18782523875267668
1562,0.6565275490283966,0.049857993767598696,0.5833333283662796,0.19150809359583137
1563,0.6742026507854462,0.028216851462709934,0.548828125,0.16849028770460703
1564,0.6734802722930908,0.028609449356588913,0.5593750178813934,0.14584078204909512
1565,0.6756206452846527,0.022691315329234706,0.5638020783662796,0.11969256113157264
1566,0.6763363480567932,0.02131028954407824,0.575892835855484,0.09785853377447377
1567,0.676473081111908,0.01981534082739683,0.583984375,0.08562621178430849
1568,0.6779417395591736,0.01864020239721608,0.5789930522441864,0.08716073639174163
1569,0.6750465035438538,0.02394708068061679,0.581250011920929,0.08838834764831845
1570,0.6714043319225311,0.02803283832211137,0.5880681574344635,0.08437069931401747
1571,0.6711441278457642,0.028925044958238486,0.591796875,0.08562621178430849
1572,0.6716587841510773,0.02801876127470873,0.588942289352417,0.08668856524787408
1573,0.6713903844356537,0.028460628834496945,0.588169664144516,0.08996670497820292
1574,0.6747564077377319,0.024374281137123213,0.5838541686534882,0.08912494811974334
1575,0.6739974021911621,0.02589864835406523,0.58349609375,0.0904599495463259
1576,0.6766271591186523,0.02103035017626888,0.5818014740943909,0.08058941050616558
1577,0.6792223751544952,0.016782664342795447,0.5789930522441864,0.0736569704225482
1578,0.6810463070869446,0.014164207085359136,0.5748355388641357,0.06861726101185806
1579,0.6817031502723694,0.013088450923967076,0.5746093988418579,0.06352912487222888
1580,0.6823029220104218,0.011900036236505398,0.5732886791229248,0.058399431939967966
1581,0.6825239360332489,0.012403101020331429,0.5710227191448212,0.06126916870822623
1582,0.6823086738586426,0.012893563896452702,0.5726902186870575,0.06340904850082134
1583,0.6824137270450592,0.012733953781141947,0.5716145932674408,0.0626084269665084
1584,0.6821824610233307,0.013620554886417113,0.5712500214576721,0.06275573020205398
1585,0.6819513142108917,0.013885321388762549,0.5718148946762085,0.06246677140866328
1586,0.6820032596588135,0.014260807662146104,0.5708912014961243,0.06342679232404443
1587,0.6813626289367676,0.014893010389809514,0.5714285671710968,0.06471290340635436
1588,0.6817066669464111,0.01487539300713196,0.5692349076271057,0.06514832249832041
1589,0.6813838183879852,0.016069792547082188,0.5697916448116302,0.0685009778568165
1590,0.6812218725681305,0.016567462534298825,0.5693044364452362,0.06949893093585745
1591,0.681266725063324,0.016275848489451947,0.571533203125,0.06801759565124504
1592,0.681008905172348,0.016453328868531323,0.5724431872367859,0.06696088986537992
1593,0.6801347732543945,0.016492483290797944,0.5760569870471954,0.06336664877121938
1594,0.6798999607563019,0.01621090019589666,0.5770089328289032,0.061556188746585416
1595,0.6795584559440613,0.01637177471666274,0.577690988779068,0.059539377751642114
1596,0.6797114610671997,0.016134740840637474,0.578125,0.05852738977204704
1597,0.6791341006755829,0.017656874274608412,0.5793585479259491,0.06163921803815188
1598,0.6783580482006073,0.018665448359474108,0.5797275602817535,0.062325115850818166
1599,0.6769926249980927,0.020728030831900238,0.5816406309604645,0.06518638110252574
1600,0.6674834191799164,0.03860798837567681,0.5801747441291809,0.11321494876366058
1601,0.6676745116710663,0.03840964530658455,0.5798710435628891,0.11306728727990266
1602,0.6675374805927277,0.03854046912436236,0.5800849497318268,0.11308880324606746
1603,0.667603611946106,0.03842629331174635,0.5800601840019226,0.11288620334527559
1604,0.6676703691482544,0.03828577571881103,0.580055296421051,0.11260086918085685
1605,0.6676481068134308,0.03832670030871511,0.5800701081752777,0.11273485401227297
1606,0.6675574481487274,0.038477164557899,0.5801831185817719,0.11289593926728161
1607,0.667493611574173,0.03853743455126958,0.5802759528160095,0.11297302585320804
1608,0.6675955653190613,0.03840833875428071,0.5802119374275208,0.11299443645225157
1609,0.6675379276275635,0.0385011461147017,0.5803432166576385,0.11296059253289732
1610,0.6675107777118683,0.0385290051815674,0.5803765952587128,0.11300939858347293
1611,0.6674554347991943,0.03859572364276014,0.5804097950458527,0.11305803604665451
1612,0.6674298048019409,0.03859066602093884,0.5805396437644958,0.11302427642099729
1613,0.6674191057682037,0.03860031764924783,0.5805336833000183,0.11301803868741768
1614,0.6674359142780304,0.03855707498267565,0.5805470049381256,0.11298453194285152
1615,0.667387992143631,0.03858042433675069,0.5806563198566437,0.11286972392750784
1616,0.667416900396347,0.038532039754660186,0.5806309282779694,0.1127825642447873
1617,0.6674151718616486,0.03857393372208001,0.5805483460426331,0.11283099097372633
1618,0.6673780679702759,0.03857237428868511,0.580714076757431,0.11279832716613038
1619,0.667384147644043,0.03857953925293196,0.5807077586650848,0.11279267948842993
1620,0.6673038005828857,0.038688025240999,0.5807774066925049,0.11284076904258085
1621,0.6672670245170593,0.03873463965545205,0.5809035301208496,0.11291536896444514
1622,0.6671994030475616,0.03884653953824847,0.5808590054512024,0.11301635281347723
1623,0.6672003865242004,0.03881244273780316,0.5809089541435242,0.11277038380556766
1624,0.6672574579715729,0.038728106893932863,0.5808270573616028,0.11260542104049602
1625,0.6673119068145752,0.038645878392488106,0.5807830989360809,0.1125473005363995
1626,0.6671630442142487,0.03883693005678799,0.5809637904167175,0.11270109438661575
1627,0.6671711802482605,0.03883907954606205,0.5809569954872131,0.11269578388370338
1628,0.6672116219997406,0.03875558663916197,0.5810061097145081,0.11261157448037862
1629,0.6672537922859192,0.0386953587926399,0.5809621214866638,0.11250140261837113
1630,0.6671680808067322,0.03876397386201563,0.5811777114868164,0.1123918208122428
1631,0.6670056283473969,0.038971884265719875,0.5813368856906891,0.11262257480783995
1632,0.6668901443481445,0.0391341074856383,0.5815137326717377,0.1127740505813881
1633,0.6668196320533752,0.03918754968955012,0.5818001329898834,0.11276865578477871
1634,0.6666854619979858,0.03936254340456735,0.5819383263587952,0.11297091851078249
1635,0.666673332452774,0.03931909000375262,0.5820575654506683,0.11299102255752219
1636,0.6665904521942139,0.039398536813195655,0.5822310447692871,0.11303683618185353
1637,0.6665743887424469,0.03942057961496685,0.5822761654853821,0.11305664520065366
1638,0.6665160655975342,0.03947364249724207,0.5824483633041382,0.11294782203779852
1639,0.6665670573711395,0.03943027339012436,0.5824201703071594,0.11301905021178194
1640,0.6665047407150269,0.03953323814103647,0.582446426153183,0.11306435807393114
1641,0.6666747033596039,0.03929869092907334,0.5822197496891022,0.11285412959355881
1642,0.6666849851608276,0.039225060384724814,0.5822283029556274,0.11272124058020395
1643,0.6666182577610016,0.03928562540603497,0.5823986232280731,0.1125635692199247
1644,0.666740357875824,0.03909996853834448,0.5823708772659302,0.11243202890572221
1645,0.6666800677776337,0.03908930538567122,0.5824685096740723,0.1122757483914438
1646,0.6666248738765717,0.03913128364678808,0.5825835466384888,0.11214543033584812
1647,0.6665710806846619,0.039167403495961914,0.5826980471611023,0.1122675719028327
1648,0.6665360927581787,0.039209128875987695,0.582740992307663,0.11223836413681465
1649,0.6664539873600006,0.03917410484487514,0.5828014016151428,0.11193351598153535
1650,0.6665577590465546,0.039074385401298366,0.5826846957206726,0.11188015807132055
1651,0.6665012240409851,0.039159985650623994,0.5826920568943024,0.11220152779121613
1652,0.6663203537464142,0.03925123357765008,0.5830691754817963,0.11229728543103287
1653,0.666294515132904,0.03930792108889723,0.582952618598938,0.11254169500554755
1654,0.666211724281311,0.039354366915956236,0.5831346213817596,0.11256188334598427
1655,0.6661851406097412,0.03952632605788069,0.5832458436489105,0.1128293472466344
1656,0.6660974323749542,0.03967860262155055,0.5832518637180328,0.11279942298419167
1657,0.6659098863601685,0.039922253552792025,0.5834320187568665,0.11286816449411294
1658,0.6658822298049927,0.03994669872492834,0.5835070908069611,0.11293656882924612
1659,0.6657359898090363,0.04012687650231241,0.5835644900798798,0.11312724117190939
1660,0.665755033493042,0.04009792161738543,0.5835870504379272,0.11297462743345145
1661,0.6656577885150909,0.04020257224223798,0.5837475955486298,0.11311560864172039
1662,0.6656086444854736,0.04029280864489981,0.5839762985706329,0.1130123488628687
1663,0.6655625402927399,0.04037512144004158,0.5839118957519531,0.11317693230630374
1664,0.6655192673206329,0.04041237925412521,0.5840706527233124,0.11321954277014826
1665,0.6654136478900909,0.04057152575410235,0.5841773748397827,0.1134313306839155
1666,0.6653914749622345,0.040557617294093753,0.5842836499214172,0.11335243178350311
1667,0.6652844250202179,0.04068953692993285,0.5844065248966217,0.11349071559346735
1668,0.665203332901001,0.04081306934291828,0.5843248665332794,0.11377267801000523
1669,0.6650880575180054,0.040925095666260236,0.58446404337883,0.11364556311489638
1670,0.6650669574737549,0.04094364027960503,0.5845180153846741,0.11359089865237774
1671,0.6650542616844177,0.04104656288366863,0.5844197571277618,0.11399015574832144
1672,0.6650655269622803,0.04103931362572476,0.5844230055809021,0.11395875634618083
1673,0.6650013327598572,0.041128243476082745,0.5845103561878204,0.11404637964423497
1674,0.6649248003959656,0.04119997741224829,0.584614098072052,0.11406252188721465
1675,0.664815366268158,0.0413597982618016,0.5847173929214478,0.11426794562685674
1676,0.6647236347198486,0.041490453492185365,0.5848035216331482,0.1144488399006655
1677,0.6646216511726379,0.04156884663041563,0.5848726332187653,0.11427532132534615
1678,0.6645578742027283,0.04167151635338817,0.5848748981952667,0.11452609507398598
1679,0.6644368767738342,0.041803857457712375,0.5850265622138977,0.11451745497004123
1680,0.6643844246864319,0.0418577211301093,0.5852272808551788,0.11462606739865382
1681,0.6642453670501709,0.042035918005613356,0.5853444933891296,0.11485108942285348
1682,0.6641216278076172,0.042115828430390016,0.5855766534805298,0.11463192581059682
1683,0.6640972197055817,0.04207229073587826,0.5856432616710663,0.11432058704064685
1684,0.6640042066574097,0.0421057131867474,0.5858902931213379,0.11412666939064824
1685,0.663891077041626,0.04228036972697655,0.5859887301921844,0.11432766771119668
1686,0.663798987865448,0.0423807635201295,0.5860213339328766,0.11415764732430374
1687,0.6637653112411499,0.042401499769596854,0.5860211551189423,0.11389608398244513
1688,0.6636301279067993,0.042431845500524694,0.586167573928833,0.11365858649108625
1689,0.6634476780891418,0.04263339173010379,0.586313396692276,0.11369799379444392
1690,0.6632842123508453,0.04283118689016542,0.5865721702575684,0.11380601616717735
1691,0.6634621620178223,0.042663315992546524,0.5865060985088348,0.1139593885489085
1692,0.6633417308330536,0.042748663360781085,0.5865210592746735,0.11386084921709003
1693,0.6632224023342133,0.04292104397119064,0.5866649448871613,0.11412747018076994
1694,0.6632910668849945,0.04292180261446384,0.5867277979850769,0.11414268519308236
1695,0.6631582975387573,0.043105014964940694,0.5868867337703705,0.114294118819782
1696,0.6628988087177277,0.043440040263753796,0.5871090590953827,0.11453553596805241
1697,0.662745475769043,0.04363572808138987,0.5872825384140015,0.11470812731270452
1698,0.6626954674720764,0.04368976034118084,0.5873436331748962,0.11481231432222345
1699,0.6625398695468903,0.043818181788593535,0.5875318646430969,0.11500618982537357
1700,0.6610069870948792,0.05602521566965228,0.5987671613693237,0.1377030263917632
1701,0.6610163748264313,0.055926549897288284,0.598814070224762,0.1373804344132608
1702,0.6611429750919342,0.05569246630065878,0.5987615287303925,0.1370875559629586
1703,0.6609875559806824,0.05590180969721239,0.5988478064537048,0.1371041196744234
1704,0.6607179343700409,0.05602492064171271,0.5992298424243927,0.13692512200879764
1705,0.6607170701026917,0.05600995851049134,0.5992357432842255,0.13688634690816762
1706,0.6605956554412842,0.05603971418554003,0.599496990442276,0.13676437392857707
1707,0.6605419814586639,0.05603065261311019,0.5994825959205627,0.13675387936329786
1708,0.6605502665042877,0.056022307537105034,0.5994877815246582,0.13671577861224402
1709,0.6605404317378998,0.05595554692906378,0.5995514690876007,0.13653998410710508
1710,0.6605379581451416,0.055971604878346425,0.59947869181633,0.13650264199932444
1711,0.660495400428772,0.05592726639371297,0.5995420813560486,0.13638315568379605
1712,0.6603909432888031,0.05607212511204491,0.5996051132678986,0.13653796105837657
1713,0.660302609205246,0.056188534707632,0.5996485948562622,0.13666469663184883
1714,0.6602030694484711,0.056265326265618844,0.5998459160327911,0.13651848921436452
1715,0.6601306796073914,0.05618941979145073,0.6001383364200592,0.13623703256000877
1716,0.6599757969379425,0.05635400323488577,0.600275993347168,0.136390742116528
1717,0.6598186790943146,0.056524782265051914,0.6002791523933411,0.1366247414194605
1718,0.6597555875778198,0.05652659457953788,0.6003394722938538,0.136560931090815
1719,0.6596838533878326,0.0567541454146482,0.6004946827888489,0.13668577005610427
1720,0.6595572829246521,0.05689976277625333,0.6005352139472961,0.1367563238805115
1721,0.6594906449317932,0.05692269066184326,0.6006323993206024,0.1366391134948027
1722,0.6594856381416321,0.056865455241565464,0.6005779802799225,0.13657589322203637
1723,0.6594020128250122,0.05699155861231006,0.600655734539032,0.1367527835452366
1724,0.6592867076396942,0.057089971503583,0.6007894575595856,0.13668960541931874
1725,0.659296452999115,0.05708630472776255,0.6007538139820099,0.13665319054220534
1726,0.6591269075870514,0.057346561517317325,0.6007744669914246,0.13701384112491305
1727,0.6589772701263428,0.05762418280845858,0.6008696854114532,0.13726718583131203
1728,0.6588649153709412,0.05772786405579538,0.600945770740509,0.13733500011056607
1729,0.6587087213993073,0.057898685232810033,0.6010772883892059,0.1374287768485028
1730,0.6585418879985809,0.058000596312509374,0.6013193130493164,0.1372600630139137
1731,0.6585214734077454,0.05807945306607326,0.6012274622917175,0.1375104152940684
1732,0.6584084033966064,0.05819358673184076,0.6013020277023315,0.13762918511317213
1733,0.6583877801895142,0.05819569407426631,0.6011922359466553,0.13785146759221856
1734,0.6582102179527283,0.058435003880111164,0.6013766527175903,0.13807273854690075
1735,0.658206045627594,0.05841730220373659,0.6013953983783722,0.13805988375810493
1736,0.6581768691539764,0.05847272530952841,0.6014140546321869,0.13825375926125505
1737,0.6580770909786224,0.05856645990061664,0.6015055179595947,0.13829207074655145
1738,0.6578234434127808,0.058901906667914845,0.6015238463878632,0.13869023202443387
1739,0.6576798260211945,0.059074750893658025,0.6017053723335266,0.13870173811407735
1740,0.6575258672237396,0.059257331041407214,0.6018317341804504,0.1387387430470699
1741,0.657424658536911,0.05939017790791355,0.6019033789634705,0.13880112038286604
1742,0.6574971079826355,0.05928013248645161,0.6019205749034882,0.138837745994222
1743,0.6573453545570374,0.05945183874728499,0.6020815372467041,0.13892503211748805
1744,0.6572259068489075,0.059600870003619515,0.6021520793437958,0.13913875878628681
1745,0.6571240127086639,0.059731230206063704,0.602168619632721,0.13937676203982782
1746,0.6570321917533875,0.059824332594424275,0.6022029221057892,0.139537973735382
1747,0.6569500863552094,0.05994356602886159,0.6023083627223969,0.13974879227163348
1748,0.6568454504013062,0.060070470189727894,0.6023066639900208,0.14000896476749122
1749,0.6567380130290985,0.0601919795539848,0.6023935973644257,0.14019268288015022
1750,0.656669557094574,0.06028036149531214,0.602462500333786,0.14035056497467202
1751,0.6565908789634705,0.06036625677257735,0.6024251580238342,0.14060761860373996
1752,0.6565043926239014,0.06046479610439582,0.6024936437606812,0.14061444639319873
1753,0.6562527120113373,0.060802603095210635,0.602702409029007,0.14091937884217506
1754,0.6561557948589325,0.06095888360948903,0.6026647984981537,0.14127256943269634
1755,0.6561305224895477,0.06095003277130174,0.6027672588825226,0.14117891913530514
1756,0.6560614705085754,0.061022736084983036,0.6029042303562164,0.14118439822561155
1757,0.6558801829814911,0.061272793337198164,0.6029360592365265,0.1415838660557978
1758,0.6557172536849976,0.06149966982273231,0.6029503643512726,0.14195703425251327
1759,0.6557076871395111,0.061491788362060776,0.6030166447162628,0.1420098021068489
1760,0.6556444466114044,0.06154826513906537,0.6031345129013062,0.14189107443459373
1761,0.6556040048599243,0.06158118182775238,0.6031310260295868,0.14189490979780822
1762,0.6554714441299438,0.06174757758567339,0.6031792461872101,0.1419717856494921
1763,0.6552380919456482,0.06206578629193064,0.6033475399017334,0.14216983369064476
1764,0.6550883948802948,0.06225102169113602,0.6034464836120605,0.14222159002061616
1765,0.65496426820755,0.06237219388060484,0.6036476790904999,0.14222466674055745
1766,0.6549063920974731,0.062439544544525244,0.6036772727966309,0.14227604374889222
1767,0.654807448387146,0.06253622941500923,0.6036897003650665,0.14225492817778826
1768,0.6548930108547211,0.062372404614847395,0.6036850810050964,0.14206556238742882
1769,0.654847115278244,0.06241573157511659,0.6037143766880035,0.1421169393957636
1770,0.6545774340629578,0.06277343187842854,0.6038620471954346,0.142383518212595
1771,0.6545565724372864,0.06273002062446233,0.6039752662181854,0.14250561763273106
1772,0.654318779706955,0.06303638606628802,0.6040880382061005,0.14267487937635082
1773,0.6542827486991882,0.06301779930609472,0.6041834652423859,0.14267690242507933
1774,0.6542039215564728,0.06300511310469294,0.6043456196784973,0.14258405291780984
1775,0.654138058423996,0.06311182892512252,0.6043899059295654,0.14279942331370052
1776,0.653907060623169,0.0634069833052443,0.6046678721904755,0.14287204233368478
1777,0.6537373960018158,0.06360519993379105,0.6048445999622345,0.1428972461490943
1778,0.6536935567855835,0.06365404813121517,0.6049041748046875,0.14303999752500068
1779,0.6535764634609222,0.0637315561856267,0.6048970520496368,0.14294731660512522
1780,0.6534074544906616,0.06395295358085443,0.6050059497356415,0.14325330272531434
1781,0.6532998085021973,0.06384960950830572,0.6051970422267914,0.1430203149467461
1782,0.6531887948513031,0.06398595456323845,0.6052058637142181,0.14309162741442652
1783,0.6531866192817688,0.06398447942354057,0.6051816940307617,0.14311603043971435
1784,0.6530891060829163,0.06410560946616088,0.6052562296390533,0.14323324082542313
1785,0.6531244218349457,0.06401596311937821,0.6053632199764252,0.1430718183956264
1786,0.6530021727085114,0.06412874808599336,0.6053879857063293,0.14325806531919605
1787,0.652905136346817,0.06421835228592752,0.6055268943309784,0.14337426418054058
1788,0.6528216898441315,0.06428148826499684,0.6055512130260468,0.14332874558414882
1789,0.6525821387767792,0.06460736769768308,0.605802983045578,0.1435592045518064
1790,0.6524800956249237,0.06463248721939557,0.6059563755989075,0.14346761944999223
1791,0.6523844599723816,0.06471530577671948,0.6060605943202972,0.14349084236352172
1792,0.6523385643959045,0.06478029621712328,0.6060028374195099,0.14360539749777435
1793,0.6522785723209381,0.06483209469394317,0.606025904417038,0.14365100038786313
1794,0.6523140966892242,0.06477359486821005,0.6060650050640106,0.14358272249327547
1795,0.6523138880729675,0.06469617110749554,0.6061520576477051,0.1433557617140443
1796,0.6522009968757629,0.06465486719595485,0.6062388122081757,0.1431750781744781
1797,0.6521340906620026,0.06465802820959318,0.6063251495361328,0.1429951532781851
1798,0.6520863771438599,0.06457158502329734,0.6063792407512665,0.1429061812809786
1799,0.652037650346756,0.06465280200037782,0.6064331233501434,0.14290761427382798
1800,0.6282443106174469,0.06738627800740037,0.6305258572101593,0.08443864003381703
1801,0.6280750334262848,0.06736436164617471,0.6307306587696075,0.08430798480343325
1802,0.6280695199966431,0.06747567147309197,0.6307359337806702,0.0844026044783402
1803,0.628106951713562,0.06747558717939495,0.6307214200496674,0.08435670656031186
1804,0.6280173659324646,0.0674336089182781,0.6308846771717072,0.08422723144168638
1805,0.6280074119567871,0.06739887991510513,0.6308895349502563,0.0838198821508286
1806,0.6280412971973419,0.067458349118354,0.6307371854782104,0.0840814454926872
1807,0.6280225813388824,0.06740988024256647,0.6308208107948303,0.0840091215006425
1808,0.6280502378940582,0.06717470082787567,0.6307671070098877,0.08396478301600904
1809,0.6279374063014984,0.06699195209273244,0.6308112442493439,0.08356215417218447
1810,0.6279670894145966,0.06692738312081375,0.630855143070221,0.08349164249462575
1811,0.6279770731925964,0.06685400545755629,0.6309570074081421,0.08355865598375807
1812,0.627862811088562,0.06708943775333814,0.6311938464641571,0.0835432723840516
1813,0.6279269158840179,0.06712184867984301,0.6311206519603729,0.08363717556253386
1814,0.6278706192970276,0.0670169451738994,0.6312789022922516,0.08367611925055793
1815,0.6277574002742767,0.06729102612976574,0.6313211023807526,0.08398657293668918
1816,0.6276719272136688,0.06718169720472848,0.6314014196395874,0.08386186041194545
1817,0.6275986731052399,0.06720074758025542,0.6315004527568817,0.08398109384638276
1818,0.6275534331798553,0.06727408309666437,0.6316943764686584,0.08401881527580002
1819,0.6275586187839508,0.0671020396610429,0.6317351460456848,0.08400254659227481
1820,0.627510666847229,0.06697892871654258,0.6317947208881378,0.08390581957494231
1821,0.6273697018623352,0.06688544700654542,0.6320243775844574,0.08383636156859635
1822,0.6271571218967438,0.06688253887399816,0.6322907507419586,0.0838206829409503
1823,0.6271272301673889,0.06687929356666282,0.6322166323661804,0.08401822521992086
1824,0.6272515952587128,0.06679209173709379,0.632199227809906,0.08397557260922783
1825,0.6272559762001038,0.06672857643638787,0.6322944760322571,0.08403921435047929
1826,0.6270800530910492,0.06652412207426152,0.632651150226593,0.08378506885395859
1827,0.6270306408405304,0.06653390014311605,0.6326701939105988,0.08390160489009121
1828,0.6270913779735565,0.0663889992779356,0.6326891779899597,0.08385966877582288
1829,0.627109706401825,0.06646271411598115,0.6326894462108612,0.08415937501558385
1830,0.6272759139537811,0.0665371875972999,0.632782369852066,0.08416940596552944
1831,0.627289891242981,0.06663694918772518,0.6328379213809967,0.08428396109978205
1832,0.6271304786205292,0.06644682475409254,0.633059173822403,0.08405889692873388
1833,0.6270781457424164,0.0665186429839551,0.633095383644104,0.08419920378742664
1834,0.6269048452377319,0.06669898934873322,0.6333516836166382,0.08449456890179098
1835,0.6268528401851654,0.06688102158745177,0.6333870589733124,0.0847367868401831
1836,0.6267602145671844,0.06675491821670718,0.6336962878704071,0.08453861235848487
1837,0.6267388463020325,0.06683984411645663,0.6337306797504425,0.08462492910423518
1838,0.6265982985496521,0.06680056325364447,0.6339649558067322,0.08442797688114377
1839,0.62649866938591,0.0671148523029902,0.6339985430240631,0.08492467749084466
1840,0.626493901014328,0.06721920789990318,0.6340320110321045,0.08506068537098932
1841,0.6263294816017151,0.06720213842625627,0.6342819929122925,0.08494065114643029
1842,0.6263278126716614,0.0670756978807236,0.6343686878681183,0.08469379705470198
1843,0.6262362897396088,0.06706983946878058,0.6345987915992737,0.0846006103726444
1844,0.6262292265892029,0.06699688327400821,0.6347202062606812,0.08450788730592043
1845,0.626218169927597,0.06702440516608583,0.6347337663173676,0.08466859323929246
1846,0.6262089312076569,0.06705938705034988,0.6347829401493073,0.08472759882720772
1847,0.6262255609035492,0.06692409566662991,0.6347250044345856,0.08483667487115391
1848,0.6260741353034973,0.06666830644301729,0.6350405216217041,0.08451808684326007
1849,0.6259667575359344,0.06671816616480568,0.6352127492427826,0.08445162126315839
1850,0.625929206609726,0.06684190931203367,0.6352604031562805,0.08461064132258998
1851,0.6258997321128845,0.06689800676740167,0.6354666650295258,0.08449435816754843
1852,0.6260619163513184,0.06660694063158543,0.6354254484176636,0.08412957719368665
1853,0.6261640191078186,0.06644534961439466,0.6354020237922668,0.08403972011266142
1854,0.6262377798557281,0.066320889970742,0.6354663372039795,0.08382637276549927
1855,0.6261070370674133,0.06622348860383331,0.6356528103351593,0.08363869284908027
1856,0.6262403726577759,0.06608887156968951,0.6355766654014587,0.0835258657356166
1857,0.6261996328830719,0.0660516559024544,0.6356227397918701,0.08343820029071394
1858,0.6262647807598114,0.06595395950760614,0.6354774832725525,0.08342462900549343
1859,0.626227468252182,0.06604196212729689,0.6354715824127197,0.08355823451527296
1860,0.6261903643608093,0.06618024593726114,0.6354829668998718,0.08381356012355196
1861,0.6261270046234131,0.06617383961628748,0.6355979144573212,0.0838725235646187
1862,0.6260600388050079,0.0659475531866325,0.6357984244823456,0.0837119440717922
1863,0.625958651304245,0.06601288080182438,0.6359465420246124,0.08377086536601042
1864,0.6259374618530273,0.0660892087444776,0.6359739303588867,0.08385376821703135
1865,0.6259382367134094,0.06588108760653082,0.636069655418396,0.08364589996017563
1866,0.6259225308895111,0.06580105074120862,0.6361991167068481,0.08372867637065101
1867,0.6259414553642273,0.06573492233589504,0.63627690076828,0.08397978729407893
1868,0.6260970532894135,0.06565749857518052,0.636235386133194,0.08410955744064397
1869,0.626220315694809,0.06546488747748573,0.6362788379192352,0.08416679286092175
1870,0.6261949241161346,0.06549742484453615,0.6363559365272522,0.08436745400668212
1871,0.6261456310749054,0.06553004650528357,0.6365171670913696,0.08439999137373254
1872,0.6260322332382202,0.06565324174348092,0.6367788016796112,0.08438477636142011
1873,0.6259532272815704,0.06556831584373146,0.6369383931159973,0.0842269364137468
1874,0.6259277164936066,0.06565328389032943,0.6370805501937866,0.08423587154563111
1875,0.6258395612239838,0.06572805239958775,0.6372388303279877,0.0842210780018038
1876,0.6257949471473694,0.06557375278718937,0.6373462975025177,0.08413551989932667
1877,0.6257675886154175,0.06565231451281368,0.6374533176422119,0.08428602629535908
1878,0.6256459951400757,0.06572033952631026,0.637626439332962,0.08429475069300084
1879,0.6255413591861725,0.06580821570545548,0.6378153860569,0.08442085406374543
1880,0.625472754240036,0.06584673792499443,0.6378876268863678,0.08452293373083881
1881,0.6252538561820984,0.06601241718649076,0.6381248533725739,0.08457789322129702
1882,0.625175803899765,0.06596323181427854,0.6382950842380524,0.08453928670806105
1883,0.6249835789203644,0.0659518521651806,0.6386127173900604,0.08452411384259712
1884,0.6246856451034546,0.06599100658744722,0.6388633251190186,0.08436964564280469
1885,0.6247198283672333,0.06580543401345375,0.6389981508255005,0.08437807501250687
1886,0.6246816515922546,0.06579603526623583,0.6390669941902161,0.08420139542354921
1887,0.6247323155403137,0.06569918180835779,0.6391355395317078,0.08402547447786474
1888,0.6247969567775726,0.06569543073884032,0.6390409171581268,0.08380424567003106
1889,0.6247335076332092,0.06579729967169115,0.6391905248165131,0.08379075867850756
1890,0.6247403025627136,0.06572919036449755,0.6392745971679688,0.08363974652029303
1891,0.624853640794754,0.06546682623251723,0.6391155123710632,0.0832832684755879
1892,0.6249638199806213,0.06519080652161939,0.6390216946601868,0.08288262053364333
1893,0.6249860525131226,0.06506419738869267,0.6390411257743835,0.08268882932419024
1894,0.6249831914901733,0.06494205582170809,0.6390926539897919,0.08240480171207533
1895,0.6249169707298279,0.0647730469591794,0.639176070690155,0.08221273852341118
1896,0.6248438656330109,0.06451877502211319,0.6392591595649719,0.08179489466727417
1897,0.624974399805069,0.0643342561193325,0.6391180455684662,0.0814692259688305
1898,0.6250579357147217,0.06416680669019871,0.6390094459056854,0.08119004524429434
1899,0.6250837445259094,0.06415871449528461,0.638996809720993,0.08109209596835502
1900,0.6382404863834381,0.035847285504516234,0.6445299983024597,0.1077418433097329
1901,0.6383256018161774,0.03565872050427849,0.6443608701229095,0.10746742517907847
1902,0.6382922828197479,0.0356034238390322,0.6444109082221985,0.10739084435533416
1903,0.6382463276386261,0.03548086080356252,0.6443419456481934,0.10737069816174596
1904,0.6381602883338928,0.035599841356908773,0.6445695161819458,0.1075461133452483
1905,0.6379688084125519,0.03553716899317307,0.6445792615413666,0.10746995398998911
1906,0.6379431784152985,0.035481113684653585,0.6444710791110992,0.10750535734273826
1907,0.6378694176673889,0.03538489242950321,0.6444026529788971,0.10731881539122905
1908,0.6378030478954315,0.03526152860391183,0.6444713771343231,0.10705025567251764
1909,0.6377556324005127,0.03516050260803121,0.6444032788276672,0.10642450141267638
1910,0.6378320455551147,0.03505277526323737,0.6442966163158417,0.1061320444308593
1911,0.637658566236496,0.03477987441912933,0.6442874670028687,0.1057037903031401
1912,0.6375933885574341,0.034159093487412376,0.6442784070968628,0.10516818815226366
1913,0.6375292837619781,0.03414210830746248,0.6443852186203003,0.1050174710219887
1914,0.6375649571418762,0.033944144560006814,0.6442411243915558,0.10456789058892299
1915,0.6374817490577698,0.03358842515857487,0.6442322432994843,0.1040390319338083
1916,0.6374562978744507,0.033490138707847464,0.6441275775432587,0.10359404550723028
1917,0.637403279542923,0.03336163296673775,0.644271969795227,0.10290793696032144
1918,0.637321263551712,0.03309341042281442,0.6444156169891357,0.10249489784491467
1919,0.637267529964447,0.03280247072754371,0.6445015072822571,0.10205690779518946
1920,0.6371666193008423,0.0327969916372373,0.6445680260658264,0.10180900003224838
1921,0.6372552812099457,0.03270591229760526,0.6445773839950562,0.10137480319888915
1922,0.637052059173584,0.03231592750833395,0.6447378396987915,0.10062222907187864
1923,0.636912614107132,0.03200897201062911,0.6449351906776428,0.10003310042339335
1924,0.6368767023086548,0.03191342510505492,0.6450188159942627,0.09965951075819279
1925,0.6368499100208282,0.03169809685601276,0.6451394855976105,0.09907556617207434
1926,0.6367501318454742,0.031388148932063646,0.6452783644199371,0.0984679772039413
1927,0.636571615934372,0.03110416346679724,0.6455658376216888,0.09796878993017827
1928,0.6364588141441345,0.030932920821297477,0.6458147168159485,0.09763005570869622
1929,0.6364036798477173,0.03058689519502304,0.645858108997345,0.09700392212721838
1930,0.6362212598323822,0.030377046036287297,0.6461236476898193,0.09664280792917704
1931,0.6361186504364014,0.03038433744107968,0.6462215185165405,0.09636185703700342
1932,0.6359122097492218,0.03037299993883025,0.6465033888816833,0.0961865261471981
1933,0.635671854019165,0.030405579452729172,0.6468023061752319,0.09603808494674274
1934,0.635385662317276,0.03038513823120139,0.6471549272537231,0.09586435563718082
1935,0.6351023316383362,0.030192737867749158,0.6474325954914093,0.09553607383412947
1936,0.6347132921218872,0.029950056314023428,0.6479099690914154,0.09513180126321298
1937,0.6345957815647125,0.029758836062329503,0.6481663882732391,0.09488406208766594
1938,0.6345432698726654,0.029428910532186225,0.6484034061431885,0.09466325474831737
1939,0.6342326998710632,0.02940282163295798,0.6487844586372375,0.09444341678648455
1940,0.6342401504516602,0.02880922541853055,0.6490370631217957,0.09389179883317396
1941,0.6338847875595093,0.028825915570540865,0.6493426859378815,0.09357262074940097
1942,0.6336552798748016,0.028646833611218076,0.6495748162269592,0.09330587334517551
1943,0.6335168182849884,0.02836090939092017,0.6497879028320312,0.09270991690723147
1944,0.6332124173641205,0.027911539692097018,0.6501255333423615,0.0921927329291543
1945,0.6331438720226288,0.027897799819482465,0.6501932442188263,0.09200686532722124
1946,0.6328772902488708,0.028122737549985108,0.6505284011363983,0.091897620695881
1947,0.6326755285263062,0.027930379333381387,0.650790810585022,0.09153697011317329
1948,0.6325422823429108,0.02775938956897269,0.6509987413883209,0.09125336396954348
1949,0.6322231590747833,0.027552195661693136,0.6513120532035828,0.09092086748164104
1950,0.5400351881980896,0.0071901680622615,0.7578125,0.03314563036811941
1951,0.4991879165172577,0.015489346149390154,0.79296875,0.027621358640099514
1952,0.520676851272583,0.0024620503026123856,0.7708333432674408,0.014731377225770236
1953,0.5274659097194672,0.03631654851583653,0.771484375,0.008286407592029853
1954,0.5196316689252853,0.033352508174035136,0.7734375,0.011048543456039806
1955,0.517122745513916,0.014075951584577324,0.7786458134651184,0.0
1956,0.5165718793869019,0.002323471464708566,0.78125,0.012626942932772786
1957,0.5113350749015808,0.005658382999981567,0.7861328125,0.006905339660024878
1958,0.5061082541942596,0.015854590738585563,0.7855902910232544,0.006138098429732564
1959,0.5052482485771179,0.005563468297135034,0.7867187559604645,0.014363098063482044
1960,0.5040739923715591,0.013506358000376846,0.7862215936183929,0.0010044015468631156
1961,0.5059022605419159,0.004067297321846807,0.7864583432674408,0.009207105497750334
1962,0.5098240077495575,0.003916327310480784,0.7836538255214691,0.008498869855373271
1963,0.5057915151119232,0.007568014559161665,0.78515625,0.003945872251286921
1964,0.508304089307785,0.008037446157876002,0.78125,0.002946317592002558
1965,0.5099335610866547,0.0015298041603999206,0.77880859375,0.004833737762017415
1966,0.509359747171402,0.0020525093756320286,0.7780330777168274,0.0071490327381148674
1967,0.5109487473964691,0.0005729864055056044,0.7786458432674408,0.0036828337697304312
1968,0.5125832557678223,0.0009629711947769068,0.7775493562221527,0.004070500482333634
1969,0.515064150094986,0.0021336842058640106,0.7785156071186066,0.004971852984587614
1970,0.5143042206764221,0.0028778711100208663,0.7797619104385376,0.005261191099614902
1971,0.5155315101146698,0.0013028855280172672,0.7787642180919647,0.004519870181156787
1972,0.5171334147453308,0.0036306981181224553,0.7775135934352875,0.008166331220622316
1973,0.5155723094940186,0.003798021106710705,0.7770182192325592,0.00874677761831435
1974,0.5175679922103882,0.0033378618146687636,0.7756250202655792,0.008838826335462142
1975,0.5178054571151733,0.0032607330818938277,0.7746393978595734,0.010198652255817627
1976,0.5204817354679108,0.001266049182418746,0.7728587985038757,0.006138098429732564
1977,0.5215995013713837,0.0020364092795008668,0.7709263563156128,0.0059188505237788925
1978,0.525677353143692,0.0063300773246996855,0.7683189809322357,0.0007619728742284532
1979,0.5245054960250854,0.0069796867007980955,0.7682291567325592,0.001473158796001279
1980,0.5241715908050537,0.0035086408448349064,0.7689012289047241,0.0032076280527701014
1981,0.5194681286811829,0.005445204240213465,0.7724609375,0.0020716018980074633
1982,0.5181100368499756,0.003268909570504941,0.7729640305042267,0.004352462898871516
1983,0.5181237757205963,0.0021422821629602327,0.7736672759056091,0.006824080536095875
1984,0.5190558433532715,0.001115627080083365,0.7741071283817291,0.006313471466386393
1985,0.5195846557617188,0.0004933710086685256,0.7732204794883728,0.0064450117805888935
1986,0.5213069915771484,0.0007480222673713473,0.7723817527294159,0.006569387130544542
1987,0.5190871059894562,0.0003838313493887119,0.7742598652839661,0.006978000826857659
1988,0.5178540647029877,0.002712191848524542,0.7750400602817535,0.005382616170174788
1989,0.5164946019649506,0.0013604581230831484,0.7759765684604645,0.005800460026311791
1990,0.5153558552265167,0.002333881736290757,0.7764862775802612,0.005120083450800428
1991,0.5147655606269836,0.00611297890802007,0.77734375,0.0028936340313639405
1992,0.512467235326767,0.003966060591723639,0.7779796421527863,0.004624984421342957
1993,0.5117262303829193,0.0013492470613792507,0.779296875,0.006277604498303622
1994,0.5094844400882721,0.0026947430532410317,0.780902773141861,0.005401497958307668
1995,0.5083875954151154,0.0035842101442149395,0.7810801565647125,0.003602754757559733
1996,0.5072343349456787,0.0053185108135897175,0.7819148898124695,0.0032910788128216713
1997,0.5051064342260361,0.007803341487822242,0.7833659052848816,0.0020716018980074633
1998,0.5043153762817383,0.006660382176479562,0.783482164144516,0.00225481424848432
1999,0.5052558183670044,0.004640536608443477,0.7829687297344208,0.0033145546074422392
2000,0.4985010325908661,0.00039348297769770666,0.7770108580589294,0.015798746164308628
2001,0.4984346628189087,0.0007354625065151009,0.7770813405513763,0.015955490293920644
2002,0.4986727088689804,0.00023937302611762266,0.7770125567913055,0.01569038661678712
2003,0.4985397011041641,0.0002312386843550201,0.7770430743694305,0.015622614484381602
2004,0.498661607503891,0.0005844082014520567,0.7769944667816162,0.015834486691845867
2005,0.49874475598335266,0.0006244898543859168,0.7770051956176758,0.01590596774692034
2006,0.4989078938961029,0.0007476850925832602,0.7769569158554077,0.01600492854722392
2007,0.4987621158361435,0.0007652392549880475,0.7769872844219208,0.01599249522691321
2008,0.49883057177066803,0.0005927322040329582,0.776997983455658,0.015897201202430076
2009,0.4988216310739517,0.00015845107697670611,0.7771255970001221,0.015636902266026795
2010,0.49886472523212433,7.860387247281738e-06,0.7770774960517883,0.015515435048618399
2011,0.4988754689693451,0.00043588270729966606,0.7771072685718536,0.01588847680478832
2012,0.49896563589572906,0.0003781625982639967,0.7770400941371918,0.015849111648279145
2013,0.4990994334220886,0.00018607833617559716,0.7770312130451202,0.015618821268015622
2014,0.4991174042224884,0.00012378529407649577,0.7770801484584808,0.015525845320200588
2015,0.49923817813396454,5.485412333692858e-05,0.7770903706550598,0.015378963553140123
2016,0.49934449791908264,0.00012842144741269412,0.7769855856895447,0.015124396588134323
2017,0.4993690550327301,0.00030177143533800127,0.7769195735454559,0.014925168435223327
2018,0.49925945699214935,0.0006948961648233653,0.7769301235675812,0.014672961693734138
2019,0.4991513341665268,0.0006132577192577636,0.7770167589187622,0.014691042691745312
2020,0.4990680068731308,0.00048812372602891925,0.777140885591507,0.014655344311056584
2021,0.49919718503952026,0.0006873308055156599,0.7770940661430359,0.0144859561268913
2022,0.4993589222431183,0.0005008310008549538,0.7770852446556091,0.014531053254797957
2023,0.49950383603572845,0.0010439142173420787,0.7770010530948639,0.014096308512408085
2024,0.4994490146636963,0.00109935839655816,0.7771052718162537,0.014035827784794952
2025,0.4994249939918518,0.0013427985935570838,0.7771714627742767,0.01392257920284618
2026,0.4996415823698044,0.0008586366712881886,0.777143806219101,0.014259585403539289
2027,0.4997197091579437,0.0009002988310412074,0.7771536409854889,0.014225530749942487
2028,0.4999768137931824,0.0006942428886714465,0.7770330607891083,0.01432331143848776
2029,0.49986012279987335,0.0008575830000754163,0.7771174013614655,0.014131627571460215
2030,0.4999908208847046,0.0008659491495048287,0.7769975066184998,0.014071905487120277
2031,0.4999672770500183,0.001039341284278647,0.776989072561264,0.013960174191717897
2032,0.4999343007802963,0.001487720532161793,0.7769806981086731,0.01369249955682521
2033,0.5000645667314529,0.0015745851869427457,0.7768803238868713,0.013556196648740979
2034,0.5002944469451904,0.0016197876819706795,0.776633620262146,0.0134204837965359
2035,0.5005724877119064,0.0018307958790404705,0.7763148248195648,0.013233646817087106
2036,0.5006346553564072,0.002079883753739854,0.7762167453765869,0.012995980738334174
2037,0.5008751302957535,0.0023558191709406773,0.7760279774665833,0.012682155304322058
2038,0.5010607987642288,0.0023911382299928066,0.7759310603141785,0.012446891595934248
2039,0.5012313723564148,0.002535470112718363,0.7758527100086212,0.012238391136350854
2040,0.5011878907680511,0.002719778281256503,0.7759194672107697,0.01218444317025691
2041,0.5013108253479004,0.002854521755945831,0.7758595645427704,0.012054125114661226
2042,0.5013255923986435,0.0031561456773140442,0.7758539915084839,0.011847984878594443
2043,0.5014374107122421,0.0032888239564263385,0.7756507098674774,0.011566486077390182
2044,0.5014201104640961,0.003449930284859231,0.7756635546684265,0.011438486098462597
2045,0.5013644099235535,0.0036864162518538573,0.7756226658821106,0.011386982649582284
2046,0.501420259475708,0.003815132727206128,0.7755641043186188,0.01120950227050291
2047,0.5013661235570908,0.0037932374394047184,0.7756839394569397,0.011234326764275826
2048,0.5013342946767807,0.004131086577068045,0.7756610810756683,0.011007703159832748
2049,0.5015625357627869,0.004274196201186785,0.7755319178104401,0.010782133226602444
2050,0.5013603568077087,0.004445649580929103,0.7757217586040497,0.010657631436101263
2051,0.5013054609298706,0.00453795117916796,0.775751918554306,0.010558670635797685
2052,0.5011272877454758,0.004866380496189102,0.7758171260356903,0.010260945297916728
2053,0.501318633556366,0.004805330786121072,0.7757766246795654,0.01031240659994853
2054,0.5011933594942093,0.004939168103567416,0.7758590579032898,0.010289225833267537
2055,0.5011230260133743,0.005318911208650572,0.7758886218070984,0.009994113599994258
2056,0.5010001361370087,0.0052266728306844795,0.7760052978992462,0.010169233755557023
2057,0.5008814930915833,0.0051752958223497,0.7761389017105103,0.010121902844679289
2058,0.5009130239486694,0.005008815770731668,0.776185005903244,0.010099438574422982
2059,0.5010370761156082,0.005241108126299461,0.7760749161243439,0.010052486985181847
2060,0.5007615834474564,0.005310734720039458,0.7762420475482941,0.009956813639062118
2061,0.5007309317588806,0.0055839516655113285,0.7763048708438873,0.00971514360970065
2062,0.5006881356239319,0.005687970087636215,0.7762985527515411,0.009718093889096413
2063,0.5007245093584061,0.005557546664919253,0.7762922644615173,0.009866830117491359
2064,0.5005157291889191,0.005808299340134817,0.7764403223991394,0.009651206840509624
2065,0.5004299879074097,0.006000362528798962,0.7765877544879913,0.009436468647346619
2066,0.5007276833057404,0.006070789912660666,0.7764613628387451,0.009415858838424792
2067,0.5008570402860641,0.006197968028042288,0.7763866186141968,0.009323051478003804
2068,0.5010916441679001,0.00606512116153595,0.7762272357940674,0.009398915805323413
2069,0.5008419007062912,0.006272567949906571,0.7764586210250854,0.009306529913387533
2070,0.5007533431053162,0.006614104936814601,0.7764690220355988,0.009190668226831086
2071,0.5006813555955887,0.006599416760108554,0.7764793336391449,0.00926636396675665
2072,0.5005649924278259,0.006644872136227553,0.776573896408081,0.009317825268788453
2073,0.500383198261261,0.006818179977304349,0.7766512036323547,0.00920268007865669
2074,0.5002144128084183,0.006759574784449951,0.7767617404460907,0.009325285260974881
2075,0.5000919848680496,0.0070130459313944675,0.7768383324146271,0.009210561539328227
2076,0.500016987323761,0.006945800634595337,0.7769480347633362,0.00919087896107364
2077,0.4999462068080902,0.006949383116718762,0.776990532875061,0.009124118353032383
2078,0.5000221878290176,0.006708408510357726,0.7769497036933899,0.009316392275939082
2079,0.499904528260231,0.006898659384535901,0.7770252525806427,0.009202722225505201
2080,0.49973566830158234,0.007195204610658552,0.7771170139312744,0.0091597745868726
2081,0.4995538294315338,0.007081639927345948,0.7772579789161682,0.009280651748401845
2082,0.4996192902326584,0.006841381817409596,0.7772169411182404,0.009471029063125552
2083,0.4993983954191208,0.0071149148642452986,0.7773735821247101,0.009288111740588273
2084,0.49935509264469147,0.007346680384206705,0.7773981690406799,0.009152441035231704
2085,0.49931061267852783,0.007409078793427084,0.7774226367473602,0.009249168052564207
2086,0.4993593096733093,0.007624027720832643,0.7774306535720825,0.009090990930102821
2087,0.49936242401599884,0.008017911093591203,0.777389645576477,0.008864240885114212
2088,0.4991907924413681,0.008410677574864224,0.7774302959442139,0.008569297239234974
2089,0.4992073327302933,0.008383492857574698,0.7774544656276703,0.008574481301601815
2090,0.4991236925125122,0.008629735819999597,0.7775596976280212,0.008373145806265274
2091,0.49912238121032715,0.008645835916130757,0.777615875005722,0.008287124088454539
2092,0.4989465922117233,0.008970219135694854,0.7776234149932861,0.008087221585967369
2093,0.49903643131256104,0.008954350847230503,0.7775986790657043,0.008070531433957055
2094,0.49899108707904816,0.008775711429817078,0.7776705026626587,0.008053925575643762
2095,0.4991840571165085,0.00866878487514494,0.7775815725326538,0.008264406937107166
2096,0.49927620589733124,0.008648217213071624,0.7775570452213287,0.00833812177515272
2097,0.49914856255054474,0.008640420046097108,0.7775965631008148,0.008411457291561676
2098,0.498924195766449,0.008747999876921165,0.7776997685432434,0.008349206396311086
2099,0.4987773597240448,0.008783192495427762,0.7778184711933136,0.00835464333976899
2100,0.44934405386447906,0.03955837873617322,0.8073531687259674,0.01650407367413844
2101,0.4492945075035095,0.03955342648147319,0.807386189699173,0.016490165214129843
2102,0.44935525953769684,0.039602843661352215,0.8073197901248932,0.016335992042276995
2103,0.4493778496980667,0.039769829475152375,0.8072933256626129,0.01646260117520372
2104,0.4493294507265091,0.0395555970441715,0.8073854744434357,0.016476846810000403
2105,0.44949260354042053,0.039924655923157144,0.8073392808437347,0.016630261338580057
2106,0.4496857821941376,0.040067112271123966,0.8072540163993835,0.016671775984363285
2107,0.44977325201034546,0.040097795176839895,0.8072671592235565,0.01674085466907264
2108,0.4497642070055008,0.04025338026811786,0.8072607219219208,0.016837202364768544
2109,0.4496746212244034,0.04045834039242634,0.8074102997779846,0.01698821452298308
2110,0.44981665909290314,0.040286423397350404,0.8073646128177643,0.016918377195000528
2111,0.44987282156944275,0.04050033972696745,0.8073967695236206,0.01690383653226427
2112,0.4500986188650131,0.04033042470719578,0.8072739243507385,0.016889338016376522
2113,0.4500751793384552,0.04012165029309706,0.8072096109390259,0.0167383680050105
2114,0.4500100463628769,0.03967377680739605,0.8073382079601288,0.01647920703351701
2115,0.44994784891605377,0.03970740999250774,0.8074085414409637,0.0165201737702696
2116,0.44976747035980225,0.03966338760923811,0.8075551986694336,0.016506728925594627
2117,0.4499857425689697,0.03946125132377987,0.8074525594711304,0.016466352244721188
2118,0.44999589025974274,0.039434003386217574,0.8074267506599426,0.016426144151241797
2119,0.44984810054302216,0.03959348706098279,0.8074771463871002,0.01638614679200496
2120,0.44999754428863525,0.039595657623681106,0.8073375523090363,0.016238969997004915
2121,0.4499117583036423,0.039791577248983995,0.8074257671833038,0.016306742129410433
2122,0.4500139355659485,0.039406502567564214,0.8073813915252686,0.016187171520185027
2123,0.45003335177898407,0.039642672433195004,0.8073183596134186,0.01630800653486576
2124,0.449976846575737,0.039453348789684074,0.8074060082435608,0.01621557849608137
2125,0.4502691328525543,0.03948004881821572,0.8072307109832764,0.016282760572607736
2126,0.45026150345802307,0.039583898652946564,0.8072246313095093,0.016376073695210856
2127,0.45039522647857666,0.039484474237309365,0.8071625828742981,0.016178573563088806
2128,0.4504029005765915,0.03967415612903265,0.8071194589138031,0.01627167595144937
2129,0.4505021572113037,0.03976845970257577,0.8071136772632599,0.016311799751231742
2130,0.45059968531131744,0.039464011942357324,0.8069781959056854,0.01627310894429874
2131,0.4504319876432419,0.039538021808342455,0.8071022033691406,0.016339153055915313
2132,0.4503088593482971,0.03957424702463757,0.8071518242359161,0.016248410891071357
2133,0.4505175054073334,0.03976365496184553,0.8069804012775421,0.016314244268445372
2134,0.4505815654993057,0.039641534468285215,0.8069199919700623,0.016224007865783548
2135,0.450611412525177,0.03985861181154057,0.8069513738155365,0.01636726500387208
2136,0.45049944519996643,0.03991567864442432,0.8069643378257751,0.01638062555485003
2137,0.4505332112312317,0.04029972072805559,0.8069043457508087,0.016600168488743277
2138,0.4504772424697876,0.04050860050927558,0.8069355487823486,0.016690152010314038
2139,0.45052121579647064,0.04053197093677487,0.8068759143352509,0.016651419056532526
2140,0.45066072046756744,0.04061221853633962,0.8068165481090546,0.016766395659270242
2141,0.45065343379974365,0.04070420403321464,0.8067754805088043,0.016906407490023433
2142,0.4507625699043274,0.04050565022987982,0.8068427443504333,0.016892878351651437
2143,0.45063407719135284,0.04074729918581703,0.8069096803665161,0.01693030475312911
2144,0.4507734924554825,0.04071758565761685,0.8068687319755554,0.016916817761605623
2145,0.45084187388420105,0.04067659784744,0.8068458139896393,0.016928661026037187
2146,0.450751855969429,0.04083854711284311,0.8068230450153351,0.017041445992652338
2147,0.45070575177669525,0.04105741569716019,0.8068538010120392,0.017128521381675844
2148,0.4508102536201477,0.04110864519152518,0.8068488538265228,0.017064458171939287
2149,0.450839102268219,0.041229564499902935,0.8067907691001892,0.017025725218157775
2150,0.45109784603118896,0.04092522210680577,0.8065737187862396,0.016912139461420915
2151,0.4512694180011749,0.04085930443573473,0.8064282834529877,0.01674911545138078
2152,0.451322466135025,0.04088244305556721,0.8064947724342346,0.016835895812464707
2153,0.45129136741161346,0.040868429228437336,0.8065083026885986,0.016748314661259072
2154,0.45124325156211853,0.041067172692590456,0.8065918684005737,0.01690906274147962
2155,0.45123291015625,0.04138630862951495,0.8065351247787476,0.017118616872275786
2156,0.4512195736169815,0.04132095994089881,0.806565910577774,0.01705569162744902
2157,0.451173335313797,0.0411102467717686,0.8066487908363342,0.016820638653303764
2158,0.45131896436214447,0.04119114764748526,0.8065575361251831,0.016930641927917198
2159,0.451554611325264,0.04122115620362501,0.8063626885414124,0.01694210587071216
2160,0.4514866918325424,0.04123152432835869,0.8064454793930054,0.016904595175537464
2161,0.4514285624027252,0.04139482229291415,0.8065623939037323,0.016964907315756554
2162,0.4513791352510452,0.041361758090257356,0.8066099286079407,0.0168788013042488
2163,0.4512980878353119,0.04158334514630338,0.80667445063591,0.01701177461130067
2164,0.4512505531311035,0.04169663587510066,0.8066015243530273,0.01709568898668586
2165,0.45136891305446625,0.04188947878046226,0.8065459728240967,0.017203416331479704
2166,0.4511599987745285,0.04209983370138013,0.8065931499004364,0.01731068006093993
2167,0.45112621784210205,0.042308776702872884,0.8066060245037079,0.017369348474067094
2168,0.4510972946882248,0.04192728450357653,0.8066358268260956,0.01716325038484882
2169,0.45101290941238403,0.042133277225673525,0.8066485822200775,0.017269881911581384
2170,0.4508654922246933,0.042144130039165076,0.8067458868026733,0.017208558246998032
2171,0.4507400244474411,0.04226184618705601,0.8068258464336395,0.017314641864699953
2172,0.45063357055187225,0.04259333115059419,0.8068549335002899,0.01744411698332542
2173,0.45046739280223846,0.04253588499607384,0.8069007396697998,0.017406564141302212
2174,0.45023107528686523,0.04254850797720285,0.8069966435432434,0.017392908562384683
2175,0.45028264820575714,0.042533904094193824,0.8070251941680908,0.017379337277164175
2176,0.4502316564321518,0.042667551750821875,0.8070369064807892,0.01738941037395828
2177,0.4501373767852783,0.04287375520716142,0.807115226984024,0.017493765970871253
2178,0.45039433240890503,0.04339237217808797,0.8068605065345764,0.017738849894962102
2179,0.4506167471408844,0.04306223591370214,0.8067231178283691,0.017583749492442013
2180,0.450532928109169,0.04307321516773923,0.8067850470542908,0.01761679262167455
2181,0.45060883462429047,0.042907240878303325,0.806780606508255,0.017509360304820285
2182,0.45065510272979736,0.04292420498482896,0.8067432045936584,0.017635674409807435
2183,0.4506624639034271,0.04301465212173334,0.8067882359027863,0.017645073157025362
2184,0.4505000561475754,0.04306672455306855,0.8068495392799377,0.017677652670924283
2185,0.4504324197769165,0.0433932572619067,0.8068450093269348,0.017988274944449573
2186,0.4506532549858093,0.043462083065524994,0.8067096173763275,0.01806628876104324
2187,0.45077764987945557,0.04340501623264124,0.806640088558197,0.018143965402848815
2188,0.45065833628177643,0.043615350080134854,0.8066523373126984,0.018244317049153254
2189,0.45068030059337616,0.043371657002044865,0.8066319823265076,0.01811446260889119
2190,0.45069676637649536,0.04333277653429357,0.8066117167472839,0.018122723391199323
2191,0.4509377181529999,0.04322037088931501,0.806413471698761,0.018153827765400365
2192,0.4508737623691559,0.043223616196650355,0.8064099252223969,0.018093431331484253
2193,0.4508375972509384,0.043373469316530834,0.8064547181129456,0.0181017342606409
2194,0.4508870244026184,0.043189814424144615,0.8064993321895599,0.01806443429970876
2195,0.450623482465744,0.04320511373015407,0.806672215461731,0.018072737228865404
2196,0.45081019401550293,0.04311420297791607,0.8065880537033081,0.01808099801117354
2197,0.45067527890205383,0.043293537818329925,0.8066321313381195,0.018089216646633165
2198,0.45075635612010956,0.04305568207875869,0.8065483868122101,0.017962017457827287
2199,0.45073676109313965,0.04314484373678349,0.8066401481628418,0.018083021059902064
2200,0.45305314660072327,0.05832268252882963,0.7955434024333954,0.03766305603206257
2201,0.4531935155391693,0.058264393437339065,0.7955268919467926,0.03759528389965705
2202,0.4530121684074402,0.058493587999541304,0.7956494390964508,0.03778047715201392
2203,0.4528944343328476,0.05864011151838943,0.7956920862197876,0.03774073267386815
2204,0.4529057741165161,0.05889158069002968,0.7956753373146057,0.03778498686480459
2205,0.45342978835105896,0.05916701034504837,0.7953238189220428,0.03774541097405286
2206,0.4535202383995056,0.05917716773553949,0.7953473627567291,0.03778941228389823
2207,0.45364703238010406,0.0592667508620494,0.7952336370944977,0.03775004712738905
2208,0.4535719007253647,0.05946395596623187,0.7951595187187195,0.0379873760313539
2209,0.45363786816596985,0.059834405691218374,0.7951833307743073,0.03830621694033881
2210,0.4534060060977936,0.059968264082088975,0.7952653467655182,0.03832088404362061
2211,0.45336200296878815,0.059872358928302435,0.7953469455242157,0.03817084126292182
2212,0.4532262831926346,0.05969947255571075,0.7954475283622742,0.03810361703954695
2213,0.45307663083076477,0.059678462351728065,0.7955668866634369,0.03806404114879522
2214,0.45300987362861633,0.05974711956795231,0.7956663966178894,0.03810639873154866
2215,0.4529845118522644,0.05980060391871264,0.7956501543521881,0.03803984885774996
2216,0.45318613946437836,0.0597681719187835,0.7955765128135681,0.038054979576365375
2217,0.4532572031021118,0.059780162697184856,0.7955223321914673,0.03804292557769126
2218,0.45304811000823975,0.05968145477797234,0.7956782281398773,0.03789612810432781
2219,0.4528607130050659,0.059680274666214034,0.7957952618598938,0.03769622560184065
2220,0.45306535065174103,0.05968008500539574,0.7957219779491425,0.03765833558502935
2221,0.45302723348140717,0.05993697004706964,0.7958194315433502,0.03780804119094005
2222,0.4530862122774124,0.06025037401259664,0.7957086861133575,0.037930351345318664
2223,0.4531560093164444,0.06053587676440944,0.7956737875938416,0.038105302913487384
2224,0.45329324901103973,0.06022066048439646,0.7956202924251556,0.03788070235777283
2225,0.453278049826622,0.06032792421385669,0.7956233322620392,0.03789587522323675
2226,0.4533431977033615,0.060366910048729266,0.795644998550415,0.03783160127925764
2227,0.4533441364765167,0.06035146322875003,0.7955732941627502,0.037741238436050276
2228,0.4531008154153824,0.06066383459648852,0.7957439720630646,0.03778292166922755
2229,0.4530130624771118,0.060662928439245534,0.7957280874252319,0.03777192134176621
2230,0.4530349224805832,0.06069616122929637,0.7957678735256195,0.03773470567453109
2231,0.4530375599861145,0.06057812898004161,0.7958074510097504,0.03759317655723151
2232,0.45284798741340637,0.060387878105863435,0.7958652973175049,0.03747832639503932
2233,0.45284901559352875,0.060361093783634766,0.7958124876022339,0.037468126857699686
2234,0.4528730660676956,0.06009540005062209,0.7958516776561737,0.03732815717379501
2235,0.45273247361183167,0.06031433185521193,0.7959639728069305,0.037447854223565946
2236,0.45235782861709595,0.060366720387910966,0.7961670458316803,0.037386151237345996
2237,0.452366903424263,0.059979749098308194,0.796223372220993,0.037170022198182134
2238,0.45228493213653564,0.060187764869133714,0.7962794601917267,0.03716066559781271
2239,0.45223619043827057,0.06056407300606323,0.7962989807128906,0.03735660629653986
2240,0.45231086015701294,0.060854148690939455,0.7962822020053864,0.03744920292271829
2241,0.45233532786369324,0.06086780426985699,0.796355813741684,0.037566961217457735
2242,0.45240192115306854,0.06083882831150575,0.7963029742240906,0.037607717219967765
2243,0.45224419236183167,0.06087669725489279,0.7963402271270752,0.03757206098612755
2244,0.45222045481204987,0.061031102234412445,0.7962876558303833,0.03766335106000215
2245,0.45213161408901215,0.060854928407636906,0.7963605523109436,0.037526458096038766
2246,0.4521360993385315,0.06126465899543557,0.7963617444038391,0.03769319102874786
2247,0.4522980749607086,0.061421698152987154,0.7962560653686523,0.03780875768736473
2248,0.4522874802350998,0.06153930893375681,0.796204149723053,0.03779813668153999
2249,0.45231400430202484,0.061502346147612755,0.7962056696414948,0.037862832094004206
2250,0.45244303345680237,0.061501524284066786,0.7960656583309174,0.03787716202249791
2251,0.4524773210287094,0.06183606489412201,0.7960498332977295,0.03801620447573535
2252,0.4523143172264099,0.061958986177804036,0.7962102293968201,0.038005246295122516
2253,0.4523264914751053,0.06167561184184104,0.7962292730808258,0.03784521471132665
2254,0.45225533843040466,0.061719760665656195,0.7962833046913147,0.03778507115850161
2255,0.45230861008167267,0.061650955935462166,0.796249657869339,0.03774996283369204
2256,0.4523899257183075,0.0618338943314237,0.7962161302566528,0.03766562698982173
2257,0.4522242844104767,0.06206372109635361,0.7963743209838867,0.03770482355893687
2258,0.452072873711586,0.062092612761007825,0.7964102029800415,0.037620951330400186
2259,0.4520546644926071,0.062286909732643045,0.7964285612106323,0.0376600636058183
2260,0.4520738422870636,0.06237033941927036,0.7964295744895935,0.037723452465978684
2261,0.45211954414844513,0.06267305915869985,0.7962924540042877,0.037933048743623354
2262,0.45212942361831665,0.06314445058586995,0.7962593138217926,0.03823911915750947
2263,0.45232968032360077,0.06342217724413249,0.7960200905799866,0.0384466080927286
2264,0.4523860812187195,0.06371739484452704,0.7959533631801605,0.038798745012037124
2265,0.45241665840148926,0.06406940532329003,0.7959553599357605,0.03905251118692121
2266,0.45247070491313934,0.06443446025166714,0.7957525253295898,0.03940173997368248
2267,0.4524584710597992,0.0648991924767725,0.7956187129020691,0.03965310377820146
2268,0.4526089131832123,0.06534257732310712,0.7953154742717743,0.04019178264901919
2269,0.4527991861104965,0.06550414726687363,0.7951322793960571,0.04032045697752295
2270,0.4529620260000229,0.06573646069586568,0.7949160635471344,0.04063997223608404
2271,0.4531622380018234,0.06579091442414176,0.7948358356952667,0.04071929260498154
2272,0.45339082181453705,0.06606975797388982,0.7946043312549591,0.041060429196828716
2273,0.4533933848142624,0.0666647028874696,0.7944242656230927,0.04161407019886782
2274,0.4535784423351288,0.06719653289540432,0.7941442728042603,0.04221285047566209
2275,0.45372164249420166,0.06737578344212115,0.7939994931221008,0.04252490574203675
2276,0.453899085521698,0.06772113471881942,0.7937550246715546,0.04278836569207835
2277,0.4540316313505173,0.06811261572121285,0.7934449017047882,0.043145012324177535
2278,0.45418016612529755,0.06835158835226963,0.7931694090366364,0.04354717755266849
2279,0.45455247163772583,0.068388825092929,0.792762279510498,0.04375989269710297
2280,0.4545816034078598,0.06869238776932872,0.7927544116973877,0.04392477116847759
2281,0.4547402411699295,0.06902766594923287,0.7925317287445068,0.044392854068039576
2282,0.4548833817243576,0.06933605443978709,0.7923429608345032,0.04476568508996694
2283,0.4550497680902481,0.06949330433158124,0.7922208309173584,0.04495070975492977
2284,0.455240398645401,0.06961770075496114,0.7920170724391937,0.045204644517207904
2285,0.4552553743124008,0.07006586926860173,0.7919289171695709,0.04557342944167823
2286,0.4554952532052994,0.07019252054837696,0.7916121482849121,0.045894377693088684
2287,0.45573437213897705,0.07038734435561858,0.7913619875907898,0.046214019392195306
2288,0.4556598663330078,0.07058501307513466,0.7914060652256012,0.04625587121276662
2289,0.45568177103996277,0.07104833338081493,0.7912873923778534,0.04666536999289847
2290,0.4557584226131439,0.07138727833653954,0.7910232245922089,0.047096110784679804
2291,0.4557264894247055,0.0718136990763485,0.7908572852611542,0.04761662436378935
2292,0.4558529704809189,0.0719467145302489,0.7906920313835144,0.04781517816712417
2293,0.4557912051677704,0.07211464864814054,0.7907209098339081,0.04787608036322241
2294,0.45596301555633545,0.07221567464402116,0.7905244529247284,0.04811876191694814
2295,0.456168457865715,0.07220676058556111,0.7903769612312317,0.04824693048326977
2296,0.45627209544181824,0.0723759591089081,0.7902781367301941,0.048442491860360315
2297,0.4563903510570526,0.07241557714650833,0.7902596592903137,0.04861470388337583
2298,0.45651087164878845,0.07263600516422031,0.7901774346828461,0.04892157508738365
2299,0.4567269831895828,0.07261596433775337,0.7899522185325623,0.04897952700408613
2300,0.49556219577789307,0.18444135257943403,0.7339411079883575,0.14227338849743604
2301,0.49553336203098297,0.18438291597397366,0.7339820265769958,0.1423049564869707
2302,0.4953801929950714,0.18442799202845608,0.7340028584003448,0.14242056529243607
2303,0.4953155517578125,0.18461196302220612,0.7341027855873108,0.1423676709975549
2304,0.49529510736465454,0.18448434236491515,0.7341824769973755,0.14211951035352277
2305,0.49534831941127777,0.18456107070262923,0.7341435551643372,0.14226264105106576
2306,0.4951205998659134,0.1844287717451535,0.7344192266464233,0.14207154723991736
2307,0.49522003531455994,0.18425611718022863,0.7341839075088501,0.14215862262894088
2308,0.49525710940361023,0.18428351263176074,0.7341062128543854,0.14230053106787705
2309,0.495146244764328,0.1844036311500168,0.734165370464325,0.1423038606689094
2310,0.4951509088277817,0.18423527556364,0.7342047989368439,0.14227962623101564
2311,0.49497219920158386,0.1838520131967062,0.7343992292881012,0.14187139185633912
2312,0.4948149472475052,0.18403773328466944,0.7344379127025604,0.14206737470191477
2313,0.49469421803951263,0.18446556594390354,0.7344956696033478,0.14223503486529113
2314,0.49452872574329376,0.18473324057879623,0.7345531582832336,0.1425108859887949
2315,0.494278684258461,0.18447774638312317,0.734879344701767,0.1421332080792888
2316,0.49438823759555817,0.18427797032118154,0.734897255897522,0.14197427231355422
2317,0.49422487616539,0.18445142567622813,0.7349342405796051,0.1421675999076737
2318,0.49433593451976776,0.1846171260111487,0.7348946928977966,0.14225210433893803
2319,0.4944681376218796,0.18461240556411548,0.7347602844238281,0.14241689851661563
2320,0.4943179041147232,0.1846673229077252,0.7349491119384766,0.1422856532303527
2321,0.4942099153995514,0.18483386617961597,0.7347962558269501,0.14252989421747334
2322,0.4943253993988037,0.1843004135180136,0.7347763776779175,0.14210518042502907
2323,0.4940686821937561,0.18406582415920197,0.7350203394889832,0.14178907906119737
2324,0.4939524382352829,0.18367817852002302,0.7352067530155182,0.1415010896453224
2325,0.49386733770370483,0.18331021545909865,0.7353735268115997,0.1413470850608636
2326,0.49369698762893677,0.18305396262015242,0.7356330454349518,0.14116737089881315
2327,0.49366776645183563,0.18332498792950172,0.7355927228927612,0.1413052332402923
2328,0.4937732070684433,0.1833269266845332,0.7355339825153351,0.14136343803808585
2329,0.4937908500432968,0.18328098661965636,0.7354011833667755,0.14147386278118437
2330,0.4938212186098099,0.18332578871962343,0.7352690398693085,0.14163621244164834
2331,0.4939336031675339,0.18327989080159507,0.7351375222206116,0.14185010769784112
2332,0.4942892789840698,0.18297894122980302,0.7348222136497498,0.14195859368590816
2333,0.4943898171186447,0.18293007195895464,0.7347291707992554,0.14201456470073065
2334,0.49448105692863464,0.1822143552509669,0.7347283363342285,0.14152515549582215
2335,0.49446646869182587,0.18240138189123398,0.7347092032432556,0.14168548210755758
2336,0.4946831911802292,0.1821081241192952,0.7345622777938843,0.14166424009590808
2337,0.4948268383741379,0.1818524613362281,0.734507143497467,0.1415657007640896
2338,0.494770348072052,0.18178972575221963,0.7345613837242126,0.14146766719445328
2339,0.4946426451206207,0.18167175672323765,0.7347061038017273,0.14129309494792114
2340,0.5675235688686371,0.10679703740666419,0.6953125,0.16572815184059708
2341,0.530037134885788,0.11563076397345651,0.71484375,0.17125242356861697
2342,0.5221296697854996,0.09788890057882588,0.7161458134651184,0.14363106492851746
2343,0.5120126903057098,0.11375388051556937,0.720703125,0.14086892906450751
2344,0.5178601145744324,0.11525898662274191,0.707812488079071,0.13921163068736214
2345,0.5128338038921356,0.11906261326030457,0.7135416865348816,0.14363106492851746
2346,0.5113459080457687,0.11363247651843374,0.7120535671710968,0.14836613691817088
2347,0.503599613904953,0.1090135401698521,0.7255859375,0.1422499969965125
2348,0.5039965063333511,0.10260243552889022,0.7213541567325592,0.12889968770274723
2349,0.5015986859798431,0.11176471785324922,0.72265625,0.13147768398561308
2350,0.49876393377780914,0.11957589865489449,0.7244318425655365,0.13660016980677864
2351,0.4936182349920273,0.12747308010092623,0.7272135317325592,0.142710367022797
2352,0.49169105291366577,0.12778941327242474,0.7301682829856873,0.1419312825280731
2353,0.48934073746204376,0.13122486611482048,0.7293526828289032,0.13968515053038202
2354,0.4826115369796753,0.13527081605789654,0.7348958253860474,0.13773851403820936
2355,0.483218178153038,0.1372846135531713,0.73583984375,0.13879732716650006
2356,0.47910909354686737,0.1334097165947767,0.7417279481887817,0.13388233028055363
2357,0.48180432617664337,0.13663989321150016,0.7395833432674408,0.1387205777553617
2358,0.48240871727466583,0.13965052689433033,0.7421875,0.13897906437727903
2359,0.4846515953540802,0.140532302185451,0.7421875,0.13921163068736214
2360,0.4874252527952194,0.13654215466980338,0.7421875,0.1362653973890566
2361,0.48504169285297394,0.14464442268068914,0.7446732819080353,0.13911119474736067
2362,0.48898403346538544,0.13668334661231488,0.7418478429317474,0.13546473370789516
2363,0.48566992580890656,0.13308092902954324,0.7444661259651184,0.1312014535404727
2364,0.487946480512619,0.13448161631953004,0.7437500059604645,0.13081475620538524
2365,0.4892131835222244,0.13374718641080346,0.743088960647583,0.1287580321449021
2366,0.4891992509365082,0.13449678918499397,0.7439236044883728,0.12726283054712964
2367,0.4878021329641342,0.13557893059393542,0.7446986734867096,0.12587447121033227
2368,0.4870148003101349,0.13780894142207106,0.7454202771186829,0.1268677459891885
2369,0.48896072804927826,0.14040600915388812,0.7437500059604645,0.12889968770274723
2370,0.4892275929450989,0.14145906923735704,0.7442036271095276,0.1286621059176913
2371,0.4856652468442917,0.14406637865336225,0.746826171875,0.128784584659464
2372,0.48698362708091736,0.14487823232280334,0.7457386255264282,0.12990408924961033
2373,0.48773831129074097,0.14308939363145545,0.74609375,0.12835805855253374
2374,0.4873701483011246,0.14372292398484696,0.7470982074737549,0.1265847720482864
2375,0.48524822294712067,0.14737722433813552,0.7482638955116272,0.12767207644617043
2376,0.48368217051029205,0.14597609450623936,0.7508445978164673,0.1260130921950846
2377,0.481302872300148,0.14657871014624813,0.7524671256542206,0.12444147836096188
2378,0.48083673417568207,0.14746088583242964,0.7530048191547394,0.12436696273279461
2379,0.4833766520023346,0.14227726600749904,0.7525390684604645,0.12070532882786517
2380,0.48284152150154114,0.13938135604631552,0.7547637224197388,0.11883919281634832
2381,0.4793920964002609,0.13979091804672011,0.7572544515132904,0.11758806361830243
2382,0.47855064272880554,0.13776856474119764,0.7585392594337463,0.11485344964637009
2383,0.4780937284231186,0.13777587721941428,0.7592329680919647,0.11148983610726117
2384,0.4763126075267792,0.13999307540560263,0.7609374821186066,0.11171304581697486
2385,0.4754554033279419,0.13605247151037958,0.76222825050354,0.1085639597367864
2386,0.47277675569057465,0.13610568190662456,0.764793872833252,0.10742945086857014
2387,0.4693097323179245,0.13575004679888963,0.7672525942325592,0.10404046492665767
2388,0.46706484258174896,0.13585094635422473,0.7689732313156128,0.10349554832226032
2389,0.46747681498527527,0.13624959232086503,0.7696874737739563,0.1029724216385431
2390,0.46881264448165894,0.1383789775481809,0.7694546580314636,0.10333640182228318
2391,0.4720554053783417,0.14232607205807465,0.7686298191547394,0.10368634710546913
2392,0.47427815198898315,0.14416894300921348,0.7678360939025879,0.10402305827822267
2393,0.47463880479335785,0.14558543536739188,0.7680844962596893,0.10455195908018587
2394,0.47453536093235016,0.14522276173595564,0.7683238387107849,0.10425806910551941
2395,0.4754825532436371,0.1480775995932653,0.7670200765132904,0.10693409895802161
2396,0.4761865437030792,0.1487349218426412,0.7668585479259491,0.10835326764108043
2397,0.47698572278022766,0.14923107454331144,0.7665678858757019,0.10915199256721038
2398,0.47719913721084595,0.14958017688952718,0.7660222351551056,0.11029817611246415
2399,0.4773034304380417,0.1506299916656608,0.7658854126930237,0.11122199288497443
2400,0.4915732741355896,0.17933686346258262,0.7463293969631195,0.12842123667845157
2401,0.49151408672332764,0.17899758133206994,0.746458113193512,0.12815044317676907
2402,0.49148282408714294,0.1790953198737667,0.7464075982570648,0.1284704641975123
2403,0.4914635419845581,0.17915310320307512,0.7464166879653931,0.1286488718072589
2404,0.491484597325325,0.17918443938494297,0.7463665008544922,0.12874260639834711
2405,0.4915199428796768,0.17902807457696757,0.746257483959198,0.12869658203977324
2406,0.49146974086761475,0.1791367502258529,0.7462669014930725,0.12876190965496512
2407,0.4914660304784775,0.17908189610251599,0.7463350594043732,0.12879920961589725
2408,0.49146193265914917,0.1789618408045327,0.7462464869022369,0.12878100217734056
2409,0.4915907382965088,0.17902674695123946,0.7460998594760895,0.12884565544295626
2410,0.49154505133628845,0.17910248483801355,0.7460706532001495,0.1289650153179391
2411,0.4916180819272995,0.17931083778362716,0.7460415959358215,0.12902886779343312
2412,0.4915783256292343,0.17935652496741297,0.7460707724094391,0.1290102810332398
2413,0.4917145073413849,0.179460227288174,0.7459067106246948,0.12926489014509412
2414,0.4917782098054886,0.1793041364347139,0.7457819879055023,0.12913689016616653
2415,0.49180305004119873,0.1791534403778632,0.7458115518093109,0.12906380753084865
2416,0.4917881041765213,0.17931619043338803,0.7457259893417358,0.12915379105241942
2417,0.49165624380111694,0.1795951393502574,0.7458702921867371,0.12924331095865654
2418,0.49158139526844025,0.17967443864573063,0.745956689119339,0.1291974973343252
2419,0.4914504885673523,0.179566563786967,0.7460235953330994,0.12912504690173499
2420,0.4913349151611328,0.17961832011693837,0.7460712194442749,0.12929447723274878
2421,0.4914170801639557,0.17942280088669635,0.7459860444068909,0.12932920623592176
2422,0.4912974685430527,0.17956498328014783,0.7460335195064545,0.12955077221854353
2423,0.4914071559906006,0.17966147848981354,0.7458735406398773,0.12985119495472916
2424,0.4915471822023392,0.1792692388441469,0.7458458840847015,0.1296450968655109
2425,0.49140574038028717,0.17949893916853127,0.7458370625972748,0.1298377922569027
2426,0.49156685173511505,0.1793362523332792,0.745547741651535,0.13000309219676243
2427,0.49178801476955414,0.17912438012581497,0.7453344464302063,0.13011482349216483
2428,0.4919276684522629,0.1791180580985383,0.7452152371406555,0.13014702368442713
2429,0.4919600337743759,0.1789531796271637,0.7452080249786377,0.1300215103695617
2430,0.4919547885656357,0.17871496563938014,0.7452749907970428,0.12984411428417933
2431,0.4918031394481659,0.17870436570697965,0.7454525530338287,0.12982447385277326
2432,0.4918607771396637,0.1784987733799435,0.74542635679245,0.12977882881583597
2433,0.491828978061676,0.17819375663727016,0.7454555630683899,0.12955123583387715
2434,0.49178875982761383,0.17809477476354232,0.7455029487609863,0.12950647588075856
2435,0.49168477952480316,0.17795328779309125,0.7456233501434326,0.12935828756139428
2436,0.4915819764137268,0.17774877021069213,0.7458162903785706,0.12915910155533178
2437,0.4915352910757065,0.17771043765197148,0.7459900975227356,0.1289351332023449
2438,0.4914820045232773,0.17747230795788493,0.7461267113685608,0.12876359552890554
2439,0.49153096973896027,0.17739800306396022,0.7462264001369476,0.12859285864558792
2440,0.49145300686359406,0.17724686446520016,0.7463618814945221,0.128422922552392
2441,0.49136342108249664,0.17739387267280615,0.7465147376060486,0.12838149220030579
2442,0.4913789629936218,0.1774217106662476,0.7467029392719269,0.1283401461419166
2443,0.49138811230659485,0.17712748351679306,0.7467644512653351,0.12801949291844572
2444,0.49128715693950653,0.17679652538886126,0.7469870746135712,0.1278777952137521
2445,0.4913492798805237,0.1764374974598212,0.7469581961631775,0.1275342562515398
2446,0.491178959608078,0.17636917741838504,0.747107982635498,0.12749531256351573
2447,0.4913439005613327,0.17614653669112626,0.7471323609352112,0.12733060267953517
2448,0.49150316417217255,0.17605575237943377,0.7470500469207764,0.12721689048225276
2449,0.4912715554237366,0.17592423313865554,0.7473049759864807,0.12692818456995314
2450,0.4914320707321167,0.17545935339958038,0.7472933828830719,0.12651569336357701
2451,0.49120302498340607,0.1752738861927082,0.7474583685398102,0.12625480437129458
2452,0.4911992698907852,0.17504941207753916,0.7475169003009796,0.12599509549077045
2453,0.49105389416217804,0.17495660471711819,0.7477684915065765,0.12596019790020344
2454,0.49107517302036285,0.1746955471374417,0.7477559447288513,0.1257519503217111
2455,0.4911672919988632,0.17480879571939048,0.7477259933948517,0.12576724962772057
2456,0.49111534655094147,0.17438399763324916,0.7478183507919312,0.12546155853547106
2457,0.4910648465156555,0.17442776713542774,0.7478928565979004,0.12547749004420816
2458,0.49101807177066803,0.17403586466454918,0.7479844391345978,0.1252721084514146
2459,0.49097588658332825,0.17375084660149426,0.7480235695838928,0.12514124248678826
2460,0.490752637386322,0.17364408863421618,0.7482355237007141,0.12501092443119258
2461,0.4906396418809891,0.1735395433764849,0.7483084797859192,0.12488119643147604
2462,0.49063481390476227,0.17326693756031644,0.7483122050762177,0.12470329458391155
2463,0.4904824048280716,0.17320616180476373,0.7483674585819244,0.1246477450375742
2464,0.490438312292099,0.1729068138132151,0.7484396398067474,0.12447114974231355
2465,0.4904824495315552,0.1728019103072715,0.748391717672348,0.1244647434213399
2466,0.49037837982177734,0.1724568962053613,0.7485659718513489,0.12409616923111212
2467,0.49033959209918976,0.17235091795478066,0.7487394213676453,0.12397015015406455
2468,0.4902961999177933,0.17240351722172226,0.7489291727542877,0.12377252358139697
2469,0.4900680333375931,0.17215855973817695,0.7490671575069427,0.12350379527529151
2470,0.4899118095636368,0.17220972601226917,0.7492891848087311,0.1233559441307153
2471,0.48983608186244965,0.1719548640193238,0.7494089305400848,0.12301767352456686
2472,0.48952949047088623,0.17151356544199048,0.7496461272239685,0.12265702294185914
2473,0.489341676235199,0.17128740545288101,0.7498991191387177,0.12236920211337825
2474,0.48929667472839355,0.17134725397776648,0.7500503361225128,0.12227251724289426
2475,0.48923587799072266,0.1712122154751376,0.7502008974552155,0.12212888078316912
2476,0.48909199237823486,0.17122561817296406,0.750400960445404,0.12196218999730854
2477,0.4888979643583298,0.17105882201998218,0.7505668103694916,0.12179625785472115
2478,0.4886995404958725,0.17061577434843567,0.7508317828178406,0.12153692829583362
2479,0.48852770030498505,0.1703493219721498,0.7510790228843689,0.12130217034962794
2480,0.48834484815597534,0.17019411620250843,0.7512755393981934,0.12118550787294978
2481,0.48818062245845795,0.1700320404965598,0.7514381110668182,0.12111609201345234
2482,0.4877837747335434,0.1698023401721754,0.7517319917678833,0.12086038708353675
2483,0.4878959506750107,0.16968331747198065,0.7517118752002716,0.12076871768802555
2484,0.4875645339488983,0.1696070527496002,0.7519546747207642,0.12058449381318444
2485,0.4873436540365219,0.16936957633166555,0.7522456049919128,0.12033144413472503
2486,0.48722098767757416,0.16933425727261342,0.75237175822258,0.1203108343258032
2487,0.4870739281177521,0.16921112525468884,0.7524647414684296,0.12024415801145896
2488,0.48697811365127563,0.16914120363300927,0.7525736093521118,0.12020078890434126
2489,0.4866713285446167,0.1690322118827601,0.7527633309364319,0.12004265392872839
2490,0.4866323620080948,0.168696280426704,0.7528387010097504,0.11986222327025324
2491,0.4863520562648773,0.16844784582815656,0.7531079947948456,0.11968250910820279
2492,0.486115962266922,0.16836692387901564,0.7533277273178101,0.11957212651195276
2493,0.4859476685523987,0.1680471557393635,0.753417581319809,0.11923423522744092
2494,0.4857586622238159,0.16784459798542012,0.7535392343997955,0.11898868768801646
2495,0.4858570694923401,0.1677388936893548,0.7535640895366669,0.11883502027834573
2496,0.4856555759906769,0.16772789336189348,0.7537810802459717,0.11872725078670338
2497,0.4854942113161087,0.1678945630743298,0.7538852691650391,0.11864253562119648
2498,0.4854214936494827,0.16780580181136584,0.753989040851593,0.11842278195306068
2499,0.48521220684051514,0.167673903248951,0.7542038261890411,0.11822641978584843
2500,0.41263197362422943,0.07286774961075745,0.8191230595111847,0.022090048388378292
2501,0.41252319514751434,0.0727576198955985,0.8192056715488434,0.02211820248318357
2502,0.4124356508255005,0.072998468061414,0.8192481696605682,0.02220232759281131
2503,0.41237880289554596,0.07290681973932706,0.8192904591560364,0.022118076042638036
2504,0.41255171597003937,0.07290728335466068,0.8192930519580841,0.02220182183062918
2505,0.4125109761953354,0.07298120892694879,0.8192956149578094,0.022173667735823903
2506,0.4125402271747589,0.07289221585631803,0.8192981779575348,0.02209013268207531
2507,0.4126228094100952,0.07302813944276566,0.8193203210830688,0.022090174828923823
2508,0.41247282922267914,0.07299810981320165,0.8194401264190674,0.02211782316154697
2509,0.4122343808412552,0.07304114174553128,0.8195397853851318,0.02211773886784995
2510,0.4121674597263336,0.07294852404592858,0.819580614566803,0.02198017155431039
2511,0.412026047706604,0.07308878875777285,0.8196406364440918,0.021980424435401456
2512,0.41203680634498596,0.07326740710176201,0.8196423053741455,0.022062863671088763
2513,0.4120723456144333,0.0730683264628208,0.8197211921215057,0.021926434322459
2514,0.41229207813739777,0.07318056352040532,0.8196456134319305,0.022008536383358222
2515,0.4124138206243515,0.07370946432236852,0.819570392370224,0.022361979854970578
2516,0.4124324470758438,0.0736923527018731,0.8196488916873932,0.02244264892302043
2517,0.4125184267759323,0.07372809322941033,0.8196313977241516,0.022549996946177677
2518,0.4125109016895294,0.07370189896306081,0.8197093307971954,0.02252188499822091
2519,0.4125131815671921,0.07383105798032245,0.8196727633476257,0.02249394163765819
2520,0.41249266266822815,0.07394698288715167,0.8196553289890289,0.022546667345145318
2521,0.41251468658447266,0.0740117204464644,0.8196569085121155,0.022518808278279616
2522,0.4124322384595871,0.07417834801205223,0.8197340667247772,0.02254447570902275
2523,0.4124304950237274,0.07424525613406326,0.8197543025016785,0.022596695654327748
2524,0.4123150259256363,0.07407196936641072,0.8198120296001434,0.022382884691831983
2525,0.4122866094112396,0.07403443759781177,0.8198319673538208,0.022329147459980592
2526,0.4123099595308304,0.0739202407117715,0.8198518455028534,0.022222726667490585
2527,0.41228359937667847,0.07403852584211733,0.8198902904987335,0.02230162556790298
2528,0.4122767001390457,0.07395560191767214,0.8199284970760345,0.02222213661161143
2529,0.41210712492465973,0.07398156437635485,0.8200780153274536,0.02230065619038723
2530,0.4119265079498291,0.07401749456471039,0.8201526999473572,0.02216915802303324
2531,0.4120354503393173,0.07394911130300147,0.8201715648174286,0.022116685196637176
2532,0.4120149314403534,0.0741065508556139,0.8202087581157684,0.022194909747473394
2533,0.4120539128780365,0.07419202466439401,0.8201906085014343,0.022194699013230842
2534,0.41214002668857574,0.07440450800116168,0.820172518491745,0.022298253820022106
2535,0.41203516721725464,0.07430742273561683,0.8201728761196136,0.02211651660924313
2536,0.4118063151836395,0.07432744248865951,0.8203741610050201,0.022168104351820466
2537,0.41179652512073517,0.07427389491762641,0.8203922510147095,0.0221163901686976
2538,0.4119116961956024,0.07431151097992239,0.8203557133674622,0.022193518901472534
2539,0.411974161863327,0.074010203159918,0.8203555941581726,0.022116305875000578
2540,0.4117923229932785,0.07380501122794272,0.8204641044139862,0.02203947217016522
2541,0.411885529756546,0.0739807425128089,0.820499837398529,0.022218385542093964
2542,0.41200006008148193,0.07394099803466311,0.8204453587532043,0.02232004374070224
2543,0.41198836266994476,0.07388677611405385,0.820516973733902,0.022395781627476317
2544,0.4118974804878235,0.07411637107131695,0.8206061720848083,0.02254729954787298
2545,0.4118760824203491,0.07408577245929804,0.8206055164337158,0.022470339402492087
2546,0.41176724433898926,0.07409702566785045,0.820694088935852,0.02246949646552187
2547,0.4117201864719391,0.07393893283908609,0.8207822740077972,0.022418288044581132
2548,0.411757156252861,0.07406708033198346,0.8207279145717621,0.022467768444732923
2549,0.4118015319108963,0.07433682016245317,0.8206914961338043,0.022692579734690032
2550,0.41174769401550293,0.07430847640682961,0.8207613825798035,0.022666237954370724
2551,0.41170136630535126,0.07447535685350849,0.8207956552505493,0.022689924483233846
2552,0.4115309715270996,0.07456173681953157,0.8209178447723389,0.022688575784081497
2553,0.411514550447464,0.0743695893371704,0.8209340572357178,0.02258784481614046
2554,0.4117456525564194,0.07437462588556745,0.8208274841308594,0.022611531345003582
2555,0.41179271042346954,0.07439081027539564,0.8208263516426086,0.022536172779866106
2556,0.41173671185970306,0.07464676808640229,0.8208950161933899,0.022609255415183993
2557,0.4117162376642227,0.0747032870102554,0.8208937048912048,0.022583461543895327
2558,0.41175365447998047,0.07454934564606937,0.8209618926048279,0.022557836260000703
2559,0.41189906001091003,0.07432158407671649,0.8209431171417236,0.02250776580396976
2560,0.41187383234500885,0.07427853107096262,0.8209071457386017,0.022433460910045055
2561,0.4117887616157532,0.07463123697272603,0.8208712935447693,0.022603607737483534
2562,0.41163043677806854,0.07467167687387223,0.8209389746189117,0.022626830651013036
2563,0.4114457964897156,0.07450327914064696,0.8210578858852386,0.02243126927392249
2564,0.4115484058856964,0.07435121331121965,0.8211248219013214,0.02235776517011949
2565,0.41151413321495056,0.07413508427205578,0.8211230337619781,0.02223621365901407
2566,0.41147512197494507,0.07414380866969754,0.8211725056171417,0.022284176772619468
2567,0.41146038472652435,0.07389398322514922,0.8212217390537262,0.02223562360313492
2568,0.41147617995738983,0.07370887426648937,0.8212367296218872,0.022139149466893483
2569,0.4113290309906006,0.0736275519222876,0.821302592754364,0.022019115242334457
2570,0.4112493544816971,0.07376176856137054,0.8213173449039459,0.022258635782421866
2571,0.4109822064638138,0.0735851732661099,0.8214840590953827,0.02218664896516526
2572,0.41151265799999237,0.07347040739761473,0.8212961852550507,0.022091144206439574
2573,0.4114968031644821,0.07334603204765908,0.8213613331317902,0.02206737338387943
2574,0.41160887479782104,0.07345470769654443,0.8212751746177673,0.022019958179304674
2575,0.41165223717689514,0.07332051213088574,0.8212396204471588,0.02185436321150537
2576,0.4114570915699005,0.0731072069305721,0.8213712871074677,0.02173677350415998
2577,0.4116045981645584,0.07309386745301841,0.821252316236496,0.021737532147433174
2578,0.4118325263261795,0.07295545720250862,0.8211338818073273,0.02169125490776821
2579,0.41184261441230774,0.0730092998014813,0.8210823237895966,0.02159819466625616
2580,0.411723256111145,0.07309005316322817,0.821163535118103,0.021646115633013045
2581,0.4117349088191986,0.07299353688013822,0.8211286664009094,0.021763958221449504
2582,0.4117286205291748,0.07312828035482755,0.8211599290370941,0.021834638486402273
2583,0.4119964987039566,0.07268344144221932,0.821059376001358,0.021765349067450365
2584,0.41193222999572754,0.0727586103465385,0.8210578262805939,0.021835734304463558
2585,0.41187532246112823,0.07275462746935422,0.8210562467575073,0.021813101446813206
2586,0.4118512272834778,0.0729655935195755,0.8210546970367432,0.021883149509038313
2587,0.4116963893175125,0.07322949601152647,0.8211511075496674,0.02209131279383362
2588,0.4115983843803406,0.07327840742922336,0.8211818933486938,0.022114367119969076
2589,0.41161057353019714,0.0734004225556624,0.8212125897407532,0.022229259429009773
2590,0.41153211891651154,0.07322861092770773,0.8212107419967651,0.022114282826272053
2591,0.4116371124982834,0.07330611898211926,0.8211441338062286,0.022274482997461962
2592,0.411664217710495,0.07311905019500366,0.8212070167064667,0.02229698941456678
2593,0.4114699065685272,0.0730553241600552,0.8213341534137726,0.02227380864788579
2594,0.41128256916999817,0.07328995566571533,0.8214285671710968,0.022387183670380093
2595,0.4112784266471863,0.07293187604076679,0.821410208940506,0.022159506394724245
2596,0.41129976511001587,0.07309393067329117,0.8213599026203156,0.02238600355862179
2597,0.4111684113740921,0.07308463729319452,0.8214057385921478,0.022385413502742636
2598,0.41106705367565155,0.07305433370911518,0.8214194476604462,0.022384823446863485
2599,0.4112827628850937,0.07267345263912224,0.8213694393634796,0.02229412342886804
2600,0.38845740258693695,0.0534976059441812,0.8266238570213318,0.018591733521428552
2601,0.3883802890777588,0.05332882888931933,0.826667457818985,0.01854440261055082
2602,0.3882844001054764,0.0532074248921837,0.8267505466938019,0.01844114283169913
2603,0.3884095400571823,0.053109686350486934,0.8267342150211334,0.01847840064578276
2604,0.3884572982788086,0.0534351232412638,0.8267575204372406,0.018627179021026216
2605,0.38834112882614136,0.05341990822895137,0.8268988132476807,0.01855236836491938
2606,0.38833288848400116,0.05334280056960069,0.826862633228302,0.018616853043141045
2607,0.38847121596336365,0.05319851083372364,0.8267873823642731,0.0186255774407828
2608,0.3884985148906708,0.05310536629851457,0.8268689215183258,0.01852366636108346
2609,0.3886275589466095,0.05265506936902418,0.8268330693244934,0.018422303190414758
2610,0.3884875476360321,0.05256807827369769,0.8269529938697815,0.01832140363507968
2611,0.3885597735643387,0.052697700906292944,0.8269753158092499,0.018413073030590872
2612,0.3884648382663727,0.05273299889192082,0.8271136581897736,0.01850436310446547
2613,0.3884173780679703,0.052850946847478555,0.8270775377750397,0.018567836258322878
2614,0.38841407001018524,0.052552589306869936,0.8270993828773499,0.01844034204157742
2615,0.38849273324012756,0.05250616455323519,0.8270634710788727,0.018286295310270106
2616,0.3885277062654495,0.052636925150740234,0.8271235823631287,0.018268551487047018
2617,0.38840219378471375,0.05281754547003367,0.8272024989128113,0.018277908087416438
2618,0.388351634144783,0.052977724567799325,0.827242910861969,0.0183412126538798
2619,0.38816601037979126,0.05327243640601175,0.8273021280765533,0.018484891260453436
2620,0.38818177580833435,0.05282331958827966,0.8273800611495972,0.018225224526777817
2621,0.38805070519447327,0.05289673939838564,0.8274575769901276,0.018234623273995748
2622,0.38807712495326996,0.0528658246850029,0.8274025619029999,0.018163816568497446
2623,0.38774336874485016,0.053084229653986355,0.8276115357875824,0.018306525797555335
2624,0.3877657800912857,0.05303251547086349,0.8275752067565918,0.01826248234086145
2625,0.387839138507843,0.052771563258308285,0.8275952637195587,0.01819213925069677
2626,0.3875700533390045,0.05285657345175476,0.8277274668216705,0.018175027630201346
2627,0.38773730397224426,0.052622068386640145,0.8277657628059387,0.018026038520715333
2628,0.38757725059986115,0.05261770618781927,0.8278596997261047,0.01806211622304066
2629,0.38752108812332153,0.05226495813920734,0.8278788924217224,0.017782766911110453
2630,0.38749249279499054,0.0522615231710537,0.8278979957103729,0.01766193189642972
2631,0.3874525725841522,0.0523189482521498,0.8279909789562225,0.017698599654634196
2632,0.38741132616996765,0.0525387019202856,0.8280466496944427,0.017839370128660586
2633,0.3872777670621872,0.05275965677360396,0.8281204104423523,0.017953461647579574
2634,0.387210875749588,0.05299881906547903,0.8281204104423523,0.018067005257467923
2635,0.38721975684165955,0.052716013711970926,0.8281570374965668,0.017869294391103317
2636,0.38735997676849365,0.05290398865632952,0.828029066324234,0.018008378991189268
2637,0.3872235268354416,0.05308836004514042,0.8280839920043945,0.018146831388547557
2638,0.38722024857997894,0.05319094547441594,0.8281022906303406,0.018181728979114575
2639,0.3870260864496231,0.05305704493669683,0.828247457742691,0.018088205122268903
2640,0.38698574900627136,0.053128294184104495,0.8282652795314789,0.018123102712835924
2641,0.38688813149929047,0.05299470974774922,0.8283191323280334,0.018106707588765186
2642,0.386728972196579,0.05312934785531727,0.8283907473087311,0.01816685114159023
2643,0.386621430516243,0.053425872008015664,0.8285518884658813,0.01830302760912893
2644,0.3864564299583435,0.05341969749470882,0.8286944031715393,0.01836245466552929
2645,0.3865490257740021,0.05326864318964577,0.828639417886734,0.01829506185476037
2646,0.3866904526948929,0.05349111532951052,0.8285489976406097,0.018379524139176203
2647,0.38655708730220795,0.05345596485785244,0.8286548852920532,0.01838799565572689
2648,0.38640619814395905,0.05350544525800423,0.828795850276947,0.018346185982004083
2649,0.38638873398303986,0.05357519829228976,0.8287588655948639,0.018354657498554774
2650,0.3865198642015457,0.05351910083692176,0.828739732503891,0.018438192552303365
2651,0.3866013288497925,0.05373630462072265,0.8287736475467682,0.018496439496945422
2652,0.3868739455938339,0.053528921052624794,0.8286665380001068,0.018454714116919638
2653,0.38676440715789795,0.0534482730579992,0.8287531733512878,0.018438066111757835
2654,0.38684749603271484,0.053573069876439956,0.8287517428398132,0.018446242600368947
2655,0.38676004111766815,0.053451075823425176,0.828872799873352,0.018429721035752678
2656,0.3867279440164566,0.05342321675655948,0.8289409279823303,0.01838850141790902
2657,0.38668714463710785,0.053528752465230756,0.8289565443992615,0.01851991529156599
2658,0.3868885636329651,0.05342808471756248,0.8288330435752869,0.018503309433252697
2659,0.3869199603796005,0.05375419595791552,0.8287968039512634,0.018756443405409128
2660,0.38702085614204407,0.05387745441638563,0.828795313835144,0.018714970906474407
2661,0.38698258996009827,0.054048191299703265,0.8288111090660095,0.01869802787337303
2662,0.3868780881166458,0.0541703960869606,0.8288784921169281,0.018802931379316642
2663,0.38709069788455963,0.05412116856789988,0.8287565410137177,0.018737266589336672
2664,0.38728557527065277,0.05402313499826354,0.828669399023056,0.018623385804660234
2665,0.3871690481901169,0.05387869774841671,0.8287195265293121,0.018461626200075423
2666,0.3870704472064972,0.05372770666362643,0.8287865519523621,0.018372991377657015
2667,0.38718274235725403,0.053788819593967224,0.8287850916385651,0.018332909724723154
2668,0.3872785121202469,0.05388076294399374,0.8286646604537964,0.018461331172135848
2669,0.3872659206390381,0.05379429868427364,0.8287313580513,0.018277318031537284
2670,0.3872024416923523,0.05352063919689241,0.8288654386997223,0.01818986332087718
2671,0.38714058697223663,0.05364579426354551,0.828863799571991,0.018293839596153553
2672,0.3871804475784302,0.05381794306628825,0.8288116753101349,0.018421165225504965
2673,0.3870837688446045,0.05380159008906603,0.8288269937038422,0.01840531801046487
2674,0.3872781842947006,0.05379415117030385,0.8287416100502014,0.018389512942273284
2675,0.3872171491384506,0.05370138595673137,0.8288072645664215,0.018302732581189352
2676,0.38717226684093475,0.053738643770815005,0.8288392126560211,0.018263620305771243
2677,0.38709113001823425,0.05373204778902305,0.8289543986320496,0.018295356882699947
2678,0.3871326446533203,0.05371565266495231,0.828969269990921,0.018185817223420133
2679,0.3872935622930527,0.05413899668481999,0.8289176821708679,0.018358492861769268
2680,0.3871341049671173,0.05401274580010561,0.8290153741836548,0.0183195491737452
2681,0.38728009164333344,0.054048718135309655,0.8289308249950409,0.018350948575885817
2682,0.38746178150177,0.05384238823842457,0.828846663236618,0.01824220970672771
2683,0.3874356597661972,0.05383575010978411,0.8288451433181763,0.018203729634037262
2684,0.3872753977775574,0.053649819287578296,0.8289586007595062,0.01814223738205987
2685,0.3873611241579056,0.05414982842488729,0.8289240598678589,0.01838234797802643
2686,0.38751542568206787,0.0541837355645143,0.8288569748401642,0.018343867905335987
2687,0.38741956651210785,0.054227631507238395,0.8289860188961029,0.018351707219159012
2688,0.38733726739883423,0.05430688865586313,0.8290331065654755,0.018382558712268987
2689,0.3872556537389755,0.05442508949251194,0.8291124999523163,0.01836730155310804
2690,0.38737571239471436,0.054711287667325165,0.8290779888629913,0.018512708180470627
2691,0.3872714340686798,0.05482723364757863,0.8291407525539398,0.018611668980774206
2692,0.3871530741453171,0.05472854680179037,0.8292356133460999,0.01848181454051214
2693,0.3871014714241028,0.05465696037959462,0.8292494118213654,0.018466515234502687
2694,0.3872070908546448,0.05451399826944567,0.8291988372802734,0.018451215928493234
2695,0.38729868829250336,0.05464981648877203,0.8291324377059937,0.01841328376483343
2696,0.38725607097148895,0.05441902034632637,0.8291944265365601,0.018284904464269246
2697,0.3875221014022827,0.05453979214073434,0.829016387462616,0.01836051591049779
2698,0.387454554438591,0.05458018989503203,0.8290783762931824,0.01841328376483343
2699,0.38735589385032654,0.05466593765832744,0.8291401267051697,0.018465883031775022
2700,0.3947833776473999,0.05583374253686729,0.8267635107040405,0.013993175174101927
2701,0.39461036026477814,0.056122174494651594,0.8269261419773102,0.014126401362244863
2702,0.39478568732738495,0.0558927691982068,0.8269291818141937,0.014090492247313582
2703,0.39488081634044647,0.05599864208166617,0.8267540335655212,0.014194805697378044
2704,0.3949854373931885,0.055916729681585245,0.8267180025577545,0.014103052008169829
2705,0.39505988359451294,0.05605707868712652,0.8267018795013428,0.014206775402355138
2706,0.39504243433475494,0.05604125254551068,0.8267250955104828,0.014143260101649222
2707,0.39504675567150116,0.056207521862886155,0.8266698122024536,0.014301774398898693
2708,0.3949148505926132,0.0564467895218825,0.8267907202243805,0.014487178385498116
2709,0.3946941941976547,0.056442111221697795,0.8269500732421875,0.014395846164775008
2710,0.39474935829639435,0.05634610070078998,0.8269141018390656,0.014249975922078805
2711,0.3945450037717819,0.05648265648996527,0.8269947171211243,0.014269489912939349
2712,0.39445391297340393,0.05649178128266788,0.8270362317562103,0.01428883531640585
2713,0.39465147256851196,0.056753471065072024,0.8270002901554108,0.014417383204364077
2714,0.39468125998973846,0.05663413226351342,0.8269838094711304,0.01440908027520743
2715,0.39465220272541046,0.0566502745064931,0.8271019160747528,0.014373634775609767
2716,0.3946409672498703,0.05664614411533903,0.8271044194698334,0.01428419916306965
2717,0.39452770352363586,0.05662551323299295,0.8272216320037842,0.014249175131957097
2718,0.39440272748470306,0.056872093370205934,0.827300101518631,0.0143222999141235
2719,0.39424745738506317,0.05644556726327569,0.8273021280765533,0.014072200515059854
2720,0.3940543681383133,0.056441183991030555,0.8274179995059967,0.014145367444074766
2721,0.39416830241680145,0.05633476319854055,0.8274575769901276,0.01421819719830159
2722,0.39419516921043396,0.0566369350289394,0.8275347352027893,0.014344089834803632
2723,0.39397725462913513,0.05646931701241158,0.8277434408664703,0.014282850463917302
2724,0.39395397901535034,0.05606887980470957,0.8277819454669952,0.01408897496076719
2725,0.3940252661705017,0.05614605068433302,0.8278390169143677,0.01413470429140151
2726,0.39417147636413574,0.05633524788729842,0.8278210163116455,0.014233159329522958
2727,0.3942743092775345,0.05630429102706717,0.8278403878211975,0.014331108605462276
2728,0.39419932663440704,0.05649007433530319,0.8279713988304138,0.014375952852277867
2729,0.3939293622970581,0.05676565150429167,0.8280646204948425,0.014578173431433137
2730,0.35455718636512756,0.024526220526004987,0.8515625,0.011048543456039806
2731,0.3679341673851013,0.081674270386836,0.83203125,0.005524271728019903
2732,0.4014910012483597,0.04777406391640179,0.8307291567325592,0.0036828337697304312
2733,0.43083223700523376,0.005370140703015563,0.818359375,0.008286407592029853
2734,0.405973419547081,0.027230931308918845,0.8328125178813934,0.0022097171205776632
2735,0.39371681213378906,0.04199322324807182,0.8372395932674408,0.009207105497750334
2736,0.40435394644737244,0.05980486075041224,0.828125,0.02209708691207961
2737,0.3976360559463501,0.06876848390431514,0.8310546875,0.03176456243611444
2738,0.3914996236562729,0.070420872173609,0.831597238779068,0.034373241624696224
2739,0.3828592300415039,0.06059056230035233,0.832812488079071,0.026516521153234936
2740,0.38137421011924744,0.07149795596072915,0.8338068127632141,0.036158877155557274
2741,0.37608109414577484,0.07574414558108045,0.8372395932674408,0.03682846413784985
2742,0.37950536608695984,0.07852632227155733,0.8371394276618958,0.038244977569452485
2743,0.3766292482614517,0.08299871402786659,0.8409598469734192,0.03866990209613932
2744,0.38118335604667664,0.07868618526795915,0.8385416865348816,0.03830162293385113
2745,0.38614338636398315,0.07655595710367302,0.83642578125,0.03797936813013683
2746,0.3866717517375946,0.07628899896520502,0.8350183963775635,0.03834494989412032
2747,0.3840304911136627,0.07839849088002378,0.836371511220932,0.03989751335271613
2748,0.38617363572120667,0.07457855341208741,0.8351151347160339,0.036634630781548244
2749,0.390696257352829,0.07319841271074967,0.8316406011581421,0.035907766232129365
2750,0.3980581611394882,0.07268487443506869,0.8292410671710968,0.03525014895481389
2751,0.39870883524417877,0.08179032173421075,0.8295454680919647,0.04017652548985825
2752,0.3976215422153473,0.08600662923896782,0.8305027186870575,0.04371382619168056
2753,0.39868201315402985,0.0842781659081118,0.8294270932674408,0.04327347591843874
2754,0.39806461334228516,0.08468785434906194,0.8287500143051147,0.04419417382415922
2755,0.3982277810573578,0.08400178794900161,0.8293268978595734,0.04334428262393704
2756,0.39862294495105743,0.08434332493590964,0.828125,0.04255735881539014
2757,0.3999163806438446,0.08186376261774098,0.8284040093421936,0.04143203796014927
2758,0.4004373699426651,0.07853131667310587,0.8286637961864471,0.03886036370456005
2759,0.4007856547832489,0.07789774417286585,0.8283854126930237,0.0394064604207157
2760,0.4006814658641815,0.07712704690099564,0.8278729617595673,0.03742248182076239
2761,0.40477512776851654,0.07747848839730373,0.82666015625,0.03659830019813185
2762,0.40605783462524414,0.07313721548671186,0.8257575929164886,0.03415003191498253
2763,0.405231237411499,0.07507559119657639,0.8262867629528046,0.03574529013111987
2764,0.4045216143131256,0.07498796789852223,0.8252232074737549,0.037565064609274744
2765,0.4055648297071457,0.07543423980397984,0.8244357705116272,0.037749162043570324
2766,0.40615445375442505,0.07482936930757575,0.8241131901741028,0.03852061795871373
2767,0.40514273941516876,0.07602994336083281,0.8250411152839661,0.04041444444970224
2768,0.4064704179763794,0.07565725985287523,0.8237179517745972,0.041361231254650965
2769,0.4044411927461624,0.07196319394801665,0.8246093690395355,0.03811748335270703
2770,0.4036920368671417,0.07162300566026097,0.8248856663703918,0.03745725297078387
2771,0.4032192975282669,0.07007880835109458,0.8253348171710968,0.03656538350944485
2772,0.4040612280368805,0.07091852108740138,0.8246729373931885,0.03725671826556904
2773,0.4019617736339569,0.07062800286061578,0.8254616558551788,0.036912167778992484
2774,0.4017628878355026,0.0719370629019399,0.8251736164093018,0.037565064609274744
2775,0.402473509311676,0.07443331537211888,0.8252377808094025,0.03770916468433349
2776,0.40082937479019165,0.07433953863418213,0.8262965381145477,0.03831725941464867
2777,0.4022337943315506,0.0703721925635789,0.8248697817325592,0.03498706832640889
2778,0.40294481813907623,0.06919317662333516,0.824617326259613,0.0333711160076527
2779,0.4034680426120758,0.06711502089038425,0.823906272649765,0.0329246544413768
2780,0.4004970192909241,0.06786283242351304,0.8258271813392639,0.032712360765427426
2781,0.40081124007701874,0.06830366738551275,0.8251201808452606,0.03357059704165476
2782,0.39980076253414154,0.0673142701167195,0.8259139060974121,0.03314563036811941
2783,0.3991115689277649,0.06619449157205781,0.8259548544883728,0.032941049565447536
2784,0.39946237206459045,0.06727492603363458,0.8259943127632141,0.03354737412812526
2785,0.3993421196937561,0.06726438932150686,0.8260323703289032,0.03334291976599891
2786,0.39938798546791077,0.066963123648351,0.8257949352264404,0.03314563036811941
2787,0.39883705973625183,0.06619044547460078,0.8261045217514038,0.03333613412338866
2788,0.39965005218982697,0.06327318813464647,0.8254767060279846,0.03183477908573359
2789,0.400051087141037,0.06267021424642537,0.8246093690395355,0.032224932462398936
2790,0.3996175229549408,0.061246746584818434,0.8245389461517334,0.0318777688712147
2791,0.39943835139274597,0.06109851611860562,0.8243447840213776,0.03172001321723843
2792,0.39835280179977417,0.06030236215023483,0.8247767686843872,0.03139190000158112
2793,0.3970794528722763,0.0586342109595979,0.825927734375,0.030728761487110706
2794,0.3972945511341095,0.057370458780422996,0.8260817229747772,0.029746107714079213
2795,0.39625877141952515,0.05682638511299587,0.8265861868858337,0.029630161733825745
2796,0.3958725035190582,0.05646484944646942,0.8273087441921234,0.02951775608884719
2797,0.3960677832365036,0.05564621013441807,0.8272058963775635,0.028921167448175484
2798,0.3959696292877197,0.05532292273291526,0.8272192180156708,0.029462796598388984
2799,0.39654822647571564,0.055069936274728615,0.8268973231315613,0.029199758116832494
2800,0.3748644143342972,0.0482019808693329,0.8363589346408844,0.019099560899136316
2801,0.37515638768672943,0.04829773850914965,0.8362384736537933,0.019022769341149468
2802,0.3751838803291321,0.04849243587584573,0.8361384570598602,0.01897446905275598
2803,0.3750859647989273,0.04854071509081496,0.8362369239330292,0.019038363675098497
2804,0.37491028010845184,0.04864730447069901,0.8363151550292969,0.019129864483215648
2805,0.3747168779373169,0.048896792740459244,0.8364914953708649,0.01924876074286488
2806,0.37458790838718414,0.04893221716663265,0.8365490436553955,0.0193115174002976
2807,0.37475524842739105,0.04917780685290563,0.8364691138267517,0.019512473573997543
2808,0.37471334636211395,0.049271457150296835,0.8365264236927032,0.019408413005024147
2809,0.37483803927898407,0.04913873672433603,0.8365834653377533,0.01935994412923662
2810,0.3748317360877991,0.04924652728940264,0.8365429639816284,0.01933925002661777
2811,0.37497738003730774,0.04894757969291487,0.8365414440631866,0.01915401462741239
2812,0.374905988574028,0.049109613252015,0.8365399539470673,0.019407654361750952
2813,0.37514708936214447,0.04905983782392364,0.836345374584198,0.019550827206142457
2814,0.3748863786458969,0.04904070315469969,0.836517721414566,0.01955710708657058
2815,0.37479573488235474,0.04906757177062539,0.8365739285945892,0.019617714254729246
2816,0.3748573362827301,0.04927004523087172,0.8365723788738251,0.01992193020728088
2817,0.3748185932636261,0.04913854706351773,0.8364752233028412,0.01976505963712333
2818,0.3749348670244217,0.0489095843089823,0.8364739120006561,0.01974373333177682
2819,0.37498678267002106,0.04903830078433457,0.8364535570144653,0.019803286828722712
2820,0.3751615583896637,0.04908325039827144,0.8363574147224426,0.01996993546773479
2821,0.37515656650066376,0.049144089374096915,0.8363185226917267,0.020162504418581063
2822,0.37515124678611755,0.04908051085311823,0.8363553881645203,0.020140461616809865
2823,0.3751147836446762,0.048966018939138385,0.8363732099533081,0.020091908447325314
2824,0.3753499835729599,0.049159093652166794,0.8362781703472137,0.020203049686848544
2825,0.375466987490654,0.04916276042798724,0.8361836373806,0.020260622281914425
2826,0.37566694617271423,0.04906154477128833,0.8360520899295807,0.020265005554159558
2827,0.3757610619068146,0.04901691125871529,0.8360517919063568,0.020190237044901232
2828,0.3757143020629883,0.049224610928176975,0.8361446261405945,0.020247430318330515
2829,0.37568487226963043,0.04922935244863445,0.8361812829971313,0.020172998983860276
2830,0.37554484605789185,0.04931370936592901,0.8362918794155121,0.020308585395519822
2831,0.375610813498497,0.04943789505506636,0.8362910449504852,0.020391277512298196
2832,0.3756253570318222,0.04942074128772242,0.8363086581230164,0.020447459261363217
2833,0.37565024197101593,0.04927815849921007,0.8362525701522827,0.020399327560363778
2834,0.37560810148715973,0.04950174753056036,0.8363252580165863,0.020533059510688845
2835,0.3755510747432709,0.0494966688353148,0.8363792896270752,0.02058856691017769
2836,0.37578487396240234,0.04937747754772599,0.8362869024276733,0.02054043520917825
2837,0.3757975548505783,0.04936822631447785,0.8362678587436676,0.020698696625336657
2838,0.37581339478492737,0.049415325417688775,0.8361943364143372,0.02062481319989706
2839,0.37566955387592316,0.049466386324659724,0.8363207578659058,0.020576934379988684
2840,0.37570422887802124,0.04967275836839331,0.8363379836082458,0.020631640989355826
2841,0.37558311223983765,0.04975376461123125,0.8364273309707642,0.0206860947176319
2842,0.375460222363472,0.04955889865714113,0.8364622294902802,0.020663883328466658
2843,0.37561488151550293,0.05002578037152056,0.8363352119922638,0.020972229672172358
2844,0.37554222345352173,0.05008465951889028,0.8363701701164246,0.021000173032735082
2845,0.3755086362361908,0.04982819594570149,0.8363155126571655,0.0208002283833994
2846,0.3755315691232681,0.04963927269725141,0.8363503217697144,0.0208284667719017
2847,0.3755820244550705,0.04985337868768675,0.8362959325313568,0.02093210587238999
2848,0.3755912184715271,0.04993044420018892,0.8363484442234039,0.020934718976997665
2849,0.37565088272094727,0.04998540369064713,0.8362411558628082,0.020962451603317833
2850,0.37563301622867584,0.049785353674190166,0.836222767829895,0.020814895486681192
2851,0.37568703293800354,0.04970647584720203,0.8362927138805389,0.020693048947636197
2852,0.3757689297199249,0.04977218278403051,0.8362742960453033,0.02074598538936588
2853,0.3757491260766983,0.04945673469635073,0.8363262712955475,0.020649637693669978
2854,0.3759593665599823,0.04928783120094332,0.8362202048301697,0.02042975758498864
2855,0.3758954703807831,0.04926878082541639,0.8361670970916748,0.0204334665076576
2856,0.3760259598493576,0.04962683937694069,0.8359920382499695,0.020609977509221226
2857,0.3760613948106766,0.0493827248303656,0.8359396755695343,0.020514767778435115
2858,0.37607669830322266,0.04928184634845477,0.8359917998313904,0.020419979516134116
2859,0.3760429918766022,0.0492533129320129,0.8359743654727936,0.020374671653984905
2860,0.3760005533695221,0.049060111778438956,0.8359742760658264,0.020305087207093418
2861,0.3759855180978775,0.04907543215787267,0.8359914124011993,0.020406703258853184
2862,0.37585870921611786,0.04922623358184465,0.8360430002212524,0.0206539788190666
2863,0.37579551339149475,0.04937056546457021,0.8359568417072296,0.02080296792855261
2864,0.3756496161222458,0.04938807748012648,0.836008220911026,0.02080583391425135
2865,0.3754552751779556,0.04921632907244459,0.8360251784324646,0.020711888588920566
2866,0.3752524107694626,0.04942305936439052,0.8361786305904388,0.02081148159195181
2867,0.37517213821411133,0.04951154667283914,0.8363143801689148,0.020790197433453807
2868,0.3751579523086548,0.04949709030379991,0.8363645672798157,0.020889158233757386
2869,0.375136598944664,0.04930315158037703,0.8363297283649445,0.020819826667956967
2870,0.37522993981838226,0.04926555659150531,0.836311936378479,0.02067901404708207
2871,0.37504979968070984,0.04933259115406189,0.8363955616950989,0.020729843146386207
2872,0.3747533708810806,0.04940919305123044,0.8364956676959991,0.020756606395190627
2873,0.37471912801265717,0.048985069314665314,0.836544930934906,0.02052172200843941
2874,0.374700203537941,0.049138863164881565,0.8365268409252167,0.020667423663741573
2875,0.37456341087818146,0.04911412296480567,0.8366260230541229,0.020646856001668257
2876,0.37467487156391144,0.048737709460754876,0.8366579711437225,0.02057908386926274
2877,0.37449534237384796,0.04878482963739005,0.8367564678192139,0.02065305158839936
2878,0.3745812326669693,0.048854076909493456,0.8367214500904083,0.020632610366871574
2879,0.37465448677539825,0.04869261233284822,0.8366367816925049,0.02063568708681287
2880,0.37474241852760315,0.04852042138325696,0.8365690410137177,0.020474812566046788
2881,0.3748136907815933,0.04815650441978964,0.8366999328136444,0.02036135324985546
2882,0.3750579208135605,0.04799807441623719,0.8366158604621887,0.02031832131752584
2883,0.3751163184642792,0.047983301945834125,0.8365650475025177,0.020368686801496356
2884,0.37493881583213806,0.048028061898952694,0.8366787135601044,0.020418757257527297
2885,0.3751113712787628,0.04826163973340007,0.8366443812847137,0.020491839892845188
2886,0.3752180486917496,0.04833356333038391,0.8365283906459808,0.02058768182635896
2887,0.37529340386390686,0.048164701981825014,0.8365598022937775,0.02056778851386182
2888,0.3754119426012039,0.04779336717301978,0.8364933431148529,0.02036362917967505
2889,0.37556126713752747,0.04788746001232035,0.8364434242248535,0.020505200443823143
2890,0.37558721005916595,0.04798800131944309,0.8364261388778687,0.020508487898006994
2891,0.3755771666765213,0.047985303921138395,0.8363765776157379,0.020603360454005015
2892,0.37583112716674805,0.048125716146952435,0.836262583732605,0.02065212435773212
2893,0.37589915096759796,0.047862192976638074,0.8362135589122772,0.020427102333532454
2894,0.3758264183998108,0.04791885941446097,0.8362612426280975,0.020476076971502114
2895,0.3757125735282898,0.04789508859190082,0.836356908082962,0.020456689421187103
2896,0.3759501874446869,0.04779646496638533,0.8361798226833344,0.020369445444769554
2897,0.37589485943317413,0.04787745013579901,0.8362112939357758,0.020395576490846307
2898,0.37580931186676025,0.04782976097670894,0.8363065123558044,0.020376483968470874
2899,0.3758998364210129,0.04785106620863119,0.8362738788127899,0.02035747573979246
2900,0.37919747829437256,0.045815183764736714,0.8361993134021759,0.01176440767799734
2901,0.37916330993175507,0.04578169809359481,0.8362981379032135,0.01167817522594405
2902,0.37919898331165314,0.04596204445837292,0.8363567888736725,0.011760783049025404
2903,0.379161074757576,0.045866371112253196,0.8364349007606506,0.011590973396375012
2904,0.37910884618759155,0.046189784954301545,0.8364928960800171,0.011785101780616189
2905,0.3789190649986267,0.045970621342044896,0.8365899920463562,0.011643994131801717
2906,0.3789338767528534,0.045856698410519946,0.836568683385849,0.011670251618424003
2907,0.37900426983833313,0.04583924961523644,0.8365866839885712,0.011751847917141093
2908,0.3789602369070053,0.046149092172064275,0.8365655243396759,0.011943616077865662
2909,0.3789602667093277,0.04611078068676787,0.8366029560565948,0.011996552519595345
2910,0.3789508044719696,0.04649012339679017,0.8366596698760986,0.012241805031080237
2911,0.37895911931991577,0.04657901110029965,0.836657851934433,0.012238812604835964
2912,0.3791070282459259,0.04648278984514928,0.8365786373615265,0.012235862325440201
2913,0.37943170964717865,0.046442476384548605,0.836461216211319,0.012232912046044438
2914,0.3793715536594391,0.046293171173698765,0.8364406824111938,0.012257230777635224
2915,0.37949882447719574,0.04627755576632548,0.836343377828598,0.01233575035641102
2916,0.37943966686725616,0.0461256163774437,0.8363807201385498,0.012224187648402683
2917,0.37948426604270935,0.0460747240578668,0.836341381072998,0.01227543821619193
2918,0.37950311601161957,0.04639379677451853,0.8363595008850098,0.01246122152442795
2919,0.37940514087677,0.0463408814062131,0.8364154994487762,0.012377054267951696
2920,0.37937934696674347,0.04634343129054801,0.8363194763660431,0.012454351588120676
2921,0.37945254147052765,0.04605198583309517,0.8362427949905396,0.01223674740925893
2922,0.3793973922729492,0.04611522717928577,0.8361665308475494,0.012340723684535305
2923,0.3792836219072342,0.04578431119820248,0.8362036645412445,0.012177699674495166
2924,0.3793167322874069,0.046019153438105184,0.836203008890152,0.012387675273776442
2925,0.3793520927429199,0.04598292822181008,0.8360523581504822,0.012331409231014398
2926,0.3791325241327286,0.04601780473895284,0.8361456096172333,0.012354800731937943
2927,0.37896208465099335,0.04588424137602182,0.8362197875976562,0.012246104009628347
2928,0.3790072053670883,0.04583872277963005,0.8362191021442413,0.012295879437719714
2929,0.37894995510578156,0.04604604312745514,0.8361812829971313,0.012450516224906184
2930,0.3790554404258728,0.046014749092435796,0.8361251354217529,0.012421013430948558
2931,0.37937481701374054,0.046271233739048845,0.8360322415828705,0.012548507647694013
2932,0.37936966121196747,0.04604524233733343,0.8359398245811462,0.012466700614734368
2933,0.37920598685741425,0.04572796086174342,0.8360686004161835,0.012281212334437923
2934,0.37931303679943085,0.04594113962151152,0.8361600637435913,0.012408116495304225
2935,0.37962256371974945,0.04585726739297484,0.8359397649765015,0.012508510288457174
2936,0.37955524027347565,0.04575822229897424,0.8360494077205658,0.012505096393727792
2937,0.3795109689235687,0.04587060687052854,0.8361402750015259,0.012475888627709743
2938,0.37934690713882446,0.045914734620919447,0.8363216519355774,0.012421182018342601
2939,0.3793475329875946,0.04600417023345956,0.8363751769065857,0.012392353573961151
2940,0.3793649524450302,0.04582978764774574,0.8363560438156128,0.012210026307303022
2941,0.37920036911964417,0.04575740043542828,0.8364453911781311,0.01228395187959113
2942,0.379212349653244,0.04593850544347959,0.836534321308136,0.012357540277091152
2943,0.3794355094432831,0.046231173159539236,0.836514949798584,0.012430791499803086
2944,0.3794230818748474,0.04627428938556588,0.8365674316883087,0.01240225808336121
2945,0.3795619308948517,0.04680285301274101,0.8365123271942139,0.012576282420862691
2946,0.3796100616455078,0.04680378024340825,0.8364931344985962,0.012648522119210364
2947,0.3798854202032089,0.04706705053263154,0.8363137543201447,0.012745670605027975
2948,0.3796962946653366,0.0469504302028019,0.8364372849464417,0.012666392382978984
2949,0.3796624690294266,0.04689753590792073,0.836507111787796,0.012712880356886499
2950,0.379524365067482,0.04701575781799379,0.8366119563579559,0.01270908714052052
2951,0.3795779347419739,0.047102643546198995,0.8365045189857483,0.01270533607100305
2952,0.3795323222875595,0.047095710389618954,0.8365032374858856,0.012751402576425456
2953,0.37970593571662903,0.04752276333215559,0.8363438248634338,0.013120313941441312
2954,0.37969495356082916,0.04744944888917089,0.8363253772258759,0.01314050228187803
2955,0.3797086477279663,0.04767702079770546,0.8363420069217682,0.013160564181769216
2956,0.37965431809425354,0.04780392495857176,0.8363411128520966,0.01325455165394851
2957,0.3795655071735382,0.04807956534783301,0.8364272713661194,0.013323546044960843
2958,0.3793445825576782,0.048271839270739705,0.8364956974983215,0.013465918099230643
2959,0.379343181848526,0.04834627060520995,0.8365811407566071,0.013534069553272758
2960,0.3795734643936157,0.048589921536451426,0.8364759087562561,0.013626413298360127
2961,0.37951070070266724,0.04838791169153871,0.8365437984466553,0.013718377721810898
2962,0.379532054066658,0.0485904062252093,0.8365768790245056,0.013907364190533747
2963,0.3795423060655594,0.04866235089561739,0.8365239202976227,0.013876723431666326
2964,0.3794112056493759,0.0486414882056045,0.8366255164146423,0.013822058969147698
2965,0.3793282061815262,0.04866471111913401,0.8367437720298767,0.01388856669609789
2966,0.37930773198604584,0.04866007496579781,0.836759090423584,0.01380992067677656
2967,0.3792116492986679,0.04852575295959359,0.8368083834648132,0.013731611832243319
2968,0.3792879432439804,0.048721314336684134,0.8368404805660248,0.013821932528602166
2969,0.3792811185121536,0.04897562842059887,0.8368385136127472,0.013911873903324413
2970,0.37927593290805817,0.04886667881719821,0.8367519378662109,0.013881738906639124
2971,0.37938033044338226,0.0488035849849774,0.8367670774459839,0.013995029635436407
2972,0.37923912703990936,0.048905875386313344,0.8368664085865021,0.013988665461311263
2973,0.37908175587654114,0.049123627079144874,0.8369821310043335,0.01410123969368386
2974,0.37913189828395844,0.04920587665401389,0.8369295299053192,0.014213308163874326
2975,0.37924106419086456,0.04914358361191478,0.8369608819484711,0.014159191610386338
2976,0.37923386693000793,0.0491523712298293,0.8369586765766144,0.014152532408321618
2977,0.3791901767253876,0.049125860862115955,0.8369064927101135,0.014122313117939307
2978,0.37917546927928925,0.04910236399407113,0.8369210958480835,0.014233412210614024
2979,0.37908047437667847,0.04905838375765001,0.837035208940506,0.014203192920231712
2980,0.3789856433868408,0.04885270713691685,0.8371157050132751,0.014126190628002308
2981,0.37906794250011444,0.048995563879944526,0.8371297419071198,0.014236573224252341
2982,0.3792291283607483,0.04907772916111651,0.8370777070522308,0.014159865959962513
2983,0.3791356086730957,0.0492575697637125,0.8371246755123138,0.014269700647181903
2984,0.37907615303993225,0.04923615916466896,0.8372043371200562,0.014379071719067674
2985,0.37914717197418213,0.049404198649681895,0.8371852934360504,0.014627105922554284
2986,0.3790994882583618,0.04938548544894306,0.8372481167316437,0.014573326543854384
2987,0.3791953772306442,0.04933716408712532,0.837147444486618,0.014473607100277609
2988,0.3790833055973053,0.049305996492651515,0.8371449112892151,0.014466484282879267
2989,0.3789806067943573,0.04947917789318278,0.8371911644935608,0.01452835585649326
2990,0.37897397577762604,0.04944130894979574,0.8371885418891907,0.014475250827369534
2991,0.37897270917892456,0.049586905237976625,0.8372507095336914,0.014605484589268195
2992,0.378866046667099,0.04948495201142877,0.8373449146747589,0.01450673452320717
2993,0.3788452297449112,0.049320010319781386,0.8373903930187225,0.014476810260764436
2994,0.37902337312698364,0.04965526742626129,0.837323009967804,0.014651761828933157
2995,0.37888307869434357,0.04952669846487881,0.8374165296554565,0.014553559671902775
2996,0.37878894805908203,0.04939463131506992,0.837461531162262,0.014478369694159339
2997,0.3788195103406906,0.0495579714264739,0.8374424576759338,0.014674858301917127
2998,0.37868446111679077,0.049575778469969745,0.8374553322792053,0.014780309716891385
2999,0.3785569816827774,0.049603869344502255,0.837547779083252,0.014817736118369059
3000,0.36296655237674713,0.03691674071205591,0.8376156985759735,0.01777362104498359
3001,0.36282144486904144,0.036840454916251195,0.8377307951450348,0.017643893045267058
3002,0.36275172233581543,0.03710907785523538,0.8378056585788727,0.017907816610642276
3003,0.36266496777534485,0.03736170606520968,0.8377811312675476,0.018142448116302425
3004,0.3624599725008011,0.03762750516534363,0.8378949463367462,0.01823622485423916
3005,0.36259157955646515,0.03802221040164815,0.8378112316131592,0.01855236836491938
3006,0.3626558780670166,0.03805249291230323,0.8378261625766754,0.01850571180361782
3007,0.3626711368560791,0.03823507306005242,0.8378802239894867,0.01851473122919915
3008,0.362721785902977,0.03823264961626305,0.8378948867321014,0.01852366636108346
3009,0.3624190092086792,0.03828619718729614,0.8380265235900879,0.01853255934611926
3010,0.36230573058128357,0.038358184004552744,0.8381185829639435,0.018596496115310286
3011,0.36223211884498596,0.03840648429294623,0.8381325900554657,0.018550303169342346
3012,0.3622905910015106,0.03837276681413752,0.8380883932113647,0.018641213921580344
3013,0.36250846087932587,0.03861745034316751,0.8379479348659515,0.018868174700811507
3014,0.36263076961040497,0.03836153467900936,0.8379044532775879,0.01868546811251678
3015,0.3626716285943985,0.03873727383348398,0.8379188477993011,0.018802594204528556
3016,0.3625093549489975,0.03873626230911972,0.8379906713962555,0.01878354382900163
3017,0.36238299310207367,0.03860139239388486,0.8381003439426422,0.018656428933892775
3018,0.36226244270801544,0.038703767088917825,0.8381522595882416,0.01861091033750101
3019,0.36231786012649536,0.038783698587118734,0.838089793920517,0.01867320337960011
3020,0.3622319847345352,0.03854394623936451,0.8382174074649811,0.01862785337060239
3021,0.36230602860450745,0.03871660080428939,0.8382687270641327,0.018689809237913402
3022,0.3625006824731827,0.03851693010946903,0.8381875157356262,0.01867130677141712
3023,0.3625582605600357,0.03869892020133907,0.8382386267185211,0.01867960970057377
3024,0.36285369098186493,0.03873609372172568,0.8380639255046844,0.018581491837240408
3025,0.3628775477409363,0.03871639007004683,0.8381150662899017,0.018483879736089177
3026,0.3627356290817261,0.038761655785347536,0.838240772485733,0.018545414134915082
3027,0.3626440763473511,0.038845106545399105,0.8383285999298096,0.01855388565146577
3028,0.3626862019300461,0.03899032351194339,0.8382856845855713,0.018693981775915983
3029,0.3627813309431076,0.0393362226976723,0.8382800817489624,0.01883340355079002
3030,0.36293065547943115,0.039384375472095993,0.8381633460521698,0.018919762443388843
3031,0.3630128651857376,0.039535535144280314,0.8381396234035492,0.01903187306042782
3032,0.3630864918231964,0.03945851177862666,0.8381159603595734,0.01893476672145872
3033,0.3629060238599777,0.039379633951638515,0.8381844162940979,0.018864170750202972
3034,0.36287958920001984,0.03926807124363018,0.8382342159748077,0.018819874412418024
3035,0.3629993796348572,0.03919766493319273,0.8382837772369385,0.018827502991998493
3036,0.36300089955329895,0.03911042095677518,0.8382965326309204,0.018835173718427477
3037,0.3627221882343292,0.038935975150788595,0.8384368717670441,0.01876542068414195
3038,0.3626326322555542,0.03893222408127112,0.838449239730835,0.018773217851116464
3039,0.36256082355976105,0.03894505779664269,0.8384796679019928,0.01880655600828858
3040,0.3625447601079941,0.03901388360026098,0.83847376704216,0.01878860145082294
3041,0.36246515810489655,0.039176781169755585,0.8385221064090729,0.01889843613804233
3042,0.36247657239437103,0.0393706566729057,0.8385161459445953,0.018982224072881988
3043,0.3623174726963043,0.03929127308373543,0.8385821282863617,0.01886227414201998
3044,0.36234845221042633,0.039457352740292606,0.8386119306087494,0.01889506439016146
3045,0.36248110234737396,0.039221541122874154,0.8385342061519623,0.018725296884359578
3046,0.3625084012746811,0.03943935603597845,0.8385461270809174,0.018934935308852763
3047,0.3623131960630417,0.03948959507940344,0.8386114239692688,0.01891693860453861
3048,0.36242519319057465,0.039824451790822495,0.8385520577430725,0.019074989286454465
3049,0.36262956261634827,0.03987787292131005,0.8384574353694916,0.019182168722217667
3050,0.36284664273262024,0.03986691474069722,0.8383279144763947,0.019188743630585366
3051,0.36303894221782684,0.03972110771827378,0.838251918554306,0.019170367604634617
3052,0.3630671501159668,0.03980820418072154,0.8382290899753571,0.019276577662882072
3053,0.3633359670639038,0.03987563913833898,0.83810093998909,0.01933263297140156
3054,0.3632325679063797,0.039951482392234325,0.8381486535072327,0.019388393251981474
3055,0.36323048174381256,0.04000332301590273,0.8381612002849579,0.019394504545015553
3056,0.36333267390727997,0.039951861713870926,0.8381038904190063,0.01935113543789784
3057,0.3632392883300781,0.04022263414212916,0.838116466999054,0.01955428324772035
3058,0.3632679581642151,0.04051074999854964,0.8381811082363129,0.019682788988830066
3059,0.36331532895565033,0.0404341902482296,0.8382108211517334,0.01961463753478795
3060,0.36359456181526184,0.040376807313982015,0.8381711840629578,0.019595671452958048
3061,0.36359263956546783,0.04058242071444241,0.8380799293518066,0.019845265089839564
3062,0.36354517936706543,0.040766075606828635,0.8380924761295319,0.020045083298629713
3063,0.36377792060375214,0.0408307499458686,0.8379846215248108,0.020122507059344225
3064,0.36383166909217834,0.04110354542285536,0.8380143940448761,0.020345084566330256
3065,0.3638952970504761,0.04133189704808739,0.8380098640918732,0.020469923531619524
3066,0.36389459669589996,0.04153350649793924,0.8380224108695984,0.02052172200843941
3067,0.3638693541288376,0.04167507776208734,0.837932676076889,0.020573351897865258
3068,0.36382922530174255,0.041607158115712035,0.8380303084850311,0.020504568241095478
3069,0.3637067526578903,0.041876160376332815,0.838076651096344,0.020651955770338074
3070,0.36357884109020233,0.0419693470583904,0.8381228148937225,0.020750790130096123
3071,0.36344750225543976,0.0422088254516293,0.8381856381893158,0.02077759552574905
3072,0.3635752350091934,0.042032398743762696,0.8382144868373871,0.02085194256652227
3073,0.36361320316791534,0.04218282084609808,0.8381927609443665,0.02094976540191605
3074,0.36361178755760193,0.042321462904274666,0.8382382690906525,0.021047082475127706
3075,0.363536536693573,0.042591877084320565,0.8382668197154999,0.02121507981329213
3076,0.36344297230243683,0.04276402588706331,0.8383119404315948,0.021311511802685056
3077,0.36350303888320923,0.042943339654052906,0.8383068740367889,0.021383920088426774
3078,0.36356648802757263,0.04320907553391409,0.8383184671401978,0.02147955128769799
3079,0.36340728402137756,0.043250969501333926,0.838396430015564,0.021527767282394455
3080,0.36339734494686127,0.04348718151381323,0.8384077548980713,0.0216695492807851
3081,0.3634212613105774,0.04336586181037462,0.8384521305561066,0.021717217366450922
3082,0.3635145425796509,0.04321147790427921,0.8384798169136047,0.021694668802497593
3083,0.3635263442993164,0.04342667971277584,0.838507354259491,0.021811921335054902
3084,0.3635221868753433,0.0435787666156274,0.838551253080368,0.02185899936484157
3085,0.363668829202652,0.04370257298312815,0.8385457694530487,0.021882685893704693
3086,0.3637939542531967,0.0436468337759725,0.8385239541530609,0.0218831073621898
3087,0.36372244358062744,0.04364209225551502,0.8386164903640747,0.02186047450453945
3088,0.36361411213874817,0.043532679036780736,0.8386923372745514,0.021768805109028257
3089,0.3636287599802017,0.04392335924905247,0.8387353718280792,0.021953408305505972
3090,0.3637479990720749,0.0439826598649073,0.8386971354484558,0.021930775447855624
3091,0.36374908685684204,0.04392241094496097,0.8387237787246704,0.021862413259570952
3092,0.36377090215682983,0.04392822721005548,0.8387664556503296,0.021862919021753083
3093,0.3639044165611267,0.04406115837025884,0.8386800587177277,0.022091397087530638
3094,0.3638812005519867,0.04425161997867957,0.8387065827846527,0.022114156385726523
3095,0.3638449013233185,0.04464522939692281,0.8387329876422882,0.022318484307307335
3096,0.36394619941711426,0.044380167866637794,0.8387272655963898,0.022250037825325645
3097,0.3638151288032532,0.04431096274138291,0.8387854993343353,0.022227109939735718
3098,0.36374829709529877,0.044294462250190896,0.838811606168747,0.022204266347842814
3099,0.3636210858821869,0.04429920377064837,0.8388694226741791,0.022226604177553587
3100,0.3620481342077255,0.025600101152638312,0.8421042263507843,0.01125662244713809
3101,0.36206117272377014,0.025247901013057027,0.8421880006790161,0.011115388357778084
3102,0.36197230219841003,0.025132207913894623,0.8422118127346039,0.011059038021319018
3103,0.36203478276729584,0.024831637663739182,0.8422157168388367,0.010975039352236806
3104,0.3620598167181015,0.024583434872858526,0.8421998620033264,0.01086351879107698
3105,0.3620694726705551,0.02499377658996059,0.8421643674373627,0.0111703899950848
3106,0.36211593449115753,0.02525260038666599,0.8422076404094696,0.01130905312668564
3107,0.3619593679904938,0.025335987926444793,0.8423095047473907,0.011419224988693117
3108,0.3621133863925934,0.025600880869335763,0.8421958088874817,0.011556581567990122
3109,0.36231669783592224,0.025576309256653912,0.842160701751709,0.011472540752059399
3110,0.3623913526535034,0.02590518111558442,0.8420673906803131,0.011691577923770515
3111,0.3624318689107895,0.02620292752688963,0.842052161693573,0.01190951927742035
3112,0.36235544085502625,0.02660153134668141,0.8420370221138,0.01218111356922455
3113,0.36228539049625397,0.026781308729004628,0.8421377837657928,0.01217828973037432
3114,0.3621855080127716,0.026937821050949832,0.8421802818775177,0.012366180381035884
3115,0.362013041973114,0.027300831857174163,0.8423186242580414,0.012471631796010142
3116,0.3620665371417999,0.027360301060423035,0.8422837853431702,0.012657878719579782
3117,0.36202283203601837,0.027387253970045752,0.8423064947128296,0.012708033469307746
3118,0.36190713942050934,0.027271055108701217,0.84234818816185,0.012569075309767329
3119,0.3622722178697586,0.027070604697183406,0.8421993851661682,0.01253851884459693
3120,0.38918396830558777,0.08270197914092564,0.8515625,0.011048543456039806
3121,0.35653485357761383,0.06986680970308479,0.8671875,0.011048543456039806
3122,0.361898735165596,0.03793003524395483,0.8567708432674408,0.0036828337697304312
3123,0.35513637959957123,0.04212815638357945,0.853515625,0.0027621358640099515
3124,0.3548996299505234,0.0244181349329988,0.8609375059604645,0.019887369791501946
3125,0.3806263953447342,0.04672793698951289,0.84765625,0.0018413958114409602
3126,0.37033045291900635,0.03555377485148637,0.853794664144516,0.0015783573298844705
3127,0.3770165890455246,0.04682213519593474,0.84765625,0.013810679320049757
3128,0.3776398301124573,0.046782158910122155,0.8472222089767456,0.019641864398925988
3129,0.3877941817045212,0.047927689179224,0.8414062559604645,0.020992207278366523
3130,0.3866867572069168,0.04836226533421983,0.8409090638160706,0.02209708691207961
3131,0.3874104171991348,0.05059002130596016,0.83984375,0.02209708691207961
3132,0.3805917650461197,0.044338379266339246,0.8413461446762085,0.020397304511635253
3133,0.3810143768787384,0.039305771599623174,0.8426339328289032,0.018940330105462158
3134,0.3798455595970154,0.037701072489419396,0.8401041626930237,0.01841421099550067
3135,0.3828546404838562,0.04035181423281505,0.83740234375,0.022787620878082098
3136,0.3793179988861084,0.04018786299210768,0.8414522111415863,0.021447140361193114
3137,0.3775540888309479,0.03946538171493393,0.8411458432674408,0.02332469816865642
3138,0.37485671043395996,0.038504939331067675,0.8425164520740509,0.022678586980984416
3139,0.37434741854667664,0.03726110153781417,0.8425781428813934,0.02154466816864732
3140,0.3731597065925598,0.04110632711485708,0.8415178656578064,0.02420156335192557
3141,0.37033525109291077,0.041297673807096535,0.8423295319080353,0.02410593215265435
3142,0.3686756044626236,0.04600402271948978,0.84375,0.025940036559302927
3143,0.3664509356021881,0.04600050345763912,0.8440755307674408,0.025319592802374058
3144,0.36602403223514557,0.04596444682873805,0.8446874916553497,0.026958430859871662
3145,0.36269156634807587,0.04646902889911047,0.8464543223381042,0.025921576239655155
3146,0.3622269183397293,0.04532802941622355,0.8469328582286835,0.02414310567304096
3147,0.3657829910516739,0.040563876101097615,0.8462611436843872,0.02170250811632062
3148,0.36865928769111633,0.04530680847799831,0.8445582091808319,0.02400199802422649
3149,0.3674283027648926,0.04940778113180532,0.8453125059604645,0.02577992068181004
3150,0.36511269211769104,0.04736268960151121,0.8460181653499603,0.02387909781396872
3151,0.3654603362083435,0.04175307050525675,0.844970703125,0.022442353895080855
3152,0.3660281151533127,0.043857610165375475,0.8454072177410126,0.02377111758808381
3153,0.36381007730960846,0.041111911572284776,0.8462775647640228,0.0230719856649851
3154,0.36229509115219116,0.0399411353409249,0.8473214209079742,0.023991124137310676
3155,0.36346057057380676,0.03954537643340761,0.8467881977558136,0.02271087146694376
3156,0.3629794418811798,0.038723892209081776,0.8467060923576355,0.02149986606868024
3157,0.3623538315296173,0.039470312896209704,0.8474506735801697,0.02209708691207961
3158,0.36027659475803375,0.039943305903623216,0.8489583432674408,0.02266366699661156
3159,0.35893984138965607,0.037051062718260135,0.8492187559604645,0.020439830681782747
3160,0.3575478196144104,0.035741370474208355,0.849466472864151,0.021019181261413496
3161,0.3590700328350067,0.032332280485556184,0.8489583432674408,0.01946649136227216
3162,0.35911212861537933,0.035729295402109985,0.8482921421527863,0.02184011757670869
3163,0.3568708896636963,0.033942922301399996,0.8494318127632141,0.021092643218367985
3164,0.3566187173128128,0.034793972539956225,0.8498263955116272,0.021360528587503227
3165,0.3562159240245819,0.03607247611610994,0.8496942818164825,0.022337281801743197
3166,0.35707664489746094,0.03573209816753596,0.8500665128231049,0.021626938816940586
3167,0.35931600630283356,0.033407467664493345,0.8484700620174408,0.019565114987787652
3168,0.35905584692955017,0.03319629088002951,0.8485331535339355,0.01894037225231067
3169,0.360027477145195,0.03263339864474227,0.8481249809265137,0.018561556377894754
3170,0.3610992878675461,0.035898978614214844,0.8481923937797546,0.02014737369996565
3171,0.36170239746570587,0.03478432091164723,0.84765625,0.018272597584504065
3172,0.36142563819885254,0.03647211253369024,0.8478773534297943,0.02001246163788228
3173,0.36247722804546356,0.03699745192695428,0.847222238779068,0.02168788315988734
3174,0.362536758184433,0.034739834913043985,0.8474431931972504,0.02008824167150487
3175,0.3625562936067581,0.0354008871585131,0.8466796875,0.019926861388556656
3176,0.3619578033685684,0.03590003228542762,0.8474506437778473,0.020352586705365196
3177,0.36149777472019196,0.03594302207090873,0.8471174538135529,0.020001672044663493
3178,0.361949160695076,0.037568878899064975,0.8463982939720154,0.021348053120344
3179,0.3641964793205261,0.03465988234141881,0.8455729186534882,0.020992207278366523
3180,0.3635782152414322,0.03545260134163597,0.8461833894252777,0.02119147757812603
3181,0.36356213688850403,0.035148322168811565,0.8461441695690155,0.02049327288569456
3182,0.362384170293808,0.034871459520943504,0.84685018658638,0.02051872958219514
3183,0.361837700009346,0.03468578157982876,0.8468017578125,0.020543385488574012
3184,0.3610427975654602,0.035785582518296284,0.8469952046871185,0.02056728275167969
3185,0.3604743629693985,0.03673626790673227,0.8469460308551788,0.020925278082931223
3186,0.3593014180660248,0.03753227436113327,0.8474813401699066,0.02110768964328637
3187,0.35862384736537933,0.037467895050032875,0.8473115861415863,0.021934610811070114
3188,0.35957324504852295,0.03838229200190098,0.8464673757553101,0.021776855157093836
3189,0.3594432473182678,0.040061591033969036,0.8465401828289032,0.02225492685975291
3190,0.3589036762714386,0.039607880209749265,0.8469410240650177,0.022563947553034782
3191,0.35874688625335693,0.038302423723972835,0.8468966782093048,0.021943630236651444
3192,0.3579394668340683,0.03993407574379933,0.8469606041908264,0.02300518291009533
3193,0.3575652539730072,0.03961597240466336,0.8474451005458832,0.02254498147120488
3194,0.35733309388160706,0.03970671456950731,0.8476041853427887,0.022244390147625186
3195,0.35616566240787506,0.039398347152377354,0.8485814332962036,0.02166095132368888
3196,0.35575734078884125,0.038018880800615794,0.8489245176315308,0.020805707473705817
3197,0.3557914048433304,0.0383419363944518,0.8482572138309479,0.021105582300860827
3198,0.3555487394332886,0.03874892743709724,0.8482001721858978,0.02083837128130176
3199,0.35663360357284546,0.03987171948142746,0.8483398258686066,0.020577903757504436
3200,0.35843056440353394,0.029413358345085704,0.842842310667038,0.014388133291497516
3201,0.3582327216863632,0.029687081052739706,0.8429441452026367,0.014492193860470912
3202,0.3581817001104355,0.02992529504052328,0.8429858684539795,0.014567636719305414
3203,0.35800059139728546,0.029985396446499814,0.8430868089199066,0.014558743734269615
3204,0.35774801671504974,0.030053716487935974,0.8432464599609375,0.014633638684073472
3205,0.35762937366962433,0.030188038494140194,0.8433659076690674,0.014652436178509332
3206,0.35747571289539337,0.030370997963525985,0.8435240387916565,0.014726783219282549
3207,0.35766881704330444,0.030529659774745244,0.8434658050537109,0.014772976165250489
3208,0.3576413542032242,0.030500135907363363,0.8434665501117706,0.014680716713860141
3209,0.35734954476356506,0.030615976520495556,0.8437012434005737,0.014644091102504175
3210,0.3574342131614685,0.030963772314407452,0.8437013626098633,0.014827682774617629
3211,0.35767990350723267,0.030728087137534534,0.8436044752597809,0.014708533633877332
3212,0.3578909635543823,0.030915724907105032,0.8435854613780975,0.014808927427030282
3213,0.3577277809381485,0.031146078507641325,0.8437789678573608,0.014881546447014551
3214,0.35765738785266876,0.031289714967366454,0.8438559472560883,0.01489937456393466
3215,0.3577186167240143,0.031637068219368986,0.8437788188457489,0.015080100250349374
3216,0.3574501574039459,0.03162497207384636,0.8438937366008759,0.015205697858911838
3217,0.3574819564819336,0.03150004881486007,0.8439316153526306,0.015222598745164706
3218,0.35740070044994354,0.031598735660648324,0.8440265655517578,0.015374243106106904
3219,0.35742224752902985,0.031461969137230476,0.8440258800983429,0.015336774557780718
3220,0.357352614402771,0.031756470241200346,0.8439872562885284,0.015460601998705725
3221,0.3574742376804352,0.03184552653210387,0.8439298868179321,0.01555699184125014
3222,0.3574761748313904,0.03213983797525544,0.8439483344554901,0.015652960215309444
3223,0.35732318460941315,0.032082244306765303,0.844023197889328,0.015615196639043684
3224,0.3574606478214264,0.032656558337999,0.843966156244278,0.01587001648514055
3225,0.3574323505163193,0.03282689482625578,0.8440031707286835,0.015991062234063838
3226,0.3573376536369324,0.03266705290327821,0.8440586626529694,0.01587338823302142
3227,0.35750655829906464,0.032365639716152556,0.8439459502696991,0.015888223923697258
3228,0.35757893323898315,0.03225392949417443,0.8439455032348633,0.015797734639944366
3229,0.3575907051563263,0.032143884072712486,0.8438892960548401,0.015733924311298872
3230,0.35753513872623444,0.032260061860632766,0.8439074754714966,0.015722797543292
3231,0.35759207606315613,0.03217254392969989,0.8438701331615448,0.01563331978390337
3232,0.3577062040567398,0.03173440636600489,0.8438145518302917,0.015361683345250657
3233,0.35787951946258545,0.0318394573859183,0.8437407910823822,0.015429581918201707
3234,0.35779066383838654,0.03165972215044359,0.8438142240047455,0.015393335628482338
3235,0.35765765607357025,0.03182068096490669,0.843850702047348,0.01546085487979679
3236,0.357444703578949,0.03184476788883067,0.8440148830413818,0.015502200938185978
3237,0.357551172375679,0.03213117679788645,0.8439413905143738,0.015672221325078926
3238,0.3573067784309387,0.03213242012991752,0.8441045880317688,0.015764354335923738
3239,0.35747554898262024,0.03249513590820228,0.8439949154853821,0.015881691162178066
3240,0.35736846923828125,0.03270629161924186,0.8440667688846588,0.015998480079401755
3241,0.3573940396308899,0.032984545113110775,0.8440479636192322,0.016191301911339096
3242,0.35725943744182587,0.033162215153008455,0.8441013395786285,0.016230456333605717
3243,0.35718633234500885,0.033358366585978155,0.8441185057163239,0.016371058220238058
3244,0.35718773305416107,0.03307577196671261,0.844153493642807,0.01633346323136634
3245,0.3571360856294632,0.033138781505236393,0.8442062735557556,0.016371943304056787
3246,0.3568994402885437,0.033268235550437605,0.8443123400211334,0.016435542898459724
3247,0.3569929152727127,0.033725760664447615,0.844346672296524,0.016700309400805163
3248,0.3568734675645828,0.034089740848187694,0.8444874882698059,0.016712574133721833
3249,0.35699114203453064,0.03439305064349635,0.8444503545761108,0.016774951469517956
3250,0.356988862156868,0.034720552729850244,0.8444664776325226,0.01701219607978578
3251,0.35693784058094025,0.03461859950330239,0.8445707559585571,0.016873912269821534
3252,0.35688723623752594,0.03495821880860318,0.8445864915847778,0.016910580028026014
3253,0.3566158413887024,0.034896031133625355,0.8446900248527527,0.016872563570669186
3254,0.3566073626279831,0.034563134250662056,0.8447405397891998,0.01666111283169003
3255,0.3566282242536545,0.03453485371531125,0.8447383046150208,0.01667329327090968
3256,0.35680902004241943,0.03449310726186121,0.8447012007236481,0.01663607760367456
3257,0.35673391819000244,0.03498626753628718,0.8448035717010498,0.016845252412834126
3258,0.35681723058223724,0.034775891541945055,0.8447838425636292,0.016684925801098687
3259,0.35669049620628357,0.034913985691091,0.8448855876922607,0.01679501336940914
3260,0.3565744459629059,0.0350594766121506,0.8449695408344269,0.01683121751228
3261,0.35656003654003143,0.03538280616050193,0.844932347536087,0.016940462143620237
3262,0.35648980736732483,0.03522831688728524,0.8449986279010773,0.016903120035839585
3263,0.35649265348911285,0.03511192836512241,0.8450130820274353,0.016890265247043762
3264,0.35655921697616577,0.03515982825845504,0.8450274467468262,0.01692592148088398
3265,0.35668930411338806,0.03529979794235972,0.8449220061302185,0.01717922404043445
3266,0.35684359073638916,0.035447649086935935,0.8448852598667145,0.017238271775198214
3267,0.35701723396778107,0.03536843408515971,0.8447635471820831,0.017224784783674726
3268,0.3571784794330597,0.03540166687521055,0.8447103500366211,0.01740361386190645
3269,0.35697296261787415,0.03531522368891471,0.8448948562145233,0.017293905615232592
3270,0.35690778493881226,0.0352943188520533,0.8449769914150238,0.017280334330012085
3271,0.35681717097759247,0.03537585193049763,0.8449912071228027,0.017314684011548464
3272,0.35667067766189575,0.03538978146393048,0.8449885547161102,0.0172772997569193
3273,0.35654117166996,0.03550498987433501,0.845069944858551,0.017263939205941346
3274,0.35633811354637146,0.03545548840075896,0.8451845645904541,0.017250536508114884
3275,0.3562457710504532,0.035639269733690714,0.8452484607696533,0.017355650748301053
3276,0.3561788648366928,0.03566767670958706,0.8453288078308105,0.01734216375677757
3277,0.3562651574611664,0.03543331915844223,0.8453087508678436,0.017187274088500033
3278,0.3563327342271805,0.035450198971270844,0.8452555239200592,0.017127172682523496
3279,0.35638588666915894,0.03547479165737695,0.8452523052692413,0.017184660983892357
3280,0.35669928789138794,0.03573888381014621,0.8451497554779053,0.017288805846562776
3281,0.35658809542655945,0.035812556501343254,0.845196396112442,0.017369095592976027
3282,0.3566470146179199,0.03611340070601402,0.8451438546180725,0.017542361287204315
3283,0.3567790687084198,0.03615263942197766,0.8450585901737213,0.017668338217403375
3284,0.3567284643650055,0.036409313729409004,0.8451544046401978,0.01772409849798329
3285,0.3567207157611847,0.03660689815522808,0.8451678454875946,0.017756509424488167
3286,0.3566649854183197,0.03657651027745172,0.8452139496803284,0.017834944709566942
3287,0.3565383702516556,0.036548883018252834,0.8453251421451569,0.017728439623379912
3288,0.3564760535955429,0.036459531699409735,0.8454033136367798,0.01766846465794891
3289,0.356299951672554,0.03670672296592613,0.8455623984336853,0.017769617094375054
3290,0.35614778101444244,0.036745666653950196,0.8456559777259827,0.01773269645507951
3291,0.35610079765319824,0.03680060507098414,0.8456844091415405,0.01760440144821235
3292,0.35600538551807404,0.036784905369913835,0.8456965684890747,0.017545142979206032
3293,0.3561340421438217,0.03694476836631566,0.8456925451755524,0.01760014461651275
3294,0.35615016520023346,0.03707424348494112,0.8457368314266205,0.017632176221381027
3295,0.3561561554670334,0.037006302765141566,0.845748782157898,0.01761864708300903
3296,0.35597097873687744,0.03705407621792866,0.8458728492259979,0.017627792949135895
3297,0.35601869225502014,0.037092682731164645,0.8458684980869293,0.017636980962111273
3298,0.3559294044971466,0.03703578448567493,0.8459758758544922,0.017623536117436295
3299,0.35590389370918274,0.03714595634768241,0.8460031747817993,0.017677652670924283
3300,0.3649507462978363,0.005104741997942463,0.8395108580589294,0.004485689087014452
3301,0.364841565489769,0.0053304594451425566,0.8395813405513763,0.004558729575483831
3302,0.3644444942474365,0.005217358377163572,0.8398499488830566,0.00451906939103508
3303,0.36440420150756836,0.005192660323936189,0.8398598432540894,0.0045076054482401165
3304,0.36436188220977783,0.00502917269856243,0.8399288952350616,0.004468282438579453
3305,0.3642764240503311,0.005125794348773655,0.8399976193904877,0.004429170163161343
3306,0.3641195446252823,0.0050302052963509475,0.8401446044445038,0.004501409861509016
3307,0.3640805184841156,0.004840396964082136,0.8401928544044495,0.004379226147675933
3308,0.36394739151000977,0.004408054592057385,0.8402799367904663,0.004147081306077929
3309,0.36389516294002533,0.004121350655062028,0.8402886092662811,0.004026414878791239
3310,0.36378371715545654,0.004468788200761583,0.8404528498649597,0.004071385566152363
3311,0.3636265993118286,0.004929579695531188,0.8404804170131683,0.0043631681983932824
3312,0.3637600541114807,0.004865727220037183,0.8404498398303986,0.004242881092743191
3313,0.36364106833934784,0.004621507306340808,0.840419352054596,0.00417776421179386
3314,0.36348600685596466,0.0046365958781077075,0.840523898601532,0.004194707244895239
3315,0.3637956976890564,0.004789820745869063,0.8404357433319092,0.004211565984299597
3316,0.36370909214019775,0.004858857283729908,0.8405205309391022,0.004201240006414428
3317,0.3635416775941849,0.004722744036463975,0.8406431674957275,0.004136881768738293
3318,0.36350031197071075,0.004553482292844225,0.8407270312309265,0.0040728185590017335
3319,0.36335186660289764,0.004523136561916381,0.8408105075359344,0.004062914049601673
3320,0.3633044511079788,0.00463668017180473,0.840855598449707,0.004053009540201613
3321,0.36312249302864075,0.004957059440760291,0.8409572839736938,0.004177089862217685
3322,0.3629833459854126,0.004919380158191551,0.8410773575305939,0.0041135745615117686
3323,0.36280229687690735,0.005216093971708246,0.8412345349788666,0.0042102594319957595
3324,0.36254964768886566,0.005452896040066704,0.8412970006465912,0.0042798860257357565
3325,0.362532377243042,0.005511922701406211,0.8413591384887695,0.004349133297839155
3326,0.3622571974992752,0.0056154985816217326,0.8414584100246429,0.004365191247121806
3327,0.3623865991830826,0.005839171906669047,0.8414452075958252,0.004433932757043074
3328,0.362304225564003,0.005913434653745242,0.8415251672267914,0.004423353898066839
3329,0.36236487329006195,0.006325672979030297,0.8415118753910065,0.004701775979329806
3330,0.3624020218849182,0.006384699640369804,0.8414801359176636,0.004795468423569523
3331,0.36224162578582764,0.006820203026032872,0.84157794713974,0.0051762230530169396
3332,0.36218781769275665,0.006820139805760106,0.8416014909744263,0.005137953714569048
3333,0.3621119260787964,0.006716943247181182,0.8416617512702942,0.005099852963515199
3334,0.3619944900274277,0.006929342290251832,0.8417217433452606,0.00526957832246857
3335,0.36200782656669617,0.0069430610894421286,0.8417264819145203,0.005205388672186478
3336,0.36183054745197296,0.007062905653182855,0.8418042957782745,0.005244880269241186
3337,0.36171166598796844,0.007328346505104466,0.8418817520141602,0.005335791021479184
3338,0.3616934269666672,0.0077721106730756695,0.8418861031532288,0.005477657313566853
3339,0.3615618944168091,0.007879269035414617,0.8419267237186432,0.005618891402926859
3340,0.3614405244588852,0.007793226244179627,0.8419852256774902,0.00558024274284237
3341,0.3614077568054199,0.007611931575310016,0.8420073688030243,0.005490764983453742
3342,0.36145393550395966,0.007610772536975967,0.8420113921165466,0.0055799898617513045
3343,0.36162911355495453,0.007724189706318783,0.841979444026947,0.005618006319108131
3344,0.36168795824050903,0.00794914851024568,0.8419117629528046,0.005757301653436636
3345,0.36158810555934906,0.0080639354521651,0.8419875502586365,0.005845346419975893
3346,0.36163318157196045,0.008090045424817598,0.8419915735721588,0.005781493944481889
3347,0.36149442195892334,0.008290622276880943,0.8421024680137634,0.005919440579658045
3348,0.36152054369449615,0.008678015034968825,0.8420706689357758,0.00615727524580502
3349,0.3614073842763901,0.008866242860418478,0.8421985805034637,0.006168402013811896
3350,0.3614136576652527,0.008736283053035136,0.8421667218208313,0.006104380950923848
3351,0.36147820949554443,0.00871706409011417,0.8420820236206055,0.006065605850293826
3352,0.36148130893707275,0.008898843447741655,0.8420505821704865,0.006151543274407538
3353,0.3614226430654526,0.008954751242291356,0.8420543968677521,0.00618745238933882
3354,0.36126257479190826,0.009121947790334073,0.8422510623931885,0.006297497810800764
3355,0.3612326383590698,0.009411602006725191,0.8423243761062622,0.0063823815637017054
3356,0.36120155453681946,0.009796444880478166,0.8423799276351929,0.006540853714102667
3357,0.3611217141151428,0.010077564360045829,0.842435210943222,0.006698693661775965
3358,0.36093375086784363,0.010023489953406352,0.8425597846508026,0.00670838743693347
3359,0.3609238415956497,0.010039063213931127,0.8425277471542358,0.006840602100712145
3360,0.3609333038330078,0.009940334221294358,0.8425131738185883,0.006849916554233053
3361,0.36078500747680664,0.010024670065164656,0.8426712155342102,0.0067615346129057076
3362,0.3606445640325546,0.010224804375318636,0.8427252769470215,0.006819697263850741
3363,0.3607197254896164,0.010438362456723336,0.8426759839057922,0.006926244496886282
3364,0.3604355603456497,0.010556120751462774,0.8427983522415161,0.006983732798255141
3365,0.3603946268558502,0.010551716405793386,0.8428175449371338,0.006944283348048945
3366,0.3603450804948807,0.010304166891064651,0.8428878784179688,0.006929110482585023
3367,0.36020444333553314,0.010343194872785738,0.8429068028926849,0.006938087761317843
3368,0.3602486252784729,0.010551632112096365,0.8428746163845062,0.007115273112457641
3369,0.36035387217998505,0.010407974578946983,0.8428426086902618,0.0070518842522972565
3370,0.3601522892713547,0.01060066997033879,0.8429122567176819,0.007084463766196178
3371,0.3601783365011215,0.010769594539170453,0.8429309725761414,0.0071885664820180864
3372,0.36017534136772156,0.011040619848519758,0.8428990244865417,0.00731601855191503
3373,0.3602926433086395,0.011231081456940488,0.8428672254085541,0.007443007006478353
3374,0.3602637052536011,0.011473931598060259,0.8429026901721954,0.00747444855546748
3375,0.36028577387332916,0.011715959875634067,0.8429045081138611,0.007505763663911075
3376,0.36021028459072113,0.012233354587953802,0.8429564237594604,0.00779691409342433
3377,0.36023324728012085,0.012535695005746701,0.8430081307888031,0.007945313147031188
3378,0.360204741358757,0.012526696653589625,0.8430097103118896,0.008022484026654635
3379,0.36017031967639923,0.012645635060087368,0.8430444896221161,0.008099317731489995
3380,0.36008593440055847,0.012660744705278523,0.8431453704833984,0.007988429373057833
3381,0.360079288482666,0.01294338147139258,0.8431797027587891,0.00811183534549773
3382,0.3599958270788193,0.013234805855421156,0.8431974053382874,0.008258000616133512
3383,0.3600519746541977,0.01350648444092238,0.8432479500770569,0.008356961416437091
3384,0.3600500375032425,0.013146255326699767,0.8433147072792053,0.008107114898464511
3385,0.35999801754951477,0.013146992896548708,0.8433811962604523,0.00809012971851462
3386,0.3599555939435959,0.013036589226874421,0.8434146642684937,0.00807314453856473
3387,0.359780877828598,0.013083730476933855,0.8434969782829285,0.008079382272144343
3388,0.3598159849643707,0.01318387138899574,0.8434812426567078,0.008131644364297851
3389,0.35977528989315033,0.013351510478947821,0.8435143232345581,0.008206665754647242
3390,0.35971491038799286,0.013207958312919717,0.8435796797275543,0.008143740509820478
3391,0.35974133014678955,0.013218473951623184,0.8435962200164795,0.008103996031674705
3392,0.3597404807806015,0.01346223024998594,0.8436127007007599,0.008247168876066212
3393,0.3596211075782776,0.013399452519128963,0.8437419235706329,0.008093332879001448
3394,0.35957248508930206,0.01324395172154802,0.8438384532928467,0.00803116627744788
3395,0.3594321459531784,0.013381940503572687,0.8438543677330017,0.008128188322719958
3396,0.3594560921192169,0.013596994798099523,0.8438060879707336,0.008224788899506928
3397,0.35939154028892517,0.013688622046762208,0.8438379466533661,0.008298419443855459
3398,0.3592036962509155,0.013559315515530784,0.843933492898941,0.008191197861243744
3399,0.3591297119855881,0.013657791627076489,0.8439490497112274,0.008152001292128612
3400,0.3556295186281204,0.033472500251745654,0.8460341393947601,0.012244038814051315
3401,0.3556126654148102,0.03317344728813661,0.8460482358932495,0.012072121818975377
3402,0.3556319326162338,0.03329072089411817,0.8460820913314819,0.012153718117692468
3403,0.35543084144592285,0.03312788654489633,0.8461949527263641,0.012066937756608538
3404,0.3552830368280411,0.03327588520344233,0.8462085127830505,0.012064366798849374
3405,0.3548269718885422,0.0333148288914664,0.8463993072509766,0.01214537304168731
3406,0.3547327220439911,0.03311718124537456,0.8464319407939911,0.012059267030179555
3407,0.35466356575489044,0.033205457819580626,0.8465428054332733,0.01208447084558907
3408,0.35465703904628754,0.0333074953398255,0.8466335833072662,0.012137154406227688
3409,0.35437242686748505,0.03343701260529948,0.8467433750629425,0.012217149124701364
3410,0.3542632758617401,0.03357417952377818,0.8468137085437775,0.012241762884231726
3411,0.3540845364332199,0.03371092497377178,0.8468643128871918,0.012348562998358332
3412,0.3541349321603775,0.03364526018379181,0.8468566238880157,0.012263257776972281
3413,0.354287251830101,0.03372618213293273,0.8468875586986542,0.012287534361714557
3414,0.35423555970191956,0.03387245277068978,0.8469183146953583,0.01231172665275981
3415,0.3541310578584671,0.03425390282313763,0.8470065891742706,0.012471631796010142
3416,0.3539818674325943,0.03435480237847271,0.8470752835273743,0.012549477025209763
3417,0.3540242910385132,0.0347043051197493,0.8470671474933624,0.01273504959920323
3418,0.3540065139532089,0.03482511906100578,0.8470781147480011,0.012730919208049161
3419,0.35385359823703766,0.03498426556098291,0.8472031950950623,0.01288825339354033
3420,0.3538282513618469,0.03498150494240545,0.8472897112369537,0.012937523059449564
3421,0.35365030169487,0.03525958984888033,0.8474704623222351,0.013066787443832476
3422,0.3535991311073303,0.03532656119116414,0.8475181460380554,0.013115340613317027
3423,0.3535420298576355,0.03545607845663812,0.8476032614707947,0.01311036728519274
3424,0.3534908890724182,0.03605473229288685,0.8475939929485321,0.0133446616160648
3425,0.3533213585615158,0.036399978202463844,0.8476410210132599,0.013498244732038499
3426,0.3530278354883194,0.036554362108559245,0.8477813601493835,0.013518854540960325
3427,0.35299448668956757,0.03663920371461168,0.8478463888168335,0.01353933790933662
3428,0.3529434949159622,0.03642391761241803,0.8479110598564148,0.013559736984015894
3429,0.3528967648744583,0.03656287577195845,0.8479011952877045,0.013632524591394208
3430,0.352748766541481,0.03663047931696992,0.8480210304260254,0.013626413298360127
3431,0.3526988625526428,0.03679259716976708,0.848121851682663,0.013594170959249294
3432,0.3527820110321045,0.03657027254387211,0.8481115400791168,0.01345778375746804
3433,0.352789968252182,0.03671892447857003,0.848046064376831,0.013608205859803421
3434,0.3526487499475479,0.03682464984805961,0.8481277525424957,0.013602178860466364
3435,0.35267576575279236,0.03682951780906262,0.8480808734893799,0.013518517366172239
3436,0.3527679443359375,0.03706570874811767,0.8480342030525208,0.013641923338612137
3437,0.3526896834373474,0.037125220098215055,0.8480971157550812,0.013610102467986412
3438,0.3526924103498459,0.03737997672403915,0.8480688333511353,0.013655578917529667
3439,0.35265643894672394,0.03771710936527779,0.8480950593948364,0.013726469916724991
3440,0.3527344912290573,0.03749992665490116,0.8480125963687897,0.01364348277200704
3441,0.35267192125320435,0.0377846496900165,0.8480569124221802,0.013892865674646
3442,0.35275396704673767,0.03798400428347303,0.8479569256305695,0.013988243992826152
3443,0.35267311334609985,0.038079214014259136,0.8480550646781921,0.01400691504671648
3444,0.35270659625530243,0.038023811981891566,0.848009318113327,0.01392401219569555
3445,0.35263605415821075,0.038226074707895345,0.8480353653430939,0.014094538344770627
3446,0.35237134993076324,0.03821368353443314,0.8482397794723511,0.014011888374840764
3447,0.3522733449935913,0.038771096679413974,0.8482829630374908,0.014307379929750643
3448,0.3522474318742752,0.038883270516725715,0.8482904434204102,0.014350243274686222
3449,0.3522951751947403,0.03906639857350555,0.8482623994350433,0.0144430084882587
3450,0.3520829528570175,0.03940344692104717,0.8484291136264801,0.01456042960821005
3451,0.35193559527397156,0.03948932112488812,0.8485067784786224,0.014552506000690002
3452,0.3518732488155365,0.039034556629455576,0.8485488891601562,0.014295536665319082
3453,0.3517002910375595,0.03931514927341685,0.8485907912254333,0.014487051944952584
3454,0.3515077531337738,0.039484769265248944,0.8487026691436768,0.014578510606221224
3455,0.3512645661830902,0.03948379988773319,0.8487965166568756,0.014595327198777071
3456,0.35132844746112823,0.03907368997829794,0.8487678170204163,0.014389945605983483
3457,0.35126766562461853,0.03921077260307962,0.8487914502620697,0.014407099373327417
3458,0.3512648493051529,0.03921981310208521,0.8487628400325775,0.01459625442944431
3459,0.3511156290769577,0.03923612393245892,0.8489077687263489,0.014637431900439453
3460,0.3508855104446411,0.03934581110570853,0.8490347266197205,0.014702843809328361
3461,0.35094326734542847,0.03938020293409342,0.8489712774753571,0.014792405862414012
3462,0.35087108612060547,0.03929321183876693,0.8490630984306335,0.014808548105393683
3463,0.35103608667850494,0.03936821215569206,0.8489482998847961,0.014824563907827824
3464,0.3511142283678055,0.039506453818807796,0.8488683104515076,0.014985986337624548
3465,0.35093003511428833,0.039353397538440485,0.8489939868450165,0.014904769360544055
3466,0.3509932905435562,0.0396337373013107,0.8490166664123535,0.015017090711825587
3467,0.35074417293071747,0.03962825821100428,0.8491244316101074,0.015008408461032343
3468,0.35072241723537445,0.03965814032659851,0.8490787446498871,0.01502387635443584
3469,0.35066938400268555,0.039779165002097536,0.849135011434555,0.015039217807293807
3470,0.3504893034696579,0.03988046495249347,0.8491741120815277,0.015126293196317314
3471,0.3505329340696335,0.03997744485091704,0.8491961359977722,0.015189134147447056
3472,0.35043424367904663,0.04027721431095077,0.8493192195892334,0.015347016241968865
3473,0.3503018021583557,0.04028518006531933,0.8494081199169159,0.015409098549825412
3474,0.3500101715326309,0.04019327886214133,0.8495805561542511,0.015399741949455995
3475,0.34988319873809814,0.04025664664887746,0.8496350049972534,0.015366740967071964
3476,0.35004135966300964,0.0403929917038102,0.8495556116104126,0.01538115518926269
3477,0.34978142380714417,0.040275486290161824,0.849693238735199,0.015230438058987732
3478,0.3496808260679245,0.04054655374635964,0.8498136699199677,0.01529209889835917
3479,0.34961870312690735,0.04057961794901644,0.8498007953166962,0.015306597414246918
3480,0.3496702313423157,0.04080122607848672,0.8497714102268219,0.015438095581600907
3481,0.3496306389570236,0.04107064980759261,0.849725604057312,0.015592479487696313
3482,0.34954430162906647,0.04101088557640416,0.8497459590435028,0.015606177213462353
3483,0.3492649048566818,0.04081494487767701,0.8498650193214417,0.01548020028326329
3484,0.34921130537986755,0.041090564193514006,0.8499014675617218,0.015563777483860394
3485,0.34923213720321655,0.04118598465854267,0.8499049246311188,0.015693421189879903
3486,0.34912608563899994,0.04116779829341022,0.8499574661254883,0.015660504501192895
3487,0.34907132387161255,0.04144910743379618,0.8499771654605865,0.015766335237803752
3488,0.34887588024139404,0.04176841195811471,0.8499967455863953,0.016009901875348207
3489,0.3487415015697479,0.04167105273805455,0.8500812649726868,0.015930581506450704
3490,0.34893307089805603,0.041968440901147416,0.8499870300292969,0.01605811787004467
3491,0.34885837137699127,0.04177606161111944,0.850087434053421,0.01604770759846248
3492,0.34869198501110077,0.0419027971845917,0.8501550555229187,0.016037381620577308
3493,0.34877683222293854,0.041912448812900696,0.8501257598400116,0.016118261422869717
3494,0.3486071825027466,0.0419912001993433,0.8502252399921417,0.01615332760083078
3495,0.3484402298927307,0.04194433290379919,0.8503243029117584,0.01614287518240008
3496,0.34840628504753113,0.04188848832952225,0.850342869758606,0.016064439897321304
3497,0.3484646677970886,0.04202420118172733,0.8503613471984863,0.016257641050895243
3498,0.3486764430999756,0.04209268981055753,0.8503159284591675,0.016314707883778992
3499,0.3487076908349991,0.04226981194142457,0.850286602973938,0.016484138214792787
3500,0.35911424458026886,0.01758098887386455,0.8443983197212219,0.005585974714239852
3501,0.3591343015432358,0.017888998042782163,0.8444563746452332,0.005768723449383088
3502,0.3592179864645004,0.01798922324854107,0.8444942831993103,0.005866335550534318
3503,0.3591686189174652,0.018070840620682413,0.8445517718791962,0.005935498528940696
3504,0.35918599367141724,0.01798439743438657,0.8445300161838531,0.0057808195949057145
3505,0.3590669482946396,0.018058512667492976,0.844587117433548,0.005794137999035157
3506,0.3589856028556824,0.01818935755869505,0.8446636199951172,0.005890696428973615
3507,0.3586686700582504,0.018365215284106753,0.8448769152164459,0.0060144817230501114
3508,0.35864943265914917,0.018204235396219393,0.8448936641216278,0.005971829112357086
3509,0.3587774783372879,0.01812700129632318,0.8448908030986786,0.00595690912798423
3510,0.34868674725294113,0.15431698743668168,0.84375,0.08838834764831845
3511,0.32267241179943085,0.06901738211819622,0.87890625,0.027621358640099514
3512,0.3220866024494171,0.07665036604433743,0.8697916567325592,0.03682846413784985
3513,0.3192778527736664,0.07207165886265944,0.8671875,0.03314563036811941
3514,0.31781068444252014,0.0822220529769321,0.8687500059604645,0.026516479006386425
3515,0.31397129595279694,0.08931281769698064,0.8697916567325592,0.029462796598388984
3516,0.32130081951618195,0.08797865920736829,0.8705357313156128,0.02525380157184855
3517,0.3216901868581772,0.07783825389619273,0.8671875,0.02485922277608956
3518,0.30910341441631317,0.07749016307434126,0.8758680522441864,0.02332469816865642
3519,0.31039099395275116,0.07367924503198621,0.8765625059604645,0.024306804032657274
3520,0.31017372012138367,0.07064380792880737,0.8771306872367859,0.021092643218367985
3521,0.3066476285457611,0.07117540612907527,0.87890625,0.02209708691207961
3522,0.30281880497932434,0.07853315006101609,0.8798076808452606,0.02719639196656417
3523,0.3072064220905304,0.08275044801671316,0.8766741156578064,0.03235647277660143
3524,0.3092963993549347,0.08087171009749156,0.8781249821186066,0.029462796598388984
3525,0.31408701837062836,0.08596180606557648,0.87548828125,0.033836164334121906
3526,0.31435278058052063,0.09096777692403367,0.875,0.035095343580233376
3527,0.31659315526485443,0.09801702699829899,0.8741319477558136,0.04051134005442879
3528,0.31703635305166245,0.10174128058340351,0.8733552694320679,0.04419417382415922
3529,0.3203118145465851,0.09407602270801507,0.8726562559604645,0.04198445670358156
3530,0.31596361845731735,0.093814090581232,0.875,0.04314193560423624
3531,0.3140197917819023,0.09486030180181793,0.875,0.04419417382415922
3532,0.31259123235940933,0.0973294538484044,0.8753396570682526,0.04563530101529222
3533,0.31051820516586304,0.09490821223186269,0.8759765625,0.045575241756164196
3534,0.3127339035272598,0.09407600163459083,0.8753125071525574,0.04463612567764445
3535,0.31367527693510056,0.09303003275838384,0.8743990361690521,0.0450440650243814
3536,0.3141837418079376,0.09286472228181199,0.8732638955116272,0.0458309888329283
3537,0.3157992660999298,0.09108536663137906,0.8727678656578064,0.04419417382415922
3538,0.3134160041809082,0.09262907925178758,0.8731142282485962,0.04609912708315461
3539,0.31373171508312225,0.08804748501098658,0.8723958134651184,0.04345761549958284
3540,0.3139354735612869,0.08748996649888448,0.8712197542190552,0.044550567575167344
3541,0.31588374078273773,0.08545503235908149,0.869384765625,0.04384890684115798
3542,0.3170135021209717,0.08194599111918573,0.8695549368858337,0.04118092703672136
3543,0.3181617259979248,0.08522067480793667,0.8690257370471954,0.04224441846519675
3544,0.3164251148700714,0.08458151785026896,0.8698660731315613,0.04072177926904368
3545,0.3185446113348007,0.0835229786764936,0.8706597089767456,0.039283728797851976
3546,0.3189207911491394,0.08428122155462883,0.8709881603717804,0.040909459185462696
3547,0.31833015382289886,0.08196695917631991,0.8704769611358643,0.03896063105716747
3548,0.3200930804014206,0.08198929700603068,0.8699919879436493,0.04051134005442879
3549,0.3214493840932846,0.07710144269052527,0.869921863079071,0.037565064609274744
3550,0.3206586092710495,0.07594409023041612,0.8706173896789551,0.036918279072026564
3551,0.3191181868314743,0.07515805150568795,0.8716517984867096,0.03577622591792687
3552,0.31822170317173004,0.07366929837573764,0.8720930218696594,0.034944204981473305
3553,0.3158421367406845,0.07473599296469986,0.8732244372367859,0.03565665530870146
3554,0.3156879097223282,0.07220191369798236,0.8732638657093048,0.034373241624696224
3555,0.31448353826999664,0.07060260938438796,0.8734714686870575,0.033385825257783
3556,0.3147650361061096,0.07336244824515407,0.8731715381145477,0.03502626489552402
3557,0.3138120174407959,0.07257598805194079,0.8732096552848816,0.03521723226612688
3558,0.3165464699268341,0.07524978412147192,0.8716517984867096,0.0358514158956703
3559,0.3182113468647003,0.07334575809314377,0.8709374964237213,0.03447144378172661
3560,0.31831590831279755,0.07435511189470691,0.8708639740943909,0.034445439176195386
3561,0.31939971446990967,0.07203313664312049,0.8703425526618958,0.03378305930499818
3562,0.3196418434381485,0.07162694639059673,0.8701356053352356,0.03356254699358918
3563,0.31966738402843475,0.07335121611002593,0.8699363470077515,0.03416861867517584
3564,0.3189936429262161,0.07312412889024923,0.869460254907608,0.03394916003497961
3565,0.31957854330539703,0.07346290525857979,0.8687220811843872,0.03452669830012439
3566,0.3194848895072937,0.07393185216853626,0.8686951696872711,0.03566546400004024
3567,0.3197919726371765,0.07348075444892416,0.868534505367279,0.03581251435449474
3568,0.3193262219429016,0.07351160594203413,0.8683792352676392,0.03670366731940909
3569,0.3192302882671356,0.07411742474252972,0.8686197996139526,0.037012603718993946
3570,0.3182112127542496,0.075661200583211,0.8692366778850555,0.037854824192787136
3571,0.317921444773674,0.07465131994604148,0.8698336780071259,0.037957072447274566
3572,0.31753185391426086,0.07542165896969934,0.8691716194152832,0.03840682146773432
3573,0.31645478308200836,0.07631730057398009,0.869873046875,0.039015169079140564
3574,0.3173018842935562,0.07653722282950993,0.868870198726654,0.039604803489807966
3575,0.31865961849689484,0.07819030652180423,0.8682528436183929,0.040343932772143515
3576,0.318147748708725,0.07831609379118498,0.868353545665741,0.04073122016311012
3577,0.31756986677646637,0.07811431575393908,0.8689108490943909,0.04045718135409229
3578,0.31795571744441986,0.07760737346005005,0.8691123127937317,0.039710676373267334
3579,0.3170395493507385,0.07755568035035143,0.8697544634342194,0.03993257953067719
3580,0.3161904215812683,0.07808382250904145,0.8698283433914185,0.04030385111920966
3581,0.3159532994031906,0.07606020479806364,0.8702256977558136,0.039283686651003465
3582,0.31758758425712585,0.07586415873221522,0.8698630034923553,0.03844285702321113
3583,0.3178902417421341,0.0736033807046666,0.8701435923576355,0.03762474454676617
3584,0.31703129410743713,0.0735838456403818,0.8707291781902313,0.03756502246242623
3585,0.31616446375846863,0.07476163932201874,0.8709909617900848,0.03794299539987193
3586,0.3153592646121979,0.07428141813008561,0.8716517686843872,0.037450256593931065
3587,0.316482737660408,0.0720136437256842,0.8712940514087677,0.036120228495472785
3588,0.3169822096824646,0.07223451428530553,0.8711432218551636,0.036222434603111704
3589,0.31643009185791016,0.07226641944962828,0.8716796934604645,0.03646018497556165
3590,0.31693753600120544,0.06929156844118384,0.8718171119689941,0.034782445376888495
3591,0.31648780405521393,0.06958429937751626,0.8718559443950653,0.034627724296005004
3592,0.3174806535243988,0.07158667507684457,0.8713290691375732,0.035275479210768936
3593,0.3179333508014679,0.06970958088471489,0.8705357313156128,0.0341978685880424
3594,0.31754088401794434,0.0688615862926757,0.8707720637321472,0.0337955347721574
3595,0.3178858160972595,0.06939634550658193,0.8704578578472137,0.033659526892012744
3596,0.3180623799562454,0.06873731630984133,0.8703304827213287,0.03327261882268274
3597,0.31787483394145966,0.06808205925604247,0.8699396252632141,0.03276900612982606
3598,0.318053662776947,0.07020956894859963,0.870084285736084,0.033518039921561674
3599,0.3169095814228058,0.07020181392847362,0.8709201216697693,0.03351390953040761
3600,0.36578787863254547,0.03356998591235135,0.8405082821846008,0.011369449560601753
3601,0.3655671030282974,0.03360951965625457,0.8405961394309998,0.011453068908047367
3602,0.3654121905565262,0.033767528191321915,0.8406637012958527,0.011508154839051104
3603,0.3653262257575989,0.033633480139633014,0.840790331363678,0.011535002381552544
3604,0.3652266263961792,0.03389546494997673,0.8408372700214386,0.011729257206339255
3605,0.36488857865333557,0.0340307563336967,0.8410809934139252,0.011811106386147411
3606,0.3647640347480774,0.034042726038673796,0.8412252366542816,0.01180916763111591
3607,0.36466342210769653,0.034092754347856226,0.8412903845310211,0.011918159381365081
3608,0.3645341247320175,0.033951625625617494,0.841355174779892,0.01180537441474993
3609,0.36427783966064453,0.03432114811993676,0.8414976596832275,0.01202415870536998
3610,0.3640497773885727,0.03452895315651972,0.8415810763835907,0.012104195570692167
3611,0.3637991100549698,0.03465235912895962,0.8416834771633148,0.012101582466084492
3612,0.36366723477840424,0.03483961757689352,0.8417660295963287,0.012235862325440201
3613,0.36352117359638214,0.0349439731738065,0.8418481647968292,0.012260223203879497
3614,0.36345990002155304,0.035177382420859826,0.8418913781642914,0.012338953516897847
3615,0.36319366097450256,0.03515692012590779,0.8420304358005524,0.01233575035641102
3616,0.3630022555589676,0.035148469682781354,0.8421880006790161,0.012305531066028708
3617,0.3628593534231186,0.03506181576224296,0.8422491550445557,0.012302412199238902
3618,0.3628043979406357,0.03515420165417884,0.8422909677028656,0.012488153360626413
3619,0.3628379851579666,0.035135909921925106,0.8422945141792297,0.012619187912646782
3620,0.36274638772010803,0.03484431695050249,0.8422790765762329,0.012508004526275044
3621,0.36257459223270416,0.03508647166862183,0.8423773050308228,0.012558074982305985
3622,0.3625354468822479,0.03528542586701751,0.8424184024333954,0.012634571512353258
3623,0.3622628450393677,0.03511780785048968,0.8425911962985992,0.012577420385772486
3624,0.3623357117176056,0.034888023232408284,0.8426127731800079,0.012467417111159052
3625,0.3623633235692978,0.0350654825380634,0.8426530361175537,0.012596597201844943
3626,0.3622654378414154,0.03534278772784083,0.8426743447780609,0.012804507605549183
3627,0.36212316155433655,0.034992125948230195,0.8427702486515045,0.012641989357691176
3628,0.3619173467159271,0.03521398695879154,0.8428656458854675,0.01274352111575392
3629,0.3617853969335556,0.035175780840616414,0.842923492193222,0.012634402924959215
3630,0.36163076758384705,0.03501918422497419,0.8429254591464996,0.012499617303421376
3631,0.3613874018192291,0.03512400343722078,0.8430567681789398,0.012443899169689973
3632,0.3611488491296768,0.03522884372289163,0.8432059586048126,0.012518836266342344
3633,0.360892191529274,0.03540101359905863,0.8433176279067993,0.01264548754611758
3634,0.3607866019010544,0.03536982493116057,0.8433369994163513,0.012537928788717779
3635,0.36053504049777985,0.03556306823158302,0.8434844613075256,0.012612107242096951
3636,0.3604748547077179,0.035804970068611296,0.8435764312744141,0.012763498721948083
3637,0.36034737527370453,0.03620155083967455,0.8436679840087891,0.012914131558526018
3638,0.3605396896600723,0.036203573888403076,0.8436681926250458,0.012884080855537751
3639,0.3603719025850296,0.03633688437024304,0.84377720952034,0.012905491454581286
3640,0.36015191674232483,0.03648648460903245,0.8438676595687866,0.013003567171066136
3641,0.35994356870651245,0.03670269794189334,0.8440118432044983,0.013075638282019764
3642,0.359722375869751,0.036804693315289704,0.8441553711891174,0.013096458825184147
3643,0.3597574979066849,0.03726938339354657,0.8441544473171234,0.01332055361871657
3644,0.35983921587467194,0.0374544502053579,0.8441894054412842,0.013391402471063383
3645,0.35959096252918243,0.037377911528462114,0.8443315327167511,0.013259524982072795
3646,0.35966914892196655,0.03705559350447506,0.8443658947944641,0.013178729473477412
3647,0.35945773124694824,0.037336712984042716,0.8444713652133942,0.01324940973843018
3648,0.35944825410842896,0.037142373865558985,0.844505250453949,0.013169035698319906
3649,0.3595154732465744,0.037082672854643305,0.8445567488670349,0.013214385707317627
3650,0.35937072336673737,0.03719651149247123,0.8445549309253693,0.013334546372422186
3651,0.3591858446598053,0.037261523006299285,0.8446590006351471,0.013404257259859205
3652,0.3590095788240433,0.03742414662127857,0.8447626233100891,0.013473673119356648
3653,0.35890018939971924,0.03727146966254785,0.8449008762836456,0.013343987266488626
3654,0.3586704879999161,0.03736644758566715,0.8450561165809631,0.013438016885516432
3655,0.35844339430332184,0.037457189750511106,0.8451756238937378,0.013482102489058826
3656,0.35833409428596497,0.037680799855285656,0.8452073335647583,0.013698821584101843
3657,0.3581385761499405,0.03780022295054127,0.8453608453273773,0.013742190691219553
3658,0.35794882476329803,0.03809845405060436,0.8455136120319366,0.01383449228945841
3659,0.357736200094223,0.03819043954747939,0.8455964028835297,0.01387731348754548
3660,0.35768499970436096,0.03833045137823258,0.8456096053123474,0.013920008245087016
3661,0.35747092962265015,0.03835923767576552,0.8457263112068176,0.014011298318961612
3662,0.3573077321052551,0.03881699459744234,0.8458597660064697,0.014223971316547583
3663,0.3571300655603409,0.03871620040922853,0.8460269570350647,0.0141926983549525
3664,0.3569941967725754,0.03876547007513777,0.8461419641971588,0.014234297294432752
3665,0.3569037467241287,0.03884280954215526,0.846119612455368,0.014324070081760957
3666,0.35678067803382874,0.03884519083909613,0.8461827337741852,0.014341097408559357
3667,0.35675573348999023,0.03899772028385705,0.8462114930152893,0.014357998294812227
3668,0.3567688912153244,0.03924042291100704,0.8462061285972595,0.014567130957123283
3669,0.35661159455776215,0.03937432344872614,0.8462516963481903,0.014607465491148207
3670,0.35648034512996674,0.03944112620361591,0.8463478088378906,0.014671570847733278
3671,0.35629987716674805,0.039276437393059596,0.8464266657829285,0.014663731533910252
3672,0.35637809336185455,0.03900355762237581,0.8463871777057648,0.01458445331186126
3673,0.3562341779470444,0.038910033765530136,0.8464487493038177,0.014505470117751844
3674,0.3560028374195099,0.03888088921978485,0.8465603888034821,0.014450594920990661
3675,0.35562634468078613,0.038847930384249336,0.846788763999939,0.014419616987335153
3676,0.35572512447834015,0.03878346677945192,0.8467321693897247,0.014459698640269013
3677,0.3556220084428787,0.038891952767518966,0.846842497587204,0.01449956955896032
3678,0.35546329617500305,0.038894755532944934,0.8470188975334167,0.014492193860470912
3679,0.35543064773082733,0.03926217068483866,0.8470451533794403,0.014696142460415128
3680,0.35516777634620667,0.03925683910850203,0.8472203612327576,0.014688429587137635
3681,0.3549428880214691,0.03941813509775322,0.8473618030548096,0.014774240570705815
3682,0.3550976365804672,0.03937242684054316,0.8473211824893951,0.014883021586712434
3683,0.3550160825252533,0.039250222053285815,0.8473795056343079,0.014758561943059764
3684,0.3547535687685013,0.03947800469606295,0.8475525677204132,0.014890102257262264
3685,0.3546730577945709,0.039167698523901485,0.8476101458072662,0.014812552056002218
3686,0.3544926643371582,0.03927496225336171,0.8476838767528534,0.014850905688147132
3687,0.35438424348831177,0.039020437435204426,0.8477735817432404,0.014773692661675174
3688,0.3541664481163025,0.039061193437714456,0.8478792011737823,0.01476593764154917
3689,0.35411500930786133,0.03924495369722195,0.8480006754398346,0.014781194800710114
3690,0.35402919352054596,0.03924585985446494,0.8481053709983826,0.01477348192743262
3691,0.35407835245132446,0.03952236425412066,0.8480801582336426,0.014811498384789446
3692,0.3540627062320709,0.03944085224910059,0.8479743003845215,0.014780899772770537
3693,0.3539193570613861,0.03959068429555682,0.8480461537837982,0.014864392679670617
3694,0.3537314832210541,0.039750673732504176,0.8481338322162628,0.014970265563129984
3695,0.35354702174663544,0.03967765431745905,0.8482211530208588,0.014984932666411774
3696,0.35345426201820374,0.039484516384157876,0.8482120037078857,0.014954207613847333
3697,0.35353805124759674,0.039679298044550976,0.8482188284397125,0.014991423281082453
3698,0.3533491939306259,0.0399072703481464,0.8483214378356934,0.015118748910433863
3699,0.35336415469646454,0.03994368522525981,0.8483757972717285,0.015132994545230545
3700,0.3503783047199249,0.0033443945761879525,0.8515201210975647,0.005219212838498051
3701,0.35027651488780975,0.00348594476691179,0.8515998125076294,0.005177824633260354
3702,0.34995831549167633,0.003707131427896962,0.8517982065677643,0.00524884207300121
3703,0.34986504912376404,0.0037429773225554773,0.8518767654895782,0.005207538161460534
3704,0.34957176446914673,0.003532200933152496,0.8520339727401733,0.005054755835608543
3705,0.3492114245891571,0.0037380461412797024,0.8522297441959381,0.005069886554223954
3706,0.34907805919647217,0.003751027370621058,0.8523263335227966,0.005057116059125153
3707,0.3490252047777176,0.0036615285378081746,0.8523047864437103,0.005044429857723374
3708,0.3488755375146866,0.003837997392523288,0.8523811399936676,0.005059434135793252
3709,0.34887711703777313,0.0038308745751249465,0.8523790836334229,0.00507439626701462
3710,0.34850867092609406,0.0040279110919133766,0.852532684803009,0.005144275741845682
3711,0.34845632314682007,0.004499344665931981,0.8526272773742676,0.0053510481806401285
3712,0.3484576493501663,0.004394335792867089,0.8526246547698975,0.005310418618675626
3713,0.3481288105249405,0.0045371714624705085,0.8527957797050476,0.005406513433280464
3714,0.3479074090719223,0.004809018635365776,0.8528890609741211,0.005502102485703172
3715,0.3478948473930359,0.004432162589405616,0.8528665900230408,0.0052712220495604945
3716,0.3477797657251358,0.004593648239475107,0.8528825640678406,0.005312525961101171
3717,0.34763966500759125,0.0046522745057537606,0.8529940247535706,0.005380635268294776
3718,0.34733231365680695,0.0048378892265957376,0.8531621694564819,0.005475381383747265
3719,0.34717124700546265,0.004870236932827849,0.8533104956150055,0.005381351764719461
3720,0.3470856845378876,0.005309364947462854,0.8533821702003479,0.005502439660491259
3721,0.3471030294895172,0.005659099496406253,0.8532452285289764,0.005756880184951527
3722,0.3473992794752121,0.006250483001286862,0.8531655967235565,0.0060368195527608845
3723,0.3474162071943283,0.0062062709571989345,0.853218287229538,0.0060222367431761155
3724,0.34745024144649506,0.006651847439656106,0.8532706797122955,0.006220411224874339
3725,0.34712935984134674,0.006747310051533281,0.8534165918827057,0.00628506449049005
3726,0.34689217805862427,0.006929026188888,0.853524386882782,0.006402274876198847
3727,0.3466271758079529,0.006937624145984223,0.8536317050457001,0.006413359497357212
3728,0.34649530053138733,0.007200283305904115,0.8537384569644928,0.006582368359885897
3729,0.3465508669614792,0.0075804268060481236,0.8536404371261597,0.006776876065763673
3730,0.34635281562805176,0.00795243596442953,0.8537096083164215,0.006996671880747985
3731,0.34643030166625977,0.00791804413604464,0.8537045121192932,0.007058501307513467
3732,0.34609656035900116,0.00816576223816742,0.8538469970226288,0.00717225565164437
3733,0.3459271639585495,0.008235304538210395,0.8539336025714874,0.0072074061233024555
3734,0.34568585455417633,0.008370469481384831,0.8540565073490143,0.007294312924931919
3735,0.3457017093896866,0.00796918933671261,0.8540506958961487,0.0071995246626309186
3736,0.34558336436748505,0.008135037185602979,0.8541362285614014,0.007234337959500917
3737,0.3454376459121704,0.008566557694081767,0.8542577922344208,0.007423703749860364
3738,0.3451541066169739,0.00873501864757981,0.8543606400489807,0.007483594421594344
3739,0.34489214420318604,0.008709646244776251,0.8544448614120483,0.0073635601970353185
3740,0.34477072954177856,0.008662483921292562,0.8544200658798218,0.007397699144329142
3741,0.3445712476968765,0.008718054541054175,0.8544676303863525,0.007431669504228923
3742,0.344650998711586,0.00944192666422878,0.8545329868793488,0.007694792279482434
3743,0.344452902674675,0.009625391895796701,0.854634016752243,0.007753376398912577
3744,0.34432920813560486,0.00987913699725654,0.8546628355979919,0.00786241029601026
3745,0.34424716234207153,0.00978864771350365,0.8547988831996918,0.00781904118889255
3746,0.3440905064344406,0.009917722437068262,0.8549164533615112,0.007902196921004544
3747,0.3438214212656021,0.00999822291772407,0.854997843503952,0.007984931184631429
3748,0.3437747657299042,0.00987538592773907,0.855043351650238,0.007916526849498248
3749,0.3436082601547241,0.009998496872239391,0.855141818523407,0.007973762269776042
3750,0.3433820307254791,0.010079629555622862,0.8552221655845642,0.008055780036978242
3751,0.3430459499359131,0.010154355918032678,0.8553551137447357,0.008162369416862292
3752,0.34272661805152893,0.01027422155519766,0.8555050790309906,0.008193810965851419
3753,0.3423582911491394,0.01028509544211347,0.855707049369812,0.008150526152430731
3754,0.34209850430488586,0.010533298232994126,0.8558380007743835,0.00815701676710141
3755,0.34209463000297546,0.010734844462573221,0.8558634221553802,0.008163465234923575
3756,0.34188392758369446,0.011043022218884879,0.8559585213661194,0.008367413834867792
3757,0.3418421149253845,0.011373790685998374,0.8559661507606506,0.00859500681682662
3758,0.3415614664554596,0.01151312816717539,0.8561301231384277,0.008649629132496738
3759,0.3413776010274887,0.011450476876863945,0.8563106656074524,0.008630410169575772
3760,0.3411863297224045,0.011757643108811342,0.8563174605369568,0.008855980102806076
3761,0.3410481959581375,0.011957292730207446,0.8563932478427887,0.009031690314247992
3762,0.3410440534353256,0.012133002941649365,0.8564170598983765,0.009036115733341636
3763,0.34087684750556946,0.012278472789284714,0.8564923107624054,0.008967627104511435
3764,0.34058116376399994,0.012354779658513688,0.856670081615448,0.008899475650469318
3765,0.34049615263938904,0.012611306451975245,0.8567444682121277,0.00907354213481931
3766,0.34032024443149567,0.012778018311260086,0.8568867743015289,0.009101991257564165
3767,0.3400709927082062,0.012773066056560057,0.8570455014705658,0.009058074241415812
3768,0.3398277312517166,0.012937712720267863,0.8571695685386658,0.009158510181417273
3769,0.33994436264038086,0.013096037356699038,0.8571743369102478,0.009282590503433346
3770,0.3397374898195267,0.013414941485956717,0.8572298884391785,0.009477898999432828
3771,0.339630588889122,0.013553899645497134,0.8573020994663239,0.009600672769145063
3772,0.3395291417837143,0.013784021438366616,0.8573402464389801,0.009675272691009346
3773,0.3393237590789795,0.013842879512312079,0.8574118912220001,0.009654452147844963
3774,0.33912982046604156,0.014048450765923965,0.8575167655944824,0.009776130099495914
3775,0.33909279108047485,0.01437190675482082,0.8575207591056824,0.009991921963871692
3776,0.339107871055603,0.014188989432283541,0.8575915396213531,0.009876060277315244
3777,0.33890455961227417,0.01428934107858798,0.8576453626155853,0.009925709264861077
3778,0.338904932141304,0.014573642645218215,0.857649028301239,0.009951629576695277
3779,0.3387405723333359,0.014536848446468204,0.8577689230442047,0.009860044474881105
3780,0.3387467563152313,0.014832529662196382,0.8577226400375366,0.010050000321119704
3781,0.33868327736854553,0.014782543499862463,0.8578253090381622,0.010028716162621703
3782,0.338480144739151,0.014916233303339018,0.8579440712928772,0.010124178774498878
3783,0.33840253949165344,0.015073693929375718,0.8579964339733124,0.010172689797134916
3784,0.33824242651462555,0.015112068634944888,0.8580650687217712,0.010244212999057903
3785,0.33819887042045593,0.015261078817855152,0.8580514192581177,0.010292260406360323
3786,0.33813099563121796,0.015379701122989064,0.8580378293991089,0.010340139226268698
3787,0.337941437959671,0.015653887445976684,0.8581385612487793,0.01036466869210204
3788,0.3379018157720566,0.015767620716683334,0.8582062721252441,0.010343089505664461
3789,0.3376903086900711,0.01594472177412611,0.8583549857139587,0.010436486921964602
3790,0.337584987282753,0.016130378641816597,0.8584544658660889,0.010552475049066583
3791,0.3377017676830292,0.01636591630471973,0.8584401607513428,0.010599258050913675
3792,0.33780142664909363,0.01647242139090676,0.8584259450435638,0.010691601796001043
3793,0.33773499727249146,0.016544871823496985,0.8584762811660767,0.010692318292425729
3794,0.3374708294868469,0.01684828698592691,0.8586389720439911,0.010761312683438062
3795,0.3373098075389862,0.017064289584545242,0.8587529063224792,0.010852729197858192
3796,0.33718837797641754,0.017345472284385672,0.8587541878223419,0.010966399248292073
3797,0.33708493411540985,0.01766776923494848,0.8587394654750824,0.011147462109494874
3798,0.33681246638298035,0.01773020979101737,0.8588524162769318,0.011192390650007487
3799,0.33665384352207184,0.017850981585425335,0.8589012622833252,0.01119209562206791
3800,0.3645339608192444,0.013349213475703978,0.850462794303894,0.0061502367221037005
3801,0.36432671546936035,0.01322298366441385,0.850585013628006,0.006218978232024969
3802,0.36412642896175385,0.013192785447455795,0.8507264256477356,0.006203173163833384
3803,0.36374060809612274,0.012695789809815332,0.8509265184402466,0.006383477381762989
3804,0.3635418117046356,0.012574596546922256,0.8510071039199829,0.006339391778220593
3805,0.3633437156677246,0.012282729620984315,0.8511070013046265,0.006379094109517855
3806,0.36324284970760345,0.012218308163035414,0.8511670827865601,0.0063630783070837155
3807,0.3628688454627991,0.012076378650674978,0.8513444662094116,0.006402527757289912
3808,0.3626610189676285,0.01177601913476209,0.8513645529747009,0.006552401950594652
3809,0.3622967302799225,0.011336870046702831,0.8514820635318756,0.00678425176425308
3810,0.3622659146785736,0.010900650164615078,0.8515017330646515,0.006877396299462156
3811,0.36229589581489563,0.010898079206855914,0.8514048457145691,0.006915202022576427
3812,0.3621800094842911,0.01072748983750807,0.8514633178710938,0.006952797011448145
3813,0.36180855333805084,0.010626801016415544,0.8516373336315155,0.006935643244104211
3814,0.3615570664405823,0.010302459943699958,0.8516756594181061,0.007054750237995997
3815,0.36134831607341766,0.009889526195414475,0.8517906367778778,0.0072819217514697165
3816,0.36113059520721436,0.009574668163613841,0.851866751909256,0.007399595752512133
3817,0.361126571893692,0.009412697824786475,0.8518277704715729,0.007570711957466362
3818,0.3610388785600662,0.009235238519131356,0.8518461883068085,0.007714095536100423
3819,0.361012727022171,0.009355083082872083,0.8518264889717102,0.007641476516116154
3820,0.36092761158943176,0.008863650829235058,0.8518827855587006,0.007730279925928607
3821,0.3609197437763214,0.008576209322390761,0.8519198894500732,0.007898993760517716
3822,0.3608388751745224,0.008546474720766325,0.8519378900527954,0.007826501181078978
3823,0.3607782572507858,0.008674727580784976,0.8519181311130524,0.007754303629579817
3824,0.36062875390052795,0.008458577468196856,0.8519924879074097,0.00786856373589285
3825,0.36067892611026764,0.008149409260945192,0.8519351780414581,0.008061807036315299
3826,0.36045341193675995,0.00778724139169108,0.852046549320221,0.008174802737173007
3827,0.3601396828889847,0.007610772536975967,0.8522320091724396,0.008181672673480283
3828,0.3600737601518631,0.007260405785304905,0.8521931767463684,0.008346508998006388
3829,0.3600417226552963,0.00699947464617396,0.8522102534770966,0.008431687778846906
3830,0.3599258363246918,0.007007840795603373,0.8523013591766357,0.0083593216399537
3831,0.35970281064510345,0.006958971524754991,0.8523920476436615,0.008234946289998052
3832,0.3594241738319397,0.0066636274838149006,0.852537602186203,0.008398054593735212
3833,0.3590467870235443,0.00649575658619601,0.8527009189128876,0.008482348290757
3834,0.35880689322948456,0.006432135918368815,0.8527900278568268,0.008462454978259858
3835,0.35848377645015717,0.006186883406883923,0.8529336452484131,0.008572078931236694
3836,0.3583949953317642,0.0062273865283028924,0.8529486954212189,0.00855205917819402
3837,0.3582319915294647,0.005915268041655467,0.853091299533844,0.008609421039017346
3838,0.35821762681007385,0.005769482092656284,0.853105902671814,0.008692281743189763
3839,0.35798071324825287,0.005242751853391386,0.8532474637031555,0.008851681124257965
3840,0.3578021377325058,0.0055121123622245095,0.8533702790737152,0.008677572493059461
3841,0.3576618880033493,0.005522817661746277,0.8534021973609924,0.008632011749819184
3842,0.35763826966285706,0.005443644806818563,0.8534159660339355,0.008663031830323202
3843,0.35756002366542816,0.005064007068856684,0.8534656167030334,0.008744796716434338
3844,0.35750196874141693,0.004493507327413222,0.853532999753952,0.008902215195622527
3845,0.35727451741695404,0.004234852118101866,0.8536179661750793,0.009033671216128004
3846,0.3571184426546097,0.003885244009704,0.8536668121814728,0.00916453718075433
3847,0.356760710477829,0.0038351524802488026,0.8538401424884796,0.009118428528483413
3848,0.3565342426300049,0.003678366203788277,0.8539415597915649,0.009173092991002042
3849,0.35625608265399933,0.003366584891928938,0.8540425598621368,0.009227504572429606
3850,0.35607942938804626,0.003264905619896406,0.8541077077388763,0.009181564507552732
3851,0.3560279756784439,0.003246508520521401,0.8541549146175385,0.009160828258085372
3852,0.3557339608669281,0.002985724895360244,0.8543251752853394,0.009214902664724849
3853,0.355630099773407,0.0028634990346786513,0.8543541133403778,0.009268724190273261
3854,0.35531875491142273,0.0025858355966888813,0.8545406460762024,0.009297510487806202
3855,0.35528528690338135,0.002464831994614105,0.8545514941215515,0.00927668994464182
3856,0.3551231324672699,0.0022640865551567164,0.8546320796012878,0.009404057720841743
3857,0.35498134791851044,0.0017893233801057507,0.8545730113983154,0.009727914104799451
3858,0.35485145449638367,0.0016150250880889484,0.8546531796455383,0.009755393850028554
3859,0.3544180393218994,0.0015346931948271843,0.8548717200756073,0.009733772516742466
3860,0.3540681302547455,0.0014653194821782527,0.855002760887146,0.009736680649289717
3861,0.3541225641965866,0.000988575405247275,0.8549606502056122,0.009934812984139431
3862,0.35410286486148834,0.0007568520321343796,0.8549014627933502,0.010107783650428139
3863,0.3541344553232193,0.0004241448099893821,0.8548769652843475,0.010328548842928203
3864,0.3539416193962097,0.0002775369974442372,0.8549725711345673,0.010427172468443694
3865,0.3539669066667557,9.232267166311338e-05,0.8549822270870209,0.010501098040731802
3866,0.3537611663341522,0.0004166637443786984,0.855111300945282,0.010695437159215535
3867,0.35351675748825073,0.0005232531242627494,0.8551887571811676,0.010672129951989011
3868,0.3533697724342346,0.0007307420594818807,0.8551808595657349,0.010769109850412578
3869,0.353331595659256,0.001047644213435293,0.8552069365978241,0.010865668280351036
3870,0.3532109707593918,0.0013824377045815797,0.8553005754947662,0.010913884275047499
3871,0.35305970907211304,0.0017302545719177327,0.8553262650966644,0.011105230967286958
3872,0.35279497504234314,0.001827993113614496,0.855469822883606,0.011128959642998591
3873,0.35270607471466064,0.0017104876999661234,0.8555286526679993,0.011128791055604548
3874,0.3524274379014969,0.0018573905404508444,0.8556375801563263,0.01110489379249887
3875,0.35227498412132263,0.0017807464964337838,0.8557125627994537,0.011128496027664971
3876,0.3520440310239792,0.0018384666054694532,0.85587078332901,0.011128285293422416
3877,0.35172684490680695,0.00208629007471351,0.856028288602829,0.011222399206147243
3878,0.3516237437725067,0.002075774436010042,0.8561685085296631,0.011151466060103409
3879,0.3514855057001114,0.002207167236242754,0.8562251031398773,0.01119820691510199
3880,0.35117708146572113,0.0022289571569228863,0.8563808798789978,0.0111510445916183
3881,0.3508687764406204,0.002557955456398925,0.856502890586853,0.011337839424218581
3882,0.3505914658308029,0.002792671255756094,0.8566409349441528,0.011453827551320562
3883,0.3504655510187149,0.0032161206427450463,0.8567125499248505,0.011615966477541971
3884,0.3501742333173752,0.0032713751611428282,0.8568331003189087,0.01156829839187615
3885,0.35002608597278595,0.003312847660077548,0.8569532036781311,0.011520841040452883
3886,0.34995388984680176,0.0034080784642879134,0.8569746017456055,0.011566106755753584
3887,0.34970812499523163,0.003692295737221127,0.857093870639801,0.011611203883660241
3888,0.34945905208587646,0.0038873724255538,0.8572452366352081,0.011610065918750447
3889,0.34918905794620514,0.00402951267215679,0.8573959767818451,0.011654825871869015
3890,0.34892842173576355,0.004076738215913247,0.8574649691581726,0.011676531498852127
3891,0.34884874522686005,0.004232154719797169,0.8575012981891632,0.011698152832138214
3892,0.34901875257492065,0.004213631179876631,0.8575697839260101,0.011719647724878771
3893,0.34891410171985626,0.004031282839794248,0.8575574159622192,0.01158144820861155
3894,0.34894774854183197,0.004288800084195811,0.8575611412525177,0.011648588138289404
3895,0.3487129211425781,0.0044457338746261245,0.8576451539993286,0.011647365879682587
3896,0.3484949469566345,0.00479390899017462,0.8577447831630707,0.011759434349873055
3897,0.34842540323734283,0.005201785116638797,0.8577801287174225,0.01196148634163428
3898,0.34843331575393677,0.0050883468738717255,0.8577993214130402,0.011959631880299802
3899,0.34833574295043945,0.005244838122392675,0.8578343987464905,0.012025338817128285
