batch,mean_loss,std_loss,mean_accuracy,std_accuracy
0,7.503265380859375,0.006986921159034992,0.096875,0.03439077920670662
1,7.50155029296875,0.004337344777121224,0.1,0.02519455546343297
2,7.501948595046997,0.00532927043164705,0.10572916567325592,0.017019202110692272
3,7.501413774490357,0.006121876935523333,0.10703125,0.01709650787726026
4,7.501404190063477,0.006064634816044002,0.10562499836087227,0.009860133433604716
5,7.501161193847656,0.006253531477774451,0.10572916641831398,0.009365350938520528
6,7.501256990432739,0.005912814411329118,0.10401785671710968,0.007746675148208432
7,7.501083517074585,0.005548314973950717,0.1033203125,0.009632336923355345
8,7.500249195098877,0.005168371057592052,0.10399305522441864,0.0107473846389593
9,7.4993537902832035,0.005245315068063184,0.10406249910593032,0.010050869566393715
10,7.498783159255981,0.005441289927547221,0.10369318202137948,0.010351899096105871
11,7.498351144790649,0.005763117139915109,0.10247395783662797,0.00930987013120713
12,7.497825241088867,0.005697266413302828,0.10144230797886848,0.011277884335801723
13,7.497037315368653,0.005675425976500952,0.10301339328289032,0.010562463939074175
14,7.496329116821289,0.005846559124204224,0.10447916612029076,0.011390265038328797
15,7.495826005935669,0.0056883600084397115,0.10546875,0.010815916488174574
16,7.4950274467468265,0.005750484113403336,0.10606617629528045,0.011366381840161366
17,7.4943584442138675,0.0056689372777394805,0.10807291716337204,0.009797455518756512
18,7.493310451507568,0.005807842387819378,0.10962171033024788,0.00822414030020238
19,7.492728805541992,0.005972471650263111,0.10960937440395355,0.009778984159106352
20,7.492266893386841,0.00577971504363922,0.10892857164144516,0.009340688679776391
21,7.4916730403900145,0.005915348721825639,0.10916193202137947,0.00990958629947234
22,7.4910985946655275,0.005887798619351778,0.10903532579541206,0.009036716808392698
23,7.490355348587036,0.006090759534252125,0.11054687425494195,0.008375725063357292
24,7.489749765396118,0.006095950136864548,0.11018749997019768,0.008675527452364442
25,7.48914589881897,0.006031267561173972,0.11039663404226303,0.008176660294211166
26,7.4883811473846436,0.00608674307091064,0.11128472238779068,0.007873821783930075
27,7.487599468231201,0.0061363263498536375,0.1121651791036129,0.007816927743766402
28,7.486953687667847,0.006094714367475271,0.11185344830155372,0.007392796656816219
29,7.486270236968994,0.006236029106187073,0.11255208402872086,0.007877623264212734
30,7.48573260307312,0.006202582520651258,0.11214717850089073,0.008235098858715456
31,7.485028457641602,0.006300164797980879,0.11337890625,0.008032519262070244
32,7.4843456745147705,0.006301980559055954,0.11321022734045982,0.007921188601831627
33,7.483542013168335,0.006391828418940672,0.11438419073820114,0.007555826282039145
34,7.482816934585571,0.006535255148617854,0.11482142880558968,0.008059928181612672
35,7.482148027420044,0.006660928487127623,0.11536458134651184,0.008054694303827216
36,7.481397104263306,0.006779168696907851,0.1168074332177639,0.008588327557707779
37,7.4806074619293215,0.006880215821534926,0.11776315718889237,0.008855484301433004
38,7.479974365234375,0.006904442217008948,0.11826923191547394,0.008316024478182272
39,7.479264736175537,0.007013483051086761,0.11886718571186065,0.008582001651681033
40,7.478530740737915,0.0071000651205133354,0.11943597421050071,0.008889006139917183
41,7.477834272384643,0.0071072006377911395,0.12005208283662797,0.008478098323005357
42,7.477188968658448,0.007192373162212772,0.12016715034842491,0.008833007299469944
43,7.476465082168579,0.007255791861970399,0.12120028361678123,0.009272401595742177
44,7.475770330429077,0.007346717148111757,0.12166666686534881,0.009328733539010536
45,7.475149059295655,0.007432566205139655,0.12214673832058906,0.009708575107424164
46,7.47450065612793,0.007395864210121034,0.12237367108464241,0.009709433303176106
47,7.4739025115966795,0.007392265597666597,0.12294921875,0.008977990330900286
48,7.473233985900879,0.007451357414269556,0.12334183603525162,0.00906145845100205
49,7.472479295730591,0.007608900404504368,0.12453124970197678,0.009431828628121855
50,7.471836090087891,0.00769508238312941,0.12490808963775635,0.00916054572406984
51,7.47117338180542,0.007711492805163564,0.1259014427661896,0.008542441133134149
52,7.470476675033569,0.007760844366331791,0.1265035390853882,0.00890142690454776
53,7.469795036315918,0.007769702159338154,0.12743055671453477,0.00859027928460861
54,7.469104051589966,0.007743731919304169,0.1281818173825741,0.008242228988022576
55,7.468393611907959,0.0077915215424152195,0.12868303582072257,0.008118519895144206
56,7.467761611938476,0.007829344312140874,0.1295778527855873,0.007617624008879528
57,7.466995906829834,0.00796556161864389,0.13073814734816552,0.007857325631161845
58,7.46627287864685,0.008109057315607513,0.13151482939720155,0.008213255487543567
59,7.465554714202881,0.008133923565823181,0.13223958611488343,0.008263233929839006
60,7.464828395843506,0.00830172786350807,0.1327100396156311,0.00850269847802809
61,7.464164400100708,0.008346503248960014,0.1334677442908287,0.008566242976337629
62,7.463369369506836,0.00862629700791672,0.13415178433060646,0.008583125444639596
63,7.462659311294556,0.008683679416444686,0.1346435546875,0.008347126354217806
64,7.461995601654053,0.008724465557868032,0.13538461402058602,0.008101115989738712
65,7.461295318603516,0.008812332197240551,0.13574810549616814,0.008067170756361701
66,7.460558032989502,0.008982963539728581,0.13628731295466423,0.008308118244195311
67,7.459859418869018,0.009098174034841044,0.13715533018112183,0.008340179778956609
68,7.459068489074707,0.009310956523488801,0.1378396727144718,0.00851524973760522
69,7.458354187011719,0.009421666565647451,0.13834821358323096,0.008033509986137145
70,7.4576544761657715,0.00951140319980933,0.13884242996573448,0.008058206489451242
71,7.456926012039185,0.009619697342730231,0.13930121511220933,0.008274051643315931
72,7.4562585830688475,0.009659829472548134,0.13966181501746178,0.00839427196689868
73,7.455472421646118,0.00980112733035819,0.14073057398200034,0.008345197027456392
74,7.454803371429444,0.00977928941774085,0.14133333414793015,0.008595526743740582
75,7.454054498672486,0.009879205211014775,0.14210526123642922,0.008541247180878956
76,7.45331301689148,0.010009489518247598,0.14271509721875192,0.008760473881960716
77,7.452565002441406,0.010166574920906887,0.14346954822540284,0.008626351533168437
78,7.451862382888794,0.010204990757879083,0.14418512880802153,0.008832422861050081
79,7.451155471801758,0.010253215501244955,0.14496093690395356,0.008966808990758053
80,7.450362348556519,0.010465482093831269,0.1455053985118866,0.009142445715786339
81,7.449556922912597,0.010603564974525897,0.14655106663703918,0.009321303059479433
82,7.44880428314209,0.010768869010718505,0.147496235370636,0.009511797244595664
83,7.448111581802368,0.010909345382623864,0.14800967127084733,0.009283654012544393
84,7.447344636917114,0.011058334398100106,0.14873161762952805,0.009362956253718012
85,7.446528816223145,0.011299642130720065,0.1496184602379799,0.00942367149151437
86,7.445846128463745,0.011417835375549752,0.15003591924905776,0.009535870551943246
87,7.445102691650391,0.011574404780729238,0.15046164840459825,0.009726340634194454
88,7.444389486312867,0.011814722649417004,0.1509304791688919,0.010110708771317483
89,7.443619108200073,0.012022734892259548,0.15182291567325593,0.00986388434776948
90,7.442920160293579,0.012078249247787998,0.15233516544103623,0.009715973169480162
91,7.442094039916992,0.012373162356591635,0.153566575050354,0.010150131618954915
92,7.441331052780152,0.012519731833802427,0.15443548262119294,0.010163623409672265
93,7.440558004379272,0.012738560180583053,0.1552526593208313,0.010197746555880039
94,7.439746522903443,0.013024924274123367,0.15600329041481018,0.010188597520940102
95,7.439018630981446,0.01308076650616136,0.1568033829331398,0.010044132703789135
96,7.438190889358521,0.013332626626926488,0.15760309249162674,0.010418104956447918
97,7.437466764450074,0.013427770301519861,0.1582110956311226,0.010189136957376044
98,7.436703205108643,0.01364807802170032,0.158822600543499,0.01031951055910226
99,7.4358603954315186,0.013900712688973544,0.15959375053644181,0.010300969840233655
100,7.350315141677856,0.04618769254204264,0.32856717705726624,0.0599396847471455
101,7.350295639038086,0.04615267001041056,0.3281200617551804,0.05978960464605339
102,7.3502966403961185,0.046091965990518034,0.327658948302269,0.05953651608077048
103,7.350302362442017,0.046110109041363326,0.3269305780529976,0.05931286982579397
104,7.350280094146728,0.04611611823932353,0.3262499988079071,0.0593699523970683
105,7.350206565856934,0.046200647641309524,0.3258281946182251,0.05939205021171234
106,7.350156354904175,0.046173066778125896,0.3253541350364685,0.05914871263641585
107,7.350095224380493,0.046185843740708755,0.3249238967895508,0.05915164555532401
108,7.350018548965454,0.04614278213864312,0.3245083197951317,0.05918013044866749
109,7.3499373435974125,0.04615055943631403,0.32412593960762026,0.058913223067741334
110,7.349831676483154,0.046197669287528956,0.32376681715250016,0.05867744116410695
111,7.349684047698974,0.046344502031831256,0.3234491065144539,0.058675285920792374
112,7.349547529220581,0.046496999304777346,0.32312592267990115,0.058526951740390146
113,7.349393320083618,0.04664999490265435,0.3228616014122963,0.058365390704794066
114,7.349240732192993,0.04683774222290102,0.3225547388195992,0.05851408634843409
115,7.349048757553101,0.047016959155383765,0.3223330944776535,0.05837285048385311
116,7.348862504959106,0.047205264393048015,0.321951662003994,0.05825663740931531
117,7.348673629760742,0.04734879103660617,0.3216104760766029,0.05825667075701894
118,7.3484382152557375,0.04759122996685629,0.32134451121091845,0.058182618849385866
119,7.348179197311401,0.047848216454109256,0.32107269763946533,0.058259277405884664
120,7.347921991348267,0.04802306479842583,0.32098906487226486,0.05827531999884148
121,7.347646045684814,0.04827228295339411,0.3206346437335014,0.05808863989140395
122,7.347370433807373,0.048477391128458364,0.3203364759683609,0.058013057268041894
123,7.347080993652344,0.048741660776181917,0.3200416103005409,0.05825947947038175
124,7.346715307235717,0.04916041496293826,0.31993102878332136,0.058413731465723345
125,7.346309518814087,0.04959331578716179,0.31997599452733994,0.058508735260093446
126,7.345975637435913,0.04987580065330898,0.3198925644159317,0.058538248598529255
127,7.3455891609191895,0.050262274337012046,0.3197676375508308,0.058596494741192134
128,7.345211458206177,0.05070221511533873,0.31957658678293227,0.058647945838028924
129,7.344795560836792,0.05122696170489255,0.31946308761835096,0.05867913762259157
130,7.344389200210571,0.05163215843233381,0.31926735639572146,0.058800853576083625
131,7.343992757797241,0.05202232584817392,0.31907370388507844,0.05878366503570896
132,7.343539190292359,0.052579602641140755,0.3189151242375374,0.05868574713635156
133,7.342995834350586,0.05325762048684992,0.31901280879974364,0.05896325337080831
134,7.342429161071777,0.05402098069088509,0.31912582367658615,0.0590444299392913
135,7.341881465911865,0.05470992559440359,0.3190100833773613,0.05901405157040497
136,7.34135627746582,0.05527142360481565,0.3189359620213509,0.05906292830506022
137,7.340736675262451,0.05612255908580307,0.3190315321087837,0.05925217558438837
138,7.34014401435852,0.05695243686551732,0.31903008967638014,0.05936256071652002
139,7.339529371261596,0.05787088358847981,0.31884553879499433,0.059383906569716684
140,7.338916397094726,0.058700357653868544,0.3188292160630226,0.05945006017601274
141,7.338268089294433,0.059545941730818765,0.31888398379087446,0.05974107601562232
142,7.337621116638184,0.06033459527529779,0.3190087825059891,0.05981115225108023
143,7.3368980407714846,0.0613990479942204,0.3190777137875557,0.060024452027469914
144,7.3362256526947025,0.06220623846092367,0.3191304326057434,0.06010856078182519
145,7.335507392883301,0.06325345820210515,0.31919036209583285,0.06028067352558755
146,7.3347940921783445,0.06412255601147983,0.3192727565765381,0.06020167744755594
147,7.334140872955322,0.06496080950842337,0.31916309893131256,0.06034001201474201
148,7.333429431915283,0.06582950426959405,0.3191382437944412,0.06026483902399907
149,7.332741165161133,0.06668828132681595,0.319121216237545,0.06034272497482344
150,7.331922101974487,0.06771385848147517,0.3192325055599213,0.06049898376780925
151,7.331132173538208,0.06865847513951229,0.3194102644920349,0.06071065185915028
152,7.330266427993775,0.06969754433604097,0.3195937886834145,0.060983774997318
153,7.329452323913574,0.07064321927221515,0.3196938157081604,0.06126210068525686
154,7.32865161895752,0.07159652136019896,0.31970414221286775,0.061227600129964
155,7.327755689620972,0.07271182342401396,0.319861601293087,0.061340570320290236
156,7.32681245803833,0.07385207741726793,0.32012749165296556,0.06154255534369674
157,7.3260246276855465,0.07468997003078816,0.32020857483148574,0.06167277550184817
158,7.325161600112915,0.0755832523408857,0.3202889055013657,0.06172849003438613
159,7.324234962463379,0.07663565684140913,0.32038295120000837,0.06200830918856472
160,7.323299312591553,0.07763554968756992,0.32057681381702424,0.06195529680109189
161,7.322325706481934,0.07863615060533985,0.3208046942949295,0.0620584013885031
162,7.321268129348755,0.08003044771276081,0.3210091218352318,0.06223917367822202
163,7.3203369140625,0.08112979626101532,0.32110527753829954,0.06235977148635839
164,7.319338035583496,0.08225756984887776,0.32129237353801726,0.06247396520406066
165,7.318191909790039,0.08350743491861405,0.3215480864048004,0.06268955654515299
166,7.317137765884399,0.08461984085838115,0.32188549637794495,0.06299584489135515
167,7.315948009490967,0.08599087167937665,0.32227564603090286,0.0631451000684331
168,7.31472544670105,0.0874019172721446,0.32258601784706115,0.06341078157654728
169,7.313697576522827,0.08821824696346767,0.32293508648872377,0.0634629695844302
170,7.312571716308594,0.08923518478272598,0.3233635872602463,0.06356662550171614
171,7.31156096458435,0.09003368556942433,0.3235898181796074,0.06371656648132715
172,7.310322380065918,0.09137350048080099,0.3239367514848709,0.06396129938880202
173,7.309106111526489,0.09257891643183672,0.3243417501449585,0.06407677928691342
174,7.307996940612793,0.09335139940491917,0.32471621185541155,0.06404168764626442
175,7.306810712814331,0.0947744242404274,0.3249596402049065,0.06440735093720167
176,7.305494356155395,0.09602626652315006,0.32542872428894043,0.06462319539656677
177,7.304180765151978,0.09725564530694666,0.3259004816412926,0.0648188025238672
178,7.302882051467895,0.09832616170702436,0.3262752428650856,0.06508594218472305
179,7.301434516906738,0.09970616361929335,0.32677910625934603,0.0652939202883379
180,7.300096130371093,0.10061415886895675,0.3272523686289787,0.06540594108978243
181,7.298662948608398,0.10183537073830243,0.3277216672897339,0.06559722031896426
182,7.297174596786499,0.10305953163411637,0.3283437803387642,0.06585510503319461
183,7.2958520412445065,0.10390631439160193,0.32875910550355913,0.06581793621606585
184,7.294448375701904,0.10471357367382916,0.32917098701000214,0.06602513617275924
185,7.293033647537231,0.10582261267260627,0.3295407623052597,0.0662255476436172
186,7.291598844528198,0.10689527639648785,0.32988180965185165,0.06630107577014857
187,7.290192127227783,0.10792537082668062,0.3302840322256088,0.06646007024756921
188,7.288654422760009,0.1090874601081276,0.33078491538763044,0.06672261888260611
189,7.287148380279541,0.1100782164474951,0.33123096227645876,0.06682121572436638
190,7.2855872631073,0.11109282135329172,0.33157229572534563,0.06695522528572592
191,7.283966445922852,0.11198745833761259,0.3320241644978523,0.06712903204844282
192,7.2823097705841064,0.11276849952749159,0.33255390971899035,0.06720926438239169
193,7.280568695068359,0.11373970319039979,0.3331668317317963,0.06722990957029792
194,7.278775072097778,0.11503216215355054,0.33371890634298323,0.06742952408365377
195,7.277054977416992,0.11588044584212036,0.33422943353652956,0.06747650726464277
196,7.275364351272583,0.11693348919056797,0.33475444167852403,0.06756660601377948
197,7.273476696014404,0.11801572871891132,0.3353675052523613,0.06773998316980474
198,7.271643400192261,0.11921573254006178,0.33595127463340757,0.0679243268609923
199,7.269735288619995,0.12037942846894976,0.33660975098609924,0.06813229643553723
200,6.692803955078125,0.5231554205463107,0.5941275984048844,0.11289800609295617
201,6.693068313598633,0.5230453057639659,0.5934143096208573,0.11324363349403581
202,6.69347882270813,0.522470325470184,0.5928375244140625,0.1132217070706522
203,6.693819808959961,0.5218159032198892,0.5922289341688156,0.11324266877146907
204,6.694029188156128,0.5215011151484005,0.5916569828987122,0.11337124576372166
205,6.6941314220428465,0.5212340765393976,0.5909187197685242,0.11343672704497361
206,6.6943763256072994,0.5206936123223004,0.5903235018253327,0.11341799990394562
207,6.694497203826904,0.5197968440068402,0.5899923950433731,0.11324714242922908
208,6.694368886947632,0.5194134033826016,0.5894572675228119,0.11323436592569629
209,6.694202423095703,0.518746761495885,0.5889849692583085,0.11310437003576085
210,6.693773794174194,0.5181861989509597,0.5887705564498902,0.11294718357882512
211,6.6935018539428714,0.5176923541748052,0.5883079528808594,0.11297536541412885
212,6.693007230758667,0.5172325846104691,0.5881924003362655,0.1129643402975809
213,6.692545318603516,0.5169189110749018,0.5877845078706742,0.11302217716971305
214,6.692054700851441,0.5165860414752019,0.5873631358146667,0.11292882951074354
215,6.691463851928711,0.5162888605250875,0.5870464444160461,0.11298797665426678
216,6.690906286239624,0.5157208453966199,0.5866973370313644,0.11285940257718191
217,6.690095520019531,0.5152739311024631,0.5864687860012054,0.11291768332482034
218,6.689170885086059,0.5148715565547515,0.5862517803907394,0.11304604125600537
219,6.688341093063355,0.5144219985785191,0.5860638350248337,0.11298073054756466
220,6.687330341339111,0.5141901628085157,0.5857633918523788,0.11296330180953193
221,6.686344242095947,0.5139100052933904,0.5854488164186478,0.11312341351704937
222,6.685614156723022,0.5133221654324723,0.5850156843662262,0.11296597933517555
223,6.68494176864624,0.5123370845109156,0.5845700383186341,0.11291980736179064
224,6.6839464664459225,0.5116564024417071,0.5843706965446472,0.11260037068916423
225,6.6828662872314455,0.5109050550920449,0.5843107014894485,0.11252736147323486
226,6.68166069984436,0.5101316723719848,0.5842513650655746,0.11232403367117685
227,6.680392694473267,0.5099560142344918,0.5839891403913497,0.11251732496112452
228,6.678977727890015,0.5094177172928617,0.5839321851730347,0.11236179924001184
229,6.677391624450683,0.5088684403145279,0.5840268492698669,0.11235529437562444
230,6.675724935531616,0.5085100329570866,0.5841121464967728,0.1123263618298624
231,6.674197673797607,0.5080522427841107,0.5839143455028534,0.11231595209718485
232,6.672941112518311,0.506929231426912,0.583842471241951,0.11207534655706905
233,6.6709929466247555,0.5063630554075075,0.5839274019002915,0.11197860328278311
234,6.669062995910645,0.505439380407226,0.5841911762952805,0.11175063967933765
235,6.667257833480835,0.5049805546536174,0.5841433644294739,0.11178526880738375
236,6.665625715255738,0.503941843849188,0.5841607481241227,0.11147137288208718
237,6.663847017288208,0.5032704520917934,0.5842664062976837,0.11139456521244713
238,6.661723279953003,0.5023566200972707,0.5844350218772888,0.11123801196274778
239,6.659736251831054,0.5011612901894191,0.5845700651407242,0.1109208979244918
240,6.657488393783569,0.500389176427017,0.5848146468400955,0.11084290255963554
241,6.6555774211883545,0.49927110086175436,0.5849464058876037,0.11067620871318849
242,6.653618812561035,0.4982198495755151,0.5848651230335236,0.110391812207698
243,6.651372671127319,0.49755237742617203,0.584964108467102,0.11025548321272871
244,6.649068021774292,0.49676650039471193,0.5851708024740219,0.11014603631729351
245,6.647061681747436,0.49561234527071224,0.5852209478616714,0.10995681279064486
246,6.644694375991821,0.4942825985274992,0.5854781717061996,0.10978544887450697
247,6.642174005508423,0.4931876309257934,0.5858093649148941,0.10965966798076639
248,6.639511156082153,0.4919573351300107,0.5860307574272156,0.10936843960060175
249,6.6370940685272215,0.49092047252713944,0.5862196952104568,0.10918207100157754
250,6.634565162658691,0.48973553482318777,0.5863841950893403,0.10906034266169884
251,6.631993770599365,0.48857357335059354,0.5866446435451508,0.10886609883320789
252,6.629083633422852,0.4872818702490401,0.5870444983243942,0.10858844060704512
253,6.626167726516724,0.48614876162135834,0.5873810917139053,0.10840430120743208
254,6.623363780975342,0.4849713215935518,0.5876923084259034,0.10819486043780885
255,6.620715761184693,0.4840103973357693,0.5879122525453567,0.10817281016524366
256,6.617699766159058,0.4825716016422494,0.588430541753769,0.1079333414027904
257,6.6148968696594235,0.48127955850919485,0.5887981325387954,0.10771840320496764
258,6.612093687057495,0.4802823992867385,0.5890897214412689,0.10758835244280929
259,6.609640979766846,0.4790435513178513,0.5891979843378067,0.10746279438731282
260,6.606870985031128,0.4778178056857845,0.5894778400659562,0.10729622742220309
261,6.604237985610962,0.4764423597796692,0.5898267477750778,0.10707487120933624
262,6.601175832748413,0.47536725013522485,0.5902579724788666,0.10690666542051241
263,6.598164701461792,0.47438986773347064,0.5906285464763641,0.10682937382053909
264,6.595398998260498,0.47320904952217785,0.5908827722072602,0.10652256387925921
265,6.592623043060303,0.47214503981733835,0.5911768913269043,0.10635630218059035
266,6.5896443843841555,0.4707726680317782,0.5916503459215164,0.10614356964306262
267,6.586824369430542,0.46930598823124986,0.5920220077037811,0.10587161419665625
268,6.5838387966156,0.4681569256653338,0.5924181491136551,0.10569251474827246
269,6.581138944625854,0.4665827202840153,0.5926933765411377,0.10532148799144767
270,6.578043842315674,0.4655827328031212,0.5931999415159226,0.10520477500971619
271,6.575268507003784,0.46410252215278663,0.5935241013765336,0.10483378275944093
272,6.5723254680633545,0.46294928440394784,0.5939408361911773,0.10466935416408697
273,6.569717884063721,0.4615975753161136,0.5942385971546174,0.10443103263491425
274,6.56689567565918,0.46039400286886323,0.5946756809949875,0.10428134259173809
275,6.564374160766602,0.45923852179757707,0.5949475198984147,0.1041388882697916
276,6.561393976211548,0.4580015185301573,0.595424696803093,0.10392331121521604
277,6.55850248336792,0.456881389919828,0.5958311051130295,0.1037054088849088
278,6.555359411239624,0.45519357996645987,0.5963868200778961,0.10333512823522177
279,6.552225065231323,0.4538351836538071,0.5968518555164337,0.1030874163964275
280,6.549040079116821,0.4523725933454695,0.5973788231611252,0.10283194950324373
281,6.5459496021270756,0.45117009610363135,0.5978816896677017,0.10258884460206535
282,6.543200349807739,0.4497561981328693,0.5982628047466279,0.10237850776476648
283,6.540278005599975,0.448567768427428,0.5986992657184601,0.10215714986477947
284,6.53710527420044,0.447482180114199,0.5992357552051544,0.1020151051285248
285,6.5340189933776855,0.4463543091737659,0.5996581554412842,0.10187643898799882
286,6.53127875328064,0.4452236791138174,0.6000578165054321,0.10178581407341185
287,6.528309535980225,0.44403216410766966,0.600498977303505,0.10160113721283759
288,6.525574541091919,0.44276395347197445,0.6009238064289093,0.10134449176128332
289,6.52267427444458,0.4415213457798117,0.6014086246490479,0.10114833015225663
290,6.519469738006592,0.44012514598382335,0.6019211292266846,0.10080311195031047
291,6.516352272033691,0.4387969063505567,0.6024924486875534,0.10047575857836784
292,6.513216972351074,0.4376320154028177,0.6029964983463287,0.10022730640123102
293,6.510230779647827,0.4362840644305183,0.6033716320991516,0.10005420928475554
294,6.507032966613769,0.43505840003380447,0.6039116859436036,0.09984496442019113
295,6.503741264343262,0.4337174205450015,0.6044350832700729,0.09954057985525175
296,6.50076265335083,0.4322235702259219,0.6049420058727264,0.09922206321601942
297,6.497938632965088,0.4311406256073285,0.6053650408983231,0.09902080454115275
298,6.495185661315918,0.4296700157380963,0.6057174324989318,0.09869601557660555
299,6.4922291278839115,0.4283507561866371,0.6061646312475204,0.09856383630096609
300,5.533440113067627,0.12428366844343874,0.8131359279155731,0.04606483687266002
301,5.5350361347198485,0.124179862121865,0.8126579821109772,0.04600190832442852
302,5.53630805015564,0.12369998153153407,0.8120388507843017,0.0456560976231021
303,5.537397146224976,0.1233312309729739,0.8115639567375184,0.045401841896645916
304,5.538611984252929,0.12331609457846848,0.8110464990139008,0.04525817358214548
305,5.539640617370606,0.12320948767465695,0.8106028497219085,0.045172129670264856
306,5.540346145629883,0.12296270329817872,0.810145479440689,0.04500353609568248
307,5.541157913208008,0.12248026880415146,0.8098839402198792,0.044837867352307374
308,5.541343021392822,0.12257754791407678,0.8096917569637299,0.044920896653955926
309,5.541886520385742,0.12240659487779734,0.8095394730567932,0.044888840075443665
310,5.542597484588623,0.12214207524984337,0.8091647982597351,0.04473037293293055
311,5.543747138977051,0.12221959874132288,0.8087016999721527,0.044713053533304715
312,5.544366931915283,0.12227969245878238,0.8083641052246093,0.04469960633893745
313,5.545481157302857,0.1220751367459369,0.8079386830329895,0.04460718023869495
314,5.546545696258545,0.12204954576390804,0.8074270009994506,0.04462326410470934
315,5.547405052185058,0.12188034613606162,0.8070029020309448,0.04450392012319568
316,5.548028469085693,0.12141928583103817,0.8066828966140747,0.04434387646393714
317,5.548745059967041,0.12101737827168249,0.8062948286533356,0.04428923506694324
318,5.549380159378051,0.12084303809491498,0.8060716807842254,0.04425499425105114
319,5.549570941925049,0.1205311650598349,0.8058865368366241,0.044061782645095984
320,5.5505876541137695,0.1202852661702146,0.805403733253479,0.043944605353962524
321,5.5511633396148685,0.11985033442087874,0.8051016807556153,0.04382301387111873
322,5.551472234725952,0.11974728954395945,0.804872727394104,0.043737637423438086
323,5.551649045944214,0.11941443807924555,0.8046029806137085,0.0435440779817385
324,5.55218186378479,0.1195705529371676,0.8043017148971557,0.04347029735395022
325,5.552970504760742,0.11926380294207874,0.8039951980113983,0.043202290339905663
326,5.553279876708984,0.11921540329514532,0.8039137065410614,0.043031458046504226
327,5.55367751121521,0.1190806223409473,0.8036634981632232,0.04284511569187499
328,5.553899765014648,0.11892529946447265,0.8034665882587433,0.04275611648739511
329,5.554008960723877,0.11898296636178722,0.8034228086471558,0.04280576211346088
330,5.553947448730469,0.1188533127027149,0.8033628106117249,0.04275641257644503
331,5.554179382324219,0.1188179695880316,0.8032619535923005,0.04259228956853963
332,5.554314279556275,0.1187454034148005,0.8032364666461944,0.042645805180181275
333,5.554453277587891,0.11832287290668714,0.8030551910400391,0.04245307792982548
334,5.554794120788574,0.11850455987645316,0.8028349697589874,0.04252305711827173
335,5.555001449584961,0.11849958950969099,0.8026414096355439,0.04250175557864625
336,5.554875707626342,0.11807523887400127,0.8025630712509155,0.04229279339774271
337,5.5553327083587645,0.11736572562283645,0.8023326814174652,0.04202434536213882
338,5.555570077896118,0.11667214098440339,0.8021446943283081,0.04180599355912084
339,5.555169868469238,0.11651494197678987,0.8022691011428833,0.041680801655772245
340,5.555217313766479,0.11629506261126696,0.8021546185016633,0.041554197532528085
341,5.55504264831543,0.11622176802789426,0.8020806968212127,0.041573139014341134
342,5.554742622375488,0.11591993926864681,0.8021016299724579,0.041472762277996934
343,5.555044507980346,0.11612792255430451,0.8019584894180298,0.041523686654119464
344,5.5552928924560545,0.11602461083089644,0.8017701864242553,0.04152239458419649
345,5.555273199081421,0.1162149226627182,0.8016069233417511,0.0416353242317982
346,5.5550535202026365,0.11611088432721631,0.8015759527683258,0.04154032178599835
347,5.555120134353638,0.11580713382542288,0.8014534771442413,0.04143811059307483
348,5.555111026763916,0.11592517447990955,0.8013169944286347,0.0415226773193057
349,5.554765033721924,0.11578835819066671,0.8014090895652771,0.04143819806258616
350,5.5545727729797365,0.1154076445870093,0.8013419806957245,0.04124989530986636
351,5.554031419754028,0.11524087863498444,0.8014030635356904,0.0412051486562383
352,5.553626966476441,0.11512438523773215,0.801403820514679,0.041146321010982194
353,5.5537707805633545,0.11494830416824561,0.8011890649795532,0.041079064580675034
354,5.5538946151733395,0.11478474432562144,0.8011242628097535,0.04087115562024321
355,5.553562498092651,0.11435422374617887,0.8011852145195008,0.0407835388427651
356,5.553398656845093,0.11393612392641243,0.8011796653270722,0.0406585905346151
357,5.553345680236816,0.11391607236685046,0.8010574698448181,0.040667985537633025
358,5.553125429153442,0.11380762138005039,0.8010235130786896,0.040567080052195684
359,5.552784538269043,0.11365080924787528,0.8010187923908234,0.0405331807287201
360,5.552452611923218,0.11371447226470516,0.8010284781455994,0.04052091581205794
361,5.552310514450073,0.1133086148710287,0.8008591115474701,0.04030111424138607
362,5.551968908309936,0.1130093445871187,0.8008338153362274,0.04022104204545908
363,5.551746606826782,0.11315477459003805,0.8007236123085022,0.04017931692596202
364,5.5516726016998295,0.11259816183082055,0.8006567835807801,0.040051172606125666
365,5.5510406494140625,0.11232535978292375,0.8007874011993408,0.039901320830433525
366,5.550570392608643,0.11205927866208905,0.8008538603782653,0.03974336650717003
367,5.550229597091675,0.11215488599379142,0.8009197354316712,0.039760450696240894
368,5.549818229675293,0.11212153442719884,0.8009156584739685,0.0396560977744445
369,5.54952597618103,0.11195160852322637,0.8008770763874054,0.03959560431975628
370,5.549257040023804,0.1113988324722447,0.8009075880050659,0.039427532594602424
371,5.548667287826538,0.11128058380504681,0.8009994566440582,0.0393792592144482
372,5.548342514038086,0.11094733229520949,0.8009201109409332,0.03932032706731145
373,5.548017120361328,0.11068343494515769,0.8008686244487763,0.039330171210051716
374,5.547474813461304,0.11015151193218656,0.80097296833992,0.03914210086831045
375,5.547095870971679,0.10972646647497411,0.800908237695694,0.03896808936040262
376,5.546951103210449,0.10944915964025874,0.8008641481399537,0.03884893765841768
377,5.546416139602661,0.10873829467465353,0.8009004771709443,0.03856124998667602
378,5.546207618713379,0.10822239318101674,0.8008700788021088,0.03847066502103508
379,5.545785665512085,0.10780339107874864,0.8008862555027008,0.03830982414516022
380,5.545200490951538,0.10752763866971296,0.8010208189487458,0.0381021833328601
381,5.544974136352539,0.10765107392833186,0.8010362029075623,0.03809021389382468
382,5.544738388061523,0.10759214247764463,0.8010253369808197,0.0379508890560944
383,5.5442952632904055,0.10740070110619249,0.8010145783424377,0.037895734843449165
384,5.543819093704224,0.10707754353932603,0.8010880887508393,0.037740082531634606
385,5.543477201461792,0.10717469838306422,0.8010642409324646,0.03782152088505659
386,5.5429517269134525,0.1070133787252127,0.8011754930019379,0.037766308358494795
387,5.54238977432251,0.10663774702617317,0.8012666404247284,0.03755929560162432
388,5.541765832901001,0.10647872461675985,0.8013952493667602,0.037464779702469114
389,5.5415114402771,0.10610822016336204,0.8013451814651489,0.03739439607242887
390,5.5411886215209964,0.10584677702422837,0.801409250497818,0.0372640044395356
391,5.5406622886657715,0.10545296115480132,0.8014665126800538,0.03711395537700535
392,5.540262079238891,0.10527632069893032,0.8014668941497802,0.03704859945047635
393,5.53949236869812,0.10490509244085201,0.8016733348369598,0.036936514248529
394,5.538852262496948,0.104724892707306,0.8017537415027618,0.03686877026714129
395,5.538203763961792,0.104651723296901,0.8018644690513611,0.03685979321180554
396,5.537413120269775,0.10431115193202153,0.8020113468170166,0.036741957554199046
397,5.537220525741577,0.10414730329743968,0.802058756351471,0.036653494134749574
398,5.536478328704834,0.10385368366011413,0.8021914720535278,0.03654555469476125
399,5.536055946350098,0.10398961972777568,0.8022439002990722,0.036527242208799014
400,5.216563892364502,0.034584723569572415,0.8915043652057648,0.010247133412100871
401,5.217440366744995,0.034884492384412324,0.8911236166954041,0.0103830146492099
402,5.218508625030518,0.03512265261414487,0.8906397223472595,0.010449679314522117
403,5.220287227630616,0.03566892628849783,0.8899473428726197,0.0106859695900094
404,5.221448373794556,0.03566202869412168,0.8893313944339752,0.010704077680922675
405,5.222659635543823,0.035793017757647566,0.8887519299983978,0.010793917190508564
406,5.223442935943604,0.03595860487616313,0.8883422553539276,0.010802163713948654
407,5.224065351486206,0.036254393906627214,0.8880422353744507,0.011004948314228867
408,5.225166368484497,0.036709403828435454,0.8876323759555816,0.011222334078047264
409,5.225925731658935,0.0367396036271698,0.8874060213565826,0.01118846458164415
410,5.2269275188446045,0.037114204121121014,0.8870235443115234,0.011259103273271358
411,5.227917242050171,0.03685003738882027,0.8865341663360595,0.011137405110006932
412,5.228722047805786,0.036919374225164864,0.8861798405647278,0.011271785639288281
413,5.2292181015014645,0.03697919425372631,0.885875540971756,0.011265870069764653
414,5.229485416412354,0.03709555515667848,0.8856295585632324,0.01128106062715448
415,5.230223560333252,0.037026993132706756,0.8852957189083099,0.011302860687912109
416,5.230568790435791,0.036853382816170566,0.8850649416446685,0.011273429644312351
417,5.230918312072754,0.03685944833663574,0.8848816454410553,0.011194173885184296
418,5.231424760818482,0.036514087638790924,0.8846112668514252,0.011078523866393417
419,5.231916618347168,0.036394664600864775,0.884352833032608,0.011099261579531004
420,5.232763195037842,0.036125740122280044,0.8839739084243774,0.010918380827761033
421,5.233105087280274,0.03597771575940185,0.8837833106517792,0.010839501394376241
422,5.233652019500733,0.03599675128223183,0.8835599780082702,0.010721622979417417
423,5.234245252609253,0.035722951139574535,0.8832177460193634,0.01062982436340666
424,5.234597969055176,0.035828041233914566,0.8829568922519684,0.01068888966694534
425,5.235824012756348,0.035589026890608874,0.882518869638443,0.010702053531939992
426,5.236168146133423,0.03538353056227026,0.8823328793048859,0.010639777021942244
427,5.23662371635437,0.03538470247159085,0.8820641160011291,0.01062499592163369
428,5.237000894546509,0.03558007810705496,0.8819078922271728,0.010715417024374143
429,5.237493181228638,0.035551037102848904,0.8815268516540528,0.010697378257000387
430,5.237585544586182,0.035680108860985674,0.8813835144042969,0.010735472275015224
431,5.238120412826538,0.035379558087831095,0.8810591042041779,0.010613065867590423
432,5.238420820236206,0.03532667982583309,0.8808536887168884,0.010609557493874527
433,5.238987445831299,0.03542905586007958,0.880609393119812,0.010673590405947508
434,5.239420366287232,0.03491493256954079,0.8803268015384674,0.010537546011613535
435,5.240027236938476,0.03499286904712973,0.8800796508789063,0.010626847358662277
436,5.240571212768555,0.03476916175572762,0.879738038778305,0.01060237894309472
437,5.241143798828125,0.03504080494545142,0.8793194890022278,0.010629811616813376
438,5.241330575942993,0.035265411606242525,0.879225355386734,0.010718375935412333
439,5.24147047996521,0.035332019097390116,0.8790286660194397,0.010713268487509165
440,5.241759634017944,0.03542099285102694,0.8788181245326996,0.010802135204884773
441,5.242073631286621,0.03565467574710933,0.8786569952964782,0.010949215764828187
442,5.242174482345581,0.0356843788828119,0.8785366892814637,0.010928539306039318
443,5.242737913131714,0.035769163487267414,0.8782069265842438,0.010994542674709255
444,5.243122148513794,0.03587929700881944,0.8778959572315216,0.011077202899916405
445,5.243371200561524,0.03570071531160834,0.8777039587497711,0.011012511203959225
446,5.244016933441162,0.03568805708595671,0.8773600876331329,0.011082381843685471
447,5.244221830368042,0.03581287829569316,0.8771572887897492,0.01105356833517976
448,5.244200944900513,0.036276770194083846,0.8770554184913635,0.011284675346263434
449,5.244273233413696,0.036304456696555555,0.8769242405891419,0.011352688736261446
450,5.2446431636810305,0.03641374045549201,0.8767038702964782,0.011400972258497719
451,5.245018768310547,0.036699381202568396,0.8765306115150452,0.011603469681747778
452,5.245457983016967,0.03672360756029032,0.8762470126152039,0.011638265430914726
453,5.2451893329620365,0.03660671311960319,0.8762039363384246,0.011573409629601749
454,5.24562349319458,0.03653660603329732,0.8759467422962188,0.011548353780498748
455,5.245787811279297,0.036437582338271886,0.8756919920444488,0.011491356804835975
456,5.245908975601196,0.036415588442068596,0.8756008148193359,0.011477005548177715
457,5.24597692489624,0.03630806568408697,0.8755615532398224,0.01147851729789409
458,5.2460753440856935,0.03646209699900998,0.8754427909851075,0.01146056410285268
459,5.246267938613892,0.03659716912635434,0.8752167701721192,0.011516105077642108
460,5.2459930896759035,0.03649256586006214,0.8752013802528381,0.0114432134046701
461,5.246168947219848,0.0363001413991298,0.8750429570674896,0.011394007337783998
462,5.246797752380371,0.03663955751955732,0.8747648239135742,0.011473361962715456
463,5.246945810317993,0.03673733573179595,0.8745956361293793,0.011506686904444102
464,5.24720573425293,0.03703554758646239,0.8743926644325256,0.011642541900599159
465,5.247164726257324,0.037048742430678086,0.8742266654968261,0.01174845906226496
466,5.247011661529541,0.036901361729625944,0.8741391420364379,0.011666621956712109
467,5.246970844268799,0.03667761823572232,0.8739966630935669,0.011655075337728978
468,5.24673638343811,0.036654765417005804,0.8740219175815582,0.011651076774552358
469,5.246727323532104,0.03677849962409987,0.8739640831947326,0.011647527113748906
470,5.246715784072876,0.036724623035965936,0.8738586366176605,0.011623790863473569
471,5.2467833995819095,0.036761621721816386,0.8736719608306884,0.011628996417768067
472,5.246601915359497,0.037105358827859834,0.8736232280731201,0.011656551779234942
473,5.246506690979004,0.037081432470464706,0.8735817015171051,0.011595510953280925
474,5.24628005027771,0.03716120806062294,0.8735743284225463,0.01157563481024922
475,5.24615592956543,0.03726990831058492,0.8735199093818664,0.011616394737411764
476,5.245793247222901,0.037536568510113166,0.8735530495643615,0.011742227357986187
477,5.2458261013031,0.0373228047340651,0.8734191596508026,0.01170715985198105
478,5.245543384552002,0.03712016239006703,0.8733661055564881,0.011637037284873074
479,5.245338249206543,0.03695454216956716,0.8733730137348175,0.011599613429494516
480,5.245315790176392,0.0369690019799982,0.8732284069061279,0.011571453302662222
481,5.245390605926514,0.03690839669546996,0.873144018650055,0.01156887654963146
482,5.245141792297363,0.03680217495908737,0.8731256604194642,0.011529118894797302
483,5.245219373703003,0.03665005702509674,0.8729513585567474,0.011524216164686553
484,5.244971847534179,0.03675694576691082,0.8729015529155731,0.011558899925692189
485,5.245144987106324,0.036684618027200834,0.872761869430542,0.011551146240607185
486,5.244800996780396,0.03656933683086642,0.8727261006832123,0.011528473058880686
487,5.244443130493164,0.03659867600642991,0.8727354049682617,0.011458354109690193
488,5.2441229820251465,0.03660194805815221,0.8727701306343079,0.01143298122888017
489,5.243828153610229,0.03660617819747589,0.8727538108825683,0.01139215509443143
490,5.243594121932984,0.03644548426032126,0.872706013917923,0.011383706862315348
491,5.2435173988342285,0.03630680031463992,0.872589373588562,0.011322036937799361
492,5.2433864116668705,0.03614129670423315,0.8725488960742951,0.011358075388631596
493,5.243091249465943,0.03639341987457468,0.8725711762905121,0.01141094489659193
494,5.24295654296875,0.03623963506235552,0.8724751234054565,0.011391101510014165
495,5.242999792098999,0.03651072032261912,0.8723736345767975,0.011463927527272634
496,5.242562580108642,0.03656058641693135,0.8723778367042542,0.01153063945220588
497,5.242263317108154,0.03679209117101905,0.8723451256752014,0.011566787319587381
498,5.24196138381958,0.03665106795130349,0.8723555326461792,0.011511350733862185
499,5.241651916503907,0.036827344069123205,0.8723658561706543,0.011565969042259455
500,5.06299090385437,0.018729679764460074,0.9043123900890351,0.006921334703657768
501,5.064165687561035,0.018325850980685936,0.903860580921173,0.006919367230960394
502,5.065025091171265,0.018680188419791178,0.9035223662853241,0.007054665707899014
503,5.065722417831421,0.018518586890135812,0.9032273828983307,0.0070120408382185456
504,5.066723728179932,0.01846293292398314,0.9028585314750671,0.007059876576502339
505,5.067440557479858,0.018490725479891473,0.9026194155216217,0.007162666413979623
506,5.068153524398804,0.018558963330218444,0.9023736774921417,0.007253524981700003
507,5.069197750091552,0.019302332645734516,0.9021308958530426,0.0073994341799308
508,5.0704656600952145,0.019457678744329455,0.9017114281654358,0.0074060022349312984
509,5.071240091323853,0.019187758869870005,0.9014097690582276,0.007361551999609446
510,5.071858644485474,0.019527220965281426,0.9011958181858063,0.007159755169470755
511,5.072145223617554,0.019366663360520262,0.901123708486557,0.00713814510304231
512,5.072841167449951,0.01926278085328509,0.900784707069397,0.007089695436181917
513,5.0732293128967285,0.01912316458846422,0.9006332576274871,0.007245521301027928
514,5.073678922653198,0.019089931415316504,0.9004105806350708,0.0072834474457912825
515,5.0741941928863525,0.019221814120087242,0.9002812087535859,0.00725640034735378
516,5.0747980117797855,0.019110725351759734,0.9000992119312287,0.007209129653928626
517,5.075369930267334,0.01917921619117453,0.8999282658100128,0.007205914082557373
518,5.076139974594116,0.019273698810827175,0.8997236132621765,0.007186946155438128
519,5.076390409469605,0.01908717566757307,0.8995744824409485,0.007092664979882338
520,5.077023887634278,0.0196303662872458,0.899294775724411,0.007100652969318559
521,5.077318429946899,0.019987754135556396,0.8990708351135254,0.007066247668184977
522,5.077638816833496,0.02006517149578298,0.8989627003669739,0.007110117997662276
523,5.078098964691162,0.02025812174296072,0.8988037407398224,0.007045087244304926
524,5.078689432144165,0.02048538309443562,0.8985086262226105,0.0071700050849570285
525,5.079216957092285,0.020693268599631873,0.8982938885688782,0.007178251812790772
526,5.0797382354736325,0.021105373741361563,0.8980900466442108,0.007220405794293521
527,5.079927539825439,0.021232453929858293,0.898041045665741,0.007277607691176877
528,5.079974746704101,0.02152027356444391,0.8979335367679596,0.0073319023020714845
529,5.0804191589355465,0.02152757991177532,0.8976426124572754,0.007322500547086191
530,5.081017398834229,0.021417108203423706,0.89742990732193,0.0072798236218170895
531,5.081155681610108,0.02141360639344166,0.8972609639167786,0.0072495934813817785
532,5.081492137908936,0.021348943918787597,0.8970772862434387,0.007161181237469254
533,5.081588077545166,0.02146924889028774,0.896944808959961,0.007219846780678544
534,5.081598138809204,0.02154230365585109,0.8968464076519013,0.007219410640866576
535,5.081987142562866,0.021595243915323036,0.8966433703899384,0.007280916927999123
536,5.0820001602172855,0.021575920852627488,0.8964828610420227,0.007217210985575603
537,5.082099390029907,0.0217452276480977,0.8964446604251861,0.00726368357654665
538,5.082038688659668,0.02185430942274121,0.8963828384876251,0.007237278979679391
539,5.08216495513916,0.021628670740457732,0.8963136911392212,0.007059245174104445
540,5.082166576385498,0.02185366503348939,0.8961739540100098,0.0070335910702612825
541,5.082402133941651,0.021707120143422326,0.8961144328117371,0.007049544301358519
542,5.082760334014893,0.021759507768701336,0.8959535658359528,0.006979614030887253
543,5.0828300476074215,0.021612619425025553,0.8959659695625305,0.006930552695879746
544,5.083301448822022,0.02164479980417624,0.8957530975341796,0.006914546510625342
545,5.083314609527588,0.021611144451879456,0.8956736862659455,0.006901439335206795
546,5.083123207092285,0.021523398786801488,0.8955873370170593,0.006851285280251462
547,5.083621597290039,0.02160686345042467,0.895371800661087,0.0069114428277464125
548,5.083615159988403,0.021622250836341776,0.8952420830726624,0.006787051428660948
549,5.08378233909607,0.021604985563316668,0.8951439201831818,0.006753658573353213
550,5.084038352966308,0.021598827777135208,0.895084434747696,0.006681000006542569
551,5.0842869758605955,0.021656248220948263,0.894927978515625,0.006637436311973354
552,5.084495592117309,0.021493202243887344,0.8947879314422608,0.006528236451665533
553,5.0846415042877195,0.021546297655786913,0.8947161078453064,0.006483115049204643
554,5.0847797870635985,0.02163783912286946,0.8945636034011841,0.0064907630178490175
555,5.085043621063233,0.02165712495674905,0.8944714367389679,0.006472556378711128
556,5.085149669647217,0.021883138011228175,0.8943947792053223,0.006524354955102629
557,5.085356855392456,0.022015625436791066,0.8942167460918427,0.00654865478630972
558,5.0851731300354,0.021919403865338565,0.8941782712936401,0.0064855868977231204
559,5.085329484939575,0.022214059644227055,0.8941112697124481,0.006500048052694153
560,5.085082483291626,0.02217851677903768,0.8941168010234832,0.0064690234440273825
561,5.085069417953491,0.022296275177227546,0.8940363645553588,0.0065537641698329265
562,5.0849498271942135,0.022169644248282716,0.8940279304981231,0.006499296023602994
563,5.085047245025635,0.02226334223935382,0.8938351273536682,0.00644860824071462
564,5.085189008712769,0.022382789087499255,0.8937570631504059,0.006411419780725734
565,5.085308361053467,0.022300225050562797,0.893672662973404,0.006308573075547001
566,5.085450744628906,0.02210535994746345,0.8935330331325531,0.006251879971178913
567,5.085397052764892,0.02231633738988925,0.8934921979904175,0.006340549782063683
568,5.085345268249512,0.022291497544912182,0.8934586584568024,0.0064088378281627065
569,5.085361528396606,0.022358538033735904,0.8933218240737915,0.006333042180167272
570,5.085320949554443,0.022515171010242765,0.8932480752468109,0.006402162665782443
571,5.085272264480591,0.022583660103033056,0.8931818187236786,0.006381794184230772
572,5.084986734390259,0.022446605782240933,0.8932251989841461,0.006363359177355731
573,5.084898185729981,0.022389634388690436,0.8931120991706848,0.006393714631928461
574,5.084848260879516,0.022746344812217063,0.8929999887943267,0.006474450807099552
575,5.084680128097534,0.022795847180084414,0.8929628670215607,0.0064927299588455455
576,5.084650564193725,0.022804060764866928,0.8928724527359009,0.006552971578840498
577,5.08446159362793,0.022768126356880285,0.8928628504276276,0.006563587723109291
578,5.084368324279785,0.022564906910369956,0.8927736520767212,0.006454297719951632
579,5.084400987625122,0.022985994835450316,0.8925992131233216,0.006500831912427581
580,5.084451055526733,0.022846356780086303,0.8924986839294433,0.006485523045452355
581,5.084412574768066,0.0228359107911493,0.892444908618927,0.006542923772766538
582,5.0844096660614015,0.022581685799669696,0.8923393428325653,0.006413097579121886
583,5.0844621658325195,0.022683890073617836,0.8922476530075073,0.006471313556003651
584,5.084429025650024,0.02272013189985741,0.8921761691570282,0.006435447486739416
585,5.084308433532715,0.022578731935879486,0.8921246111392975,0.006387966205741928
586,5.084111452102661,0.02272985803790659,0.8921120285987854,0.006436421332182665
587,5.0841207027435305,0.023062539815752205,0.8920419573783874,0.006499957039538517
588,5.08410267829895,0.02336539951269401,0.8919342517852783,0.0065761409145177205
589,5.08380126953125,0.023244317608296913,0.8920050680637359,0.006535365057293211
590,5.083821773529053,0.02301958054922965,0.8919679045677185,0.006499398455512624
591,5.0836841583251955,0.02320229046936121,0.891931027173996,0.006584634611934804
592,5.083383464813233,0.022997771780659,0.8919696688652039,0.006562554463394318
593,5.08307957649231,0.023071395248633494,0.8919268250465393,0.006579077985718208
594,5.08284363746643,0.023056479406705768,0.8918470084667206,0.006547924118581366
595,5.082679653167725,0.02304234765183022,0.8918545544147491,0.006552287655496578
596,5.082424879074097,0.02299406394467852,0.8918126821517944,0.006529437275724847
597,5.082239389419556,0.02309515257112356,0.8916973948478699,0.0065515775994672955
598,5.08207745552063,0.023122701377587842,0.8916442275047303,0.006554915715865205
599,5.081868410110474,0.022913539517840475,0.8915914475917817,0.006424909252939326
600,4.920515632629394,0.018073092370053185,0.9212142288684845,0.006173809232093342
601,4.921241569519043,0.018089633764326873,0.9209518134593964,0.006065510957105464
602,4.921888971328736,0.01790883166293353,0.9207417666912079,0.006026103294290647
603,4.922445631027221,0.017851844467625288,0.9205733180046082,0.006033747387715755
604,4.923162269592285,0.0177215013525055,0.920339149236679,0.0059136717486472385
605,4.923799896240235,0.017628225870058658,0.9201174914836884,0.005856639934337097
606,4.924411106109619,0.01794896900104225,0.9199655413627624,0.005958417166876368
607,4.925065565109253,0.017857584715530797,0.9196442127227783,0.005957060601146011
608,4.925874042510986,0.0180422604628659,0.9193267822265625,0.00592985672835707
609,4.926397323608398,0.01819137811135467,0.9191729247570037,0.006000174819843416
610,4.9275290966033936,0.018746821826443515,0.9188527584075927,0.006074525675112507
611,4.927948617935181,0.01884785502858964,0.918675708770752,0.0061330236124992
612,4.92863187789917,0.018805975356239228,0.9184545814990998,0.006120358747050131
613,4.929171180725097,0.018715394261752824,0.918318647146225,0.006071771397100611
614,4.929382181167602,0.01841283121966273,0.9182299256324769,0.00596536918596175
615,4.93012638092041,0.01814811266916112,0.91803337931633,0.005875833590211008
616,4.930821943283081,0.018284924661622324,0.9177849948406219,0.0058855412862665315
617,4.931180047988891,0.018502529620074096,0.91757532954216,0.0060685943969204315
618,4.9317303657531735,0.019101083799746937,0.9173858761787415,0.006232467958679193
619,4.932077407836914,0.018918597820049003,0.9172517776489257,0.0060202777116663995
620,4.9324338912963865,0.019228250348691446,0.9171015381813049,0.006070535167190384
621,4.9328601360321045,0.018906494137759248,0.9169530034065246,0.005989624020792997
622,4.933403778076172,0.019045266627524683,0.9167015373706817,0.005973759810380276
623,4.9337718963623045,0.01921878485662561,0.9166088700294495,0.006041066084724639
624,4.934411096572876,0.019380502056586237,0.9163965463638306,0.005988447163819859
625,4.934651470184326,0.01946074921398285,0.9162037074565887,0.006053425388772232
626,4.935077953338623,0.01958470685529128,0.915978854894638,0.0060998483085731746
627,4.935556125640869,0.019571045771647116,0.9157479703426361,0.00602178824576398
628,4.935445261001587,0.01971979539441965,0.9157304227352142,0.006034157712183179
629,4.93567156791687,0.019838756710952882,0.9156208038330078,0.006083071129603843
630,4.935833072662353,0.01992138738746786,0.9155874490737915,0.006071703660143584
631,4.936151504516602,0.02015895487048103,0.9154382407665252,0.006164837685606017
632,4.9365027904510494,0.02045953908346927,0.9152575969696045,0.006352409836246867
633,4.936697340011596,0.020354161357876627,0.9151691854000091,0.006379134411650359
634,4.936974287033081,0.020151170431090912,0.9149836599826813,0.006294940773266339
635,4.937378406524658,0.020314807110559774,0.9147919297218323,0.006428860400884133
636,4.937667608261108,0.02025855322852142,0.9146264672279358,0.006490107753338507
637,4.937775373458862,0.019937332921038425,0.9145028829574585,0.0064480061777422455
638,4.938114500045776,0.02002766064626474,0.9142365455627441,0.006522406730385292
639,4.938348960876465,0.0199226576599509,0.914124208688736,0.006502640202609272
640,4.938676261901856,0.019834216465294898,0.9139416992664338,0.006422945486931312
641,4.938677978515625,0.01973207211918501,0.9138713836669922,0.006385750362321231
642,4.938900947570801,0.019955951370908664,0.9136998116970062,0.0064544653469986325
643,4.939281606674195,0.01979214316182492,0.9135377585887909,0.006335621046006268
644,4.939445352554321,0.020042904886848605,0.9134316802024841,0.006331751342337827
645,4.939851427078247,0.020022410264645168,0.91322620511055,0.006365032895679607
646,4.940171957015991,0.020493733250851985,0.913153451681137,0.006558167231216645
647,4.940187215805054,0.020590050352975998,0.9130660951137543,0.006625259875794779
648,4.940403079986572,0.020764055063181866,0.9130176544189453,0.006646677246295311
649,4.94043197631836,0.020622329618275936,0.9130151629447937,0.00663463782488162
650,4.94051513671875,0.020395409570060658,0.9128618776798249,0.006577604071066148
651,4.940632009506226,0.020325316259413546,0.9127100884914399,0.006491452192451528
652,4.940633487701416,0.020571137737505598,0.9127016186714172,0.006547040065249117
653,4.940656757354736,0.020501997886876868,0.9126486301422119,0.006557093562912394
654,4.940908575057984,0.02050997226382273,0.9124556124210358,0.006556164295941955
655,4.941360950469971,0.02066864057644593,0.9122570633888245,0.00657053448669491
656,4.9415740966796875,0.020727544884356082,0.912097018957138,0.006641794348549261
657,4.941625022888184,0.021136236065476696,0.9119530320167542,0.00678651904108655
658,4.941559982299805,0.021276872836950164,0.9118757247924805,0.006833754730046698
659,4.941602420806885,0.02128709215115108,0.9117413222789764,0.006866762893483434
660,4.941510343551636,0.02154896176430442,0.911730432510376,0.00693762503601442
661,4.941300392150879,0.021520378159916205,0.911676687002182,0.006995720257097346
662,4.941147756576538,0.02177705102844027,0.9116020500659943,0.0071688326370932375
663,4.941028833389282,0.021618148025238572,0.9115068018436432,0.007158413505103262
664,4.940978956222534,0.021675145863405437,0.9113559305667878,0.007161559409178679
665,4.94112811088562,0.02158698461784977,0.9111712574958801,0.0071557410532452365
666,4.94112753868103,0.021338290212360368,0.9111002266407013,0.007081821666489424
667,4.941118144989014,0.021569003981184488,0.9110089182853699,0.007163326004897033
668,4.94102110862732,0.021496582152922893,0.9110016584396362,0.007105482611430105
669,4.941044521331787,0.02165522140339652,0.9109185218811036,0.007199234101090659
670,4.9410594463348385,0.021698214524865415,0.9108292102813721,0.007166169263924575
671,4.940950012207031,0.021699095741243794,0.91078861951828,0.007186928360956366
672,4.940800046920776,0.021952952520865984,0.9108165144920349,0.007241366349362172
673,4.940552425384522,0.02174708706014894,0.9108034610748291,0.007182602937304915
674,4.940715885162353,0.021622420664365104,0.9106689274311066,0.00711978545588024
675,4.940763282775879,0.021512556706869503,0.9105624258518219,0.007117510605523215
676,4.940669202804566,0.021419267372448415,0.9104970514774322,0.007016509311814477
677,4.940454435348511,0.021479272222607246,0.9104922533035278,0.007016498781796859
678,4.94030122756958,0.021503974211830798,0.9104742407798767,0.007019073747600106
679,4.940502309799195,0.021577145653951427,0.910357141494751,0.00697821192143781
680,4.940371370315551,0.021660063770673164,0.9103003084659577,0.006978965775392745
681,4.940321636199951,0.0215471716285091,0.910257077217102,0.006922402878777895
682,4.940282726287842,0.0217232131618361,0.9101815521717072,0.0069590751906129355
683,4.940008306503296,0.021727034841469404,0.9101912081241608,0.006944966376584627
684,4.93988676071167,0.02162928263784238,0.9101489543914795,0.006902054404619694
685,4.939708709716797,0.021542831676597218,0.9101264238357544,0.006906978381364644
686,4.939667415618897,0.021352794886292784,0.9100590944290161,0.006826175121499176
687,4.939698266983032,0.021698532099235578,0.9099411427974701,0.006940147100871253
688,4.939475679397583,0.021610780016537136,0.9098878741264343,0.006888022678810925
689,4.939210033416748,0.021660955329713856,0.9098350226879119,0.006941071424937223
690,4.939229249954224,0.02160899873616179,0.909732049703598,0.0069418369286777274
691,4.938850545883179,0.021435515765750892,0.9097746729850769,0.006942523906430983
692,4.938546752929687,0.0214128961641743,0.9097918808460236,0.006914405785367316
693,4.93831787109375,0.02140777772923598,0.9097652435302734,0.0069088716797172
694,4.938207721710205,0.02134535559390287,0.909682834148407,0.006857680450458343
695,4.937973165512085,0.021260379155305997,0.9096630275249481,0.0068393577877484835
696,4.9376945972442625,0.021099446161238402,0.9096433877944946,0.00683362017479454
697,4.937081575393677,0.021035710801783652,0.9097652435302734,0.006803890327417422
698,4.9369889259338375,0.02089146713314244,0.9096780240535736,0.00672853263157906
699,4.936881637573242,0.02074048682600586,0.9095488011837005,0.006720691288322447
700,4.7951037883758545,0.019034558938351938,0.9317766308784485,0.0059530403898456164
701,4.795637893676758,0.019407464969708993,0.9315955698490143,0.006151092992036597
702,4.796030759811401,0.01949985088497146,0.9313775539398194,0.0061634153245476745
703,4.796827220916748,0.01956470315111033,0.9310647428035737,0.006203758155522657
704,4.797533321380615,0.019716037805986047,0.9308042585849762,0.006228983011684577
705,4.798177433013916,0.019477227556638384,0.9305855214595795,0.006225839522700109
706,4.798711729049683,0.01971157136470768,0.9303598701953888,0.0062762912218594195
707,4.799078893661499,0.019775222008201247,0.9302035748958588,0.006274863397144524
708,4.7996485233306885,0.019911951158491585,0.9300113499164582,0.006345180064492864
709,4.79992904663086,0.0196680061104932,0.9298872172832489,0.006368047245370033
710,4.800196123123169,0.01953989546122022,0.9297739148139954,0.006361013906616215
711,4.8008397102355955,0.019491371297722746,0.9295505225658417,0.006310023382274615
712,4.801435756683349,0.019836134122880718,0.9294220805168152,0.006350632389971217
713,4.801746463775634,0.019962210871071518,0.9292676329612732,0.006406875809303877
714,4.802291679382324,0.02044313278452912,0.929032838344574,0.0064819898526120336
715,4.802704620361328,0.020192869031304583,0.9289096534252167,0.0064286326750399025
716,4.803273248672485,0.020549188676169585,0.92871572971344,0.006505633344526975
717,4.803803205490112,0.021003858668762854,0.9284971296787262,0.006568611941789712
718,4.804028272628784,0.02083200957539919,0.9283434331417084,0.006550292384315191
719,4.804189300537109,0.020858344398029794,0.928244686126709,0.006542845149674224
720,4.804530906677246,0.02064785027337756,0.9281382203102112,0.006591717848775679
721,4.804911041259766,0.020240822677404634,0.9280154347419739,0.006530461229638702
722,4.805009651184082,0.01992075277835732,0.928016048669815,0.006518034196123594
723,4.805593681335449,0.019465235910326534,0.9278086066246033,0.006420527260501839
724,4.8061360836029055,0.019296992023297425,0.9276034533977509,0.006401766116641036
725,4.806466054916382,0.019198201205894962,0.927383404970169,0.006323674621843624
726,4.807187509536743,0.019209733891940233,0.927148699760437,0.0062502871541076175
727,4.807384824752807,0.01917468796308589,0.9270183086395264,0.006169915739660501
728,4.8077723503112795,0.01945763144168524,0.9268218576908112,0.0062701431272451464
729,4.807962560653687,0.0198382305125764,0.9266946315765381,0.0063885536298911305
730,4.8082051277160645,0.01990706058674316,0.9265604257583618,0.006355245742767919
731,4.808534955978393,0.019681274281223075,0.9264193117618561,0.006307763040511613
732,4.80879487991333,0.019704790280420378,0.9262879729270935,0.006290051992023898
733,4.808743524551391,0.019777379509918334,0.9262894272804261,0.006236175043394293
734,4.809130764007568,0.019736093408671145,0.9260865986347199,0.006268708191316404
735,4.809417819976806,0.01997346293099671,0.9259346544742584,0.006374962092809023
736,4.809559059143067,0.020137597967894043,0.9258004486560821,0.00635627727008347
737,4.809617233276367,0.020401982538863182,0.9256998002529144,0.006470994065758017
738,4.810166645050049,0.02055966289543486,0.9254561483860015,0.006526349095288335
739,4.810537910461425,0.02055293439648963,0.9253105103969574,0.006481940180296715
740,4.810791254043579,0.02038108256383568,0.9251267373561859,0.006406160453613088
741,4.811040735244751,0.02041467633896969,0.9249999940395355,0.00643037599493325
742,4.81109848022461,0.020489851398576953,0.9248745322227478,0.006495390165247106
743,4.811179733276367,0.02026006492041047,0.9247893154621124,0.00644213500336692
744,4.8115335464477536,0.020218738021030434,0.9247360169887543,0.0064349237093100035
745,4.811845779418945,0.020029041063241708,0.9245750963687897,0.0064008054866240924
746,4.811858224868774,0.020149879290927115,0.9244772493839264,0.006478510154682438
747,4.811873292922973,0.020255484496542027,0.9244032979011536,0.0065735863507479664
748,4.812030029296875,0.0198504966099722,0.9242387413978577,0.006419747349406858
749,4.812029314041138,0.019883744578554005,0.9240984976291656,0.006418155547754428
750,4.812079191207886,0.019767967986433828,0.9239746689796448,0.0063759860420718505
751,4.812057113647461,0.019914110390625458,0.9238670468330383,0.006422079229040462
752,4.812121725082397,0.019727180936560007,0.9238201916217804,0.006378161074071076
753,4.812354612350464,0.019620192303774504,0.9237291932106018,0.006369273937232526
754,4.8127764701843265,0.019389964849297687,0.9235355079174041,0.00632489663492677
755,4.812949752807617,0.019431311501435396,0.9235129594802857,0.006305340205993666
756,4.813056373596192,0.019551593714441835,0.9234539866447449,0.0063300084636192695
757,4.813108825683594,0.019488354153923207,0.9234174489974976,0.00631165741697552
758,4.8131458282470705,0.019897603079798657,0.9233449518680572,0.00649382817483926
759,4.813142442703247,0.019800516821900743,0.9232731282711029,0.006421151583478021
760,4.813074731826783,0.019872501399242574,0.9232163429260254,0.006433251253313489
761,4.813060140609741,0.0198011467902174,0.9231600761413574,0.006359853318044544
762,4.812997961044312,0.019934833250221964,0.9230686962604523,0.006332737633232746
763,4.81287522315979,0.019995316845549258,0.9230419933795929,0.0063446115386217835
764,4.812896251678467,0.01985863971513103,0.9229307889938354,0.006353489062194452
765,4.813105916976928,0.020005015917757874,0.9227432489395142,0.006397208122381073
766,4.813234663009643,0.019961654209117607,0.9226203858852386,0.006404320321996716
767,4.813123655319214,0.01987941065182353,0.9226100862026214,0.006381243095731138
768,4.813167095184326,0.019706675375463584,0.9225513279438019,0.006334218540603005
769,4.81312928199768,0.019864994777460794,0.9224930942058563,0.00637631704226988
770,4.813184976577759,0.019716642701795975,0.9223734915256501,0.006291172669129974
771,4.813170862197876,0.01958200270764609,0.9223165392875672,0.006273546984475145
772,4.8129767894744875,0.019418801551561934,0.9223146080970764,0.0062031503912952516
773,4.812885713577271,0.019527154473387764,0.9222584187984466,0.006243961891334868
774,4.812764263153076,0.019440879212776187,0.9221689224243164,0.006218537543016758
775,4.812923908233643,0.019365882485979757,0.9220061957836151,0.006135185022176506
776,4.812790870666504,0.0194066921093241,0.9219520330429077,0.0061816161548388674
777,4.8128198146820065,0.01938185940151094,0.9218716621398926,0.006201283969788433
778,4.812698459625244,0.019500389493677245,0.9218384742736816,0.006271076436953549
779,4.812803649902344,0.01942353509662201,0.9217195868492126,0.006238173524873338
780,4.812552642822266,0.019303513904621483,0.9217136383056641,0.006184737848243644
781,4.8125184059143065,0.019153455915380747,0.921609389781952,0.006100221359650702
782,4.812350463867188,0.019085377204236493,0.9216105043888092,0.006100724171610577
783,4.812088918685913,0.01901435474104898,0.921624606847763,0.006082631840498225
784,4.811997938156128,0.019202545008708504,0.9215867757797241,0.00613765612901491
785,4.8118757724761965,0.01906907185815163,0.9215428352355957,0.006048467703373503
786,4.811855125427246,0.018788229464481863,0.9214799582958222,0.005995909729272562
787,4.811835670471192,0.01900470311909122,0.9214495897293091,0.0060170472461137285
788,4.811940670013428,0.019181445198754758,0.9213175237178802,0.006053202752135454
789,4.81197600364685,0.01919688424244239,0.9212436616420746,0.006051118034780915
790,4.811743593215942,0.0192650058637547,0.9211577355861664,0.006118099138647714
791,4.8115785121917725,0.0191966403914771,0.9211354434490204,0.00608903756824099
792,4.811388874053955,0.019335537420535755,0.9211321473121643,0.006108753509809734
793,4.811187839508056,0.019400070727492207,0.9211163818836212,0.006227237936128996
794,4.811123704910278,0.019377983922651873,0.9210447788238525,0.006186357822992197
795,4.810974979400635,0.019578268510361607,0.9210108995437623,0.006255333693102205
796,4.810748529434204,0.01959438511254506,0.9209217607975007,0.006276170554029827
797,4.810696458816528,0.01972497353121339,0.920845627784729,0.0062536236304700735
798,4.810675382614136,0.019806207548443117,0.9208129346370697,0.0063028271961334936
799,4.810565996170044,0.01967399689265816,0.9207378208637238,0.006261637950943203
800,4.682255840301513,0.014721176703761689,0.93907989859581,0.00492862093027763
801,4.682474517822266,0.014676047090938985,0.9389711737632751,0.004990374099909041
802,4.683134508132935,0.014304663356882541,0.9387460708618164,0.0048543131801188685
803,4.683885288238526,0.014370711640192256,0.9384945392608642,0.004854950922547633
804,4.684367513656616,0.014189976819518314,0.9383333206176758,0.004823214107111708
805,4.6850872993469235,0.014222454809426086,0.9381355941295624,0.004798209120741804
806,4.686048698425293,0.014677106090719174,0.9379115700721741,0.004902862522146029
807,4.686901664733886,0.015077627632224625,0.9375285327434539,0.0050289830771079805
808,4.687410449981689,0.015020985797274608,0.9373959958553314,0.005019253726706134
809,4.687852573394776,0.014854715980423852,0.9373308300971985,0.0049794888911727465
810,4.6884458541870115,0.01459077132513184,0.9371543228626251,0.004905295326700314
811,4.689161396026611,0.014429994235445276,0.9368870735168457,0.0049281637931537494
812,4.689281177520752,0.014468189333486713,0.9367983758449554,0.004886847416935831
813,4.689545631408691,0.014175613643185009,0.9366648316383361,0.004771097251574447
814,4.689894485473633,0.014428514707637358,0.9366240918636322,0.004761891635202035
815,4.690035772323609,0.014483145336270821,0.9365747451782227,0.004658224468192212
816,4.690214347839356,0.014401204684043361,0.9364628434181214,0.004662749447229068
817,4.690342664718628,0.0143595029043844,0.9363791227340699,0.004671503097364898
818,4.690696907043457,0.014038289499203464,0.9362250387668609,0.004627275837650091
819,4.691004610061645,0.014117844982581338,0.9360549688339234,0.004663051599076143
820,4.691214370727539,0.014020998449353804,0.935948520898819,0.004638809982384494
821,4.6916216850280765,0.014289277623987138,0.9357643723487854,0.004709429110958643
822,4.692029094696045,0.014461906515160862,0.9355474233627319,0.00476225741937039
823,4.692338180541992,0.01432272474272836,0.9353762090206146,0.004733363507125096
824,4.6928808212280275,0.014377713809502835,0.9350603342056274,0.004803931342082123
825,4.693187141418457,0.014481296778633397,0.9349622786045074,0.004757050533213259
826,4.6932830810546875,0.014731463150218617,0.9348482191562653,0.004778025952060593
827,4.693309593200683,0.014736061522362332,0.9348117351531983,0.004642801059562403
828,4.693866348266601,0.014603539921598211,0.9346238195896148,0.004603580813460175
829,4.694359588623047,0.014560817443624032,0.9344211518764496,0.00458188524904631
830,4.6947023391723635,0.014498097421136141,0.934270691871643,0.004562831668421508
831,4.694954538345337,0.014438234319643311,0.9340803444385528,0.004490064719507666
832,4.695046520233154,0.01446098270752652,0.9339828252792358,0.004411623083052381
833,4.69536018371582,0.014629480763361426,0.9337631464004517,0.004471362404958254
834,4.695718145370483,0.014570841037986549,0.9336111068725585,0.004499837251194463
835,4.695859146118164,0.014423368879838479,0.9335419297218323,0.004494418869440251
836,4.695825862884521,0.014419653643814149,0.9335058152675628,0.00443300714801541
837,4.696132612228394,0.01459328329546389,0.9333815813064575,0.00441842599731707
838,4.696347904205322,0.014578538806710358,0.9333386659622193,0.004439637766169117
839,4.696626996994018,0.014549300313353695,0.9332165420055389,0.004445437453534893
840,4.697001647949219,0.014670183012165975,0.9330402374267578,0.00449595088656186
841,4.6974413871765135,0.01493971062774348,0.9328420460224152,0.004571466168954763
842,4.697710037231445,0.014919349740953143,0.9327164411544799,0.004578694104511676
843,4.6980555057525635,0.014986697227626484,0.9325842678546905,0.00453632938058958
844,4.698144149780274,0.014855754257006125,0.9324223637580872,0.004554020733540827
845,4.698316287994385,0.015053800757601985,0.9323470234870911,0.004622470481432269
846,4.69837007522583,0.015074714276238535,0.9322878181934356,0.004683452075014909
847,4.698321914672851,0.015005369354779117,0.9322598040103912,0.004676585057179592
848,4.698421001434326,0.01486192649701542,0.9321939706802368,0.0045647866595311445
849,4.698642683029175,0.014839129159555205,0.9320606112480163,0.004440535831653048
850,4.698941707611084,0.014707054539702658,0.9319360733032227,0.004485358807790802
851,4.699006748199463,0.014703894153917037,0.9318952560424805,0.004437302940904596
852,4.69899582862854,0.014444960402344085,0.9318249762058258,0.004426166483388955
853,4.698947143554688,0.014364626233338272,0.9317627847194672,0.004416216002980639
854,4.698915433883667,0.014241093618118976,0.9317307770252228,0.00436299805020062
855,4.699050664901733,0.014097298771913958,0.9316254436969758,0.004339785309919691
856,4.698941421508789,0.014301563546591761,0.9316310048103332,0.004365946939254308
857,4.6989898681640625,0.014454952004262974,0.9315198361873627,0.004486421880738221
858,4.698858213424683,0.014516057456741028,0.9314895510673523,0.004484144156213028
859,4.698914289474487,0.014639741894213331,0.9314306259155274,0.004522816366703237
860,4.698670053482056,0.01461465645570162,0.9314513802528381,0.004562793439056703
861,4.698752450942993,0.0147826901433525,0.9313502252101898,0.004615141062184289
862,4.698867082595825,0.01514879303994313,0.9312001049518586,0.004701389779985912
863,4.698884344100952,0.015184939829091713,0.9311790585517883,0.004752423282778632
864,4.698759984970093,0.015364788541542435,0.931066381931305,0.004775119333554914
865,4.698616027832031,0.015442256511682205,0.9310742259025574,0.004733912344983507
866,4.698522901535034,0.015373498167889207,0.9310330271720886,0.004709942452306945
867,4.698528671264649,0.015261742949672483,0.9309573471546173,0.0046501581567023175
868,4.698556327819825,0.015249746629860802,0.930854606628418,0.004628629191226417
869,4.698471355438232,0.015257130701957574,0.9307665765285492,0.004636995350911911
870,4.698420810699463,0.015159780314024688,0.9307205736637115,0.004629880359421245
871,4.698463106155396,0.015248261273742403,0.9306339025497437,0.0046756388761696145
872,4.698524618148804,0.015133839364246698,0.9305207252502441,0.004607326386107923
873,4.698528861999511,0.015018560231163164,0.9304288804531098,0.004556163287713756
874,4.69853458404541,0.01496539505933749,0.9303716242313385,0.004537299023316786
875,4.69853515625,0.015038220004621143,0.9303283095359802,0.004564827704018745
876,4.698307943344116,0.015231489144013458,0.9303188621997833,0.00464868259521503
877,4.698377895355224,0.015228567603834654,0.9302561283111572,0.0046210835494591256
878,4.698064184188842,0.015302400986637228,0.9302603721618652,0.004662472004222922
879,4.6979681015014645,0.0154280173610528,0.9302314817905426,0.004652199459492063
880,4.698030233383179,0.015438675573148236,0.9300908803939819,0.004679344966234335
881,4.697802209854126,0.0154947354228497,0.9300957500934601,0.004628851816233134
882,4.697749614715576,0.015676398572913117,0.9300352752208709,0.004640218100985962
883,4.697638368606567,0.01574515444383836,0.930027312040329,0.004687372327047339
884,4.697693777084351,0.015765595482405227,0.92993523478508,0.004659403242772835
885,4.697471618652344,0.015855889939418468,0.9299019694328308,0.004735023840182563
886,4.6973573684692385,0.016093061777543573,0.9298368334770203,0.004828655461374182
887,4.697224807739258,0.01611812673717204,0.9297594666481018,0.004825776945635482
888,4.697137451171875,0.01617736038768395,0.929676353931427,0.004853795101564708
889,4.697128486633301,0.016125106639370848,0.9295685291290283,0.004853127956239873
890,4.697066164016723,0.016224630647409075,0.929499500989914,0.004878750408468386
891,4.697077035903931,0.016202880207512434,0.929418432712555,0.004839683515847117
892,4.696973276138306,0.016180485470191738,0.9293317437171936,0.004814886303500079
893,4.696704006195068,0.016244334040273662,0.9293019473552704,0.004834432519520353
894,4.696581602096558,0.016397893423109263,0.9292101979255676,0.004830417384139162
895,4.696452951431274,0.016528966061396106,0.9291501462459564,0.0048470843192661844
896,4.696404075622558,0.016421379032663424,0.9291029095649719,0.004854314556484829
897,4.69648551940918,0.01671022937733275,0.9290191829204559,0.0048238854770506785
898,4.6962965965271,0.01687979304653943,0.928991186618805,0.004840636209718787
899,4.695962381362915,0.016742308017562543,0.9290000081062317,0.004763487728182543
900,4.571437168121338,0.010855808340735936,0.9472376763820648,0.002048716400924882
901,4.571867036819458,0.010818701178462196,0.9471169114112854,0.00206807965476544
902,4.572341680526733,0.010697067038364556,0.9469682097434997,0.0020441580555528964
903,4.5730384349822994,0.010527430190622468,0.946704363822937,0.002044320479023268
904,4.573531293869019,0.010775402155666228,0.9465310156345368,0.0021574768499962415
905,4.574045467376709,0.010936720410595829,0.9463694155216217,0.0021521716122669564
906,4.574185991287232,0.011177938911797681,0.9462767958641052,0.002166227813946079
907,4.575090837478638,0.011669084209104614,0.9460140883922576,0.0023060166647584997
908,4.575910902023315,0.01215919666165499,0.9457734525203705,0.0024681680530224672
909,4.576189184188843,0.01249236060205186,0.9456297039985657,0.002564042115011566
910,4.576682662963867,0.01287025930329855,0.9454316139221192,0.002641827115809462
911,4.577144622802734,0.012585863985552555,0.9453287482261657,0.0025587094314777573
912,4.577567195892334,0.013138967031036149,0.9451901733875274,0.002610470373993981
913,4.578008127212525,0.013293017777127132,0.9450165212154389,0.0027230411968430014
914,4.578274965286255,0.013419356438149708,0.9448905050754547,0.0028237225136478936
915,4.578849411010742,0.013448154860337175,0.944666188955307,0.0028190239012485987
916,4.57922248840332,0.01324842953080907,0.9444715082645416,0.002727935444290674
917,4.579493570327759,0.013139803260890153,0.9444225311279297,0.0027292704841584974
918,4.579695415496826,0.013072166466872903,0.9442582070827484,0.0027201952663915706
919,4.580161666870117,0.013482426445382237,0.9440868914127349,0.0028787651863763798
920,4.5806670665740965,0.013345392356796106,0.9438469767570495,0.002953941235955032
921,4.580832815170288,0.013068681101390544,0.9436886370182037,0.0028474016050580465
922,4.581142854690552,0.013004483612400064,0.9435582339763642,0.0028838236929789717
923,4.581294965744019,0.012864420292777696,0.9434466004371643,0.002846480444916793
924,4.581382751464844,0.012785114554089967,0.9434137940406799,0.0028586387392621794
925,4.5816882133483885,0.012981658452577325,0.9432441651821136,0.0029721028912175853
926,4.582256221771241,0.013275125253152938,0.9429655611515045,0.003063108354041516
927,4.5824846744537355,0.013317683343960784,0.942851084470749,0.0030330728277251817
928,4.582730627059936,0.01335417196368851,0.9427209913730621,0.003050057348183137
929,4.582769441604614,0.013198759681532673,0.9426929473876953,0.002981679073877812
930,4.5830238342285154,0.013380274680891974,0.9425650835037231,0.0030636940234500397
931,4.5834019660949705,0.013459135851670386,0.9423223674297333,0.0030578008340990076
932,4.583664131164551,0.013428201069000511,0.9421730458736419,0.0030034937522250057
933,4.583738803863525,0.013423141877727675,0.942156708240509,0.003004932003171347
934,4.583923578262329,0.013119480122986055,0.9420751690864563,0.0029335998052987602
935,4.583795213699341,0.013289148916429787,0.9420920133590698,0.003022431767339027
936,4.583931732177734,0.013441771852712033,0.9420116484165192,0.003111637645060265
937,4.636011075973511,0.12226778378669646,0.9203125,0.037158456211952025
938,4.632111215591431,0.05943816117871531,0.92109375,0.022836626321243496
939,4.6251462459564205,0.04802822734789738,0.9192708373069763,0.015959003611992262
940,4.628339672088623,0.04817016050759468,0.923046875,0.014029910153178116
941,4.633676290512085,0.04830604967395984,0.9228125035762786,0.013979300490521821
942,4.629585027694702,0.03875841835154054,0.921875,0.01063145940857501
943,4.619833087921142,0.03764954522701153,0.9234374940395356,0.009646829149764773
944,4.617369174957275,0.033331180265860495,0.9244140625,0.008737066489255643
945,4.612531995773315,0.030952650547336504,0.9260416567325592,0.008897752768584831
946,4.61212682723999,0.029666592832102465,0.9264062464237213,0.007196167756179164
947,4.610901308059693,0.024144942845768055,0.9262784123420715,0.00743989169907379
948,4.609358549118042,0.019879259058963726,0.9264322996139527,0.007320798067278296
949,4.609784030914307,0.016270251513586624,0.9262019157409668,0.006684823465902997
950,4.609239530563355,0.016718134689140133,0.9258928537368775,0.006679867930978865
951,4.613345670700073,0.018468372135966034,0.9238541603088379,0.006335263463824063
952,4.612813091278076,0.020748654631801013,0.92470703125,0.00608035972066475
953,4.6100426197052,0.02070943005353273,0.9250919103622437,0.0061312851643997735
954,4.609298753738403,0.021723824471693878,0.9250000059604645,0.006086034452566483
955,4.609892749786377,0.022974511265168193,0.9243421137332917,0.0057891211316762345
956,4.609245681762696,0.025451572784791137,0.9247656226158142,0.006870752446981614
957,4.610021734237671,0.024705644471900025,0.9246279835700989,0.006245372361176796
958,4.6096031665802,0.02432287113557499,0.9247159004211426,0.006209703284684749
959,4.606811904907227,0.025603126474404877,0.925339674949646,0.006605579451758699
960,4.606042051315308,0.029000064629611914,0.9252604186534882,0.00767750660624855
961,4.608301210403442,0.03091007757150588,0.9240625023841857,0.007901575654291575
962,4.607483053207398,0.029003218720685925,0.9243389308452606,0.007438609202343259
963,4.606277561187744,0.028120679693992824,0.9243055582046509,0.0071180338163802205
964,4.607052421569824,0.029053246566422324,0.9240513384342194,0.007249458177216286
965,4.605760192871093,0.028880466984278718,0.9242995738983154,0.007586816428269833
966,4.604857778549194,0.029165252052574912,0.924322909116745,0.0076074551600684845
967,4.604469966888428,0.028841479195554184,0.9243951618671418,0.00707242448757761
968,4.603801822662353,0.027563708814838595,0.924462890625,0.006510620114008688
969,4.6038824081420895,0.026129852529831552,0.9243844747543335,0.0061453863727187015
970,4.602987432479859,0.02735604848931953,0.9240349233150482,0.0066774137874737296
971,4.602644586563111,0.02667365084239568,0.9237053513526916,0.006353487658850859
972,4.603276348114013,0.02499129530170248,0.9233941018581391,0.006142336120402302
973,4.602683973312378,0.025385846634174293,0.9233952760696411,0.006317862364981274
974,4.601096773147583,0.025288307213731313,0.923807567358017,0.006408405477339725
975,4.600615644454956,0.024353030132323032,0.9236378192901611,0.00634930485495893
976,4.599660158157349,0.02358065916941619,0.9238281130790711,0.005764562368491354
977,4.5987804412841795,0.0229028213384692,0.9238185942173004,0.005855772731534598
978,4.599281263351441,0.02227771137398688,0.9237723171710968,0.005785878795935214
979,4.597967290878296,0.022340315991244263,0.9239825546741486,0.005818488307158451
980,4.598433208465576,0.02347486383015123,0.9237571060657501,0.005991610191575336
981,4.597463798522949,0.023183903470184633,0.9236111104488373,0.005933328337972806
982,4.598395109176636,0.022601740923563887,0.923097825050354,0.006162594350559446
983,4.597452211380005,0.02198482193544155,0.9234375059604645,0.006126113741926348
984,4.597360754013062,0.02200405763254167,0.9232096374034882,0.006129345538695262
985,4.596766185760498,0.02145031952124865,0.9232780635356903,0.006123039580563146
986,4.595737934112549,0.021836226521843517,0.9232812464237213,0.006259106049029687
987,4.595642995834351,0.02236479082455861,0.9230085730552673,0.00611220400062802
988,4.59483380317688,0.022234389291440494,0.9229867815971374,0.0061580997005519274
989,4.594852256774902,0.02231685157756322,0.9228773593902588,0.00615145200380186
990,4.594253873825073,0.02216240886082891,0.9229166686534882,0.0060835810144499874
991,4.5939921855926515,0.020846019513882003,0.9226988673210144,0.005715576537138791
992,4.592735815048218,0.020196198166605058,0.9227957665920258,0.00548664280201678
993,4.592290544509888,0.020205441205059443,0.9226425468921662,0.005272530716433005
994,4.592082452774048,0.02009781624840756,0.922548484802246,0.00528098077297238
995,4.59155387878418,0.019452853985534976,0.9226959764957428,0.005169214600313075
996,4.5907069683074955,0.019922386250943933,0.9227864563465118,0.005241864503263645
997,4.590064477920532,0.019287809012761954,0.9227971315383912,0.004973049211385144
998,4.5893138408660885,0.01881788029591268,0.9229334712028503,0.00498088743596454
999,4.588924789428711,0.018173315030118913,0.9228918671607971,0.005108889688458951
1000,4.477463722229004,0.010711615062442111,0.9496820390224456,0.003948032130247869
1001,4.477626657485962,0.010697676678943445,0.9496248006820679,0.004060286898786134
1002,4.47851676940918,0.010669852808042512,0.9494014918804169,0.004009595461937852
1003,4.4788885593414305,0.010632984056845447,0.9492784738540649,0.004030378962142432
1004,4.4796467304229735,0.010688144325503066,0.9490697741508484,0.004030148848463874
1005,4.4799881935119625,0.010711561622103218,0.9489888250827789,0.004061720775748532
1006,4.480492353439331,0.010521140746276376,0.9487365901470184,0.003963862701673269
1007,4.480851554870606,0.01038567903894562,0.9485635459423065,0.003962097905635618
1008,4.481476640701294,0.010503689599387505,0.9483358502388001,0.0039967410831758116
1009,4.481748247146607,0.010744457544833693,0.9481860876083374,0.004082802385485309
1010,4.481826829910278,0.010772505335165942,0.9481688976287842,0.004031719424266497
1011,4.482134866714477,0.010626221451487654,0.948068356513977,0.00397896229005726
1012,4.482584381103516,0.010715291220705275,0.9478674292564392,0.004061586673811269
1013,4.4827629089355465,0.010644437879328412,0.9477973520755768,0.003987530511762382
1014,4.482740259170532,0.01070603395600793,0.947828471660614,0.004032013968810665
1015,4.482814073562622,0.010740571978936487,0.9477503716945648,0.004066414521910001
1016,4.48285436630249,0.011066617541060428,0.9477272808551789,0.004127916684725982
1017,4.483161067962646,0.010982306220334139,0.9475878715515137,0.004079130977713052
1018,4.483071374893188,0.010626912368214593,0.9475838124752045,0.003944402955898877
1019,4.483250141143799,0.010734584796436006,0.9475354552268982,0.00396196478919841
1020,4.483346033096313,0.010833342164227594,0.9474083185195923,0.004002757997592399
1021,4.483720445632935,0.010922710142486181,0.9472475528717041,0.004030100109480302
1022,4.484068107604981,0.010826223127579452,0.9470885634422302,0.004060185153581213
1023,4.48409481048584,0.010846539219785312,0.9470266997814178,0.004069265891989884
1024,4.484383392333984,0.010847969402378161,0.9468965470790863,0.004044488560880226
1025,4.484327507019043,0.010919266948698332,0.9468878626823425,0.004079604351063948
1026,4.484858465194702,0.01100614925165295,0.9466660976409912,0.004093011743234286
1027,4.48505163192749,0.011080444303688436,0.946565467119217,0.004080837014333859
1028,4.485489273071289,0.011102006993137282,0.9463478446006774,0.004148951629755462
1029,4.48562593460083,0.011254958375571633,0.9462583899497986,0.004252620792805707
1030,4.486049699783325,0.011075676147169028,0.9460781037807464,0.004274594479838515
1031,4.486260509490966,0.010970391356597968,0.9459661483764649,0.004274543572158873
1032,4.4862432956695555,0.010859543803302854,0.9459048867225647,0.004217951210430408
1033,4.486596870422363,0.010470667401539303,0.9457703590393066,0.004055024884789578
1034,4.486851453781128,0.010082251691859135,0.9456535995006561,0.003935122142075028
1035,4.48700590133667,0.010087491844177189,0.9455299079418182,0.003914475669311902
1036,4.48688702583313,0.010122729408482158,0.945528781414032,0.003968351137810299
1037,4.487014436721802,0.010226301703353027,0.945479416847229,0.004014691294545919
1038,4.487537574768067,0.01000484392540344,0.9453024983406066,0.003979740816129477
1039,4.488036346435547,0.009988430138319761,0.9451433062553406,0.003960132324178838
1040,4.488351535797119,0.00974159796869643,0.9450015783309936,0.003876196946904021
1041,4.488351106643677,0.00996543759574695,0.9449873864650726,0.0039975972355369505
1042,4.488375949859619,0.009869260412588404,0.9448713898658753,0.0039630809825988
1043,4.48862657546997,0.010228060153540771,0.9447487533092499,0.004020652148063043
1044,4.488859844207764,0.010320085139562743,0.9446117997169494,0.0040304918551076
1045,4.488931798934937,0.010222174254078818,0.9444839239120484,0.003995648608589963
1046,4.48901400566101,0.010322768176687029,0.9444034457206726,0.004005206147230073
1047,4.489164686203003,0.01017460741180295,0.9442472457885742,0.003911839218447088
1048,4.489713048934936,0.010341460954725235,0.9439859926700592,0.003831926008170783
1049,4.4896612644195555,0.010356687832378912,0.9439166605472564,0.003821905777605528
1050,4.48963098526001,0.010300290790309948,0.9438857078552246,0.0037657549795855885
1051,4.489822435379028,0.010138987400873902,0.9437575101852417,0.003684739474136063
1052,4.490059280395508,0.01027117203402711,0.9435931861400604,0.00370528868285635
1053,4.490101909637451,0.010317460707138874,0.9435270428657532,0.0037312199709936644
1054,4.49010739326477,0.010423008103122458,0.9433949649333954,0.0037854675537584057
1055,4.4901055812835695,0.010560104899168898,0.9433524787425995,0.003813412223156994
1056,4.490079593658447,0.010465926795435227,0.9432957231998443,0.0038262457497011213
1057,4.489915752410889,0.010378669879783654,0.9432686805725098,0.00377128741062824
1058,4.489735651016235,0.01043476078694145,0.9432636499404907,0.0037968222152524387
1059,4.489732980728149,0.010548394215282782,0.9431791782379151,0.0038567548445917472
1060,4.489795160293579,0.010564377409348314,0.9430883228778839,0.003831039344950091
1061,4.48985447883606,0.01048678828581151,0.9429911255836487,0.0037934074860718385
1062,4.489919948577881,0.010620673478666423,0.9429233193397522,0.003868163536692198
1063,4.489921283721924,0.010643591833307145,0.9428419351577759,0.0038775900488328737
1064,4.489995098114013,0.010687913322560529,0.9427612900733948,0.00385708805187149
1065,4.49002628326416,0.010659487739668008,0.9426954567432404,0.003856325648713554
1066,4.489873838424683,0.010592311374773811,0.9426441848278045,0.003798832383399963
1067,4.489754390716553,0.010547426941930275,0.9425236880779266,0.0037776231766008255
1068,4.4896564960479735,0.010431662504800444,0.9424666941165925,0.003767363896913482
1069,4.489597320556641,0.010400386790690313,0.9424240291118622,0.0036999122093753613
1070,4.489800453186035,0.010277710961022419,0.9423198521137237,0.0035870096563245584
1071,4.489694738388062,0.010263267004907616,0.9423261284828186,0.0035808719905355176
1072,4.489808368682861,0.010274205212147398,0.9421823859214783,0.0036465355981736766
1073,4.489806985855102,0.010186828713697783,0.9421620547771454,0.0035377666748314975
1074,4.489804697036743,0.010155456403481204,0.9420878291130066,0.0035426287279648585
1075,4.489712524414062,0.010076026860974049,0.9420411705970764,0.003543983484332468
1076,4.4897740364074705,0.009997867566402639,0.94187433719635,0.0035517149956776264
1077,4.4897161483764645,0.009896698438740243,0.9418089687824249,0.003478087457313125
1078,4.489775371551514,0.009841876285544279,0.9416976511478424,0.0033933254383911415
1079,4.4896973133087155,0.009831404511591306,0.9416335999965668,0.003387211073143328
1080,4.489617872238159,0.009972965020520171,0.9416030049324036,0.0033968336767566847
1081,4.489539909362793,0.010181198509210421,0.941598904132843,0.0034751467141986227
1082,4.48938946723938,0.010274384889018396,0.941588294506073,0.003470323816615332
1083,4.489420175552368,0.0104570285783587,0.9415322601795196,0.0035488274008699814
1084,4.489505672454834,0.010409211254207533,0.9413924753665924,0.003524940431350072
1085,4.489535188674926,0.010398531604508675,0.9413441717624664,0.0035358245553384466
1086,4.4893584728240965,0.01050535987498705,0.9413026690483093,0.003632110910563607
1087,4.489419746398926,0.010499861327316616,0.941197544336319,0.003639533421558832
1088,4.489538764953613,0.010486825592495055,0.9410932779312133,0.003659552576601908
1089,4.489402389526367,0.0104068330401446,0.9410786867141724,0.0036283166160618894
1090,4.489362144470215,0.010435244183405707,0.941001009941101,0.0036260237365843806
1091,4.489064264297485,0.010500529110784229,0.9410309731960297,0.0036164465573546275
1092,4.489260721206665,0.010661406045241182,0.94092276096344,0.0036222142029163004
1093,4.489193630218506,0.010758518746269279,0.9408528983592988,0.0036524725520107946
1094,4.489124059677124,0.010605668976930141,0.9408208906650544,0.0036102122993005034
1095,4.489054155349732,0.010675464268055062,0.940751987695694,0.0036344525385239874
1096,4.488937711715698,0.010928050246840511,0.9407021164894104,0.0037141316696642597
1097,4.488876008987427,0.011025744010153124,0.9406403660774231,0.003774982829113509
1098,4.488699436187744,0.011224476812735898,0.9406464219093322,0.003835051248719107
1099,4.488734006881714,0.011369844291847741,0.9406463384628296,0.00390478469491414
1100,4.3813426971435545,0.0102425236476156,0.9537062764167785,0.0025700405519571007
1101,4.381973600387573,0.010822372361110133,0.9534853816032409,0.002673970224446331
1102,4.382154321670532,0.010809977961328942,0.9533948183059693,0.00263476277254311
1103,4.382599782943726,0.010476901384063715,0.9532273828983306,0.0025525545964563733
1104,4.383307647705078,0.010519870494882419,0.953013563156128,0.0027877027919880246
1105,4.3834497928619385,0.01065868200847178,0.9530046284198761,0.002809486670839224
1106,4.384178924560547,0.010349545027758969,0.9527469396591186,0.0026917052276196054
1107,4.384761047363281,0.010804752697912782,0.9524733662605286,0.002842644228113925
1108,4.385454320907593,0.011261407474469937,0.9522976636886596,0.00292055141761591
1109,4.385830354690552,0.011328577318844485,0.9522180497646332,0.0029830186540733025
1110,4.386086940765381,0.011224704548070504,0.9520926713943482,0.002994968329125185
1111,4.3865790367126465,0.01124097029246176,0.9519409358501434,0.0029653988057897177
1112,4.386888217926026,0.010948892723297915,0.9517817676067353,0.00288317021707433
1113,4.387127304077149,0.011021252095571109,0.9516611635684967,0.0029971187797027273
1114,4.387447690963745,0.011192869826106427,0.9515784740447998,0.003065913659296357
1115,4.387963342666626,0.011290814653817078,0.9514151036739349,0.0029749955791306838
1116,4.388230323791504,0.011211295958212006,0.9513257563114166,0.0029681369135027835
1117,4.38898606300354,0.011032410339491218,0.9510939598083497,0.002944497260007628
1118,4.389021205902099,0.011079814444007546,0.9510609865188598,0.0029574858864665496
1119,4.38921217918396,0.011073522439626693,0.950957453250885,0.002925324179663597
1120,4.3891956329345705,0.01110243861943874,0.9509520471096039,0.002941705397285291
1121,4.389757966995239,0.010925689093469226,0.9507275581359863,0.0029444859699861935
1122,4.389996194839478,0.010775051760224903,0.9506101787090302,0.002994406298342725
1123,4.390238189697266,0.010573996044778754,0.9505027711391449,0.0029975821628874916
1124,4.390610074996948,0.010715846098203252,0.9504051625728607,0.00295992318254324
1125,4.390659809112549,0.011066062659866694,0.9504200994968415,0.0030222573603538344
1126,4.391026973724365,0.010883629162447273,0.950289911031723,0.0029430125658423353
1127,4.391342353820801,0.010862792221648534,0.9501356780529022,0.0029795276956446058
1128,4.391492080688477,0.011113922247740557,0.9499831318855285,0.0029900154303014724
1129,4.391715383529663,0.011125116431820818,0.9499077081680298,0.003033951465578486
1130,4.391848707199097,0.011123240635917173,0.9498247563838959,0.003080563773886285
1131,4.392286682128907,0.010883060080735274,0.949717789888382,0.003069880784693227
1132,4.392639875411987,0.010455836764269746,0.9495789289474488,0.0029839689332758785
1133,4.392719459533692,0.01036968252426293,0.9495072305202484,0.002979317302457123
1134,4.392833518981933,0.010493908479967397,0.9494117617607116,0.002920883118714008
1135,4.393214511871338,0.010779797715647315,0.9492929100990295,0.002995647512266839
1136,4.393114614486694,0.010844930426212134,0.9492884874343872,0.0029540347085184964
1137,4.3934589385986325,0.011037619705295437,0.949147355556488,0.0031199066550985084
1138,4.393562269210816,0.011091988084980943,0.9490636825561524,0.003174060229162691
1139,4.393525171279907,0.010953928735366825,0.9489968180656433,0.003092985350214709
1140,4.393646717071533,0.010821637179897026,0.9489226877689362,0.002992669329962531
1141,4.39376277923584,0.011075159697647372,0.9488414168357849,0.0030697021866533634
1142,4.393906545639038,0.011070112013218713,0.9487374603748322,0.0029483528563404035
1143,4.394135332107544,0.011318953187850691,0.9486267149448395,0.0030392235200028734
1144,4.3942900657653805,0.011184851473769231,0.9485248446464538,0.002996709316865211
1145,4.394437265396118,0.011392086472911456,0.9484085261821746,0.0030402210622445408
1146,4.394443702697754,0.011403144178859546,0.9483856081962585,0.0029886597453990973
1147,4.394425535202027,0.011510188859448958,0.948339968919754,0.002892188157211233
1148,4.394321298599243,0.011505687698416426,0.9483023762702942,0.0028292316467343026
1149,4.394388866424561,0.011687917364629857,0.9482348382472991,0.0029639272745642783
1150,4.3944714069366455,0.01182359050329158,0.9481302738189697,0.0029832690478701586
1151,4.3944696426391605,0.011760025831968687,0.9480342149734498,0.002927818588317716
1152,4.394502878189087,0.011849213078299206,0.9479241371154785,0.0029383790116337205
1153,4.394209861755371,0.011845550302955945,0.9479711592197418,0.00297873342395062
1154,4.394112873077392,0.011789124268217705,0.9479511797428131,0.002994525001377954
1155,4.39421820640564,0.011631484433759358,0.9478798508644104,0.003001547630030169
1156,4.394252347946167,0.011467171763870632,0.9477798998355865,0.0029804857125639594
1157,4.3940855979919435,0.011383888656524907,0.9477756738662719,0.0029291729169791786
1158,4.394121932983398,0.011483374247217938,0.947713416814804,0.0029632957960317504
1159,4.394105720520019,0.011438456665003654,0.9476589620113373,0.0030014652538918403
1160,4.394049215316772,0.011404445987766715,0.9476050019264222,0.0029606101301001622
1161,4.39409294128418,0.011591249818268232,0.9475730299949646,0.0029297470587936977
1162,4.394240522384644,0.011868082004455863,0.9474700689315796,0.0029671180925964786
1163,4.394198894500732,0.011793602158602498,0.947431892156601,0.0029330307351219027
1164,4.394386434555054,0.011587172363537778,0.9473517000675201,0.002898301813759251
1165,4.394367504119873,0.011482544318369226,0.9472933173179626,0.0029209795433787896
1166,4.394121599197388,0.011540019188689932,0.9473124325275422,0.0028801907083891272
1167,4.394113445281983,0.011574182341024367,0.947240799665451,0.002874872075923299
1168,4.394192695617676,0.011987902458017783,0.9471698224544525,0.002984537654174281
1169,4.393957853317261,0.01189280838866662,0.947147786617279,0.003005004911191127
1170,4.394082975387573,0.011878655451854334,0.9470365822315217,0.003071148185397241
1171,4.394050407409668,0.011782943577831698,0.9469742596149444,0.00309949481174653
1172,4.394136428833008,0.011747379131002218,0.946905666589737,0.0031254972296980875
1173,4.3942710876464846,0.011625872232235683,0.9467833995819092,0.003125185154716223
1174,4.394122123718262,0.011654122572984064,0.946750009059906,0.0031667069282716735
1175,4.3942163467407225,0.011538312862489266,0.9466159760951995,0.0031653071142896914
1176,4.3942383289337155,0.011518424306196151,0.9465969979763031,0.0031335743458259526
1177,4.394376945495606,0.011502805161853953,0.9464647889137268,0.0031251601640163037
1178,4.394096374511719,0.011415619786469537,0.9464798033237457,0.003117959617881834
1179,4.394007825851441,0.01141923670752483,0.9464351832866669,0.0031229685503131746
1180,4.394108867645263,0.011183203603739639,0.9463316559791565,0.0030772456197788725
1181,4.394214773178101,0.011444055398357654,0.9462814807891846,0.0031136856568363884
1182,4.394085168838501,0.011470019333591394,0.9462121248245239,0.003117543778554269
1183,4.394142103195191,0.011592966757347367,0.9460978269577026,0.0031698242739752604
1184,4.394064092636109,0.011577903064174567,0.9460557043552399,0.003151158351837455
1185,4.393938589096069,0.011430359571824197,0.9460139334201813,0.003099708871571477
1186,4.3939603805542,0.011494846023481612,0.9459468185901642,0.0030485941895615955
1187,4.39379243850708,0.011344830524856318,0.9459442138671875,0.003020316370232613
1188,4.393775224685669,0.011308302853556315,0.9458524405956268,0.002998899362441642
1189,4.393916654586792,0.011236986088697972,0.9456725895404816,0.0030204373776892557
1190,4.393923234939575,0.011233262211594486,0.9456016302108765,0.003002902016507408
1191,4.3938316822052,0.011244593855694117,0.9455249309539795,0.002978923995249626
1192,4.39384617805481,0.011220755428473547,0.945455116033554,0.0030151712186927714
1193,4.39362530708313,0.011215216771656013,0.9454233288764954,0.003050644515093919
1194,4.393496799468994,0.011247120405175197,0.9453855752944946,0.003051812737401316
1195,4.393427896499634,0.011102431358843725,0.9453543186187744,0.0030091186842779176
1196,4.393215465545654,0.011049580352480728,0.9453479766845703,0.0030058390058938936
1197,4.39302167892456,0.011127094334609063,0.9452863812446595,0.0030369183758737718
1198,4.392930269241333,0.011108892648921233,0.9452375054359436,0.0030260012663552915
1199,4.392980098724365,0.011169173747770962,0.945109748840332,0.003039250508721513
1200,4.295435762405395,0.00952094558049199,0.95441175699234,0.0023531534670944276
1201,4.295965480804443,0.00928920619687418,0.9542950212955474,0.002323246223783812
1202,4.296176815032959,0.009236535712564472,0.954228800535202,0.002294169759884474
1203,4.296499919891358,0.009058071927370364,0.9541341602802277,0.002256071264106807
1204,4.2966821670532225,0.009000513414491249,0.9540019392967224,0.0022637743735117594
1205,4.297068881988525,0.00915623349160612,0.9538809835910798,0.002271874378220939
1206,4.297281694412232,0.009131110673610401,0.9538093447685242,0.0022537843022880336
1207,4.297819566726685,0.008943909649733206,0.9536624789237976,0.0021989462277874875
1208,4.297914457321167,0.009067263595041024,0.9535930514335632,0.002165716312695892
1209,4.298094367980957,0.008966603711408462,0.9534868359565735,0.002093827438342309
1210,4.298297500610351,0.008973390498141408,0.953419280052185,0.002127730751672548
1211,4.298594999313354,0.009094256872818647,0.9532875180244446,0.0021199703242472203
1212,4.298913621902466,0.009264422405464991,0.9532034635543823,0.002175293525188145
1213,4.299139833450317,0.00943526595330793,0.9532030105590821,0.0021956045484757833
1214,4.299555921554566,0.009237469659107498,0.953102195262909,0.002142813230464844
1215,4.299792242050171,0.009098730728614132,0.9530297517776489,0.0020759489859630597
1216,4.299777412414551,0.009243592354418087,0.9530212879180908,0.0021019855848698208
1217,4.300129032135009,0.009401050246598703,0.9528963446617127,0.0021632849953637516
1218,4.300225019454956,0.009399616237286247,0.9528352320194244,0.0021879690867657262
1219,4.300285768508911,0.009494962547942151,0.9527748167514801,0.0022208616137290665
1220,4.300447559356689,0.009424694257334842,0.952697467803955,0.0022177624423672677
1221,4.300569105148315,0.009412520256984178,0.9525946795940399,0.0022987952803041056
1222,4.300905704498291,0.009231238648312538,0.9524843037128449,0.002241077973942356
1223,4.301227998733521,0.00926151149383038,0.9523491621017456,0.002275946739872019
1224,4.301478099822998,0.00926658137491659,0.9522155165672302,0.002261565505588538
1225,4.301534366607666,0.009286423283639274,0.9521519243717194,0.0022365617530460884
1226,4.301550674438476,0.009342695482723692,0.9520975410938263,0.0021908210188894034
1227,4.301725101470947,0.009214251790731562,0.951950478553772,0.0021461982225739777
1228,4.302055501937867,0.00906922996386495,0.9518387258052826,0.002155157210723711
1229,4.302238321304321,0.008883068750995924,0.9517281770706176,0.0020949633848421777
1230,4.302288961410523,0.008908678031009391,0.9517106115818024,0.0020811220050722724
1231,4.302544832229614,0.009187788355103145,0.9515604197978973,0.0022165479063742735
1232,4.302684926986695,0.009173975467569592,0.9514778792858124,0.0022047868915195893
1233,4.30280442237854,0.009009898945469351,0.9514126181602478,0.0021743742405952557
1234,4.302859258651734,0.008822761210130352,0.9513317048549652,0.0021101958938040707
1235,4.30319561958313,0.008495694521199504,0.9512353718280793,0.0020204448804592126
1236,4.303607320785522,0.008444458891097862,0.9510753571987152,0.001986900530683455
1237,4.303855848312378,0.008389216363695447,0.9509330809116363,0.0019637388957942183
1238,4.304132127761841,0.008375004703562844,0.9507682383060455,0.0019728042712566047
1239,4.304401636123657,0.008405701935047976,0.9507643282413483,0.0020268099034973083
1240,4.304695415496826,0.008315277751857258,0.9505545020103454,0.002043538105550104
1241,4.304806470870972,0.008480162014129563,0.9504728853702545,0.0020485783680863107
1242,4.304723834991455,0.00843412960434802,0.9504313111305237,0.0020504113608302444
1243,4.304860305786133,0.008635405887198183,0.9503433227539062,0.00205561066290237
1244,4.304735803604126,0.008582109821717995,0.9503260910511017,0.00194832447206146
1245,4.304904937744141,0.008337835187126701,0.9502163112163544,0.0018506429260413703
1246,4.30480318069458,0.008285217999038265,0.9501845061779022,0.0018087124398145336
1247,4.30493688583374,0.008329707578446597,0.9501224040985108,0.0017831623420685883
1248,4.3049156665802,0.008455963774723848,0.9500685214996338,0.0018048566865033837
1249,4.304893112182617,0.008190247021607337,0.950022715330124,0.0017312426753478668
1250,4.304994916915893,0.008239482569092524,0.9499170780181885,0.0018295516258717852
1251,4.304913330078125,0.008387836675171956,0.9498799502849579,0.0018544632871652176
1252,4.305023908615112,0.008266569849396584,0.9497685134410858,0.0018382141521892956
1253,4.304933404922485,0.008082177988818664,0.9497398853302002,0.0017541294352784941
1254,4.305103540420532,0.007938172669555895,0.94962278008461,0.0016654096874547176
1255,4.305068778991699,0.008035179735481422,0.9495803892612458,0.001673841609244696
1256,4.304973459243774,0.008009806088951264,0.9495750427246094,0.001618155840059274
1257,4.304958152770996,0.008057622455742304,0.9495332598686218,0.0016491202616013367
1258,4.304897308349609,0.007974383468060961,0.9494846045970917,0.0016526446949060736
1259,4.304907703399659,0.00816396900523409,0.9494580924510956,0.0017398634255922094
1260,4.304815149307251,0.008156645821636091,0.9493958592414856,0.0017621051971124036
1261,4.304822540283203,0.008084526297892978,0.9492840766906738,0.0017380492989425257
1262,4.304840707778931,0.008080449323190894,0.9492089509963989,0.0017215711381855666
1263,4.304970169067383,0.007953815927175195,0.9490848422050476,0.0016967024907972468
1264,4.304901504516602,0.008016471832730413,0.9490536749362946,0.0016795461939754107
1265,4.304833984375,0.00776595936764054,0.9489876389503479,0.0015485195108535456
1266,4.304778432846069,0.007755149293983878,0.9489151656627655,0.0015324667809812165
1267,4.304699182510376,0.007868256428780784,0.9488921463489532,0.001553259314190936
1268,4.304654264450074,0.007762763566056082,0.948737508058548,0.001560045022024421
1269,4.304664039611817,0.008240739217142952,0.9486740291118622,0.0016007875002451953
1270,4.304516935348511,0.008325574609695066,0.9486523628234863,0.0016283104243245557
1271,4.304398870468139,0.008348867501341398,0.9486308932304383,0.0017249491843733665
1272,4.304353952407837,0.008426496061317503,0.9485823333263397,0.0017516327269768578
1273,4.304325914382934,0.008769867936994396,0.9485138475894928,0.00184991423101949
1274,4.304415321350097,0.008799122137680531,0.9483783662319183,0.0018854441253666854
1275,4.304324436187744,0.008752926152562275,0.9483180940151215,0.0018772785527869152
1276,4.304259252548218,0.008829292179614432,0.9482650101184845,0.0019080943773663467
1277,4.304021596908569,0.00878098824656598,0.9482924282550812,0.001879749477910256
1278,4.303964328765869,0.008449502095757897,0.948259836435318,0.0018151645331551123
1279,4.303718757629395,0.00859096269535046,0.9482738077640533,0.0018297809625183934
1280,4.3037690162658695,0.008544678778019033,0.9481691241264343,0.001801206084200047
1281,4.3037285804748535,0.008543893245653168,0.9481440246105194,0.0017877927308338432
1282,4.303462982177734,0.008482496720213896,0.9481452405452728,0.0017613125948338793
1283,4.3032714366912845,0.008462482886818229,0.9481334507465362,0.0017502816311228558
1284,4.303470468521118,0.008577869403539069,0.9480375647544861,0.0017195535231629671
1285,4.303391218185425,0.008520571572039934,0.9479876160621643,0.0016861147924703789
1286,4.303418302536011,0.00878770558200868,0.9479059517383576,0.0017842324923918868
1287,4.303430891036987,0.008999106241643122,0.9478441715240479,0.0018457263042975477
1288,4.303395175933838,0.00910254484029452,0.9477446436882019,0.0019634156533172007
1289,4.3032567501068115,0.009094373616483782,0.9477347731590271,0.0019577856297623417
1290,4.3033177852630615,0.008899155045556209,0.9476112306118012,0.0018993659569927206
1291,4.303212356567383,0.008846868194351624,0.9475453197956085,0.0019056684294979068
1292,4.302951955795288,0.00889747980465277,0.947548896074295,0.0019508599450394173
1293,4.302788543701172,0.008940588650085807,0.9475149869918823,0.0020054058984506225
1294,4.302817678451538,0.009225024417796927,0.9474315881729126,0.0020692419288232916
1295,4.3026535987854,0.009028196318258734,0.9473798334598541,0.0020218226432032857
1296,4.3024131774902346,0.008978581052434651,0.9474025130271911,0.0020280714756779742
1297,4.3021265983581545,0.008921161290554981,0.9474311649799347,0.0019831964869483124
1298,4.301896810531616,0.008791832849371097,0.947410625219345,0.0019259550555899504
1299,4.3017607688903805,0.00871604507133418,0.9473414540290832,0.0018886460082458345
1300,4.2027160167694095,0.00857258869780853,0.9586148619651794,0.0023487038548645083
1301,4.202913904190064,0.008240486706586054,0.9585703074932098,0.0022987692991980296
1302,4.203369903564453,0.00832733742878423,0.9584281802177429,0.0023629803793323093
1303,4.203929376602173,0.008569529372607418,0.958317083120346,0.0023143360278007766
1304,4.2044140815734865,0.008698203034707419,0.9581395387649536,0.002342119544683107
1305,4.2048615455627445,0.008533669647429649,0.9579930543899536,0.0023762221564386527
1306,4.205175876617432,0.008542282249903742,0.9579153954982758,0.0023204713299058203
1307,4.205261087417602,0.008510875396841056,0.9578481614589691,0.0023152278871334695
1308,4.205952262878418,0.008519401196348031,0.9576021194458008,0.002382130083851774
1309,4.206152868270874,0.008578501005239757,0.9575375974178314,0.002387465403258786
1310,4.206761121749878,0.008342181976780823,0.9573804199695587,0.002337364326112442
1311,4.2071067810058596,0.008338893355350565,0.9572529733181,0.002322744725400825
1312,4.207510137557984,0.008507464610453364,0.9571454882621765,0.0023760264675440693
1313,4.207481002807617,0.008577744047288366,0.9571494102478028,0.00243643526283532
1314,4.207796859741211,0.00848099618185455,0.9570073068141938,0.0023678888547182244
1315,4.20831036567688,0.008405172010153483,0.9567851960659027,0.002298098702809855
1316,4.208662319183349,0.008632752273500223,0.9566919147968292,0.0023701016239809276
1317,4.208887052536011,0.008716227020912647,0.9565997064113617,0.0023912032445816567
1318,4.209159517288208,0.008823152869041721,0.9565531432628631,0.002426846071132066
1319,4.209347915649414,0.008801423950268472,0.956489360332489,0.0023728381928230726
1320,4.209396553039551,0.008801832951977881,0.9563998579978943,0.0023995118020032234
1321,4.209598779678345,0.00846494757310998,0.9563288927078247,0.002333439298189927
1322,4.210184621810913,0.007971162153983415,0.9561715543270111,0.0022196397856310856
1323,4.210412263870239,0.008170904601551548,0.9560072839260101,0.0023026562168817
1324,4.210819673538208,0.008025565362244459,0.9559051692485809,0.002265653879333153
1325,4.210900974273682,0.007874672340760959,0.9558127522468567,0.0022000156129086167
1326,4.2110748291015625,0.007929302812074768,0.9556872427463532,0.002237605127730528
1327,4.211174488067627,0.008200449126716648,0.9555715799331665,0.002332538513327519
1328,4.211360120773316,0.008003003133690612,0.9554487109184265,0.002298163473998946
1329,4.211592674255371,0.008076529436559012,0.9553020179271698,0.002351258928293396
1330,4.211629343032837,0.007980039582120098,0.9552236258983612,0.0023115428628581146
1331,4.211669874191284,0.008025145102369872,0.9551543831825257,0.0023450278578015346
1332,4.211957168579102,0.007939273801505898,0.9550198137760162,0.002284668943487354
1333,4.21203842163086,0.008040985809055197,0.954968786239624,0.00228031415580444
1334,4.212379741668701,0.008141053719919472,0.9547712504863739,0.0023427504050465837
1335,4.212483549118042,0.00816576144933581,0.9546814084053039,0.0023602909070873004
1336,4.212450265884399,0.008044299343148167,0.9546409964561462,0.0023014471777428706
1337,4.21242504119873,0.007946575858498032,0.9546171069145203,0.002215493676831496
1338,4.2128137111663815,0.008160145655583132,0.9544414222240448,0.0022496220997536816
1339,4.213007497787475,0.008353047537093107,0.9543152809143066,0.0022964718674709957
1340,4.21320481300354,0.008500567435987986,0.9542221248149871,0.002391177014733224
1341,4.213264799118042,0.008359779602857222,0.9541535317897797,0.0023691105927702866
1342,4.213461303710938,0.008183695061329717,0.9540699481964111,0.002289283210152471
1343,4.213937568664551,0.007805867656213472,0.953909170627594,0.002268934906034584
1344,4.2140970706939695,0.007859075181374827,0.9538431704044342,0.002295664704966074
1345,4.2141561031341555,0.007806943190563571,0.9537778198719025,0.0022224568612070274
1346,4.214350891113281,0.007629651496454081,0.9536900341510772,0.0021897760605100185
1347,4.2145263671875,0.007547535760903553,0.9535419344902039,0.0021724398706868815
1348,4.214464902877808,0.007475672864351083,0.953440934419632,0.002171997440667481
1349,4.214625883102417,0.007409347607895922,0.9533484697341919,0.002137919164229399
1350,4.2148960590362545,0.007334882347071968,0.9532343149185181,0.0021261964312120174
1351,4.215032768249512,0.007357785344134297,0.9531137466430664,0.002094412192488877
1352,4.214890861511231,0.007227674335034992,0.9531063377857208,0.0020294614767135126
1353,4.214769077301026,0.007143997602479038,0.9530618250370025,0.0019978759128047806
1354,4.214826774597168,0.007188242655487956,0.9530547380447387,0.002006924156146815
1355,4.214783334732056,0.00723042406352209,0.9530329763889313,0.0019977590492233637
1356,4.214756059646606,0.007324103135565385,0.9529674589633942,0.0020165143959011748
1357,4.214696931838989,0.007436629947824494,0.9529317378997803,0.0020696680508616224
1358,4.214796638488769,0.007397520728645817,0.9528455257415771,0.0020534922524209054
1359,4.214920091629028,0.007415671186856136,0.952774566411972,0.0020713410526185115
1360,4.214944124221802,0.00763152014490199,0.9526898741722107,0.0020797403299952434
1361,4.215080308914184,0.0074812893652228185,0.952613115310669,0.001993882813573483
1362,4.215046119689942,0.007635976539018687,0.952558434009552,0.0020432413752922963
1363,4.21489315032959,0.00785448510582454,0.952553904056549,0.002105231568900656
1364,4.214927816390992,0.007776687702394273,0.9524788141250611,0.002101427768879031
1365,4.214836502075196,0.008020156189963065,0.9524395406246186,0.002184392252639846
1366,4.214964056015015,0.00791527081697353,0.9524006187915802,0.0021759002605902405
1367,4.214861488342285,0.007774364936564878,0.9523550748825074,0.002147277402842809
1368,4.214883089065552,0.007653642072089398,0.9522821784019471,0.002102355697297667
1369,4.214804840087891,0.007522240512425448,0.9522168517112732,0.0021024136878622576
1370,4.21475887298584,0.007567414958322991,0.9522208392620086,0.00211884775131211
1371,4.214733076095581,0.007529192510251593,0.9521358132362365,0.002149012372772304
1372,4.214564561843872,0.007601508328676744,0.9520856082439423,0.0021767559455350307
1373,4.214451694488526,0.0077870782063200784,0.9521172642707825,0.0022159276647293145
1374,4.214370012283325,0.007721454429163923,0.9521216213703155,0.002186232381839981
1375,4.214259624481201,0.007868365095022482,0.952072125673294,0.0021924844664851233
1376,4.214189672470093,0.007811112193326019,0.9520029485225677,0.0022247202751571457
1377,4.214173793792725,0.00778658748872569,0.9519410312175751,0.002223239297948377
1378,4.214167356491089,0.007981986874296772,0.9518862903118134,0.0023102131451152204
1379,4.213924503326416,0.007811941357224418,0.9518981516361237,0.002257312421657819
1380,4.214118480682373,0.00796975256737648,0.9517452538013458,0.002279944548399708
1381,4.213986015319824,0.007781015395898895,0.9517248153686524,0.0022836907812111935
1382,4.214040899276734,0.0076286263147000485,0.9516131103038787,0.0022201525417688845
1383,4.213892650604248,0.007565363939907625,0.9515933990478516,0.002217617747433816
1384,4.213919639587402,0.007501473788632044,0.9515479266643524,0.002162233198805513
1385,4.213929033279419,0.00731217329453852,0.9514899373054504,0.0021188913326736065
1386,4.213794088363647,0.007292909930120134,0.951470959186554,0.002152526108645143
1387,4.213599014282226,0.007367282497635597,0.9514649510383606,0.0021977185293210696
1388,4.213445377349854,0.007245657034150601,0.9514717102050781,0.002145249831850114
1389,4.213257598876953,0.0072130526077739095,0.9514467060565949,0.0021830840755907147
1390,4.213137865066528,0.007196481161070339,0.9514155685901642,0.002226485885212031
1391,4.21297926902771,0.007206537924331735,0.9513909876346588,0.0022385194505959165
1392,4.212863492965698,0.007147481188869829,0.9513916790485382,0.002262600884052096
1393,4.212775850296021,0.007178237995778557,0.9513424158096313,0.0022394610823738554
1394,4.212653684616089,0.007134311856087599,0.9512997567653656,0.0022143821713297767
1395,4.21237735748291,0.007214204657280906,0.9513441503047944,0.0022708919924193604
1396,4.212281227111816,0.007118226286625833,0.9512771487236023,0.0022256989136918586
1397,4.2122166633605955,0.0069576055682809635,0.9512045204639434,0.0022097401141921097
1398,4.2121354103088375,0.006877436568399014,0.9511814475059509,0.0021922068191126626
1399,4.211955928802491,0.006806824405544061,0.9511585235595703,0.0021239574016886126
1400,4.11774754524231,0.0062415761815386534,0.9601152658462524,0.0024954300576906846
1401,4.11817421913147,0.0060797150805778025,0.9599624752998352,0.0024006735305084756
1402,4.118622875213623,0.006473431216003837,0.9598410546779632,0.0024817526845983587
1403,4.118898153305054,0.006477244782415792,0.9597308874130249,0.0024769200224877743
1404,4.119533824920654,0.007120807270811578,0.9596511542797088,0.0025074182564820344
1405,4.119866514205933,0.007293912237603739,0.9595242619514466,0.002518642573960416
1406,4.1204047203063965,0.007347001728957593,0.9593606412410736,0.0024873796118931738
1407,4.120870637893677,0.007177722595026942,0.9592275381088257,0.002433701078043613
1408,4.121024656295776,0.007190427472845271,0.9591433465480804,0.0024990571875632534
1409,4.121482944488525,0.007262866376440828,0.9589943528175354,0.0025516911060373677
1410,4.121899032592774,0.007536494005441048,0.9588565051555633,0.00258760045484999
1411,4.121908664703369,0.007688637472774417,0.9588502943515778,0.0026151687096580382
1412,4.122370958328247,0.007860900209291335,0.9586872220039367,0.002631133386249217
1413,4.122713804244995,0.007799202834576462,0.9585627794265748,0.00256874199463929
1414,4.123140144348144,0.007712577494646247,0.9584124088287354,0.002588486599479634
1415,4.1235613346099855,0.007619412151632948,0.9582819283008576,0.002565141905483432
1416,4.123760557174682,0.007657056563607445,0.958180022239685,0.002599351262819766
1417,4.123954629898071,0.007576421309531435,0.9580434083938598,0.002575211301721856
1418,4.124085903167725,0.007609303103460778,0.9580153346061706,0.00262894731522772
1419,4.124062967300415,0.007327764945468993,0.9579875946044922,0.0025093742128849683
1420,4.124189853668213,0.007316388077393263,0.9579601585865021,0.002516911878433418
1421,4.124473571777344,0.007151810547021726,0.9579418003559113,0.002427059855539257
1422,4.124758386611939,0.0071209397502872375,0.9577580153942108,0.0023641897656601777
1423,4.124889659881592,0.007268335447305722,0.9576543092727661,0.0024461283573154074
1424,4.125177240371704,0.006928616333115777,0.9575775802135468,0.002284952515576351
1425,4.12538628578186,0.0067845520298216245,0.9574931383132934,0.0022523390098205657
1426,4.125458860397339,0.006899142097199015,0.9574607729911804,0.0022947896135236214
1427,4.125665807723999,0.006777113627129517,0.9573948323726654,0.0023048922535536245
1428,4.125909519195557,0.006664460310719503,0.9573296129703521,0.0023148510673224867
1429,4.126203346252441,0.006564320478156756,0.9572147607803345,0.002179777290127966
1430,4.126323986053467,0.0067494284630697215,0.9571762382984161,0.002239318115497135
1431,4.126454257965088,0.006852135196269829,0.9570966184139251,0.002267841541612679
1432,4.126600074768066,0.006913309801031888,0.9570425987243653,0.002238875017003515
1433,4.126687240600586,0.0068239818026677975,0.9569891691207886,0.002184290498652095
1434,4.127033519744873,0.0073779745641021814,0.9568709194660187,0.0023032249326914115
1435,4.127180337905884,0.007281319995116793,0.9568026721477508,0.002254378899051209
1436,4.127311182022095,0.007243036476227482,0.9567270338535309,0.0022240488836420703
1437,4.127548313140869,0.007080256357914933,0.9566200077533722,0.0021868409451247448
1438,4.127719926834106,0.007037385376100809,0.9565540850162506,0.0021401586156306993
1439,4.127972841262817,0.007037497717848232,0.956457006931305,0.002180245242572335
1440,4.12805962562561,0.007159111916504289,0.9563609004020691,0.0021784781615493075
1441,4.128061389923095,0.00707724024741674,0.9562815308570862,0.002173745854660785
1442,4.1280285835266115,0.007043913160881523,0.9562264740467071,0.002214879016448893
1443,4.1279518604278564,0.0071136434574967655,0.9562187910079956,0.0022125994325725494
1444,4.127914810180664,0.006962674162867603,0.9561413109302521,0.002168502005368816
1445,4.127975034713745,0.006830635688041225,0.9560491383075714,0.0020756908682518166
1446,4.127934741973877,0.0067924761710056744,0.955996310710907,0.0020246220330912765
1447,4.127992486953735,0.006924950685599775,0.9559440016746521,0.0020031428221430484
1448,4.127927970886231,0.006967275355822115,0.955922657251358,0.0019441636228926425
1449,4.127963876724243,0.007144964755480391,0.9558484673500061,0.001997918143582736
1450,4.128048086166382,0.0071418085855707155,0.9557524144649505,0.0020153019700119915
1451,4.128228282928466,0.007005436862184003,0.9556572735309601,0.0019829084940870103
1452,4.128157472610473,0.006986570357571217,0.9556600987911225,0.0019864968230194637
1453,4.128160190582276,0.006993326796163438,0.9556108891963959,0.002027097514496974
1454,4.128158283233643,0.006919316170105005,0.9555991113185882,0.0020057081227322277
1455,4.12835168838501,0.006773590310419003,0.9555064737796783,0.0019640730785602427
1456,4.128322124481201,0.006644080964972718,0.9554586768150329,0.001951581981090835
1457,4.128358650207519,0.006371686123893575,0.9553967237472534,0.0019656753944226036
1458,4.128393983840942,0.006345614677724511,0.9553135812282563,0.0019062313530363807
1459,4.128370761871338,0.006370500358523041,0.9552601158618927,0.0019291290339010858
1460,4.1283276081085205,0.006297121409724028,0.9552574753761292,0.001895435688613769
1461,4.1283307552337645,0.006367801610895394,0.9552405476570129,0.0019354352768846527
1462,4.128544282913208,0.006254880194225164,0.9551168799400329,0.0018911307508369306
1463,4.128743124008179,0.006332411322592858,0.954987233877182,0.0018841657990504405
1464,4.128799772262573,0.0062613374692809245,0.9548516988754272,0.0018601615927195036
1465,4.129014301300049,0.005927005764552861,0.9547455132007598,0.0018191757291331492
1466,4.12909426689148,0.0058933125300361005,0.9546262502670289,0.001777661862057886
1467,4.128921842575073,0.005948999594044618,0.9546404778957367,0.001796044863791356
1468,4.1290045261383055,0.00592521101124568,0.95453662276268,0.0017679793722245067
1469,4.128824090957641,0.005908639121515946,0.9545234739780426,0.0017331752477015257
1470,4.128854656219483,0.00584394228279135,0.9544554471969604,0.0016808181753199464
1471,4.128749179840088,0.005759324705903976,0.9544290721416473,0.001658407954667684
1472,4.128737115859986,0.00579192259343996,0.9543893098831177,0.001648285035359634
1473,4.128633785247803,0.005826148583106524,0.9543295323848724,0.001687906089677008
1474,4.128711462020874,0.00583441052704566,0.9542229771614075,0.0017484353913195052
1475,4.1287017345428465,0.0059855058077142595,0.9541644215583801,0.0017632330385862933
1476,4.1287719249725345,0.0059809439656157495,0.9540996789932251,0.001756454753694495
1477,4.128722858428955,0.005981588156670716,0.9540621638298035,0.0017524202936308759
1478,4.128806447982788,0.006014877013063145,0.9539851248264313,0.0017664043989131714
1479,4.128805828094483,0.005875734927691429,0.9539153516292572,0.0016987522956566066
1480,4.128665113449097,0.005677290213754663,0.953918594121933,0.00160062137660035
1481,4.128501939773559,0.005498097775810995,0.9539415061473846,0.001554741179839809
1482,4.128433322906494,0.005475341875941294,0.9538989007472992,0.0015239897284528194
1483,4.128501319885254,0.005645723631003099,0.9538046240806579,0.0015683980111823666
1484,4.128650903701782,0.006061431427971289,0.9536722898483276,0.0016842357009952307
1485,4.128654813766479,0.005928958723481478,0.95359907746315,0.0016312151103129921
1486,4.128764724731445,0.00588089231802476,0.9534879267215729,0.0016375078214917232
1487,4.128637647628784,0.00584514492756133,0.953422462940216,0.001634142870066822
1488,4.128619432449341,0.00592858907301904,0.9533511817455291,0.0016504090742050707
1489,4.128556203842163,0.005828351031071743,0.9532931506633758,0.0017037582724306062
1490,4.128369283676148,0.005742518004721951,0.9532671868801117,0.0016574012814994006
1491,4.128227472305298,0.005742014318689596,0.9532729089260101,0.0016391980609471992
1492,4.128295421600342,0.005873106060125159,0.95319082736969,0.001651194884151968
1493,4.128213262557983,0.005867599235481938,0.9531281232833863,0.0016393266930867022
1494,4.127947044372559,0.005791694863951758,0.9531592011451722,0.0016476582934101902
1495,4.127814245223999,0.005873884728741371,0.9531095147132873,0.001645855120606
1496,4.127554607391358,0.0058697069180952645,0.9530972361564636,0.0016679553960874782
1497,4.127379512786865,0.005859383786332117,0.9530358850955963,0.0016869530331115382
1498,4.127277851104736,0.005818040080955047,0.9530239939689636,0.0016727529827009649
1499,4.127153110504151,0.005704395796288535,0.9530426681041717,0.0016769077361382665
1500,4.034871435165405,0.010601913980128644,0.9621224164962768,0.003419942755124026
1501,4.035096836090088,0.010525947294852784,0.9620260655879974,0.0034264031827331075
1502,4.035291290283203,0.010515376055488048,0.9619211256504059,0.0034436950342507672
1503,4.03590407371521,0.010375274957170453,0.9617297291755676,0.003394246649750364
1504,4.036215019226074,0.0106871810056225,0.9616375923156738,0.0034046604741066787
1505,4.036622047424316,0.01069347404585158,0.9615369737148285,0.0033622038132198606
1506,4.0370108127594,0.01079628203741004,0.9614663124084473,0.0033540796010975253
1507,4.0373215675354,0.010865610873670202,0.961406022310257,0.003340862198790614
1508,4.037709140777588,0.010657008500814375,0.9612802684307098,0.003319190560954972
1509,4.038052892684936,0.010515090244573975,0.961156016588211,0.0032764815013119055
1510,4.038374757766723,0.010169917798071392,0.9610519468784332,0.003149843743340426
1511,4.038608551025391,0.01013743503023893,0.9609119594097137,0.0031491331334229104
1512,4.038834047317505,0.009938203054999465,0.9608751773834229,0.0030661545582592233
1513,4.039137315750122,0.010038621609939425,0.9607287108898163,0.003090706588118373
1514,4.039277648925781,0.009975818030341635,0.9607025563716889,0.003061380842184086
1515,4.039509630203247,0.009959089102949773,0.9606494963169098,0.0030841159612343956
1516,4.039589500427246,0.010119453037866072,0.960633111000061,0.0031713490064953255
1517,4.039783763885498,0.010093558719820305,0.9605541527271271,0.0031619870497012347
1518,4.0400388717651365,0.009894853039380107,0.9604047775268555,0.0030746146793075627
1519,4.040090036392212,0.010011659719189213,0.9603812098503113,0.003120792089722593
1520,4.040316581726074,0.010061057223222888,0.9602961897850036,0.003073751779208758
1521,4.040680885314941,0.009918059213886452,0.9601420104503632,0.003063718846182991
1522,4.040847873687744,0.009840723688713107,0.9600854337215423,0.0030359088160629415
1523,4.041155481338501,0.009786724207270208,0.9599514603614807,0.0029945031996854022
1524,4.0412187576293945,0.009865089052235322,0.9599051773548126,0.0030325238326247817
1525,4.041169118881226,0.009790851960511337,0.9598936915397644,0.003050967735100819
1526,4.041589975357056,0.009852561223044188,0.959762966632843,0.003019807783712205
1527,4.041772699356079,0.009914451063132107,0.959684532880783,0.00303984391442408
1528,4.041912651062011,0.009955940982257556,0.9595985054969788,0.0030267915177528567
1529,4.042081546783447,0.01001267291352642,0.9594630837440491,0.00308615155548936
1530,4.042316007614136,0.00986836556984845,0.9593791663646698,0.003073462530862016
1531,4.042719984054566,0.009995676535311733,0.9592629551887513,0.003068390561149101
1532,4.042793607711792,0.009846243708642032,0.9592305123806,0.002980086839791411
1533,4.042996454238891,0.009908922837758802,0.9591491460800171,0.002992211264565125
1534,4.04315824508667,0.009698629319555521,0.9590686321258545,0.002903613576824853
1535,4.043302536010742,0.009642924888533431,0.9589483141899109,0.002892187866869336
1536,4.043332719802857,0.009496056659612447,0.9589586079120636,0.002819016996395027
1537,4.043385410308838,0.009399175925273581,0.9589044451713562,0.0027865483365264987
1538,4.043564414978027,0.009454379010544573,0.958786815404892,0.0028078712004630827
1539,4.043760824203491,0.009333097868944516,0.9586624264717102,0.002776072526744304
1540,4.0435546875,0.009287694489281812,0.9587056338787079,0.002817031020901991
1541,4.043712520599366,0.009433616653446062,0.9585986733436584,0.0028165846358651834
1542,4.043888711929322,0.009506131870672434,0.9585006237030029,0.0028636696584408
1543,4.04391131401062,0.009439959310237845,0.9584503769874573,0.0028475543567147415
1544,4.044009447097778,0.009168970615687002,0.9583850920200347,0.0027413214405046064
1545,4.044132041931152,0.009259895505819378,0.9583590865135193,0.002741099653247136
1546,4.044154119491577,0.009432183854048455,0.9582949042320251,0.002808102451543063
1547,4.044226026535034,0.009530654600932848,0.958154833316803,0.0028315142519984198
1548,4.04454779624939,0.009642614936578465,0.9580313682556152,0.002885244133434345
1549,4.044602108001709,0.009704518295524397,0.9579696774482727,0.0029288111697975115
1550,4.044707536697388,0.009614881904392164,0.9578633844852448,0.0029200207793852826
1551,4.044638967514038,0.00950589948502835,0.9578781485557556,0.002847226483722813
1552,4.044631385803223,0.009501777471633598,0.9577956974506379,0.0028683089685988972
1553,4.044655513763428,0.00955426796000294,0.9577734887599945,0.0027944838326288807
1554,4.044633960723877,0.009687144761533152,0.9577440917491913,0.002776714121006615
1555,4.044724988937378,0.009737963573792748,0.9576855003833771,0.002850035633115167
1556,4.044599819183349,0.009831781571969815,0.9576421499252319,0.0028679676675413546
1557,4.044678640365601,0.00993175466128603,0.9575627148151398,0.0029263420360966636
1558,4.044868993759155,0.0101117900446638,0.9574695110321045,0.002956836954666723
1559,4.044971561431884,0.010033295039900554,0.9573988437652587,0.002918375490264751
1560,4.0450139999389645,0.009936638951541468,0.9573144435882568,0.0028896658080534558
1561,4.045086431503296,0.010049022778938524,0.957223653793335,0.0028865240090107823
1562,4.0450976371765135,0.010018001141138896,0.957183587551117,0.0028016612290283163
1563,4.0450437545776365,0.009920325885056711,0.9571296811103821,0.002785379309397516
1564,4.044796466827393,0.009934179331201673,0.9571327805519104,0.002785550668570763
1565,4.044764852523803,0.009779899650877305,0.9570725619792938,0.002713592022282445
1566,4.044806480407715,0.009547849863319377,0.9570058941841125,0.0026181241568683034
1567,4.044716787338257,0.009597962471865677,0.9569746375083923,0.002610626783444448
1568,4.0446693897247314,0.00958206987908386,0.956943678855896,0.0026373907912285327
1569,4.044744062423706,0.009719958056702139,0.9568577408790588,0.002685007569497389
1570,4.044635248184204,0.009843776549368454,0.956820684671402,0.002733222404679773
1571,4.044597578048706,0.009832988865959777,0.9567702651023865,0.0027719212185365587
1572,4.044340801239014,0.009944715426424864,0.9568157017230987,0.0028142647075019146
1573,4.044391059875489,0.009951306156559436,0.9567386031150817,0.0028133530799105784
1574,4.044398403167724,0.009985672796371602,0.9566689252853393,0.0027451677762950605
1575,4.044337129592895,0.00996693303340602,0.9566267490386963,0.0027465587785851474
1576,4.0446093559265135,0.009992572192837865,0.9565581560134888,0.0027082595504586537
1577,4.04451994895935,0.01000157034529558,0.9565034687519074,0.002710446569609677
1578,4.04442138671875,0.010065066388963496,0.9565289556980133,0.0027052402436700757
1579,4.044567012786866,0.010036043732408066,0.9564484119415283,0.0027008192310831684
1580,4.044640827178955,0.010330685084787995,0.9563553631305695,0.0027338218701586873
1581,4.044697666168213,0.010262348539427644,0.9562696814537048,0.002712810814513282
1582,4.044721603393555,0.01046637031626095,0.9561716198921204,0.002792170207512798
1583,4.044540071487427,0.01057563729249505,0.9561459422111511,0.0028318890653930254
1584,4.044621419906616,0.010521543392708424,0.9560880780220031,0.0028302233347437065
1585,4.044491910934449,0.010462123056165023,0.9560564994812012,0.0027760605169999176
1586,4.044327211380005,0.010390033329068144,0.9560444474220275,0.0027616570306079322
1587,4.044293403625488,0.010270454050064772,0.9560005009174347,0.0027360633171499885
1588,4.0440491199493405,0.010163528076526766,0.9560015320777893,0.0027067158274914397
1589,4.043835687637329,0.010159856405286213,0.9559834957122803,0.002687876088710604
1590,4.04386682510376,0.010268562182922386,0.9559213876724243,0.0026902599580047
1591,4.0438004493713375,0.010399116168536034,0.9558660626411438,0.002681165931706074
1592,4.043725633621216,0.010452891049760611,0.9557923793792724,0.0026774338530490376
1593,4.04374418258667,0.01045010266510513,0.9557192921638489,0.0026691671374294954
1594,4.043540811538696,0.010475520888273526,0.9557027399539948,0.0027161440171159057
1595,4.043434143066406,0.010438649698880397,0.955642968416214,0.0026943930206377786
1596,4.043273639678955,0.010282767440742961,0.9555960059165954,0.002634542297009511
1597,4.0432178497314455,0.01005330166972647,0.9555617034435272,0.0025689689142173854
1598,4.042948865890503,0.009954747550285801,0.9555888950824738,0.00250160985999963
1599,4.0428752422332765,0.009936334224232778,0.9555731534957885,0.002486859131822756
1600,3.9547667026519777,0.006424855304139578,0.9640302121639251,0.0016246414452966496
1601,3.9550182819366455,0.006034850165789999,0.9639810502529145,0.0015505706013917236
1602,3.955158495903015,0.005938359722467688,0.963971745967865,0.0015085602643434182
1603,3.955530214309692,0.005803095624823486,0.9638260483741761,0.001589588341865469
1604,3.9558034181594848,0.005799348654415089,0.9637596905231476,0.0016085081446898086
1605,3.9559786558151244,0.0059134276284160125,0.9636845111846923,0.0015768275028993962
1606,3.956615996360779,0.006050353501913079,0.9634666860103607,0.0015811358958498505
1607,3.956833100318909,0.005871125019102785,0.9633847177028656,0.001510439253981956
1608,3.9572555303573607,0.005936079726073915,0.9632658898830414,0.0015397051947205257
1609,3.9574732780456543,0.0059987450090191715,0.9632142901420593,0.0014695590438455809
1610,3.9575798988342283,0.0059315681343799385,0.9631726443767548,0.0014868287879287044
1611,3.958196210861206,0.005835413851272607,0.9629829049110412,0.001478904931069514
1612,3.9585434436798095,0.005826182243723207,0.9628323435783386,0.0015289022191946901
1613,3.958818292617798,0.0056663654540580755,0.9627661526203155,0.0014498611809763975
1614,3.9592307090759276,0.005658040243522428,0.9626003682613373,0.001419670521075251
1615,3.9594117403030396,0.005404801042820364,0.962499988079071,0.0013837948410617645
1616,3.959833097457886,0.005375631198173973,0.9623466789722442,0.001377141807100993
1617,3.960156226158142,0.005427845950543242,0.9622578859329224,0.0014275067225982638
1618,3.9602619409561157,0.005473636815853087,0.9622236073017121,0.001452332931194827
1619,3.9605574131011965,0.005652142607717263,0.9620744705200195,0.001440317738494135
1620,3.9609384059906008,0.005679685372217251,0.9619005739688873,0.00151081442003795
1621,3.9612433671951295,0.005511546842690806,0.9617549121379853,0.0014870588918914557
1622,3.9612213611602782,0.00565756937797615,0.9617067694664001,0.0015226415915151562
1623,3.961552691459656,0.005888493480784861,0.9615724682807922,0.0016335518189709317
1624,3.96181058883667,0.006007031214122181,0.9614396512508392,0.001561829129892696
1625,3.9618659257888793,0.005871670137458563,0.9614026129245759,0.0015646611647882678
1626,3.961948299407959,0.005735852478464344,0.9613403797149658,0.0015453780405467327
1627,3.962349271774292,0.0059930865742216545,0.9612025082111358,0.0015380567524896493
1628,3.962613415718079,0.005993011291425881,0.9610829949378967,0.0015870460038322329
1629,3.962663435935974,0.0057686347974136255,0.9610318660736084,0.0015972677140359455
1630,3.9626569509506226,0.005913848661361208,0.9609646081924439,0.0015899828602364747
1631,3.962932586669922,0.0059459736640469175,0.9608648657798767,0.0015720463275738549
1632,3.9630034446716307,0.0060995700307442365,0.960733151435852,0.0015829616015955764
1633,3.9629109382629393,0.006216235039535125,0.9607342302799224,0.0015352530497638218
1634,3.9630255460739137,0.0062899714788081295,0.9606372535228729,0.0015737799854103375
1635,3.9633435249328612,0.006209715269822399,0.9605087757110595,0.001582226384720877
1636,3.9632631063461305,0.006085024457164787,0.9605110049247741,0.0015304056454314065
1637,3.9633457183837892,0.00606303518125482,0.9604247152805329,0.0016065080527712429
1638,3.96340925693512,0.005977684854295802,0.9603473126888276,0.0016621213348249305
1639,3.963586115837097,0.006126616275272139,0.9602229416370391,0.001778810760079182
1640,3.9635986566543577,0.0061055542135955996,0.9602106988430024,0.0017359261112812768
1641,3.9638799905776976,0.005888012821006186,0.9600882649421691,0.001664545323785139
1642,3.9639166831970214,0.006130415676691507,0.9600454688072204,0.0016245523523158204
1643,3.9640206575393675,0.006251914809392199,0.9599797189235687,0.0016190467151618302
1644,3.9639673233032227,0.006175374419338272,0.95993013381958,0.0016753979984963914
1645,3.9637072563171385,0.006199299128743536,0.9599814593791962,0.0016724817513901955
1646,3.9637094497680665,0.006209082023260964,0.9599323391914367,0.0017139360029158727
1647,3.963681221008301,0.006343691508900918,0.9598684132099151,0.001763078334410735
1648,3.9635015726089478,0.006238922680991087,0.9599040806293487,0.0017404122904807388
1649,3.9635813236236572,0.006290619681769734,0.9598105847835541,0.0017971018349701075
1650,3.963626337051392,0.0064634525162277495,0.9597858965396882,0.0018793245219462513
1651,3.963681221008301,0.006583953196288574,0.9597238838672638,0.0019378382444652498
1652,3.9636886596679686,0.006662777653674121,0.9596550107002259,0.001981900574769375
1653,3.9636454582214355,0.0065781034320056405,0.9596313953399658,0.001943560659148414
1654,3.963606357574463,0.006470372536200028,0.959607994556427,0.0019417714048292315
1655,3.9635504484176636,0.006552602380570394,0.9595700800418854,0.0019922478589491986
1656,3.9634739637374876,0.00661292631975924,0.9595545053482055,0.0020137226306898813
1657,3.9635299682617187,0.006461306435593777,0.9594807505607605,0.001975574424376075
1658,3.9635977506637574,0.006262749385996919,0.9594294428825378,0.0019279999221499704
1659,3.963594150543213,0.006272415457041034,0.9593496978282928,0.0019277467090316797
1660,3.963691544532776,0.0062283871558007796,0.9592707097530365,0.0018877170718577657
1661,3.9637264013290405,0.006084485318409091,0.9592425525188446,0.001871484784714089
1662,3.963797664642334,0.006002437720090418,0.9591576397418976,0.0018572974134661217
1663,3.9637057542800904,0.006060312064895104,0.9591444313526154,0.0019151230694773628
1664,3.9634792804718018,0.006057425713293556,0.9591172277927399,0.001930447106637948
1665,3.9633974552154543,0.006053808867881761,0.9591113686561584,0.0019248317456869945
1666,3.9633127212524415,0.006049314738144709,0.9590635538101197,0.001871444956903995
1667,3.9632851123809814,0.006267317846189412,0.9590370655059814,0.001915074320749805
1668,3.9632843017578123,0.0062130938256716225,0.9589969515800476,0.0019368994182722653
1669,3.9631797552108763,0.006232947397243786,0.9589709937572479,0.001888624088703516
1670,3.96334171295166,0.00594907505440152,0.9588283777236939,0.0018303046175847013
1671,3.963139271736145,0.006015036371351617,0.9588649928569793,0.0017942500978785818
1672,3.9631486177444457,0.0059358442893491315,0.95879225730896,0.0018167234596392454
1673,3.9632111310958864,0.006074953754872792,0.9586726427078247,0.0018529386764058492
1674,3.9632977724075316,0.006150076811624252,0.9585743188858032,0.0018831435707527284
1675,3.963262915611267,0.006194819133307389,0.958544135093689,0.0019301030315971703
1676,3.963136315345764,0.006370338024133771,0.9584941029548645,0.0020124341455972565
1677,3.963065433502197,0.006420223516114657,0.9584445059299469,0.0019538165705662337
1678,3.963003158569336,0.0063500114194079875,0.9584218919277191,0.0018848471056293738
1679,3.9629085063934326,0.006165131397160473,0.9583465695381165,0.0018243010299162747
1680,3.962863874435425,0.005678857546019412,0.9583047926425934,0.0017678397267765647
1681,3.9628220796585083,0.005741069005803347,0.9582568168640136,0.0018075202822362844
1682,3.9628633737564085,0.005628641636073046,0.9581896543502808,0.0017951037884766765
1683,3.9630620956420897,0.005591705270124718,0.9580645084381103,0.0017818373656703786
1684,3.9630823373794555,0.0055723578370054415,0.95797278881073,0.0017848281296570896
1685,3.963151049613953,0.005715458694418451,0.9578560411930084,0.0018096150509204912
1686,3.963078427314758,0.005708053295406737,0.957810890674591,0.0017918691280228913
1687,3.9630826473236085,0.0056895270849864074,0.9577405273914337,0.0017610345123432272
1688,3.96299352645874,0.005634205145397454,0.9577408254146575,0.0017599766110755215
1689,3.9629178762435915,0.005593898164592531,0.9577157378196717,0.0017482692470987134
1690,3.96273033618927,0.005777839237988652,0.9577034831047058,0.0017951200976151144
1691,3.9627707958221436,0.0057492385567340125,0.9576220989227295,0.0018191299805856006
1692,3.9625407695770263,0.005721826020625613,0.9576479434967041,0.0017836881693596798
1693,3.9623211145401003,0.005453423075350708,0.9576548516750336,0.001718979468976384
1694,3.962198829650879,0.005574916075036343,0.9576119422912598,0.0016861763111510007
1695,3.962180972099304,0.00557033061025342,0.9575322151184082,0.001739841801334816
1696,3.9621159076690673,0.005670301308392042,0.9574531078338623,0.0017521342269819487
1697,3.962184500694275,0.005652535870942201,0.9573500454425812,0.00173651871599854
1698,3.962188482284546,0.005744081635867222,0.9572661638259887,0.0017482653090484825
1699,3.9618861436843873,0.005656078078806705,0.957304859161377,0.0017358230615308094
1700,3.8769124269485475,0.00959109038720597,0.9647754311561585,0.002567378012419963
1701,3.8771143913269044,0.009539744366635915,0.9646623194217682,0.002592940082238879
1702,3.8773699045181274,0.009344244122277643,0.9645898759365081,0.0025620886562840403
1703,3.8777228116989138,0.00943313450346639,0.9644403219223022,0.0026167381699772887
1704,3.877915382385254,0.00967058056188078,0.9643120110034943,0.002686532594358074
1705,3.8781415462493896,0.009662066690362717,0.9642238020896912,0.002718231417693024
1706,3.878422975540161,0.009969296150610478,0.9641175389289856,0.0027964528840411745
1707,3.8787309646606447,0.00968810492820767,0.9640125632286072,0.0027491042652153424
1708,3.8790444135665894,0.009365478796512961,0.9638710260391236,0.002646925423916109
1709,3.8794196367263796,0.009274048572421692,0.9637124061584472,0.002629510002260526
1710,3.8795063734054565,0.009240270036425835,0.9636864781379699,0.002639108902022373
1711,3.879683518409729,0.009176313671424154,0.9635865569114686,0.002606719986492969
1712,3.879924702644348,0.009115292201660045,0.9634970545768737,0.0025941547593958405
1713,3.880125951766968,0.00895077238651883,0.9634361207485199,0.0025559521568256976
1714,3.880305361747742,0.008941380009184166,0.9633485436439514,0.0024939321554974117
1715,3.880586361885071,0.008685900541135575,0.9632529079914093,0.002441700589926143
1716,3.8807284832000732,0.00868619518491665,0.9631673872470856,0.0024910957363724747
1717,3.880831551551819,0.008712094820906539,0.963100790977478,0.0025012264942839246
1718,3.881077265739441,0.008692652954388506,0.9630527853965759,0.0024894232777217347
1719,3.881470251083374,0.008563242874424806,0.9629521310329437,0.0024153856099079665
1720,3.8816844701766966,0.008254306782591354,0.9628437995910645,0.0023368303857341484
1721,3.8819346904754637,0.008245413074681556,0.962771737575531,0.002242097726097617
1722,3.8819952249526977,0.008387143113955359,0.9627266347408294,0.0022526305474575973
1723,3.8821918249130247,0.008336821015272073,0.9626647055149078,0.002273752603732094
1724,3.8822667598724365,0.008269450538035468,0.9626465499401092,0.002271400585991273
1725,3.8821757793426515,0.008210182187787438,0.9626714706420898,0.00220150588904955
1726,3.882220649719238,0.008234086677669865,0.9626278877258301,0.0022408603358445465
1727,3.882479453086853,0.008239199741463204,0.9625,0.0022354020073597986
1728,3.8824373483657837,0.008146654677146549,0.9624578297138214,0.0021935058927952376
1729,3.882512021064758,0.007969674766085342,0.9623993337154388,0.0021653048541629763
1730,3.8827358961105345,0.008164704700782462,0.9623414635658264,0.0022091581950732498
1731,3.882792115211487,0.008189671007765855,0.9623256981372833,0.0022451129549411935
1732,3.88277804851532,0.00813813114638641,0.9622523069381714,0.0022026455033435748
1733,3.8829123735427857,0.008005162145944935,0.9622371912002563,0.00219482584876043
1734,3.882850241661072,0.007884791678500687,0.9622222244739532,0.002134000375279409
1735,3.883003282546997,0.0077109549338979,0.9621261298656464,0.0020777564626967477
1736,3.8830471992492677,0.007466766275953765,0.9620957374572754,0.002035062125485067
1737,3.883278489112854,0.0075839225217928605,0.9619932472705841,0.0020578491759225804
1738,3.88348708152771,0.00743445245537991,0.9619158148765564,0.0019759162054430283
1739,3.883473348617554,0.007459958285828619,0.9618789732456208,0.002012015658032894
1740,3.883700227737427,0.007320138887501547,0.9617633044719696,0.001970322621105424
1741,3.8837677001953126,0.007308396882228932,0.9616960942745209,0.0019536508854302594
1742,3.8837454080581666,0.0073399997835067055,0.9616687536239624,0.0019616244302830097
1743,3.8838366508483886,0.007364445795801784,0.9616495072841644,0.0019540585236363
1744,3.883779215812683,0.007360607713669761,0.9616459727287292,0.0019123092380431354
1745,3.8838385343551636,0.007385714919839829,0.9615729331970215,0.001975765785857373
1746,3.884074640274048,0.007510917407379239,0.9614544928073883,0.0020086716184786256
1747,3.884171748161316,0.007564570561183353,0.9613754630088807,0.002040123847582625
1748,3.884215784072876,0.007813404974687492,0.9612895905971527,0.002065660387731234
1749,3.884341907501221,0.0076547464603775525,0.9612272500991821,0.0020687948793893353
1750,3.88426513671875,0.007725073025664863,0.9612258732318878,0.002096884543899479
1751,3.8842663526535035,0.007688955471537154,0.9612169861793518,0.0021178753705935337
1752,3.8842524766921995,0.007568513166881807,0.9612007200717926,0.002117361260261797
1753,3.8840760946273805,0.007664460710718921,0.9611920416355133,0.0021170604889114803
1754,3.88425452709198,0.007640186044713931,0.9610798776149749,0.0021362581281214837
1755,3.884296107292175,0.007638443546711233,0.9610276818275452,0.0020963613177720167
1756,3.8841583490371705,0.007588769323468527,0.9609759688377381,0.0021050341871875805
1757,3.884252405166626,0.007512229416860466,0.960880970954895,0.002043517954639034
1758,3.8842513799667358,0.007487919625677358,0.9608594715595246,0.00200694650095369
1759,3.8845065116882322,0.007411035361222777,0.9607948005199433,0.0019534578577024017
1760,3.884439730644226,0.007410439729478369,0.9607882618904113,0.001973970293488804
1761,3.884424328804016,0.0073496499587593555,0.9607101917266846,0.0019383681251805476
1762,3.8843772649765014,0.00733528818210639,0.960654228925705,0.0019590373497472896
1763,3.8844437837600707,0.007386304886250315,0.9605349063873291,0.001962040875715879
1764,3.884502148628235,0.007173301972090307,0.9604661107063294,0.0019360003049918347
1765,3.8844599962234496,0.007245115048237849,0.9604400992393494,0.0019418317211020808
1766,3.884347438812256,0.007293045784026011,0.9603933334350586,0.001960094676487128
1767,3.884371519088745,0.007396333703459611,0.9603121519088745,0.0019642288220015833
1768,3.8844095706939696,0.007358388432793964,0.9602247416973114,0.001973476633228535
1769,3.8844788551330565,0.00744370224878867,0.9600966811180115,0.002020755637303094
1770,3.884654235839844,0.007376228136487255,0.9600453734397888,0.002044391569388519
1771,3.884604287147522,0.007413809123575716,0.9600219070911408,0.0020811239303551634
1772,3.884524035453796,0.007339052916874461,0.9600122749805451,0.002080509395146039
1773,3.884472703933716,0.0073352233620745085,0.9599959313869476,0.002078185010307642
1774,3.8844743967056274,0.007461006655221851,0.9599527001380921,0.0021381053301971474
1775,3.8844411373138428,0.007451362505255938,0.959909850358963,0.0022044272487674694
1776,3.884342384338379,0.007503823405442943,0.9598941564559936,0.0022358586439892515
1777,3.8843146085739138,0.0074923036599005375,0.9598586022853851,0.0022459258159155332
1778,3.884265422821045,0.007350518338165505,0.9598166823387146,0.002182975122001145
1779,3.884247636795044,0.007222255297239917,0.9597817480564117,0.0021357050554293194
1780,3.884148049354553,0.007119496568532619,0.9597602784633636,0.0020893358523017816
1781,3.88421688079834,0.007025827058674044,0.9596930742263794,0.0019993266618611267
1782,3.8841020345687864,0.006972275988057566,0.9596721529960632,0.001975447255168701
1783,3.8840848922729494,0.006948685694008196,0.9596253931522369,0.0019548993030354296
1784,3.883965849876404,0.006895438787195569,0.9595725297927856,0.001962293443327695
1785,3.883846569061279,0.006871472127238104,0.9595588207244873,0.0019629655484705755
1786,3.883670926094055,0.0068706103914131286,0.9595644891262054,0.0019647947305730844
1787,3.8834569454193115,0.006917868463274056,0.9595956981182099,0.001975457997402167
1788,3.8834449291229247,0.007061657018206361,0.9595247209072113,0.00200214918293062
1789,3.8832535982131957,0.0069799311669470395,0.9594923794269562,0.0020293997150927466
1790,3.8832703113555906,0.006849558441294044,0.9593908011913299,0.0019884326491912186
1791,3.883294630050659,0.006814674781157574,0.9593277871608734,0.0019367385815057413
1792,3.883309316635132,0.00677913171424072,0.9592402219772339,0.0019068753227684339
1793,3.883228373527527,0.006775470290652165,0.9592032968997956,0.0019406453018975534
1794,3.8832029819488527,0.006879075785153184,0.9591417849063874,0.0019342026478579868
1795,3.8831249475479126,0.006790768815575326,0.9590869605541229,0.0018892745495386885
1796,3.8831263065338133,0.006716076059385142,0.9590202450752259,0.0019033945548997042
1797,3.883170652389526,0.006707395024929609,0.9589355945587158,0.0018874650622462724
1798,3.8831241369247436,0.0066350550177204665,0.9589373171329498,0.0018851635554649432
1799,3.88299617767334,0.006607663102413303,0.9589207112789154,0.0018351401299840763
1800,3.798334264755249,0.0072993948683489195,0.9672794163227081,0.0019096124436575066
1801,3.7987575769424438,0.007277878366456306,0.9671307325363159,0.0019187800190808698
1802,3.7990866899490356,0.007023542614999327,0.9669839024543763,0.0018519706030136077
1803,3.799377417564392,0.006992081994554902,0.9668974280357361,0.0018415569611786688
1804,3.7995904445648194,0.006934158061403527,0.9668604612350464,0.0018811650832344525
1805,3.7998074531555175,0.006990764864133603,0.966785442829132,0.0019117881370899845
1806,3.800160622596741,0.0069176346716422485,0.9666634798049927,0.0018912656256766225
1807,3.8004936933517457,0.0067740042435648525,0.9665049552917481,0.001891156910714265
1808,3.800774025917053,0.006675134113720161,0.9664523482322693,0.0018473789850121916
1809,3.8009897232055665,0.006753437541720547,0.9663721799850464,0.0018649080013664067
1810,3.801491856575012,0.00648066562573083,0.966218239068985,0.0016886307877468124
1811,3.8017599105834963,0.006343245213228959,0.9661589860916138,0.001700719850271172
1812,3.8022228717803954,0.006394466968096624,0.9660081267356873,0.0017698106263462617
1813,3.8023581981658934,0.006429105144774596,0.9659049272537231,0.0017575246287028327
1814,3.8024313926696776,0.006335457657192883,0.9658759117126465,0.0016988230454264232
1815,3.8025827169418336,0.00642082532803537,0.9658109545707703,0.0017123160524445337
1816,3.8027730703353884,0.00646745858882823,0.9656475484371185,0.0017350365645330038
1817,3.802947735786438,0.0066887353567924935,0.9655936181545257,0.0017155072864052279
1818,3.803100824356079,0.006784723841928496,0.9655759572982788,0.0017493865105633298
1819,3.803316569328308,0.006737084665629455,0.9654255270957947,0.0017047597268831358
1820,3.8035216093063355,0.006831587429369703,0.96528559923172,0.0017293212542519249
1821,3.8038128852844237,0.006720011152497814,0.9651910960674286,0.0017129799133595116
1822,3.8037549257278442,0.006695697547945875,0.9651760876178741,0.0017013557363966994
1823,3.8037879705429076,0.006800352961839661,0.9651265621185303,0.0016422169937250482
1824,3.8039164781570434,0.006602540535329825,0.9650172472000123,0.0015659191649461703
1825,3.8041866779327393,0.00655288694989811,0.9648919820785522,0.0015369859021222168
1826,3.804518628120422,0.006532475324808747,0.9647680759429932,0.0015225355574838729
1827,3.8045387268066406,0.0064929011459707465,0.9647303223609924,0.001538169927301071
1828,3.8048141956329347,0.006420567987248502,0.964608633518219,0.0015930195114111142
1829,3.805224370956421,0.006543029477510216,0.9644798576831818,0.001587911215703864
1830,3.805357885360718,0.0065741196837450794,0.9643941879272461,0.0015910640886928336
1831,3.8054462909698485,0.006570579825306184,0.9643924295902252,0.001591753709372423
1832,3.805523228645325,0.006752117617246559,0.9643328845500946,0.0015871684037379631
1833,3.805448031425476,0.006686855675804958,0.9643396854400634,0.001504858036555279
1834,3.8057898044586183,0.00647924689716094,0.9642483651638031,0.0014691771126893979
1835,3.8060137033462524,0.006787564475690135,0.9641661226749421,0.0015484621258578066
1836,3.806082820892334,0.006716826117936722,0.9641251623630523,0.0015747720885159785
1837,3.806236910820007,0.006749437623582844,0.9640604794025421,0.0015857030772247897
1838,3.8064617395401,0.006741704017638448,0.9639884829521179,0.0015767819037681046
1839,3.8065255641937257,0.006824336407148286,0.963933116197586,0.0015772416826191162
1840,3.8064958572387697,0.0066706741045463236,0.9638862550258637,0.0014999493143551693
1841,3.8065796852111817,0.006530068341007902,0.9637925565242768,0.001443357458225
1842,3.806777238845825,0.006338750453186393,0.963731187582016,0.0013548631795398303
1843,3.8070536136627195,0.006469172597878501,0.9636470079421997,0.0013892156543958653
1844,3.8070665121078493,0.006498357436795905,0.9636180102825165,0.0014023996060800934
1845,3.8071617126464843,0.006471897952741689,0.9635275065898895,0.0014064644928580207
1846,3.807470202445984,0.006408290740971184,0.9634071230888367,0.0013813903577176926
1847,3.8074752569198607,0.00625581378132792,0.9633950471878052,0.0013528120573540535
1848,3.8076125383377075,0.006197068341313293,0.9632688820362091,0.0013327660478983133
1849,3.8076535940170286,0.006229071183401636,0.9631893694400787,0.0012399209510633473
1850,3.8077134609222414,0.0062911754768720084,0.9631332814693451,0.001243390877616856
1851,3.807669758796692,0.0063832644093643545,0.9631077349185944,0.0012918555281573073
1852,3.807577204704285,0.006425806718355881,0.963089895248413,0.0012952862756601979
1853,3.807704758644104,0.00643749590083142,0.9630350708961487,0.0012991536652735718
1854,3.807599496841431,0.006311037024779391,0.963047331571579,0.0012721517413582352
1855,3.8075819969177247,0.006317062560116322,0.9630005836486817,0.0012642514865742565
1856,3.8075750827789308,0.006373434639136988,0.9629762768745422,0.00130159491492438
1857,3.8075384140014648,0.006415914589237871,0.9629667460918426,0.0013171257712358921
1858,3.8075793981552124,0.006471636129691228,0.9629065096378326,0.0013301608563420064
1859,3.807719349861145,0.0064145430267430765,0.9628540515899658,0.0013342352643465013
1860,3.8076377391815184,0.006716159901108811,0.9628380358219146,0.0014948900569216991
1861,3.8077133655548097,0.0067512421939697935,0.9627720415592194,0.0014845595046135284
1862,3.8077901363372804,0.006987054189123006,0.962671035528183,0.001521007955178575
1863,3.8077189683914185,0.007159582802223671,0.9626560628414154,0.0015743579484311962
1864,3.8078459978103636,0.006819560830418705,0.9625706136226654,0.0015172275228625576
1865,3.8077852725982666,0.006803975767610792,0.962563282251358,0.001526043956257229
1866,3.8078000783920287,0.007021430887065854,0.9624789953231812,0.0016325453172822797
1867,3.8076313495635987,0.006939544971297857,0.962444257736206,0.0015721553956658347
1868,3.807808685302734,0.006769831168278103,0.9622849583625793,0.001522597552836
1869,3.8078644990921022,0.0067154271428458475,0.962209939956665,0.0015858303464009963
1870,3.8079483032226564,0.00679850485434157,0.9621768414974212,0.0015416949857464393
1871,3.807877612113953,0.006704153475508427,0.9621098101139068,0.001515767135665343
1872,3.807844114303589,0.006610713984512864,0.9620297133922577,0.0014218689956069488
1873,3.8077701568603515,0.0066683764019795436,0.9619774758815766,0.001389657800080667
1874,3.763502287864685,0.03676517219231898,0.9625,0.019764235376052396
1875,3.784194731712341,0.038527968707960714,0.95703125,0.015296015787071258
1876,3.7771542072296143,0.020783293143606524,0.9598958432674408,0.009203029707210653
1877,3.78212423324585,0.020143502427545576,0.95703125,0.008235098073355153
1878,3.7828463554382323,0.017177555852884857,0.9568750083446502,0.007482617420754089
1879,3.7783169031143187,0.018773270505897104,0.95703125,0.010789753063442507
1880,3.7779202699661254,0.016410376207628752,0.9575892925262451,0.010469676219940407
1881,3.78222336769104,0.015686142305975613,0.9552734375,0.009454685219040665
1882,3.783656930923462,0.013556357416733363,0.9539930582046509,0.010392526776974907
1883,3.7831074237823485,0.01140098782031047,0.9542187511920929,0.008559753117179845
1884,3.7842777013778686,0.011007417291549648,0.9535511374473572,0.006764370909506771
1885,3.7838395833969116,0.008606668035657558,0.953515625,0.005457362866380501
1886,3.783240461349487,0.008611947501569699,0.9536057770252228,0.004539816995002943
1887,3.7811158418655397,0.008310159947353193,0.9545758903026581,0.004880468515266059
1888,3.7823817491531373,0.008258272340567507,0.954479169845581,0.004581489183993085
1889,3.7853591442108154,0.010457392925051429,0.95361328125,0.004942131006083651
1890,3.785188674926758,0.010934159280330324,0.9542279303073883,0.004350061973024876
1891,3.7861377477645872,0.009509815865926322,0.9537326514720916,0.004825335818665208
1892,3.784148669242859,0.00931443765957497,0.954276305437088,0.004782634841453465
1893,3.783271551132202,0.010047716164538492,0.9541406273841858,0.005362945734171797
1894,3.7825243949890135,0.008269105658466886,0.9541666567325592,0.004900425932019815
1895,3.7839113235473634,0.007920126505155434,0.9533380746841431,0.004479999523945065
1896,3.7830544233322145,0.00843062533152756,0.9539402186870575,0.0039326608432748555
1897,3.7839759588241577,0.01027871445946594,0.9535807251930237,0.004048925491216415
1898,3.7828561544418333,0.010811343255676328,0.9540624976158142,0.003821661806475909
1899,3.7825966358184813,0.011967333262985335,0.9539663434028626,0.003641204456396813
1900,3.723345160484314,0.005916066794014505,0.9681240141391754,0.0015674382010039398
1901,3.7240723371505737,0.006025047237635569,0.967871242761612,0.0015190863667737188
1902,3.724629807472229,0.0058312960429198375,0.9677394092082977,0.0014329219305706635
1903,3.7249765396118164,0.005786173986722698,0.9676189482212066,0.0013514066192194733
1904,3.7251442670822144,0.005847439052266672,0.9675193786621094,0.001319008462887292
1905,3.7256809949874876,0.006142278116453331,0.9673247337341309,0.0014912496454242482
1906,3.726018214225769,0.006018155224350857,0.9672186195850372,0.001495239325447576
1907,3.7261778831481935,0.005849989811067268,0.9671803712844849,0.0014258778151211655
1908,3.726376533508301,0.005853095064855922,0.9670669496059418,0.0012911182645664028
1909,3.726493740081787,0.005771315759023837,0.9670300781726837,0.0012877443338014838
1910,3.726733112335205,0.005860796150080269,0.9669095695018768,0.0013210521581191066
1911,3.727000594139099,0.005931932691041886,0.9668090581893921,0.0013171405218389144
1912,3.7273601293563843,0.006023078751837055,0.966718977689743,0.0012630009086934725
1913,3.727492117881775,0.006082955758014574,0.9666850328445434,0.0012456854307485504
1914,3.72768657207489,0.006093908623453468,0.9665967166423798,0.0011711731357325356
1915,3.7278009414672852,0.006167455115752094,0.9665275692939759,0.0011927386372071371
1916,3.7280560970306396,0.006112058643354916,0.9664682507514953,0.0011978331996715106
1917,3.7281978368759154,0.006404875058673898,0.9664275407791137,0.001224552905512934
1918,3.728536534309387,0.006314252296270468,0.9662446558475495,0.00121610687823187
1919,3.728623151779175,0.0066172966451806675,0.9661524891853333,0.0012899827141882394
1920,3.7288894176483156,0.006584684110337076,0.9660525321960449,0.0012302432841317982
1921,3.728970432281494,0.006934799041801398,0.9660238444805145,0.0013081622198340052
1922,3.729000520706177,0.0068139279358218185,0.9659780263900757,0.0012851033858344639
1923,3.729193902015686,0.006879630594609259,0.965880709886551,0.0013261565650976898
1924,3.7297433853149413,0.007030034381270963,0.9657241344451905,0.001358916988435784
1925,3.7298664808273316,0.007056591534132842,0.9656893074512481,0.0014121037334716088
1926,3.730026698112488,0.007284659430322159,0.9656463265419006,0.0014024772444800571
1927,3.7299832582473753,0.007212221792593413,0.9655783593654632,0.0013606480648753066
1928,3.7299797773361205,0.007328909455840094,0.9654773890972137,0.0014330668339253363
1929,3.729955053329468,0.007143764475157023,0.965461403131485,0.001403252239074442
1930,3.730203080177307,0.0074119300549982834,0.9653788328170776,0.0014903431618232376
1931,3.730342483520508,0.00732062718298489,0.9653303444385528,0.0014734132523656538
1932,3.730541443824768,0.007371412153076003,0.9652658581733704,0.0014484830110073322
1933,3.730583095550537,0.007556779499299436,0.9652513146400452,0.0014447054965179421
1934,3.7307122230529783,0.007404239306222641,0.9652369379997253,0.0014057417364538214
1935,3.7308246374130247,0.007309797269445968,0.9651414155960083,0.0013974819440178692
1936,3.7309834957122803,0.007390035719867523,0.9650711596012116,0.001386352172734187
1937,3.731104874610901,0.007378249890911972,0.9649855196475983,0.0013363496489735595
1938,3.7311864614486696,0.00755273566511929,0.9649007737636566,0.0013948902396254818
1939,3.7311826944351196,0.007539094843388767,0.9648566901683807,0.0013632089703747889
1940,3.731163740158081,0.0075804563591827115,0.9647893011569977,0.0014087678256073611
1941,3.7311262130737304,0.007416399733167203,0.9648013949394226,0.0013837980301312808
1942,3.7310688972473143,0.007457136920394483,0.9647663116455079,0.0014216990357490908
1943,3.7310567140579223,0.007590086856976046,0.9647315800189972,0.0015544677392872557
1944,3.7311883687973024,0.007741783208310771,0.9646583795547485,0.0015885167836700487
1945,3.731197738647461,0.007792502234499441,0.9646090805530548,0.0016182577608459096
1946,3.7313960075378416,0.008090264339250893,0.9645448923110962,0.0017465748651915992
1947,3.7314276695251465,0.00812523792905765,0.9644813418388367,0.0017871822022529828
1948,3.73168568611145,0.008293901269288336,0.9643803298473358,0.00186003450218003
1949,3.73154616355896,0.008398902374485035,0.9643711864948272,0.0019436389353254533
1950,3.7314531803131104,0.008215082537783414,0.964354646205902,0.0019286192181955462
1951,3.731402277946472,0.008064960189016483,0.9643007218837738,0.0018388055057506297
1952,3.731445550918579,0.00815844517828434,0.9642174422740937,0.0018130159880758855
1953,3.731540846824646,0.008241798715296763,0.9641721308231354,0.0017871877892297354
1954,3.731581783294678,0.008254014941520981,0.9641198217868805,0.0017957319002467945
1955,3.7314487218856813,0.008240427759989231,0.964119553565979,0.0018116102515139435
1956,3.7313697576522826,0.00830683579895141,0.9640826523303986,0.0018181460499847985
1957,3.7314783573150634,0.008274090678142502,0.9639804542064667,0.0018306489185542436
1958,3.7316404819488525,0.00795409083714166,0.9639009833335876,0.0017582248487630619
1959,3.7315190553665163,0.007901642330194157,0.9638439297676087,0.0016973118056330444
1960,3.7316933631896974,0.007883972564568386,0.9637298703193664,0.0017224645006312664
1961,3.731656789779663,0.00772454589098733,0.9637313842773437,0.0016657677613810186
1962,3.7315549850463867,0.0077760894215175074,0.9637400329113006,0.0017079973692022282
1963,3.7313818454742433,0.007655645952763749,0.9637485802173614,0.0016576836666427727
1964,3.731288266181946,0.007801112386719067,0.9637429416179657,0.0016696140502776523
1965,3.731248879432678,0.00767279535208215,0.9636951744556427,0.001637138907443795
1966,3.7310565233230593,0.007543840895086836,0.9636828064918518,0.0016036237023260588
1967,3.7309923648834227,0.007438963054348451,0.9636426985263824,0.00153105176178541
1968,3.731246280670166,0.007339394244747473,0.9635543882846832,0.0015369702118761726
1969,3.731339383125305,0.007317478129639733,0.9634599328041077,0.0015396016781969472
1970,3.7312488079071047,0.007462642441015964,0.9634488463401795,0.0015776551974118812
1971,3.731134796142578,0.007417525405104381,0.9634310007095337,0.001566954101759275
1972,3.7311619997024534,0.007359008001645227,0.9634064853191375,0.0014978895418105743
1973,3.731010627746582,0.0073383659094895795,0.9633550524711609,0.0014529883619625458
1974,3.731033110618591,0.007345184754251303,0.9632770240306854,0.0014234696166754996
1975,3.730955171585083,0.007300492513370702,0.9632804095745087,0.0014150450119431415
1976,3.730940413475037,0.007229860866889389,0.9632033824920654,0.0014133126029135575
1977,3.73082275390625,0.007116341139623385,0.963193702697754,0.001397667942522236
1978,3.7306923151016234,0.007191602269757425,0.9632040500640869,0.001436512274624314
1979,3.7307053804397583,0.007230939471296171,0.963141530752182,0.001507538026141292
1980,3.73047080039978,0.007247200444133585,0.9631322503089905,0.0015196091805812486
1981,3.730318069458008,0.007274469858980003,0.9631492555141449,0.0015253873449825976
1982,3.7302215099334717,0.007177350954354916,0.9631334841251373,0.0015042120080265467
1983,3.7300596237182617,0.007208439228700637,0.9630918383598328,0.001526545854382271
1984,3.729976177215576,0.006990584208586676,0.9630958557128906,0.0014831505307307507
1985,3.7299092769622804,0.006939860799792168,0.96302889585495,0.001499386483674695
1986,3.7297856330871584,0.006919393889822913,0.9630459904670715,0.0014534776566708472
1987,3.7297810077667237,0.006729832817449414,0.9629861891269684,0.0014158090864717584
1988,3.7295716285705565,0.0066510964260281455,0.9629905641078949,0.0014123584688760667
1989,3.729535460472107,0.006483398292046137,0.9629187822341919,0.0013563426936292631
1990,3.7294016122817992,0.006505368233582117,0.9628918170928955,0.0014032590345430369
1991,3.7291847467422485,0.00658486581162183,0.9628965318202972,0.001422717146371678
1992,3.729328680038452,0.006464412515214099,0.9628197073936462,0.0014595553680914908
1993,3.729298806190491,0.006486642617826068,0.9627934634685517,0.0015006422642532815
1994,3.7293678522109985,0.006390678437999075,0.9626990139484406,0.001378419847062317
1995,3.729396438598633,0.0066274230489805006,0.9626053035259247,0.0013933905092934496
1996,3.7293752431869507,0.006660159330697279,0.9625617027282715,0.0013687718665485592
1997,3.7293543100357054,0.0067591502025255434,0.9624569773674011,0.0014009345856764624
1998,3.7290929317474366,0.006878379232088913,0.9624693989753723,0.0014117708741925195
1999,3.7290475845336912,0.0069082784433345396,0.9623902201652527,0.001440021705797859
2000,3.651532769203186,0.005106059166972375,0.9692170143127441,0.0016711020732739874
2001,3.651918649673462,0.005201741379985443,0.9690560758113861,0.001633188364590417
2002,3.6524293184280396,0.005328183230804328,0.9688971698284149,0.0016470042663425863
2003,3.6526906728744506,0.005542759089484646,0.9688280045986175,0.0016528206322394172
2004,3.653087782859802,0.00562179621896913,0.9687596917152405,0.0017165614698439757
2005,3.6534844875335692,0.005415580324332091,0.968634432554245,0.0016705062487834127
2006,3.6538533687591555,0.0052428420654280885,0.9685107231140136,0.0016224146712830163
2007,3.654149293899536,0.005448168197282197,0.9683694839477539,0.0017136429620566622
2008,3.654517889022827,0.005271859404473108,0.9682772278785705,0.001607869603586725
2009,3.6548400640487673,0.005375934529523733,0.9681390941143035,0.001691731405911662
2010,3.6549965381622314,0.005516559663971869,0.9680399775505066,0.0017341076810253684
2011,3.6554522037506105,0.005527720812624469,0.9679141998291015,0.0017501664475263964
2012,3.655733513832092,0.005479325394678265,0.9678268015384675,0.0017332938480970922
2013,3.656018853187561,0.005612026855947899,0.9677221059799195,0.0017822661255333554
2014,3.655998158454895,0.005792566629012668,0.9677189767360688,0.0018252172912933315
2015,3.6561985492706297,0.005819801720994388,0.9676251828670501,0.0017503225416229343
2016,3.6564222812652587,0.005708415542967833,0.9675865769386292,0.0016846922894734918
2017,3.6567776679992674,0.005696198411960834,0.9674677193164826,0.0016084053232268264
2018,3.657029366493225,0.005679954693849643,0.9673680424690246,0.0015726122687082758
2019,3.657282853126526,0.0057172794484434625,0.9672783613204956,0.0016123154271279905
2020,3.6575074434280395,0.00579318377603271,0.9671720802783966,0.0016255455247865189
2021,3.657656717300415,0.005838976297432426,0.9671020328998565,0.001703787448046421
2022,3.657726454734802,0.005844066930391483,0.9671025037765503,0.001709241076959655
2023,3.6577742099761963,0.005514580614505009,0.9670943140983581,0.0016775155512079934
2024,3.6579113006591797,0.0056484017254447875,0.9670258581638336,0.001732861553225083
2025,3.658170461654663,0.005719710196737937,0.9668810069561005,0.0017514641392095713
2026,3.65815806388855,0.005676969321950322,0.9668997287750244,0.0016808933120459892
2027,3.6581591606140136,0.0057883351652453265,0.9668928146362304,0.0017394112939078128
2028,3.6580379486083983,0.0057489215961105,0.9669197022914886,0.0016736408510673523
2029,3.658178114891052,0.005621572094475328,0.9668288588523865,0.0016779564796903903
2030,3.658251953125,0.005640635824774753,0.9667640209197998,0.001597861720254794
2031,3.658444881439209,0.005815727745549938,0.9666832685470581,0.0016289329119101121
2032,3.658475089073181,0.005821547486551915,0.9666281342506409,0.0016149972580188291
2033,3.658686637878418,0.005895751074207759,0.9665407419204712,0.001615977296399098
2034,3.6586236000061034,0.005982215283192323,0.9665277898311615,0.001663695437533784
2035,3.6590821504592896,0.005981217153599447,0.9663524091243744,0.0016022942979401628
2036,3.659303092956543,0.006035965323683349,0.9662354469299317,0.0016601575010647554
2037,3.65969557762146,0.006031486843314009,0.9660231590270996,0.0017034584612266148
2038,3.6598256111145018,0.006046079188603359,0.9659651041030883,0.00170180317942413
2039,3.659744310379028,0.005983874006262289,0.9659156143665314,0.0016958024955821744
2040,3.6598405599594117,0.005928402334318506,0.9658428490161896,0.0017156115029568855
2041,3.659994053840637,0.006070463850696444,0.9657708048820496,0.0017009803134794327
2042,3.6600046396255492,0.0061381021980350375,0.9657700717449188,0.0016965640637505073
2043,3.6602426767349243,0.006472710153493294,0.9656757295131684,0.0018352350356265
2044,3.6603190660476685,0.006532226127930676,0.9655900537967682,0.0018096630300619056
2045,3.660432529449463,0.006396761073443946,0.9654975354671478,0.001744369889261448
2046,3.66050238609314,0.006562974874019342,0.9654212772846222,0.0017789927023091111
2047,3.6604162216186524,0.006674114989110461,0.9653763711452484,0.0018484144339209994
2048,3.660594606399536,0.006524892022641291,0.9653471350669861,0.0018459110391773322
2049,3.6604928493499758,0.0066895494751026035,0.9653484642505645,0.0018694492123336234
2050,3.660366082191467,0.00675622451093107,0.9653799772262573,0.001871792676598691
2051,3.6605672359466555,0.006734797847013099,0.9652986109256745,0.0018942502640888544
2052,3.6606515884399413,0.006884928080820877,0.9652031064033508,0.0019605116932755857
2053,3.6606806993484495,0.006929348035387349,0.9651456534862518,0.0019789716705935
2054,3.6607085704803466,0.006838468461571388,0.9651257395744324,0.0019890346324493136
2055,3.660722088813782,0.0068100212567391094,0.9650692045688629,0.001965929031863139
2056,3.660637307167053,0.006799793670982224,0.9650937914848328,0.002015848383014374
2057,3.6606776237487795,0.006838960454233549,0.9650670945644378,0.0020555667356790845
2058,3.6607168674468995,0.006774402230425874,0.96498983502388,0.0020261853817744153
2059,3.6605600118637085,0.006709953121362592,0.965007221698761,0.0019507332798785273
2060,3.660563063621521,0.0067348989091785575,0.9649669110774994,0.002013937180942412
2061,3.6605393171310423,0.006732181062977473,0.9649126470088959,0.0020387973492530078
2062,3.660651922225952,0.006483315623165892,0.9648446381092072,0.0019234525488140077
2063,3.660759520530701,0.006488963527418906,0.9647488594055176,0.0018951822901074342
2064,3.6607600927352903,0.006670750804431028,0.964696329832077,0.001966849134087202
2065,3.6607561349868774,0.006466782822133654,0.9646583318710327,0.00184851688064506
2066,3.6606199026107786,0.006299502162898205,0.964641660451889,0.0017693006913346069
2067,3.660509967803955,0.006419607491213648,0.9646112024784088,0.0018075599014148052
2068,3.6605990886688233,0.006378223227342787,0.9645394086837769,0.0018270480782341394
2069,3.6605427742004393,0.006249452138499203,0.964495849609375,0.0017909756563587575
2070,3.6604694366455077,0.006368092194352425,0.9644870698451996,0.0018241080212687939
2071,3.6603339433670046,0.00632641503448811,0.9644852101802825,0.0017981303625008843
2072,3.6603233337402346,0.0063122365761947175,0.9644356608390808,0.0017945906257101768
2073,3.6603479862213133,0.0064622304763733845,0.964427250623703,0.0017724293942310845
2074,3.6603437662124634,0.006550798763117724,0.9643310725688934,0.0017741355562191862
2075,3.6602077960968016,0.006627824975678143,0.9643097460269928,0.0018061328884001054
2076,3.6602324724197386,0.006558292955968452,0.9642149031162262,0.001812331431546969
2077,3.6601280689239504,0.006529453145969707,0.9642009019851685,0.001739116206831471
2078,3.6600863218307493,0.006629313724035363,0.9641405344009399,0.0017298478796458775
2079,3.660108494758606,0.006606212002628622,0.9641005277633667,0.0017778888499069344
2080,3.6600268363952635,0.00659835107397889,0.9640476763248443,0.0017367759006041222
2081,3.659869933128357,0.006607737868823979,0.9640346229076385,0.0017703706916579237
2082,3.6598540782928466,0.006750012477732549,0.9639759600162506,0.0017424301062317561
2083,3.6596725463867186,0.006666957115920187,0.9639698207378388,0.0017239754627780615
2084,3.6596458196640014,0.0066061610400330465,0.9638924896717072,0.0017073702560465704
2085,3.659759020805359,0.006900755163646565,0.9638286888599396,0.001737316636811396
2086,3.6597361326217652,0.007011921214541129,0.963778269290924,0.001774298266843265
2087,3.6596596240997314,0.006900906830853992,0.9637218534946441,0.001729319151015242
2088,3.65958833694458,0.006834136045969654,0.9636786460876465,0.001719912148842877
2089,3.6594608306884764,0.006718322012626988,0.9636675179004669,0.001767607196687684
2090,3.659337282180786,0.006978431128728558,0.9636501550674439,0.001771430911954816
2091,3.659078764915466,0.007072577486947892,0.9636832892894744,0.0017615860010467108
2092,3.6589393854141234,0.00691475982768098,0.9636346399784088,0.0017097630166416943
2093,3.6588010787963867,0.006841674963549276,0.9636301100254059,0.001695233009143728
2094,3.6588363885879516,0.006830693605590058,0.9635634303092957,0.0016682978718487566
2095,3.65863037109375,0.006833866308254654,0.9635468244552612,0.0017046993393689067
2096,3.658433032035828,0.006873284113940652,0.9635241866111756,0.0016996088358376487
2097,3.658585619926453,0.006811835331930776,0.9634156823158264,0.0016515691945500743
2098,3.658605146408081,0.006980609942946662,0.9633263945579529,0.0016643352448019082
2099,3.6586034536361693,0.007085299125159117,0.9632438778877258,0.0016851036167674167
2100,3.5794880628585815,0.006022613900761232,0.9699821174144745,0.0016537214730103778
2101,3.579737687110901,0.006241740080489579,0.9699249744415284,0.0016483746170040958
2102,3.580164098739624,0.006425049811221616,0.9697900176048279,0.0016666637587245867
2103,3.580526089668274,0.006366645982789417,0.9696665406227112,0.0016524293499695004
2104,3.5808961629867553,0.006217879313894652,0.9695736408233643,0.001561118124192544
2105,3.581209993362427,0.006194489292517537,0.9695204198360443,0.0015119668506465183
2106,3.5815035581588743,0.00610836218994099,0.9694486916065216,0.00147091379461275
2107,3.5816893100738527,0.0061497546788428,0.9694063901901245,0.0014274283722464408
2108,3.5821176290512087,0.005874218980329768,0.9692984163761139,0.0014607852234993935
2109,3.582296347618103,0.005855647410995795,0.9692481160163879,0.0014450571520458779
2110,3.5824748516082763,0.005957089932448202,0.9691984355449677,0.001512214521392394
2111,3.582737946510315,0.005901375313976387,0.9691214740276337,0.0015052728777017554
2112,3.5830955266952516,0.005757082317276129,0.9689900279045105,0.0014318228346903127
2113,3.583316969871521,0.005984019788348881,0.9688601315021514,0.0014244515835791245
2114,3.583636212348938,0.0059130101187741665,0.9687773704528808,0.0013849391725568778
2115,3.583990049362183,0.005887563502141316,0.968650221824646,0.0014394855484428579
2116,3.5840930461883547,0.005753035467619806,0.9686237335205078,0.0014852579950809463
2117,3.5841343641281127,0.005600285224736103,0.968642383813858,0.0015016896734702705
2118,3.5843358039855957,0.005608807057714058,0.9685716748237609,0.0016093828117961068
2119,3.58446090221405,0.00578127865731402,0.9684840381145478,0.0016565493775319295
2120,3.5846233129501344,0.005678909049533059,0.9683797657489777,0.0015873137528417257
2121,3.584655261039734,0.005725271431179092,0.9683730840682984,0.0015885259314648331
2122,3.584966778755188,0.0056686443853975815,0.9682008445262908,0.0016197633595807946
2123,3.5850712060928345,0.005710414010266934,0.968143206834793,0.001633660632265189
2124,3.5851996660232546,0.00576835592222558,0.9681465566158295,0.001665794602715476
2125,3.585581350326538,0.005957884984603841,0.9680212616920472,0.0017156218368322973
2126,3.5857576608657835,0.005944201600223641,0.9679826021194458,0.0017489425099709353
2127,3.5857606649398805,0.0057835322548735165,0.9679782867431641,0.0016886115035866188
2128,3.5857421159744263,0.0059078735956352504,0.9679655790328979,0.0017054550085521525
2129,3.58568069934845,0.005957550745384958,0.9679697990417481,0.0017467166954664188
2130,3.5858416318893434,0.005919964466364228,0.9679405987262726,0.0017109198096477488
2131,3.585948848724365,0.005838025618033108,0.9678535878658294,0.0016568223149005879
2132,3.586122012138367,0.005875023039920855,0.9677427351474762,0.0016731505081309227
2133,3.586107039451599,0.00590046262148078,0.9677233874797821,0.0017335889975704972
2134,3.586052107810974,0.006017050481534754,0.9677287518978119,0.0017283923186042472
2135,3.586141490936279,0.005985901221527592,0.9677178144454956,0.0017388405633531742
2136,3.5863001346588135,0.005868984104259038,0.967609965801239,0.001758735097618015
2137,3.5862091779708862,0.005788641686000629,0.9675434231758118,0.0017047545858407099
2138,3.586170482635498,0.005665471362446698,0.9675256073474884,0.0016593704977327997
2139,3.5861947774887084,0.005729264176203382,0.9674602031707764,0.0017483906361210034
2140,3.5862510204315186,0.005871045452542276,0.9674192070960999,0.0017221976784911784
2141,3.5864747524261475,0.005722104361685817,0.9673234581947326,0.0016724071220151767
2142,3.5864409446716308,0.005697315152275743,0.9673306107521057,0.001640439711423219
2143,3.586551642417908,0.005554458748578481,0.9672518730163574,0.0015991038620962181
2144,3.586729383468628,0.0056658784319016916,0.9671661555767059,0.0016369740122363923
2145,3.5868417024612427,0.005554943208382167,0.9670658230781555,0.0015999533272933143
2146,3.586975598335266,0.005715797017217298,0.9670126020908356,0.0016119307978776296
2147,3.587045931816101,0.00589478159186716,0.966952258348465,0.0015776865012552038
2148,3.5871936321258544,0.0057252830660029855,0.966877281665802,0.0015282106999620116
2149,3.5871931314468384,0.005824646996318773,0.9668408811092377,0.001516853656290638
2150,3.5871326446533205,0.005726245418358224,0.9668576717376709,0.0014795933108529193
2151,3.5870087862014772,0.005600283778460444,0.9668667435646057,0.0014707827719579523
2152,3.5870959520339967,0.005474800097121815,0.966786140203476,0.0014593537962396448
2153,3.5872718572616575,0.005776528173700123,0.9667063057422638,0.0014912672667444337
2154,3.5873294830322267,0.005779569232881378,0.9666494131088257,0.0014765916877417572
2155,3.5875218868255616,0.005662042814815087,0.9665267944335938,0.0014743815297871667
2156,3.5875439405441285,0.005651448146648242,0.9665518760681152,0.0014259043501667497
2157,3.5874491214752195,0.005631529611120477,0.9665256798267364,0.0014500439255892331
2158,3.587495970726013,0.005657840683593361,0.9664416372776031,0.0014282445425304094
2159,3.5874134302139282,0.0056303091313216055,0.9664089560508728,0.001427088317865684
2160,3.587470602989197,0.005633008135839843,0.9663693904876709,0.0013955130640881655
2161,3.587505006790161,0.005614163597479338,0.96629438996315,0.0013553333449875325
2162,3.5874264240264893,0.005846488529694127,0.9662842154502869,0.0013401963676586567
2163,3.587547540664673,0.0059667216222015936,0.9661677062511445,0.0013606826398973532
2164,3.5873912811279296,0.006017464953893945,0.9661864399909973,0.0013745700248185995
2165,3.587416338920593,0.006104754670537052,0.9661136090755462,0.0014335245794999051
2166,3.587350916862488,0.006313737120970634,0.9660624325275421,0.001490350228158505
2167,3.587345767021179,0.006275831232041585,0.9659907996654511,0.0014420285753886024
2168,3.587437963485718,0.006335485565268767,0.9659475684165955,0.0014202757486844882
2169,3.5873175859451294,0.006277223388567007,0.9659254133701325,0.0014022457479469688
2170,3.587211847305298,0.006381238653163268,0.9658828496932983,0.0014432791736380774
2171,3.5874353885650634,0.006373302632523325,0.9657653272151947,0.0014690721422243697
2172,3.587424612045288,0.006286179745085202,0.9657170116901398,0.001467790432075866
2173,3.587371063232422,0.006098470133731489,0.9656758964061737,0.0014780668405819234
2174,3.5873000383377076,0.006191017116525243,0.9656351327896118,0.001577929670665832
2175,3.5872196435928343,0.006160842402672699,0.9656149089336395,0.0015128351508242703
2176,3.5872214078903197,0.006101865947461721,0.9655814588069915,0.0014894982108630108
2177,3.5871142387390136,0.006026862379346898,0.965521615743637,0.0014679342722770377
2178,3.5870843887329102,0.00622887325530803,0.9654689192771911,0.0015108445806613594
2179,3.5870434761047365,0.0062759959203633,0.9654431223869324,0.0015040556318174619
2180,3.587051033973694,0.006225779946063797,0.9653846144676208,0.0015445910032328381
2181,3.586860918998718,0.0062321810315110054,0.9653921782970428,0.0014967991755592185
2182,3.5867902278900146,0.006151063269458105,0.9653605043888092,0.0014928086824048978
2183,3.586794447898865,0.006159277596721847,0.9652965664863586,0.001493853806043633
2184,3.5868255615234377,0.006124475728341865,0.9652137339115143,0.0015202896824803604
2185,3.5867058515548704,0.006217667169346888,0.9651767373085022,0.001593145738824863
2186,3.586742377281189,0.00619122897925123,0.9650886476039886,0.0015511827737978879
2187,3.586641025543213,0.006320558917010901,0.9650460541248321,0.0016102402789825066
2188,3.5865212202072145,0.006323922527318331,0.9650038123130799,0.0016570268591153488
2189,3.5863777875900267,0.006292827803496426,0.9649809658527374,0.0016150621279969407
2190,3.5863367080688477,0.006421000539584874,0.9649203836917877,0.0016096354426914775
2191,3.586177849769592,0.006402607373624911,0.9648854494094848,0.0016151932595096976
2192,3.5861775398254396,0.006297080034138104,0.9648382663726807,0.001565237590973592
2193,3.586266016960144,0.006459492393316332,0.9647540032863617,0.0015989719143730166
2194,3.5861225843429567,0.006622235780983466,0.9647512435913086,0.001630625107297215
2195,3.585952711105347,0.006539340685497178,0.9647361159324646,0.0016388561745832207
2196,3.5859540939331054,0.006403495233104206,0.9647026240825654,0.0016184332708005058
2197,3.5857234716415407,0.006320522682681827,0.9647123873233795,0.0016090399051898224
2198,3.585662317276001,0.00636042624581535,0.964630264043808,0.0016614118588782702
2199,3.585790586471558,0.006492203937325044,0.9645243644714355,0.0016606558359829725
2200,3.5134881734848022,0.005469428428643166,0.9694852888584137,0.0020628200986411963
2201,3.513689732551575,0.005622571494798527,0.9694312870502472,0.002123379772092555
2202,3.5138562679290772,0.005507353663093227,0.9693975746631622,0.0020851793335980146
2203,3.5142189502716064,0.005396566973813565,0.9692862749099731,0.0020591477656100006
2204,3.514672565460205,0.005262504617190096,0.9691860437393188,0.0020351384997687742
2205,3.5149641275405883,0.005097541828666901,0.9691255867481232,0.0020257555029149442
2206,3.5154317378997804,0.005208400377455777,0.9690179884433746,0.0020528194865275305
2207,3.5157555818557737,0.005283856877454476,0.9689687967300415,0.002015897288936716
2208,3.5161083936691284,0.005486681397811541,0.9688540101051331,0.0019989401600694597
2209,3.516375494003296,0.005751758286273205,0.9687406063079834,0.00204676129380454
2210,3.516560745239258,0.005570493972871254,0.9686472296714783,0.0020483185958448742
2211,3.516873908042908,0.00533627109138655,0.9685456931591034,0.0020482638731491995
2212,3.5171119213104247,0.005491131384418115,0.9684822678565979,0.002095366946952701
2213,3.5173665046691895,0.005489103392419304,0.9683920741081238,0.0021102737684690434
2214,3.5174619436264036,0.005592669158085836,0.9683941662311554,0.002092224785430899
2215,3.517683219909668,0.0055471323433385535,0.9683417916297913,0.0021247881876158285
2216,3.517980146408081,0.005773201441502073,0.9682539641857147,0.0022062727290738464
2217,3.518032169342041,0.0056320641819259595,0.9682030141353607,0.002174039086366919
2218,3.5183012962341307,0.005604255693604426,0.9681258976459504,0.002132457385712384
2219,3.5187270641326904,0.005474493174243399,0.9680319130420685,0.0020686508713970517
2220,3.5189980268478394,0.0052636064482211,0.9679566264152527,0.0020502643649070755
2221,3.5190024614334106,0.005155290335657035,0.9679523169994354,0.0020383304534824748
2222,3.5191574811935427,0.0048980363313628865,0.9678783178329468,0.001973787662370398
2223,3.519262409210205,0.005100392821976272,0.9678484737873078,0.002012079098493753
2224,3.5195119380950928,0.005066815690403901,0.9677586257457733,0.0019892004453780387
2225,3.5199212074279784,0.005037948212375939,0.967686903476715,0.002056197786363793
2226,3.520066332817078,0.004951232586426339,0.9676159620285034,0.002013677828233619
2227,3.5204088926315307,0.004628287634981687,0.9674525141716004,0.0019349629556977932
2228,3.5205866575241087,0.004364039876261103,0.9673583030700683,0.0018585777313853257
2229,3.5204612016677856,0.00442507771437414,0.9673322200775146,0.0018813767357259228
2230,3.5205665588378907,0.00450146129532044,0.9672646820545197,0.0018766423104582496
2231,3.5208545446395876,0.004539383440229443,0.9671480774879455,0.0017997623907473929
2232,3.521098184585571,0.004444404395496482,0.9671070098876953,0.0017751365703012737
2233,3.5213613271713258,0.0043259878741412315,0.9669595897197724,0.0017266733075089647
2234,3.521407389640808,0.00427572960276337,0.9669607818126679,0.0016650963784201247
2235,3.521487808227539,0.00442085644607557,0.966896939277649,0.0017065736882888882
2236,3.521584701538086,0.0042735306578784845,0.9668822884559631,0.0016113122973087299
2237,3.5216699600219727,0.004231517871994478,0.9668194949626923,0.0016173280701995373
2238,3.5216034650802612,0.004387355412211304,0.9668213784694671,0.001621807651330593
2239,3.52163507938385,0.004399199332469187,0.9667595565319062,0.0017110117017490726
2240,3.5217647314071656,0.004322766483241603,0.966714209318161,0.0017184563579127228
2241,3.5217728853225707,0.004434722886941829,0.9666771769523621,0.001702101193167491
2242,3.521808314323425,0.0045097976067286945,0.9666013181209564,0.0017868659356153453
2243,3.5219189643859865,0.004757242947832873,0.9665184080600738,0.0018066264778457714
2244,3.5219059705734255,0.004981956942352817,0.9665295064449311,0.0018782011478457631
2245,3.5218557357788085,0.005082062576508523,0.9665095806121826,0.0019271819686683337
2246,3.521702289581299,0.005116578628198103,0.9665513575077057,0.0019050708731627574
2247,3.521760654449463,0.005180556182285148,0.9664932668209076,0.0018606191021966873
2248,3.5218111515045165,0.005242202206825724,0.9664129078388214,0.001888670113563949
2249,3.5219060659408568,0.005368087191962644,0.9663181602954865,0.0019136117711228027
2250,3.521896314620972,0.005356446042084048,0.9662771403789521,0.0018701776656172518
2251,3.5217687845230103,0.005245799596637941,0.9662740111351014,0.0018592555972891881
2252,3.522085094451904,0.005395060515031528,0.966166365146637,0.001959070072978197
2253,3.522067666053772,0.005565711187810313,0.9661340713500977,0.00194868362745114
2254,3.5222029447555543,0.005601930241117995,0.9660429000854492,0.0018612262096331905
2255,3.522169494628906,0.0057362381725040434,0.9659967601299286,0.0018872298137142347
2256,3.5222875118255614,0.00576633541947105,0.9659070909023285,0.0018757032616217298
2257,3.5223217487335203,0.005747807586526553,0.9658255517482758,0.001904920598114544
2258,3.522241640090942,0.005674830096851372,0.9657955944538117,0.0018404689460459478
2259,3.5221330642700197,0.005614943207444651,0.9657947957515717,0.0017826618296861395
2260,3.521984314918518,0.005458768072905831,0.9658012092113495,0.0018135571062794075
2261,3.5217997789382935,0.005491610386895709,0.9658361911773682,0.0017968943048986732
2262,3.5217099666595457,0.005506424435281146,0.965820974111557,0.001814808617339079
2263,3.521752119064331,0.005536577344672856,0.9657420575618744,0.0018183812503805203
2264,3.5216381788253783,0.005529860690780562,0.9657273888587952,0.0018835377772361101
2265,3.5217165470123293,0.005652997843467491,0.9656777262687684,0.0018738200371010622
2266,3.52180016040802,0.005815425962023025,0.9655865073204041,0.0019404423606241303
2267,3.521797204017639,0.0058262121423126876,0.9655448615550994,0.002012261801858344
2268,3.5216442584991454,0.005835529831477345,0.9655868351459503,0.002010847361223189
2269,3.52167432308197,0.005962300957630867,0.9655386805534363,0.0020330908359331235
2270,3.521623635292053,0.005707419744422143,0.9654977917671204,0.0019992897431065308
2271,3.5215127944946287,0.005669971434684293,0.9654435873031616,0.0019910513157205185
2272,3.5216880798339845,0.005773391994409552,0.9653625845909118,0.0019795118450254704
2273,3.5216936111450194,0.005803469430331287,0.9653365850448609,0.0019662268084955532
2274,3.5215803384780884,0.005855893791526185,0.9652972996234894,0.0019730521034341643
2275,3.5214537143707276,0.005818464955400196,0.9652785181999206,0.0018945110790905373
2276,3.5213168382644655,0.005809225228796178,0.9652666091918946,0.0018494977977146416
2277,3.5211400270462034,0.0058204395068349665,0.9652748107910156,0.0018557625637921167
2278,3.521164870262146,0.005571545299358906,0.9651966035366059,0.0017514014690409448
2279,3.5210590839385985,0.005556642492033235,0.96515873670578,0.0017007703628598117
2280,3.520857501029968,0.005642455893462355,0.965173876285553,0.001679868426721177
2281,3.5207701921463013,0.005675301385324954,0.9651298582553863,0.0016840083136608322
2282,3.520663046836853,0.0056923849088844295,0.9651123225688935,0.0017387707764648628
2283,3.52060706615448,0.0056643794128578276,0.9650819540023804,0.0016963421609987568
2284,3.52042498588562,0.005759063778944654,0.9650842010974884,0.0017603792364664064
2285,3.5202404737472532,0.0057206158948883215,0.9650670886039734,0.0016629253582482362
2286,3.5201546430587767,0.005716440647600946,0.9650244057178498,0.0016349297708118144
2287,3.520117092132568,0.005667604071283758,0.9649692952632904,0.001666860552830458
2288,3.520113468170166,0.005773888425489744,0.9649401128292083,0.0016684255613397775
2289,3.5199742555618285,0.00568089925549781,0.9649365544319153,0.0016210855726866945
2290,3.519903874397278,0.005781297178546965,0.9649393379688262,0.001654608999476669
2291,3.5196587562561037,0.00587222369929991,0.9649546802043915,0.0016374788900509149
2292,3.5198952674865724,0.005890456553855421,0.9648320019245148,0.0017142354250154
2293,3.519810199737549,0.005819932485765058,0.9648039519786835,0.0017591311234112002
2294,3.5196609020233156,0.0059110321812206445,0.9647698998451233,0.0018374211484451597
2295,3.5196358442306517,0.0059572869435889405,0.9647237360477448,0.001789848713125293
2296,3.5194900751113893,0.005983111785634624,0.9646964430809021,0.0018125678680033957
2297,3.5194623708724975,0.006124465570047603,0.9646816730499268,0.0018365982099033623
2298,3.5195496797561647,0.006139632067786963,0.9645690500736237,0.001791629660895906
2299,3.5193865299224854,0.006302099739256658,0.9645670473575592,0.0017956353829790663
2300,3.4448832273483276,0.004859730337845303,0.9713036596775055,0.0018457826657038527
2301,3.44540753364563,0.005105480386639355,0.971109801530838,0.001944426606429286
2302,3.445748233795166,0.005194088634195589,0.9710066735744476,0.001984150126193916
2303,3.445978593826294,0.005450010845865205,0.9709438264369965,0.0020565838362143177
2304,3.446035599708557,0.005311032021425831,0.9709108591079711,0.002039650978321294
2305,3.446524977684021,0.005285499040900471,0.9706953048706055,0.001963159073142492
2306,3.44686336517334,0.005603926483638901,0.9706355214118958,0.00205120530314852
2307,3.447088670730591,0.005413550405907699,0.9705193996429443,0.0019799890322253163
2308,3.447169780731201,0.005315363359865311,0.9704992413520813,0.0019362325274596436
2309,3.4473556756973265,0.005199127884648592,0.9704041361808777,0.001896049219216091
2310,3.447794222831726,0.005241993697198536,0.9702260792255402,0.0019725101463760504
2311,3.448032522201538,0.005397272110476796,0.9701615929603576,0.002025218199820223
2312,3.448197603225708,0.005452931001948495,0.9700517058372498,0.0020813094749370757
2313,3.4483111619949343,0.005542796213587926,0.969998162984848,0.002081829876268975
2314,3.4484869480133056,0.005648933715476093,0.9699178755283355,0.0021009811480299156
2315,3.4487043619155884,0.005847988157294245,0.9698385238647461,0.0022360046398453345
2316,3.449074125289917,0.0056292354371505135,0.96968794465065,0.00222765429050326
2317,3.4493706703186033,0.005220883280036519,0.9695929050445556,0.002171276169333945
2318,3.449578547477722,0.005219119641044505,0.9694989264011383,0.002185722257678019
2319,3.4496055126190184,0.005179440963359241,0.9694680869579315,0.002215391838659108
2320,3.4496881484985353,0.0050454506838549336,0.9694199621677398,0.002164251758130541
2321,3.449805808067322,0.0051297762151796406,0.9693460881710052,0.0021732774039041067
2322,3.4501492500305178,0.004951761090502693,0.9692119896411896,0.002146941287732542
2323,3.4504354000091553,0.004845408286121015,0.9691140711307525,0.0021154944158095716
2324,3.450683522224426,0.00464134072849014,0.9690517246723175,0.0020868556577042325
2325,3.4507032871246337,0.004611421278140691,0.9690243542194367,0.0020552504174589743
2326,3.45087206363678,0.0045543047834863655,0.9689461171627045,0.002015678810740777
2327,3.451000118255615,0.004684513270770301,0.9689111292362214,0.0019900963802146746
2328,3.4513399600982666,0.00493496158174422,0.968783724308014,0.002057386936896008
2329,3.4513582468032835,0.00517760400099872,0.96875,0.0021231558703332844
2330,3.4514303684234617,0.005160839744774479,0.9686832427978516,0.002145908529873294
2331,3.4514336347579957,0.005227554333940827,0.9686337947845459,0.0021151939299068542
2332,3.4515347719192504,0.005138270416405127,0.9685931265354156,0.0020865863084824562
2333,3.4515581846237184,0.004996412112838236,0.9685611009597779,0.002002329694040901
2334,3.4517845630645754,0.004947604858417674,0.9684313714504242,0.001970677118430067
2335,3.4518699407577516,0.004978423093685189,0.9683680057525634,0.0019736975190735723
2336,3.452196216583252,0.004962144237619796,0.9682648718357086,0.0019643869904941973
2337,3.4521493434906008,0.005048194918368752,0.9682352066040039,0.0019744785373288012
2338,3.4524036645889282,0.005003815499248903,0.968109792470932,0.0019744191746847357
2339,3.4524189710617064,0.0049352367654882795,0.9680732488632202,0.001957443967977189
2340,3.452540421485901,0.005047548957014246,0.9680133163928986,0.0019712740967151488
2341,3.45268075466156,0.0050895450826634785,0.9679460942745208,0.001982777100110639
2342,3.4527432203292845,0.005233143405290603,0.967903071641922,0.002045608855258229
2343,3.452633786201477,0.0052451478348312045,0.9678526937961578,0.0020330387346309082
2344,3.452653503417969,0.00534644200959398,0.9678183197975159,0.002018384921830105
2345,3.452666163444519,0.005463141908464817,0.967822927236557,0.0020258210716938225
2346,3.4526865243911744,0.005425071916937352,0.9677736759185791,0.0019911306411250565
2347,3.4526643991470336,0.005538206513072678,0.9677478671073914,0.0020250132005186533
2348,3.452650260925293,0.005527773749849936,0.9677070677280426,0.001980214551172159
2349,3.4526655435562135,0.005640837579848032,0.9676666498184204,0.0020239408947695585
2350,3.452871584892273,0.005615778630689681,0.9675814270973205,0.002043176338317265
2351,3.452984929084778,0.0054765102429450005,0.9674819946289063,0.001967126095810804
2352,3.4531180381774904,0.005459895618489758,0.9674357891082763,0.001974510298225053
2353,3.453146815299988,0.005163413971450608,0.9673751533031464,0.0018830009392368952
2354,3.453150486946106,0.0051000489122039715,0.9673446834087371,0.0018647417257894887
2355,3.4531484127044676,0.005082630362516305,0.9672923982143402,0.0018038922607009585
2356,3.4531357049942017,0.005237531076728218,0.9672626078128814,0.0018529095000220494
2357,3.4531067848205566,0.00515477034763118,0.9672476768493652,0.0018508666064023975
2358,3.453110098838806,0.005125468698828693,0.9671965658664703,0.001869711345970446
2359,3.4528836011886597,0.005053597284336259,0.9672182083129883,0.0018631226503578733
2360,3.452859354019165,0.005181086122311681,0.9671605288982391,0.001895365389623713
2361,3.4529233455657957,0.005165384994473903,0.9670747458934784,0.0019062745583992245
2362,3.4529616355896,0.0052312611877679115,0.9670039892196656,0.0019131367712017506
2363,3.4531306505203245,0.005220018802691027,0.9669055044651031,0.0018880214744391747
2364,3.453028440475464,0.005244100864287474,0.9668856024742126,0.0019189254266368172
2365,3.453037452697754,0.00544432545734987,0.9668728828430175,0.001931555891658639
2366,3.4529850006103517,0.0053575399807410376,0.9668253123760223,0.0018794461404010037
2367,3.4529395580291746,0.005277442659406736,0.9667642116546631,0.0018493090403363416
2368,3.4528176307678224,0.005375839371129595,0.9667314112186431,0.001865104205395978
2369,3.4527600765228272,0.005594617305992205,0.9666988968849182,0.0019151951827998217
2370,3.452778935432434,0.005769305633140446,0.9666529178619385,0.002012439929880495
2371,3.4527286767959593,0.00577059829017499,0.9666826367378235,0.0019777366553169824
2372,3.4526270627975464,0.005839579939114713,0.966650766134262,0.0019834766628455854
2373,3.4526829957962035,0.005851551945937922,0.9665852308273315,0.0020072784197224486
2374,3.452767276763916,0.005627490082313075,0.966547292470932,0.0019736419846334333
2375,3.4525713205337523,0.005633156158442226,0.9665365993976593,0.0019431969518927117
2376,3.452708292007446,0.005791771616134369,0.9664791047573089,0.0019224556197573496
2377,3.4528882265090943,0.005846885325468074,0.9663753926753997,0.0019052615017589771
2378,3.452782464027405,0.005846644191780252,0.9663323521614074,0.0018955959391856643
2379,3.4527113676071166,0.005788303399904877,0.966263222694397,0.0018524896070917659
2380,3.452614450454712,0.00574167301371377,0.9662210166454315,0.0017787221440638285
2381,3.452530026435852,0.00579741414441627,0.96618572473526,0.0017727933403162172
2382,3.4524017810821532,0.005845272167779058,0.9661442041397095,0.0018052048660149131
2383,3.4523404121398924,0.005812971504977546,0.9661030173301697,0.0017670025976778139
2384,3.4521967649459837,0.005729815725763239,0.9661139845848083,0.0017364777373360893
2385,3.4520355701446532,0.005754347574649562,0.9660861730575562,0.0017447512393513928
2386,3.452066683769226,0.0057632509140712945,0.966032886505127,0.001758818100188597
2387,3.452038836479187,0.005778803099129044,0.9659416615962982,0.001804892390783301
2388,3.451925444602966,0.005884009306645389,0.9659148812294006,0.0018022512336846408
2389,3.451737904548645,0.005915689016411954,0.9658819794654846,0.0018014072444476796
2390,3.4517387628555296,0.005997847829397951,0.9658366978168488,0.0017862400707027801
2391,3.4515886068344117,0.006001013633862424,0.9658169746398926,0.0017892189548317284
2392,3.4513606309890745,0.006017045718116862,0.965841269493103,0.0018184178783059559
2393,3.4514007568359375,0.006124490987072767,0.9657717227935791,0.001828383138590661
2394,3.451358985900879,0.006126907859069078,0.9657835960388184,0.0018382442914621807
2395,3.4511900901794434,0.006025667832350793,0.9657705664634705,0.001815623326903244
2396,3.4510536670684813,0.005826038565527905,0.9657453119754791,0.0017850370242521178
2397,3.4508029222488403,0.005867748584279229,0.9657571375370025,0.001789789917431346
2398,3.4506609201431275,0.005848699589386588,0.9657382488250732,0.0018058064350745698
2399,3.4504709482192992,0.005858403596867655,0.9657560765743256,0.0018038532362593283
2400,3.3756842613220215,0.004834970610485299,0.972893476486206,0.001247061307172588
2401,3.3759744644165037,0.004838501439547446,0.9728080689907074,0.0012654722179872345
2402,3.37640118598938,0.004916500470215603,0.9727237105369568,0.0012149468631312613
2403,3.376713514328003,0.004790765502466139,0.9725819051265716,0.0011842323958039837
2404,3.3770066022872927,0.005279883620019797,0.9724903106689453,0.0012971913609975904
2405,3.3772596597671507,0.005165075965507939,0.9724191129207611,0.0013673542476569862
2406,3.377891945838928,0.005152145213115455,0.9722434878349304,0.001364045541979856
2407,3.378107261657715,0.005127657147659201,0.9721936702728271,0.0013363660792859273
2408,3.378462481498718,0.005081140427152541,0.9720404744148254,0.0013461145814071618
2409,3.378743028640747,0.004941340953330125,0.9719642758369446,0.0012962852834383465
2410,3.379006862640381,0.004805898481841252,0.9718422949314117,0.0012348413359261614
2411,3.379213571548462,0.004908962623824698,0.971796053647995,0.0012942811367554936
2412,3.379471945762634,0.005097890097451568,0.9716949820518493,0.001347841364236106
2413,3.3797757148742678,0.005215898081659228,0.9715950727462769,0.0013350626388140413
2414,3.3799237489700316,0.005237858769148556,0.9715693414211273,0.001427304643239567
2415,3.380117106437683,0.005487359032683169,0.9714713335037232,0.0014690659504452736
2416,3.3804176568984987,0.00554425044490679,0.9713113307952881,0.0013805623551063236
2417,3.3806009531021117,0.005579989322278342,0.9712338626384736,0.0013767499361216646
2418,3.380713963508606,0.005678605881694374,0.97116619348526,0.001404192306385378
2419,3.380818581581116,0.0056450910976747265,0.9711081445217132,0.0014273097153111314
2420,3.380932855606079,0.005645576132123248,0.9710507690906525,0.001434832191827833
2421,3.381158399581909,0.0057190559264373815,0.9709940493106842,0.0014838370407833337
2422,3.3814197063446043,0.005536470881497502,0.9708682060241699,0.0014803393161423616
2423,3.381647753715515,0.005516163625882182,0.9707437574863433,0.0014477814231822867
2424,3.3818984270095824,0.00545571753080536,0.9705948173999787,0.001368759064162316
2425,3.3819796562194826,0.005358564991145854,0.9705418348312378,0.0013356735577578355
2426,3.3822030782699586,0.005346636472882971,0.9704382598400116,0.0013142183929457753
2427,3.382336068153381,0.005476038428143617,0.9703527927398682,0.0013169264643692242
2428,3.382574701309204,0.005465353445537489,0.9702597796916962,0.0013723004916062326
2429,3.382741117477417,0.005737842979025518,0.9701510012149811,0.0014556490422105647
2430,3.3829323053359985,0.005740351683533961,0.9700517356395721,0.0015068699434107819
2431,3.383014273643494,0.005765579016347389,0.9699950218200684,0.0015661810065429227
2432,3.383201575279236,0.005781591525929096,0.9699223875999451,0.0015229004794386092
2433,3.3833022356033324,0.005847456900357125,0.969866955280304,0.0014986828586579985
2434,3.383381462097168,0.0058846883251446125,0.9698284268379211,0.0015255612068071152
2435,3.3834629535675047,0.0059302560083604435,0.9697821855545044,0.001600361380228426
2436,3.3834702730178834,0.0059583260636265675,0.9697606801986695,0.0016666276932538115
2437,3.383581304550171,0.00584310854727284,0.9697152554988862,0.0015949428839959296
2438,3.3837352991104126,0.005833608224010733,0.9696222722530365,0.001582273957373746
2439,3.3840096950531007,0.00596962458787158,0.9695222914218903,0.0016572887799794125
2440,3.3838988065719606,0.006108750868917472,0.969542133808136,0.001687098671163135
2441,3.3838368892669677,0.0061191194093650975,0.9695460319519043,0.001665382504471382
2442,3.383833408355713,0.005899110366686073,0.9694949865341187,0.0015578968185628798
2443,3.3841195106506348,0.005885261713417562,0.9693976283073426,0.0016032126576250218
2444,3.3842740774154665,0.005862450173689905,0.9693323075771332,0.0015725022270912836
2445,3.384257411956787,0.005838852233721541,0.969267612695694,0.0015080993871036522
2446,3.384255886077881,0.005757433085084804,0.96924968957901,0.0015051349703512694
2447,3.3841782808303833,0.0057627574514793715,0.9692548930644989,0.0015433049451060844
2448,3.384110951423645,0.005706971249794529,0.9692448139190674,0.001527177123469275
2449,3.384217357635498,0.005860709793454063,0.9691591024398803,0.001573987691826537
2450,3.384182643890381,0.005955467518791587,0.9691420376300812,0.0015806545168058769
2451,3.384001874923706,0.005904829219938012,0.9691701650619506,0.0015378361499200706
2452,3.3840524196624755,0.005897312259447799,0.9691009640693664,0.0015583254785521462
2453,3.3840494632720945,0.005940844430492353,0.9690472602844238,0.0015558193354773063
2454,3.3841166734695434,0.006084124624530899,0.96894970536232,0.0015805341064161393
2455,3.384111189842224,0.005966023254666057,0.9689266800880432,0.0015972532917233825
2456,3.3840713024139406,0.005984595623175564,0.9688892245292664,0.001600517398719573
2457,3.3840784311294554,0.005893614135217211,0.9688521027565002,0.0015778655120777887
2458,3.3842370748519897,0.006051801923640643,0.9687862873077393,0.0015504890884282898
2459,3.384179210662842,0.006089366880795691,0.9687644481658936,0.0015523154632683632
2460,3.384044337272644,0.0060061883526712195,0.968778771162033,0.0015593983688458948
2461,3.384148049354553,0.006110685458884209,0.9687142193317413,0.0015840351307064137
2462,3.384218716621399,0.006045941659659975,0.9686644792556762,0.0015362242345124215
2463,3.3843230962753297,0.006018749174661609,0.9686010122299195,0.0014911623853172092
2464,3.3844220876693725,0.006010710376017844,0.9685240030288697,0.001485869628144175
2465,3.384502124786377,0.006051292689189385,0.9684547126293183,0.0014717329469537003
2466,3.384500336647034,0.0061216953045090065,0.968393063545227,0.0014924356474940053
2467,3.384506106376648,0.006202496296028376,0.9683180034160614,0.0014366300143420587
2468,3.384411859512329,0.006035999949046931,0.9683129906654357,0.001367476238085885
2469,3.384380841255188,0.006099711991973825,0.9682734787464142,0.0013866570377452595
2470,3.3843827724456785,0.005955743401134868,0.9682480573654175,0.0013913904462826544
2471,3.3843612670898438,0.005755125259186745,0.968209195137024,0.0012929164431271793
2472,3.3843347787857057,0.005997208099890127,0.9681774795055389,0.0012841586398427169
2473,3.3842390060424803,0.006024287675963605,0.9681528210639954,0.001272801275509362
2474,3.3840585231781004,0.006028009581892033,0.9681689262390136,0.0012837644485974142
2475,3.3839779138565063,0.0059481072658172165,0.9681445181369781,0.0012682850510523681
2476,3.3840675830841063,0.005982282758688752,0.9680332362651825,0.0012724946898854453
2477,3.384028911590576,0.005949303700123025,0.9679762661457062,0.0012268914637039816
2478,3.3840607166290284,0.006149522462037545,0.9678732752799988,0.0013183920545675794
2479,3.3840563535690307,0.006215485461213776,0.9677910029888153,0.0013282509018844775
2480,3.3839251518249513,0.006154583115877306,0.9677686929702759,0.0013084362973804608
2481,3.3837945222854615,0.006180762100594408,0.9677334785461426,0.0012981045837667108
2482,3.3837191581726076,0.006219614018647492,0.9677115976810455,0.001298595510805518
2483,3.3835497379302977,0.0061262834638854255,0.9677094101905823,0.0012567248816221035
2484,3.383475184440613,0.006049542814066187,0.967713737487793,0.0012331349570891953
2485,3.3834065914154055,0.006099685374012854,0.9676599621772766,0.0012537197042814434
2486,3.383456087112427,0.006035832431496957,0.9675616562366486,0.0012009542368559523
2487,3.3834233045578004,0.005972506567218229,0.9675025582313538,0.0012021034672878494
2488,3.383376455307007,0.006056574670166306,0.9674248218536377,0.0011934540827854597
2489,3.3833606958389284,0.0061580751359196105,0.9673413753509521,0.001202801180818267
2490,3.3832762002944947,0.006192175224731556,0.9672965109348297,0.0012090876019588879
2491,3.383126664161682,0.006266939645476107,0.9672708988189698,0.0012411996129814988
2492,3.3830732822418215,0.006240383802578792,0.9672517538070678,0.001232058853381938
2493,3.383024525642395,0.0062586821763538055,0.967226529121399,0.001249604184040044
2494,3.3829756021499633,0.006233307677255812,0.9672014892101288,0.0012365638668990861
2495,3.382909727096558,0.006222388831498492,0.9671332895755768,0.001197981529935263
2496,3.382871174812317,0.006327438125479269,0.9670409560203552,0.0012124479594709694
2497,3.3828473567962645,0.006273113074448741,0.9669862389564514,0.001194058235332788
2498,3.3825556516647337,0.006289666645925475,0.967023742198944,0.0012157760966045518
2499,3.3823650598526003,0.006249986717250282,0.9670304656028748,0.0012045421263558636
2500,3.3110644578933717,0.0037555693881310332,0.9733604967594147,0.0015949531474780138
2501,3.3113393545150758,0.0037488018395599306,0.9732918620109559,0.001502645780338402
2502,3.311654734611511,0.00361742875837723,0.9732044816017151,0.0015054842291678519
2503,3.312046694755554,0.0035926166739168237,0.973049932718277,0.0015092747336040628
2504,3.312234377861023,0.003618830382189102,0.9729166626930237,0.001600218502702261
2505,3.3125837802886964,0.0035203987378726142,0.9728524684906006,0.0015025400304794568
2506,3.3127307891845703,0.003480526503327982,0.9728464841842651,0.00154794473752072
2507,3.31287624835968,0.0034016095814491643,0.9727739572525025,0.0014776842787938625
2508,3.3133312940597532,0.0034530875708340294,0.9726645231246949,0.0015151263922309494
2509,3.313578224182129,0.003497745857537479,0.9725939869880676,0.001514289968281218
2510,3.3137083292007445,0.003599955476484755,0.9725523173809052,0.0015216531375715073
2511,3.3139150381088256,0.003809904061511536,0.9724739968776703,0.0016665566521118997
2512,3.3141351461410524,0.0038159816305839834,0.9724150776863099,0.0016259054259569665
2513,3.314377784729004,0.003655945698447629,0.9723384857177735,0.0016441490177360595
2514,3.314603018760681,0.003644034994672525,0.9722992658615113,0.00166814277184435
2515,3.314700555801392,0.003803691826561332,0.9722695887088776,0.0017427931572851407
2516,3.3149954080581665,0.003953548564302605,0.9721500694751739,0.0017920913377023793
2517,3.3151506662368773,0.004057348425610286,0.9720767557621002,0.001808876281505937
2518,3.3154576301574705,0.004146843859411888,0.9720221161842346,0.0018511193006985303
2519,3.315620255470276,0.004154619368807737,0.9719592094421386,0.0018297806723453671
2520,3.3157718181610107,0.004130091861988976,0.9719058513641358,0.0017752644878796828
2521,3.315997076034546,0.004008329471651374,0.9717741847038269,0.0016252862038815177
2522,3.3163554668426514,0.0040874443467307404,0.9716875910758972,0.0016710770460203208
2523,3.316587138175964,0.004211141866841337,0.971601939201355,0.0017173559808339762
2524,3.3168941736221313,0.004166976508668075,0.9714482724666595,0.0017100935383733541
2525,3.3170886754989626,0.004223311558848922,0.9713391721248626,0.001727984326044057
2526,3.31731641292572,0.004083024303962544,0.9712312400341034,0.0017936111670605614
2527,3.317496180534363,0.004277556120610555,0.9712008178234101,0.0018052419057590227
2528,3.3174545764923096,0.004117650317747476,0.9711622834205628,0.0016861831166327008
2529,3.3175611019134523,0.003987886768045293,0.9711409389972687,0.0017051396522251763
2530,3.3175554275512695,0.0039041973916635964,0.9710614144802093,0.0016697328017872427
2531,3.3175965309143067,0.003922072387078395,0.9710325479507447,0.0015758202813783634
2532,3.3177053451538088,0.003904202250996615,0.9710039615631103,0.0015567175312641058
2533,3.3178558588027953,0.0038065740592627233,0.9709756910800934,0.0015487368803019804
2534,3.3178297758102415,0.003783206445503883,0.9709640562534332,0.0015654817945818058
2535,3.3177873134613036,0.003930580110618326,0.9709688007831574,0.001565599156040838
2536,3.317827272415161,0.00391328551835267,0.9709492146968841,0.0016130462709989617
2537,3.3178239345550535,0.003927545106217978,0.9709218084812165,0.001670246053975629
2538,3.3177568912506104,0.0037646094378652305,0.9708786845207215,0.0016501902144302894
2539,3.3177370548248293,0.003740502660612358,0.9708439528942108,0.0016320183036732513
2540,3.317789649963379,0.0036235809843497254,0.9707699477672577,0.0016485481861273409
2541,3.3180373907089233,0.0035469948485780697,0.9707046031951905,0.0016330763725022359
2542,3.317922902107239,0.0035161308275820265,0.9707026302814483,0.0015801844656828505
2543,3.3179946899414063,0.003342498421765208,0.9706148624420166,0.0014946444945609183
2544,3.318017339706421,0.0033147921603840355,0.9705357193946839,0.0015507490036360634
2545,3.318096399307251,0.0032507221247907833,0.9705191612243652,0.0016045650729881427
2546,3.3181617736816404,0.0031776001236027405,0.9704489588737488,0.0015780658509622488
2547,3.318248820304871,0.003196483097605886,0.9703870832920074,0.0016456558577893016
2548,3.31830780506134,0.003116074179962444,0.9703562736511231,0.0015957233010297613
2549,3.318354845046997,0.0028902376294273834,0.9703106224536896,0.0015593284116572645
2550,3.318343496322632,0.0029434585191507523,0.9702729105949401,0.0016197263803758035
2551,3.3183886051177978,0.0029767301522872856,0.9702280938625336,0.0016261433095775
2552,3.3184574127197264,0.00292649387929761,0.9702135682106018,0.0016024653474199949
2553,3.3186307191848754,0.002831631894830942,0.9701694428920746,0.0015351576708117214
2554,3.318609929084778,0.002774940841217632,0.9701553225517273,0.0015122990479293037
2555,3.318708062171936,0.0026749159437589785,0.9700603604316711,0.0014126435168325304
2556,3.3186962366104127,0.002637887836186918,0.9700102627277374,0.0014474153812483116
2557,3.318561625480652,0.002644518263682735,0.9700116574764251,0.001447502976798145
2558,3.318570065498352,0.00251407142794086,0.9699332177639007,0.0014297812735833244
2559,3.3185859441757204,0.0026023132209910898,0.9698699474334717,0.0014689734309166994
2560,3.3185342073440554,0.002387552372101056,0.9698575973510742,0.0014322032503371496
2561,3.318522000312805,0.0023792487033742907,0.9698238909244538,0.001422358941402257
2562,3.3183648109436037,0.002420088716968624,0.9698118567466736,0.0013982219268282392
2563,3.3184652805328367,0.0026424012301186884,0.9697360932826996,0.0014114143628210269
2564,3.3186572790145874,0.002631262612211798,0.96962571144104,0.0015272185808488316
2565,3.3185927629470826,0.0026710172952034857,0.9695866107940674,0.0015031727867683084
2566,3.31858606338501,0.002667456276278635,0.9694988846778869,0.0015057188521275398
2567,3.31858971118927,0.002837757281045358,0.9694397985935211,0.001514550497723365
2568,3.318580913543701,0.003062140366340883,0.9694159269332886,0.001625648502228673
2569,3.3185858488082887,0.003108837828575564,0.9693577349185943,0.0015988962892362658
2570,3.31852011680603,0.003039808524171927,0.9693275630474091,0.0016252918080953366
2571,3.318452262878418,0.003002976340593587,0.9692771136760712,0.0016141080629349174
2572,3.318490195274353,0.0030810490221648257,0.9692271053791046,0.0015910625643666587
2573,3.318385934829712,0.002942632560808173,0.9691978752613067,0.0015637337879760268
2574,3.318234157562256,0.0028753065258165567,0.9692094564437866,0.0015691773228893226
2575,3.3181634187698363,0.0029035306596632733,0.9692142188549042,0.0015656918336790881
2576,3.318077540397644,0.0029533756654314372,0.9691854238510131,0.00159993010354226
2577,3.318061685562134,0.0029273729437230204,0.9691768944263458,0.001611459189340926
2578,3.317987322807312,0.002848976074057019,0.9691617906093597,0.0016181667237283959
2579,3.3178898811340334,0.002755066325308732,0.9691402077674866,0.001587360731793888
2580,3.3178549289703367,0.0028240187153409503,0.9691056430339813,0.0015841072002564464
2581,3.3178412199020384,0.0029281643960896377,0.9690320014953613,0.0016194094276463225
2582,3.3178058385849,0.0029721745537035675,0.9689916372299194,0.0016321996524085642
2583,3.3177239894866943,0.0028940997035280004,0.9689581215381622,0.0016447526591905478
2584,3.31771924495697,0.0027911319984492778,0.9688860058784485,0.0016095589327532567
2585,3.317678928375244,0.002799931411153102,0.968833839893341,0.0016322276394748008
2586,3.317761540412903,0.00270785439732248,0.9687564253807068,0.0016715151939424217
2587,3.3176417112350465,0.0027871664463153226,0.9687500059604645,0.0017120840857009734
2588,3.317634677886963,0.002761943807461484,0.9686799228191376,0.001689158686121973
2589,3.3176254749298097,0.002872467957468806,0.9686421275138855,0.0017190040764759984
2590,3.317544388771057,0.002952815224161268,0.9686046540737152,0.0016904211930374394
2591,3.317445731163025,0.0028195203850899767,0.968561178445816,0.0016742732152917948
2592,3.3174139499664306,0.00297127285128503,0.9684867143630982,0.001695042836140626
2593,3.317190980911255,0.0030241873416720065,0.9685127377510071,0.001737575141956376
2594,3.317021942138672,0.0030272896941698707,0.9685261189937592,0.0017600604751832082
2595,3.3169999599456785,0.0030260224521029395,0.9684774518013001,0.0018149639170336887
2596,3.3169421195983886,0.0030057495001681246,0.9684661865234375,0.001805010158547813
2597,3.316806983947754,0.0029784456128083957,0.9684427201747894,0.0017769543341135765
2598,3.3167733907699586,0.002978316219808099,0.9684071958065033,0.0018148802783771079
2599,3.3168325901031492,0.0028927560375533175,0.968317061662674,0.001833620100918325
2600,3.249407172203064,0.004077523397448797,0.9732313275337219,0.001690300022666782
2601,3.2495418548583985,0.004056697653113626,0.9731536388397217,0.001720538518989514
2602,3.249785304069519,0.004053436784332668,0.9730671107769012,0.0016780453318893933
2603,3.25003559589386,0.003981521440004263,0.9729524195194245,0.0016022765096966793
2604,3.25038628578186,0.004048988049224153,0.9728488445281982,0.0015762746914258872
2605,3.250427484512329,0.004139082934949033,0.9728332042694092,0.0015892001785660287
2606,3.2507688760757447,0.003845362291214484,0.9726741909980774,0.001554647512949414
2607,3.2511278867721556,0.0038788681721550196,0.9725075960159302,0.001491366205376189
2608,3.2514075517654417,0.003812593366761254,0.9723903238773346,0.0015946922458904928
2609,3.2513508796691895,0.0038478150434284445,0.9723872244358063,0.0016397661871225865
2610,3.2517267942428587,0.003813177569410281,0.9722533583641052,0.0015420284741419334
2611,3.2519490242004396,0.0036521483729096034,0.9721861004829406,0.0014560819976991626
2612,3.2522546529769896,0.0035545800932297476,0.9720734775066375,0.001438282911751702
2613,3.2523422956466677,0.003600864370488371,0.9719988882541657,0.001476977608337488
2614,3.252650284767151,0.0039716529034354055,0.9719069421291351,0.0015444873044099792
2615,3.2528425216674806,0.003866605530321445,0.9718341827392578,0.001517439930273327
2616,3.2530349493026733,0.003941487287983642,0.9717262029647827,0.0015436121020746274
2617,3.2531379222869874,0.0039757603157312945,0.9716732501983643,0.001512591070800427
2618,3.2533837080001833,0.004046510543836001,0.9715317487716675,0.0015095974730904226
2619,3.253564739227295,0.00395663430243494,0.9714095771312714,0.0014502526183099683
2620,3.253651237487793,0.004087815274976251,0.9713769435882569,0.0015035010291082791
2621,3.253690409660339,0.0039505399765928486,0.9713446736335755,0.00152190899884792
2622,3.2540772438049315,0.0038952300513890046,0.9712691843509674,0.0015031910824473468
2623,3.254395532608032,0.0036229640923441282,0.9711338400840759,0.0013911786878193046
2624,3.2544899463653563,0.0038138950067228105,0.9711465477943421,0.0013877047467661943
2625,3.254554772377014,0.0036901357124982047,0.9710905253887177,0.0013421360941083913
2626,3.254804515838623,0.0035581702902410567,0.9709498643875122,0.0012602520465881675
2627,3.254939079284668,0.0037334007417351646,0.9708616077899933,0.00119675655215156
2628,3.2551379919052126,0.003589357159200953,0.9708164691925049,0.0011454988640696695
2629,3.255014753341675,0.003614339251856725,0.9708389163017273,0.0011116901911622202
2630,3.2553128719329836,0.0037598319796024854,0.9707276403903962,0.0011249054702484997
2631,3.2554271936416628,0.0037957211639999397,0.9706839263439179,0.0010269007695428375
2632,3.255525803565979,0.0038693163664020543,0.9706489503383636,0.0009732000519156148
2633,3.255626654624939,0.003942761817261955,0.9705896854400635,0.0009987265232454996
2634,3.2555599927902223,0.004002452502507407,0.9706045806407928,0.0009907778965829036
2635,3.2556747436523437,0.0038827867994695683,0.9704973995685577,0.000948581858384695
2636,3.255669450759888,0.0038199796944527035,0.9705045282840729,0.0009595622346612408
2637,3.2558321714401246,0.0038478003352465564,0.9704794049263,0.0009434007557849752
2638,3.2560541152954103,0.0037664865639555605,0.9704065263271332,0.000937674142093913
2639,3.2560675144195557,0.00385319205404348,0.970358282327652,0.0009887781073690573
2640,3.256210374832153,0.003883312099685936,0.9702709019184113,0.0009929212068326614
2641,3.256290411949158,0.003615020212393475,0.9702080667018891,0.0009399147039798109
2642,3.256381392478943,0.003514257716658524,0.9701536953449249,0.0008980834877094497
2643,3.256545662879944,0.003580730246595017,0.9700686752796173,0.0009233705410169494
2644,3.25661985874176,0.0035895720544465715,0.9700232803821563,0.0009050211580700605
2645,3.2565493822097777,0.0036923160432659535,0.9700169920921325,0.0008497710212215464
2646,3.2564953565597534,0.0037906203577790965,0.9700261414051056,0.0008975784853199099
2647,3.256428623199463,0.0038328420577529916,0.9700198888778686,0.0009496376765377823
2648,3.2564316987991333,0.003913427499282973,0.9699908673763276,0.0009780673663425299
2649,3.2562675714492797,0.003948833416829204,0.9700075924396515,0.001014812795748689
2650,3.256214642524719,0.00399617397590118,0.97000150680542,0.0010527679561261535
2651,3.2561364650726317,0.00403896542198714,0.9700180053710937,0.0010463547013471886
2652,3.256249737739563,0.003983175320155369,0.9698850154876709,0.0010190219757182377
2653,3.2562898874282835,0.004114214965093447,0.9697829902172088,0.0010638704091383672
2654,3.2563530445098876,0.003974066945665173,0.9697485089302063,0.0010413588110601687
2655,3.256535840034485,0.004040762304023586,0.9696628272533416,0.0009903601083064162
2656,3.256449484825134,0.004148708439476875,0.9696365833282471,0.0009904051199214412
2657,3.2563493728637694,0.004137846752808614,0.9696105539798736,0.0009772612452235204
2658,3.2564780712127686,0.004300054844258208,0.9695484936237335,0.0010227211778521936
2659,3.256384754180908,0.00433132532242986,0.9695231080055237,0.0010737590327985415
2660,3.2565841674804688,0.004264035626440875,0.9694044947624206,0.001075993734797357
2661,3.2565961360931395,0.004212238465199078,0.9693728446960449,0.0010708630323693887
2662,3.2566715717315673,0.004174714234280986,0.9692987501621246,0.001036449220879568
2663,3.256738877296448,0.004184245991457815,0.9692536890506744,0.0010254364537199178
2664,3.256723237037659,0.004206762978860793,0.9691807866096497,0.0010438872649120303
2665,3.2567766189575194,0.003987783238168377,0.9691155791282654,0.0009753071665643721
2666,3.2567558765411375,0.004022508596111916,0.9690509557723999,0.0009668728514204491
2667,3.25672390460968,0.004065347267569218,0.9690287053585053,0.0009215791895387437
2668,3.2567831754684446,0.004072079078883247,0.968971973657608,0.0009404151114080591
2669,3.256833553314209,0.004015365873805867,0.9688881158828735,0.0009386233427208778
2670,3.2565927505493164,0.0040002322330495565,0.9689218997955322,0.0009365969074830702
2671,3.2564852237701416,0.003968361442440753,0.9689074456691742,0.0009205951050172598
2672,3.2563793897628783,0.004033136044369682,0.9689067661762237,0.0009080761988834362
2673,3.2563870668411257,0.00407668506450912,0.9688653707504272,0.0009286996912835471
2674,3.256300520896912,0.004045902968158637,0.9688175678253174,0.0009401605025219644
2675,3.256189155578613,0.004037646013792768,0.9687970995903015,0.000963403511545142
2676,3.2560965538024904,0.003965292005434828,0.9687567055225372,0.0009223965422798745
2677,3.2559539318084716,0.004096556055842216,0.9687433302402496,0.0009423758790099984
2678,3.255996918678284,0.004046875096960659,0.9686902284622192,0.000944105247454321
2679,3.2560301542282106,0.004128352739205106,0.9685978889465332,0.0009618680466761046
2680,3.2559905529022215,0.0043317394014825246,0.9685590147972107,0.0010236827769121379
2681,3.2560468673706056,0.0044174229296889845,0.9685007870197296,0.00099655296534458
2682,3.255886602401733,0.004493964542329672,0.9685083568096161,0.0010375625585102837
2683,3.2558149099349976,0.004513584990324371,0.9684898495674134,0.0010215533767894893
2684,3.2556703090667725,0.0045295150054308385,0.9684844613075256,0.0010479935594830349
2685,3.2556458950042724,0.004670288083233521,0.9683952510356904,0.0010659246983228691
2686,3.2557390451431276,0.004737634897980584,0.968313205242157,0.0010863271803811907
2687,3.255736756324768,0.0045368020694161616,0.9682830214500427,0.0010194490502532924
2688,3.255621862411499,0.00445413946641575,0.9682721674442292,0.0010042161711082684
2689,3.2555169105529784,0.004483123681520558,0.9682487308979034,0.001024972870818984
2690,3.255489206314087,0.0044007696701028895,0.9681812405586243,0.0009668134531333431
2691,3.255540680885315,0.004265198397644472,0.9681268930435181,0.0009651723109286299
2692,3.2554576635360717,0.004286503198017263,0.9681231081485748,0.0009873305960143653
2693,3.2553473711013794,0.004237635236773875,0.968106883764267,0.0009376246501421075
2694,3.2551036834716798,0.004161128488738029,0.968128114938736,0.0009257741279551349
2695,3.2550416707992555,0.004169420898266837,0.9680810093879699,0.0009471166379777447
2696,3.254953122138977,0.004147726370603073,0.968046635389328,0.000937697205343471
2697,3.254867744445801,0.004190140359795358,0.9680494129657745,0.000938936983447355
2698,3.2548808097839355,0.004148657938202189,0.9679419577121735,0.0009292945603564634
2699,3.2546235799789427,0.004137766692145401,0.9679755926132202,0.0009034284182486689
2700,3.1864447355270387,0.0035255607033579843,0.9739964187145234,0.0018969299214031156
2701,3.1866889715194704,0.003638924877840123,0.9739336550235749,0.0019020813886984178
2702,3.187326717376709,0.0038189495559261396,0.9737637400627136,0.0019205620021894973
2703,3.1878361225128176,0.0039025304327113385,0.9735959470272064,0.001912783111742992
2704,3.188027000427246,0.003938488596017937,0.9735465109348297,0.0018537808540116123
2705,3.1883212327957153,0.003926142315146332,0.9734880685806274,0.0018772988518366003
2706,3.188428354263306,0.003972327287611764,0.9734590411186218,0.0018901895790029977
2707,3.188604974746704,0.0043244434701942315,0.9734208345413208,0.001948119969309412
2708,3.1891217470169066,0.00412280928072617,0.9732507586479187,0.0018765466654872293
2709,3.1892162561416626,0.004061726158999015,0.9732424795627594,0.00187397294099079
2710,3.189466404914856,0.003966231515463079,0.973131537437439,0.0019106500927175765
2711,3.18962938785553,0.003993753705877748,0.9730219304561615,0.0019520568569443672
2712,3.1897318363189697,0.003921111776713118,0.9729874491691589,0.0018990748562035806
2713,3.190052103996277,0.0037723130829416325,0.9728707790374755,0.0019007683109898
2714,3.190380907058716,0.0037289836558385137,0.9727645933628082,0.0019067339287526601
2715,3.1903810501098633,0.0037112696880304474,0.9727503538131714,0.001885007101905809
2716,3.1904149055480957,0.0036934882413950315,0.9727002203464508,0.0018980175103841862
2717,3.1904855489730837,0.003802379969913886,0.972668582201004,0.0018860586982469116
2718,3.1907750606536864,0.0036634153534313776,0.9725659787654877,0.0018536277918285251
2719,3.191083884239197,0.0037004017385703584,0.9724468052387237,0.0018660487421161556
2720,3.191320061683655,0.0038424012041546334,0.9723201751708984,0.0019056761148933548
2721,3.1913362979888915,0.004042682733602319,0.9723264396190643,0.0019360062320537392
2722,3.191501259803772,0.004115372176495774,0.9722541809082031,0.001987776567104363
2723,3.191689944267273,0.004177977129807537,0.9721740663051606,0.0019943826894438296
2724,3.1917484760284425,0.004159722709887976,0.9721724092960358,0.001987460246573564
2725,3.1917655229568482,0.004255916533999832,0.9721364915370941,0.0019454074300391485
2726,3.1918851852416994,0.004445148167363675,0.9720668435096741,0.0020122343037268313
2727,3.1918562173843386,0.0044899659073470285,0.9720573365688324,0.002029883800687104
2728,3.1918977737426757,0.00431979794300476,0.9720226109027863,0.001963255422863126
2729,3.1919475555419923,0.0043487953614977344,0.9720385909080506,0.0019252972005945664
2730,3.1920177221298216,0.004325778808412476,0.9719793021678924,0.001947762054149786
2731,3.1920042753219606,0.004419273502804639,0.9719621419906617,0.0019819436100647287
2732,3.1922617197036742,0.004300132001941443,0.9718791306018829,0.0019596800832531137
2733,3.192382287979126,0.004308354965907981,0.9717969715595245,0.001984805747750369
2734,3.19236581325531,0.004364899762555447,0.9717647016048432,0.0019949830031413206
2735,3.192566251754761,0.00450121044890044,0.9717083811759949,0.0019560096593384444
2736,3.1927178859710694,0.004670331995679916,0.9716688215732574,0.0019710291797525228
2737,3.1927901983261107,0.004717911576668907,0.9716216146945953,0.0019117158304105472
2738,3.1927781105041504,0.004764202842769103,0.9716149210929871,0.0019507676208976943
2739,3.192799711227417,0.004726627973967348,0.9715366244316102,0.0019499588242331385
2740,3.192872428894043,0.0046076909946742035,0.9715145647525787,0.0019364575700010487
2741,3.1929298639297485,0.004553196714431314,0.9714690983295441,0.001928769930989256
2742,3.193178153038025,0.0045350514596228225,0.9714005649089813,0.001895100871336301
2743,3.193291735649109,0.004626060695130403,0.97137171626091,0.0018947239392175157
2744,3.193347454071045,0.0045120818860154765,0.9712965726852417,0.001842408722509353
2745,3.1933872938156127,0.004398797569056127,0.9712453663349152,0.0018704510108026613
2746,3.1933707714080812,0.004541014611727614,0.9712023377418518,0.0018977153269184935
2747,3.1933906078338623,0.00466780348813121,0.9711291432380676,0.001950759862016298
2748,3.193584370613098,0.004597875583792387,0.9710566461086273,0.0018493894306675013
2749,3.1935592174530028,0.004590475236726963,0.9710454761981964,0.0018153131032948703
2750,3.193588137626648,0.0046407449432674455,0.9709816098213195,0.0017980175230907268
2751,3.1936655282974242,0.004636616877884563,0.9708808481693267,0.0017897302186791427
2752,3.1937163352966307,0.0047360431358253715,0.9708407938480377,0.0018213487903258857
2753,3.193673348426819,0.004765898451869171,0.9708011269569397,0.0018625127229875583
2754,3.193765640258789,0.0048554626676961575,0.9707322478294372,0.0018685869102836583
2755,3.193720579147339,0.00483522482468772,0.9707229137420654,0.0018858235838025714
2756,3.193676209449768,0.004981839343873803,0.9706770241260528,0.001859657234907676
2757,3.19373733997345,0.00489729023889122,0.9706023931503296,0.0018390158313689603
2758,3.19358172416687,0.004913746530962978,0.9706300854682922,0.0018466402230423553
2759,3.1934436559677124,0.004962636545337383,0.9706141650676727,0.0018004277892738208
2760,3.193381667137146,0.004942909727044052,0.9706199765205383,0.0017915528004993663
2761,3.193356490135193,0.004961752444750466,0.9706185638904572,0.0017724485444681397
2762,3.1934216260910033,0.0050676769260534224,0.970545893907547,0.0017754674231361706
2763,3.1932219505310058,0.005057378858808127,0.9705802977085114,0.0017457574939665438
2764,3.193298602104187,0.005008053731734905,0.970508474111557,0.0017372808850667756
2765,3.1931806087493895,0.004886354864849195,0.9705146193504334,0.0017571787746528396
2766,3.1931150197982787,0.004969002812333817,0.9705207109451294,0.0018202449265019697
2767,3.1930965423583983,0.005072382387212656,0.9705128252506257,0.0018304848622607956
2768,3.193038892745972,0.004887061336734602,0.9705050051212311,0.0018008188184340404
2769,3.193096160888672,0.004814060430668236,0.9704488933086395,0.001798072670496015
2770,3.1929984092712402,0.004941553897521854,0.9704070448875427,0.0018284161901296466
2771,3.1930124044418333,0.004983457743905168,0.9703655540943146,0.0018264676444184774
2772,3.1930026054382323,0.00484789147536597,0.9702835321426392,0.0017403483566865916
2773,3.1928341388702393,0.004956030157666822,0.9703108131885528,0.0017742838726928446
2774,3.192895245552063,0.0048713178376677164,0.9702702701091767,0.0017987104442453708
2775,3.19283812046051,0.004833128549116078,0.9701964437961579,0.0018146712638194278
2776,3.192825722694397,0.004836573753025404,0.9701366543769836,0.0017929846503013803
2777,3.192695379257202,0.0048736143303025475,0.9701173901557922,0.001806024179859248
2778,3.1926276445388795,0.004949177424557024,0.9700783729553223,0.0018168749581134022
2779,3.1924942255020143,0.005071652283823013,0.9700529098510742,0.001806635317275084
2780,3.1924545526504517,0.005143094969646599,0.9700144827365875,0.0018609737376638457
2781,3.192336678504944,0.005085101115673169,0.9699960649013519,0.0018560397109054817
2782,3.1923317193984984,0.005001961497709812,0.9699386119842529,0.0018356304634478539
2783,3.192233347892761,0.0050679547139300726,0.9699076533317565,0.0018486924223627696
2784,3.1923156499862673,0.005182718896990867,0.9698575079441071,0.0018245316621932099
2785,3.1922555208206176,0.005140817877522962,0.9697884380817413,0.001803731664235268
2786,3.1921778440475466,0.005192766875860834,0.9697713196277619,0.0018661627256414588
2787,3.1920454025268556,0.005178051590720678,0.9697607517242431,0.0018501475009002244
2788,3.1920713663101195,0.005183192439000597,0.9696992874145508,0.00191017488797038
2789,3.1920194149017336,0.005200395445012025,0.9696636974811554,0.0019535265244971065
2790,3.1920608043670655,0.0052135876184133964,0.9696094572544098,0.001953145353384927
2791,3.192048668861389,0.0054589559785273864,0.9695556461811066,0.0020145483157827386
2792,3.1919296741485597,0.005354377470332398,0.9695085287094116,0.0019795546343706447
2793,3.191857385635376,0.00544166851137402,0.9694742858409882,0.001994189091375622
2794,3.19177188873291,0.005478663644619541,0.9694713950157166,0.0019916601946294975
2795,3.1918341875076295,0.005580986082191249,0.9694127798080444,0.002038099663934403
2796,3.1918691635131835,0.0055942255013766975,0.9693484663963318,0.002021081594769642
2797,3.1917371273040773,0.005587145280057917,0.9693461120128631,0.002031602628814413
2798,3.191634178161621,0.005532911313981573,0.9693376541137695,0.0020262548490004974
2799,3.191494846343994,0.005557434903300408,0.9693353652954102,0.001983053760700435
2800,3.123950886726379,0.004102439538659241,0.9751788556575776,0.00128261487314716
2801,3.124166393280029,0.0042196066850938635,0.9750987350940704,0.0012391792503505124
2802,3.1245673418045046,0.004247875507788283,0.9749313175678254,0.001293617027107977
2803,3.124836778640747,0.004272782070881482,0.9748537421226502,0.0013245683683392876
2804,3.1249712228775026,0.004281727873088935,0.9748740315437316,0.0012960617243800467
2805,3.1251022100448607,0.004297023084690222,0.9748362958431244,0.0013274740542401557
2806,3.125336694717407,0.004318495032090634,0.9747894406318665,0.001371651054421273
2807,3.125615859031677,0.004345424453493962,0.9747050821781158,0.0013955623860721217
2808,3.125748538970947,0.004385190852947544,0.9746785163879395,0.0013980510591687942
2809,3.125936818122864,0.004533980206614311,0.9746334612369537,0.0013936356494770221
2810,3.1260900020599367,0.004491444945473647,0.974542236328125,0.0013475446623520033
