batch,mean_loss,std_loss,mean_accuracy,std_accuracy
0,0.6953139901161194,0.002802428251186366,0.484375,0.0
1,0.6934785842895508,0.004690269889686331,0.5234375,0.0
2,0.6861019730567932,0.01279156852305634,0.5390625,0.01841421099550067
3,0.6992353200912476,3.2368779656366614e-05,0.525390625,0.030383494504109463
4,0.7025868892669678,0.0035890570317936923,0.5171874910593033,0.03314560929469516
5,0.6977009475231171,0.0009630133416254177,0.5260416716337204,0.04051131898100453
6,0.7023268043994904,0.0021897395143834993,0.5133928656578064,0.03788074450462134
7,0.6983884274959564,0.004442067098805676,0.521484375,0.02485922277608956
8,0.7001939415931702,0.0021118942851838783,0.519965261220932,0.0208694756555028
9,0.7016063034534454,0.002470690406557119,0.518750011920929,0.015467977697195132
10,0.6987302601337433,0.004387866251620667,0.5262784063816071,0.009039698215465063
11,0.6968609690666199,0.0045036436444800924,0.5338541865348816,0.011048543456039806
12,0.6973856389522552,0.0017410441651365216,0.534254789352417,0.014448108256928518
13,0.6960563957691193,0.0030075569628888873,0.5345982313156128,0.011048543456039806
14,0.6943821310997009,0.006203257457530405,0.5369791686534882,0.000736600471424895
15,0.6941293478012085,0.0080490365412165,0.537109375,0.0027621358640099515
16,0.6922849714756012,0.009999972011937272,0.5409007370471954,0.009748692501115323
17,0.6896397173404694,0.012049994723507158,0.5442708134651184,0.013503765969193426
18,0.6880389451980591,0.011979230164857368,0.5444079041481018,0.015119086085221951
19,0.6915687322616577,0.010642922185970962,0.540234386920929,0.01933495104806966
20,0.6933466196060181,0.009536230237771906,0.5409226417541504,0.02104484869215663
21,0.6925698816776276,0.010263811283615469,0.5426136553287506,0.023101488458942727
22,0.6908883452415466,0.010473070386472058,0.545516312122345,0.02401856173569127
23,0.6908506751060486,0.010287539959327102,0.5432942509651184,0.023478154844084585
24,0.6903790533542633,0.010132565997352546,0.5449999868869781,0.024748755886142507
25,0.6898449659347534,0.0107626192357419,0.5456730723381042,0.025496651712968322
26,0.6883257329463959,0.009992048404417224,0.551215261220932,0.02250629066427188
27,0.6875396072864532,0.010077016451015186,0.554408460855484,0.02091330837795413
28,0.6867046058177948,0.011198628383587098,0.5563038885593414,0.023240067296846547
29,0.6869674623012543,0.010027114582378288,0.5557291805744171,0.02062392811607833
30,0.6859999001026154,0.011508913482324301,0.5582157075405121,0.02316631031195248
31,0.685789942741394,0.01115441633949917,0.559326171875,0.02382342182708583
32,0.6866360902786255,0.010792964966669743,0.5598958432674408,0.023101488458942727
33,0.6866832077503204,0.010255466207610312,0.5608915388584137,0.021122188159174122
34,0.6855920255184174,0.010050463936453324,0.5636160671710968,0.022412724660577695
35,0.6862995326519012,0.010456759556098342,0.5625,0.02148326021036695
36,0.6859443187713623,0.011707973047841254,0.5646114945411682,0.025083191129076452
37,0.6858959197998047,0.011487966498614386,0.5651727020740509,0.025876858433385098
38,0.6849431991577148,0.011654277962838374,0.5675080120563507,0.024646760512746144
39,0.684528112411499,0.01212126504433908,0.567578136920929,0.025964060262954138
40,0.6843186914920807,0.011828302300339856,0.5670731961727142,0.027486615165410185
41,0.6828695833683014,0.011640833118163399,0.5690104365348816,0.02551688220025355
42,0.6821829676628113,0.013091148322271774,0.5701307952404022,0.02826371875825405
43,0.6826049089431763,0.014118941370058435,0.5692471563816071,0.03013242572753007
44,0.6813367009162903,0.013816664172538302,0.5718749761581421,0.027989637802387706
45,0.6796881854534149,0.014113082958115421,0.57472825050354,0.028822290941568927
46,0.6778880953788757,0.013430599040178515,0.5762965381145477,0.02750381107960263
47,0.6775988042354584,0.014024911751030631,0.5768229067325592,0.028081728666384007
48,0.6766868531703949,0.01402862067369959,0.5784438848495483,0.02886148751068406
49,0.676621824502945,0.013165706097287545,0.5785937607288361,0.028505220200221473
50,0.676058441400528,0.013451883198676516,0.5796568691730499,0.028596257393005003
51,0.6756907403469086,0.015096200346480536,0.5802283585071564,0.031020881294139713
52,0.6762905418872833,0.01416905397293789,0.5810731053352356,0.03043558800886893
53,0.6745266020298004,0.016055462618588482,0.5826099514961243,0.03171339616202221
54,0.6740676164627075,0.015519734027166509,0.5842329561710358,0.031136785127544673
55,0.6729292571544647,0.015217330389100845,0.5860770046710968,0.03018620510622997
56,0.6728421151638031,0.015645963838456636,0.585800439119339,0.029462796598388984
57,0.6722733080387115,0.015144753515965085,0.5870150923728943,0.02933580814382566
58,0.6728754341602325,0.01599881725418984,0.5858050882816315,0.02958763556367825
59,0.6723073422908783,0.016104690137649206,0.5861979126930237,0.029462754451540472
60,0.6714283227920532,0.01639284814091819,0.5879867076873779,0.029885403048407717
61,0.6710738241672516,0.016617364402935722,0.5883316397666931,0.030828986692869615
62,0.6703737676143646,0.016585754266552552,0.5891616940498352,0.030339661781658134
63,0.6699464321136475,0.016952136820657753,0.5902099609375,0.030210861012608843
64,0.66879603266716,0.017702814339485288,0.5918269455432892,0.03059595676745288
65,0.6682642698287964,0.01843309278363355,0.5926846563816071,0.030969377845259403
66,0.668573796749115,0.01692659583046015,0.59375,0.02935283547062406
67,0.6686432659626007,0.016644759854467804,0.5940946638584137,0.02908364354918498
68,0.6689185500144958,0.01597188541799138,0.5938632488250732,0.028021669407255985
69,0.6689600348472595,0.015445471280090314,0.5940847992897034,0.027305678744752915
70,0.6689083874225616,0.015441888797966888,0.5946302711963654,0.026454270257984348
71,0.6686690449714661,0.014743894839777972,0.5949435830116272,0.025319550655525547
72,0.6688072383403778,0.013931177159942403,0.5949272215366364,0.023761929575108434
73,0.6697573363780975,0.014471415464155042,0.5939611494541168,0.023590139020578032
74,0.6691896319389343,0.013700170283254192,0.5949999988079071,0.02268634200111042
75,0.6695366501808167,0.014709755892484147,0.5951891541481018,0.02326008704988922
76,0.6697522699832916,0.015509829517766449,0.5948660969734192,0.024536377916496113
77,0.6688471436500549,0.01552824769056571,0.5958533585071564,0.023088591523298393
78,0.6684928238391876,0.014941268531354489,0.5959256589412689,0.021537671791794513
79,0.6681602001190186,0.014585001220891902,0.5964843928813934,0.020163600236642345
80,0.6686488091945648,0.014958970207729063,0.5954861342906952,0.02018745535289951
81,0.6680974960327148,0.015163003101370302,0.5962271094322205,0.01994127561074738
82,0.6681949198246002,0.014172341427121739,0.5965737998485565,0.01890231364810533
83,0.6683495044708252,0.013204186169977991,0.5955171287059784,0.01749351308978019
84,0.6674938201904297,0.013073868114382306,0.5964154601097107,0.016767786505271103
85,0.6671206951141357,0.013300702453067938,0.5967478454113007,0.017343638896475447
86,0.6667929291725159,0.013088450923967076,0.5967133641242981,0.016890265247043762
87,0.6664729416370392,0.013085627085116847,0.5973011255264282,0.01707503703091552
88,0.6661464869976044,0.013273264854687347,0.5983145833015442,0.01638661040733858
89,0.665210485458374,0.012680890898866731,0.5997395813465118,0.016081762252059283
90,0.6645151078701019,0.01244179182726443,0.60113325715065,0.015783615445693216
91,0.6637325882911682,0.011816543329605316,0.6024965941905975,0.01549195925399783
92,0.6639226675033569,0.012410561012517857,0.6024865508079529,0.016394618308555646
93,0.6626298725605011,0.010959740046227351,0.6039727330207825,0.01445712768250985
94,0.662519097328186,0.010198525815272095,0.6045230031013489,0.013839760645522274
95,0.6624749898910522,0.010539493819725227,0.604736328125,0.013695618423615016
96,0.6615530252456665,0.01071920798177568,0.6060728132724762,0.014237837629707668
97,0.6613065898418427,0.011236054785064772,0.606744259595871,0.014768972214641954
98,0.6605923175811768,0.01054531008481973,0.6080334782600403,0.01417339509833451
99,0.6597200632095337,0.010720050918745897,0.6090624928474426,0.014584073990224662
100,0.6452547609806061,0.04036020145566872,0.6186163425445557,0.06832956662392269
101,0.6451480984687805,0.040501772719816816,0.6187520027160645,0.06843695679392844
102,0.6450774073600769,0.03985271125274905,0.6190655529499054,0.06806661243606323
103,0.6450179815292358,0.039614581558662494,0.6192587912082672,0.06781010671602591
104,0.6449158191680908,0.039407471945079965,0.6194905340671539,0.06755494969514096
105,0.6447444558143616,0.03924849403249687,0.6197210848331451,0.06730105707971135
106,0.6445284485816956,0.03925085425601348,0.620029091835022,0.06715957010926027
107,0.6444589793682098,0.03938618778658196,0.6202375292778015,0.06710199751419439
108,0.6445876657962799,0.03940515386841186,0.6202103495597839,0.06693408446972698
109,0.644502729177475,0.03946356940044796,0.6203978061676025,0.06696004692840969
110,0.6443918347358704,0.039539138699827996,0.6205843389034271,0.06693083916239165
111,0.6441694498062134,0.03952607317678962,0.6208475530147552,0.06690184213061615
112,0.6439891159534454,0.039311672158414704,0.6211675703525543,0.06668132981920716
113,0.6438293159008026,0.03925216080831732,0.6213314831256866,0.06651653564152955
114,0.6437379121780396,0.039400054099742045,0.621513843536377,0.06654321459663695
115,0.6439075767993927,0.03919239657712887,0.6216377317905426,0.06621653437382902
116,0.6439431309700012,0.03921351214823283,0.621741771697998,0.06608120084326054
117,0.6438821256160736,0.03886550562007838,0.6219027042388916,0.06564911135232684
118,0.6438319981098175,0.03854746550121517,0.6220819354057312,0.06530005115295963
119,0.6436709761619568,0.03842747342350466,0.6222793161869049,0.06519481047222792
120,0.64366415143013,0.03826600884685942,0.6223048865795135,0.0651169230961798
121,0.6435637474060059,0.03807091108510249,0.6225007474422455,0.06490559879774617
122,0.6435069441795349,0.03799133783511392,0.6224879026412964,0.06477540718269602
123,0.6434122025966644,0.037957662503153716,0.62260702252388,0.06477907395851647
124,0.6433180570602417,0.0376829071977112,0.6228007376194,0.06430416326949571
125,0.6432185471057892,0.03757682358000928,0.6229560375213623,0.06430892586337744
126,0.6431612968444824,0.03737944988843277,0.6230357587337494,0.06394330195254544
127,0.6431629359722137,0.03724816245532133,0.6230031549930573,0.06373779391920631
128,0.6430662274360657,0.03710077492607873,0.6230637431144714,0.06366492201813098
129,0.6431029736995697,0.03704459317701371,0.623142659664154,0.06346101556503528
130,0.643065333366394,0.0369764417229716,0.6232211589813232,0.0633628977017019
131,0.6429676711559296,0.0367996356934684,0.6232993006706238,0.06316067712254664
132,0.6427558958530426,0.03652820998905824,0.6235799491405487,0.06277684577315794
133,0.6426324844360352,0.036288099393091675,0.6239144802093506,0.06242083134378641
134,0.642297625541687,0.0360197082617743,0.6243575513362885,0.062222277540451586
135,0.6422964632511139,0.03599758116630608,0.6244872510433197,0.062102327609589586
136,0.6424117088317871,0.03620026536079497,0.6244336366653442,0.06198292558775822
137,0.642360270023346,0.036146317394701026,0.624507874250412,0.061838319750517345
138,0.6422793865203857,0.036026283170142004,0.6245817542076111,0.06159154995248606
139,0.642219752073288,0.03589904183448761,0.6246371567249298,0.06132025068862143
140,0.6423428356647491,0.03601587289855981,0.6245474815368652,0.06125496522027806
141,0.6421825587749481,0.035939418515361046,0.6247832775115967,0.06113889279947906
142,0.6420559883117676,0.0358189206754684,0.6249279379844666,0.060997869444361606
143,0.6418973505496979,0.03571190982709924,0.6250539422035217,0.060882977135320905
144,0.641856849193573,0.03550147061248435,0.6251793205738068,0.0606163983184895
145,0.6418754160404205,0.03535846635548688,0.6251968145370483,0.060401660125326495
146,0.6419201195240021,0.03527628000089064,0.6252499222755432,0.060339367083227395
147,0.641877681016922,0.035313790696065335,0.62523153424263,0.06042850766782794
148,0.6419325768947601,0.03535610613197027,0.6250532865524292,0.06049210726223088
149,0.6418001055717468,0.03543150684395626,0.6251950263977051,0.060455102329238314
150,0.6417782306671143,0.035371574025373775,0.6253538131713867,0.06039331504932134
151,0.6416597366333008,0.035414479517157864,0.6254236102104187,0.060406633453450785
152,0.641607791185379,0.03544107417856824,0.6255635321140289,0.06027045698591209
153,0.6415503919124603,0.03543618514414097,0.625702828168869,0.06023429498988974
154,0.6414436995983124,0.03539842156787521,0.6258940994739532,0.06017351923433703
155,0.6411985754966736,0.03555457564160808,0.6261544823646545,0.06036035621378582
156,0.6412339806556702,0.03522212130055414,0.6262217462062836,0.05992932039406491
157,0.6412260234355927,0.034929832906131095,0.6263757348060608,0.05957406460796658
158,0.641005665063858,0.035078021225495394,0.6265985369682312,0.0596627415772335
159,0.6408349871635437,0.03505951875899911,0.6268377304077148,0.05948134154124261
160,0.6408414244651794,0.0347894417537413,0.626989334821701,0.0592762128295401
161,0.6406401693820953,0.03488785464501424,0.6272783875465393,0.0592673198445043
162,0.6403460502624512,0.03484254678286503,0.6276177763938904,0.059087942857241935
163,0.6401880979537964,0.03471652770581746,0.6277666985988617,0.05893364324484355
164,0.6401496529579163,0.03458309078343197,0.6277777850627899,0.058731591253082326
165,0.6400453746318817,0.03455835058335607,0.6278914511203766,0.05882068969083435
166,0.640050083398819,0.034370881401179616,0.6279704868793488,0.05871633409392138
167,0.6399399638175964,0.034106241339379714,0.6281513869762421,0.058467836275101145
168,0.6400283575057983,0.033854540360072655,0.6280425786972046,0.05824450012484192
169,0.6399091482162476,0.03354661548485206,0.6281207501888275,0.057902141274387926
170,0.6397735476493835,0.03331227900713149,0.6282155513763428,0.05758523912043451
171,0.6398468613624573,0.033388901977724296,0.628326803445816,0.05748463459303901
172,0.6398383677005768,0.033252641216488577,0.6283533275127411,0.0571700505157537
173,0.6398152709007263,0.032943746963752234,0.6283461153507233,0.056714105908562844
174,0.6398545801639557,0.032707176703060586,0.6282382607460022,0.05626005790955498
175,0.6399074196815491,0.0324550121084199,0.6280638873577118,0.05590269478103112
176,0.6399114727973938,0.032245120802835654,0.6280573606491089,0.055641426467112086
177,0.6399839222431183,0.032178233754248865,0.6279674470424652,0.05549909655969079
178,0.6400507092475891,0.031950092863259394,0.6278114020824432,0.05512213514660936
179,0.6400290131568909,0.031619577277236965,0.627722442150116,0.054652914282137574
180,0.6399433314800262,0.03129947196279673,0.6276669800281525,0.054138764877153175
181,0.6400187015533447,0.031133624113906355,0.6275125443935394,0.053767029673287094
182,0.640100508928299,0.031100201663037216,0.6274082660675049,0.053560215087644136
183,0.6401553750038147,0.030914966263831837,0.6271892189979553,0.05314473145502374
184,0.6401450634002686,0.030630896504868412,0.6271189153194427,0.052661349249452295
185,0.6402226984500885,0.03051756362922262,0.6269997358322144,0.05248134005946227
186,0.6401178240776062,0.030245927190569906,0.6271100342273712,0.05211698055408559
187,0.6399997472763062,0.029945167279596167,0.6273015141487122,0.051823427754207216
188,0.6401169896125793,0.029731145582857846,0.6271663904190063,0.05139285554981992
189,0.6401549279689789,0.029470467324817968,0.627015620470047,0.050895143415754775
190,0.6402073800563812,0.02920898827665638,0.6269789636135101,0.050422424362856585
191,0.6401782631874084,0.02894358957158328,0.6269586682319641,0.05015770000735966
192,0.6401459574699402,0.028705797052284817,0.6270354092121124,0.0498026971023524
193,0.6401222348213196,0.02842316028617076,0.6269828379154205,0.04935796355686545
194,0.6400407254695892,0.028037305888053525,0.6269144117832184,0.04875576938534179
195,0.640061229467392,0.027883048422503654,0.6269104778766632,0.04842854125350321
196,0.6399550139904022,0.027464108748305367,0.626970648765564,0.0478760382163739
197,0.6400537192821503,0.027401057062933068,0.6270625293254852,0.047732865371982396
198,0.639984518289566,0.027134436099253152,0.6270902454853058,0.0473645862096942
199,0.639986127614975,0.027024685705730786,0.6271337568759918,0.047155453547383146
200,0.6618819832801819,0.07986920515881143,0.6065073311328888,0.14972132668519017
201,0.6617416739463806,0.08001309449962762,0.6066141128540039,0.14981839087731075
202,0.6616920232772827,0.07995493184868259,0.6067402362823486,0.14977464244855646
203,0.66172656416893,0.079652781091708,0.6067667305469513,0.1493110692617851
204,0.6616846323013306,0.07939952067900603,0.6068128049373627,0.1489336863802186
205,0.661695659160614,0.07925251247140003,0.6067995429039001,0.14869745329431502
206,0.661566823720932,0.07919203174378689,0.6070614755153656,0.14862913325287885
207,0.6615566313266754,0.07912366955550222,0.6071260571479797,0.14861661563887113
208,0.6614859104156494,0.07904304263430088,0.6073271632194519,0.14841060184334987
209,0.6614234745502472,0.07893839200944834,0.607390820980072,0.14817803553326675
210,0.6613190174102783,0.07898530145184096,0.6075902581214905,0.14819421992309495
211,0.6612274348735809,0.07907553785450279,0.6076917052268982,0.1482926749612164
212,0.6611008942127228,0.07909146936323991,0.6078120172023773,0.14819898251697666
213,0.6610423028469086,0.07903735280975191,0.6078351736068726,0.1479692400457438
214,0.6609990298748016,0.0789444611556339,0.6078774929046631,0.14754996319675742
215,0.6609337627887726,0.07893080557671638,0.607938826084137,0.14759472314987598
216,0.6608604788780212,0.07881047632421777,0.6080573499202728,0.14744944296305892
217,0.6607911884784698,0.07874004894035606,0.6081179082393646,0.1472237887361316
218,0.6606663763523102,0.07892659089186528,0.6082354485988617,0.14718804820859438
219,0.6606369316577911,0.07869419316917621,0.6083333492279053,0.14696412200245598
220,0.660895437002182,0.07824591928841435,0.6081840395927429,0.14671444407187745
221,0.6610036492347717,0.07789622688631946,0.6082437336444855,0.14638565650664398
222,0.6610438823699951,0.07742780681196938,0.6085864305496216,0.14597830721578617
223,0.6609136462211609,0.0771466030387047,0.6088521182537079,0.1455729809736569
224,0.660754531621933,0.07685692774888932,0.6090977489948273,0.14524929317709323
225,0.6606606245040894,0.0770270745763278,0.6092296838760376,0.14529847854930544
226,0.6606239974498749,0.07721416443686765,0.6092861294746399,0.1455590303667998
227,0.6606306433677673,0.07716101726089543,0.609286367893219,0.14547524243196014
228,0.6605214476585388,0.07709029484909415,0.6094541251659393,0.1454182177459249
229,0.6604434847831726,0.0770371055262734,0.6095839440822601,0.14530888882088763
230,0.6601302325725555,0.07690893695995177,0.6098799407482147,0.1452262809978063
231,0.6602000594139099,0.07701577922092688,0.6098971962928772,0.1451179214502848
232,0.6600857973098755,0.07698197744842114,0.6100988388061523,0.14490575421488094
233,0.6600714027881622,0.07696600379283551,0.610133945941925,0.14477265446728355
234,0.6600278913974762,0.0769787321410858,0.6100954711437225,0.14469211183977923
235,0.6600721478462219,0.07678152703690333,0.610002189874649,0.14443063279161764
236,0.6600651443004608,0.07653720175608568,0.6099824607372284,0.14406707407636266
237,0.6600359976291656,0.07635656036336799,0.6101086139678955,0.1437051590881996
238,0.6600603461265564,0.07622645304201486,0.6100705564022064,0.14352498131081554
239,0.6601301729679108,0.07601432795345953,0.6100507974624634,0.143114681740562
240,0.6601555645465851,0.07581640635285238,0.6100673377513885,0.1426551546512477
241,0.6601569652557373,0.07566008369172547,0.6100296080112457,0.14232539770849847
242,0.6602010726928711,0.07551973468618418,0.6099740564823151,0.1420736124354944
243,0.6602543294429779,0.0753572585851747,0.6098109185695648,0.14177217817494447
244,0.6603191494941711,0.07519157932367837,0.6096305549144745,0.14149746501635047
245,0.6604151129722595,0.07494426161661644,0.609451025724411,0.14102154280296547
246,0.6604883670806885,0.0747688464331141,0.6092009246349335,0.14069928799925116
247,0.6605392396450043,0.07456540359535202,0.6089875996112823,0.14017700425250418
248,0.6605999171733856,0.07435197195449285,0.6088996231555939,0.1395817221641363
249,0.6606055498123169,0.0742059331244026,0.6089361608028412,0.1393151012004564
250,0.660639762878418,0.0740469552118195,0.6089902520179749,0.13897459681133686
251,0.6607151031494141,0.07390475174494375,0.6086910367012024,0.13883534362385688
252,0.6607339084148407,0.07365486308012266,0.6086045205593109,0.1382484487583427
253,0.6608010828495026,0.07352732671652869,0.6084305346012115,0.13808660486006086
254,0.6608417332172394,0.07327343410109907,0.608257383108139,0.1375783981607165
255,0.6609274446964264,0.07310965144778574,0.6079975068569183,0.13729508704502624
256,0.6609415709972382,0.07290515493881088,0.6080180108547211,0.13681562449636633
257,0.6610223352909088,0.07280256950953536,0.6078120470046997,0.13665837460457217
258,0.661017507314682,0.07259436407789155,0.6078502833843231,0.13635445367996013
259,0.661037802696228,0.07238089029018387,0.6078536808490753,0.13590474680634887
260,0.6611672341823578,0.07230447805383361,0.6076148748397827,0.13565275079910225
261,0.6611761152744293,0.07211279418680606,0.6075669527053833,0.13537744758462908
262,0.6611621379852295,0.07199516233261216,0.6076226234436035,0.1352982115094286
263,0.6611744165420532,0.07185692066949644,0.6076264977455139,0.13509784539160782
264,0.6611438691616058,0.07169874354703505,0.6076646149158478,0.1347043202670616
265,0.6611643433570862,0.07154444393463666,0.6075828075408936,0.13448191134746962
266,0.6611440181732178,0.07150845052600836,0.6075867414474487,0.13447778095631555
267,0.661237508058548,0.07130534486303436,0.6074032485485077,0.13411224133918057
268,0.6612661480903625,0.07116655529088799,0.6074075102806091,0.1339166378152415
269,0.6613225638866425,0.07105920726773074,0.6072761118412018,0.13376984034187805
270,0.6612529158592224,0.07083941145274643,0.6073652803897858,0.1332646682156265
271,0.6612098515033722,0.07069286686047405,0.6074540615081787,0.13304824414852304
272,0.6611700654029846,0.07051370060745424,0.6075087487697601,0.13283274731208683
273,0.6611781716346741,0.0703027134838087,0.6075464189052582,0.13249928144666864
274,0.6611641943454742,0.07008637371040229,0.6075671017169952,0.1321435620452367
275,0.6610732078552246,0.06978531877148897,0.6077384054660797,0.13171830034376178
276,0.6610645949840546,0.06968285978275898,0.6077586114406586,0.1316019750418717
277,0.6610355079174042,0.06943200174042215,0.6078287363052368,0.13127403041360844
278,0.6610046029090881,0.06933788782769731,0.6078985929489136,0.1309945125142842
279,0.6609747111797333,0.069191596116516,0.607984721660614,0.13069265678524916
280,0.6609475910663605,0.06884472755327134,0.6080208122730255,0.13027502366335472
281,0.660745769739151,0.06868869992008401,0.6083212196826935,0.12999938327409347
282,0.6606153845787048,0.06864035748484203,0.6085048913955688,0.12965491708121393
283,0.6607521772384644,0.06874800053593884,0.6084573268890381,0.12949813080475342
284,0.6606285274028778,0.0687091832884603,0.6086563766002655,0.12931879596433957
285,0.6606315076351166,0.06858307991771571,0.6087234318256378,0.12904745455362643
286,0.6607178449630737,0.06817876519995071,0.6087411642074585,0.12856904567617927
287,0.6607135236263275,0.06816085278933358,0.6088241040706635,0.12827734733763538
288,0.6607443690299988,0.06818542440201543,0.6087926924228668,0.12824025811094578
289,0.6608843803405762,0.06784782814544317,0.6088589131832123,0.12788150413642105
290,0.6606989502906799,0.06749480614231591,0.6092006266117096,0.12736360366191918
291,0.6606798470020294,0.06729684239486025,0.6092333495616913,0.12691659418661264
292,0.6605409979820251,0.06712222800147961,0.6095082759857178,0.12658561498525658
293,0.6604282557964325,0.06690740551461959,0.6096208393573761,0.12616486299657234
294,0.6604252755641937,0.06686121256865166,0.6096685826778412,0.12583679192776354
295,0.660400778055191,0.06671816616480568,0.6097001135349274,0.12544196025091348
296,0.6604034602642059,0.06679605354085381,0.609715461730957,0.1253886444875472
297,0.6603449583053589,0.06665448227670571,0.6097947061061859,0.12510942161616254
298,0.660200834274292,0.06643936476190611,0.6100651025772095,0.12469591888542214
299,0.660153865814209,0.0662427918604513,0.6101592481136322,0.12435170557363368
300,0.65785351395607,0.011219701807842545,0.6186163425445557,0.015178091673137202
301,0.6577906012535095,0.0110860541512145,0.618791788816452,0.015026826633831604
302,0.657841145992279,0.010993583965581599,0.6187281608581543,0.014932544133712734
303,0.6577602922916412,0.011038048890760592,0.6188430488109589,0.014922723918009695
304,0.6577237248420715,0.011033370590575884,0.6188981235027313,0.01494084706286938
305,0.6575665175914764,0.011135745285608845,0.6190907657146454,0.015265293502706242
306,0.6576126515865326,0.010815092062137963,0.6191056072711945,0.014893474005143134
307,0.657524824142456,0.010564697635134741,0.6192575991153717,0.014662087806818326
308,0.6576627790927887,0.010601913302369861,0.6192328631877899,0.014570123383367556
309,0.6579244434833527,0.0105641497261041,0.6191302537918091,0.014533750653102655
310,0.6578257083892822,0.010360622594644993,0.6193199455738068,0.014305019706234032
311,0.6577753722667694,0.01011444285249286,0.6193534731864929,0.01402250938066551
312,0.657753586769104,0.009918923622250823,0.6192706525325775,0.0139056361697448
313,0.6577327251434326,0.00975143204626853,0.6192269027233124,0.013680150530211517
314,0.65761798620224,0.009452610890326292,0.619298905134201,0.013346768958490346
315,0.6576228141784668,0.009294391621016395,0.6192937195301056,0.013123727836170695
316,0.657522439956665,0.009137015288676718,0.6194035410881042,0.012901824678760837
317,0.6575162410736084,0.009098071600652652,0.6194745898246765,0.012789124005842707
318,0.6573686599731445,0.008787870795612471,0.6195834577083588,0.012353367739088574
319,0.6572464108467102,0.008516866559687423,0.6197869181632996,0.012000387882809835
320,0.6573515832424164,0.008595554725857261,0.619685709476471,0.012024917348643176
321,0.6573280394077301,0.008461696334986663,0.6196417808532715,0.01170122955207951
322,0.6571857929229736,0.008147913047823056,0.6197113990783691,0.011218816724023816
323,0.6570760011672974,0.007888288460995948,0.6198183596134186,0.010845353499368784
324,0.6572362780570984,0.007971402046259431,0.6195864379405975,0.010633186263964945
325,0.6573298573493958,0.008003602238521755,0.6194682121276855,0.010528114170627285
326,0.6574443280696869,0.00804107078684794,0.6193130910396576,0.010423547839471758
327,0.6573283672332764,0.007787641786751934,0.619494616985321,0.010108331559458781
328,0.6572839915752411,0.007622552581134762,0.6195263862609863,0.009794590419143686
329,0.6572541892528534,0.0074758815483168505,0.6195765435695648,0.009718768238672588
330,0.6572547852993011,0.0074204162956765145,0.6196264624595642,0.009695713912537129
331,0.6572236120700836,0.007302067945057924,0.6197870373725891,0.009672786026947202
332,0.6571693420410156,0.007223042604099997,0.6200390756130219,0.00967603133428254
333,0.6570919156074524,0.007053359391995138,0.620253175497055,0.009471113356822575
334,0.6570407450199127,0.006948203004960457,0.6203193664550781,0.009215239839512937
335,0.6570099890232086,0.006819655117002231,0.6203486919403076,0.00911594186442127
336,0.6570793092250824,0.006785010407526276,0.6201585829257965,0.00891376343211451
337,0.6569017767906189,0.00661595939814908,0.6205708682537079,0.008789851697492483
338,0.6567659378051758,0.00645192386374468,0.6206721067428589,0.00848652082875958
339,0.6567175388336182,0.006236047705671881,0.6206821501255035,0.008056327946008883
340,0.6565089225769043,0.006043015139491986,0.6210179328918457,0.007935240050237085
341,0.6563994586467743,0.005915520922746532,0.6212077438831329,0.007763660229949235
342,0.6562670767307281,0.005818245996383389,0.6213065683841705,0.0076183378962836725
343,0.656196802854538,0.005875734297752248,0.6215307712554932,0.00765167605345579
344,0.6560365259647369,0.00583906653954777,0.6217360198497772,0.007608728414823188
345,0.6560362279415131,0.005908861720681811,0.6217971742153168,0.007616652022343236
346,0.6558072865009308,0.0056693833274429105,0.6219830214977264,0.007346743604479471
347,0.6556110680103302,0.005436142667783623,0.6222392618656158,0.007128507222890062
348,0.6555096805095673,0.005365251668588299,0.6222988367080688,0.00688612069710391
349,0.6556544601917267,0.005759999051741333,0.62228724360466,0.007246602692417587
350,0.6558167934417725,0.005809690186135677,0.6221518516540527,0.007280193730680769
351,0.6558590233325958,0.00623271810463952,0.622140645980835,0.007638189061932304
352,0.6561121046543121,0.006208104345109158,0.6219533681869507,0.007944765238000548
353,0.6562646329402924,0.00614926734458795,0.6217669546604156,0.008200217286825075
354,0.6561417877674103,0.006390010143282177,0.621879369020462,0.008429749023815405
355,0.6561463475227356,0.006367883047813957,0.62185138463974,0.008509785889137592
356,0.6563194394111633,0.006179149460182174,0.6216140985488892,0.008342715781640407
357,0.6564615964889526,0.006056502131015472,0.6213255822658539,0.008250203449158996
358,0.6567079424858093,0.00593478203251601,0.6209167242050171,0.008133583119329352
359,0.6568441390991211,0.005807161375225023,0.6206830739974976,0.007919392835196989
360,0.6569646596908569,0.00573441591469522,0.6203985810279846,0.007779549591837842
361,0.6570278406143188,0.005615477508197477,0.6202016174793243,0.007371778832494943
362,0.6571125984191895,0.005561529542103533,0.6199193894863129,0.0070876247798344946
363,0.6571907699108124,0.005490090633877567,0.6195525228977203,0.006829011717371649
364,0.6572298109531403,0.005422908557351202,0.6194444596767426,0.006692793102984439
365,0.657270759344101,0.005359941165675927,0.6192513108253479,0.006532930106582619
366,0.65735724568367,0.005361542745919341,0.6191273033618927,0.006615242901724394
367,0.6574018597602844,0.0053025793048526,0.619054913520813,0.006335851442945678
368,0.6574208736419678,0.005167119333738587,0.6189998686313629,0.005985484691274616
369,0.6574999988079071,0.005101328103213081,0.6188263297080994,0.005852595677919767
370,0.6575246453285217,0.005081645524958493,0.6188227534294128,0.005672375753687184
371,0.6575366854667664,0.00504565211633019,0.6188023686408997,0.005421264830259277
372,0.6575225591659546,0.005060150632217937,0.6188662648200989,0.005528739293962057
373,0.6575661897659302,0.005013030455582758,0.6187785863876343,0.0054693122375616965
374,0.6575722992420197,0.0049042494395761405,0.6187583804130554,0.00526768171428558
375,0.6575748920440674,0.004878329127741941,0.6187047958374023,0.00525638635888466
376,0.6576033234596252,0.004768157265734463,0.6186347007751465,0.005079791063624014
377,0.657625287771225,0.0046125089541837316,0.6185315847396851,0.004715305117701803
378,0.6576046645641327,0.004531249830254728,0.61859530210495,0.004681756226287131
379,0.6575288474559784,0.004367720058032459,0.6186918914318085,0.004413575829212312
380,0.6575767993927002,0.004307070743025283,0.6185561716556549,0.004287050989982609
381,0.6574916243553162,0.004116735575150085,0.6186524629592896,0.00397411063978922
382,0.6574902832508087,0.0040653585668153054,0.6186493635177612,0.003895717501558957
383,0.6573818624019623,0.0038912077887682914,0.6187779903411865,0.0036314567613956517
384,0.6573586761951447,0.003822508425695534,0.6188567578792572,0.0034844064069411425
385,0.657244086265564,0.0036033026665903745,0.6189188361167908,0.0031757650352958653
386,0.6573704183101654,0.0036019961142865365,0.6187352538108826,0.002891526688938396
387,0.6572758853435516,0.003388648767124391,0.6187973320484161,0.0025854141282037725
388,0.6572778224945068,0.0032783504645713816,0.6187125444412231,0.0024418198153271565
389,0.65728759765625,0.0032754844788726407,0.6186768412590027,0.0024137500142189013
390,0.62714022397995,0.11975209355509428,0.59375,0.2651650429449553
391,0.6429576873779297,0.08293623132494919,0.59375,0.2099223256647563
392,0.6640675961971283,0.04191246988632495,0.5755208432674408,0.12889968770274723
393,0.6780727803707123,0.022805027526517096,0.560546875,0.0966747552403483
394,0.6720579266548157,0.028916025532657156,0.565625011920929,0.09280778188947376
395,0.6716790199279785,0.022997259302575283,0.57421875,0.08286407592029854
396,0.6725834608078003,0.016881920171038605,0.5758928656578064,0.06313454607646989
397,0.6705785393714905,0.017509739626456883,0.580078125,0.05524271728019903
398,0.670983225107193,0.015088192445263465,0.5789930522441864,0.04296656256758241
399,0.6692705750465393,0.017738934188659124,0.58203125,0.04750877057844997
400,0.6836367845535278,0.008218972634412423,0.544665664434433,0.03698600905758357
401,0.6835832297801971,0.008206792195192774,0.5446912050247192,0.036863656756356444
402,0.6835538744926453,0.008278989746691936,0.5446768999099731,0.036910355464506515
403,0.6835005581378937,0.008304994352223158,0.5448408126831055,0.03698478679897675
404,0.6834531128406525,0.008399150411796496,0.5447867214679718,0.037198513467775494
405,0.6833857595920563,0.008329270936965434,0.544910192489624,0.03693758232864455
406,0.6834340393543243,0.008316458295018122,0.5447186231613159,0.03684469067452654
407,0.683369517326355,0.008281181382814503,0.544861227273941,0.03677999526206232
408,0.6832147836685181,0.008336899516545905,0.5450422465801239,0.03660500154704509
409,0.6832570433616638,0.008259602196376925,0.5448517799377441,0.03640332887692046
410,0.6831482350826263,0.008278779012449382,0.5451680421829224,0.03642271642723547
411,0.6830642223358154,0.008247716785096853,0.5453857481479645,0.03619508129842813
412,0.682958722114563,0.008246958141823657,0.5456604063510895,0.036160099414164086
413,0.6827455461025238,0.008315868239138968,0.5462233424186707,0.03620726173764778
414,0.6825976669788361,0.008332979859634392,0.5465523898601532,0.03614526372348825
415,0.6824642419815063,0.008364632142866073,0.5468221604824066,0.036002048732248236
416,0.6823972761631012,0.008326067776478605,0.5470139682292938,0.03602211063213942
417,0.6823660135269165,0.008351482326130675,0.5470518469810486,0.03598801383169411
418,0.6822497248649597,0.008235241317937628,0.5472421646118164,0.03584623183330346
419,0.6821080446243286,0.008153560725523515,0.5476788282394409,0.03567823449513904
420,0.6818850934505463,0.008188331875545003,0.5480374991893768,0.035725733993410815
421,0.6818410158157349,0.008172442513656397,0.5480725467205048,0.035639164366569435
422,0.6817635893821716,0.0084885438774881,0.5483151972293854,0.03579342183211931
423,0.6815804839134216,0.008171936751474266,0.548632025718689,0.0354672473714935
424,0.6812720000743866,0.008208815243921298,0.5490789413452148,0.03548823650205193
425,0.680854082107544,0.008260950895529274,0.5496362149715424,0.03540305772121141
426,0.6807275414466858,0.008587588971488702,0.5499850511550903,0.035344768629720844
427,0.6808332204818726,0.00863841807079284,0.5501642525196075,0.03531311634648916
428,0.6806046068668365,0.008748632079648828,0.5504914820194244,0.03533427406444163
429,0.6803877651691437,0.00907257275730356,0.5508172512054443,0.03551293455527931
430,0.6802748441696167,0.00939545976374552,0.5510858297348022,0.03566457891622151
431,0.6804603338241577,0.009305181214235184,0.5510758459568024,0.03558015877865419
432,0.6803060472011566,0.0094120234752103,0.5513057112693787,0.03562656245886468
433,0.6800139546394348,0.009767532142399692,0.5517000257968903,0.0359589746530701
434,0.6798378825187683,0.010000435627270892,0.5520190894603729,0.03618597757914978
435,0.6796926856040955,0.009875428074587581,0.5523732602596283,0.036101178119945856
436,0.679898589849472,0.009407977377753255,0.5526344478130341,0.03583590585541829
437,0.6799130439758301,0.009143674490741438,0.5529126822948456,0.03564919531651503
438,0.6799117028713226,0.008758915910685486,0.5531895458698273,0.03530907024903212
439,0.6800066828727722,0.00840037267040331,0.553247481584549,0.03502179732958186
440,0.6798494756221771,0.00829521628336863,0.5535765886306763,0.03476145624633007
441,0.6798258721828461,0.008145679264851978,0.5537236332893372,0.03440017346089469
442,0.6796427667140961,0.007999345406822154,0.5540501773357391,0.03414252977594759
443,0.6796918511390686,0.007980842940325873,0.5539976954460144,0.033962267704866496
444,0.6796078979969025,0.007930393162658332,0.5541786253452301,0.0338589657791663
445,0.6796256005764008,0.007939496881936686,0.5541976988315582,0.03378141557790625
446,0.6796479225158691,0.007972666451714759,0.5542166531085968,0.0338051864004664
447,0.6797471940517426,0.008071837986260893,0.5540930330753326,0.033677734330569455
448,0.679762989282608,0.008072428042140044,0.5542365610599518,0.033525752794839166
449,0.6797927618026733,0.008093796494335068,0.5543085038661957,0.033474755108140984
450,0.6798243522644043,0.00817918600941814,0.5543270707130432,0.03339893292766989
451,0.679795503616333,0.008151116208309883,0.5544867217540741,0.03322364418471308
452,0.6797891557216644,0.008106819870524935,0.5545928478240967,0.033223433450470526
453,0.6797236204147339,0.00801565623719587,0.5548039078712463,0.03327299814431934
454,0.6796994805335999,0.008005625287250278,0.5549263656139374,0.03314870708806071
455,0.6797118484973907,0.00793502931599453,0.5548033714294434,0.03262924718016394
456,0.6797249913215637,0.007943753713636285,0.5548729300498962,0.03258103118546748
457,0.6796828806400299,0.007875517965897147,0.5549247860908508,0.03231137564869478
458,0.6796602308750153,0.00784500364757526,0.5549416244029999,0.03219037204662
459,0.6797004044055939,0.007867425770983056,0.5549410581588745,0.032143462604227374
460,0.6797114312648773,0.0078610194500094,0.5550096929073334,0.03219458673147109
461,0.6796634495258331,0.007787768227297467,0.5551470518112183,0.03229434832189638
462,0.679692953824997,0.007831853830839862,0.555059939622879,0.03227188405164007
463,0.6796740293502808,0.007814700063495928,0.5551106631755829,0.03215227129556615
464,0.679590106010437,0.007712283221614455,0.5552983582019806,0.03208171747115892
465,0.679567962884903,0.007693359286633064,0.5554338693618774,0.03208403554782702
466,0.6795616745948792,0.007698121880514795,0.5554151833057404,0.03215876191023683
467,0.6795895397663116,0.007717635871375339,0.5554136037826538,0.03216091139951089
468,0.6795134246349335,0.007722609199499624,0.5555819869041443,0.031970744819029735
469,0.6795176863670349,0.007732007946717554,0.5556309521198273,0.031709476505110704
470,0.6795213222503662,0.007772974683470143,0.5556627213954926,0.031664716551992135
471,0.6795477271080017,0.007801550246760529,0.5555593073368073,0.031620125186267604
472,0.6795310080051422,0.0077861666470540524,0.5556080043315887,0.031408969475228025
473,0.6795355081558228,0.00777238462759099,0.5555723607540131,0.0313651367527767
474,0.6794944405555725,0.0077913507094208925,0.5557382702827454,0.03141642946741446
475,0.6793923079967499,0.007771668131166305,0.5559704005718231,0.0311833152483007
476,0.6793360114097595,0.007751479790729586,0.5560678839683533,0.0311875720800003
477,0.6793023347854614,0.007762353677645398,0.5561816394329071,0.03126246702980416
478,0.6792187392711639,0.007762648705584974,0.5562949180603027,0.03119591715600546
479,0.679176539182663,0.007796029009605601,0.5564243197441101,0.031200047547159524
480,0.6791894435882568,0.007826669768473021,0.5563709139823914,0.031133876994997423
481,0.6790339946746826,0.007927737911202146,0.5565987825393677,0.031231657683542694
482,0.6789609789848328,0.00809860123506531,0.5567266941070557,0.03146894444065903
483,0.678830623626709,0.008217792522654118,0.5570022463798523,0.03163542449227706
484,0.678711324930191,0.008198025650702509,0.5571616291999817,0.03159218182570488
485,0.6786925494670868,0.008227191269872048,0.5573367476463318,0.03152584268614873
486,0.6785667240619659,0.008238318037878924,0.5574947595596313,0.03162176891335953
487,0.6785061955451965,0.008311105645257237,0.5576521158218384,0.0318096595640211
488,0.6784165501594543,0.008294921255429055,0.5578251481056213,0.031651187413620135
489,0.6783110499382019,0.008277219579054479,0.5580624043941498,0.03144740740106996
490,0.6781520247459412,0.008314814567926196,0.5582987368106842,0.031336224014698225
491,0.678002804517746,0.008316121120230033,0.5585664212703705,0.03136286082295711
492,0.6778783202171326,0.008297281478945664,0.5587199628353119,0.031366569745626065
493,0.6777979135513306,0.008299473115068231,0.5588406026363373,0.031370194374598
494,0.677706778049469,0.008339259740062515,0.5590411722660065,0.031487615494549356
495,0.6774838864803314,0.008531070047635593,0.5593212246894836,0.03149102938927874
496,0.6772113740444183,0.008630705197515347,0.5597442984580994,0.03156242615065619
497,0.6771304905414581,0.00867993271657607,0.5598778426647186,0.03158826216879337
498,0.6770372688770294,0.00888864391040202,0.5600587129592896,0.03186225883096269
499,0.6768884658813477,0.008727095040059762,0.5603821575641632,0.031662187741081475
500,0.6416350305080414,0.024070107331420093,0.624880313873291,0.008463592943169652
501,0.6414458155632019,0.024175685186939883,0.6250596940517426,0.00830136972325122
502,0.641326367855072,0.02424682906722627,0.6252977252006531,0.008224114549930753
503,0.6410485506057739,0.02456739799700013,0.6254949271678925,0.007699344139121611
504,0.6409831941127777,0.02456929460518312,0.6256121695041656,0.007400607276876394
505,0.6407433152198792,0.024785297203801453,0.6259848773479462,0.007298359022388965
506,0.6407390832901001,0.024829551394737893,0.6261592507362366,0.006974376197885723
507,0.6408066153526306,0.02462910098322008,0.6262347102165222,0.006901462149961876
508,0.6409121453762054,0.024446562982319398,0.6262707114219666,0.00671829194633353
509,0.6410238444805145,0.024038665782430964,0.6262675523757935,0.006756645578478444
510,0.6409113705158234,0.024022481392602782,0.62651726603508,0.006712349240693494
511,0.6410681307315826,0.02384512745406894,0.6264746785163879,0.006805451629054059
512,0.6411823332309723,0.0239610312874739,0.6265484690666199,0.006843299499016842
513,0.6411576867103577,0.02406635626190262,0.6265639662742615,0.006635262654767069
514,0.6409859657287598,0.024121147164966786,0.6268489956855774,0.00653722908513073
515,0.640929788351059,0.02402669607745387,0.62694051861763,0.006548313706289095
516,0.6408570110797882,0.02393852487036908,0.627069890499115,0.006450912339380418
517,0.6407524347305298,0.02398138821530466,0.6272369027137756,0.006191793514735442
518,0.6407211124897003,0.023790673725792865,0.6274221837520599,0.006230610762213975
519,0.6407058238983154,0.023644803483096662,0.6276065409183502,0.0060540154669533296
520,0.6405185759067535,0.023683283555787107,0.6279608011245728,0.005797720481158583
521,0.6404911875724792,0.023721510747386487,0.6281051337718964,0.0056230217940809275
522,0.640309065580368,0.023731162375695482,0.6283620297908783,0.005449123897124979
523,0.6402887403964996,0.023806099472347853,0.6284481585025787,0.005196158512362593
524,0.6401309669017792,0.02364745873455285,0.6286278367042542,0.005236830221175605
525,0.640026330947876,0.023511956616590324,0.6287690997123718,0.005224270460319359
526,0.6398920714855194,0.023369626709169034,0.6290407180786133,0.0051853267722952925
527,0.6396966278553009,0.023211744614647225,0.6293856203556061,0.005304897381520699
528,0.6395039260387421,0.02307013120365062,0.6295799911022186,0.005318552960438229
529,0.6394909024238586,0.02300889183276429,0.6295876801013947,0.005332208539355759
530,0.6393846571445465,0.022582745047470643,0.6297065019607544,0.0057650145267141295
531,0.6391743421554565,0.02236724821103444,0.6298617124557495,0.005882098471877393
532,0.6392506659030914,0.02213666280283134,0.6297395825386047,0.0059203678103252845
533,0.6392143964767456,0.02198396477067637,0.6298572421073914,0.006140627240643217
534,0.6391288340091705,0.02176661347290569,0.629992663860321,0.006385753311582577
535,0.63922518491745,0.02182464968330519,0.6299992799758911,0.006448467822166787
536,0.6394278109073639,0.02199370069268239,0.6300971806049347,0.006381749360974041
537,0.6393204629421234,0.02190805829650825,0.6302493214607239,0.006444168843618676
538,0.6392021179199219,0.021787981925100713,0.6303825974464417,0.006634925479978982
539,0.6390438675880432,0.02147011039363155,0.6305878162384033,0.0068247548856720484
540,0.6389130353927612,0.021371908236601168,0.6307920813560486,0.0068601582384212
541,0.6389998495578766,0.021496367880253837,0.630814790725708,0.0067932290429859
542,0.6389928758144379,0.021700190039652522,0.6309274733066559,0.006548229412592073
543,0.6389447450637817,0.021731842322884203,0.6310756504535675,0.006355196846412179
544,0.638921856880188,0.02142762637033257,0.6311692893505096,0.006543508965558853
545,0.6387223899364471,0.021443768613312243,0.6314593553543091,0.006402021995107782
546,0.6386309564113617,0.02134657798064612,0.6316945254802704,0.00633690511415845
547,0.6386096775531769,0.021348685323071666,0.6317861080169678,0.006322448745119213
548,0.6385120153427124,0.021424591797239784,0.6319128572940826,0.006107036202380034
549,0.6384388208389282,0.021485620433883558,0.6320390105247498,0.005942705640036058
550,0.6383893191814423,0.02160864708468686,0.632111519575119,0.0056540418745849455
551,0.6383841633796692,0.021632460054095515,0.6321660578250885,0.005491523626726938
552,0.6383621692657471,0.021706048451595534,0.6322731673717499,0.005205177937943924
553,0.6383427381515503,0.021759827830295436,0.6324149668216705,0.005118945485890635
554,0.6383191347122192,0.021842351359679768,0.6325210332870483,0.0049834433679281104
555,0.63816899061203,0.021995007244986226,0.6328015625476837,0.004799135199389971
556,0.6381294131278992,0.022157694080238276,0.6327492296695709,0.004344117822866359
557,0.6381160914897919,0.02218572173449802,0.6327145397663116,0.004260582769117767
558,0.6379793286323547,0.022308916972695363,0.6330101490020752,0.004201956502839113
559,0.6378685534000397,0.022386677908197962,0.6332004368305206,0.004143583117651525
560,0.6377500593662262,0.022427391763859487,0.6333379447460175,0.004061059588267194
561,0.637564480304718,0.022611194170215496,0.6336647272109985,0.003807967762959276
562,0.6375182867050171,0.022785176360868468,0.6337489485740662,0.0035072921456825576
563,0.6374772787094116,0.022845277766845,0.6338156461715698,0.0034266230776327064
564,0.6375178694725037,0.022941119700358774,0.6337791681289673,0.0033463754780679645
565,0.6373831331729889,0.022937452924538325,0.633965253829956,0.0032422727622460562
566,0.6372671127319336,0.022961181600249958,0.6341675519943237,0.003066183229167541
567,0.6371867060661316,0.022994393316876544,0.634317934513092,0.002914960336710453
568,0.6371124386787415,0.022982592199293495,0.6345016360282898,0.0027644117938295395
569,0.6370153725147247,0.02323644266787461,0.6346336305141449,0.0024945455228142853
570,0.6370092928409576,0.02330446768137119,0.6346635520458221,0.0025130901361590783
571,0.636978954076767,0.023359005703344288,0.6347439885139465,0.0024121484339754873
572,0.6370349526405334,0.023238507863451642,0.6346724331378937,0.0025260713655004337
573,0.636918693780899,0.023152570439337928,0.6348029375076294,0.002591946889722961
574,0.6367926299571991,0.022964089732797212,0.6349329054355621,0.002799941587124223
575,0.6368089616298676,0.022953890195457575,0.6349115967750549,0.0027466258237579424
576,0.6368364989757538,0.022894547432754236,0.6348569691181183,0.0027879718821471294
577,0.6367577016353607,0.022729416080288552,0.6348859667778015,0.0029470762352757545
578,0.6366280913352966,0.02269388628699387,0.6350312530994415,0.002940796354847631
579,0.6364833414554596,0.022713990333733565,0.6352589726448059,0.0029110828266474507
580,0.636284351348877,0.022558426315879856,0.6355684995651245,0.003045446979700181
581,0.6361351609230042,0.022492845819596905,0.6357775628566742,0.0031792632237222693
582,0.6360641121864319,0.02231726204870052,0.6358867585659027,0.0033125315587137164
583,0.6358969211578369,0.022258003579694204,0.6360942721366882,0.00325896291425637
584,0.6357952356338501,0.02204330753337971,0.6362023651599884,0.0033450689257641265
585,0.6356217861175537,0.02193448437052458,0.6364083290100098,0.003430753468786774
586,0.6352778077125549,0.021972838002669495,0.6367606818675995,0.00335417264504248
587,0.6350976824760437,0.02187927199897531,0.63694828748703,0.003324121942054212
588,0.6350338160991669,0.021657958897444606,0.6371351182460785,0.003478421554452595
589,0.6348803639411926,0.021341815386764388,0.637272447347641,0.003609076784836367
590,0.6347824335098267,0.021286940190003205,0.6373929381370544,0.003624544678239865
591,0.6345704793930054,0.021202730786678437,0.6376100778579712,0.0035025716986493375
592,0.6344963312149048,0.021130322500936723,0.6376970708370209,0.0036095825470184974
593,0.6342578232288361,0.020771020617381352,0.6379449367523193,0.003852896303471889
594,0.6339446306228638,0.02061023039031229,0.6382400095462799,0.0038904491454950954
595,0.6338205337524414,0.02053900221632888,0.6384375691413879,0.0038824833911265365
596,0.63361456990242,0.020502545192366956,0.638698399066925,0.003919825498907188
597,0.6335434019565582,0.020470935055983786,0.6388142704963684,0.003934408308491958
598,0.633193165063858,0.02038773717702328,0.6391530632972717,0.0039038096964730488
599,0.6331229507923126,0.02050557976545974,0.6393471360206604,0.003940898923162636
600,0.5938815176486969,0.08515791815050394,0.6822733879089355,0.10909602155238791
601,0.5937415361404419,0.08523905083388741,0.6824259757995605,0.109015099603247
602,0.5936581492424011,0.08516630537335762,0.6825381219387054,0.10899078087165621
603,0.5939960479736328,0.08461266437131851,0.6824714839458466,0.10865857941169335
604,0.5939961075782776,0.08473623893115245,0.6824249625205994,0.1087469613530207
605,0.5941520631313324,0.08473703972127415,0.682358980178833,0.10891849902646003
606,0.594189316034317,0.08437415535559536,0.6824111938476562,0.10858899496480186
607,0.5946235358715057,0.0832983991942033,0.6823063492774963,0.1078177076370525
608,0.5948787927627563,0.08284013651034434,0.6821629703044891,0.10738203566399539
609,0.5949667394161224,0.08252702757275691,0.6821373105049133,0.10700368340491309
610,0.5950897634029388,0.08204714355561188,0.6819172203540802,0.10629709148962796
611,0.595067948102951,0.08188774417454368,0.6819504797458649,0.10617031376930719
612,0.5950683653354645,0.08175236849712669,0.6820029318332672,0.10601673065333349
613,0.595143735408783,0.08146328326319047,0.6819779276847839,0.1055362987271578
614,0.5951374769210815,0.08114869918590516,0.6820685565471649,0.10516713448105089
615,0.5951433777809143,0.08097884738640625,0.6820819079875946,0.1047454974085479
616,0.5952934920787811,0.08048391694434281,0.6819802224636078,0.10421748169040343
617,0.595349907875061,0.08031393870429838,0.6817834377288818,0.1037190952067621
618,0.5953379273414612,0.08004133288812992,0.6817401647567749,0.10311521516129801
619,0.5952579379081726,0.07970837278489386,0.6817161440849304,0.10254125937827666
620,0.5952077209949493,0.07948495234093761,0.6816732287406921,0.10199689068290994
621,0.5950877070426941,0.07912404887713882,0.681819885969162,0.10150870373660827
622,0.5950537323951721,0.07843629660313806,0.6818336248397827,0.10083591359382886
623,0.5951692163944244,0.07822400292718869,0.6816965639591217,0.10048613689803695
624,0.5950084626674652,0.07783650480197953,0.6818420886993408,0.10000511491598212
625,0.5951136350631714,0.07761274718323519,0.6817244291305542,0.09952641101059538
626,0.5950852036476135,0.07734907649895104,0.6817756593227386,0.09934100702399597
627,0.5951782166957855,0.07709126422660989,0.6817893385887146,0.09905091026569547
628,0.5950305759906769,0.07647474012659254,0.6818960309028625,0.09841988764979037
629,0.5949054658412933,0.07601289496061016,0.6820393800735474,0.09805455876689795
630,0.5947955846786499,0.07573754959928848,0.6822376251220703,0.09771721539141674
631,0.5948897004127502,0.07557958321106965,0.6822870373725891,0.09748599778048599
632,0.5946938097476959,0.07524034322740547,0.6825575530529022,0.09715156253755204
633,0.5946128666400909,0.07502758593612248,0.682753175497055,0.09713091058178171
634,0.5945568084716797,0.07482136140635867,0.682929515838623,0.09698057277314334
635,0.5945544838905334,0.07454875559019021,0.6829768419265747,0.09670147634230421
636,0.5944887399673462,0.07426578164928807,0.6830057203769684,0.09639780829878321
637,0.5945157110691071,0.07413306122332726,0.6830162107944489,0.09617291271512908
638,0.5944794714450836,0.07382623216616796,0.6830993592739105,0.09594902865583921
639,0.5944924056529999,0.0736124633505207,0.6831277310848236,0.09580320055999152
640,0.5944564044475555,0.07332957370331558,0.6830654442310333,0.09542767213975945
641,0.5944240093231201,0.07320730569578547,0.6830756962299347,0.09525815751504864
642,0.5943182706832886,0.07292542757294462,0.6831759810447693,0.09491107821756142
643,0.5942709445953369,0.07265779508490045,0.6832758188247681,0.09456564264716613
644,0.5942447483539581,0.07247584713987891,0.6833393275737762,0.09432317182768296
645,0.5941957533359528,0.07233490807845848,0.6834740936756134,0.09428431243335592
646,0.5939585566520691,0.07216619424386937,0.6836796700954437,0.09404356963466169
647,0.5937565863132477,0.07207435626096413,0.6839021146297455,0.09403067269901735
648,0.5936724245548248,0.0717840487684211,0.684034675359726,0.09369113768741359
649,0.5935521423816681,0.07159733822951783,0.6842198371887207,0.09347850683667613
650,0.5932797193527222,0.07144969781918417,0.6844926476478577,0.0932918805914699
651,0.5932649970054626,0.07129181572466237,0.6845523715019226,0.09305611112089995
652,0.5931711494922638,0.07107935346131895,0.6847527623176575,0.09292107261827105
653,0.5931605696678162,0.07088821750332204,0.684864342212677,0.09271210854335404
654,0.5930549800395966,0.0707437802534752,0.6849228739738464,0.09252885404602867
655,0.5929275155067444,0.07052153992127727,0.6849636137485504,0.09212378068499047
656,0.5928657650947571,0.07032328114588202,0.6851263642311096,0.09189327957048439
657,0.5925928354263306,0.07014702302540946,0.6854102909564972,0.0916391762208122
658,0.5925355851650238,0.06997485314924246,0.6854844391345978,0.09138621083604982
659,0.5923839509487152,0.06987471223718057,0.6856622695922852,0.09118344234786391
660,0.5922540426254272,0.06946458125432106,0.6857182383537292,0.09076138380687582
661,0.5919599831104279,0.06913832249999824,0.6859638392925262,0.09046319485366125
662,0.5917422473430634,0.06885543285279311,0.6861394345760345,0.0901663124527505
663,0.5914450287818909,0.06870593798112497,0.6863830089569092,0.08991937406732518
664,0.591298371553421,0.06871938282579995,0.6866255104541779,0.08986757559050529
665,0.5911718010902405,0.0682046433649364,0.6867814064025879,0.08940459245961312
666,0.5909441113471985,0.068075421127402,0.6870732009410858,0.08928165010250684
667,0.5908307433128357,0.06777912878237041,0.6871763467788696,0.08899062611353911
668,0.5905835032463074,0.06753425559252212,0.6874150037765503,0.08879700349148006
669,0.590569943189621,0.06767161217181912,0.6875339150428772,0.08872417373725325
670,0.5903557538986206,0.06751276069978156,0.6877538561820984,0.08850804469808939
671,0.5899457633495331,0.06746703136914724,0.6880741715431213,0.08838834764831845
672,0.5896548628807068,0.0672962944858296,0.6883257031440735,0.08812619425058069
673,0.5893613398075104,0.06704893463191917,0.688542515039444,0.08786517881775271
674,0.5891826152801514,0.06678724484951504,0.6887416243553162,0.08762903002554617
675,0.5888912379741669,0.06676174600616594,0.6889900863170624,0.08755961416604872
676,0.5885895788669586,0.06648349251229702,0.6892876327037811,0.08723061586657269
677,0.5885821878910065,0.06627865882853408,0.6894005239009857,0.0869737729717473
678,0.588410884141922,0.06616224923294699,0.6895628273487091,0.08678857971939044
679,0.5883382260799408,0.06604592393105692,0.6896414160728455,0.08667457249416846
680,0.5882304310798645,0.06592382451092085,0.689752846956253,0.08642055343819331
681,0.5880426168441772,0.06558546961107539,0.6899795234203339,0.08614415440565887
682,0.5879515409469604,0.06532491779358106,0.6901227235794067,0.08593894140025932
683,0.5879104435443878,0.06526022238111683,0.690133661031723,0.08578118574628305
684,0.5880389511585236,0.064862440424871,0.690062403678894,0.0854614176066309
685,0.5877166390419006,0.06461727220708315,0.6902865171432495,0.08528212491306555
686,0.5876239836215973,0.06429994858464462,0.6903788447380066,0.08496475914377852
687,0.5873885452747345,0.06411003488525453,0.6905686855316162,0.08469493501961177
688,0.587293416261673,0.06394473494539481,0.6906763017177582,0.08454139405048659
689,0.5872143805027008,0.06351197110488495,0.6907509863376617,0.08420455643718752
690,0.5870567858219147,0.06298665278504516,0.6908740103244781,0.08375442809509118
691,0.586979329586029,0.06275277992265821,0.6908993721008301,0.08339773931614348
692,0.5866971015930176,0.06238104471879213,0.6911023557186127,0.08301972423184927
693,0.5865672528743744,0.062073667752602174,0.6912238895893097,0.08262042498905706
694,0.586518794298172,0.06189555517079514,0.6913288235664368,0.0823365659643362
695,0.5862482488155365,0.061587546001877526,0.6915617883205414,0.08209923706037134
696,0.5861809551715851,0.06150940574473833,0.6917296648025513,0.08204415112936761
697,0.5860247313976288,0.061301116019397486,0.691800981760025,0.08185360522724985
698,0.5859628915786743,0.061212396903282056,0.6919836699962616,0.08177672937556599
699,0.585904598236084,0.06085861625688161,0.692117840051651,0.08154247719154244
700,0.5711554288864136,0.010187651928356283,0.6986315250396729,0.027450326728842303
701,0.5710254907608032,0.010333311436809933,0.6987623274326324,0.02738040510716273
702,0.5709740221500397,0.010518125367530204,0.6988925039768219,0.027310862807119755
703,0.5707228481769562,0.010805819755465566,0.6990813910961151,0.027101645851111678
704,0.5704679787158966,0.010981403526361951,0.6993878185749054,0.026893524713164883
705,0.5702986717224121,0.010990127924003706,0.6995942294597626,0.026937104554525148
706,0.5702328383922577,0.010878480922298348,0.699662059545517,0.02700833272850856
707,0.5701018273830414,0.010680980790176299,0.6998667120933533,0.027162295166118854
708,0.5696764290332794,0.010702222801825789,0.7002658843994141,0.02720494777681188
709,0.5695643424987793,0.010570429606532223,0.7003705203533173,0.027164613242786954
710,0.569302499294281,0.010374362467259543,0.7006107866764069,0.027207012972388915
711,0.5691479444503784,0.01031763280916388,0.7006946504116058,0.027194284624138622
712,0.5689736008644104,0.01076826691344236,0.700836181640625,0.026825794727607877
713,0.5686725378036499,0.010800214224613617,0.7010735273361206,0.026759539881748753
714,0.5685741901397705,0.011134775908093095,0.7011556029319763,0.02647563871017937
715,0.5683416128158569,0.0111595582550175,0.7014486789703369,0.026437706546519564
716,0.5678969919681549,0.010982920812908343,0.7017977833747864,0.02658968808224985
717,0.5677123963832855,0.010835322549423192,0.7020304203033447,0.026632762161427983
718,0.5673805773258209,0.010898795703280598,0.7023382782936096,0.026567771721024185
719,0.5670329332351685,0.011061356097987116,0.7026446163654327,0.026395433257463137
720,0.5668670237064362,0.010862043651379098,0.7028165757656097,0.026465481319688244
721,0.5666045546531677,0.011143711039977404,0.7030445337295532,0.026240712176579646
722,0.5663771629333496,0.011309263860928195,0.7032335996627808,0.026070438908595634
723,0.5662413537502289,0.01112563004196623,0.7034029066562653,0.026140781998760316
724,0.5661343634128571,0.011052715994042384,0.7035902440547943,0.026024709577961314
725,0.5658833682537079,0.01123495896700349,0.7038141191005707,0.025909227213041463
726,0.5657079219818115,0.011352759408591439,0.7039808332920074,0.025820718831168588
727,0.5659253001213074,0.011237951393247764,0.7038854956626892,0.02583820977330061
728,0.5658254325389862,0.01107193495696335,0.7039209008216858,0.025934641762693535
729,0.5658712983131409,0.011054612602225374,0.703974723815918,0.025899238409944382
730,0.5656791925430298,0.011103502946498011,0.7041580080986023,0.0258377883048155
731,0.5654820203781128,0.01085736535119439,0.7044143676757812,0.02593354594463225
732,0.5653370022773743,0.01068481615339079,0.7046326398849487,0.025976620023810383
733,0.5651403963565826,0.010580755584417392,0.7048498690128326,0.02596747415768352
734,0.5650686919689178,0.010483143483266162,0.7048825323581696,0.025958370438405168
735,0.5648677349090576,0.010403612380126104,0.70506152510643,0.025949351012823835
736,0.5647104680538177,0.010086963107263758,0.70522141456604,0.026172855750477106
737,0.5645664036273956,0.010143524177965378,0.7053441405296326,0.02598294205108702
738,0.564397394657135,0.010205690779518946,0.705429881811142,0.02594817090106553
739,0.5641410648822784,0.010352403959185368,0.7056966722011566,0.025657020471552276
740,0.5639511942863464,0.010367450384103758,0.7058717012405396,0.025699968110184875
741,0.5638033747673035,0.01064713687082205,0.7059737145900726,0.025231927357471397
742,0.5637542307376862,0.010529589310325167,0.706057220697403,0.025199221403026942
743,0.563495397567749,0.010410187288493805,0.7062841355800629,0.025217513135280673
744,0.5634651184082031,0.010717100639350134,0.7063665688037872,0.025083486157016027
745,0.5632849633693695,0.010591882352424269,0.706555962562561,0.025000751893389142
746,0.563154011964798,0.010475388463140157,0.7067087888717651,0.024968888875914908
747,0.562908262014389,0.010797390385763387,0.7068965435028076,0.024685240585436592
748,0.5628820061683655,0.010716510583470982,0.7069768309593201,0.024603981461507586
749,0.5627421438694,0.010541221840514174,0.7072162926197052,0.02464844638668658
750,0.5626806616783142,0.010345702610272137,0.7073131799697876,0.024592601812409645
751,0.5624415278434753,0.010287539959327102,0.7075508236885071,0.02448715039743539
752,0.5623341500759125,0.010478254448838898,0.707646518945694,0.024382162597794754
753,0.5619854927062988,0.010717774988926308,0.7078998982906342,0.024103656222834766
754,0.5617104470729828,0.010568617292046254,0.7080820500850677,0.024223100391514638
755,0.561694860458374,0.010531064450023048,0.7081758975982666,0.024168857397481116
756,0.5614739060401917,0.010466158303316271,0.7083565890789032,0.024287669363433326
757,0.5614264905452728,0.010524784569594926,0.7084668576717377,0.024110399718596506
758,0.5611002743244171,0.010512814864617831,0.7087329626083374,0.024007603555078437
759,0.5609642863273621,0.01072350696032379,0.7088592350482941,0.023709161720772795
760,0.5608428120613098,0.010670570518594108,0.70903679728508,0.0237300665576342
761,0.5607141554355621,0.011036700191608243,0.7092481255531311,0.023457924356799355
762,0.5604539811611176,0.011202758774741165,0.7094757556915283,0.023308808806767813
763,0.5603005290031433,0.011174731120481422,0.7096164226531982,0.023281834823720843
764,0.5601732432842255,0.010830770689784016,0.7097393870353699,0.02352173468544485
765,0.5599502623081207,0.010810287321407722,0.7099472880363464,0.023591192691790802
766,0.5598880052566528,0.010650761499793987,0.7101201713085175,0.02366035567019718
767,0.5598600208759308,0.010671792777200923,0.7102411985397339,0.023560594079771895
768,0.5595947206020355,0.010587077611694026,0.7104637026786804,0.023653570027586928
769,0.559433102607727,0.010804007440979597,0.7106004059314728,0.023386316861179347
770,0.5592058002948761,0.010998515146857374,0.7107195854187012,0.023239940856301013
771,0.5590715706348419,0.011005595817407204,0.7108889520168304,0.023213599075981705
772,0.5589789748191833,0.011035477933001428,0.7110575735569,0.023139673503693597
773,0.5588444173336029,0.011135323817123736,0.7111918032169342,0.023018543461073286
774,0.5587177872657776,0.011323762376815942,0.711359053850174,0.022755547126365308
775,0.5584689676761627,0.011482782436247545,0.7115590870380402,0.022635765782897346
776,0.558415949344635,0.011160906954169849,0.7116913795471191,0.022894505285905725
777,0.5582349300384521,0.011416569737236931,0.7118898332118988,0.022727730206348117
778,0.5583032369613647,0.011511147265295379,0.7118711769580841,0.022632309741319453
779,0.5580829679965973,0.011537067577129578,0.7120850086212158,0.022584220187168522
780,0.4096032381057739,0.05207858477509217,0.8046875,0.07733980419227864
781,0.4195365756750107,0.031282297122028534,0.828125,0.011048543456039806
782,0.4336622655391693,0.02532486115843792,0.8125,0.014731419372618747
783,0.4462127387523651,0.04375749032673785,0.8046875,0.02209708691207961
784,0.43750131130218506,0.044769141131544836,0.8046875,0.019887411938350457
785,0.4265633076429367,0.04422508853754196,0.8138020634651184,0.016572815184059706
786,0.427087664604187,0.0377165825296714,0.8147321343421936,0.015783657592541727
787,0.4234118014574051,0.03940180319395525,0.814453125,0.01933495104806966
788,0.4191471338272095,0.03832160054004529,0.8159722089767456,0.019641864398925988
789,0.4212777614593506,0.02907331757129981,0.8148437440395355,0.012153423089752893
790,0.43260324001312256,0.03033043162183425,0.8139204382896423,0.016070593337203894
791,0.42953038215637207,0.02836082509722315,0.8138020932674408,0.01841425314234918
792,0.4332357347011566,0.0334612681166175,0.8106971085071564,0.02124719571185743
793,0.43127432465553284,0.03223247674828238,0.8113839328289032,0.018940330105462158
794,0.43662308156490326,0.03020304277221007,0.8067708313465118,0.019887369791501946
795,0.43709133565425873,0.028586584691271753,0.80517578125,0.018644417082067172
796,0.44506919384002686,0.024338076994252358,0.8010110259056091,0.017547671790116688
797,0.44783078134059906,0.01726800637682265,0.8003472089767456,0.011048543456039806
798,0.4453469514846802,0.012737367675871329,0.8026315867900848,0.005815042835896561
799,0.44536423683166504,0.010383381892840875,0.8035156428813934,0.004971852984587614
800,0.507442981004715,0.007278634297285867,0.7483043372631073,0.033431259560477745
801,0.507216066122055,0.00742774984731741,0.7485076189041138,0.0332898568837237
802,0.5070873200893402,0.007403388968878113,0.748610645532608,0.033345617164303606
803,0.5071796476840973,0.007308642853425623,0.7485151886940002,0.03323312722562803
804,0.5071814358234406,0.007152025164359141,0.7484992146492004,0.03340045021421628
805,0.5070606172084808,0.007329631983984048,0.7486408650875092,0.033232663610294415
806,0.5069653987884521,0.007267971144612611,0.7488211393356323,0.0331769033297145
807,0.506913036108017,0.007013699207546386,0.7489416897296906,0.03337082097971312
808,0.5067698657512665,0.007205298780876911,0.7490811944007874,0.033149086409697305
809,0.5065956115722656,0.006948582326597056,0.7492394745349884,0.033286948751176444
810,0.5063196420669556,0.006943777585866813,0.7494358718395233,0.033204088047004025
811,0.5063925385475159,0.006885867816012845,0.7494372725486755,0.03306673146770702
812,0.5066357553005219,0.00653583823912987,0.7493225336074829,0.03331329053149575
813,0.5064912736415863,0.006378714787881257,0.7494014501571655,0.03339480253651582
814,0.5061780214309692,0.006263105982415875,0.7496725618839264,0.03336694346965012
815,0.5060623586177826,0.006819992291790318,0.7498270869255066,0.032958835535519135
816,0.505868136882782,0.006898174695778026,0.75,0.03279665446244921
817,0.5057522356510162,0.006918784504699853,0.750152975320816,0.03277048126952395
818,0.5056754648685455,0.006785516169708406,0.7501907348632812,0.03279834033638965
819,0.5056893229484558,0.006548355853137605,0.7502093017101288,0.032960647850005104
820,0.5056213438510895,0.006638339374708364,0.7503416538238525,0.03285372129533296
821,0.5055199563503265,0.006536934057191153,0.7504733204841614,0.032747342649691466
822,0.5055250823497772,0.006526734519851517,0.7505477666854858,0.032614748664276196
823,0.5056730806827545,0.006610522454691174,0.7504145205020905,0.032669328833097803
824,0.5056609809398651,0.006868798342365933,0.7504511475563049,0.032378051963039015
825,0.5055412650108337,0.007171876330007772,0.7504688203334808,0.03206165557126773
826,0.5055088698863983,0.007427918434711453,0.7505050897598267,0.03177324468690768
827,0.5055287778377533,0.007520472914041377,0.750597208738327,0.0316181864312361
828,0.5055041313171387,0.007282806835288445,0.7506702244281769,0.03170079425431746
829,0.5053930878639221,0.007247319188842272,0.7507801055908203,0.03173050778251764
830,0.5051200091838837,0.007314037650035018,0.7509079277515411,0.03173383738355
831,0.5050377696752548,0.007166502606822633,0.7509612739086151,0.03158033856127332
832,0.5049547255039215,0.0073180837474920634,0.7510511875152588,0.03142755623542133
833,0.5046897530555725,0.007246982014054185,0.7512326836585999,0.0313535463694362
834,0.5045938789844513,0.007457421228669079,0.7513766586780548,0.03096836632089514
835,0.5043812990188599,0.007593934870995865,0.7515016198158264,0.030662675228645627
836,0.5042049437761307,0.007582028386291537,0.7516807913780212,0.030642697622451462
837,0.5039006471633911,0.007648472892968962,0.7519320249557495,0.030519628824799652
838,0.5038501918315887,0.007345226317933079,0.7519457340240479,0.030680039730232114
839,0.50379978120327,0.007483194026533491,0.7519775032997131,0.030557476694762435
840,0.503613606095314,0.007525635902983961,0.7521720230579376,0.03046108685221802
841,0.5035666525363922,0.007479000415106657,0.7521489560604095,0.030365160625007225
842,0.5036028325557709,0.007300803539602597,0.7521980404853821,0.03037152479913237
843,0.503551259636879,0.007299897382359612,0.7522469162940979,0.030428760219410163
844,0.5034734010696411,0.007300171336874934,0.7523134648799896,0.030358922891427612
845,0.5031885504722595,0.007250353761935057,0.7524513304233551,0.030340041103294732
846,0.5032936781644821,0.007308706073698389,0.7524635791778564,0.030245421428387775
847,0.5030100494623184,0.007288770614352736,0.7526538968086243,0.03020167299963347
848,0.5030051171779633,0.007303922406392403,0.7527189552783966,0.030082692446287213
849,0.5029052346944809,0.00710033205466053,0.752819150686264,0.030064569301427528
850,0.5027055442333221,0.007034182575922681,0.752989649772644,0.030096558759447296
851,0.5025670528411865,0.007250943817814209,0.7531417608261108,0.02990377907435847
852,0.502623051404953,0.007615724791675997,0.7531523108482361,0.0296122071763601
853,0.5024805217981339,0.007766294407981166,0.7533033490180969,0.029570481796334317
854,0.5023750960826874,0.007876192315473322,0.7533835768699646,0.02938014662845912
855,0.5023889541625977,0.0080943022565172,0.7534284889698029,0.029190696544402654
856,0.5021967738866806,0.008280949575147693,0.7535429894924164,0.029100755169680404
857,0.5020796358585358,0.008546158619402494,0.7535699307918549,0.028838854653033708
858,0.501947209239006,0.008647880038283536,0.7536836266517639,0.02865184908619087
859,0.5018373429775238,0.008573722658328618,0.7537794709205627,0.028637350570303123
860,0.5017945021390915,0.008431582411725628,0.753788411617279,0.02874516220879399
861,0.5018965899944305,0.00808203752360053,0.7537627518177032,0.028803704181375622
862,0.5018594413995743,0.007931594347840892,0.7537716925144196,0.02871587014907892
863,0.501679852604866,0.007856235782703414,0.7539524435997009,0.028725606071084937
864,0.5016294419765472,0.00806610601486341,0.7540637850761414,0.028589808925182834
865,0.5013553500175476,0.008227064829326515,0.7542602121829987,0.028575605437234666
866,0.5012661516666412,0.008431182016664774,0.7542850375175476,0.028368285089409577
867,0.501379668712616,0.008218551165927315,0.7542927265167236,0.02842686920883972
868,0.5013206154108047,0.008115101726257325,0.7543683648109436,0.02838910563257396
869,0.5009937435388565,0.007967419169075153,0.7545963227748871,0.028423371020413316
870,0.5008132457733154,0.008088064522937586,0.7547556161880493,0.02831391565483052
871,0.5007743984460831,0.008017826799894181,0.7547791004180908,0.028443812241941098
872,0.5004899799823761,0.007900300312821554,0.7550384402275085,0.028382446430509238
873,0.5003766864538193,0.007647735323120021,0.7552125453948975,0.028440271906666183
874,0.5005521774291992,0.007869659553954134,0.7551845610141754,0.028307972949190487
875,0.5004971027374268,0.008009671384707323,0.7552236914634705,0.02822363710532019
876,0.5004588663578033,0.008102436598279802,0.7552459239959717,0.02816328281825259
877,0.5002581179141998,0.008020165949986537,0.7553181052207947,0.028126783647442154
878,0.5002534538507462,0.008116534719106696,0.7553732991218567,0.02792574318004519
879,0.5002333521842957,0.008298208709612905,0.7553784847259521,0.027795930886631636
880,0.5002963840961456,0.007906200871613079,0.7554830312728882,0.027901045126817806
881,0.5001109540462494,0.007773185417712697,0.7555705904960632,0.027888738247052625
882,0.5002586394548416,0.007550502543605389,0.7555918395519257,0.027923172222286026
883,0.5001651495695114,0.007428571710863372,0.7556623816490173,0.02793417254974737
884,0.5003091543912888,0.007228879942618756,0.7556340396404266,0.028038064531326724
885,0.5002733767032623,0.007365119630430221,0.7557369470596313,0.027909643083914026
886,0.5000983476638794,0.0075058479576080965,0.7559212446212769,0.027619925647250142
887,0.4999377727508545,0.007300845686451108,0.7560068070888519,0.027700721155845525
888,0.49988073110580444,0.007193708397536415,0.7560431361198425,0.027758167310365876
889,0.4999281018972397,0.007069817736338642,0.7560305595397949,0.027700341834208927
890,0.4998230040073395,0.0071818651331048535,0.7561478018760681,0.02764285353284007
891,0.49965474009513855,0.007184562531409551,0.756280779838562,0.027562690226972348
892,0.4996795505285263,0.007073526659007601,0.7563323974609375,0.027642769239143047
893,0.49948549270629883,0.007138833200775231,0.7564805448055267,0.027494538772930233
894,0.49944446980953217,0.007107834193695469,0.7565315365791321,0.027483454151771867
895,0.49937741458415985,0.007063748590153073,0.7566304802894592,0.02758587099365334
896,0.49930140376091003,0.00717604886801035,0.7566969990730286,0.027506634918452857
897,0.4992970675230026,0.007053549052813437,0.7566832900047302,0.027540773865746684
898,0.499173641204834,0.007097529289234555,0.756813257932663,0.027462001405879823
899,0.49912916123867035,0.007099826292478398,0.7568789720535278,0.027338468992894393
900,0.5458582192659378,0.07338994906380744,0.7034990191459656,0.051543404092700834
901,0.5457898080348969,0.07294030541046896,0.7035577893257141,0.05121516443649799
902,0.5454080998897552,0.07260051751777413,0.7038345634937286,0.05091663830849533
903,0.545126348733902,0.0723152676470524,0.7040702998638153,0.05073161364353251
904,0.5446043163537979,0.07220157652319427,0.7045023739337921,0.05065920535779079
905,0.5444664508104324,0.07174150152484934,0.7047746479511261,0.05036434600560857
906,0.5442972481250763,0.07172445312462669,0.7050455808639526,0.05023769472583334
907,0.5438943952322006,0.07165952590449566,0.7053739428520203,0.050250254486689586
908,0.5436708182096481,0.0713172934945872,0.7056420147418976,0.050013937107089
909,0.5433614253997803,0.07099139298847672,0.7058892548084259,0.04991666218072586
910,0.5433135330677032,0.07093495835832063,0.7060379683971405,0.04984737276177395
911,0.5430435538291931,0.07100850460897214,0.7063411772251129,0.0499431304015907
912,0.54263736307621,0.07071396135815375,0.7066428959369659,0.04970988974193141
913,0.5423545241355896,0.07077804564131457,0.7069238424301147,0.04972358746769745
914,0.5421093851327896,0.07041868053748643,0.7072033882141113,0.049573713274392715
915,0.5419863015413284,0.07022834536961123,0.7073086500167847,0.04950619402307826
916,0.5417769849300385,0.07041975528212345,0.707413375377655,0.04981841787684697
917,0.5414788722991943,0.07005438425238251,0.7077279090881348,0.049615354360721474
918,0.5411480814218521,0.07013949981295027,0.7080218195915222,0.049710016182476946
919,0.5411299616098404,0.06998869838897828,0.7081620991230011,0.04964279195910207
920,0.5409754663705826,0.06979263124970561,0.7084345817565918,0.04954901522116533
921,0.5407437235116959,0.06970859043377488,0.7086488902568817,0.04942893884975779
922,0.5405582785606384,0.06938357501148312,0.7089377641677856,0.049256010330317596
923,0.5402607917785645,0.06930838503373969,0.709225207567215,0.04924382989109795
924,0.5398487001657486,0.06935598989913275,0.7095488607883453,0.049337985950671286
925,0.5395488291978836,0.06918976272860577,0.7097959816455841,0.04916653257092896
926,0.5393947809934616,0.0691286919451135,0.709985762834549,0.04907524249705437
927,0.5392053574323654,0.06887943548302007,0.7101933360099792,0.04885241210897727
928,0.5389824062585831,0.06860653463891203,0.7104557752609253,0.04870970287991939
929,0.538776695728302,0.0684007947979061,0.7106983661651611,0.04859388334021145
930,0.538588210940361,0.06860969565255035,0.7107730507850647,0.04876685400650016
931,0.5383164137601852,0.06861896795922275,0.7110322415828705,0.048677629128202594
932,0.5381243079900742,0.06825869669815161,0.7112717628479004,0.048406245570640945
933,0.5380813628435135,0.06800299176823603,0.7114917635917664,0.0483182429509502
934,0.5378271639347076,0.06772480149463987,0.7116740047931671,0.04817877902922765
935,0.5375550240278244,0.0677065729826589,0.7118737101554871,0.048065867622066966
936,0.5373227298259735,0.06755250517792734,0.7120542526245117,0.0480826420677743
937,0.5371302962303162,0.06745004618919735,0.7122156620025635,0.04802203489961564
938,0.5367337763309479,0.06727635902648396,0.7124491035938263,0.04785880015533295
939,0.5365615636110306,0.06721821744896318,0.7126451432704926,0.04774770106265823
940,0.5365751385688782,0.06698230046442345,0.7126592993736267,0.04753464874343566
941,0.5362813919782639,0.06662348326962596,0.7129622995853424,0.04732260794857735
942,0.5362273007631302,0.06592827100343876,0.7130657136440277,0.046882257675335534
943,0.5361999273300171,0.06571966517673408,0.7130608558654785,0.0466472889948873
944,0.5361675173044205,0.06553124769046613,0.7132711410522461,0.04646411879125895
945,0.5358761847019196,0.06522212163006298,0.7135699987411499,0.04625650341549429
946,0.5356357991695404,0.06485021783880285,0.7138139307498932,0.04622653700620304
947,0.5354869216680527,0.06454943685440485,0.7139142155647278,0.045944785323907715
948,0.5352498888969421,0.06415804014570844,0.7141206860542297,0.045764902574463216
949,0.5351486206054688,0.06412246820556525,0.7142907679080963,0.04568613011459636
950,0.5350109934806824,0.06374205075090592,0.7144601047039032,0.04550759606430421
951,0.5347572565078735,0.06360726512936808,0.7146463096141815,0.04550464578490845
952,0.5345627963542938,0.06351163393009686,0.7148492336273193,0.04542696914310287
953,0.5342895984649658,0.06313724347477459,0.7149810194969177,0.04510117400411366
954,0.5340665727853775,0.06321704853242996,0.7152699828147888,0.04519828034308276
955,0.5337707102298737,0.06320716509645416,0.7155051827430725,0.04517130636003579
956,0.5334807932376862,0.0629117156883928,0.7157567739486694,0.044971698885488194
957,0.5333043932914734,0.062659129625267,0.7159201502799988,0.04479754810744118
958,0.5331424474716187,0.06276348522217998,0.7160480916500092,0.04482077102097068
959,0.5330449491739273,0.06250603119805118,0.7161580920219421,0.0446722876736668
960,0.5329560339450836,0.061937786313003056,0.7163195312023163,0.04445105886583312
961,0.5327536463737488,0.06170281763255482,0.7164975106716156,0.044352856708802735
962,0.5325492918491364,0.061752087298464056,0.7166574597358704,0.04442556002248403
963,0.53218212723732,0.061569338563320815,0.7169026434421539,0.04423063084812114
964,0.5318805277347565,0.06125112985706357,0.7171124815940857,0.04418203553178808
965,0.5319977104663849,0.06099276967569179,0.7171674072742462,0.04406111622341033
966,0.5317571610212326,0.0604680203383069,0.7173928022384644,0.043747501523640764
967,0.5315906703472137,0.06026556795148482,0.717549055814743,0.04353166751241648
968,0.5313884615898132,0.05991199803932693,0.7177726626396179,0.04326871332455701
969,0.531204104423523,0.0595041008394385,0.7179443836212158,0.043030836511561525
970,0.5310456603765488,0.05941089308395666,0.7180476486682892,0.04298552864941231
971,0.5308120548725128,0.059405350773377476,0.7182349264621735,0.04305979139648851
972,0.5306995064020157,0.05943453746597127,0.7184045612812042,0.043014525681187805
973,0.5304772257804871,0.059107836169739074,0.7186743319034576,0.04282688791161731
974,0.5303374528884888,0.058982912910752784,0.7188758254051208,0.04268742398989476
975,0.5300536155700684,0.05869268971190677,0.719109982252121,0.04264329623950385
976,0.5297985970973969,0.05842568942659025,0.7193597853183746,0.04252848822416018
977,0.529628112912178,0.058339140873173136,0.7195418775081635,0.04250842632426899
978,0.5293807685375214,0.058145581471386855,0.7197897136211395,0.04248853301177185
979,0.5290959924459457,0.05764679459268467,0.7201195359230042,0.04221040595844846
980,0.5288300812244415,0.0571692918724805,0.7203153967857361,0.04188663386818777
981,0.5286447107791901,0.057142402183130554,0.7204774022102356,0.04189152290261504
982,0.5284561663866043,0.05694323725049232,0.720671683549881,0.04175644225313762
983,0.528345063328743,0.05654242072115372,0.7207663953304291,0.04157537939193482
984,0.5281324088573456,0.056459033181374914,0.7208935618400574,0.04158081633539273
985,0.5278685390949249,0.05617690217744299,0.7211513221263885,0.04140089143909972
986,0.5275918841362,0.05602639578141059,0.7214243710041046,0.04138361123121025
987,0.5273925811052322,0.05585930460048915,0.7215330302715302,0.041274029425081925
988,0.5273056328296661,0.05581241623152078,0.7216901183128357,0.04114189905500028
989,0.5269475132226944,0.055551211137874514,0.7220253646373749,0.040987346561510825
990,0.5266291946172714,0.055227396900765315,0.7222780883312225,0.040810498385159114
991,0.5263601839542389,0.055291396890229105,0.7225136160850525,0.040794609023270506
992,0.5262246578931808,0.05522731260706829,0.7226350605487823,0.04061889881182859
993,0.5259360820055008,0.0548849537566143,0.7228043675422668,0.04046670654185575
994,0.525642067193985,0.05470859026902047,0.7230534255504608,0.04029234502956618
995,0.5254383236169815,0.05463409571427746,0.7232693433761597,0.040209526472242275
996,0.5250810980796814,0.054530182659273854,0.7235164046287537,0.04017243724555269
997,0.5248444080352783,0.05444260150806821,0.7236185669898987,0.04006757588645759
998,0.5245490819215775,0.05458326661497332,0.7238320112228394,0.040030908128253107
999,0.5244105756282806,0.05454910659425524,0.7239649593830109,0.04010689889611825
1000,0.4793235808610916,0.07886676344040407,0.7791054844856262,0.04065358566815306
1001,0.4790276437997818,0.07884611148463373,0.7792900204658508,0.040578142809318554
1002,0.4790026694536209,0.07875886750821619,0.7793148756027222,0.04055926102118568
1003,0.47882381081581116,0.07861032094063954,0.7794781625270844,0.04040049384284514
1004,0.4784706085920334,0.07831156300497007,0.7797393500804901,0.04032631538946596
1005,0.47854769229888916,0.07845804437696968,0.7797431349754333,0.04028033317774058
1006,0.4785880297422409,0.07838354982222667,0.779786229133606,0.04029019554029213
1007,0.47843241691589355,0.07829080568207845,0.7798095047473907,0.04021681787703466
1008,0.47809624671936035,0.07810333649990199,0.779949963092804,0.040143861682262305
1009,0.47807419300079346,0.07796981528381948,0.7800507247447968,0.040126370740130285
1010,0.4780620336532593,0.07798397662491914,0.7800731360912323,0.04010900623854379
1011,0.4782135486602783,0.07768422823830966,0.77995964884758,0.04011912148218641
1012,0.4780592769384384,0.07748624341742974,0.7800596356391907,0.039882888396282845
1013,0.4777573049068451,0.07742489867942214,0.7802749574184418,0.039756995759780804
1014,0.4775601476430893,0.07724153881497549,0.7804699540138245,0.03965900433699298
1015,0.47740764915943146,0.07709246541179246,0.7806063592433929,0.03942563723678816
1016,0.4773808866739273,0.07670488299288628,0.7806462943553925,0.03916626553105212
1017,0.477356880903244,0.0765395619796023,0.7806859910488129,0.039070423597538345
1018,0.47721628844738007,0.07634347376690535,0.7807827293872833,0.039001977115556655
1019,0.4770587682723999,0.07578028650367853,0.7808789908885956,0.038718665999866425
1020,0.4768550843000412,0.07563161349555636,0.7809937596321106,0.03878563734215023
1021,0.4766653925180435,0.07555073369326396,0.7810322642326355,0.038798787158885635
1022,0.4766174852848053,0.07526461981214774,0.7810894250869751,0.03867824717214448
1023,0.47638487815856934,0.07507550690287937,0.7812782824039459,0.03863824981290764
1024,0.47619281709194183,0.07489143054200803,0.781315803527832,0.03865161036388559
1025,0.47582077980041504,0.07466432224880708,0.781559407711029,0.038585355518026464
1026,0.47570113837718964,0.07429690709691336,0.7816147804260254,0.03846650140522574
1027,0.4756072014570236,0.07425905922695059,0.7816699147224426,0.038559393059343756
1028,0.4753114879131317,0.07386382715503967,0.7818737030029297,0.038335846174841974
1029,0.4754020422697067,0.0740231211689866,0.7818536460399628,0.038376012121472854
1030,0.47513145208358765,0.07386639811279884,0.7819819152355194,0.03825884388261257
1031,0.4751846045255661,0.07413885641499751,0.7820541262626648,0.038429749353324244
1032,0.475008100271225,0.07381586404143428,0.7821075618267059,0.03820860483918758
1033,0.4749656468629837,0.07337351179288819,0.7822343409061432,0.03798851399626369
1034,0.47479668259620667,0.07346781536643131,0.782323807477951,0.03802905926453117
1035,0.47455894947052,0.0732762579399493,0.782394528388977,0.037939918679930636
1036,0.47450146079063416,0.07309903044196099,0.7823553085327148,0.03779948538069233
1037,0.4744637459516525,0.07299313648507737,0.7823891937732697,0.0378144475119137
1038,0.47450049221515656,0.0730563146109952,0.7824047207832336,0.03775211232296609
1039,0.4743354022502899,0.07317186019618781,0.7825290262699127,0.03784403459956835
1040,0.4741731435060501,0.07304881247196025,0.7827070653438568,0.03780761972245494
1041,0.4740016460418701,0.07283068145749212,0.7827939689159393,0.03769466616844574
1042,0.4740488529205322,0.0725082580663838,0.7827543914318085,0.037556761680118095
1043,0.47408920526504517,0.07257813754121485,0.7827509343624115,0.03757201883927904
1044,0.4741586148738861,0.0721852867662448,0.7826936841011047,0.03725756120253926
1045,0.4739879220724106,0.07221771876617394,0.7827798426151276,0.0372987386735344
1046,0.47390201687812805,0.07193864340875905,0.7828120589256287,0.03701150790093266
1047,0.47378572821617126,0.07190054265770521,0.782897561788559,0.03685156061083382
1048,0.47367842495441437,0.07179292068003264,0.782876044511795,0.03684313124113164
1049,0.47355853021144867,0.07168801717408903,0.7829432785511017,0.03675951189368602
1050,0.47354666888713837,0.07159782291827571,0.7829040586948395,0.03662624355869458
1051,0.47360172867774963,0.07166755487913698,0.7828826606273651,0.036618404244871554
1052,0.47338004410266876,0.07154290557466601,0.7829670310020447,0.03661052278420002
1053,0.4734185039997101,0.07164917885318624,0.782857745885849,0.03667732553908978
1054,0.4731961339712143,0.0712936912594211,0.7829943895339966,0.03649579906255336
1055,0.4730544984340668,0.07122374856431726,0.7830954194068909,0.03641411847013925
1056,0.4728149026632309,0.07123131392362497,0.7832658588886261,0.03638212901211948
1057,0.4726730287075043,0.0708961832576906,0.78334841132164,0.036276424716054155
1058,0.47237177193164825,0.07065622017569383,0.7835348844528198,0.03622032726068616
1059,0.47239774465560913,0.07042308488315581,0.7835125029087067,0.03606636482307586
1060,0.47241494059562683,0.07037448956682275,0.7834901809692383,0.03605991635525369
1061,0.47239480912685394,0.07049964463347586,0.7834679782390594,0.03605346788743153
1062,0.47236600518226624,0.07018482874852373,0.7835147380828857,0.03580349492891342
1063,0.47223636507987976,0.0696225897893884,0.7836816012859344,0.03557889437319886
1064,0.4721167981624603,0.06962638300575438,0.783676266670227,0.03569484035345233
1065,0.47202031314373016,0.06969404977103863,0.7837222814559937,0.035689276969448895
1066,0.4719710201025009,0.06939632443315767,0.7838022410869598,0.03563537115020346
1067,0.47169531881809235,0.06929993459061326,0.7839159071445465,0.035629976353594064
1068,0.471561536192894,0.06911031591916274,0.7840291261672974,0.03557649200283374
1069,0.4715028703212738,0.06914692045709446,0.7840909361839294,0.035643168317177974
1070,0.4713713526725769,0.06913103109520585,0.7842201590538025,0.03566171293052277
1071,0.47138306498527527,0.06909507983342605,0.7841968238353729,0.035751780745790544
1072,0.47121740877628326,0.06875362714021505,0.7843084335327148,0.035603213104789644
1073,0.4710536152124405,0.06867860574986566,0.7843859195709229,0.03559790260187727
1074,0.4709712713956833,0.06873074140147363,0.784429520368576,0.03559263424581341
1075,0.4707552492618561,0.06852011252604044,0.7845399081707001,0.03544528886341933
1076,0.47068119049072266,0.0683350457142291,0.7845328748226166,0.03536950882979674
1077,0.4704102575778961,0.0681450898679905,0.7846425771713257,0.035364746235915005
1078,0.47039419412612915,0.06789815148256517,0.7847018837928772,0.03514828002196305
1079,0.47034093737602234,0.06753480350155276,0.7847609519958496,0.03483883786019607
1080,0.470294326543808,0.06728782296927892,0.7847700715065002,0.0346478283427447
1081,0.4702497571706772,0.06682671537314548,0.7848122119903564,0.03441087876041645
1082,0.4702714532613754,0.06684298405667069,0.7847552299499512,0.034454880070261824
1083,0.47034406661987305,0.06690795342365023,0.784764289855957,0.03445209837826011
1084,0.47035664319992065,0.06703262380154545,0.7847568988800049,0.0344725817466364
1085,0.47011296451091766,0.06674562483661052,0.7849626243114471,0.03437711913475923
1086,0.46986037492752075,0.06674880692367309,0.7850857079029083,0.03439768679683254
1087,0.46982385218143463,0.06656089519958727,0.7850450575351715,0.0343719772192409
1088,0.46961265802383423,0.06639452051509052,0.7852000296115875,0.03430032757677238
1089,0.46940624713897705,0.06643211550396223,0.785321831703186,0.034412817515447953
1090,0.46938106417655945,0.06641942930256046,0.7853133976459503,0.034433174443278716
1091,0.4693800359964371,0.0665803670435993,0.7853211462497711,0.03443047704497402
1092,0.46911191940307617,0.06630963676218958,0.7855066061019897,0.03431360383405331
1093,0.4689963459968567,0.06625830190070331,0.7855945229530334,0.0342884000186438
1094,0.46871592104434967,0.066076206441712,0.7857625484466553,0.034104049703257144
1095,0.4686017334461212,0.06588433291386615,0.7858335375785828,0.03396580804014141
1096,0.46874721348285675,0.06561191675851598,0.7856959700584412,0.03389618144640141
1097,0.4687502086162567,0.0654198746432761,0.7856868803501129,0.03382676558690397
1098,0.4686235636472702,0.06542651277191656,0.7857576012611389,0.0337351804850898
1099,0.46855203807353973,0.06519672815383516,0.7858120799064636,0.033531274031994095
1100,0.4365483373403549,0.028938173701549632,0.7977976202964783,0.019127757140790104
1101,0.4365937262773514,0.02869351124594389,0.7978549599647522,0.018938349203582144
1102,0.43632179498672485,0.028478414804568544,0.7979914247989655,0.018862189848322962
1103,0.43611206114292145,0.028146866620757594,0.7981865704059601,0.01870236899876965
1104,0.43598228693008423,0.028145117526544392,0.7982622385025024,0.018655122381588937
1105,0.43581701815128326,0.028164441856586637,0.7983966171741486,0.018524509298053677
1106,0.4358341544866562,0.028292146807574647,0.7984124422073364,0.018672402589478405
1107,0.4360349327325821,0.028129080650686,0.7983106076717377,0.01865331006710297
1108,0.43606147170066833,0.027569728750673667,0.7983461022377014,0.018385466844816237
1109,0.43602894246578217,0.02733145154261733,0.7983229160308838,0.018311962741013238
1110,0.4357994943857193,0.026998407145684244,0.7984166145324707,0.01801878926277146
1111,0.435870036482811,0.026645469436254017,0.7983545660972595,0.017727048777379052
1112,0.4357069283723831,0.026509587996654895,0.7985057234764099,0.017737922664294862
1113,0.4355814903974533,0.026330000275149975,0.7984437942504883,0.017557534152668235
1114,0.43574953079223633,0.02620986068346967,0.7982665598392487,0.017323576996584263
1115,0.43568918108940125,0.02611515671486569,0.798359215259552,0.017253823962298732
1116,0.4355349540710449,0.02598677741430151,0.798547238111496,0.017103064685175265
1117,0.4354309141635895,0.025514269095645876,0.7986004948616028,0.016763740407814056
1118,0.43540118634700775,0.025548429116363958,0.7985771894454956,0.016641936015617573
1119,0.4351598024368286,0.025321025795223426,0.7986491620540619,0.016547569221801683
1120,0.43496638536453247,0.025392001088115772,0.7987587451934814,0.0165074032751708
1121,0.4351927638053894,0.025479961560958008,0.798716276884079,0.016520932413542796
1122,0.4350299537181854,0.025700347431821473,0.7987685203552246,0.01672142497190912
1123,0.43502019345760345,0.025760554204919284,0.7987827956676483,0.01676100086266085
1124,0.4350241720676422,0.025619467629529068,0.7988722026348114,0.0167472609900463
1125,0.4350990653038025,0.025244360677782112,0.7988861501216888,0.016574458911151634
1126,0.4348047375679016,0.025171783804646353,0.799030989408493,0.016587693021584055
1127,0.4347006231546402,0.024938859246350895,0.7991191446781158,0.016521691056815994
1128,0.4346514642238617,0.024374407577668747,0.7991696298122406,0.016192692757339953
1129,0.43474696576595306,0.024340205410102157,0.7991456091403961,0.01623298514451637
1130,0.43491746485233307,0.024328067117731018,0.7990290522575378,0.01640414349631911
1131,0.43486082553863525,0.02397713138360506,0.7989500164985657,0.0161038893475275
1132,0.43468497693538666,0.023799967105889518,0.7991110980510712,0.015935428394029456
1133,0.4347001612186432,0.023546011270187125,0.7991610169410706,0.01576781037750163
1134,0.43451814353466034,0.023182473628356407,0.7993208467960358,0.015549110380578603
1135,0.4346304088830948,0.02315322371548985,0.7992968261241913,0.015590329998422256
1136,0.434639647603035,0.02306273443173696,0.7992180585861206,0.01560554501073469
1137,0.43456438183784485,0.02275466204254658,0.7993037104606628,0.015440245070874964
1138,0.43438543379306793,0.022632035786804134,0.7993708252906799,0.015249994196696787
1139,0.4340781271457672,0.02242650668004076,0.7996008694171906,0.015137588551718232
1140,0.43396566808223724,0.02246412274233673,0.7996126413345337,0.01517935607859253
1141,0.4337717592716217,0.022695150692449196,0.7997688353061676,0.015323034685166166
1142,0.43353310227394104,0.022733883646230708,0.799906313419342,0.015338671165963708
1143,0.43348918855190277,0.02273660211795966,0.7999891936779022,0.01527793755725951
1144,0.4336100220680237,0.0225992244652384,0.8000179529190063,0.015141423914932724
1145,0.43371184170246124,0.02218085377349501,0.8001002073287964,0.014929593854316971
1146,0.4337158501148224,0.022158284136117427,0.8001285493373871,0.014845005129355607
1147,0.43367771804332733,0.021986809682950855,0.8002457916736603,0.014735591910621326
1148,0.43367573618888855,0.021598236813104667,0.8002914488315582,0.014626684454069176
1149,0.43365252017974854,0.0218575663719922,0.8003191649913788,0.014743936986626483
1150,0.43353046476840973,0.02165127862195563,0.8003644347190857,0.014635493145407952
1151,0.4335336834192276,0.021758120882930745,0.8003918528556824,0.01470225375344921
1152,0.4335995614528656,0.021508927641110082,0.8003310859203339,0.014544582393169954
1153,0.43353700637817383,0.021212340268138924,0.8003584444522858,0.014362760888693957
1154,0.43350109457969666,0.021238260579973123,0.8003155589103699,0.014380167537128957
1155,0.43350428342819214,0.021105540154012316,0.8003253638744354,0.01432322714479074
1156,0.433487206697464,0.02096384244931869,0.800282746553421,0.014192487620709945
1157,0.43343745172023773,0.020942284336305367,0.8002054989337921,0.0142101050033875
1158,0.43349915742874146,0.020952673534463305,0.8001807034015656,0.014203108626534691
1159,0.43349847197532654,0.020949807548764562,0.8001213669776917,0.014245129034500053
1160,0.4337007850408554,0.02098287175142136,0.7999584674835205,0.014238048363950222
1161,0.43361082673072815,0.021001184557099345,0.8000724911689758,0.014084549541673546
1162,0.4334585517644882,0.020866799330622358,0.8001687824726105,0.014004765557442423
1163,0.4333030730485916,0.020868611645108327,0.80031618475914,0.013998274942771746
1164,0.4331764727830887,0.020758313342555318,0.8003600835800171,0.0138948044296775
1165,0.4329410791397095,0.020686305451874453,0.8005748689174652,0.013840139967158872
1166,0.43297959864139557,0.020931326155692535,0.8006179928779602,0.01402722982769873
1167,0.4327373802661896,0.021353447916953396,0.800780177116394,0.01423754260176809
1168,0.4328468590974808,0.020975580346628976,0.8007377088069916,0.014062338152508305
1169,0.43288084864616394,0.020719306434258483,0.8007802069187164,0.014007800130535208
1170,0.4202248305082321,0.024045978260647607,0.8203125,0.03314563036811941
1171,0.36942026019096375,0.029761870635422287,0.84765625,0.03866990209613932
1172,0.3954027593135834,0.06651413327116444,0.8333333134651184,0.04419417382415922
1173,0.38719962537288666,0.032383130658284576,0.8359375,0.02209708691207961
1174,0.39594751596450806,0.0020125963100922116,0.8343749940395355,0.004419392094306815
1175,0.39822663366794586,0.015007502303789359,0.8359375,0.0
1176,0.404589906334877,0.0048875803609900815,0.8292410671710968,0.0015783573298844705
1177,0.40993259847164154,0.02430585572856578,0.8212890625,0.015191747252054731
1178,0.4128221720457077,0.027030902365886143,0.8185763955116272,0.01841421099550067
1179,0.4109125882387161,0.03582147055980331,0.817187488079071,0.02209708691207961
1180,0.4098128080368042,0.03286497450388537,0.8174715936183929,0.021092685365216496
1181,0.4079209566116333,0.034075558433663784,0.8190104067325592,0.02393852487036908
1182,0.40750087797641754,0.032329772748069786,0.8197115361690521,0.023796827165675456
1183,0.4141080677509308,0.024806539215450944,0.8180803656578064,0.01736197277557769
1184,0.41456709802150726,0.02319153520078625,0.817187488079071,0.0169410943463479
1185,0.41591179370880127,0.021293936566856013,0.81591796875,0.01588228121805722
1186,0.4192701578140259,0.022713020956217817,0.8115808963775635,0.01559795857800273
1187,0.4187416583299637,0.024322335146333536,0.8111979067325592,0.015345203927482898
1188,0.42230185866355896,0.02875730050116513,0.8079769909381866,0.018026586429745976
1189,0.4171950966119766,0.029239228640462946,0.8101562559604645,0.019887369791501946
1190,0.41768234968185425,0.03226122089896682,0.8095238208770752,0.01999261047223365
1191,0.41785214841365814,0.03363809521954496,0.8100141882896423,0.021594865065223796
1192,0.4162391871213913,0.031314539461139365,0.8114809989929199,0.01969522230914078
1193,0.41541871428489685,0.029838620046560627,0.810546875,0.01841421099550067
1194,0.4141419380903244,0.029549260858109085,0.8096874952316284,0.019887411938350457
1195,0.41081471741199493,0.029521443938091894,0.8115985691547394,0.020822271185170597
1196,0.4089566171169281,0.029509874628175652,0.8133680522441864,0.02005106815111826
1197,0.40797850489616394,0.028760503661651955,0.814174085855484,0.02051872958219514
1198,0.40860095620155334,0.03168536850776247,0.814116358757019,0.02209708691207961
1199,0.40657050907611847,0.03265143749590493,0.8151041865348816,0.02209708691207961
1200,0.46922819316387177,0.046596565262704434,0.7521944046020508,0.06573407939892481
1201,0.46883803606033325,0.04654318627906539,0.7524872422218323,0.06553851802183426
1202,0.4685065746307373,0.046761844129139904,0.7527191340923309,0.06542813542558423
1203,0.4682531952857971,0.04651123896789413,0.752890408039093,0.0651223600396377
1204,0.468135803937912,0.046631736807786775,0.7530410587787628,0.06506946574475653
1205,0.4680582135915756,0.046440369042123064,0.7530727982521057,0.0647939517960408
1206,0.4677828699350357,0.04620835064107059,0.7533794641494751,0.06457546253336033
1207,0.4674697071313858,0.04601514948749665,0.7536649405956268,0.06433029431557247
1208,0.4671301692724228,0.04584019791932793,0.7539294362068176,0.06405874217061677
1209,0.466960147023201,0.045611593413004844,0.7540951669216156,0.06381610276373956
1210,0.4665825664997101,0.045531366886864356,0.7543962001800537,0.0637122107821602
1211,0.4664217084646225,0.04545944328988052,0.7545987069606781,0.06363630430799208
1212,0.4660651385784149,0.045345288550688756,0.7549551129341125,0.06350602839924491
1213,0.4658147096633911,0.045119002121033765,0.7550587058067322,0.06329445121972022
1214,0.4655810594558716,0.04512464979873423,0.7552580833435059,0.06311119672239486
1215,0.46556515991687775,0.04535382328751222,0.7553988695144653,0.06317332117709991
1216,0.4652923494577408,0.04508104888394971,0.7556155920028687,0.06301838936197386
1217,0.46500273048877716,0.04510186942711409,0.7558695375919342,0.0628641740432725
1218,0.46491678059101105,0.044807979452447626,0.7560459077358246,0.06265672725490189
1219,0.46482235193252563,0.044635240593825724,0.7562404870986938,0.06247722382709399
1220,0.46465982496738434,0.04443194527003343,0.7563581764698029,0.06229864762995333
1221,0.4644668400287628,0.044315430307325064,0.756551057100296,0.06212087222293438
1222,0.4644293189048767,0.04394449589358068,0.7566296458244324,0.06183709749191053
1223,0.4643372893333435,0.04383053081520723,0.7567832469940186,0.0616613451336201
1224,0.4641830176115036,0.04399488245097546,0.7569924890995026,0.061725619077599214
1225,0.4639382064342499,0.043928606531692074,0.7572194933891296,0.06171006689049869
1226,0.46379753947257996,0.04388835629136417,0.7573518455028534,0.06150940574473833
1227,0.4636894315481186,0.04350193291079204,0.7573902606964111,0.0611777521938061
1228,0.46333537995815277,0.043208422257762176,0.7577077746391296,0.060926641270378196
1229,0.46306556463241577,0.04316600145473596,0.7579309046268463,0.060860597158761624
1230,0.46265363693237305,0.04295581512121213,0.7582271099090576,0.06063759818329048
1231,0.4623657166957855,0.04297136730831265,0.7585034072399139,0.06054643454996142
1232,0.4622746407985687,0.04276434198842714,0.7585939764976501,0.06035133678820449
1233,0.4621947258710861,0.042631347607951016,0.7587761282920837,0.06023518007370847
1234,0.46196459233760834,0.04259674504532357,0.7589574158191681,0.060067730644574685
1235,0.4618704169988632,0.04245340361353802,0.7590096592903137,0.05992691802369979
1236,0.46136753261089325,0.04223508293825159,0.7593174576759338,0.059683477826700866
1237,0.4614976793527603,0.04198468851124837,0.7592410147190094,0.05946688517220338
1238,0.4612269699573517,0.04169819530849556,0.7594559192657471,0.059199884886886864
1239,0.46093039214611053,0.041539702084670345,0.7596516609191895,0.05901106700555806
1240,0.4606614261865616,0.04134194907145723,0.7598103284835815,0.05882317635489649
1241,0.46036137640476227,0.0412621229403776,0.7600585222244263,0.05876383359219316
1242,0.4600642919540405,0.04119841797885338,0.7602695226669312,0.05855183494418336
1243,0.45990265905857086,0.041049281355397586,0.7603896856307983,0.05841713361634254
1244,0.4598260372877121,0.040469425013584706,0.7604375779628754,0.05802942475689083
1245,0.4597337543964386,0.0405678589782819,0.7605389356613159,0.05807363680097875
1246,0.45965422689914703,0.04038951458880805,0.7606041133403778,0.057966204484124484
1247,0.45943978428840637,0.04017968650349656,0.7607046067714691,0.05785923578260384
1248,0.45923660695552826,0.040008928546754675,0.7608935236930847,0.0577778502181293
1249,0.4589734673500061,0.03980479028599216,0.7611347734928131,0.05752138664494051
1250,0.4587451070547104,0.039397799243346715,0.7613041400909424,0.057216032727479084
1251,0.4586418867111206,0.03912188489957014,0.7613844871520996,0.05708672619624766
1252,0.4585689604282379,0.03928861783227924,0.7616053819656372,0.05695809401459241
1253,0.458258256316185,0.03908207720115161,0.7618604302406311,0.056829967595119296
1254,0.45807310938835144,0.038994601417067246,0.7620967626571655,0.05672721357844974
1255,0.45782797038555145,0.03879779670794563,0.7622621059417725,0.056476524123506934
1256,0.45796750485897064,0.03863089518784248,0.7622521817684174,0.05627628444623168
1257,0.45762498676776886,0.03829157091048128,0.7625557482242584,0.055978474814653706
1258,0.4574386030435562,0.03808665293302131,0.762701541185379,0.05575568657342512
1259,0.4572654962539673,0.038084440223474486,0.7628640830516815,0.05560741396036379
1260,0.4569955915212631,0.03788590749356392,0.7629912793636322,0.0555087903348483
1261,0.4570029675960541,0.0376171581140342,0.7629798352718353,0.055312891782969664
1262,0.4569527357816696,0.037498957277385406,0.7630717754364014,0.05516660007178835
1263,0.456522598862648,0.03727199649815424,0.7633007764816284,0.05492374993066858
1264,0.4563268572092056,0.03689060966597916,0.7635287940502167,0.05468195346076158
1265,0.4560847878456116,0.036703456585166536,0.7637729346752167,0.05456217211729362
1266,0.45567041635513306,0.03665941312847265,0.7641184031963348,0.0544912811180983
1267,0.4552748054265976,0.036567596218991666,0.7644453644752502,0.05444470885049376
1268,0.4549567550420761,0.036365586374078954,0.764668881893158,0.05420607339422508
1269,0.45490486919879913,0.0360837503980866,0.7647557556629181,0.05406441783637996
1270,0.4546981155872345,0.036010941717284035,0.7649945616722107,0.053947291744368187
1271,0.4544716030359268,0.0359916595340903,0.7651648223400116,0.053830671414538546
1272,0.45423975586891174,0.03615525252658534,0.7652837932109833,0.05392904215896297
1273,0.45386266708374023,0.0362746545484167,0.7654862701892853,0.05386051138328426
1274,0.453615665435791,0.03607803950011338,0.7656207978725433,0.05360248837670056
1275,0.45318394899368286,0.0362154803731074,0.7659389078617096,0.05351128259652299
1276,0.4530557543039322,0.03613887847593886,0.7659549415111542,0.053278716286439876
1277,0.4528830498456955,0.03587583999438236,0.7661042809486389,0.052999999177237335
1278,0.45258380472660065,0.03567720189735052,0.7663195133209229,0.05286361197545608
1279,0.45243680477142334,0.03555457564160808,0.7665006518363953,0.05277476641879512
1280,0.452299565076828,0.03539323750550837,0.7665981948375702,0.05256913194491046
1281,0.4522680640220642,0.03537144758482824,0.7665961384773254,0.05250468941353731
1282,0.45195233821868896,0.03540680879072888,0.7668415009975433,0.0525104635317833
1283,0.4518808126449585,0.0352393593615951,0.7669047713279724,0.0523998280544422
1284,0.4519883096218109,0.035327024806497756,0.7669678032398224,0.05224316821852721
1285,0.4520123302936554,0.03522675745389034,0.7670797407627106,0.052110405645717894
1286,0.45177097618579865,0.034916493428577396,0.7672565877437592,0.05179312417012788
1287,0.4516623020172119,0.03482252702982236,0.7673511207103729,0.05173108400911985
1288,0.4514312595129013,0.03482887013052324,0.7674778401851654,0.051623188076931954
1289,0.45133326947689056,0.034852303778295304,0.7675877809524536,0.05158479229793853
1290,0.4512336254119873,0.03498163138295098,0.7676161527633667,0.05166116238744027
1291,0.45115695893764496,0.03501490631985033,0.7676605582237244,0.05157703727781253
1292,0.45102880895137787,0.034810283370329945,0.7677371501922607,0.051310500607829636
1293,0.4508754014968872,0.03472065809697152,0.7678778767585754,0.05113618124238858
1294,0.45076026022434235,0.03466192646357159,0.7680501937866211,0.05105365771300425
1295,0.4506654590368271,0.03431998908160271,0.7681736648082733,0.050767101289978675
1296,0.45053263008594513,0.03441165847711391,0.7682965993881226,0.050753656445303705
1297,0.4505433589220047,0.034187100068247864,0.7682911455631256,0.050559317326819966
1298,0.45043158531188965,0.034095114571372834,0.7683495283126831,0.05041091827321311
1299,0.4502933472394943,0.03410938127959377,0.7684235870838165,0.050375725654706514
1300,0.41073213517665863,0.033523497938443836,0.8017275929450989,0.034672610689669106
1301,0.4107661545276642,0.03392774943593608,0.801675409078598,0.034865685402697515
1302,0.410570353269577,0.03397364735396444,0.8018815517425537,0.03480520467508438
1303,0.4103796184062958,0.034225938389150654,0.8019282519817352,0.034912974166726736
1304,0.41026027500629425,0.034177617027332914,0.8020339608192444,0.03482476081279343
1305,0.41013243794441223,0.033828704341935474,0.8020800650119781,0.03454191331243683
1306,0.41005243360996246,0.033623259528869125,0.8022045195102692,0.03442727388448719
1307,0.41005203127861023,0.033568489699229216,0.8021911382675171,0.03434091499188837
1308,0.40998367965221405,0.033747297704036686,0.8022560179233551,0.034420867563513535
1309,0.4100102633237839,0.03342799317971815,0.8022425770759583,0.034169461612146054
1310,0.4097893238067627,0.0335614511755279,0.8024042844772339,0.0341669328012354
1311,0.40956923365592957,0.03340289473142991,0.8026039898395538,0.033999736253192685
1312,0.40962256491184235,0.033542801195061825,0.8026672303676605,0.033970233459235055
1313,0.40956778824329376,0.03358136556144929,0.8027108609676361,0.03396821041050654
1314,0.4098407030105591,0.033686669462453765,0.8026579320430756,0.03399341422591605
1315,0.4098132848739624,0.03342401030253387,0.8027013540267944,0.03371958615114077
1316,0.40965262055397034,0.03347947555517421,0.8028020560741425,0.03374533787558093
1317,0.4095824509859085,0.03320158030951763,0.8029022514820099,0.033662730052499576
1318,0.4094994366168976,0.03302041208119355,0.802982896566391,0.0336075176809503
1319,0.4093450605869293,0.032869231335584975,0.8030060827732086,0.03347188912244225
1320,0.4093800187110901,0.03317205644213574,0.8030860722064972,0.03357843635547779
1321,0.40945151448249817,0.0330387881071443,0.8031278252601624,0.03352385618665618
1322,0.40964001417160034,0.033048144707513716,0.803037166595459,0.03349620785403303
1323,0.40970273315906525,0.03323386479547697,0.803059995174408,0.03362863325205426
1324,0.4095517098903656,0.03318482693723455,0.8032142817974091,0.03357430596432372
1325,0.40972957015037537,0.03292730969283299,0.8031428158283234,0.03336112720455562
1326,0.4098048210144043,0.03268825276807919,0.8030903935432434,0.033122449601438425
1327,0.4096766263246536,0.03273960870298972,0.8031315505504608,0.03322811175065524
1328,0.4095936119556427,0.03284929587623932,0.8032097220420837,0.0332805845770513
1329,0.409481942653656,0.03266359686170032,0.8032689392566681,0.03320147494239635
1330,0.409255713224411,0.03249488302711121,0.8034390807151794,0.033122702482529486
1331,0.4091672748327255,0.032780406852348266,0.8035529255867004,0.03317504886838002
1332,0.4089697152376175,0.0325159353779424,0.8036847114562988,0.03299238442693381
1333,0.40900667011737823,0.03249414545726227,0.8036870956420898,0.032940712390659446
1334,0.4088229686021805,0.0325928955233233,0.8038913309574127,0.0330190633820412
1335,0.4088795334100723,0.032356409556328666,0.8038016557693481,0.032786286337715534
1336,0.40896594524383545,0.031656455769684,0.8038402795791626,0.03247709705703961
1337,0.4089036136865616,0.031695841999617426,0.8038969039916992,0.03245290476599436
1338,0.408800333738327,0.0317195496019048,0.8039532899856567,0.03242879676864613
1339,0.4087902307510376,0.03180999673880918,0.8039550185203552,0.0323791477811003
1340,0.4084795415401459,0.03191093844099278,0.8042100965976715,0.03232970952779702
1341,0.40816837549209595,0.03177067372914852,0.8043376207351685,0.032203901184992
1342,0.4079202264547348,0.031628870657333615,0.8045186102390289,0.03210413959456671
1343,0.4077315032482147,0.03132935407839095,0.8046448230743408,0.03192859797051884
1344,0.4075770229101181,0.031389181529852164,0.8047345876693726,0.03195675206532412
1345,0.40763114392757416,0.03138787497754832,0.8047702610492706,0.031807678662141084
1346,0.40756264328956604,0.031444246387431644,0.8047879338264465,0.031835959197491895
1347,0.4075097441673279,0.03141255195735145,0.8049123883247375,0.03176338232435613
1348,0.4074595868587494,0.031767217687570626,0.8050007224082947,0.031741381669433445
1349,0.40719351172447205,0.03189079224740457,0.8052127659320831,0.031744542683071766
1350,0.40695686638355255,0.03193658479831166,0.8053531050682068,0.03169771753437616
1351,0.40690143406391144,0.031783043829186466,0.8053692579269409,0.03157616602327074
1352,0.4068722724914551,0.031992197564921776,0.8054205477237701,0.03165443272095547
1353,0.4070620536804199,0.03180611922874618,0.8053661584854126,0.03158324669382057
1354,0.40704604983329773,0.03173396382409553,0.8053997159004211,0.03153713804154966
1355,0.40681640803813934,0.03169773860780042,0.8055030703544617,0.031441801870218014
1356,0.4069978892803192,0.03143708142318479,0.8054314255714417,0.031198783141704198
1357,0.40699630975723267,0.031135562868937858,0.8055168688297272,0.031030743656691263
1358,0.4068434238433838,0.031055905325252268,0.8055845201015472,0.03093717765299708
1359,0.4068530797958374,0.03097494122926284,0.8055305182933807,0.030917537221591
1360,0.4069352149963379,0.031042165452637716,0.8055459558963776,0.030946955721851608
1361,0.40690024197101593,0.030905546443189654,0.8055958449840546,0.030976205634718167
1362,0.40689559280872345,0.030985836189602906,0.8056110739707947,0.031005329107039195
1363,0.4069172590970993,0.03127816673087447,0.8056262135505676,0.03118015423466238
1364,0.4066048264503479,0.031152000139857104,0.8058470487594604,0.031063238876893162
1365,0.40644371509552,0.030828986692869615,0.8059129416942596,0.030825825679231297
1366,0.40620049834251404,0.030706044335763336,0.8060809969902039,0.030830925447901114
1367,0.4059479087591171,0.030778220813838242,0.8063164353370667,0.030739551080329497
1368,0.4059307426214218,0.030472866896376814,0.8064318597316742,0.030624616624440288
1369,0.4057975858449936,0.030587717058569,0.8065807223320007,0.030654077271549403
1370,0.4058842360973358,0.031091097943758864,0.8066273927688599,0.030827047937838113
1371,0.4058292955160141,0.031017867794471184,0.8067245483398438,0.030736516507236713
1372,0.40592092275619507,0.030683706506052563,0.8066190481185913,0.030551070373788777
1373,0.4059951454401016,0.030527278477804377,0.8066317141056061,0.030437737498142985
1374,0.40596990287303925,0.030803551069793288,0.8067282140254974,0.030585925817507287
1375,0.40590207278728485,0.030958314297525293,0.8067405521869659,0.03066246449440307
1376,0.40558575093746185,0.0308945039688798,0.8069700598716736,0.03057323961610551
1377,0.4055291414260864,0.030839312670754782,0.8069985508918762,0.030437273882809365
1378,0.40539121627807617,0.030996478268851907,0.8070934116840363,0.030443048001055358
1379,0.4052419066429138,0.030866160213256222,0.8072543144226074,0.030307967351577942
1380,0.4051838368177414,0.030810505299797588,0.8073482513427734,0.030313952204066488
1381,0.4052680432796478,0.030887191490663157,0.8073261082172394,0.030343328557478583
1382,0.4052080065011978,0.030798282713729426,0.8074359893798828,0.030325921909043582
1383,0.40548641979694366,0.03091856981937952,0.8073314428329468,0.030192147811870004
1384,0.40537695586681366,0.030724989344168983,0.8074408769607544,0.03003578300389459
1385,0.4053240120410919,0.03077647171962504,0.8074514865875244,0.02997273131852229
1386,0.40527859330177307,0.030687078253933433,0.8073639273643494,0.02986373956827312
1387,0.40523669123649597,0.030770529013985005,0.8074562549591064,0.029870567357731883
1388,0.4050358086824417,0.030743997572847397,0.8076622188091278,0.029808316462481294
1389,0.40487684309482574,0.030685076278629167,0.8077698349952698,0.029792258513198642
1390,0.4049316495656967,0.030648745695212774,0.8077472150325775,0.029730429086433162
1391,0.4048379510641098,0.030350683182543733,0.8077732622623444,0.029462796598388984
1392,0.4047382324934006,0.030395443135662302,0.807847648859024,0.02953891380679966
1393,0.40470947325229645,0.030328724674469558,0.8078249990940094,0.029477969463852907
1394,0.4046405255794525,0.030449032853543903,0.8079150319099426,0.02953103234612812
1395,0.4046687036752701,0.030318651577675455,0.807972639799118,0.029447623732925064
1396,0.40462248027324677,0.030498618620816972,0.8080460131168365,0.029523235179153607
1397,0.4044342488050461,0.030418160287009673,0.808135062456131,0.029394940172286443
1398,0.4043838232755661,0.030084905155834035,0.8082078099250793,0.029154408107834772
1399,0.40413638949394226,0.030140349335050116,0.8083917200565338,0.029117445321690718
1400,0.437211811542511,0.028471544868261266,0.7838134169578552,0.04838365485983911
1401,0.4368817061185837,0.028375007511747066,0.7840456962585449,0.04831672566440381
1402,0.43669088184833527,0.028226945632928293,0.7842172086238861,0.048109742491366805
1403,0.43656231462955475,0.02787236419640614,0.7843482792377472,0.04784784197472011
1404,0.43648892641067505,0.02805256304721447,0.7844589352607727,0.04789449853602167
1405,0.436393067240715,0.02762184332885739,0.7844902276992798,0.04760655126699524
1406,0.4363436847925186,0.027819764929464547,0.7845999896526337,0.04759799545674753
1407,0.43611423671245575,0.027696063929085073,0.784611165523529,0.047450860808596
1408,0.4358675628900528,0.027782001353198787,0.7848177850246429,0.04741507813421025
1409,0.4356830567121506,0.027486762679379974,0.7849843800067902,0.047158825295264016
1410,0.43558207154273987,0.027713744532035393,0.7850918173789978,0.047151449596774614
1411,0.43544161319732666,0.02707854937812771,0.7852763235569,0.0468148227177181
1412,0.43513451516628265,0.0271409899341966,0.7855953872203827,0.046780936651515344
1413,0.4348995238542557,0.026964436785784463,0.7857970595359802,0.04669263900388502
1414,0.4348294287919998,0.027162442680088644,0.7858821153640747,0.04687715790666571
1415,0.43464864790439606,0.02721099584957319,0.786043643951416,0.04684335613415998
1416,0.43443745374679565,0.026980052193157748,0.7861660420894623,0.04670136340152677
1417,0.4344981610774994,0.026401966018982325,0.7862305045127869,0.04631668911516784
1418,0.43414196372032166,0.026350926185435632,0.7864471971988678,0.046257557086707056
1419,0.434103861451149,0.02615201413388847,0.7865296602249146,0.04611800887128749
1420,0.43400177359580994,0.02605374875658532,0.7866117656230927,0.045925439920441215
1421,0.43358030915260315,0.02591314686995298,0.786825954914093,0.045760603595915106
1422,0.43324653804302216,0.025757140310189903,0.787058025598526,0.0456232470166181
1423,0.4330666661262512,0.025720704359652236,0.7871758937835693,0.045539838403415044
1424,0.43271908164024353,0.02558081896944458,0.7873872220516205,0.045430298744135234
1425,0.4323854297399521,0.025360243437762813,0.7875787615776062,0.045188670861622274
1426,0.43232132494449615,0.024970764410673644,0.7876571416854858,0.04494818094401912
1427,0.4319665729999542,0.024874100613613906,0.7879404425621033,0.04478802291967772
1428,0.43167395889759064,0.02499988788299467,0.7881665229797363,0.044654923172080314
1429,0.4315044432878494,0.02510984901075959,0.788354367017746,0.04457505489415217
1430,0.43120795488357544,0.025166389008036957,0.7885413765907288,0.04449552379101211
1431,0.4308348596096039,0.024954432506875672,0.788782924413681,0.044285674632276374
1432,0.4307209253311157,0.024860824356332974,0.7888573408126831,0.04415506154874111
1433,0.4306318312883377,0.02469343814747196,0.7889313995838165,0.04386892659420065
1434,0.43076837062835693,0.024584551764344063,0.7889684438705444,0.043739915090908806
1435,0.43032217025756836,0.02442439374000267,0.7892616391181946,0.043559695166676224
1436,0.43014438450336456,0.024796360751535563,0.789389044046402,0.04366451437892282
1437,0.429807186126709,0.02476405519215196,0.7896252274513245,0.04356264544607198
1438,0.4296667277812958,0.024878652473253084,0.7897694408893585,0.04353841100817822
1439,0.42940086126327515,0.024665094391848382,0.7899492084980011,0.04336029842637118
1440,0.4290338605642319,0.02462701471421879,0.7902005612850189,0.04328544562341583
1441,0.42907531559467316,0.024724711109067044,0.7902159690856934,0.04318543115189948
1442,0.4288114011287689,0.02446788928766591,0.7903574705123901,0.04295842822581981
1443,0.4287417382001877,0.024414973919360483,0.7904443442821503,0.0429104229653659
1444,0.42864200472831726,0.024571654828699732,0.790494978427887,0.04286267058600306
1445,0.4284445643424988,0.02453612503540505,0.790688544511795,0.04281508679403426
1446,0.4281289428472519,0.024685261658860848,0.7909347116947174,0.04289398569444665
1447,0.4279734343290329,0.024721044333246595,0.7910551428794861,0.04274583952193086
1448,0.42786023020744324,0.024625097032611544,0.7911394834518433,0.04264856459556771
1449,0.42774176597595215,0.024534987070495253,0.7912411391735077,0.042576872806250686
1450,0.42780208587646484,0.024528960071158196,0.7912715673446655,0.04240537727965986
1451,0.42776039242744446,0.024566934381666513,0.7914431095123291,0.042334570574161554
1452,0.427640900015831,0.024398368061047192,0.7914553582668304,0.042288925537224256
1453,0.427382230758667,0.02417125976784624,0.7916080951690674,0.04209441783134648
1454,0.4274771958589554,0.024407008164991924,0.7916374504566193,0.042074313784606784
1455,0.42734645307064056,0.02424756663707521,0.7917541265487671,0.04188115477788135
1456,0.4271027147769928,0.024264572890449358,0.7919400930404663,0.04173827696142943
1457,0.4269154965877533,0.024247924885287556,0.7920381724834442,0.04166987262629624
1458,0.4266076982021332,0.02416624429287344,0.7922574281692505,0.04152804848105709
1459,0.4263530373573303,0.023979070138636562,0.7924236953258514,0.04141134385753042
1460,0.4261450171470642,0.024239832690373463,0.7926065623760223,0.041515362279655306
1461,0.4261222928762436,0.02410700689729138,0.7926850318908691,0.04142360859044709
1462,0.42576149106025696,0.024098556454164945,0.7928664982318878,0.04147844164035976
1463,0.42555639147758484,0.02400119723410478,0.7928753197193146,0.04138723586018219
1464,0.42541663348674774,0.02367710904248026,0.7930212616920471,0.041150918480581604
1465,0.4252316802740097,0.023641537102337067,0.7931152582168579,0.04118176997369158
1466,0.42521199584007263,0.023411352089194818,0.7932088375091553,0.041019336019530596
1467,0.42509326338768005,0.023572058022566858,0.7932679355144501,0.04100218225218666
1468,0.42500101029872894,0.02368410541933307,0.7933437526226044,0.04096104692804003
1469,0.4248705357313156,0.023755122859073927,0.7934362292289734,0.04089609863448474
1470,0.4245758354663849,0.023584069874392464,0.7936467528343201,0.040807505958914844
1471,0.42455747723579407,0.023352683676067656,0.7937381863594055,0.04069539534187586
1472,0.42448896169662476,0.023166015284012905,0.7938123345375061,0.04051230943194454
1473,0.4244892746210098,0.023194148305393927,0.7938189506530762,0.0404726913943443
1474,0.42428043484687805,0.023177858548444466,0.7939932942390442,0.0404332419441381
1475,0.42409659922122955,0.023005583305156188,0.7942003607749939,0.04029921496587346
1476,0.4237935245037079,0.022825805922832967,0.7944065928459167,0.04016577804348797
1477,0.42371276021003723,0.022850967591393972,0.7945452034473419,0.0401272136771005
1478,0.4236464649438858,0.02267671144622568,0.7946499884128571,0.03999470398538225
1479,0.42356187105178833,0.02258649611698811,0.7948206961154938,0.03986278434954315
1480,0.4234868735074997,0.022480433572710446,0.7949244379997253,0.0397314126227347
1481,0.42321600019931793,0.022421048663158596,0.7950773537158966,0.03962398030588043
1482,0.4230710566043854,0.022363539288365483,0.7952296137809753,0.039610282580114384
1483,0.42285987734794617,0.022354351275390108,0.7953647673130035,0.03943372943170225
1484,0.4227897673845291,0.022412914321395996,0.7954664826393127,0.039397272407740325
1485,0.422385111451149,0.022462816190032892,0.7956825196743011,0.03938416473785344
1486,0.42225968837738037,0.02271466468330974,0.7957668304443359,0.039509888786961433
1487,0.4220881164073944,0.022950223419637126,0.7958670556545258,0.03961201060090333
1488,0.42198872566223145,0.02270387509009095,0.7960320711135864,0.03952944492467049
1489,0.42176660895347595,0.022725707157619596,0.7961475849151611,0.039516126520541046
1490,0.42178478837013245,0.022787283703294012,0.796197772026062,0.039502892410108625
1491,0.4217652976512909,0.02284279110278286,0.7962477207183838,0.03953551407085606
1492,0.4214547425508499,0.02287134559264899,0.7963782846927643,0.039453791331593435
1493,0.42115139961242676,0.02266522643000646,0.7965404987335205,0.03918999420676375
1494,0.4209051877260208,0.022430868878861636,0.7966537773609161,0.03890453360179946
1495,0.4207731783390045,0.02220502499111601,0.7967505753040314,0.038824538883325786
1496,0.4207569360733032,0.022192886698744873,0.7968149185180664,0.03879027349548643
1497,0.4205491244792938,0.022014521235846768,0.7968789935112,0.03852997455908315
1498,0.4203871041536331,0.02189501384689413,0.7970066368579865,0.038406189265006656
1499,0.4203697592020035,0.022117254179092074,0.7970541417598724,0.03839548396548489
1500,0.7357923984527588,0.41367806163018667,0.745651125907898,0.059132449929269436
1501,0.7346831113100052,0.4127412847017593,0.7459208965301514,0.05906627937710733
1502,0.7337572276592255,0.411824316792132,0.7460900247097015,0.05897233405177655
1503,0.7327537387609482,0.41089537917752766,0.7464365065097809,0.05879489581954569
1504,0.7318632155656815,0.4095887004331444,0.7466429769992828,0.05864628603169627
1505,0.73076993227005,0.40855882111635644,0.7469862997531891,0.05863768807460005
1506,0.7298277020454407,0.40760714527698044,0.7472886145114899,0.05862917441120085
1507,0.7288491278886795,0.4067407535855663,0.7475305795669556,0.058537505015689655
1508,0.7282278090715408,0.4057932924310414,0.7475562989711761,0.05858458304547633
1509,0.7274657040834427,0.4050740986080515,0.7477769255638123,0.05852106774477041
1510,0.7265061885118484,0.4035962615118655,0.7479575276374817,0.05818279713862197
1511,0.725540354847908,0.40249066538172773,0.7482730448246002,0.0580931507918393
1512,0.7246844321489334,0.40151471295760943,0.7484515309333801,0.05803140565877084
1513,0.723926454782486,0.40058215071403314,0.7486677467823029,0.057860668775453206
1514,0.7228791564702988,0.3994690313714362,0.7490177154541016,0.057663547964967754
1515,0.7220716625452042,0.3984079001664774,0.7492699027061462,0.05744016966786002
1516,0.7212446480989456,0.39746170341740783,0.7495016753673553,0.0572992727532881
1517,0.7202008217573166,0.3964803983435287,0.7497705519199371,0.05710497578165288
1518,0.7192911356687546,0.3958777827035199,0.7500381469726562,0.057181388018003126
1519,0.7186649739742279,0.3948975523742778,0.750152200460434,0.0569344496325778
1520,0.7178532481193542,0.39411189297118626,0.7503226399421692,0.05687666630326937
1521,0.7169411778450012,0.3934992463812319,0.7506058812141418,0.05697984178842403
1522,0.716068759560585,0.3924415079975782,0.7508122026920319,0.05686878484259783
1523,0.7151896953582764,0.39123157734395175,0.7509986460208893,0.05651846023777528
1524,0.7145292013883591,0.39002662001844957,0.7511841952800751,0.056329305181658386
1525,0.7134924978017807,0.3889359438726846,0.7515751421451569,0.05606150410622016
1526,0.7125785648822784,0.38829086528280116,0.7518332898616791,0.056138885720086164
1527,0.7116613984107971,0.3873668799228968,0.752090185880661,0.055952006593788864
1528,0.7110415250062943,0.38637902101407423,0.7522155046463013,0.0558449957454197
1529,0.7101446241140366,0.3853537989240467,0.7525817453861237,0.05560716107927273
1530,0.7094929367303848,0.3842093855464304,0.7526682317256927,0.05539667971780932
1531,0.7086970210075378,0.3836533211006019,0.7529761791229248,0.05539630039617272
1532,0.7078584432601929,0.3826595827064121,0.7531904578208923,0.05526556087209193
1533,0.7069373577833176,0.38138997211529413,0.7534589469432831,0.05490120136671525
1534,0.7064987570047379,0.380501474401836,0.7535242140293121,0.05461645725817565
1535,0.7058266997337341,0.3795766250315372,0.7536258399486542,0.05443665880242818
1536,0.7048806548118591,0.3787723788682523,0.7539462149143219,0.054309375319925274
1537,0.7040759027004242,0.3780217856431218,0.7542286217212677,0.054285773084759174
1538,0.703188955783844,0.37715419276652506,0.7544915676116943,0.05418508426366665
1539,0.7023444324731827,0.3764493077986046,0.7547351121902466,0.05421323835847193
1540,0.7017429769039154,0.3753227857581812,0.7549232542514801,0.054010807045074105
1541,0.7011919915676117,0.37419679055336413,0.7550382614135742,0.05375830527564534
1542,0.7004149556159973,0.3735060458531191,0.755206823348999,0.05368530693402447
1543,0.699591800570488,0.3727239057118782,0.7554105818271637,0.053612603620343174
1544,0.6988247632980347,0.37190454990340216,0.7555057406425476,0.053540237481449975
1545,0.6980343759059906,0.3712591552121548,0.7556541562080383,0.053493538773299903
1546,0.6973372995853424,0.3707479139397177,0.755837619304657,0.053497584870756947
1547,0.6967352777719498,0.3699647622741125,0.755931168794632,0.053425977375136935
1548,0.6960128843784332,0.36894723198393825,0.7561309337615967,0.053304468010880034
1549,0.6952755302190781,0.36812163844188256,0.7563475370407104,0.053158387033941275
1550,0.6945040822029114,0.36735420755077197,0.7565454244613647,0.05313807225295902
1551,0.6937230676412582,0.36646147407903845,0.7567777335643768,0.05291819214427769
1552,0.6929934024810791,0.36587771915373835,0.7570090293884277,0.052948327140962974
1553,0.6922536939382553,0.36506590763114577,0.7571865320205688,0.052854086787692614
1554,0.6917456090450287,0.3638380224200536,0.7572580575942993,0.052561924833815096
1555,0.6908563673496246,0.3628886225104972,0.7575216889381409,0.052295809632317315
1556,0.6901315599679947,0.3622491915983142,0.7577317953109741,0.05235178064713978
1557,0.6892624497413635,0.36148525889563,0.7579235136508942,0.05218584850455239
1558,0.6888108402490616,0.3606200473159741,0.7579753994941711,0.05187316103545007
1559,0.6879603862762451,0.35961924932465866,0.7582004070281982,0.051610923344015285
1560,0.33585336804389954,0.07527574658015462,0.859375,0.04419417382415922
1561,0.3196682333946228,0.08748421345406274,0.86328125,0.060766989008218926
1562,0.32132601737976074,0.04500680721029777,0.8645833432674408,0.029462796598388984
1563,0.331423282623291,0.016846601111986475,0.853515625,0.01933495104806966
1564,0.32573650777339935,0.018626820772813874,0.8546874821186066,0.019887369791501946
1565,0.315803125500679,0.021220200655386205,0.859375,0.014731419372618747
1566,0.3161410838365555,0.02197083602736523,0.859375,0.012626942932772786
1567,0.31621091067790985,0.022639242897899495,0.861328125,0.013810679320049757
1568,0.31815068423748016,0.026188976920032525,0.859375,0.014731419372618747
1569,0.319027304649353,0.03311713909852605,0.856249988079071,0.015467977697195132
1570,0.3185015916824341,0.023001389693729352,0.8579545617103577,0.008035296668601947
1571,0.323225736618042,0.022462710822911614,0.8561198115348816,0.008286407592029853
1572,0.33510082960128784,0.015785807081815782,0.8533653914928436,0.0067990874549289145
1573,0.33470574021339417,0.017164683377698192,0.8537946343421936,0.007891828796270864
1574,0.33481283485889435,0.010367218576436948,0.8541666567325592,0.0029462754451540472
1575,0.33797916769981384,0.0036769332109389064,0.85302734375,0.003452669830012439
1576,0.33660319447517395,0.006817589921425197,0.8547793924808502,0.007798979289001365
1577,0.33619196712970734,0.004189164934316057,0.8563368022441864,0.004296660471443092
1578,0.33560897409915924,0.007852484713185944,0.8544407784938812,0.006978042973706171
1579,0.3343636393547058,0.010678789154053731,0.8546874821186066,0.007733988848597566
1580,0.3372073322534561,0.01245007368299682,0.8537946343421936,0.008944067016193845
1581,0.33693841099739075,0.016927607354824414,0.8540483117103577,0.010546321609183992
1582,0.33879584074020386,0.014777443731192644,0.8536005616188049,0.009127068632428147
1583,0.3407694697380066,0.015270561858770104,0.8509114682674408,0.009207105497750334
1584,0.34488292038440704,0.01414863382483436,0.8509375154972076,0.008396874481976907
1585,0.3444237560033798,0.011502317500532346,0.852463960647583,0.007224054128464259
1586,0.34405969083309174,0.012532217890744553,0.8524305522441864,0.007365709686309374
1587,0.3458237946033478,0.014407394401266994,0.851841539144516,0.006708050262145383
1588,0.3430652916431427,0.014056521887413801,0.8529094755649567,0.006095740846979115
1589,0.3441009819507599,0.010972974156659772,0.8526041507720947,0.0058925508903080945
1590,0.3463740944862366,0.0098004488310867,0.8523185551166534,0.006415298252388713
1591,0.34852170944213867,0.008777881992515389,0.8515625,0.00621480569402239
1592,0.34648552536964417,0.006995828943777768,0.8532197177410126,0.004017648334300974
1593,0.34515102207660675,0.006070263077054279,0.8531709611415863,0.0029246119650194477
1594,0.34806862473487854,0.010004650312121981,0.850669652223587,0.004735071989653412
1595,0.3473362922668457,0.011340157500886681,0.8509114384651184,0.005217358377163572
1596,0.3510039150714874,0.01572338759917115,0.8494510054588318,0.007465218395643594
1597,0.3517318665981293,0.016315466527052187,0.8501233756542206,0.008431772072543928
1598,0.3540084660053253,0.017278479868677605,0.8487580120563507,0.009915341140127397
1599,0.35576915740966797,0.01598558314375742,0.847851574420929,0.00966747552403483
1600,0.4262537807226181,0.05601402568137264,0.7957828044891357,0.04612669112208073
1601,0.42609168589115143,0.05591059731512691,0.7959248721599579,0.045981073760475596
1602,0.4259259104728699,0.05572386570279939,0.7960860729217529,0.045695866036602376
1603,0.42561735212802887,0.05582238396119361,0.7962662279605865,0.045608074151154185
1604,0.425583079457283,0.05549406001129374,0.7963862419128418,0.04532522665079757
1605,0.4255819171667099,0.05550211005935932,0.7965056896209717,0.04521092439763603
1606,0.42545492947101593,0.05580489301906159,0.7966441214084625,0.04523617035989405
1607,0.4252558946609497,0.05534766293299115,0.7968210875988007,0.04492866695315857
1608,0.42526760697364807,0.055381338264951355,0.7968407869338989,0.044954502971295746
1609,0.42514805495738983,0.05522537385203679,0.7969774007797241,0.04492500017733812
1610,0.4247845858335495,0.05519789410680769,0.7971716523170471,0.04492314571600364
1611,0.4243719279766083,0.05496808841530204,0.7974425852298737,0.04475670781123412
1612,0.42419055104255676,0.054646212933224345,0.7976734340190887,0.044426866574787865
1613,0.42422324419021606,0.05462943848751701,0.7976714670658112,0.044371654203238596
1614,0.42397406697273254,0.054460134597048744,0.7978813648223877,0.04428950999549086
1615,0.4240628182888031,0.05430284255840609,0.7979173064231873,0.044234971973517764
1616,0.42380891740322113,0.05430602464546866,0.7981064021587372,0.044180644685787224
1617,0.4235761761665344,0.054132990758907186,0.7982754707336426,0.04404547974261279
1618,0.42337119579315186,0.05411954591423221,0.7984437048435211,0.044018885081202414
1619,0.42304836213588715,0.05409023278109289,0.798687219619751,0.04393859533478916
1620,0.42283307015895844,0.0541382801883953,0.7989295423030853,0.04401972801817263
1621,0.4224957674741745,0.05404880242900668,0.7991707026958466,0.04393981759339598
1622,0.42229020595550537,0.05408127657578432,0.7992784976959229,0.04388700759221183
1623,0.4221629500389099,0.05379122196433234,0.7994799613952637,0.04359459275724324
1624,0.4219732880592346,0.053783593384751874,0.799548864364624,0.04354292072096889
1625,0.42189040780067444,0.05409876751791634,0.7996549606323242,0.04370358450749241
1626,0.4216993898153305,0.054319385196446614,0.7997418344020844,0.04373119069326705
1627,0.42164890468120575,0.05431635062335383,0.799828290939331,0.04375871258534466
1628,0.4215742200613022,0.05394259237075922,0.7999702095985413,0.043601757721490095
1629,0.4212764501571655,0.05382582452695979,0.8002414703369141,0.043524376107624094
1630,0.4213655889034271,0.05373799049466309,0.8001778721809387,0.043447331668546176
1631,0.4211992919445038,0.0537407300398163,0.8002625107765198,0.04342297079010688
1632,0.42109353840351105,0.053554167014882824,0.8002913892269135,0.04337260530613636
1633,0.42105959355831146,0.05370256606848968,0.800356924533844,0.04342659541907882
1634,0.42105692625045776,0.05374469184357632,0.800385445356369,0.04342840773356479
1635,0.4208812713623047,0.053670344802803104,0.8005420565605164,0.043352501259396665
1636,0.42072784900665283,0.053378435730016646,0.800679624080658,0.04309607983305639
1637,0.42072294652462006,0.052972161183795885,0.8007254302501678,0.04281508679403426
1638,0.4205492287874222,0.05305426324469511,0.8008801341056824,0.04279262252377795
1639,0.42030517756938934,0.05275754943117841,0.8009978234767914,0.04261623796275986
1640,0.42008666694164276,0.0525512827545661,0.8011149764060974,0.04249194690650123
1641,0.42002615332603455,0.05228716952837258,0.8012315630912781,0.04226603979848284
1642,0.4200483113527298,0.052507407885266255,0.801329642534256,0.042372376297275825
1643,0.41992637515068054,0.05237753237157994,0.8014452159404755,0.0423003051863222
1644,0.41970470547676086,0.05208111358600282,0.801542341709137,0.04215249618859449
1645,0.4197246879339218,0.052020316757025856,0.80158531665802,0.04208126801461108
1646,0.4193025082349777,0.05188443531742673,0.8018244802951813,0.04198513105315773
1647,0.41925373673439026,0.05180606325262073,0.8019022643566132,0.04191457722875049
1648,0.4190240055322647,0.051868925277174724,0.8020507395267487,0.04189459962255633
1649,0.4187057316303253,0.05206927032157126,0.8022163212299347,0.04200013533122761
1650,0.41851505637168884,0.051953872250348435,0.8023103475570679,0.04190500989413852
1651,0.4182378798723221,0.05177704514742098,0.8024922609329224,0.0417853971380646
1652,0.4179820269346237,0.05172790192205727,0.8026908934116364,0.04179083408152251
1653,0.41787606477737427,0.05177479029102564,0.8027656674385071,0.041721671103116136
1654,0.4177956134080887,0.051445349449640236,0.8028225898742676,0.041528891418027306
1655,0.4176643043756485,0.05116309200516278,0.8029491901397705,0.04133695466990869
1656,0.4175366759300232,0.051024997856016836,0.8030403554439545,0.04134331884403384
1657,0.4174754321575165,0.05084022607214508,0.8030614256858826,0.04115268864821906
1658,0.4172435700893402,0.05086863304804142,0.8031345307826996,0.04113486053129896
1659,0.41701725125312805,0.05103797908535819,0.8032940328121185,0.04119066295872738
1660,0.41671155393123627,0.05074752407884537,0.803470104932785,0.04107501200641349
1661,0.41675037145614624,0.05070712632454767,0.8034555315971375,0.041033075892145145
1662,0.4166656583547592,0.0501994464608097,0.803509920835495,0.0407477838745749
1663,0.41640426218509674,0.05014667860647406,0.8036328256130219,0.04075537030730687
1664,0.41622260212898254,0.05010847248829894,0.803737998008728,0.04069016913266051
1665,0.4160788953304291,0.05008449093149624,0.8038256168365479,0.040552686112817975
1666,0.4159991443157196,0.050096418489624824,0.8039128482341766,0.040464051290399566
1667,0.4159676879644394,0.05016265226205969,0.8039656579494476,0.040424011784314214
1668,0.4157850295305252,0.04995950445223718,0.8041201829910278,0.04033605131147198
1669,0.4155275672674179,0.05002162890694224,0.8042401671409607,0.04029643327387174
1670,0.4153703600168228,0.04981338132844991,0.8043765127658844,0.04018520774065149
1671,0.4151526242494583,0.04971033228384077,0.8045967221260071,0.04014613761208189
1672,0.4149399399757385,0.04955145973837896,0.8046811819076538,0.040011857752726185
1673,0.4148593991994858,0.04928578707879054,0.8047147989273071,0.039806855481569196
1674,0.4148286432027817,0.049133341927726636,0.8046979904174805,0.0397213816727891
1675,0.41460011899471283,0.048854287643736005,0.8047816753387451,0.03949421015931538
1676,0.41438350081443787,0.048560165861402736,0.8048816919326782,0.03919707487731358
1677,0.41414764523506165,0.04815079352181642,0.8050146698951721,0.0389484084710993
1678,0.41389231383800507,0.0479474139043271,0.8051470518112183,0.03879490964882263
1679,0.41356201469898224,0.04763000598819156,0.8053452968597412,0.03859504929318397
1680,0.413441002368927,0.04757473039636952,0.8054267168045044,0.03851320011337581
1681,0.4133206009864807,0.04738464810958539,0.8055077791213989,0.038384989400205675
1682,0.4132617712020874,0.047243877635559005,0.8056050539016724,0.03818732068068958
1683,0.41343189775943756,0.047698663204415806,0.8056689500808716,0.03817669967486484
1684,0.4133993834257126,0.047720958887278064,0.8057161569595337,0.0381428979023591
1685,0.41319499909877777,0.04759106230016749,0.805828720331192,0.03797013797031294
1686,0.41314002871513367,0.04783515577331834,0.8058427274227142,0.03807567367898422
1687,0.41294702887535095,0.047795495588869585,0.8059219121932983,0.038042335521812104
1688,0.4128275662660599,0.04799137306732396,0.8059844970703125,0.038216402006162095
1689,0.4126676172018051,0.04800043463975381,0.8060793280601501,0.03815984093546048
1690,0.4124487042427063,0.047902927905723855,0.8062224388122559,0.038034749089080146
1691,0.4122449606657028,0.04791150478939582,0.8064296841621399,0.03795593448236477
1692,0.41231346130371094,0.047515471927363204,0.8064583837985992,0.03780888412791027
1693,0.41234320402145386,0.04735168927404987,0.8064385950565338,0.03759410378789875
1694,0.4119628667831421,0.04751787429772832,0.8066763281822205,0.03765323581635953
1695,0.41174955666065216,0.04728988092070864,0.8067364394664764,0.03741691843675895
1696,0.4116131067276001,0.0475475878259285,0.8068283796310425,0.0374534597544179
1697,0.41145411133766174,0.047616835098031905,0.8069359064102173,0.037422018205428766
1698,0.41132715344429016,0.04768292135649699,0.8070430159568787,0.037526120921250676
1699,0.41104330122470856,0.04774599411529354,0.8072133660316467,0.03753969220647118
1700,0.3958797752857208,0.010463545198708596,0.8215169310569763,0.0009874163669132254
1701,0.3956654816865921,0.01036498479346587,0.8215934634208679,0.001013041650807849
1702,0.39547643065452576,0.009980921636410348,0.8217489421367645,0.0011508196985899615
1703,0.3953774869441986,0.010232664762565919,0.8217255175113678,0.0010359273895492644
1704,0.39517298340797424,0.01013707571014321,0.8217417001724243,0.0009774697106646544
1705,0.3948981910943985,0.009979509716985233,0.821954756975174,0.0009749830466025117
1706,0.39449772238731384,0.010104243315153224,0.8220881819725037,0.0009169468362030106
1707,0.39451315999031067,0.009917153454613366,0.8221229016780853,0.0009423613858550796
1708,0.39425112307071686,0.009508097216390884,0.822216123342514,0.0013270778190625204
1709,0.39415428042411804,0.009145823980015493,0.82234787940979,0.0014340886674316803
1710,0.3938893526792526,0.009199245110503053,0.8224790096282959,0.001485507822614971
1711,0.393721804022789,0.009227652086399394,0.8224930167198181,0.0014817988999460123
1712,0.39360545575618744,0.009371457133518566,0.8225650191307068,0.0014507788194419943
1713,0.39356593787670135,0.009691098832625186,0.8225594758987427,0.0013106826949917825
1714,0.39334146678447723,0.00973800827501781,0.8227657973766327,0.0013074373876564437
1715,0.3930106610059738,0.009922611471495526,0.8229711055755615,0.00119553750486002
1716,0.3928718715906143,0.010262778685826953,0.8230987191200256,0.0010299846839092284
1717,0.3925749659538269,0.010580376262780794,0.823225736618042,0.0008111582464406666
1718,0.3922714442014694,0.01076849872110917,0.8233902752399445,0.0005933854801848771
1719,0.3919510990381241,0.010997356108523324,0.8235920667648315,0.0003767085319903709
1720,0.3917451947927475,0.01131531193368951,0.8236790001392365,0.00021473819316300508
1721,0.3916652649641037,0.011053369270194303,0.8238223195075989,0.0002945221773941275
1722,0.39140497148036957,0.010958243833105214,0.823964923620224,0.00037396898683716274
1723,0.39164911210536957,0.011380218080396286,0.8238995969295502,0.000106589379884051
1724,0.3914775848388672,0.011308547364503511,0.8239661455154419,7.97418373826115e-05
1725,0.39126554131507874,0.011298558561406429,0.8241636753082275,0.00013259398541527262
1726,0.3908722996711731,0.011209417976805887,0.8244163393974304,0.00021166147322170982
1727,0.39082062244415283,0.011245706413373767,0.8244438469409943,0.00013196178268760922
1728,0.39070838689804077,0.01121232610935314,0.8245271146297455,0.00013162460789952206
1729,0.3909195363521576,0.011335521347550483,0.8243870735168457,7.881460671537184e-05
1730,0.39071300625801086,0.01138154570612438,0.8244700729846954,7.860387247281737e-05
1731,0.3905804753303528,0.011400596081651303,0.8245711326599121,0.00010460847800403899
1732,0.39031359553337097,0.011354656016774428,0.8247270584106445,0.0002608046985854123
1733,0.39010633528232574,0.01138746733834016,0.8249006271362305,0.00023416789032652723
1734,0.3899519294500351,0.011179683375181451,0.8249082267284393,0.0003374698160267285
1735,0.3900643140077591,0.011528827868245698,0.8249706923961639,0.0003107487140708217
1736,0.38999444246292114,0.011449444279075429,0.8250511586666107,0.0003100743644946474
1737,0.38981278240680695,0.011359355390383394,0.8251129984855652,0.00028356399678129506
1738,0.38975684344768524,0.011174499312814612,0.8250654637813568,0.0004114796820118584
1739,0.38951054215431213,0.011005722257952736,0.8251632750034332,0.0005387631645147584
1740,0.38932834565639496,0.01101413055423066,0.8253330290317535,0.0005119577688618298
1741,0.38925355672836304,0.011076866138239126,0.8252672553062439,0.0005618174906502174
1742,0.38906116783618927,0.010981508893483228,0.825435996055603,0.0005350963886943107
1743,0.3890100121498108,0.010978411100117677,0.825496107339859,0.0004575883342827765
1744,0.38883714377880096,0.010780974188268394,0.8255021274089813,0.0005579821274357261
1745,0.38863517343997955,0.010587646594148924,0.8256513178348541,0.0005567177219803993
1746,0.38855959475040436,0.010680622541963955,0.8257283568382263,0.0005049192451605105
1747,0.3882082849740982,0.010874034429780449,0.8258407115936279,0.00030227719752013197
1748,0.3880954384803772,0.010751618908280556,0.825916975736618,0.0002513216576704611
1749,0.3878081440925598,0.010662436176831505,0.8260638415813446,0.0003510411012472364
1750,0.3877936005592346,0.010823985047173761,0.8261215686798096,0.00032520508311005835
1751,0.3878234177827835,0.010658537593344248,0.8261614143848419,0.00032448858668537314
1752,0.3878765404224396,0.010222928840559902,0.8262010514736176,0.000523000243171684
1753,0.38756951689720154,0.009999508396603653,0.8263635039329529,0.0005963779064291505
1754,0.387568399310112,0.010152143208485856,0.8264025151729584,0.0004958576727306683
1755,0.387581467628479,0.009938816934747964,0.8264588713645935,0.0006679432552006486
1756,0.38741259276866913,0.009987981233535923,0.8265498578548431,0.0005923739558206156
1757,0.38715939223766327,0.01009760518651276,0.8266752660274506,0.0005171839780771807
1758,0.3871159106492996,0.010186956505355853,0.8267132341861725,0.0004668606409551732
1759,0.3868554085493088,0.0103852152807511,0.8268897235393524,0.00031875661528789155
1760,0.3867189586162567,0.01048402856708489,0.8270308375358582,0.0002201751366209104
1761,0.3863905668258667,0.01043737200578333,0.8271886110305786,0.00024411454657509822
1762,0.38610346615314484,0.010416024627012563,0.8272940218448639,0.0001948448806658631
1763,0.3860328197479248,0.010529209988688568,0.827364593744278,4.859531633306082e-05
1764,0.38581693172454834,0.010311352928735758,0.8274348378181458,0.00019395979684713434
1765,0.38561850786209106,0.010315314732495782,0.8275047838687897,9.68113110295236e-05
1766,0.3856796324253082,0.010546827371366122,0.8274890780448914,2.4107997348231388e-05
1767,0.3857787847518921,0.010817030817169464,0.8274223208427429,0.0002168033887400389
1768,0.38565540313720703,0.01109503142994732,0.8274408280849457,0.00033654258535948886
1769,0.3855569213628769,0.010988041655002417,0.8274932205677032,0.00035980764573750233
1770,0.3853224664926529,0.011362727138264264,0.8276468813419342,0.0005744193983549747
1771,0.3851657956838608,0.01132201328260274,0.8277492523193359,0.0005731971397481588
1772,0.3851048946380615,0.0111854785668517,0.8278174698352814,0.0005242646486270109
1773,0.38500362634658813,0.011246085735010366,0.827902227640152,0.0005469396531258718
1774,0.38482700288295746,0.011376003395545196,0.8280369341373444,0.0006406742442141002
1775,0.3847281336784363,0.011242376812341406,0.8281542956829071,0.0005208929007461394
1776,0.384568452835083,0.011070712698356536,0.828237771987915,0.00044894823033804325
1777,0.3843108117580414,0.011083019578121717,0.8284042179584503,0.0004950990294574722
1778,0.3841695189476013,0.01115580718550003,0.8284369111061096,0.0006352373007561949
1779,0.3841448575258255,0.011512769918963047,0.8284860551357269,0.0007982191639478221
1780,0.383983850479126,0.011430351756699994,0.8285846710205078,0.0008902257342471038
1781,0.38387469947338104,0.01156949957705871,0.8286663591861725,0.0009116784801391488
1782,0.3835984021425247,0.011611140663387474,0.8287806808948517,0.0009797877873327537
1783,0.38348591327667236,0.011395791340921061,0.8288616240024567,0.0008147407285640925
1784,0.38325004279613495,0.0115005894797434,0.8290243148803711,0.000859458534834151
1785,0.38312193751335144,0.011593502207285665,0.8291207551956177,0.0009504114339206604
1786,0.38305334746837616,0.011638493968071045,0.8292004764080048,0.00101780424468958
1787,0.38297295570373535,0.011705865705415708,0.8292961716651917,0.0010618477013834642
1788,0.3828952759504318,0.011589097861616276,0.8292937278747559,0.0010135474129899797
1789,0.38258999586105347,0.011846678326290605,0.8294700980186462,0.001126416673302154
1790,0.3823124170303345,0.011932278575616231,0.829629510641098,0.0011699543678139073
1791,0.38218119740486145,0.01197417254303606,0.8297235369682312,0.0012590949524144484
1792,0.3822038173675537,0.011521557536877568,0.829752504825592,0.0011651074802351547
1793,0.3821980059146881,0.011553589141745849,0.8297813832759857,0.0011627051098700336
1794,0.3821260333061218,0.011520883187301394,0.8298584222793579,0.0011830620377007955
1795,0.3819727450609207,0.011518206862420952,0.8299993574619293,0.0011579003691397918
1796,0.381849005818367,0.011413598384416914,0.8300115466117859,0.0010875572789751096
1797,0.38160932064056396,0.01148817723285694,0.8301675617694855,0.0011305892113047324
1798,0.3815843313932419,0.011507037947565565,0.830195277929306,0.0010831318598814657
1799,0.3813495337963104,0.011589413962980109,0.8303343951702118,0.0010584338066540818
1800,0.38813507556915283,0.00032457288038239494,0.8279803693294525,0.0007617199931373879
1801,0.3881900906562805,0.0008931760136428663,0.827921062707901,0.0009567756080458054
1802,0.38795632123947144,0.0008690258694461241,0.8280207812786102,0.000982400891940429
1803,0.3879602253437042,0.0005424299403352062,0.828060656785965,0.0008119590365623735
1804,0.3875841945409775,0.0005560222989799696,0.8282583057880402,0.0008657384152622743
1805,0.38750025629997253,0.0006840012044832993,0.828297346830368,0.0010307011803339136
1806,0.387443870306015,0.0006502415788260731,0.8283558487892151,0.001000313302557559
1807,0.38707444071769714,0.000838385110578704,0.828590452671051,0.0010532497442872419
1808,0.38716359436511993,0.0009712951973578084,0.8285110890865326,0.0011611878233236414
1809,0.38680505752563477,0.0009409283930057093,0.8287441432476044,0.0011031094660756296
1810,0.38676175475120544,0.0007586011263475817,0.8288204073905945,0.000990366646308988
1811,0.3867620825767517,0.0006464905093086035,0.8287410736083984,0.0009329626386371503
1812,0.3866290748119354,0.0006464905093086035,0.8287782669067383,0.0008211891963862593
1813,0.38654452562332153,0.0008951569155228784,0.8288924992084503,0.0009829909478195815
1814,0.38632020354270935,0.0006875415397582143,0.8290254175662994,0.0009533195664679121
1815,0.38616223633289337,0.0009492945424351217,0.8291192650794983,0.0009781440602408286
1816,0.3859313130378723,0.0009736343474501631,0.829193502664566,0.0008673399955056883
1817,0.3858494758605957,0.0012307722702151276,0.8292100131511688,0.0010004397431030915
1818,0.3857412189245224,0.0013320300737625504,0.8292645812034607,0.0010788750281818655
1819,0.3857714682817459,0.0013065312304134595,0.8292998671531677,0.00107626192357419
1820,0.3854510486125946,0.00138174228158115,0.8294867873191833,0.0010736488189665146
1821,0.3853613883256912,0.0013002513499853364,0.8294835090637207,0.0010710357143588391
1822,0.38546930253505707,0.0016521775350513016,0.8294046521186829,0.0011218648136629773
1823,0.38520118594169617,0.001703449176264804,0.8295522928237915,0.0011191674153582802
1824,0.38507942855358124,0.0017639088304536815,0.8297180533409119,0.0012494011772569427
1825,0.3849933296442032,0.0018169295658803863,0.8297704756259918,0.0011668355010241013
1826,0.3849535137414932,0.0015864705982228176,0.8298600912094116,0.0010846912932763687
1827,0.3846437335014343,0.0016142242979672414,0.8300052285194397,0.001029310334333054
1828,0.3844229429960251,0.001957531452512729,0.8301124572753906,0.0012375157659768705
1829,0.38407228887081146,0.0020309512626187063,0.830274909734726,0.001260822973203395
1830,0.38378459215164185,0.0019429697163522149,0.8304180204868317,0.001153011334712528
1831,0.38369210064411163,0.0016796572802804043,0.8303756415843964,0.0009934433662502832
1832,0.3835062235593796,0.0015905588425283745,0.8304809629917145,0.0009389053442771864
1833,0.38346751034259796,0.001177098258636504,0.8305674195289612,0.00080660638680149
1834,0.38352279365062714,0.001316267152419476,0.8305800259113312,0.0008306722373012104
1835,0.38334259390830994,0.001578273036187449,0.8306658267974854,0.0008028131704355095
1836,0.3831099718809128,0.00161816502830301,0.8308060467243195,0.0007492445259781632
1837,0.38288697600364685,0.0018273187640383216,0.830945611000061,0.0008506076966468633
1838,0.38278089463710785,0.0016795308397348717,0.8310117721557617,0.0008486689416153622
1839,0.3825836330652237,0.001774951304763536,0.8311139345169067,0.0007953953250975921
1840,0.3825327455997467,0.0017877007264380813,0.8311613202095032,0.0008703324217499618
1841,0.3825772553682327,0.0015498871337153617,0.8311181664466858,0.0008172273926262352
1842,0.3823336958885193,0.0016487004200491527,0.8312554061412811,0.000815330784443245
1843,0.3822534382343292,0.0018247056594306462,0.8313021063804626,0.0008388908727608349
1844,0.38227345049381256,0.0021569703396662793,0.8312948346138,0.0009891022408536612
1845,0.3822668641805649,0.0018318916971017537,0.8312875628471375,0.0006832004143615923
1846,0.3820536136627197,0.0017974366484440978,0.8314053118228912,0.0006059452410411235
1847,0.382052481174469,0.0017827695451623066,0.8313978314399719,0.0007052853629813008
1848,0.3819464147090912,0.001846242699019713,0.8314614593982697,0.0007539649730113834
1849,0.38177917897701263,0.0019018133187813269,0.8315070867538452,0.0006770469744790018
1850,0.3815731555223465,0.0020551014068154482,0.831658661365509,0.0007505510782820009
1851,0.38160131871700287,0.0017687557180324344,0.8316330313682556,0.0005741243704153985
1852,0.38140371441841125,0.0018493615658095191,0.8317659795284271,0.0005728178181115608
1853,0.3813113868236542,0.0020151672678513765,0.8318105041980743,0.0006958023220663495
1854,0.38098135590553284,0.002176842578739166,0.8320126235485077,0.0007934144232175801
1855,0.3809644430875778,0.0020683355172478692,0.8320564031600952,0.0007669040555042278
1856,0.38087376952171326,0.0018017777738407199,0.8321872353553772,0.0006170298621994886
1857,0.380737841129303,0.002123358227978841,0.8323349058628082,0.0006895645884867372
1858,0.3806930482387543,0.0017083803575405788,0.8324645459651947,0.0005897608512129402
1859,0.38059002161026,0.0016428841549546494,0.8325242698192596,0.0005394375140909327
1860,0.38018958270549774,0.001607881197266352,0.8327221274375916,0.0005382152554841168
1861,0.37994547188282013,0.0014665628142093241,0.8328327834606171,0.0004638260678623888
1862,0.379716232419014,0.0014737277784561762,0.8329946398735046,0.0004627723966496165
1863,0.37968701124191284,0.0012597693019906226,0.8330698311328888,0.0003402515080284475
1864,0.379254087805748,0.001367264839117658,0.8333333432674408,0.0003879617405427796
1865,0.37907423079013824,0.0014132049039945324,0.833458811044693,0.00038711880357256167
1866,0.37885911762714386,0.0015528374131111244,0.833600789308548,0.0005069844407375443
1867,0.3786645084619522,0.0018490033175971765,0.8336740136146545,0.0006745181635683481
1868,0.3783701956272125,0.0018889374565612487,0.8338489234447479,0.0006490193202192572
1869,0.3782144635915756,0.0019839153796805484,0.8339551985263824,0.0006716100310210964
1870,0.37823113799095154,0.0017979424106262284,0.8339594900608063,0.000550479988400787
1871,0.3780277818441391,0.001864808385788762,0.8340820074081421,0.0005492577297939711
1872,0.3776935487985611,0.001702838046961396,0.8342713713645935,0.0005004516792183558
1873,0.37732408940792084,0.001690994782529835,0.8344262838363647,0.0005468975062773609
1874,0.3773776888847351,0.0017857198245580692,0.8344798684120178,0.0005931747459423226
1875,0.3769818991422653,0.00179117784144023,0.8346839249134064,0.0005682659584723842
1876,0.3768085241317749,0.0018358745742860332,0.834736704826355,0.0005670436998655683
1877,0.37670114636421204,0.0017772904548558905,0.834805965423584,0.0005422613529411626
1878,0.3767448216676712,0.001957868627300816,0.8348250091075897,0.0005881592709695262
1879,0.3765506446361542,0.0017798192657665442,0.8348771631717682,0.00044604009779079156
1880,0.376303493976593,0.001981112614254574,0.8349953591823578,0.0005388474582117802
1881,0.3762478828430176,0.0021881800809885965,0.8350469172000885,0.0006779320582977305
1882,0.3761570006608963,0.0021007885906012577,0.8351313173770905,0.0006764990654483601
1883,0.37598754465579987,0.0020392541917753524,0.835215300321579,0.0005819215373899139
1884,0.3758453130722046,0.0021721642785544567,0.8352825343608856,0.0006504523130686276
1885,0.37556999921798706,0.0021448952675679083,0.8353986144065857,0.0006490614670677681
1886,0.3754128962755203,0.0022757401587699786,0.8354815542697906,0.0006476706210669086
1887,0.3751644641160965,0.002212772767094703,0.8355967700481415,0.000554020323675702
1888,0.37504003942012787,0.0020577988051201455,0.835678905248642,0.000552840211917397
1889,0.37479373812675476,0.0021061201669378858,0.8358094990253448,0.0005746722794460401
1890,0.3747912496328354,0.0020073490274526056,0.8358259797096252,0.0005275942496593715
1891,0.37473246455192566,0.0019100530276652066,0.8358585834503174,0.0005036548397051837
1892,0.37455907464027405,0.0018838376878914306,0.8359071910381317,0.0005482883522782204
1893,0.37447717785835266,0.002023596637553555,0.8359556198120117,0.000638356167546001
1894,0.37446531653404236,0.0017040392321439567,0.8360199332237244,0.0005232952711112603
1895,0.3744303435087204,0.0015729414598508206,0.8360679447650909,0.0005675916088962099
1896,0.3741898089647293,0.0014701031494842392,0.8362118601799011,0.0004758379196879936
1897,0.37386365234851837,0.0016042987151429259,0.8363871872425079,0.0005653156790766217
1898,0.3736232668161392,0.0014178410573307306,0.8364979326725006,0.0005641355673183166
1899,0.37343892455101013,0.001531616474885889,0.8365764319896698,0.0006980782518859379
1900,0.4013115018606186,0.039973356606611485,0.8216166794300079,0.027760653974428017
1901,0.4011203497648239,0.040000920645537605,0.8217128217220306,0.027746239752237292
1902,0.40093882381916046,0.04006607967333545,0.8218283653259277,0.02770379787578682
1903,0.400563508272171,0.0399987500828393,0.8220818936824799,0.027633623373016183
1904,0.4003966152667999,0.03985384921765884,0.8221169114112854,0.027591687258747843
1905,0.4002339392900467,0.03984278566992473,0.8222305178642273,0.02760568001245346
1906,0.3999514579772949,0.03961698392902762,0.8224025666713715,0.027536264152956017
1907,0.40000735223293304,0.039709011572751154,0.8223776817321777,0.027467185468246662
1908,0.3998660743236542,0.03973368855255428,0.8225289285182953,0.027426092290948542
1909,0.3996471017599106,0.039508645454930366,0.8226014077663422,0.027219741320639205
1910,0.3996353894472122,0.03973931515683049,0.822576254606247,0.027372060031157573
1911,0.3994552344083786,0.040020603223792195,0.8227840662002563,0.027304077164509503
1912,0.3991997092962265,0.04007611062328104,0.822952151298523,0.027291180228865168
1913,0.3991367071866989,0.039998813303112064,0.8229263126850128,0.027278325440069345
1914,0.3992094546556473,0.04009874348093139,0.8227657675743103,0.02745622728763383
1915,0.3991449773311615,0.03991529932278773,0.8227405250072479,0.027280011314009783
1916,0.3988059014081955,0.03990111690826381,0.8229837417602539,0.02732152595979301
1917,0.39846426248550415,0.03980913141138878,0.8232257664203644,0.027254638911206223
1918,0.39822758734226227,0.039835241384041285,0.8233902752399445,0.02713418321816209
1919,0.3979435861110687,0.0398799802637356,0.8235350251197815,0.02714880817459537
1920,0.3975602090358734,0.04001143628424107,0.8237359523773193,0.02713650129483019
1921,0.3973354548215866,0.04027483301400991,0.8238791525363922,0.027204652748872304
1922,0.39690451323986053,0.040433178723865336,0.824116051197052,0.027138861518346796
1923,0.39675818383693695,0.04047233314613196,0.8241257071495056,0.02712672322597566
1924,0.3963034749031067,0.040341909723415,0.8243421018123627,0.02708807456589117
1925,0.3961407244205475,0.03982847681485528,0.8244636952877045,0.02681083259638651
1926,0.39630837738513947,0.039512354377599326,0.8244163393974304,0.026667322577206914
1927,0.39613401889801025,0.03926358260426377,0.8245371878147125,0.026445250832403015
1928,0.39585597813129425,0.03923245715663848,0.8247505128383636,0.026303215952921302
1929,0.3954961597919464,0.03912614173126974,0.8249256908893585,0.02621445468995736
1930,0.395226389169693,0.03905938112322849,0.8250259459018707,0.026178461281329054
1931,0.39521966874599457,0.038825613627962816,0.8250517547130585,0.026142636460094796
1932,0.39501842856407166,0.03869603314221607,0.8250958919525146,0.025924442225353898
1933,0.3946567624807358,0.03878363536684597,0.8252686262130737,0.025889460341089854
1934,0.39458124339580536,0.03849033544805865,0.8253670930862427,0.025854562750522836
1935,0.3944709450006485,0.03829814581884898,0.8254285156726837,0.02571627894055859
1936,0.39431077241897583,0.03795357425884816,0.8255444169044495,0.02560446335145919
1937,0.39412930607795715,0.03790173363517976,0.8256962597370148,0.025596244715999566
1938,0.39399072527885437,0.037764587790125315,0.8258110284805298,0.02543385290868709
1939,0.3936469852924347,0.037618169638398466,0.8259977996349335,0.02527213545095079
1940,0.3935667723417282,0.037508735346239934,0.8260208368301392,0.025290385036356007
1941,0.39336860179901123,0.03728546241625347,0.82613405585289,0.025078681416285786
1942,0.3930933475494385,0.037300761722262925,0.8262467682361603,0.02512276701982818
1943,0.39296820759773254,0.03731589244087834,0.8263050019741058,0.025090398240171816
1944,0.392764687538147,0.037314880916514075,0.8264167904853821,0.024982038692650307
1945,0.39257951080799103,0.03719549996810697,0.8264922797679901,0.02487426920100795
1946,0.39229388535022736,0.03719878742229082,0.8266209661960602,0.02484265906462478
1947,0.3919685631990433,0.0371445444282573,0.8267847001552582,0.024811217515635652
1948,0.3918493092060089,0.03686433110593262,0.826912134885788,0.024729621216918563
1949,0.39166927337646484,0.03689273808182896,0.8270567357540131,0.024773791114157978
1950,0.32451848685741425,0.052461636407783424,0.828125,0.0
1951,0.3553275465965271,0.0005580664211327479,0.8515625,0.0
1952,0.3627692759037018,0.04169351700831086,0.8463541567325592,0.02577992068181004
1953,0.355223149061203,0.023090445984632873,0.8515625,0.02209708691207961
1954,0.35601766407489777,0.03542899910646986,0.8546874821186066,0.019887369791501946
1955,0.34396135807037354,0.03186162662823503,0.8541666865348816,0.02209708691207961
1956,0.33657896518707275,0.03788049162353027,0.8549107313156128,0.02525380157184855
1957,0.3293251395225525,0.02753959375398838,0.8564453125,0.023478154844084585
1958,0.33510880172252655,0.035932148183992915,0.8576388955116272,0.024552309425233232
1959,0.33731959760189056,0.035478816681409744,0.856249988079071,0.02209708691207961
1960,0.3383340388536453,0.02739985587775051,0.8565340936183929,0.02008824167150487
1961,0.33960600197315216,0.02112052335865794,0.8580729365348816,0.016572815184059706
1962,0.33446505665779114,0.021475378749695413,0.8587740361690521,0.014448066110080007
1963,0.33288510143756866,0.017907921977763554,0.8588169813156128,0.013416100524290766
1964,0.3336409479379654,0.01581710111683512,0.8567708432674408,0.009575384660038527
1965,0.33458058536052704,0.010252115533153696,0.8583984375,0.008286407592029853
1966,0.3372017443180084,0.004972527334163789,0.8570772111415863,0.004549372975114412
1967,0.3367408812046051,0.005730664845177751,0.8567708432674408,0.007365709686309374
1968,0.33422495424747467,0.005848949975523575,0.8577302694320679,0.005815000689048049
1969,0.33271025121212006,0.0026229037499542127,0.8589843809604645,0.0038670154977230383
1970,0.33430688083171844,0.0018726476996117883,0.857514888048172,0.0015783573298844705
1971,0.33323903381824493,0.0037908772158881084,0.8575994074344635,0.0015066233937189289
1972,0.33200739324092865,0.0032297340748140653,0.85767662525177,0.0014410850442844888
1973,0.3309891074895859,0.0012157469187209938,0.8583984375,0.0004603278794359846
1974,0.332042396068573,0.0015334709362203685,0.8565624952316284,0.0004419518534852348
1975,0.33090031147003174,0.00022051231140899757,0.8569711446762085,0.0016997824004443562
1976,0.3326086103916168,0.002199939051723136,0.8573495447635651,0.0012276112565768106
1977,0.3364514410495758,0.0018106286120280076,0.8557477593421936,0.00039457879575898993
1978,0.3358769118785858,0.003720723786541725,0.8550646603107452,0.0022859186226853595
1979,0.3333330452442169,0.004808196771819813,0.8567708432674408,0.0022097171205776632
1980,0.3328341096639633,0.004107062873416835,0.8571068346500397,0.0017820109018891106
1981,0.3329658657312393,0.010507188260341627,0.857421875,0.004833737762017415
1982,0.3317445367574692,0.014549071032536364,0.858428031206131,0.006696080557168289
1983,0.3304341286420822,0.013114687337165108,0.8596047759056091,0.006174176132057889
1984,0.3312797248363495,0.011042305722460193,0.8595982193946838,0.004735114136501923
1985,0.33282576501369476,0.008829575102214,0.8591579794883728,0.003375962565722612
1986,0.33329881727695465,0.010361570898736489,0.859375,0.0035833250603962107
1987,0.33311209082603455,0.010784493450119054,0.8591693937778473,0.004942771659115098
1988,0.33319659531116486,0.00822801313341801,0.8589743673801422,0.0033995226540402016
1989,0.3326667249202728,0.008732995598851287,0.860156238079071,0.0038669733508745275
1990,0.3326856195926666,0.006868039699092737,0.8603277504444122,0.003503203901377001
1991,0.33390215039253235,0.004362704583059663,0.859375,0.0036828759165789425
1992,0.33193984627723694,0.004290464884711991,0.8601017594337463,0.003083294849662964
1993,0.3305909335613251,0.002606698286701774,0.8604403436183929,0.0025110670874305555
1994,0.33053290843963623,0.0005574342184050845,0.8598958253860474,0.0007365583245763841
1995,0.3292102515697479,0.0022719680158282537,0.860733687877655,0.0004803897793271702
1996,0.3297393023967743,0.0016417883368933662,0.860206127166748,0.000705201069284279
1997,0.33129025995731354,0.00299708347103393,0.8597005307674408,0.0018414379582894712
1998,0.33215437829494476,0.0043073025506920925,0.8587372303009033,0.003156714659768941
1999,0.3329276442527771,0.0011635058999917406,0.858593761920929,0.0019887411938350457
2000,0.39757031202316284,0.02954738532335035,0.8280003070831299,0.022400375633964003
2001,0.39733198285102844,0.029643943753288805,0.8281399309635162,0.022427728938647574
2002,0.39699311554431915,0.029606116956750278,0.8283185064792633,0.02245495580278561
2003,0.3966151922941208,0.029510654344873103,0.8284764289855957,0.02228607338080246
2004,0.3965741991996765,0.02935696586177813,0.8284952640533447,0.022201779683780672
2005,0.3965315818786621,0.028984851336275444,0.828592836856842,0.02200655548147821
2006,0.396154522895813,0.02890253854113367,0.8287684917449951,0.021978991442552085
2007,0.3959515392780304,0.028704321912586934,0.8288844227790833,0.021757551900475847
2008,0.3957589268684387,0.028753465137950636,0.8289998471736908,0.021758436984294575
2009,0.39548957347869873,0.02880349344713307,0.8290561735630035,0.02178684396019092
2010,0.3952983021736145,0.028651596205099807,0.8291122019290924,0.021595075799466353
2011,0.3952842056751251,0.028818539872051456,0.8291873633861542,0.021541380714463473
2012,0.3951142728328705,0.02899302782488656,0.8293202221393585,0.021624915768212065
2013,0.3949676901102066,0.029133229316458047,0.829394519329071,0.021680676048791977
2014,0.3949415534734726,0.02898769624854993,0.8294683992862701,0.0215182842414795
2015,0.3947608023881912,0.02916585097720548,0.8295996189117432,0.021492532517039347
2016,0.3946685791015625,0.028791608035852997,0.8296343088150024,0.02116876042677866
2017,0.3945123702287674,0.028788510242487447,0.8296879827976227,0.021144020226702764
2018,0.39448459446430206,0.028571749000595916,0.8296841681003571,0.02098445225824052
2019,0.3941589742898941,0.028571074651019743,0.829908698797226,0.020933370277845316
2020,0.39417995512485504,0.02865199660016066,0.8298473954200745,0.020909388721042615
2021,0.3942887932062149,0.028811564568622904,0.8297864198684692,0.02088544931108843
2022,0.39405886828899384,0.028663882011440732,0.8298768401145935,0.02080823628461647
2023,0.3937794119119644,0.028477382206780026,0.8300422132015228,0.02073140257978111
2024,0.3935724347829819,0.02838803088793693,0.830187976360321,0.020681542857992723
2025,0.393637016415596,0.028639647573546968,0.8301267623901367,0.020764487855862164
2026,0.39334726333618164,0.028433359823510397,0.8302154839038849,0.020688328500602978
2027,0.39315372705459595,0.02827362326765411,0.8303225040435791,0.02058612239296406
2028,0.39288702607154846,0.028269787904439618,0.8304103314876556,0.020510721680978068
2029,0.39281700551509857,0.02836442865277083,0.8304977715015411,0.020540730237117825
2030,0.3925742655992508,0.02829134601745294,0.8305291831493378,0.02038723141484115
2031,0.39223404228687286,0.028036989786689694,0.8307638168334961,0.020260580135065914
2032,0.39196857810020447,0.027960050714733058,0.8309235572814941,0.02023883236123429
2033,0.3918590694665909,0.02770504120781789,0.8310273587703705,0.02003505234868412
2034,0.3917098492383957,0.027852175855969424,0.8311306834220886,0.020039899236262874
2035,0.3917365074157715,0.028204038820762622,0.8311969041824341,0.020044703976993115
2036,0.3914857357740402,0.028133463922931132,0.8313358426094055,0.019946164645174645
2037,0.39133258163928986,0.028148721082092074,0.8314012587070465,0.01995118012014744
2038,0.3910770118236542,0.028073720765166937,0.831539124250412,0.019904734293088436
2039,0.3909604996442795,0.027909748451035304,0.8316400647163391,0.019909834061758253
2040,0.3909275084733963,0.027702849571695325,0.8316862285137177,0.019786891704651977
2041,0.39084455370903015,0.027830196274470993,0.8316599130630493,0.019868867325005663
2042,0.39062216877937317,0.027622370164463773,0.8318499624729156,0.01974659931747556
2043,0.3906208872795105,0.027242964234168707,0.8318593800067902,0.019472391921063686
2044,0.39036281406879425,0.027287028764286847,0.8319404721260071,0.019453046517597185
2045,0.39015188813209534,0.027305004395176743,0.832039088010788,0.019459073516934242
2046,0.3898477852344513,0.027078591524976218,0.8321729600429535,0.019263174965055606
2047,0.3897002637386322,0.02688732912643378,0.8322171568870544,0.019143688649527223
2048,0.3899674713611603,0.026827101279911714,0.8321189880371094,0.018924187862482487
2049,0.38973748683929443,0.026729067710275375,0.8321631252765656,0.01880605024610645
2050,0.3896464407444,0.026559468791867536,0.8321539759635925,0.01866338316389707
2051,0.3894929736852646,0.026335732246547457,0.8321978151798248,0.018396551465974603
2052,0.38918085396289825,0.02634146421794494,0.8323471546173096,0.018479622904389575
2053,0.389028936624527,0.02618663776994017,0.8324606418609619,0.01836346618989355
2054,0.3887719064950943,0.026114756319804838,0.83259117603302,0.01837189555959573
2055,0.388632595539093,0.026308147134197078,0.8327036201953888,0.018404980835676783
2056,0.3884183466434479,0.025984122162845322,0.8328330218791962,0.018215741485862868
2057,0.3883078098297119,0.025850137331429192,0.8329444229602814,0.01810127064530728
2058,0.388112872838974,0.02561660164383033,0.833037942647934,0.01801183503276716
2059,0.3880346566438675,0.025311605974581243,0.8330443799495697,0.017800257853242473
2060,0.38782215118408203,0.025220547708373457,0.8331545889377594,0.017785337868869617
2061,0.38770149648189545,0.025169613241948042,0.8331779837608337,0.017746014859208955
2062,0.3874789923429489,0.024858738087331685,0.8332529664039612,0.01758509819159436
2063,0.3873010277748108,0.02478184116222356,0.8333447873592377,0.01754644953150987
2064,0.3869769126176834,0.024949227371084577,0.8335390985012054,0.01765341823303052
2065,0.3867020159959793,0.024736638667195627,0.8336469829082489,0.017493765970871253
2066,0.3863731026649475,0.024676642628340368,0.8337886035442352,0.017479688923468614
2067,0.38616055250167847,0.024624085508247285,0.83394655585289,0.017441588172414767
2068,0.38590411841869354,0.024646402264533802,0.8339678943157196,0.017403656008754962
2069,0.38572464883327484,0.024531509955493105,0.8340569734573364,0.017413813399246088
2070,0.3853886276483536,0.024552161911263443,0.834213376045227,0.017423928642888702
2071,0.38511382043361664,0.024721002186398083,0.8342677652835846,0.017481796265894158
2072,0.38481931388378143,0.024701361754992008,0.8343556225299835,0.01744411698332542
2073,0.38482871651649475,0.024679340026645066,0.8344094753265381,0.017406564141302212
2074,0.3849261850118637,0.024959595495818256,0.834429532289505,0.01736917988667305
2075,0.3845524489879608,0.02475823892705746,0.8345834314823151,0.01723726025083395
2076,0.3842625916004181,0.024703363730296274,0.8347868323326111,0.017271272757582244
2077,0.38422586023807526,0.024770651173943916,0.8348392844200134,0.017234436411983724
2078,0.38400721549987793,0.024708210617875027,0.8349414169788361,0.017174208565461653
2079,0.3838307410478592,0.024539096388225067,0.8350431621074677,0.017114275746879164
2080,0.3836667537689209,0.024087176805067004,0.8352272510528564,0.016937385423678942
2081,0.38354070484638214,0.024176127728849247,0.8352618217468262,0.016924909956519716
2082,0.3832693248987198,0.023973949296542486,0.8354611992835999,0.016819205660454393
2083,0.3831999748945236,0.023693419872853977,0.8355445265769958,0.01669065777249617
2084,0.3830742835998535,0.023397401482337713,0.8356767296791077,0.016585880707098086
2085,0.383120521903038,0.023159250714826905,0.8356445133686066,0.016527928790395604
2086,0.3829309642314911,0.02305685494636969,0.8357105553150177,0.01647018760793568
2087,0.38261380791664124,0.02292240649961994,0.8358905613422394,0.01638960283358285
2088,0.38261519372463226,0.023197520053274797,0.8358418047428131,0.016493621255707736
2089,0.38250383734703064,0.023417884850714006,0.8359070122241974,0.016620230388634465
2090,0.3824925869703293,0.023191703788180293,0.8359232842922211,0.016493958430495826
2091,0.3822813630104065,0.023031988305748263,0.8359557092189789,0.01625372139398373
2092,0.3821192979812622,0.023029417347989096,0.8360849022865295,0.01624297394761345
2093,0.3819640576839447,0.022820116098283997,0.8361490964889526,0.01609545997782532
2094,0.38174277544021606,0.022790739744871905,0.8362773358821869,0.015994096807156622
2095,0.38149677217006683,0.02270452836624287,0.8364050984382629,0.015983939416665496
2096,0.3813498020172119,0.022635681489200324,0.8364361822605133,0.01597378202617437
2097,0.38154080510139465,0.022552188582300244,0.8363072574138641,0.015828038224023698
2098,0.3813208341598511,0.02223848958883366,0.8364022374153137,0.01572802375250735
2099,0.3811340630054474,0.022094515954320444,0.8365286588668823,0.01558337576841796
2100,0.38292622566223145,0.026385486601214567,0.8361793756484985,0.014783091408893103
2101,0.38267217576503754,0.026187501780334643,0.8363578617572784,0.014745454273172875
2102,0.3824924826622009,0.02622435919935742,0.8364361524581909,0.014792195128171457
2103,0.3824668973684311,0.025885519610754085,0.8365141153335571,0.01467072791076306
2104,0.38259266316890717,0.025525543377622542,0.836473137140274,0.014661582044636195
2105,0.38230347633361816,0.025605517022671963,0.8366490602493286,0.014624619258492141
2106,0.3822183758020401,0.025334913181807767,0.8366276323795319,0.014476641673370393
2107,0.3820900022983551,0.024773875407855,0.8366455137729645,0.014274083919427036
2108,0.38196565210819244,0.024802514191418153,0.8367219269275665,0.014265991724512945
2109,0.3818630427122116,0.025088775586504145,0.8367394804954529,0.01434071808692276
2110,0.3815377354621887,0.025048841447540073,0.8368347585201263,0.014249975922078805
2111,0.3812716454267502,0.024911927410152433,0.8369295299053192,0.014214572569329655
2112,0.38094383478164673,0.024866977796215568,0.8370819091796875,0.014151984499290976
2113,0.38077662885189056,0.024796824366869183,0.8371949195861816,0.014089691457191874
2114,0.3805418908596039,0.024731897146738152,0.8372881412506104,0.014054962454018898
2115,0.3801584541797638,0.024504894220658477,0.8374577462673187,0.013966074750509422
2116,0.37984567880630493,0.024511637716420218,0.8376456797122955,0.013958909786262571
2117,0.3793763518333435,0.02442304504085032,0.8378708958625793,0.013843638155585276
2118,0.3790375590324402,0.02441322482514728,0.8380378484725952,0.013863784349173482
2119,0.37890443205833435,0.024096322671193868,0.838127851486206,0.013829982576667746
2120,0.3788285255432129,0.02422651428624402,0.8381035625934601,0.013850086623407443
2121,0.37870316207408905,0.02451338681063342,0.8382497727870941,0.01395039612286337
2122,0.3784011900424957,0.02436125776093335,0.8383952975273132,0.013836557485035445
2123,0.3783474862575531,0.024423972271517557,0.8384835720062256,0.013749903564497047
2124,0.3785744160413742,0.024589419725347072,0.838402271270752,0.013849707301770844
2125,0.37813863158226013,0.024521879400608366,0.8386026322841644,0.013763432702869043
2126,0.37791211903095245,0.02446618234030122,0.8387084603309631,0.013704047793317194
2127,0.37790387868881226,0.024297405285439343,0.8387205302715302,0.01367129969202423
2128,0.3777375668287277,0.023936522895064812,0.8388814330101013,0.013480753789906479
2129,0.37740492820739746,0.024109683222171822,0.8389858901500702,0.013580009618149633
2130,0.37726888060569763,0.024233047047763207,0.8390342593193054,0.013705059317681456
2131,0.37701666355133057,0.024248894262803303,0.8391932845115662,0.013724868336481576
2132,0.37662969529628754,0.024039866967613528,0.8393700122833252,0.013562097207532504
2133,0.37639395892620087,0.023998815937163916,0.8394171297550201,0.013530192043209757
2134,0.3762234151363373,0.023934520919760546,0.8395190834999084,0.0134204837965359
2135,0.37615567445755005,0.023818912114295165,0.8395839333534241,0.013259567128921306
2136,0.3759189695119858,0.02393399408415416,0.8396667838096619,0.013280219084691644
2137,0.3756648153066635,0.023795330952553317,0.8397674262523651,0.01322344727974747
2138,0.3755260407924652,0.024034830419216474,0.8398130536079407,0.013295560537549609
2139,0.375399649143219,0.024049455375649755,0.839876651763916,0.013290334328334258
2140,0.37517228722572327,0.023885883456578976,0.8399580121040344,0.013157150287039834
2141,0.37491118907928467,0.023751055688192624,0.8400570750236511,0.013101179272217366
2142,0.37455086410045624,0.023762667144957377,0.8402457535266876,0.013121957668533238
2143,0.3745975196361542,0.024016201512174658,0.8402178585529327,0.013244267822911852
2144,0.3742775470018387,0.02403101612942624,0.8404232561588287,0.013340699812304777
2145,0.3739938586950302,0.024138490593129017,0.8406097888946533,0.013310143347134379
2146,0.3739716559648514,0.0240583272872613,0.8406883478164673,0.013330205247025564
2147,0.37376847863197327,0.023885546281790886,0.8407844305038452,0.013224248069869177
2148,0.3734648525714874,0.023694958232824626,0.8409510850906372,0.013018234274347926
2149,0.37332428991794586,0.023416093609652293,0.8410106599330902,0.012763035106614463
2150,0.37319694459438324,0.023340566457120772,0.841052234172821,0.012834221133749364
2151,0.37299367785453796,0.02358626151051503,0.841164231300354,0.013004915870218485
2152,0.37301477789878845,0.023444142337336295,0.8411348462104797,0.012925764088715026
2153,0.37285298109054565,0.023012853636524316,0.8411934077739716,0.01272274271943805
2154,0.3727605491876602,0.02278228930174547,0.8412342369556427,0.012644602462298852
2155,0.3725912868976593,0.022575664376920813,0.8414322733879089,0.012591539580023636
2156,0.37237896025180817,0.02259987774139032,0.8415770828723907,0.012612823738521637
2157,0.37231001257896423,0.022711124348034826,0.8415993452072144,0.012609325550095233
2158,0.3722735196352005,0.022625629465830476,0.8415867388248444,0.012507540910941424
2159,0.37219785153865814,0.022313068437273688,0.8415741920471191,0.012357203102303064
2160,0.3721349984407425,0.02221280108466627,0.8415617048740387,0.012354294969755814
2161,0.3719686269760132,0.02248070752722577,0.8416528403759003,0.012351428984057073
2162,0.37172940373420715,0.022311403636757505,0.8417263627052307,0.012226800753010358
2163,0.3715121001005173,0.022218069440730133,0.8418511152267456,0.012175550185221111
2164,0.371274396777153,0.022092303244773622,0.8420096039772034,0.01217310566800748
2165,0.3711894303560257,0.0216848275133703,0.8420476317405701,0.011952846237689548
2166,0.3709944039583206,0.021438605624369656,0.8421025574207306,0.011757748475932618
2167,0.3707103282213211,0.021324893427087266,0.842242419719696,0.011780297039885947
2168,0.3706417977809906,0.021385437374973164,0.8423477113246918,0.011802761310142254
2169,0.37044626474380493,0.02159039749928164,0.8424355387687683,0.011897043810261123
2170,0.3704942613840103,0.02189041984040644,0.842319905757904,0.011990946988743395
2171,0.3703189492225647,0.021892674696801773,0.8424074649810791,0.01194112941380352
2172,0.37009458243846893,0.021964766881179657,0.8424946069717407,0.01198690089128635
2173,0.369952917098999,0.02179961445528972,0.8425645530223846,0.011913523228028883
2174,0.3696919083595276,0.021713382003236432,0.8426174521446228,0.011864169268422627
2175,0.36950182914733887,0.021493923363040207,0.8426700830459595,0.011815110336755946
2176,0.3691975623369217,0.021247258932130197,0.8428060710430145,0.011648082376107273
2177,0.36876820027828217,0.021145811467764477,0.8429747819900513,0.011528933235366976
2178,0.36885716021060944,0.021134937580848667,0.8429597914218903,0.011480843681216045
2179,0.36867178976535797,0.021126845385934574,0.843077689409256,0.01143296486130767
2180,0.36868470907211304,0.020795255055275116,0.8430459797382355,0.011268170683630074
2181,0.3685474097728729,0.02044939801639472,0.84306401014328,0.011080659354605107
2182,0.3682054281234741,0.02029391829223803,0.8432139158248901,0.010940647523851916
2183,0.36788611114025116,0.02015367465381803,0.8433796167373657,0.010964165465320995
2184,0.3677351325750351,0.0203017365326368,0.8435118496417999,0.010941111139185536
2185,0.36768990755081177,0.020354399019851165,0.8435615003108978,0.010895002486914619
2186,0.36758799850940704,0.020135340774715793,0.843610942363739,0.010849020275189233
2187,0.3674754798412323,0.02012238061879869,0.8436276018619537,0.01094178548876171
2188,0.36731070280075073,0.02021181623133881,0.8437092900276184,0.01103412923384908
2189,0.36715418100357056,0.02007049784828178,0.8437256217002869,0.01094224910409533
2190,0.36722831428050995,0.019959714856970897,0.8437256515026093,0.01082773611669123
2191,0.3670932352542877,0.02004453538959907,0.8437904715538025,0.01094267057258044
2192,0.36703917384147644,0.019987805731503407,0.8438226878643036,0.01092003771493009
2193,0.366945743560791,0.02006712610040091,0.8438547849655151,0.010943092041065548
2194,0.3666885942220688,0.019939737250776732,0.8439993560314178,0.010852349876221593
2195,0.3668040484189987,0.020036422121260725,0.8439185917377472,0.010898121353704424
2196,0.3667003959417343,0.020087040486322306,0.8439342379570007,0.010807800657345578
2197,0.36656075716018677,0.02032721430256164,0.8439818322658539,0.010943977124884277
2198,0.3663623332977295,0.020406745405701695,0.8440611362457275,0.010989284987033488
2199,0.36642421782016754,0.020416333813737923,0.844028651714325,0.010876837195206423
2200,0.4064841717481613,0.05865907760021933,0.8104851543903351,0.05557774257901212
2201,0.40603768825531006,0.05870680890615792,0.810709148645401,0.05552059145243135
2202,0.40570439398288727,0.058439155344689485,0.8109320402145386,0.05535145614935713
2203,0.40572305023670197,0.058426300555893665,0.8108964264392853,0.055267204599183856
2204,0.40544143319129944,0.05823805165701975,0.8110781908035278,0.055155473303781476
2205,0.4054162949323654,0.057748157763353375,0.8110620677471161,0.05487709336936702
2206,0.4053291082382202,0.05781477085742485,0.8111442923545837,0.05490579537320294
2207,0.404994398355484,0.05787133192812646,0.8113828897476196,0.054934370936493324
2208,0.4046970009803772,0.05784326212701821,0.811502993106842,0.05496277791238967
2209,0.4043223112821579,0.057783139647617415,0.8117394745349884,0.05482558992048671
2210,0.4041427671909332,0.057413153537964536,0.8119359016418457,0.054524029219391264
2211,0.4038595110177994,0.05712392079005853,0.8120149075984955,0.05427886100160339
2212,0.40351030230522156,0.05708449241327658,0.8121516108512878,0.05422647246890435
2213,0.40313325822353363,0.05658608485621101,0.812384158372879,0.05398324300614798
2214,0.40300196409225464,0.056493846478244916,0.8124807476997375,0.0539318659978132
2215,0.40270960330963135,0.056225539640624565,0.8126921355724335,0.05371771786052935
2216,0.40239110589027405,0.056331075349295844,0.8129216432571411,0.05364012551242079
2217,0.40192607045173645,0.05621681524298281,0.8132073879241943,0.05353593850290186
2218,0.40177084505558014,0.05609903587481911,0.8134154677391052,0.0533782249957741
2219,0.4015234708786011,0.0558585248837917,0.8135844469070435,0.05322135442561655
2220,0.40128250420093536,0.05539294972171611,0.8137716352939606,0.05287730970122212
2221,0.40117718279361725,0.05537271923443088,0.813806414604187,0.052856278423815184
2222,0.40099410712718964,0.055372044884854706,0.8139165937900543,0.05272853132597866
2223,0.4007832556962967,0.054943495729195935,0.8140450716018677,0.05246810594902985
2224,0.4005504548549652,0.054639090115826,0.8142293095588684,0.05223553963894673
2225,0.400313600897789,0.05467316584284706,0.8143564462661743,0.05213666313234018
2226,0.40008223056793213,0.054838276121888484,0.8144455254077911,0.05209118668279692
2227,0.3996922969818115,0.05471887410005712,0.8147021532058716,0.052072347041512555
2228,0.3993671387434006,0.05466857183635937,0.8149016797542572,0.052027207766757386
2229,0.3992823511362076,0.054639532657735364,0.8150259852409363,0.05198232137309328
2230,0.3988182097673416,0.05463093470063914,0.8152794241905212,0.05196386105344551
2231,0.39870184659957886,0.05482761296921523,0.8153468072414398,0.05205005135865029
2232,0.3985380232334137,0.05481576970478367,0.8154875934123993,0.051979328946849014
2233,0.39820732176303864,0.055007306057841425,0.8156645596027374,0.05206505563672017
2234,0.39791232347488403,0.054679045328214326,0.8158957362174988,0.051864900253141936
2235,0.3975977599620819,0.05459003118415932,0.8160342872142792,0.05184690354882778
2236,0.3974580764770508,0.054454360478802755,0.8160260319709778,0.051777319101936295
2237,0.39739076793193817,0.05446120934168577,0.8159995675086975,0.05178541129685039
2238,0.3970666229724884,0.05415309480564688,0.816173255443573,0.05161345215492594
2239,0.39686621725559235,0.05408652385842393,0.8163098692893982,0.051596256240733496
2240,0.39656639099121094,0.05366827960722607,0.8165906369686127,0.051374268789626615
2241,0.3961792141199112,0.053468187443920595,0.8167798519134521,0.05117891814677862
2242,0.3957360237836838,0.05347016834580061,0.8170221745967865,0.05111186251079779
2243,0.39555229246616364,0.05361974751116577,0.8171555995941162,0.05114680224821332
2244,0.39513611793518066,0.053284827579473955,0.8174677193164825,0.050978678469503366
2245,0.39484502375125885,0.05307310288597948,0.8176352679729462,0.05081127118721809
2246,0.3945388048887253,0.05316704821131026,0.8178199231624603,0.05082138643086071
2247,0.39439015090465546,0.05309400772284088,0.8179502785205841,0.05070556689115277
2248,0.39406801760196686,0.05277980296719217,0.8180800378322601,0.050489690733079975
2249,0.393730565905571,0.05289288296174689,0.8182978630065918,0.05050043817945025
2250,0.3932448923587799,0.05270105158074956,0.8186031579971313,0.050386135926288704
2251,0.3929026275873184,0.05255617178899336,0.8187305927276611,0.05027225514161227
2252,0.3926112502813339,0.05236052611820579,0.8189102709293365,0.05013405562534505
2253,0.3925861567258835,0.052273239994939734,0.8188958466053009,0.0500212706587299
2254,0.3923027068376541,0.05219914583525758,0.8190743327140808,0.04993381594806979
2255,0.39214952290058136,0.052392642016771095,0.8191295862197876,0.050019964106426056
2256,0.3919082283973694,0.052427223505974285,0.8192892968654633,0.04995754462378142
2257,0.3916551470756531,0.0524273077996713,0.8194309175014496,0.049969345741364475
2258,0.39157402515411377,0.052343014102649514,0.8195892572402954,0.049809061276477544
2259,0.3913571238517761,0.05241251425584398,0.8197468817234039,0.04984560259413649
2260,0.391154021024704,0.05266215003957401,0.8198865354061127,0.04995543728135588
2261,0.3910451829433441,0.052375888644488014,0.8199737668037415,0.049796248634530235
2262,0.3907085955142975,0.05237150537224288,0.8201295137405396,0.04968649824100786
2263,0.3904939591884613,0.05238768976207106,0.8202502131462097,0.0497229974118183
2264,0.39048556983470917,0.05255579246735676,0.8203189373016357,0.049735135704189436
2265,0.3902926445007324,0.05228455642376491,0.8204386532306671,0.04952941693660776
2266,0.39018259942531586,0.05238876450670809,0.8205066919326782,0.04949363426222202
2267,0.3901339918375015,0.052022803421088,0.8205573856830597,0.04928934848748971
2268,0.3898733854293823,0.051701876243101796,0.8207268118858337,0.049158061054378276
2269,0.38980749249458313,0.051382866746722836,0.8207937479019165,0.04888343218948129
2270,0.38955608010292053,0.051317539131530955,0.8208942711353302,0.0488014565691276
2271,0.38921335339546204,0.05121120263273797,0.8210787773132324,0.04874375753351619
2272,0.38914790749549866,0.051102969525761995,0.8211276829242706,0.048638601146481504
2273,0.38874734938144684,0.05093250659695968,0.8213445246219635,0.048486366729660155
2274,0.38847702741622925,0.05084334493893489,0.82156041264534,0.04842972136526152
2275,0.3883477598428726,0.050872910953165276,0.8216916620731354,0.048349558059393796
2276,0.38815832138061523,0.050939608340933765,0.8218223750591278,0.04822252745798196
2277,0.387970432639122,0.05088100314807937,0.8219024837017059,0.04816680932425056
2278,0.387967124581337,0.050905448320215686,0.8219324052333832,0.04822893377895562
2279,0.387748122215271,0.050766890555736126,0.8220949470996857,0.048102998995605065
2280,0.38765624165534973,0.050558980152031884,0.822207123041153,0.04790726903112048
2281,0.3873993158340454,0.050388959765138935,0.8223353624343872,0.04773577350452964
2282,0.38719993829727173,0.05029661602005157,0.8224630653858185,0.047611651035665066
2283,0.3870163559913635,0.050225345699219645,0.822557270526886,0.04753464874343566
2284,0.3868817985057831,0.04997811228585474,0.8226346969604492,0.04738823059170881
2285,0.3866506814956665,0.04997372901360961,0.822695404291153,0.047404710009476575
2286,0.3865215480327606,0.0497702018821505,0.8228048980236053,0.047305496328081925
2287,0.3861642926931381,0.049606608889655464,0.8230445384979248,0.047114276076388004
2288,0.3859925717115402,0.049457156164835835,0.8231202661991119,0.046970007413935214
2289,0.385846346616745,0.04936748874462891,0.8231632113456726,0.04687226887223845
2290,0.38547196984291077,0.049478503543606604,0.8233519196510315,0.046889633373824936
2291,0.3850889950990677,0.04918497181715248,0.8235722482204437,0.04667801404745174
2292,0.38471779227256775,0.04922726617963316,0.8238078355789185,0.04662722709499611
2293,0.38472098112106323,0.048945303763095284,0.8238489925861359,0.046485402949756956
2294,0.38446830213069916,0.04898823032830363,0.8240186870098114,0.04643516390633197
2295,0.3844570070505142,0.04918223227199928,0.8240592181682587,0.04647596205569051
2296,0.38410308957099915,0.048931184568844134,0.8242598176002502,0.04633531802220966
2297,0.3838141858577728,0.04912383781338743,0.8244116306304932,0.046398791176067065
2298,0.3835567682981491,0.04897293102229417,0.8245947062969208,0.046326593624567904
2299,0.38345572352409363,0.04879349081475904,0.8246656060218811,0.04618712970284536
2300,0.3600621819496155,0.004395452684352628,0.8490863144397736,0.001664505488240738
2301,0.36007487773895264,0.004629873455770221,0.8490727543830872,0.001716556846151692
2302,0.3597186207771301,0.004698404231448934,0.8491981625556946,0.0017402433750148146
2303,0.3594583123922348,0.004753806263816504,0.8493031561374664,0.0018478442792631271
2304,0.35922299325466156,0.004591835924989138,0.8493680655956268,0.0017873214048014833
2305,0.35887202620506287,0.004438316029288207,0.8495115041732788,0.0016156572908166118
2306,0.35870586335659027,0.00440761205014802,0.8496345579624176,0.0015838364201908868
2307,0.3585917055606842,0.004659207662333803,0.8496001958847046,0.0017184113074861715
2308,0.35814742743968964,0.004848594526117505,0.8498005867004395,0.0018523539920537928
2309,0.35792453587055206,0.004885430871716026,0.8499219715595245,0.00187532402449223
2310,0.35780759155750275,0.005136541795143933,0.8500427901744843,0.001953211400540362
2311,0.357772096991539,0.004872154614435095,0.8500659763813019,0.0018934471693519144
2312,0.3573302924633026,0.0050021565686669475,0.850263237953186,0.0019708709300664267
2313,0.3572642058134079,0.0046919346902025115,0.8503243625164032,0.0019114017268175552
2314,0.35699379444122314,0.004781517816712417,0.8504044711589813,0.0019883618721984477
2315,0.35691122710704803,0.0046974137805089276,0.8504265248775482,0.0018748182623100993
2316,0.3567115515470505,0.004752794739452243,0.8505443036556244,0.0018973246794149166
2317,0.3563244044780731,0.00459872693472067,0.8507571220397949,0.0018386141194392412
2318,0.35600288212299347,0.004506067088269469,0.8509497940540314,0.001753182457507659
2319,0.35569269955158234,0.004549520489084201,0.8510845005512238,0.0018027471513564705
2320,0.3556288927793503,0.0042548718711445405,0.8510666489601135,0.0016910158559540903
2321,0.3554532527923584,0.004252406280506654,0.8511625230312347,0.0016869276116485336
2322,0.3552274852991104,0.004333517890465869,0.8512579500675201,0.0017896816283180933
2323,0.3549814224243164,0.004348163920323405,0.8512963354587555,0.0018652930745466372
2324,0.3548172265291214,0.004054252872232685,0.8513533771038055,0.0017013418338392595
2325,0.3547365665435791,0.00437998479094913,0.8514101505279541,0.001803295060387112
2326,0.35455989837646484,0.0045779906852533095,0.8515414297580719,0.0018518903767201728
2327,0.3546361178159714,0.004685865544016943,0.8515415191650391,0.0018210810304587093
2328,0.35453473031520844,0.0047174756804001135,0.8515415489673615,0.0017904402715912893
2329,0.3543894439935684,0.004852008420846887,0.8516158759593964,0.00186495589975855
2330,0.3539588898420334,0.0049023317579688945,0.8518195748329163,0.001860530480664906
2331,0.3537677824497223,0.004694020959203801,0.8519484102725983,0.0018038429694177537
2332,0.35331806540489197,0.004759011399607599,0.8521318733692169,0.0017734972384899099
2333,0.3531111180782318,0.004728665668679756,0.8521489500999451,0.0018213339115497747
2334,0.35297372937202454,0.004605470430482412,0.8522760570049286,0.0018170770798501745
2335,0.3527098149061203,0.00451980696088402,0.8523293435573578,0.0017610217713306853
2336,0.35267798602581024,0.004391132632380261,0.8523823320865631,0.0017052193439022617
2337,0.3524487316608429,0.004476964689372697,0.8525262475013733,0.0017270092645823938
2338,0.35210512578487396,0.004363062831272005,0.8526694774627686,0.0016973378832307244
2339,0.3517873287200928,0.0045897075091393385,0.8528120517730713,0.0018216710863378617
2340,0.23636282980442047,0.04064513522502662,0.90625,0.0
2341,0.2655867114663124,0.02879113388380725,0.890625,0.0
2342,0.2582762613892555,0.012625667990605332,0.8984375,0.0036828759165789425
2343,0.29874086380004883,0.02072293106323042,0.87890625,0.011048543456039806
2344,0.28186728060245514,0.02010377278518113,0.8828125,0.011048543456039806
2345,0.295929417014122,0.01214181163298814,0.8776041865348816,0.011048543456039806
2346,0.2906305640935898,0.00811434308298413,0.8761160671710968,0.007891786649422352
2347,0.27702370285987854,0.0015051061071725367,0.8837890625,0.0013810679320049757
2348,0.2913234531879425,0.0016511870841112955,0.879340261220932,0.0012276112565768106
2349,0.28390999138355255,0.001065282669537102,0.882031261920929,0.0011048374868645762
2350,0.2948737293481827,0.024793284031594268,0.8757102191448212,0.015066191790340779
2351,0.28718674182891846,0.023413080109983764,0.8802083134651184,0.016572815184059706
2352,0.286487877368927,0.015562344491011024,0.8810096085071564,0.01359821705670634
2353,0.2939780503511429,0.004064157381632745,0.8777901828289032,0.007102629057904373
2354,0.2909098267555237,0.006967421967881425,0.8770833313465118,0.004419392094306815
2355,0.28419555723667145,0.005269725836438358,0.88134765625,0.0020716018980074633
2356,0.2831565886735916,0.008290980525093286,0.8809742629528046,0.005849266076887407
2357,0.2814632058143616,0.012786595194932053,0.8832465410232544,0.010434716754327144
2358,0.2850029468536377,0.007645986228906819,0.8828125,0.009885543318230196
2359,0.28560543060302734,0.0036284221883028673,0.880859375,0.0071815701051652775
2360,0.28467343747615814,0.005411507834829006,0.8805803656578064,0.007891828796270864
2361,0.2935832589864731,0.003475155173693001,0.8778409063816071,0.004017648334300974
2362,0.2936561703681946,0.0008884134197611353,0.8770380616188049,0.004803729205877658
2363,0.2982376515865326,0.002350276860361495,0.8740234375,0.005063943848583918
2364,0.29973624646663666,0.004861786489701415,0.8731250166893005,0.0070710610683697135
2365,0.2996525317430496,0.001124161816906821,0.8725961446762085,0.0033995648008887124
2366,0.2977975904941559,0.001033272138093078,0.8738425970077515,0.004092037521922702
2367,0.2992483079433441,0.000851914248950701,0.8736049234867096,0.0019729361256434607
2368,0.2994496524333954,0.0009952556807362517,0.873383641242981,0.0015239457484569063
2369,0.2955167442560196,0.0009498845983142742,0.8760416805744171,0.0022097171205776632
2370,0.2966318130493164,0.001140704454947347,0.8760080635547638,0.0021384046528972306
2371,0.2970568686723709,0.001956224900208891,0.87646484375,0.0013810679320049757
2372,0.29578013718128204,0.0015577685943868988,0.8764204680919647,0.001339216111433658
2373,0.2949053794145584,0.006766065399120629,0.8772977888584137,0.0006499465508864969
2374,0.2977727949619293,0.006211223211898965,0.8761160671710968,0.0003156377484980854
2375,0.29811038076877594,0.004739349894777267,0.8763020932674408,0.0006137845548641498
2376,0.29654572904109955,0.0032713751611428282,0.8766891956329346,0.0017916625301981053
2377,0.2950258105993271,0.004666435846853421,0.8778782784938812,0.0017445002067144149
2378,0.2939170002937317,0.005316108443224597,0.879006415605545,0.0011332023159124078
2379,0.29402875900268555,0.005069170057799268,0.8791015446186066,0.0019334866754372637
2380,0.2933698296546936,0.005451947735975208,0.8791920840740204,0.0010779056506661148
2381,0.2949647456407547,0.007791498223390681,0.879092276096344,0.0
2382,0.293695792555809,0.00638708093731067,0.8802689015865326,0.000770823712415741
2383,0.29355399310588837,0.009357000764479328,0.8805042505264282,0.00075333277028372
2384,0.2936875820159912,0.010286739169205396,0.8807291686534882,0.0012276112565768106
2385,0.2923874408006668,0.009256227649689782,0.8817934691905975,0.0009607374118058295
2386,0.29158735275268555,0.01152113606839246,0.8823138475418091,0.0018805923805560918
2387,0.2920742630958557,0.00889066695913054,0.8824869692325592,0.0009206979057204801
2388,0.29422181844711304,0.011544569716164518,0.881536990404129,0.002480299888017603
2389,0.2957897037267685,0.008379699641208717,0.8810937404632568,0.0011048374868645762
2390,0.29462142288684845,0.007449265813482221,0.8818933963775635,0.0002166348013459953
2391,0.29312896728515625,0.006104254510378315,0.8828125,0.0004249245266868336
2392,0.29464106261730194,0.004195234080501625,0.8816332519054413,0.001459250335992684
2393,0.2964504808187485,0.0061898336862796855,0.8810763955116272,0.0016368150087690805
2394,0.29622040688991547,0.004581383506558436,0.8808238804340363,0.002611460880583505
2395,0.29643264412879944,0.005348097901244365,0.8811383843421936,0.0027621358640099515
2396,0.2956448495388031,0.004830998216864207,0.8814418911933899,0.003295209203975739
2397,0.29506997764110565,0.00506619870497925,0.8817349076271057,0.0030478914969138127
2398,0.2950863242149353,0.005590695161273072,0.8814883530139923,0.002059927220969946
2399,0.29574157297611237,0.005171060064074355,0.8809895813465118,0.0025779962828658552
2400,0.36135154962539673,0.008498321946342629,0.8443185389041901,0.005078147336532089
2401,0.361136332154274,0.008272899527082113,0.8444364964962006,0.004896410125753114
2402,0.36086489260196686,0.00823888702033382,0.8445736765861511,0.004912046606550656
2403,0.3605073392391205,0.008237390807211684,0.8447695374488831,0.004899571139391431
2404,0.3602546453475952,0.008489723989246406,0.8449052274227142,0.005026812475045821
2405,0.3600543588399887,0.008524853387480236,0.8450007736682892,0.005097703474241144
2406,0.35991595685482025,0.008395799737339879,0.845017284154892,0.0050015243659392835
2407,0.35965998470783234,0.008154171854826925,0.8451513051986694,0.0048504279140277285
2408,0.3594813048839569,0.007970727696683258,0.845284640789032,0.004810641289033445
2409,0.3594033867120743,0.008149029939308595,0.8453393280506134,0.004826193476133965
2410,0.35908177495002747,0.008021135327502286,0.8455104231834412,0.004841661369537463
2411,0.358840748667717,0.007667333607677587,0.8455836474895477,0.00471989912418949
2412,0.35873715579509735,0.00767171687992272,0.8456758856773376,0.004680828995619891
2413,0.3584022670984268,0.007986132369813988,0.8458835184574127,0.004751172085784574
2414,0.35828736424446106,0.007815669441011678,0.8459745645523071,0.004657732522635921
2415,0.3583294004201889,0.0077757774488961175,0.8459883034229279,0.0046734532971304844
2416,0.3579290360212326,0.00768962929053985,0.8462128341197968,0.004661989354335522
2417,0.35768893361091614,0.007708785033188051,0.8463406264781952,0.004623551428493586
2418,0.357596680521965,0.007592480804722239,0.8462961614131927,0.004450412174810833
2419,0.35736463963985443,0.0076337847162629155,0.8464802205562592,0.004493401960291945
2420,0.35725750029087067,0.007310686975578401,0.8464925587177277,0.0042946374227145695
2421,0.3574061393737793,0.007083241507589362,0.8463912308216095,0.004203853111022103
2422,0.35731859505176544,0.0067956524867752765,0.8464415073394775,0.004006732300536652
2423,0.3569999486207962,0.006740861583711114,0.846585750579834,0.0039437649088613766
2424,0.35690049827098846,0.006680380856097981,0.8465225398540497,0.0038545400305638137
2425,0.3566797226667404,0.006766866189242336,0.8466471433639526,0.003818757356178065
2426,0.35676148533821106,0.0069023050869320935,0.8465092778205872,0.003941910447526897
2427,0.3564942479133606,0.007051715664903213,0.8467079699039459,0.003958895627476787
2428,0.3565082848072052,0.007456620438547372,0.84670090675354,0.004160062535419284
2429,0.35612472891807556,0.007489326392991826,0.8469167947769165,0.004255230119356883
2430,0.35593239963054657,0.00773114393632308,0.8469648659229279,0.004428580107282191
2431,0.3558800369501114,0.007664889090463955,0.846957266330719,0.004365823449849469
2432,0.3558228760957718,0.007639558834508908,0.8469865620136261,0.004407675270420787
2433,0.35583920776844025,0.007637367198386341,0.846960574388504,0.004475363109129282
2434,0.3554818779230118,0.007877562088049926,0.8470815122127533,0.004594638690415113
2435,0.3551573306322098,0.00779242545405792,0.8472568094730377,0.0045320927672249465
2436,0.3549308478832245,0.007706003341186332,0.8473399579524994,0.0043922495238658
2437,0.35480447113513947,0.00820023836024933,0.84742271900177,0.0046655718364589475
2438,0.354725182056427,0.008457945265469193,0.8475050926208496,0.004731910976015095
2439,0.35472823679447174,0.008533830666213058,0.8475508093833923,0.004695243217810617
2440,0.3544270247220993,0.008459736506530905,0.8476686775684357,0.0047099524679409185
2441,0.35405677556991577,0.008507762840409069,0.8478221595287323,0.004775701551617914
2442,0.3539459854364395,0.008698540550193631,0.8478848338127136,0.0048156146171577305
2443,0.35390806198120117,0.008534273208122422,0.8479292392730713,0.004779115446347296
2444,0.35368479788303375,0.008758262634533567,0.8480810523033142,0.0047427848629309054
2445,0.353283166885376,0.00899051284325285,0.8482679426670074,0.004909054180306382
2446,0.3532422333955765,0.008889381480250959,0.8483468890190125,0.00492308908086051
2447,0.35323645174503326,0.008997614587226935,0.8483542203903198,0.0049874051716881345
2448,0.35293249785900116,0.00913973376040567,0.8485037088394165,0.005051468381424693
2449,0.3526506572961807,0.009015653438389597,0.8486347496509552,0.005040046585478241
2450,0.35251690447330475,0.009018688011482381,0.8486590683460236,0.0051286392610481405
2451,0.3523918092250824,0.008621306450297418,0.8487538695335388,0.005067147009070746
2452,0.3519710302352905,0.008552649234073171,0.8489363193511963,0.005030816425654355
2453,0.35173510015010834,0.008557222167136603,0.8490827977657318,0.004944963295237664
2454,0.3516061007976532,0.008622149387267635,0.8491058945655823,0.004884313980230487
2455,0.35159793496131897,0.00872604136884699,0.8491638898849487,0.004922836199769445
2456,0.3514151871204376,0.008660798047352125,0.8492215871810913,0.004862481912701845
2457,0.35117307305336,0.008859646878626523,0.8493487238883972,0.004950147357604504
2458,0.35095544159412384,0.008967521737390157,0.8495273888111115,0.004963676495976501
2459,0.35062460601329803,0.008786501023035867,0.849687933921814,0.0048055836672121375
2460,0.35054026544094086,0.008635067396336224,0.849778562784195,0.004648165188023948
2461,0.3503064066171646,0.008747641628708823,0.8498860597610474,0.004662284382275098
2462,0.35012489557266235,0.008970366649664642,0.8499586582183838,0.004822526700313517
2463,0.3498673588037491,0.009007434802929974,0.8501168489456177,0.004811905694488771
2464,0.34967078268527985,0.009042332393496994,0.8502057492733002,0.004752857959725009
2465,0.34954990446567535,0.008957153612656477,0.8502258360385895,0.004742405541294307
2466,0.3495831787586212,0.008925269521757985,0.8501604497432709,0.004707929419212396
2467,0.3495597541332245,0.008769747650752786,0.8501805663108826,0.004649471740327786
2468,0.3492964506149292,0.008620758541266775,0.8503025472164154,0.004543219535231822
2469,0.34916847944259644,0.008516445091202314,0.8503901064395905,0.004485394059074875
2470,0.34901905059814453,0.008654939635409111,0.8504941761493683,0.004595313039991287
2471,0.3489454686641693,0.008619283401568895,0.850513368844986,0.00463316090995407
2472,0.3487595319747925,0.008776575440211551,0.8506167531013489,0.004599316990599822
2473,0.3486214280128479,0.008867401898752528,0.850719690322876,0.004613225450608417
2474,0.3484581559896469,0.00865791098822913,0.8508221507072449,0.004484677562650191
2475,0.3482605218887329,0.008512778315381865,0.8509241938591003,0.004404008494600339
2476,0.34803296625614166,0.008778198093879221,0.8509923815727234,0.004560036127787669
2477,0.3480827659368515,0.008981851665883861,0.8509936034679413,0.004762467441185493
2478,0.3479546755552292,0.009141714662285682,0.8510447144508362,0.004752310050694367
2479,0.3476983308792114,0.009090990930102821,0.8510956168174744,0.004695243217810617
2480,0.34760020673274994,0.009346506199200116,0.8512125611305237,0.004685296561562046
2481,0.34740811586380005,0.009105363005445035,0.8513290286064148,0.004581868195316312
2482,0.34717148542404175,0.009134865799402661,0.8514284789562225,0.004502252798479233
2483,0.3471577912569046,0.009363069910664898,0.851412296295166,0.004632444413529385
2484,0.3471202552318573,0.009425468319885276,0.8514125943183899,0.004692377232111876
2485,0.34691643714904785,0.00925970476469193,0.8515440821647644,0.0045666110361553686
2486,0.34667733311653137,0.009146793357531244,0.8516913056373596,0.004418254129397022
2487,0.34638431668281555,0.009074385071789528,0.8518379330635071,0.0043628731704537065
2488,0.34628455340862274,0.009127300440094957,0.8518536388874054,0.0043077029457529465
2489,0.34610095620155334,0.009028445006912654,0.8518855571746826,0.004367677911183948
2490,0.3459567576646805,0.00906572389442054,0.8519335687160492,0.004358616338754106
2491,0.34577517211437225,0.009041489456526776,0.8520299196243286,0.0043267111744313596
2492,0.3457047641277313,0.00910789181635569,0.8520289361476898,0.004340577487591444
2493,0.34556739032268524,0.009041025841193156,0.8520763218402863,0.004331642355707134
2494,0.3453858345746994,0.009020121004331753,0.8521235287189484,0.00436822582021459
2495,0.3452835828065872,0.0090237877801522,0.8521866202354431,0.0043365735369829085
2496,0.34509725868701935,0.008991798322132432,0.8522814512252808,0.00435031340959746
2497,0.345132976770401,0.009051878654684712,0.8523759245872498,0.00440923470381569
2498,0.3450029492378235,0.00899662413628693,0.8524700105190277,0.0044679452637913656
2499,0.3447912782430649,0.008922003140998391,0.8525795936584473,0.004413786563454866
2500,0.40473881363868713,0.052671548786791936,0.843580424785614,0.011256580300289578
2501,0.40442150831222534,0.052598845473110646,0.8437002599239349,0.011227962590150681
2502,0.4042680114507675,0.05256224093517893,0.8436805307865143,0.01122745682796855
2503,0.40398022532463074,0.05251227584626927,0.8438390791416168,0.011199049852072207
2504,0.4038098305463791,0.052316524808360416,0.8437796235084534,0.01119867053043561
2505,0.4034993350505829,0.051994754693404,0.8439567983150482,0.011031136807604806
2506,0.40336979925632477,0.052061747109112065,0.8439170122146606,0.011170094967145223
2507,0.4031783491373062,0.05170021144258562,0.8439753651618958,0.011114376833413821
2508,0.40289510786533356,0.051495419905671184,0.8440725803375244,0.010893021585034607
2509,0.40247942507267,0.05137302545759555,0.844188779592514,0.01086583686774508
2510,0.4022451192140579,0.05156985124014142,0.8442265689373016,0.011058869433924975
2511,0.4019227772951126,0.051585108399302367,0.8443030118942261,0.01114118222906675
2512,0.40154488384723663,0.051535923027090154,0.8444371521472931,0.011086180591760033
2513,0.40127140283584595,0.051724509100752145,0.8445512652397156,0.011277232256059916
2514,0.40074263513088226,0.05148901358469753,0.8447996973991394,0.011222188471904688
2515,0.40033169090747833,0.05109405546730194,0.8449123799800873,0.011031558276089915
2516,0.4002535194158554,0.05106370973637409,0.8449862003326416,0.01100445785249741
2517,0.399917796254158,0.050915268535918726,0.8451552391052246,0.011004626439891453
2518,0.3994509428739548,0.050749757861816444,0.8452852964401245,0.01095076276749453
2519,0.39918579161167145,0.05092188559113493,0.8453767001628876,0.011004837174134008
2520,0.39880700409412384,0.05089048618899432,0.8455056250095367,0.01105861655283391
2521,0.39849334955215454,0.05093396066323331,0.8456149697303772,0.011138906299247162
2522,0.39812418818473816,0.05095103013688022,0.8457426726818085,0.011138695565004608
2523,0.39766283333301544,0.050916785822465116,0.8459639847278595,0.011111805875654657
2524,0.39730431139469147,0.05098687603153874,0.846109002828598,0.011138274096519499
2525,0.39696553349494934,0.05063261069638041,0.8462908864021301,0.01111151084771508
2526,0.3966772258281708,0.05037012012385456,0.8464718759059906,0.011084916186304706
2527,0.39631487429142,0.05049354716971872,0.8465773463249207,0.011164025820959655
2528,0.395926758646965,0.0504988998194796,0.8467753827571869,0.011216414353658695
2529,0.39591366052627563,0.05026900983427693,0.846786767244339,0.011058363671742844
2530,0.3955029845237732,0.050211226504968495,0.8469463288784027,0.01100593299219529
2531,0.3951602578163147,0.04998789035470927,0.847086638212204,0.01092762414766205
2532,0.39471137523651123,0.0497272542435179,0.8472632169723511,0.01079751682630892
2533,0.39439262449741364,0.049558519335504536,0.8473653197288513,0.010720050918745897
2534,0.3939632624387741,0.04969701387971133,0.8475403785705566,0.010850621855432646
2535,0.3935289829969406,0.0496400313405246,0.847769558429718,0.010851043323917755
2536,0.3933224380016327,0.04928471233415351,0.8478149771690369,0.010696532977276818
2537,0.3929804563522339,0.04915919901928807,0.8479695022106171,0.010697333767398525
2538,0.392625093460083,0.04900266562391861,0.8481233716011047,0.01064671540233694
2539,0.39215682446956635,0.048855172727554734,0.8483671844005585,0.010724644925233584
2540,0.39218108355998993,0.04917831261508776,0.8484108150005341,0.010776569842599006
2541,0.3919356167316437,0.04914781937019013,0.8484722375869751,0.010751661055129067
2542,0.391570582985878,0.04915104360410121,0.8486415445804596,0.010675923168354992
2543,0.3912285417318344,0.04918168436296863,0.8487920761108398,0.010778466450781996
2544,0.390719473361969,0.04904514964721759,0.8489777445793152,0.01077905650666115
2545,0.3903810381889343,0.04893451416987649,0.8490731418132782,0.010804976818495349
2546,0.3901137709617615,0.04861938218356054,0.8490431308746338,0.010654048953977837
2547,0.3896782398223877,0.048248152741876583,0.849209189414978,0.010529041401294525
2548,0.3892141431570053,0.048461689749857026,0.8494099974632263,0.010605580078190308
2549,0.38877958059310913,0.04840776285718734,0.8495390117168427,0.010681823727146517
2550,0.3884783536195755,0.048095222902054806,0.8496497273445129,0.010632638354934302
2551,0.38822542130947113,0.04799643068914527,0.849759966135025,0.010583621570116133
2552,0.387785941362381,0.047844554520536264,0.8499577343463898,0.010559766453858968
2553,0.3872796297073364,0.04762193486670172,0.8501721918582916,0.010461480003131561
2554,0.3870781809091568,0.04719285887543657,0.8502103686332703,0.010413221861586589
2555,0.386680006980896,0.0472980363358955,0.8503358364105225,0.010538313707966922
2556,0.3861572742462158,0.04718006730691351,0.8505305647850037,0.010514795766497843
2557,0.38570913672447205,0.04684339828100849,0.8506547808647156,0.010343595267846591
2558,0.38532447814941406,0.046821186891843246,0.8507784307003021,0.010320540941711132
2559,0.3850969225168228,0.04672869563278609,0.8508495092391968,0.010273125737136377
2560,0.38478752970695496,0.04669504137425014,0.8509202897548676,0.010323828395894982
2561,0.3845883905887604,0.046631146751907625,0.8509734869003296,0.010252136606577951
2562,0.3843647688627243,0.04673038150672652,0.8510092496871948,0.010351350287972596
2563,0.3841466158628464,0.04679145229021881,0.8511135578155518,0.01040150503770056
2564,0.3839153051376343,0.04651435783468394,0.8512002825737,0.010281639400535577
2565,0.38353846967220306,0.04641137201034757,0.8513379395008087,0.010283367421324524
2566,0.3833739757537842,0.04614258048396934,0.8513896465301514,0.010260903151068217
2567,0.38297775387763977,0.04590246988800278,0.8515433371067047,0.010142175478813029
2568,0.3829670399427414,0.04557888745856039,0.8515773713588715,0.01014411423384453
2569,0.3828510195016861,0.04548093818262107,0.8516282141208649,0.010122113578921843
2570,0.3827011436223984,0.04538121873904429,0.8517296314239502,0.009980458021076728
2571,0.38248783349990845,0.045361852262153536,0.8518137037754059,0.009958920981487662
2572,0.3823851943016052,0.04505818421863255,0.851830005645752,0.009889758003081284
2573,0.3820659816265106,0.04499829354689857,0.8519303202629089,0.00979711923005434
2574,0.381770059466362,0.044975260294187365,0.8520469665527344,0.009776130099495914
2575,0.38176800310611725,0.04492409402009514,0.8520292043685913,0.009802514026663734
2576,0.38150791823863983,0.044887173380799596,0.8520950376987457,0.00980516927811992
2577,0.38116493821144104,0.0447914368144071,0.8522772789001465,0.009784222294410005
2578,0.3808239996433258,0.04483126558624989,0.8524421155452728,0.00988103360543953
2579,0.3805273026227951,0.0445235303718476,0.852556437253952,0.009719189707157697
2580,0.380211278796196,0.04415293313289131,0.8527034223079681,0.009558020158452038
2581,0.3799624890089035,0.04400765294607426,0.8528167307376862,0.00953778967116681
2582,0.37962837517261505,0.04382574714790124,0.8529295325279236,0.009470986916277041
2583,0.3794814199209213,0.043720084998684426,0.8529760241508484,0.009404479189326851
2584,0.37936367094516754,0.04395319921779818,0.8530716001987457,0.009500869031871265
2585,0.37930311262607574,0.044077068805571704,0.8530848622322083,0.009527295105887595
2586,0.3788958042860031,0.04402109779074923,0.8532125055789948,0.009530456119525913
2587,0.3787663131952286,0.04422803881693772,0.8532417118549347,0.0096259608782516
2588,0.37862029671669006,0.04443752972746112,0.8532870709896088,0.00983627365232096
2589,0.37847477197647095,0.044105412561195274,0.8532997369766235,0.00967792794246553
2590,0.3782064914703369,0.04401867434695986,0.8533772528171539,0.009703679666905687
2591,0.37811245024204254,0.043850487347977134,0.8534544110298157,0.00963780414268316
2592,0.3778349757194519,0.043692289152091494,0.8535958826541901,0.009663555867123317
2593,0.3776904344558716,0.04381253411089307,0.8536722958087921,0.009734784041106727
2594,0.37746240198612213,0.043605319130189266,0.8537001311779022,0.009737481439411425
2595,0.37719056010246277,0.04366147980583003,0.8537760078907013,0.009762938135912004
2596,0.3770727813243866,0.043470681022621215,0.8538675904273987,0.009674893369372746
2597,0.37675756216049194,0.04332443145828841,0.8540227711200714,0.009587270071318599
2598,0.3765438199043274,0.04319714797578551,0.8540975451469421,0.009522574658854376
2599,0.3761872798204422,0.04299507491060003,0.8542834520339966,0.009390570729318256
2600,0.3593059629201889,0.0030931361387902577,0.85235795378685,0.000423196505897887
2601,0.35899491608142853,0.003140045581182883,0.8524952232837677,0.0003657924982260493
2602,0.35886724293231964,0.0029493310916710873,0.8525722324848175,0.0005052142731000867
2603,0.35863204300403595,0.0032895825996995345,0.8526884615421295,0.00041999334541105904
2604,0.3581690639257431,0.0035078611281374548,0.8529028296470642,0.0003630529530728412
2605,0.3579021245241165,0.003536478838276352,0.8530767560005188,0.00030640758867419963
2606,0.3576340079307556,0.0037501844336508402,0.8531908392906189,0.00022228247904645512
2607,0.3572218120098114,0.003694634887313482,0.8534023463726044,0.0002217345700158135
2608,0.3570815175771713,0.0031928977292155435,0.8534954786300659,0.00038707665672405077
2609,0.35694314539432526,0.003296199654915745,0.8536076545715332,0.0003585010934336646
2610,0.35663989186286926,0.003137959312181593,0.8537776470184326,0.00046766143107688016
2611,0.3564649075269699,0.0029610900624056267,0.8538691401481628,0.0005213565160797592
2612,0.35618503391742706,0.003222569110567213,0.8539602160453796,0.00030109708576182696
2613,0.35601380467414856,0.0033129108803503144,0.8540508151054382,0.0002457161268185122
2614,0.3556869328022003,0.003348946435827129,0.8541795015335083,0.00024512607093935966
2615,0.3553304672241211,0.003132943837208797,0.8543267846107483,0.0003804174546593295
2616,0.35505881905555725,0.002936455229451009,0.8544158339500427,0.0004878919183621093
2617,0.3548761159181595,0.002961216502951159,0.8545426726341248,0.0003785629933248502
2618,0.35452839732170105,0.0030369333163009805,0.8547261357307434,0.00035066177961063836
2619,0.3543580621480942,0.0028771335401719255,0.8547564744949341,0.00043048791069027163
2620,0.354179784655571,0.0026783268557460387,0.8548246324062347,0.0005100190138303287
2621,0.354083776473999,0.002574076625954342,0.854816734790802,0.0005355178571794196
2622,0.35370756685733795,0.00270479507661088,0.8549977242946625,0.00040069008879306956
2623,0.3533833920955658,0.0025110670874305555,0.8551025092601776,0.000479673282902485
2624,0.3531583398580551,0.002477244241500563,0.8552631735801697,0.00042534599517194256
2625,0.3529205173254013,0.0024758112486511926,0.8553667664527893,0.00034476122081911317
2626,0.35252438485622406,0.0023784520285910276,0.8555447459220886,0.00037038650471373673
2627,0.3521782159805298,0.002124749073979701,0.8557405173778534,0.0004750371295662866
2628,0.35200418531894684,0.002262632488883091,0.8558050394058228,0.00044759953118569463
2629,0.35171787440776825,0.002299890302966721,0.8559621274471283,0.00044654585997292226
2630,0.3519214391708374,0.0019101373213622284,0.8559887409210205,0.0005764845939320085
2631,0.3516160845756531,0.0020042933809355655,0.8560522198677063,0.0005490048487029057
2632,0.3515961319208145,0.0019143309327890625,0.8561338186264038,0.000495562644791092
2633,0.3513864427804947,0.002029138948132738,0.8562886416912079,0.00044233117512183285
2634,0.35127095878124237,0.0018267497815834246,0.856406033039093,0.0005451273386399034
2635,0.35080936551094055,0.0017640563444234697,0.8565960824489594,0.0004920644563646879
2636,0.3508269190788269,0.0018642815501823758,0.8566208779811859,0.0005167625095920717
2637,0.35063542425632477,0.0018876519776816665,0.856700211763382,0.0004639946552564324
2638,0.35042303800582886,0.0019271646481606296,0.8567973673343658,0.00038577010442021305
2639,0.3500494211912155,0.0018729848743998753,0.8569303452968597,0.0003592175898583498
2640,0.3499286025762558,0.0019448452511109497,0.8570446074008942,0.00035837465288813197
2641,0.34976769983768463,0.0017647939142724103,0.8570860922336578,0.0004596956767083212
2642,0.3494453579187393,0.00186282748390875,0.8572535216808319,0.00043314316214645797
2643,0.34946952760219574,0.0022475860639647014,0.8572404384613037,0.0002542297902177128
2644,0.34922613203525543,0.0023879350695059785,0.8572991192340851,0.00012681986716928014
2645,0.34890489280223846,0.00225175860196728,0.8574291467666626,0.0002530496784594078
2646,0.3488732576370239,0.0021251705424648096,0.8574335873126984,0.0004039775429769193
2647,0.3488433063030243,0.0021043078524519174,0.8574736416339874,0.00040305031230967965
2648,0.34856532514095306,0.0019675202556098106,0.8576023876667023,0.0004272426033549328
2649,0.34853726625442505,0.0023738790955275956,0.8576595783233643,0.0002507737486398195
2650,0.348505362868309,0.0022069986488487104,0.8576988577842712,0.0003502403111255294
2651,0.34829680621623993,0.002270808977494204,0.857755571603775,0.00032448858668537314
2652,0.3480684161186218,0.002397523477542207,0.8578824996948242,0.000199270299759507
2653,0.3479044735431671,0.0022868037065040883,0.8579210042953491,0.00019876453757737626
2654,0.3477170169353485,0.002119396424218817,0.857976883649826,0.00027273225671399525
2655,0.34757791459560394,0.002094171535385047,0.8580149710178375,0.00027214220083484275
2656,0.34726472198963165,0.002143483348142793,0.8581576347351074,0.00022211389165241154
2657,0.3470887690782547,0.0024184915346763766,0.858264833688736,0.0001724227572580675
2658,0.34706445038318634,0.002451450370211896,0.8583194315433502,0.00019661504830332065
2659,0.34676384925842285,0.0022875623497772843,0.8584951460361481,0.00019610928612118992
2660,0.346585214138031,0.0022846542172300327,0.8585143983364105,0.00012235230122712538
2661,0.3465133607387543,0.0021344428491372066,0.8585853278636932,0.00021971152128729058
2662,0.34625399112701416,0.002383910045473188,0.8587420582771301,4.87217568785935e-05
2663,0.3460599333047867,0.0024401971616594873,0.8588809669017792,4.859531633306082e-05
2664,0.34602443873882294,0.0023927819570847314,0.858916312456131,9.697989842356717e-05
2665,0.3457876592874527,0.0023453667525099755,0.8590542078018188,4.8384582090506346e-05
2666,0.34542979300022125,0.002307813910486769,0.8592085540294647,7.245043259022684e-05
2667,0.3453022390604019,0.0021876110985336993,0.8592600226402283,0.0
2668,0.34499160945415497,0.002246237364812353,0.8594132363796234,2.4065850499720493e-05
2669,0.34497447311878204,0.0019790263452532848,0.8593961894512177,0.0001439314876647031
2670,0.34464767575263977,0.0019514412329029046,0.8595146238803864,7.177608301405254e-05
2671,0.34445448219776154,0.0016749368332471843,0.859581857919693,0.0002627013067684025
2672,0.3443141281604767,0.0018754083181892517,0.8596488237380981,0.00016681722640611858
2673,0.34403495490550995,0.0016941979430166627,0.8598499894142151,0.0002140216967383199
2674,0.34387731552124023,0.001674789319277396,0.8599496781826019,0.00026101543282796674
2675,0.3434108793735504,0.0015433332987719176,0.8601828515529633,0.0003077984346750591
2676,0.34331339597702026,0.001578525917278514,0.8602312207221985,0.0003307684671134964
2677,0.3430798798799515,0.001581581563795554,0.8603294193744659,0.0003772564410210125
2678,0.34275053441524506,0.0017861202196189226,0.8604604601860046,0.00028229959132596824
2679,0.34267911314964294,0.001988235431652915,0.8605079650878906,0.0002113242984336227
2680,0.3424381911754608,0.0019291034031921307,0.8605883717536926,0.00028111947956766317
2681,0.34233368933200836,0.0018700345950041128,0.8606353998184204,0.00030387877776354594
2682,0.3422560691833496,0.0016026760614752565,0.8605997562408447,0.00039660184448751286
2683,0.34204354882240295,0.0014568058187790522,0.8607124090194702,0.0004190239678953085
2684,0.342167928814888,0.001598651037442466,0.8606274724006653,0.0003484701434880719
2685,0.342110738158226,0.0017886911773780873,0.8606576323509216,0.00020862690012892545
2686,0.3421334773302078,0.0013776751106998487,0.8606221973896027,0.0003007177641252289
2687,0.3419831544160843,0.0014132470508430432,0.8606522679328918,0.00034627850736550534
2688,0.34171241521835327,0.001579790322733841,0.8607636094093323,0.00027639903253444306
2689,0.3415515422821045,0.001758324373025988,0.8608419895172119,0.00016091666761459343
2690,0.3414820581674576,0.0017156928357572189,0.8608714044094086,6.882580361828995e-05
2691,0.3413088470697403,0.001585121899070469,0.8609168827533722,0.00013735657929700364
2692,0.34108342230319977,0.0016417251166205998,0.8609621524810791,0.00011421795946452283
2693,0.3408128321170807,0.0015566095560528492,0.861087828874588,0.00011400722522196836
2694,0.34065617620944977,0.0016294182368554186,0.8611808121204376,0.000113754344130903
2695,0.34049564599990845,0.0016904679469234487,0.8611931800842285,0.0
2696,0.34036290645599365,0.0019161221738507753,0.8612535297870636,0.00018127359544535524
2697,0.3401907831430435,0.0022206120809177294,0.8613136112689972,0.0003165649791653251
2698,0.33988168835639954,0.002368400005221179,0.8614373207092285,0.0004964055817613099
2699,0.33962349593639374,0.0024106522208533505,0.8615445792675018,0.00047292978714074193
2700,0.38946495950222015,0.024023598284088322,0.8458745777606964,0.000394958117395588
2701,0.38899940252304077,0.023929716179030305,0.845968633890152,0.0003657924982260493
2702,0.3886961191892624,0.023884850858790458,0.8460820913314819,0.0003649074144073205
2703,0.38827309012413025,0.02379754366210014,0.8462345600128174,0.00041995119856254814
2704,0.3879491090774536,0.02373769513721467,0.846327006816864,0.0004468408879124985
2705,0.38783735036849976,0.023883143911425767,0.8463402390480042,0.00047356198986840534
2706,0.38760198652744293,0.023676982601934727,0.8464122712612152,0.0004167901849242311
2707,0.38735972344875336,0.023641031340154935,0.8465428054332733,0.00038804603423980133
2708,0.3869415819644928,0.02348544624887697,0.8467313051223755,0.00038707665672405077
2709,0.38658407330513,0.02333026155265986,0.8468993902206421,0.0003585010934336646
2710,0.38614343106746674,0.023526939821235944,0.8470860421657562,0.0005777068525388245
2711,0.3858563005924225,0.02362634316344889,0.8470971584320068,0.0005488362613088621
2712,0.3856252580881119,0.023482474896056954,0.8471856415271759,0.0005748408668400837
2713,0.3851739466190338,0.02365420223031459,0.8474088609218597,0.0006826525053309507
2714,0.38468222320079803,0.023744628293794715,0.8475731909275055,0.0007626472238046275
2715,0.38442985713481903,0.02364545675924858,0.8476598560810089,0.0007879353329111639
2716,0.384033739566803,0.02382384329557094,0.8478035926818848,0.0008944404190981931
2717,0.3837369382381439,0.023648048790432,0.8478510081768036,0.0007570838398011895
2718,0.38355234265327454,0.023352641529219145,0.8480317294597626,0.0007552293784667102
2719,0.38318267464637756,0.023222197033077926,0.8482115566730499,0.00069959553843233
2720,0.38309696316719055,0.023308513778828237,0.8482007384300232,0.0006978675176433834
2721,0.38281838595867157,0.023009840136855787,0.8483035266399384,0.0005890865016367659
2722,0.3825998902320862,0.02292725338719869,0.8483869731426239,0.0006678168146551159
2723,0.3823920041322708,0.023210543429464665,0.848451167345047,0.0008260360839650122
2724,0.3821534961462021,0.023286407756784273,0.8484774529933929,0.0007709080061127627
2725,0.3819759637117386,0.02307609498271491,0.8485223352909088,0.0006894802947897154
2726,0.38154685497283936,0.023009566182340464,0.8486418724060059,0.0006613683468329491
2727,0.38127507269382477,0.022862958369795322,0.8487421572208405,0.0007125767677736854
2728,0.3809957653284073,0.023060079180280774,0.8488419651985168,0.0008162158682619738
2729,0.38047248125076294,0.023018332726830733,0.8490713238716125,0.0008405767467012706
2730,0.2462386041879654,0.03461063374893383,0.9296875,0.011048543456039806
2731,0.23813965916633606,0.007622341846892208,0.91796875,0.005524271728019903
2732,0.22411518543958664,0.036765212254947124,0.9166666865348816,0.02209708691207961
2733,0.21365457773208618,0.033558248015041064,0.919921875,0.013810679320049757
2734,0.2244677171111107,0.029636494297814505,0.9124999940395355,0.013258260576617468
2735,0.22501499205827713,0.03563186242506493,0.9127604365348816,0.016572815184059706
2736,0.21512272208929062,0.04249242105854698,0.9174107313156128,0.02209708691207961
2737,0.2249455600976944,0.045130908605738096,0.912109375,0.01933495104806966
2738,0.23540177941322327,0.03503372488771045,0.90625,0.019641864398925988
2739,0.23267227411270142,0.027383102505467428,0.907031238079071,0.016572815184059706
2740,0.22922950237989426,0.02778152720115304,0.9083806872367859,0.01707503703091552
2741,0.22835076600313187,0.023412395223695464,0.908203125,0.011969283508608796
2742,0.225802943110466,0.014585211955134457,0.9098557531833649,0.0067990874549289145
2743,0.22177737206220627,0.013384627365165257,0.9107142984867096,0.006313471466386393
2744,0.22261254489421844,0.005812977640319527,0.910937488079071,0.0051559925657317105
2745,0.22323565185070038,0.008565187921505162,0.9111328125,0.006905339660024878
2746,0.2308582365512848,0.01771613274361473,0.9080882370471954,0.007798979289001365
2747,0.2315150499343872,0.008402564306525877,0.9075520634651184,0.003069049214866282
2748,0.232794351875782,0.004049100420002228,0.9070723652839661,0.0011630001378096098
2749,0.23884565383195877,0.0013812681295354023,0.9046874940395355,0.001104879633713087
2750,0.24161887913942337,0.001496223658848866,0.9032738208770752,0.002104476439845961
2751,0.2433585226535797,0.0021264138744958813,0.9034090936183929,0.0020088452405747424
2752,0.24105101078748703,0.0014125832379789966,0.9038722813129425,0.0014411271911329996
2753,0.24085889756679535,0.004976573431620834,0.904296875,0.0036828759165789425
2754,0.24129575490951538,0.009058537856749432,0.9040624797344208,0.00574524765476252
2755,0.23889876157045364,0.010611786201633538,0.9050480723381042,0.006799129601777425
2756,0.23757892847061157,0.011986648010195285,0.9045138955116272,0.0073656675394608625
2757,0.23883642256259918,0.013206251365555024,0.904296875,0.008286407592029853
2758,0.2409597858786583,0.009765540703807552,0.90247842669487,0.006095740846979115
2759,0.2418464571237564,0.011898202848595173,0.9020833075046539,0.008102268010885759
2760,0.24189580976963043,0.011103713680740566,0.9029737710952759,0.008197309154277823
2761,0.2405262291431427,0.009613738292183439,0.90380859375,0.006905339660024878
2762,0.24200769513845444,0.010843867822958776,0.9031723439693451,0.007700524250879916
2763,0.2420351505279541,0.011868805421758825,0.903492659330368,0.007149074884963379
2764,0.24229858815670013,0.00973746036598717,0.9029017686843872,0.0066291092148844785
2765,0.24277961999177933,0.013640816983838726,0.90234375,0.009207147644598845
2766,0.24196941405534744,0.0150609550444133,0.9026604890823364,0.009854101769241069
2767,0.24363329261541367,0.012142939061185807,0.90234375,0.009013272141448732
2768,0.24592699110507965,0.013108028135100386,0.9020432829856873,0.009348761055595449
2769,0.24571479856967926,0.01312846935662817,0.9017578065395355,0.008562595890321743
2770,0.2468206286430359,0.012735302480294294,0.9016768336296082,0.008623245205328919
2771,0.24583160877227783,0.009859285831607908,0.9014136791229248,0.006839590576347884
2772,0.24544581770896912,0.0095048729824798,0.9018895328044891,0.006680486223219258
2773,0.24514338374137878,0.00878121159354775,0.9025213122367859,0.006277604498303622
2774,0.24651004374027252,0.006264391461295457,0.9024305641651154,0.0039283813091549
2775,0.2471827045083046,0.0058057178456635255,0.9016644060611725,0.003602754757559733
2776,0.24684004485607147,0.005796982911309642,0.9010970890522003,0.0044664279772449736
2777,0.2471771016716957,0.007909098467448203,0.90087890625,0.0052940656414534
2778,0.24848084151744843,0.007867025375922203,0.9000318944454193,0.004735071989653412
2779,0.24828039854764938,0.008602688079967731,0.8996874988079071,0.00574524765476252
2780,0.2494465634226799,0.008130264055009119,0.8995097875595093,0.0056325891286929
2781,0.2496415376663208,0.008311569260590857,0.8993389308452606,0.005949238401555247
2782,0.2483510971069336,0.007804458379307781,0.9003537595272064,0.006253875822591989
2783,0.2474941983819008,0.005847021757204201,0.9010416567325592,0.005319648778499512
2784,0.24718289822340012,0.004888834229733281,0.9011363685131073,0.005222963908015521
2785,0.24695967137813568,0.0035068074569246824,0.9010881781578064,0.0041432037960149265
2786,0.24589809030294418,0.0037763470898639776,0.9018640518188477,0.004264333838635236
2787,0.24513815343379974,0.004655414445967822,0.90220907330513,0.00495280260906069
2788,0.24631556868553162,0.0051564561810653305,0.9017478823661804,0.0048688882336755
2789,0.24667143821716309,0.004894302783327569,0.901562511920929,0.004787713403443518
2790,0.24631666392087936,0.005023114089088989,0.9017674028873444,0.004890340979567545
2791,0.24598998576402664,0.0032348233067717555,0.9022177457809448,0.0049896811015077225
2792,0.24539890885353088,0.0023772719168327224,0.9022817611694336,0.004559698952999582
2793,0.24502018094062805,0.003035795351391186,0.902099609375,0.005179004745018659
2794,0.24419527500867844,0.003402820644936179,0.9024038314819336,0.00543930368142194
2795,0.24300474673509598,0.0023801273658193354,0.9031723439693451,0.004687277463442058
2796,0.2448492869734764,0.0029030222418697424,0.9028684496879578,0.004452393076690845
2797,0.24530776590108871,0.004583100990635256,0.9028033018112183,0.004874367323981917
2798,0.2455849051475525,0.005105985329973535,0.9029664993286133,0.004643571181536261
2799,0.24357286095619202,0.005137848347447771,0.9040178656578064,0.004735114136501923
2800,0.3870980888605118,0.007894462974302794,0.8512208759784698,0.002539052594841789
2801,0.3867267668247223,0.00812498516223313,0.8513610363006592,0.0024200720414955354
2802,0.3862907886505127,0.007985015478328451,0.8515004813671112,0.0025261556591974557
2803,0.3858746290206909,0.007816385937436363,0.8517580032348633,0.002575762499894778
2804,0.38531993329524994,0.007969062896167077,0.8518759906291962,0.0024296393761075083
2805,0.38519173860549927,0.007913070807920355,0.851973682641983,0.0024792040699563194
2806,0.3846594840288162,0.007891765575998097,0.8521691262722015,0.0025007832563938973
2807,0.3846236914396286,0.008241373684395963,0.85212841629982,0.002300501432270129
2808,0.384142741560936,0.008331062178027145,0.8523615896701813,0.002322333499798772
2809,0.3836214393377304,0.008235220244513373,0.8525156080722809,0.002344165567327415
2810,0.3832165449857712,0.008370595921930365,0.8526493906974792,0.0022832633712291735
2811,0.38271814584732056,0.00822445172471884,0.8528407216072083,0.0023599706355190006
2812,0.3824216425418854,0.00827161404820253,0.8529730439186096,0.002299363467360335
2813,0.38219602406024933,0.008391964374125389,0.852950245141983,0.0022390513271412452
2814,0.3818093091249466,0.00868859389394506,0.8531201779842377,0.0021790342148617324
2815,0.38166315853595734,0.009006338984868691,0.8530779182910919,0.002092211706929291
2816,0.3813267946243286,0.009309522339631806,0.8532275259494781,0.0019515255265999264
2817,0.3810325562953949,0.009291652075863188,0.8533381819725037,0.001973821209462189
2818,0.38081271946430206,0.009092866464861555,0.8534673750400543,0.002022922287977381
2819,0.3804602026939392,0.009331017232372363,0.8535768687725067,0.0019372798918032442
2820,0.37992697954177856,0.009184514786948495,0.8538187146186829,0.0020399074679272712
2821,0.3795074075460434,0.009531109395677832,0.8539836406707764,0.0018207438556706221
2822,0.37912487983703613,0.00937097244476069,0.8541100025177002,0.00197668719516093
2823,0.3786754906177521,0.009356221047781877,0.8543111085891724,0.0019186088379129181
2824,0.37842194736003876,0.009102897414807149,0.8544737100601196,0.0019139726845767199
2825,0.3779957890510559,0.009076492414215074,0.8546729385852814,0.0019093786780890324
2826,0.3777161091566086,0.009220655709546586,0.8547216355800629,0.0019048268184498557
2827,0.3773577809333801,0.009345684335654154,0.8548634052276611,0.00176831317612307
2828,0.3770716190338135,0.0089636231539029,0.8549486398696899,0.0019220648794908114
2829,0.3765709549188614,0.00890779965305022,0.855182021856308,0.001917470873003124
2830,0.3761875629425049,0.008703282070651106,0.8553216755390167,0.0019915650326852758
2831,0.37582559883594513,0.008480809930786353,0.8554791212081909,0.0020914109168075836
2832,0.3754032254219055,0.008408001249983784,0.8556358814239502,0.0020864375886832983
2833,0.3751600831747055,0.008446207368158909,0.855699896812439,0.00215960451769821
2834,0.37482769787311554,0.008326636758933503,0.8557819426059723,0.0022064296663938136
2835,0.3742625564336777,0.008319345354141118,0.856046736240387,0.0021494892740555956
2836,0.37385837733745575,0.008350491875190668,0.8561823964118958,0.002170309817219977
2837,0.3735000342130661,0.008505044368680116,0.8563174605369568,0.002139458324110003
2838,0.37352360785007477,0.009009963613840627,0.8563609421253204,0.002031604538770625
2839,0.3732980787754059,0.009326465372733185,0.8564586341381073,0.0018985890848702434
2840,0.3729279488325119,0.009222468024032555,0.8566102087497711,0.001996622654506583
2841,0.37266087532043457,0.009024988965334761,0.8567249476909637,0.0020941504619607916
2842,0.3724718540906906,0.009084816416795975,0.8567851185798645,0.0020638468778814588
2843,0.37209831178188324,0.009268197354666875,0.8568629622459412,0.0019065548392388023
2844,0.3717210590839386,0.0094035098118111,0.8569404780864716,0.0018007241026279474
2845,0.3715696930885315,0.009404605629872383,0.8569818139076233,0.001745975346412296
2846,0.3713182955980301,0.009483609897406054,0.8570408523082733,0.0017167675803942467
2847,0.371195450425148,0.009459249018966758,0.8570639789104462,0.0016876862549217296
2848,0.3708306699991226,0.009574984264977672,0.8571758568286896,0.0016335697014337417
2849,0.3705502450466156,0.00942470967661208,0.8573226928710938,0.0016799733816442361
2850,0.3702045828104019,0.009521204886277772,0.8573804199695587,0.0015511304657464331
2851,0.37005501985549927,0.009351374160203124,0.8574025630950928,0.0016224850802753767
2852,0.36966122686862946,0.009235280665979867,0.8576183617115021,0.0016686358793948056
2853,0.36939293146133423,0.00893020070303376,0.8577452898025513,0.0017891337192874517
2854,0.3690918982028961,0.009032238223278635,0.8578541278839111,0.001685958234132783
2855,0.36881057918071747,0.009310217762632236,0.857997477054596,0.001632684617615013
2856,0.3685217648744583,0.009473831828551526,0.8581052720546722,0.0015797060290368191
2857,0.36812880635261536,0.009425805494673364,0.8582474291324615,0.0016253932128226284
2858,0.3676740974187851,0.009268829557394538,0.8584237098693848,0.0016709539560629048
2859,0.36709408462047577,0.009129913544702632,0.8586685061454773,0.0017163039650606269
2860,0.3667033463716507,0.009040941547496134,0.8588257730007172,0.0017858884119521128
2861,0.3665037453174591,0.008913932019508556,0.85886150598526,0.0018307748056162149
2862,0.36607450246810913,0.008897536895437817,0.8590004146099091,0.0018266865613106582
2863,0.365818053483963,0.008857834564140556,0.8591215312480927,0.0019441919749590309
2864,0.3655206561088562,0.008934963296915491,0.8591906726360321,0.0018914241206233915
2865,0.3653824180364609,0.008847529659679642,0.8592081964015961,0.0019598706026050833
2866,0.365111768245697,0.00882930114769868,0.8592939078807831,0.0019314636267087407
2867,0.3651313930749893,0.008686865873156114,0.8593281507492065,0.0018308590993132367
2868,0.3649338334798813,0.008494254775461329,0.8594472408294678,0.0019471001075062825
2869,0.3647926151752472,0.008492421387551104,0.8594640493392944,0.0019188617190039835
2870,0.3647020012140274,0.008634983102639203,0.8594976961612701,0.001914689181001405
2871,0.3642981946468353,0.008856275130745652,0.8596325218677521,0.0018150540311216515
2872,0.36406339704990387,0.008577073332785234,0.8596825301647186,0.0018826575761331254
2873,0.3637947738170624,0.00830887186228616,0.8598163723945618,0.002021278560885456
2874,0.3635500371456146,0.008246915994975146,0.8599664568901062,0.0019932087597772006
2875,0.3633378893136978,0.008187172837210955,0.8600991368293762,0.0020362828389553344
2876,0.3631078749895096,0.008030723735538516,0.860214501619339,0.0020555439487248126
2877,0.3628470152616501,0.008011420478920527,0.8603294193744659,0.002027558441313579
2878,0.3625897169113159,0.00807782283874944,0.86042720079422,0.0019761814329787995
2879,0.3622087687253952,0.007957261778584027,0.8604913651943207,0.002065912073458493
2880,0.36177729070186615,0.00789471585539386,0.8606546521186829,0.002108353949908963
2881,0.36141321063041687,0.00781760819604318,0.8608503043651581,0.0021039285308153194
2882,0.3610842376947403,0.0077427764665120875,0.8609296679496765,0.0021694668802497595
2883,0.3607702851295471,0.00772804614295753,0.8610251545906067,0.002164915020610583
2884,0.36066046357154846,0.0073235628377984795,0.8610873818397522,0.0022532548150894166
2885,0.36025673151016235,0.007336080451806215,0.8612313270568848,0.002132630534651238
2886,0.3601013273000717,0.007429161766742525,0.8613255620002747,0.0021281629687090833
2887,0.3597494214773178,0.007199672176600707,0.861435741186142,0.0022391356208382673
2888,0.35933953523635864,0.0073643188403085145,0.8615780472755432,0.0021193121305217956
2889,0.3588619530200958,0.007358586868911033,0.861768513917923,0.0021148867114281515
2890,0.35868483781814575,0.0073035009379072945,0.8618122339248657,0.0021793292428013084
2891,0.358280286192894,0.0071707172916737226,0.8619204759597778,0.002335019701200551
2892,0.3580854535102844,0.007327608935255525,0.8619152307510376,0.002193153409112882
2893,0.3578290045261383,0.007107433798634615,0.8619906008243561,0.0023482116647844608
2894,0.35780778527259827,0.00717647033649546,0.8619852066040039,0.0023888833735974738
2895,0.3574473261833191,0.007158305044787264,0.8621724843978882,0.002429344348167932
2896,0.3573213070631027,0.006954419665115814,0.8622148334980011,0.0024017381623932963
2897,0.3570229113101959,0.006811984390573248,0.8623209297657013,0.0025098869756722507
2898,0.3569096475839615,0.006619225778908674,0.8623946905136108,0.0026175721736175846
2899,0.3567592203617096,0.006461111876720055,0.8624522089958191,0.0026572745049148467
2900,0.3687172681093216,0.0032395542905171034,0.8462934792041779,0.003921469225999113
2901,0.3683669865131378,0.003149971164007198,0.8464461863040924,0.003855214380139988
2902,0.36791953444480896,0.003117728824896364,0.8466378152370453,0.0037892967090689495
2903,0.36754874885082245,0.003077415364295694,0.8468482792377472,0.003695646411677743
2904,0.36700116097927094,0.0030426863611227174,0.8471169173717499,0.003630487383879901
2905,0.36660484969615936,0.003116485492865293,0.8472069203853607,0.003649200584618738
2906,0.3662160187959671,0.003085001797027655,0.8473357558250427,0.003612237798474684
2907,0.36586520075798035,0.003042285966061864,0.8474835157394409,0.0036585993318366673
2908,0.36553288996219635,0.0030946534253366497,0.8475914895534515,0.0037047501309560964
2909,0.3652690351009369,0.003061842103770919,0.8477379083633423,0.0036403075995829395
2910,0.364821195602417,0.003152373534372319,0.8479225039482117,0.0036862476644598137
2911,0.36455705761909485,0.0030459105950338006,0.8480479717254639,0.0035947890031911736
2912,0.36422866582870483,0.0031525421217663625,0.8481341004371643,0.0036680402259031074
2913,0.3639135956764221,0.0032869905685161144,0.8482777178287506,0.0038773836224567184
2914,0.3635990768671036,0.003156229971011066,0.8484784364700317,0.003840589423706708
2915,0.3633048087358475,0.0029900449473326107,0.848639726638794,0.0037496365246201986
2916,0.36295996606349945,0.0030465217243372087,0.8488385379314423,0.0037133480880523185
2917,0.3627151995897293,0.002756467112885236,0.8489216864109039,0.0036231538322390056
2918,0.36221057176589966,0.0028733613972302006,0.8491760790348053,0.0036682509601456623
2919,0.3621484041213989,0.0029812573294180893,0.8492009043693542,0.003713137353809764
2920,0.3619554787874222,0.003055625443615562,0.8493205308914185,0.0037846184088842403
2921,0.36141739785671234,0.002963281698528193,0.8496099710464478,0.0037754303959088658
2922,0.3610408455133438,0.0027836518301747625,0.8497657775878906,0.003686163370762792
2923,0.360699862241745,0.0027755385618364156,0.8499397039413452,0.0037305861490932743
2924,0.3605606406927109,0.002744834582696229,0.8499812185764313,0.0038013507077430653
2925,0.3603123873472214,0.002808265589705125,0.8500224947929382,0.0038717780916047695
2926,0.3599817007780075,0.002666905059799586,0.8501197397708893,0.0038096114900512006
2927,0.35967491567134857,0.002543288353117134,0.8502538204193115,0.0036421620609174187
2928,0.3593055456876755,0.002575109223742859,0.850480318069458,0.00371246300423359
2929,0.3590184450149536,0.002399504379422219,0.8506129086017609,0.003703654312894813
2930,0.3588855415582657,0.0024914477294487344,0.8506892919540405,0.0036686302817822603
2931,0.35861940681934357,0.0027265428504425013,0.850820779800415,0.0038168186011465636
2932,0.3583599030971527,0.0026334615355061916,0.850951611995697,0.0037035278723492803
2933,0.3582894653081894,0.0028617077936169385,0.8510266244411469,0.0038248686492121445
2934,0.35811881721019745,0.0028096142888574733,0.851082980632782,0.0037639664531139024
2935,0.35775791108608246,0.0025728754407717816,0.8512489199638367,0.0037033592849552367
2936,0.3573232591152191,0.0026892218160861044,0.8514688611030579,0.0037205551991476814
2937,0.35726480185985565,0.0027463097223941104,0.8515055179595947,0.003531400143030789
2938,0.3570988178253174,0.002788814819117347,0.851578414440155,0.003548933232011321
2939,0.3568999022245407,0.002623957421166985,0.8516691029071808,0.003438044873579159
2940,0.35643264651298523,0.0027501661590328573,0.8518860340118408,0.0035068706771974488
2941,0.35612753033638,0.0027219277705305585,0.8519755899906158,0.0034987363354348463
2942,0.35584279894828796,0.0028251875493822487,0.8520827293395996,0.003567140670568027
2943,0.3555750846862793,0.00296903474334993,0.8521893918514252,0.003635207830913121
2944,0.35528627038002014,0.0031286870055091966,0.8522596955299377,0.003702937816470128
2945,0.3552495390176773,0.0030180304547438442,0.8522044122219086,0.0036438057880093435
2946,0.35503795742988586,0.0028463031204862066,0.8522921800613403,0.0035850109343366463
2947,0.35461822152137756,0.0028698632088037966,0.8524686396121979,0.003652403745105566
2948,0.35438990592956543,0.0026287832353214823,0.8525909781455994,0.003493299391976941
2949,0.35410045087337494,0.002686124022720554,0.8527304828166962,0.003460298409592911
2950,0.35391733050346375,0.0027641589127384743,0.8528693914413452,0.0034274660146029244
2951,0.35379721224308014,0.0027957058288488783,0.8528664112091064,0.003444661928795369
2952,0.3535686284303665,0.00277315726489555,0.8529691398143768,0.0033621805462595495
2953,0.35329243540763855,0.0027914279237250227,0.8531065583229065,0.003379502900997527
2954,0.35306212306022644,0.0028318046045984592,0.8531907498836517,0.0033223096275682438
2955,0.35279519855976105,0.002650299201486294,0.8533445298671722,0.0032159309819267475
2956,0.35243551433086395,0.002642291300269224,0.853515088558197,0.0031347140048462547
2957,0.3521876335144043,0.0025964566025136267,0.8536325991153717,0.003078447962084211
2958,0.3518921434879303,0.0025280522673804457,0.8537322878837585,0.0030961917853072974
2959,0.3516763895750046,0.002624336742803583,0.8538141548633575,0.003187355418636361
2960,0.351572185754776,0.0025405698813881815,0.8538437485694885,0.0031558717227987234
2961,0.35134032368659973,0.0022790908332265946,0.8539422750473022,0.003026818072658366
2962,0.3511865437030792,0.002480299888017603,0.8540403842926025,0.003093241505911535
2963,0.3509470522403717,0.002343533364599752,0.8541208207607269,0.003037818400119709
2964,0.3508733958005905,0.002062392811607833,0.8541495203971863,0.002958371590676674
2965,0.35067467391490936,0.0019169861842452487,0.8541952073574066,0.002951923122854507
2966,0.35045433044433594,0.0021642406710344086,0.8542747795581818,0.0030420330849707986
2967,0.35026519000530243,0.0020294761229208247,0.8543881177902222,0.0029872000350581254
2968,0.3501608371734619,0.0018387827068332848,0.85446697473526,0.0029326620130850287
2969,0.3499370366334915,0.001641640822923578,0.8545624017715454,0.0028543531685517876
2970,0.3496249169111252,0.001577956934823617,0.8547082245349884,0.0028002787619123104
2971,0.349360853433609,0.0013476454811358366,0.8547858595848083,0.0026509524776382127
2972,0.34919722378253937,0.001472631960394893,0.854913741350174,0.0026690334756493865
2973,0.34906791150569916,0.0013682342166334083,0.8550073802471161,0.002687072326812049
2974,0.34885285794734955,0.0013984956538642304,0.8551006615161896,0.00270502688427769
2975,0.34856270253658295,0.0014120247922362274,0.8552103042602539,0.0026518797083054523
2976,0.3481829762458801,0.0014985311988048374,0.8553695678710938,0.0026698342657710933
2977,0.34788110852241516,0.001267566468965138,0.8554947972297668,0.0024991395293019725
2978,0.34757788479328156,0.001121380124905102,0.8556860685348511,0.0024231909082853414
2979,0.34731361269950867,0.0012740149367873048,0.8558100759983063,0.0024415247873875805
2980,0.3470538258552551,0.0011703758362990163,0.8559501767158508,0.002389473429476626
2981,0.346822589635849,0.0011680999064794281,0.8560731410980225,0.0023610664535802838
2982,0.3464560955762863,0.0012251035190904123,0.8562450706958771,0.002402749686757558
2983,0.34624768793582916,0.0013090178944756023,0.8563010394573212,0.0024209571253142642
2984,0.34599508345127106,0.0012943086443453003,0.8564389050006866,0.002462345330551962
2985,0.3455883860588074,0.0013954400073471905,0.8566253781318665,0.0025267035682280973
2986,0.3453608453273773,0.0014122565999030372,0.8567456305027008,0.0025445316851482056
2987,0.3450949490070343,0.001499079107835479,0.8568163812160492,0.0025392211822358327
2988,0.34480082988739014,0.0013028855280172672,0.856952041387558,0.0024417776684786457
2989,0.3446657061576843,0.001365347157510412,0.8570058345794678,0.0025516545025465465
2990,0.34449733793735504,0.0013804146558530567,0.8571243286132812,0.0025234161140442477
2991,0.34425465762615204,0.0012722658425741028,0.8571937382221222,0.002426604803014724
2992,0.3439958393573761,0.001087810160066175,0.8572951555252075,0.0022845277766845003
2993,0.3437348008155823,0.001040479249188441,0.8573800623416901,0.0023026087746956738
2994,0.343505322933197,0.0009980373727379707,0.857512891292572,0.0023433647772057083
2995,0.3433869928121567,0.001045052182251873,0.8575488030910492,0.002202299275239746
2996,0.343236580491066,0.0008950515484016012,0.8576006293296814,0.002129848842649519
2997,0.34294383227825165,0.0008223903815688198,0.8577161431312561,0.002102874859602547
2998,0.34286627173423767,0.0011640116621738715,0.8577674031257629,0.0022565422692732663
2999,0.3426913619041443,0.0010572958417442877,0.8578503131866455,0.002184386864622616
3000,0.3734092265367508,0.01325954605549705,0.8491661250591278,0.0031315529912079375
3001,0.3731376379728317,0.01323261421929859,0.8492518365383148,0.0030391670992720578
3002,0.3726009279489517,0.01332643310408384,0.8495157063007355,0.0029752724769295425
3003,0.3722274899482727,0.013377536157903299,0.849600076675415,0.0029397426836348588
3004,0.3718171715736389,0.013309890466043313,0.849763035774231,0.002960226052011153
3005,0.37138213217258453,0.013398967830371087,0.84992516040802,0.002924906992959024
3006,0.3709106296300888,0.013348728786946103,0.8501453995704651,0.0029175734413181284
3007,0.3705032467842102,0.013097723230639473,0.8503841161727905,0.002937972515997401
3008,0.3702172487974167,0.01322178247923129,0.8504066169261932,0.0028200034870154086
3009,0.37020444869995117,0.0134201044748993,0.8504485189914703,0.0027302306996872046
3010,0.3698234111070633,0.013269956327079242,0.8506847321987152,0.0027509669491545645
3011,0.36953066289424896,0.013254404139978722,0.8508227169513702,0.0027990143564569836
3012,0.36944325268268585,0.012648922514271218,0.8508245646953583,0.0030384084559988618
3013,0.3691471517086029,0.012743268234662854,0.8509036302566528,0.003003637305977374
3014,0.36874960362911224,0.01296110422119141,0.8510208129882812,0.0028600008462522472
3015,0.36849163472652435,0.012811440762129225,0.851175844669342,0.002934516474419508
3016,0.36855708062648773,0.012649681157544414,0.851215124130249,0.0029544097869166498
3017,0.36822038888931274,0.012770621539346425,0.8513689339160919,0.002920144399077293
3018,0.367746964097023,0.012706452962488589,0.8516364097595215,0.002939995564725924
3019,0.36740364134311676,0.01274379507026924,0.8518835604190826,0.002986652126027484
3020,0.36716291308403015,0.0129330133466589,0.851977676153183,0.002872012698077852
3021,0.3666733503341675,0.013097807524336494,0.8522038757801056,0.0026776314327456086
3022,0.36639364063739777,0.013161133164224114,0.852296769618988,0.0025642985570998146
3023,0.36613035202026367,0.013243340592244612,0.8523703813552856,0.0025847819254761093
3024,0.3657093197107315,0.013179129868538265,0.8525751829147339,0.0025253548690757485
3025,0.36520566046237946,0.01322043378007894,0.8527790307998657,0.00251928572289018
3026,0.3647528737783432,0.013115572420983837,0.8530005812644958,0.0024868326495367916
3027,0.3643559217453003,0.01313439098884395,0.8532024323940277,0.0025336577982323946
3028,0.36393190920352936,0.013108154575645918,0.8533660769462585,0.002527630798895337
3029,0.36341966688632965,0.0133189309650489,0.8535847067832947,0.002390316366446844
3030,0.36303816735744476,0.013334356711603887,0.8537651896476746,0.0024107997348231385
3031,0.36275143921375275,0.013356778835011683,0.8538893759250641,0.002405109910274168
3032,0.362478569149971,0.01330051279224964,0.8540314435958862,0.0023733733333454647
3033,0.36240677535533905,0.013188655056301726,0.8540808260440826,0.002367767802493516
3034,0.3622201681137085,0.01302358692410881,0.8541299402713776,0.0023102795011246562
3035,0.36183036863803864,0.013154052493674283,0.8542887568473816,0.002253086227695373
3036,0.36148393154144287,0.013126720262414968,0.8544102609157562,0.0022994899079058673
3037,0.36103515326976776,0.013202563516310321,0.8545676469802856,0.0022425495155676497
3038,0.36069707572460175,0.012948713047729207,0.8547424972057343,0.002263075030792455
3039,0.3603361248970032,0.013052162487399196,0.8548802733421326,0.0021295116678614317
3040,0.35979580879211426,0.013072730149472512,0.8550897836685181,0.0020989973495395445
3041,0.3594195246696472,0.013202078827552446,0.8552621901035309,0.0020175274913679865
3042,0.3592083752155304,0.013249620472672734,0.855343759059906,0.0019619357981821173
3043,0.35894255340099335,0.013222920444141084,0.8555327951908112,0.0020082551846955896
3044,0.3585425019264221,0.013090853294332197,0.8557030260562897,0.0020289914341629495
3045,0.358254536986351,0.01310958756849529,0.8558187782764435,0.0019737790626136783
3046,0.35803018510341644,0.013365966847987057,0.8558625876903534,0.0018177514294263487
3047,0.3577685058116913,0.013440756430669639,0.8559952974319458,0.0016876441080732189
3048,0.3574802726507187,0.013008266544675101,0.8560740649700165,0.001884849212255692
3049,0.35724011063575745,0.012871478947832993,0.8561524748802185,0.0018304376308281279
3050,0.35696272552013397,0.013001270167822291,0.8562305569648743,0.0018263072396740602
3051,0.3566749691963196,0.012607386795063732,0.8563258945941925,0.001996875535597648
3052,0.35631008446216583,0.012808237601642397,0.8564736545085907,0.0018927728197757402
3053,0.3559558540582657,0.012987108826722632,0.8566031754016876,0.0018139582130603682
3054,0.35557909309864044,0.012869940587862345,0.8567671775817871,0.001834736609376239
3055,0.3553164303302765,0.013112348187072752,0.8568954765796661,0.001756385617994487
3056,0.35485313832759857,0.013161091017375602,0.8570755422115326,0.0017031120014767169
3057,0.35457147657871246,0.013600261178859117,0.8572373688220978,0.001576165693761904
3058,0.3543468862771988,0.013698926951223121,0.8573637902736664,0.0014989526672899462
3059,0.3540763854980469,0.01383727398146013,0.8575069308280945,0.0013975052029242244
3060,0.3537900894880295,0.013632714252212507,0.8575975596904755,0.0014678482930889063
3061,0.3533927798271179,0.013885405682459571,0.8577223122119904,0.0012936975150418923
3062,0.3531205505132675,0.013604897332195316,0.85786372423172,0.0013883171899488494
3063,0.3527880907058716,0.013620006977386473,0.8579873442649841,0.00140955920159834
3064,0.35268019139766693,0.013199065327883917,0.8581103980541229,0.001527696817974376
3065,0.3525831401348114,0.013008371911796377,0.8580789566040039,0.0015727517990325216
3066,0.3523379862308502,0.013238156529877771,0.8582013249397278,0.0014485871833194279
3067,0.35196615755558014,0.013253308321917439,0.8583742082118988,0.0014454261696811108
3068,0.35179391503334045,0.012916618222588161,0.8584613800048828,0.0015624679679958635
3069,0.35173776745796204,0.012657162223155098,0.8584294319152832,0.0016550224473257868
3070,0.3514692932367325,0.012899148353880396,0.8585330247879028,0.001507845652325745
3071,0.35108307003974915,0.012821534932347584,0.8587037324905396,0.0014090534394162093
3072,0.3509192615747452,0.01303140516450758,0.8587894439697266,0.001382163750066259
3073,0.35077230632305145,0.012864419350707418,0.8587906956672668,0.0014742967609110732
3074,0.35046304762363434,0.012867074602163605,0.8589261770248413,0.0015186352455445337
3075,0.35029539465904236,0.012846148691877947,0.858977347612381,0.0014443303516198276
3076,0.35004115104675293,0.01297545522310937,0.85907843708992,0.001346718250468597
3077,0.34995171427726746,0.013069400548440153,0.859112411737442,0.0013438522647698562
3078,0.34964771568775177,0.013133063363115857,0.8592127859592438,0.0012939503961329577
3079,0.34933215379714966,0.013030878328901195,0.8593625426292419,0.0012676929095106707
3080,0.3490593880414963,0.013207410403889074,0.85951167345047,0.0011479115660427098
3081,0.348763182759285,0.01315110221427852,0.8596270978450775,0.0011688585497526241
3082,0.3483767807483673,0.013309764025497781,0.8598079979419708,0.0010497515558608376
3083,0.3482499271631241,0.013273075193869048,0.8598400056362152,0.0010009455052852223
3084,0.3481261879205704,0.012898684738546776,0.85987189412117,0.001138259937733715
3085,0.34782248735427856,0.01300470513597593,0.860051155090332,0.0011126768006876025
3086,0.3475215435028076,0.01283970022405578,0.8601805865764618,0.001156635963684465
3087,0.34715136885643005,0.012675875423893935,0.8603421151638031,0.001200384392438773
3088,0.3469790369272232,0.012637880039961363,0.860388994216919,0.0012209099076635783
3089,0.3468111902475357,0.012709951150914993,0.8605006337165833,0.0011034044940152058
3090,0.3464796096086502,0.012681502028170139,0.8606443107128143,0.0010781585317571802
3091,0.3460279107093811,0.012593056866570028,0.8608521223068237,0.0010988526343760291
3092,0.34578201174736023,0.012780104580261376,0.8609783053398132,0.0010508895207706319
3093,0.3454936444759369,0.012801515179304909,0.8611522912979126,0.0009803356963633953
3094,0.3454379737377167,0.012806362066883662,0.8611486554145813,0.0010238312440266379
3095,0.3452490121126175,0.012913562576071121,0.8612092137336731,0.0008400709845191399
3096,0.34491610527038574,0.012942664974967894,0.8613336384296417,0.000747727239431771
3097,0.34447965025901794,0.012753046303517382,0.8615214824676514,0.0008818806582419468
3098,0.3442181497812271,0.012474518855133138,0.8615809381008148,0.0010605411490796266
3099,0.3438778221607208,0.01239800125166161,0.8617038130760193,0.0011935144561314973
3100,0.403474897146225,0.00959388712653481,0.8452162444591522,0.004485731233862963
3101,0.4031676948070526,0.009769218016340127,0.8452920913696289,0.004586841523440598
3102,0.40257248282432556,0.009569526248095511,0.8454667925834656,0.004490999589926824
3103,0.40212056040763855,0.009485822606952877,0.8456604182720184,0.004423606779157905
3104,0.401875376701355,0.009504830835631289,0.8457938432693481,0.004496225799142176
3105,0.4014683961868286,0.009355293817114637,0.8459856808185577,0.004429170163161343
3106,0.40099771320819855,0.009397419592201276,0.846156895160675,0.004445818168323146
3107,0.40074045956134796,0.00913745783058608,0.8461704254150391,0.0043514935213557655
3108,0.40027275681495667,0.009261727813420453,0.8463011980056763,0.004423564632309394
3109,0.39983396232128143,0.009262886851754502,0.8464898467063904,0.00441252215799954
3110,0.3995484560728073,0.008979238561276186,0.846580296754837,0.004374042085309094
3111,0.39891719818115234,0.008893322210586727,0.8468449413776398,0.0043082930016320985
3112,0.3984872102737427,0.009058200681961346,0.8469533920288086,0.0044071273613901455
3113,0.397993341088295,0.00918786546140511,0.8471385538578033,0.004450833643295942
3114,0.3973287045955658,0.00933375677752557,0.8474191129207611,0.0045760097833732975
3115,0.39705945551395416,0.009449723831203296,0.8475253582000732,0.004673495443978996
3116,0.39652152359485626,0.009700497579843115,0.8477652370929718,0.004797533619146557
3117,0.39614956080913544,0.009278986947885664,0.8479275107383728,0.004596535298598103
3118,0.395724356174469,0.009469385336033628,0.8481270968914032,0.0047201520052805555
3119,0.39518962800502777,0.009672427778734859,0.8483447432518005,0.004708645915637081
3120,0.15714118629693985,0.03914886941932925,0.9453125,0.03314563036811941
3121,0.177385576069355,0.045403862133406775,0.9375,0.04419417382415922
3122,0.17373912036418915,0.03835177768357909,0.9348958432674408,0.02577992068181004
3123,0.18494809418916702,0.06588324763251699,0.92578125,0.04419417382415922
3124,0.19438690692186356,0.08872551189969347,0.921875,0.04419417382415922
3125,0.20554958283901215,0.0841176285621338,0.9166666567325592,0.03682846413784985
3126,0.20644346624612808,0.08013176948832217,0.9162946343421936,0.03314563036811941
3127,0.21266718208789825,0.05993056372609598,0.916015625,0.027621358640099514
3128,0.2250349521636963,0.04359290688330281,0.9157986044883728,0.02577996282865855
3129,0.22805418819189072,0.03721205314285962,0.9140625,0.024306761885808763
3130,0.22681017965078354,0.03192974647214076,0.9147727191448212,0.026114735246380583
3131,0.22205590456724167,0.030622393378181338,0.9166666865348816,0.02209708691207961
3132,0.2273125797510147,0.0375175018907302,0.9146634638309479,0.023796827165675456
3133,0.23118854314088821,0.03382055946346074,0.9118303656578064,0.02209708691207961
3134,0.22955112159252167,0.032767383476158395,0.9124999940395355,0.02062392811607833
3135,0.22853003442287445,0.02541025067352099,0.91259765625,0.017263349150062196
3136,0.22885476797819138,0.01880146677633089,0.9117647111415863,0.012998298815002274
3137,0.23221979290246964,0.011992348371456383,0.91015625,0.010434716754327144
3138,0.22823996096849442,0.008644518827114792,0.9115954041481018,0.007559543042610976
3139,0.22746557742357254,0.009565617127896126,0.910937488079071,0.0066291092148844785
3140,0.23068032413721085,0.013449322777629478,0.9099702537059784,0.007365709686309374
3141,0.23387914150953293,0.012286996989396042,0.9094460308551788,0.007533116968594645
3142,0.23485208302736282,0.019335741301479237,0.9089673757553101,0.010568153676712634
3143,0.2313501313328743,0.019079277728290447,0.9104817509651184,0.00966747552403483
3144,0.22912690788507462,0.013756868331213472,0.9118750095367432,0.007954964775340183
3145,0.2289579063653946,0.014823489163190795,0.9119591414928436,0.008073945328686436
3146,0.23161334544420242,0.014459814544102419,0.9103009402751923,0.008184117190693913
3147,0.23405390232801437,0.012318059216748571,0.9087611734867096,0.006708050262145383
3148,0.2335708886384964,0.010488917601512155,0.9089439809322357,0.006095740846979115
3149,0.23551859706640244,0.010483512268190632,0.9083333313465118,0.00662915136173299
3150,0.23898261040449142,0.009564415942713567,0.9072580635547638,0.004989638954659212
3151,0.2409416362643242,0.012386611065851542,0.90625,0.006905339660024878
3152,0.23983234167099,0.015317682035405284,0.9064867496490479,0.00837011123317249
3153,0.24003103375434875,0.017767804779889085,0.9067095518112183,0.009748734647963834
3154,0.23755258321762085,0.016299535018315072,0.9073660671710968,0.008523146440115545
3155,0.2353341430425644,0.016458491857473907,0.9086371660232544,0.008286407592029853
3156,0.23513078689575195,0.017518485097522893,0.9087837636470795,0.008958270504142015
3157,0.236536905169487,0.01819892489330702,0.9081003367900848,0.008431772072543928
3158,0.23675081133842468,0.014791162530382939,0.9080528914928436,0.007082398570619144
3159,0.23595976829528809,0.016921074593305226,0.9091796875,0.008010177146889454
3160,0.2349453642964363,0.017728808408304382,0.9092987775802612,0.008623245205328919
3161,0.23458286374807358,0.018679472723316107,0.9092261791229248,0.008944067016193845
3162,0.23629552125930786,0.01704370084904767,0.9082485437393188,0.00796524860637684
3163,0.2355913668870926,0.016647077931135904,0.9083806872367859,0.007533074821746134
3164,0.23574050515890121,0.015168450581540335,0.9086805582046509,0.0073656675394608625
3165,0.23454466462135315,0.015950959507705722,0.908797562122345,0.007445746551631561
3166,0.23558375984430313,0.015269560871117971,0.908410906791687,0.006347062504649576
3167,0.23345060646533966,0.015299558890545599,0.9098307192325592,0.006444969633740382
3168,0.23127681761980057,0.014547163887641247,0.9108737409114838,0.00608798582685311
3169,0.2302001714706421,0.014640466473532237,0.9112499952316284,0.006187157361399244
3170,0.230709046125412,0.015309674134188213,0.9114583432674408,0.006499170480925393
3171,0.23253843933343887,0.015191589201372816,0.9112079441547394,0.0057367339913633195
3172,0.23266207426786423,0.012864914576177422,0.9109669625759125,0.005003125946182698
3173,0.23269090056419373,0.009582465330588355,0.9108796119689941,0.004092037521922702
3174,0.23202642798423767,0.011078404498209774,0.9107954502105713,0.004821178001161168
3175,0.23086321353912354,0.010256688466217127,0.9112723171710968,0.004340493193894422
3176,0.22964029014110565,0.011169315250447773,0.9118695259094238,0.0048458760543885525
3177,0.22939779609441757,0.01258179312130549,0.911637932062149,0.005714733336440633
3178,0.22954591363668442,0.012642906051646287,0.9108845293521881,0.005430663577477207
3179,0.22989922761917114,0.011072503939418249,0.9108072817325592,0.004971852984587614
3180,0.22858580201864243,0.010100587076044904,0.9115010201931,0.004890340979567545
3181,0.22825594246387482,0.010552559342763604,0.9110383093357086,0.004276851452642972
3182,0.22773216664791107,0.009987833719566136,0.911210298538208,0.0038582068063842613
3183,0.22642483562231064,0.009459259555678886,0.9119873046875,0.003625303321513061
3184,0.22561943531036377,0.007791940765300045,0.9122596085071564,0.0030595661739513304
3185,0.22667165100574493,0.008075062220171975,0.9118134677410126,0.0038502410520157024
3186,0.22613275051116943,0.00783227529932497,0.9120802283287048,0.003957673368869971
3187,0.22530565410852432,0.007554432737229029,0.9124540388584137,0.00422442077309542
3188,0.2253149375319481,0.00671107429852604,0.9123641550540924,0.004163223549057601
3189,0.22445619851350784,0.00570201552490247,0.9128347933292389,0.0036302345027888357
3190,0.22377857565879822,0.006626706844519358,0.9128521084785461,0.003734716540247342
3191,0.2241346538066864,0.007324447921617208,0.9129774272441864,0.003989747120586762
3192,0.22516755014657974,0.006278205090894903,0.9127782583236694,0.0037837754719140227
3193,0.22464051842689514,0.0064512495141685056,0.9130067527294159,0.0035832829135477
3194,0.2247377634048462,0.006155800106107139,0.9129166603088379,0.0032409240630937074
3195,0.22434649616479874,0.007011159859923606,0.9130345582962036,0.0034890004134288297
3196,0.2243770807981491,0.006746509261411574,0.9127435088157654,0.003156714659768941
3197,0.22455023229122162,0.006677704531217539,0.9125600755214691,0.0032579092430435976
3198,0.22530540823936462,0.007034266869619703,0.9123813509941101,0.0030768042349922863
3199,0.22639231383800507,0.006746129939774976,0.9120117127895355,0.0026240206414397515
3200,0.39347992837429047,0.019199596444076924,0.8434806764125824,0.009084289581189588
3201,0.3930407613515854,0.01893504067597404,0.843660444021225,0.008976730823789787
3202,0.39264389872550964,0.01893565180527745,0.8438591659069061,0.008953887231896883
3203,0.39229653775691986,0.019080995212367266,0.8439578711986542,0.009071224058151212
3204,0.3920864462852478,0.0193575417588715,0.8440955877304077,0.009187928681677877
3205,0.3915371745824814,0.019318872025362754,0.8443901836872101,0.009136888848131184
3206,0.3910262882709503,0.01939669618113812,0.8446439802646637,0.009141693588861426
3207,0.39059314131736755,0.019423459429942537,0.8448377251625061,0.009063342597479674
3208,0.39015451073646545,0.019418654689212295,0.8449913859367371,0.009095964258227106
3209,0.38985319435596466,0.01935212588883785,0.8451248109340668,0.009100811145805859
3210,0.3894127756357193,0.01935646701423447,0.8453353643417358,0.009105658033384612
3211,0.3890456557273865,0.01931472056078443,0.8455254435539246,0.009083067322582773
3212,0.38862133026123047,0.019541259871530485,0.8456758856773376,0.009170058417909258
3213,0.38844019174575806,0.019350756116261244,0.8457676768302917,0.009120072255575339
3214,0.38782572746276855,0.01941030961320714,0.845993846654892,0.009152061713595106
3215,0.38726484775543213,0.019436819980920488,0.8462957441806793,0.009129555296490288
3216,0.3871041089296341,0.019642854849865995,0.8462703227996826,0.00924271958474204
3217,0.3865986317396164,0.019542334616167514,0.8464935719966888,0.009165970173603702
3218,0.3862864822149277,0.019701733997235713,0.8466394543647766,0.00930543409532625
3219,0.3858065605163574,0.01976826279761016,0.8468416929244995,0.009363512452574262
3220,0.38523033261299133,0.01962778735152335,0.8471188843250275,0.00926021052687406
3221,0.3848978877067566,0.019363526611360045,0.8473000526428223,0.009184219759008919
3222,0.3844669610261917,0.019138567807433147,0.8475181460380554,0.009162050516692189
3223,0.384051114320755,0.019318893098787007,0.8476974666118622,0.009193281331438761
3224,0.3838781714439392,0.01975599806469349,0.8478195369243622,0.009250853926504642
3225,0.383556604385376,0.01946564842530194,0.8479597866535187,0.009069538184210775
3226,0.3832821547985077,0.019516140349817992,0.8480993807315826,0.00915366329383852
3227,0.38291074335575104,0.01980065265069078,0.848256915807724,0.009263750862148975
3228,0.3823768049478531,0.019543894049562416,0.848469614982605,0.009136340939100544
3229,0.38201454281806946,0.019665677368334643,0.8485884070396423,0.009246007038925889
3230,0.38160930573940277,0.019488344503225057,0.8487807512283325,0.009145444658378896
3231,0.3812631070613861,0.01963579525274042,0.8489352166652679,0.00920221646332307
3232,0.38080428540706635,0.01966329607139378,0.84914430975914,0.009232646487947936
3233,0.3802742213010788,0.019605217714145768,0.8492971658706665,0.009236903319647535
3234,0.37982888519763947,0.019739413279804455,0.8494676947593689,0.00931908967424378
3235,0.3794807344675064,0.019783709617589403,0.8496007919311523,0.009297257606715136
3236,0.3790556639432907,0.019761245347333097,0.8497880697250366,0.00919795963162347
3237,0.3785497397184372,0.019683737292921562,0.8499562442302704,0.009176506885731425
3238,0.3783227503299713,0.01957822265767454,0.8500691056251526,0.009232267166311337
3239,0.37786324322223663,0.019427905922460437,0.8502358496189117,0.009108228991143776
3240,0.3774150013923645,0.01959621936198869,0.8504561483860016,0.009215113398967403
3241,0.37692052125930786,0.019512600014543077,0.8506934642791748,0.009091665279678996
3242,0.37654978036880493,0.01961826216375989,0.8508215546607971,0.009121673835818751
3243,0.3763807564973831,0.019387234213647422,0.850877195596695,0.009049813459107678
3244,0.3759007006883621,0.019296365608257936,0.8510580956935883,0.00900370480683676
3245,0.37526895105838776,0.019280307658975284,0.85130974650383,0.009059001472083052
3246,0.37483035027980804,0.019071217143512738,0.8515245616436005,0.009063553331722228
3247,0.3743122071027756,0.018827229037483174,0.8517383933067322,0.008916924445752828
3248,0.37427014112472534,0.01897902091239516,0.8518268465995789,0.00899717204531757
3249,0.37388624250888824,0.018810665326018394,0.8519503474235535,0.008976772970638298
3250,0.37359340488910675,0.018644311714945894,0.8520733118057251,0.008856317277594164
3251,0.3730992376804352,0.018565012419472646,0.8522663116455078,0.0087864378027631
3252,0.37281903624534607,0.018418678561442824,0.8523351550102234,0.008741677849644532
3253,0.3725273013114929,0.018416613365865787,0.852491557598114,0.00877177069948131
3254,0.3721914738416672,0.01849005424939602,0.852594643831253,0.008826435161999938
3255,0.3718794286251068,0.018129466886961067,0.8527497947216034,0.008707749636593261
3256,0.37175314128398895,0.018256307827554604,0.8528518676757812,0.0087129336989601
3257,0.37133608758449554,0.018215846852984146,0.8530579507350922,0.008668890242266218
3258,0.3709232807159424,0.01820832364052495,0.853245735168457,0.008698772357860441
3259,0.3705063462257385,0.017913927903676356,0.8534500896930695,0.008605922850590942
3260,0.3700709640979767,0.017874562747167182,0.8536188900470734,0.008611317647200335
3261,0.36952586472034454,0.01782379686813581,0.853838711977005,0.008592267271673412
3262,0.3689703196287155,0.017860506773188796,0.8540576100349426,0.008622065093570615
3263,0.36852946877479553,0.017826136018228165,0.8542583286762238,0.008627417743331497
3264,0.36819978058338165,0.018025806713048525,0.8543552756309509,0.008681239268879908
3265,0.36791691184043884,0.01786554332158585,0.8544518351554871,0.008589612020217225
3266,0.3676571547985077,0.01760634020324385,0.8545820713043213,0.008498406240039651
3267,0.3672783821821213,0.017372825589069243,0.8546947538852692,0.008335340083151002
3268,0.36697836220264435,0.01765128981718072,0.8548409044742584,0.008509490861198015
3269,0.36652645468711853,0.01777640273698531,0.8550203442573547,0.008539035802004153
3270,0.3661678731441498,0.0178939924443307,0.8551144003868103,0.008640188238430298
3271,0.36578336358070374,0.01752284729634377,0.855309396982193,0.008549867542071453
3272,0.36548706889152527,0.01751808470246204,0.8554023802280426,0.008555262338680846
3273,0.3651098161935806,0.01758714231374714,0.8555118441581726,0.008536844165881586
3274,0.3646229952573776,0.017686060967202207,0.8557046949863434,0.008589654167065737
3275,0.36425550282001495,0.017761798853976284,0.8558130264282227,0.008665982109718966
3276,0.36383526027202606,0.01770599642654786,0.8559710085391998,0.008671081878388784
3277,0.36340293288230896,0.017712002352460662,0.8561449646949768,0.008652579411892502
3278,0.3630785793066025,0.01751700995782501,0.8563182055950165,0.008587125356155082
3279,0.3625837415456772,0.017281493368346137,0.8565073013305664,0.00840450306155738
3280,0.36214248836040497,0.01713090267861671,0.8567121624946594,0.008433584387029895
3281,0.36189034581184387,0.01690244568626341,0.8568335175514221,0.008392364769186242
3282,0.3619184345006943,0.016742940938073932,0.8568553626537323,0.00830465717743507
3283,0.36168497800827026,0.01676247600235873,0.8569594621658325,0.008333696356059076
3284,0.36137670278549194,0.016734911963432606,0.8571287989616394,0.008316163267078545
3285,0.3613647371530533,0.016559222825414943,0.8571335077285767,0.008205991405071068
3286,0.3613746613264084,0.01684982534589756,0.8571872413158417,0.008304488590041027
3287,0.3610570430755615,0.016783928748250777,0.8572734594345093,0.00821787681635114
3288,0.36079932749271393,0.01662602558030471,0.8573429584503174,0.008154656543584798
3289,0.36049605906009674,0.016630956761580485,0.8575422763824463,0.008137713510483419
3290,0.3604440838098526,0.016785172080281848,0.8576109409332275,0.008212566313438767
3291,0.36024506390094757,0.016703786515807312,0.8577117323875427,0.008149767509157536
3292,0.36003001034259796,0.016636520145583925,0.8577959537506104,0.008110065177860273
3293,0.35972070693969727,0.016293634459523545,0.8579442799091339,0.007888162020450416
3294,0.3595675975084305,0.01627329860511704,0.857995480298996,0.007940171231512859
3295,0.3592969477176666,0.016229023340756345,0.8581267595291138,0.0078784260984444
3296,0.35903245210647583,0.01632768911312035,0.8582735359668732,0.00797557458426201
3297,0.3587650954723358,0.016352049991559644,0.8584196865558624,0.007936630896237945
3298,0.3583528399467468,0.016303412528378074,0.8586131036281586,0.007965543634316417
3299,0.3579517900943756,0.016175286108904955,0.8587738871574402,0.007859207135523433
3300,0.3672534227371216,0.004376781630462302,0.8524178266525269,0.0004513927475516751
3301,0.36677688360214233,0.004191040469074791,0.8526344895362854,0.0005065208254039245
3302,0.3665180653333664,0.003854729691382113,0.8527111709117889,0.0007017028808578747
3303,0.36590147018432617,0.0038783951468209796,0.8529854416847229,0.0007279603674801617
3304,0.36544591188430786,0.003936642091463036,0.8531398177146912,0.0006423179713060251
3305,0.365128830075264,0.004299926852202686,0.853293389081955,0.0005014210567341063
3306,0.36498840153217316,0.004099223559593809,0.8533872961997986,0.00044456495809291023
3307,0.36461561918258667,0.0043695745193669385,0.8536179065704346,0.0004157365137114587
3308,0.36464035511016846,0.003944439258437551,0.8536518514156342,0.0005529245056144188
3309,0.364219605922699,0.004081374369249446,0.853841632604599,0.0005791398453881949
3310,0.3638343960046768,0.003945724737317133,0.8539721369743347,0.0006877522740007688
3311,0.363756462931633,0.00399179124273954,0.8540243804454803,0.0006860242532118222
3312,0.363214835524559,0.0039689055039981245,0.8542698919773102,0.0006843383792713864
3313,0.3627459555864334,0.004035455377796826,0.8544369637966156,0.0006826525053309507
3314,0.3622330576181412,0.004111446145661968,0.8546417653560638,0.0006809666313905148
3315,0.3619779944419861,0.0045173413702461335,0.854768693447113,0.0005705840351404834
3316,0.3615211844444275,0.004698193497206379,0.8549332916736603,0.00046079149476960446
3317,0.3610488772392273,0.004670545164583233,0.8551544845104218,0.0005407862132432813
3318,0.3606666922569275,0.004815951791945818,0.8552601635456085,0.0004585155649500162
3319,0.36036720871925354,0.004699415755813195,0.8553272485733032,0.000538130961787095
3320,0.3599063456058502,0.004699795077449794,0.8555079102516174,0.0005099768669818178
3321,0.3597941994667053,0.004646732195174578,0.8555740714073181,0.0005355178571794196
3322,0.35950295627117157,0.004833548101199116,0.8557343482971191,0.0004808112478122791
3323,0.35921384394168854,0.004845812834115786,0.855837345123291,0.0005062679443128592
3324,0.3588387370109558,0.004707044335393667,0.8560150563716888,0.00047849317114417996
3325,0.3588048815727234,0.004947618546693851,0.8560231029987335,0.00037127158853246555
3326,0.35838423669338226,0.004915608015249827,0.8562369048595428,0.0004497490204597502
3327,0.35809411108493805,0.00459803151172024,0.8563936948776245,0.0005542310579182565
3328,0.35798245668411255,0.0047567776166365225,0.8564380407333374,0.00044759953118569463
3329,0.3578193783760071,0.005181702143323356,0.8565007448196411,0.0003677734001060613
3330,0.35751035809516907,0.004861259654095029,0.8566558063030243,0.0004716653816854151
3331,0.3572015166282654,0.004750582029905421,0.8567546606063843,0.0004443963706988667
3332,0.35702936351299286,0.005084490437232979,0.8568530678749084,0.0003129824970418991
3333,0.356574609875679,0.005193229306391085,0.8570245802402496,0.0001821165324155731
3334,0.3562345951795578,0.005166002442253048,0.8572136461734772,0.0002855448986613071
3335,0.35571257770061493,0.005157530925702358,0.85743847489357,0.0002848705490851328
3336,0.3554256409406662,0.005238958637025406,0.8576439619064331,0.00020668814509742432
3337,0.3551131635904312,0.005332735374962145,0.8577573597431183,0.0001031333383061577
3338,0.354835107922554,0.0052854466109329215,0.8579611480236053,0.00018000918999002842
3339,0.3543620705604553,0.0053873787640565185,0.8581458628177643,7.70022922294034e-05
3340,0.3539316654205322,0.005140103203843103,0.858365923166275,0.00017916625301981053
3341,0.3537421226501465,0.005498941472064855,0.8584043383598328,2.5540990197601783e-05
3342,0.3537040203809738,0.005643905557518075,0.8584066033363342,7.645438319876177e-05
3343,0.35344040393829346,0.0057700300016869255,0.8584807217121124,0.0002288152405656437
3344,0.3533594608306885,0.005520984273836052,0.8585724532604218,0.00010144746436572193
3345,0.3529541343450546,0.005805285840466289,0.8587889969348907,0.00020243131339782404
3346,0.3526547998189926,0.005778564738510381,0.85893315076828,0.0002019676980642042
3347,0.35243190824985504,0.006054921624196314,0.8590410351753235,0.00030227719752013197
3348,0.35209549963474274,0.006126529119816323,0.8591839671134949,0.00035184189136894337
3349,0.3517816513776779,0.006114348680596675,0.8592908084392548,0.00040119585097520027
3350,0.35139501094818115,0.006117530767659247,0.8593971133232117,0.0004003107671564715
3351,0.3509952425956726,0.006121239690328206,0.8595382571220398,0.0003494816678523333
3352,0.3506408929824829,0.006161447783807598,0.8596435487270355,0.0003984984526705031
3353,0.3501833975315094,0.00605827229865293,0.8598889708518982,0.0003478800876089193
3354,0.3498179763555527,0.0060718646572976934,0.8599754571914673,0.00037190379126012896
3355,0.3495727479457855,0.006257626892109459,0.8600965440273285,0.00039580105436580584
3356,0.3493342399597168,0.0064843769370980684,0.8602171242237091,0.0004689679833807179
3357,0.3490123450756073,0.006565341033087496,0.86038938164711,0.0005171839780771807
3358,0.3484732508659363,0.006731863231554038,0.8606303930282593,0.0006143324638947914
3359,0.3481927514076233,0.006888523067469032,0.8607662916183472,0.0007600762660454629
3360,0.34784260392189026,0.0068569972247828825,0.8608843088150024,0.0007828355642413458
3361,0.34750716388225555,0.0069098704462398,0.8610363006591797,0.0007567045181645915
3362,0.34719689190387726,0.007087013650531087,0.8612048625946045,0.0007550186442241557
3363,0.34665343165397644,0.007139886871988003,0.861441433429718,0.0008506076966468633
3364,0.34625156223773956,0.007230312935468127,0.8616597950458527,0.000872987673206148
3365,0.3459352105855942,0.0072669385468240935,0.8617574572563171,0.0008710910650231578
3366,0.34546031057834625,0.007381957296410323,0.8619571328163147,0.0009174525983851413
3367,0.3450428992509842,0.0073365651405640905,0.8621218204498291,0.0009154295496566183
3368,0.3447045683860779,0.007024278066522621,0.8623028099536896,0.0007451984285211173
3369,0.344341441988945,0.007300782466178341,0.8624491095542908,0.0008155415186857995
3370,0.34402090311050415,0.007799485051183495,0.8625778555870056,0.0010530811568931983
3371,0.34369874000549316,0.007752828489881935,0.8627060353755951,0.001003052847710767
3372,0.34373603761196136,0.007607232201701052,0.8627662360668182,0.0009532352727708903
3373,0.34356316924095154,0.007456957613335459,0.8628598153591156,0.0008560446401047687
3374,0.3430831730365753,0.0074477696003600845,0.8630536794662476,0.0008542323256188003
3375,0.3428393304347992,0.007462563144187408,0.8631629943847656,0.0009234374508736883
3376,0.3426440507173538,0.007384191079381401,0.8632217347621918,0.0008741677849644532
3377,0.3423754870891571,0.0074082358564568655,0.8633469045162201,0.0008251931469947943
3378,0.34209538996219635,0.0070554878078449386,0.8634548783302307,0.0006587552422252737
3379,0.3417102247476578,0.007031716985284794,0.8636288344860077,0.0006807980439964713
3380,0.3414454162120819,0.0071978387886904825,0.8636694848537445,0.0007496659944632721
3381,0.3413376808166504,0.007140729808958222,0.8637926578521729,0.0007013235592212767
3382,0.3410833030939102,0.007125620163767066,0.8638987839221954,0.0007698121880514795
3383,0.34065626561641693,0.007086676475743,0.864086776971817,0.0008147407285640925
3384,0.3404052406549454,0.006924158227884993,0.8641754388809204,0.0008130127077751459
3385,0.34014561772346497,0.006757825690236749,0.8642964959144592,0.0007186037671107433
3386,0.3398701399564743,0.006736225430374916,0.8644170463085175,0.0007171286274128619
3387,0.3395278751850128,0.006743158586954958,0.8645534217357635,0.0007387078138504397
3388,0.33933548629283905,0.0067470150235937046,0.8646077513694763,0.0007371483804555366
3389,0.33899572491645813,0.0068960673533524815,0.864775687456131,0.0008045411912244562
3390,0.33872169256210327,0.006952249102417503,0.8648942410945892,0.0008487953821608949
3391,0.3385520577430725,0.006622702893910822,0.8649637401103973,0.0007325543739678492
3392,0.3382100909948349,0.006498264323682408,0.8651298582553864,0.0006625063117427433
3393,0.33810071647167206,0.006730324871583391,0.865182489156723,0.0006611576125903946
3394,0.33768753707408905,0.006700737783928743,0.8653314113616943,0.0007052853629813008
3395,0.33723509311676025,0.006731652497311484,0.8655118346214294,0.0007038523701319304
3396,0.3368426412343979,0.006807369310661305,0.8656754791736603,0.00072505223493291
3397,0.336432620882988,0.006770743699305338,0.8658384382724762,0.0007009442375846786
3398,0.3361654281616211,0.00652167689803021,0.8660167157649994,0.0006092326952249732
3399,0.33595941960811615,0.006781280411433062,0.8660987317562103,0.0006980782518859379
3400,0.4346469044685364,0.03362285913380827,0.8481886386871338,0.010777033457932626
3401,0.43391062319278717,0.03330964482909956,0.8484161198139191,0.01086212794507612
3402,0.43334247171878815,0.03349024407496874,0.8486027121543884,0.010722242554868464
3403,0.43255478143692017,0.033326566788776685,0.8488675951957703,0.010695099984427447
3404,0.431930348277092,0.033351580943367896,0.8490916192531586,0.010723886281960388
3405,0.4315699636936188,0.03340466489906737,0.8492160439491272,0.010724687072082096
3406,0.4307771623134613,0.033208934934582775,0.8494773507118225,0.010808896475406862
3407,0.4300091713666916,0.03318939987029798,0.8497765958309174,0.01072633079917402
3408,0.42947329580783844,0.032830940923712824,0.8499374389648438,0.010727131589295728
3409,0.42902491986751556,0.03283178386068304,0.8499999940395355,0.01064524026263906
3410,0.4287876635789871,0.032589060160108804,0.8500038981437683,0.010646209640154811
3411,0.428040087223053,0.03243688896356022,0.8502794206142426,0.01064717901767056
3412,0.4276706576347351,0.032198127066746005,0.8504180908203125,0.010730334749782555
3413,0.4272853881120682,0.0321085439402361,0.8505174517631531,0.010758404550890811
3414,0.4268641769886017,0.03161540473923439,0.8506163358688354,0.01094983553682729
3415,0.4264846742153168,0.031398896378433926,0.850772351026535,0.010950046271069845
3416,0.4261074364185333,0.031499290171586876,0.8509659469127655,0.010896098304975902
3417,0.42549219727516174,0.03125593426828497,0.8512159585952759,0.010869419349868506
3418,0.42491407692432404,0.031248326762128752,0.8513884544372559,0.010788918869212698
3419,0.42420223355293274,0.030978987326719887,0.8516552448272705,0.010789593218788873
3420,0.4237136244773865,0.030592247844783923,0.8517878949642181,0.010870725902172343
3421,0.42305296659469604,0.03022637105286085,0.8520145416259766,0.010978242512723634
3422,0.42256881296634674,0.030140454702171394,0.8521267771720886,0.011085295507941304
3423,0.4219295531511307,0.029857607201814785,0.8523892164230347,0.011138484830762053
3424,0.42130953073501587,0.029783829143496462,0.8526127636432648,0.01108508477369875
3425,0.42083992063999176,0.02986064177490757,0.8527790307998657,0.01100546937686167
3426,0.42036379873752594,0.02960392532062771,0.8529070615768433,0.011084958333153217
3427,0.4199000298976898,0.029492046511255546,0.8530718088150024,0.011111257966624015
3428,0.4195740967988968,0.029487726459283176,0.8531613051891327,0.01113743115954928
3429,0.41892093420028687,0.029484460078523584,0.8533618152141571,0.01111096293868444
3430,0.41840270161628723,0.029399154857137535,0.8535613715648651,0.01108457901151662
3431,0.4178205132484436,0.029541189736619247,0.8538339138031006,0.010953797340587315
3432,0.4173591434955597,0.029900744501265685,0.8540498614311218,0.010745339027852433
3433,0.4168013632297516,0.02981518639878857,0.8542279899120331,0.010746055524277119
3434,0.4161762148141861,0.029594189398621695,0.8544236421585083,0.010772734479384514
3435,0.4158322960138321,0.029280616845700644,0.8544901907444,0.010876963635751956
3436,0.415288969874382,0.02901500740638499,0.8546842932701111,0.011006565194922954
3437,0.41480401158332825,0.02872379375659897,0.8548592925071716,0.011109740680077623
3438,0.4146527200937271,0.028673744373992283,0.8549061715602875,0.011083904661940445
3439,0.4142259657382965,0.028423244579867783,0.8550253808498383,0.011160780513624315
3440,0.4135751277208328,0.028407587025645987,0.8552164733409882,0.011083736074546402
3441,0.4129639267921448,0.028121051676044673,0.8554427921772003,0.011160274751442186
3442,0.41247108578681946,0.028089441539661503,0.8555960059165955,0.01113452302700203
3443,0.4120217263698578,0.02806019162679494,0.8557305037975311,0.011083483193455337
3444,0.4113542139530182,0.028078399065351648,0.8560078740119934,0.010981951435392592
3445,0.4108539819717407,0.028029761602170074,0.8560871779918671,0.011058026496954755
3446,0.41033029556274414,0.02794795456921043,0.8563089072704315,0.011032738387848219
3447,0.40983882546424866,0.02806613433243498,0.8564227521419525,0.010856480267375661
3448,0.4094361662864685,0.02811203225046334,0.8565183579921722,0.01085690173586077
3449,0.4090583622455597,0.02792199211052772,0.8565602898597717,0.010932555328937825
3450,0.4084770083427429,0.027745481108964097,0.8567966222763062,0.01093280821002889
3451,0.4078896790742874,0.027680132420347954,0.8570142388343811,0.010858208288164608
3452,0.4074149578809738,0.02801047941897634,0.8571604490280151,0.010684310391208658
3453,0.4068771004676819,0.027806214717668296,0.8573411703109741,0.01066028668755745
3454,0.4062909930944443,0.02762201191625143,0.8575035035610199,0.010760301159073801
3455,0.4058830291032791,0.027279905946888505,0.8576651215553284,0.010810413761953254
3456,0.40530015528202057,0.027347720226142534,0.8578609526157379,0.010712253751771381
3457,0.4047652631998062,0.02726608178057693,0.858038455247879,0.01073762615457494
3458,0.40424491465091705,0.02722170114909496,0.858163058757782,0.010738342650999625
3459,0.40372827649116516,0.027006351826628548,0.8583391010761261,0.010763504319560628
3460,0.4032864570617676,0.026937568169858768,0.8584625124931335,0.010764136522288291
3461,0.4027404934167862,0.026619422683874284,0.8586198687553406,0.010862422973015698
3462,0.4023362696170807,0.026506279469046788,0.8587420880794525,0.010911524051530888
3463,0.40198035538196564,0.026224801741266783,0.8588465750217438,0.010984775274242822
3464,0.40176425874233246,0.026320053618901405,0.8588820099830627,0.010815134208986475
3465,0.401324138045311,0.026182823480149935,0.8590371012687683,0.010815639971168604
3466,0.4008162319660187,0.02612906517487429,0.8591573238372803,0.010816145733350735
3467,0.4004262536764145,0.026046773453156768,0.8592429757118225,0.010816651495532867
3468,0.3999658674001694,0.025965472182379254,0.8593622446060181,0.010817157257714996
3469,0.39935559034347534,0.025857344442524553,0.8595997393131256,0.010745718349489031
3470,0.3989058583974838,0.0258027853471272,0.8597007691860199,0.010722453289111018
3471,0.3983567953109741,0.025738996091905962,0.8599196076393127,0.01067537525932435
3472,0.39787837862968445,0.025491762678541058,0.8600700795650482,0.010771512220777699
3473,0.39744725823402405,0.025356555588518112,0.8602367639541626,0.010700747662127908
3474,0.39701226353645325,0.025545373469846915,0.8604026734828949,0.010630320278266204
3475,0.3964557498693466,0.02563019400247509,0.860601395368576,0.010560187922344077
3476,0.39597654342651367,0.025438741943114355,0.8607825338840485,0.01060848821073756
3477,0.39534321427345276,0.025349685652210834,0.8609795868396759,0.010633017676570902
3478,0.3948768377304077,0.025422262525346594,0.8611092865467072,0.010563306789133881
3479,0.3943016082048416,0.025467802195162616,0.8612715899944305,0.01049393307648495
3480,0.3937734514474869,0.025470583887164333,0.8614166676998138,0.010448245892699142
3481,0.39325933158397675,0.02532850686083411,0.861594170331955,0.010449510298154469
3482,0.39286969602108,0.025137370902837207,0.8616884350776672,0.01042746749638327
3483,0.3924414664506912,0.024880823035951394,0.8618152737617493,0.010545141497425687
3484,0.39202219247817993,0.024710022932360996,0.8619250953197479,0.010592640995697464
3485,0.39191634953022003,0.024576859964490827,0.8620017170906067,0.01054724883985123
3486,0.39140111207962036,0.024594835595380723,0.8621434271335602,0.010502025271399042
3487,0.391093373298645,0.024599134573928833,0.8622519075870514,0.010457012437189408
3488,0.3906134068965912,0.024305961095687056,0.8623924851417542,0.010596476358911956
3489,0.39021092653274536,0.02414163053334308,0.8625324964523315,0.010689368013029965
3490,0.3897083103656769,0.02392280409587452,0.8626881539821625,0.010804808231101306
3491,0.3892252594232559,0.02388674746697345,0.8628431558609009,0.01082819973202485
3492,0.38872359693050385,0.023916756023113203,0.8630460202693939,0.010782976163572662
3493,0.3882451802492142,0.023837182773124636,0.8631996214389801,0.010806325517647698
3494,0.38793350756168365,0.023736283217789558,0.8632560968399048,0.0108295484311772
3495,0.3876068592071533,0.023611043857439434,0.8633605241775513,0.010875404202357053
3496,0.38719016313552856,0.02328971628439238,0.8635446131229401,0.010898458528492512
3497,0.38677945733070374,0.02337072252723032,0.8637279570102692,0.010876120698781737
3498,0.38631585240364075,0.023415482480348887,0.8639105260372162,0.01080877003486133
3499,0.3858496844768524,0.023359342878132374,0.8640923500061035,0.010786727233090132
3500,0.42952047288417816,0.009772990159281852,0.8421840071678162,0.0008745471066010512
3501,0.4289807677268982,0.009815200228065512,0.8424267768859863,0.0009286636600890391
3502,0.428380087018013,0.009895342460508978,0.842608779668808,0.0008981914886156627
3503,0.4279159903526306,0.010084392149504594,0.8428096175193787,0.000783931382302629
3504,0.42739786207675934,0.00996332532715705,0.8430292308330536,0.0008657384152622743
3505,0.4268151968717575,0.009806075435362905,0.843267410993576,0.0008635467791397078
3506,0.4260128140449524,0.009675862746888498,0.8435633480548859,0.0008891720630343314
3507,0.4253561645746231,0.009383216104253104,0.8437989950180054,0.0010532497442872419
3508,0.4250500947237015,0.009937657896413916,0.8438770771026611,0.0008294499786943945
3509,0.42450621724128723,0.009757669779848143,0.844110757112503,0.0008825128609696102
3510,0.15427880734205246,0.0028055365812640442,0.9609375,0.011048543456039806
3511,0.12572013586759567,0.0003202212182736451,0.96875,0.011048543456039806
3512,0.17236730456352234,0.019020640925299665,0.9401041865348816,0.011048543456039806
3513,0.19220592826604843,0.03254728209652238,0.93359375,0.0
3514,0.20353829860687256,0.03327312458486487,0.9296875,0.0066291092148844785
3515,0.20308169722557068,0.02897488360660262,0.9309895634651184,0.005524271728019903
3516,0.20981436222791672,0.016932464779115294,0.9252232015132904,0.004735071989653412
3517,0.20840435475111008,0.02079541310595703,0.9248046875,0.006905339660024878
3518,0.2167290449142456,0.020311493528067073,0.9201388955116272,0.0073656675394608625
3519,0.21329954266548157,0.020900790763946395,0.921093761920929,0.009943705969175229
3520,0.2152349203824997,0.01501161162151917,0.9176136255264282,0.0060264935748757156
3521,0.208343043923378,0.017733033629867598,0.9205729067325592,0.009207105497750334
3522,0.2016368955373764,0.012346961418114918,0.9230769276618958,0.005099347201333069
3523,0.19840452075004578,0.00979692956923604,0.9241071343421936,0.003156714659768941
3524,0.2005690187215805,0.005867747469959434,0.9229166805744171,0.001473158796001279
3525,0.20067790895700455,0.005962188020760219,0.921875,0.0013810679320049757
3526,0.20095250755548477,0.008098738212322971,0.921875,0.002599617616151944
3527,0.1980167180299759,0.0038786269544877896,0.9236111044883728,0.002455222513153621
3528,0.19684777408838272,0.0017204027460783111,0.9235197305679321,0.0011630001378096098
3529,0.192237488925457,0.0032813955743762934,0.92578125,0.0022096749737291524
3530,0.19880332052707672,0.0022724737780103845,0.923735111951828,0.0005261191099614902
3531,0.20181338489055634,0.0028241338781694763,0.9232954680919647,0.0020088452405747424
3532,0.1983848512172699,0.0051619984916445125,0.9242527186870575,0.0024018224560903184
3533,0.19965337961912155,0.007008947150376784,0.9244791567325592,0.0018414379582894712
3534,0.19815407693386078,0.0068295806998265466,0.9246875047683716,0.0004419518534852348
3535,0.19897160679101944,0.004918863859297293,0.9233773946762085,0.0004249245266868336
3536,0.2016182690858841,0.0022677744044014196,0.9227430522441864,0.002046018760961351
3537,0.204304538667202,0.0035089885563351214,0.921595960855484,0.0011837785341254807
3538,0.20458900183439255,0.004950326481710675,0.9216056168079376,0.00038096536368997113
3539,0.20396117120981216,0.005188961937979357,0.9216145873069763,0.0011048374868645762
3540,0.20489855110645294,0.0038375969974624342,0.9213709831237793,0.0
3541,0.20230987668037415,0.00402479222512357,0.9228515625,0.0
3542,0.20559116452932358,0.005014516131992767,0.9206912815570831,0.0003347724177220313
3543,0.20385438948869705,0.002712982101934121,0.9211856424808502,0.0022747075609814617
3544,0.20222707092761993,0.004368752655820977,0.9212053716182709,0.0015783573298844705
3545,0.20034164190292358,0.006087437917822468,0.9214409589767456,0.0006138267017126607
3546,0.20147529989480972,0.0033106244138185986,0.9212415516376495,0.0002986104216996842
3547,0.20409400016069412,0.0039895469230563346,0.9204358756542206,0.002616771383495878
3548,0.20386198908090591,0.005491850264802897,0.9204727709293365,0.0025496736006665344
3549,0.20391246676445007,0.005826485705267268,0.920703113079071,0.0027621358640099515
3550,0.20421990752220154,0.002543773041875009,0.9209222495555878,0.0018863664988020843
3551,0.20728213340044022,0.0014692075289533828,0.919828861951828,0.0007891997383664908
3552,0.2058655023574829,0.0004431951855163062,0.9206031858921051,0.000770823712415741
3553,0.20408441126346588,0.002555679526579337,0.9216974377632141,0.00025111092342790665
3554,0.20494932681322098,0.001124235573891715,0.921527773141861,0.0009820637171523419
3555,0.20448780804872513,0.0009709264124333381,0.9215353429317474,0.0014411271911329996
3556,0.20340564846992493,0.0002821520773561801,0.9220412373542786,0.0011753913112718128
3557,0.2050827518105507,0.0024755899776965104,0.921875,0.0004603278794359846
3558,0.2068815976381302,0.0010185418145385206,0.9215561151504517,0.0009019425581331322
3559,0.20757479965686798,0.0007742797539936342,0.9212500154972076,0.0013258134136071935
3560,0.2068609520792961,0.0010375184330805507,0.9209558963775635,0.0008665392053839812
3561,0.20522087067365646,0.0017497369526418935,0.9215745329856873,0.0004249245266868336
3562,0.20532230287790298,0.0035619460714890598,0.9215801954269409,0.00041691662546976374
3563,0.2066643089056015,0.005954338170225065,0.9210069477558136,0.00040920375219227013
3564,0.20545948296785355,0.005583351072920048,0.9215909242630005,0.0
3565,0.20613055676221848,0.006652553399368663,0.9207589328289032,0.0007891997383664908
3566,0.20538923144340515,0.007278887178376932,0.9209155738353729,0.0005815000689048049
3567,0.20398551225662231,0.007545107746995994,0.9214709103107452,0.0009524766294976943
3568,0.20291441679000854,0.007502539429999991,0.9221398234367371,0.001123550687603413
3569,0.20266631245613098,0.006982636980193858,0.9225260317325592,0.0012889770680086722
3570,0.20251500606536865,0.007841695119967155,0.9222592115402222,0.0019923658228069826
3571,0.20172026753425598,0.006766444720757227,0.9227570593357086,0.0016038140263850507
3572,0.2004009112715721,0.007152499316404888,0.923115074634552,0.002104476439845961
3573,0.2011132314801216,0.007840736279163532,0.9232177734375,0.0018989684065068414
3574,0.20064014941453934,0.007356384696076339,0.9233173131942749,0.001359825920355485
3575,0.20187999308109283,0.008018964764803975,0.9225852191448212,0.0010044015468631156
3576,0.2027120441198349,0.008393039118762416,0.9225746095180511,0.001319238505239494
3577,0.20216739177703857,0.009787867996806199,0.9229090213775635,0.0017872792579529723
3578,0.20164021849632263,0.010665955438682165,0.9228940010070801,0.002401864602938829
3579,0.20081334561109543,0.010870019942459785,0.9233258962631226,0.0026832369635975575
3580,0.19979775696992874,0.009591031677548196,0.924075722694397,0.0021785705995281124
3581,0.19953230768442154,0.009073067982773563,0.9241536259651184,0.001687981282861306
3582,0.20041916519403458,0.008456775690423015,0.9241224229335785,0.0016648426630288251
3583,0.19992978870868683,0.00794938031791249,0.9243032038211823,0.0013437679710728344
3584,0.19981801509857178,0.007587654990567742,0.9243749976158142,0.0008839037069704696
3585,0.20068760216236115,0.007287084740412301,0.9244448840618134,0.0010176356572955364
3586,0.19989128410816193,0.00724506433244694,0.9247159063816071,0.0008609336745320324
3587,0.19940807670354843,0.006223498481527762,0.924979954957962,0.0004249666735353445
3588,0.1992095336318016,0.005968130726400255,0.9250395596027374,0.0002797286335668037
3589,0.19890865683555603,0.005760378373377931,0.92529296875,0.00013807307572168885
3590,0.19855433702468872,0.005134244791900089,0.9257330298423767,0.00027277440356250615
3591,0.1988285332918167,0.006640804965346252,0.9258765280246735,0.00026944480253014556
3592,0.19849322736263275,0.006680254415552448,0.9262989461421967,0.00013314189444591426
3593,0.19865915924310684,0.006585160588599744,0.9261532723903656,0.00026303848155648967
3594,0.19990435987710953,0.006724076601291651,0.9258272051811218,0.0001299808808075972
3595,0.19981854408979416,0.006528452003928336,0.9258720874786377,0.0005138543770448201
3596,0.19970031827688217,0.005571613175609764,0.9261853396892548,0.0007619728742284532
3597,0.19932186603546143,0.004778630757589421,0.9262251257896423,0.001129957008577069
3598,0.19943737238645554,0.004742647885673245,0.9260884821414948,0.000993106191462196
3599,0.1990460604429245,0.005190447614389367,0.926128476858139,0.0008593320942886184
3600,0.4057364910840988,0.001692933537561336,0.8477896749973297,0.004908885592912339
3601,0.4051753133535385,0.0016870329787698108,0.8480181396007538,0.00484010193614256
3602,0.4044727385044098,0.0015858594689194098,0.8482851684093475,0.004771655454160867
3603,0.4038253426551819,0.0016644633413922271,0.848531037569046,0.004843557977720453
3604,0.4031152278184891,0.0016128123785421264,0.8488151729106903,0.004803434177938082
3605,0.4023952782154083,0.0015510040252009003,0.8490781486034393,0.0047912958855669445
3606,0.4017530679702759,0.0017908195932278873,0.8493594825267792,0.004807058806910019
3607,0.4012112468481064,0.0016303454675226584,0.8495610058307648,0.0047672721819157346
3608,0.4007192552089691,0.0017486305978684825,0.8497223854064941,0.004782992956410298
3609,0.40027955174446106,0.001932095829436404,0.8498245179653168,0.004826193476133965
3610,0.3995918184518814,0.0017371877284977748,0.8501011729240417,0.004731658094924029
3611,0.3990554213523865,0.0017976473826866522,0.8502406179904938,0.00471989912418949
3612,0.39847543835639954,0.0016128755988148928,0.8504374623298645,0.004680828995619891
3613,0.3978649824857712,0.001444351425044083,0.8506912291049957,0.00456007827463618
3614,0.39738641679286957,0.0013201446624824783,0.8508859872817993,0.004467060179972637
3615,0.3967795670032501,0.0014287360176707968,0.8510989844799042,0.004510429287090347
3616,0.39617396891117096,0.001695335907926457,0.8513301014900208,0.004634888930743017
3617,0.3955284059047699,0.00175086438083956,0.8515410125255585,0.004623551428493586
3618,0.39497071504592896,0.0019085778879673254,0.8517317473888397,0.004693178022233583
3619,0.3943926841020584,0.0019974445180525454,0.8519406616687775,0.004735577751835542
3620,0.39369022846221924,0.0019480694850220331,0.8522054255008698,0.004697224119690629
3621,0.3933977037668228,0.0022619159924584056,0.8522985279560089,0.004685844470592688
3622,0.3928040564060211,0.0023759021442561184,0.8524667620658875,0.004727949172255071
3623,0.39243409037590027,0.002522826058165095,0.8526153266429901,0.004743164184567504
3624,0.39200639724731445,0.002339571560839728,0.8527631759643555,0.004705189874059188
3625,0.39147885143756866,0.0025597256240363826,0.852985292673111,0.004773425621798325
3626,0.39097847044467926,0.0024574352227004427,0.8531876504421234,0.004709109530970701
3627,0.39043521881103516,0.0022418330191429645,0.8534263968467712,0.004645088468082653
3628,0.38994111120700836,0.0024161313111597665,0.8535709083080292,0.004765670601672321
3629,0.3895544558763504,0.002210033221941495,0.8537518680095673,0.004728075612800604
3630,0.38910843431949615,0.002364712155976476,0.8538578450679779,0.004795426276721012
3631,0.3886154145002365,0.0022664257052490712,0.8540372550487518,0.004810261967396846
3632,0.38814741373062134,0.0023970177153600763,0.8541605174541473,0.004903237915211879
3633,0.3876737803220749,0.002236922911291445,0.8543383777141571,0.004865642926340162
3634,0.3872104287147522,0.0021444316522342883,0.8544970750808716,0.004854221130393709
3635,0.3867294490337372,0.0020571455289682267,0.8546915948390961,0.004791043004475879
3636,0.38616859912872314,0.002038474475077901,0.8549400568008423,0.004753995924634803
3637,0.38570383191108704,0.002262232093822237,0.8551144599914551,0.004820250770493929
3638,0.3852545917034149,0.002015630883184996,0.8552880585193634,0.004731868829166584
3639,0.3849867284297943,0.0018758719335228715,0.8553882539272308,0.004746535932448375
3640,0.3844355195760727,0.0017713266757915988,0.8555784821510315,0.004633118763105559
3641,0.38382527232170105,0.0018210388836101983,0.8557859063148499,0.004647954453781394
3642,0.38345780968666077,0.001827192323492789,0.8559022843837738,0.0046372913011081375
3643,0.3830161392688751,0.0015162328751794128,0.8560720682144165,0.0045503423526301635
3644,0.38265785574913025,0.00153966652295147,0.8562231063842773,0.004539889934199462
3645,0.38227538764476776,0.001470229590029772,0.8562839925289154,0.004504191553510734
3646,0.3817784935235977,0.0013171943830867158,0.856505274772644,0.004392881726593463
3647,0.38143663108348846,0.0014357113210993497,0.8566543161869049,0.004382892923496381
3648,0.3808617889881134,0.0014378818837976607,0.8568737804889679,0.004423185310672796
3649,0.38043664395809174,0.0014973721604707878,0.8570744693279266,0.004438189588742674
3650,0.37996792793273926,0.0014838640955230462,0.8572212159633636,0.004428158638797082
3651,0.37934510409832,0.0015093418654478815,0.8574202060699463,0.00439321890138155
3652,0.37879565358161926,0.0015217119654858291,0.8576183319091797,0.004408223179451429
3653,0.3783683776855469,0.001592518670984131,0.8577804565429688,0.004423143163824285
3654,0.3778269439935684,0.001646361269956798,0.8580294549465179,0.004413238654424225
3655,0.3775183707475662,0.0015818765917351302,0.8581024408340454,0.004452814545175954
3656,0.3771073967218399,0.001615383336301291,0.8582274615764618,0.004516919901761025
3657,0.3765736520290375,0.0015039259954142317,0.8584738373756409,0.0045068468049669205
3658,0.37611424922943115,0.0015251680070637224,0.8586148023605347,0.004447672629657625
3659,0.37584297358989716,0.0017217619819427875,0.8587031960487366,0.004462339732939417
3660,0.3752778172492981,0.0017053879312963053,0.858894944190979,0.004476922542524186
3661,0.3748991787433624,0.0017876164327410595,0.8589995801448822,0.0044670180331241255
3662,0.3744824081659317,0.00192600560982658,0.8591209948062897,0.004530238305890466
3663,0.3740276098251343,0.0017681867355775374,0.8592933714389801,0.004520291649641896
3664,0.3734596371650696,0.0018435453007150159,0.8595336079597473,0.004558856016029364
3665,0.37298454344272614,0.0018398995983188236,0.8597043454647064,0.004597251795022788
3666,0.37260113656520844,0.0018814142441020542,0.8598231375217438,0.004611328842425427
3667,0.37205439805984497,0.0019224442011274094,0.8600606620311737,0.004601297892479834
3668,0.37167222797870636,0.001663978652634352,0.860178142786026,0.004519195831580613
3669,0.37113167345523834,0.0015977659536237374,0.8603968918323517,0.004533357172680273
3670,0.37070924043655396,0.0018961024208081008,0.860614687204361,0.004595313039991287
3671,0.3705004155635834,0.0022486608086017294,0.8607302010059357,0.004609305793696904
3672,0.37026531994342804,0.002381065133198703,0.8608957827091217,0.004646985076265643
3673,0.36992262303829193,0.002134885391046571,0.8610102236270905,0.004565641658639618
3674,0.3694459795951843,0.0020101096460300692,0.8611912727355957,0.004484677562650191
3675,0.3691120594739914,0.0023813601611382793,0.861354798078537,0.004569772049793685
3676,0.3689040243625641,0.0019090415033009452,0.8614675104618073,0.00439460974738241
3677,0.36845774948596954,0.0017412338259548206,0.8616130948066711,0.00422016394139582
3678,0.3680053800344467,0.001871931203187103,0.8618245720863342,0.004281782633918746
3679,0.3677193820476532,0.0014783850052166299,0.8619521856307983,0.004131824146916986
3680,0.367208331823349,0.0015068341279614835,0.8621289432048798,0.004099666101503173
3681,0.3668707460165024,0.0016046780367795239,0.8622884154319763,0.0041377247057085105
3682,0.3663957118988037,0.0015995571946854502,0.8624802231788635,0.004082343746765196
3683,0.36612075567245483,0.0017471133113220903,0.8626218140125275,0.004143583117651525
3684,0.3656397759914398,0.00169948737250478,0.8627956807613373,0.004158081633539272
3685,0.3652590215206146,0.0019061333707536935,0.8629851937294006,0.004195718769259501
3686,0.36493241786956787,0.002051750732358832,0.8631248474121094,0.004302603177083128
3687,0.36445851624011993,0.0020184336486109705,0.8633455336093903,0.004293625898350308
3688,0.36403028666973114,0.002083129061075193,0.8634675443172455,0.004330715125039895
3689,0.36359497904777527,0.00199506322111168,0.8636215925216675,0.004321737846307074
3690,0.36327095329761505,0.0017833385276172038,0.8637911975383759,0.0041980368459276
3691,0.36296047270298004,0.0017881854151959565,0.8639439046382904,0.004189354595134356
3692,0.36261290311813354,0.0017845397127997642,0.8640960156917572,0.004180672344341112
3693,0.36219027638435364,0.0017886701039538319,0.864279717206955,0.0040808686070673145
3694,0.36189281940460205,0.0015555980316885878,0.8643822371959686,0.004004245636474509
3695,0.361471563577652,0.0015736790296997615,0.8645485639572144,0.004018702005513746
3696,0.3611573278903961,0.0015484330674417359,0.8646981716156006,0.004010441223205611
3697,0.36070460081100464,0.001563479492360125,0.8648471534252167,0.004002222587745986
3698,0.360425129532814,0.0017245015270959956,0.8649476766586304,0.003971497535181545
3699,0.35986874997615814,0.0017225627720644945,0.8651592135429382,0.003963405340267453
3700,0.4266997426748276,0.009524070871976513,0.8530362248420715,0.002059463605636326
3701,0.426234170794487,0.009255595446962117,0.8531319797039032,0.0019416631640483773
3702,0.4255281388759613,0.009240232920679896,0.8533859848976135,0.0019367319827726026
3703,0.4252043068408966,0.009130482527157528,0.8534209728240967,0.001791831117592149
3704,0.4244264215230942,0.008971146366362094,0.8536927402019501,0.0017594201910872713
3705,0.4239460825920105,0.009190373198891509,0.853844940662384,0.0017270935582794156
3706,0.4233512133359909,0.00887429290848406,0.8540946245193481,0.0016671607396969244
3707,0.42282216250896454,0.008534336428395187,0.8542254567146301,0.0015520998432621835
3708,0.4224115312099457,0.008797901745558064,0.8543361127376556,0.0015759128126708387
3709,0.42203389108181,0.008808206650018977,0.8545047044754028,0.001627121233611575
3710,0.4214131236076355,0.008844010397828983,0.8547307550907135,0.0015955532440769154
3711,0.42093513906002045,0.00866081912077638,0.854897528886795,0.0015915914403168913
3712,0.4202190190553665,0.008594479981220234,0.855160266160965,0.0016150250880889484
3713,0.4198751598596573,0.008935447985673367,0.8552672266960144,0.00174757692665571
3714,0.41919372975826263,0.009183945804493597,0.8554699420928955,0.0018521854046597492
3715,0.41845138370990753,0.009289860834801475,0.8557485342025757,0.0018476335450205725
3716,0.4179394394159317,0.009132948117795416,0.8558915853500366,0.0017618225614523923
3717,0.41730791330337524,0.009317656681394408,0.8560722172260284,0.0018926885260787184
3718,0.4168212115764618,0.009018414056967062,0.8561756312847137,0.0016992344914137146
3719,0.416036993265152,0.009063932653358827,0.8564687967300415,0.0017220359364581083
3720,0.41547107696533203,0.00941855623672949,0.8567036390304565,0.001825211421612777
3721,0.4148652255535126,0.009269019218212837,0.8569183647632599,0.0017939806068662046
3722,0.41449789702892303,0.009136404159373309,0.8569054007530212,0.0017095604692988838
3723,0.4138992428779602,0.00939078146356081,0.8571374714374542,0.001812019458028867
3724,0.4133214056491852,0.009324695205095728,0.8573496341705322,0.00178104152437336
3725,0.4128159433603287,0.009534481143558704,0.8574857413768768,0.0019093786780890324
3726,0.4121959060430527,0.009463252969575292,0.8576960265636444,0.0018783585975850144
3727,0.4117862731218338,0.009697083685113732,0.857830673456192,0.0019530428131463186
3728,0.4110354781150818,0.009725638174979864,0.8580950200557709,0.0019484066598101201
3729,0.41049782931804657,0.009945244329145876,0.858265221118927,0.002022542966340783
3730,0.4098479598760605,0.010004081329667085,0.858471691608429,0.0020963842449318692
3731,0.4093858450651169,0.009729831786406698,0.8585292994976044,0.0019607135395753013
3732,0.40880973637104034,0.009612958575485988,0.858771026134491,0.0019821662854673464
3733,0.4082140177488327,0.009665642136124605,0.8589564263820648,0.0020294971963450803
3734,0.407700315117836,0.009758070174908996,0.859122633934021,0.0021026219785114813
3735,0.40743395686149597,0.009502091290478082,0.8592147529125214,0.002071812632250018
3736,0.40679581463336945,0.009500847958447009,0.8594343662261963,0.0020669657446712652
3737,0.4064123332500458,0.009020226371453029,0.8595982789993286,0.001881688198617375
3738,0.4058779180049896,0.009211783797935044,0.8597432076931,0.0019801853835873344
3739,0.40540488064289093,0.009273887179215845,0.8599056601524353,0.0019499660932050234
3740,0.40505582094192505,0.009107596788416113,0.8600311279296875,0.0018686226755789978
3741,0.404628187417984,0.009051541479896624,0.8601740896701813,0.0018642815501823758
3742,0.4041167348623276,0.009253909573021682,0.8603343665599823,0.0019364369548330264
3743,0.4034980535507202,0.009303326752900704,0.8605119287967682,0.0019319693888908715
3744,0.40293601155281067,0.009464664889000407,0.8606886565685272,0.0020289914341629495
3745,0.4025525152683258,0.009729599978739888,0.8608466684818268,0.002150880120056455
3746,0.40191173553466797,0.009749577584934051,0.8610754013061523,0.002120745123371166
3747,0.40150438249111176,0.00955972710581673,0.8611962199211121,0.001989921305593351
3748,0.40093521773815155,0.009479563799949008,0.8614053428173065,0.0019854115928026853
3749,0.40041960775852203,0.009283623101221862,0.8615248203277588,0.0019057119022685845
3750,0.3999078720808029,0.009215008031846127,0.8617145419120789,0.0018263072396740602
3751,0.39947859942913055,0.009261243124662578,0.8618504703044891,0.0019220227326423006
3752,0.3990921676158905,0.009009183897143176,0.8619857728481293,0.0017682710292745592
3753,0.39839424192905426,0.009059064692355819,0.8622258901596069,0.0017642670786660241
3754,0.39795857667922974,0.008970998852392305,0.8623246848583221,0.0018594768094521339
3755,0.3975171446800232,0.009135413708433304,0.8624930083751678,0.0018553464182980662
3756,0.3971635550260544,0.009310639231117345,0.8626081943511963,0.0018758719335228715
3757,0.39681585133075714,0.009397798913837874,0.8627751469612122,0.0018716572486717823
3758,0.39646534621715546,0.009475054087158343,0.8628892004489899,0.0019412416955632682
3759,0.3959103971719742,0.009452421229507993,0.8630894720554352,0.001936942717015157
3760,0.3954917788505554,0.009478826230100068,0.8631850481033325,0.0019815762295881936
3761,0.39504460990428925,0.009327287236279149,0.863280177116394,0.0019283869067674455
3762,0.3946012705564499,0.009355399184235915,0.8633921444416046,0.001948490953507142
3763,0.3941638767719269,0.00940587003532771,0.8635207712650299,0.0019441919749590309
3764,0.3935770243406296,0.009474000415945571,0.8637174069881439,0.0019884461658954697
3765,0.3930492699146271,0.009423529564853775,0.8638961017131805,0.0020082551846955896
3766,0.39258070290088654,0.009382457460979909,0.8640057444572449,0.002028022056647199
3767,0.3919353783130646,0.009359424208268704,0.8642511665821075,0.001999488640205324
3768,0.391415536403656,0.009372110409670485,0.8644275367259979,0.002019213365308422
3769,0.39090263843536377,0.00934361914007712,0.8646031022071838,0.002038811649865988
3770,0.390375480055809,0.00949802411959678,0.8647271692752838,0.0021301438705890953
3771,0.3899843990802765,0.009080159190035521,0.8648675978183746,0.0019583533160586913
3772,0.38949327170848846,0.009022017612514742,0.8650242686271667,0.0019064705455417805
3773,0.38895265758037567,0.008900381807712302,0.8652306795120239,0.0018785693318275687
3774,0.38844430446624756,0.008893827972768859,0.8653859198093414,0.001874565381219034
3775,0.3882121592760086,0.008771370304420456,0.8654902279376984,0.0018942058126251104
3776,0.38758741319179535,0.008775500695574524,0.8656943440437317,0.0019138040971826763
3777,0.3871220499277115,0.008599664043587073,0.8658642470836639,0.0018861136177110189
3778,0.3866121470928192,0.008547043703221223,0.8660167455673218,0.0018821096671024838
3779,0.3860394358634949,0.008640651853763918,0.8661852478981018,0.001948533100355653
3780,0.3856212943792343,0.008685179999215678,0.8663033246994019,0.0019912700047456993
3781,0.3851719945669174,0.008907209597171067,0.8664539754390717,0.0021272778848903545
3782,0.38476917147636414,0.008830649846851028,0.8665710091590881,0.0021694668802497595
3783,0.3843514174222946,0.008653949184469106,0.8667533695697784,0.002164872873762072
3784,0.3838750571012497,0.008660524092836805,0.8668692708015442,0.0022068089880304116
3785,0.38350488245487213,0.008601939973406662,0.8670010566711426,0.002225353601375205
3786,0.38305507600307465,0.00842129858068897,0.8671159148216248,0.0021744402083740447
3787,0.38270893692970276,0.00845828244025728,0.8671976923942566,0.002216081294702808
3788,0.38218072056770325,0.008405809613861217,0.8673605620861053,0.002188390815231151
3789,0.3816263824701309,0.008290643350305198,0.8675390183925629,0.0020918745321412036
3790,0.3810984939336777,0.008375864277994227,0.8677166998386383,0.002133431324772945
3791,0.38079123198986053,0.008648301506768645,0.8677803874015808,0.0022434767462348893
3792,0.3802938610315323,0.008856506938412462,0.8679406642913818,0.0023073713685774046
3793,0.37972889840602875,0.008884366005278163,0.8681487143039703,0.0023026087746956738
3794,0.3793625831604004,0.009114213843632323,0.8682754039764404,0.002320605479009825
3795,0.37919317185878754,0.009323241138822103,0.8683373928070068,0.002429344348167932
3796,0.37867699563503265,0.009112970511601252,0.8685273230075836,0.0024017381623932963
3797,0.37832559645175934,0.009187022524434893,0.8685885071754456,0.002419397691919361
3798,0.3778424859046936,0.009038981719040377,0.8687452077865601,0.0023919179466902582
3799,0.37744468450546265,0.009198254659563046,0.868869423866272,0.0024546324572744683
3800,0.44811365008354187,0.02987596215434128,0.8513006567955017,0.000789916234791176
3801,0.4474726617336273,0.030066128734822433,0.8514804244041443,0.0006753611005385659
3802,0.4466678500175476,0.03003392854256011,0.8517386615276337,0.0006174934775331084
3803,0.44610632956027985,0.029782627958313903,0.8518569767475128,0.0006999327132204172
3804,0.4452420175075531,0.029537270079707734,0.8521721959114075,0.0007819926272711279
3805,0.4448094367980957,0.029427477539336853,0.8523873090744019,0.0008356877122740069
3806,0.444017231464386,0.02926993261960313,0.8526406586170197,0.0008891720630343314
3807,0.4432438015937805,0.029418036645270415,0.8528927564620972,0.0007760920684796027
3808,0.442613422870636,0.029493943119438534,0.853143572807312,0.0006635599829555157
3809,0.44182728230953217,0.029361285913750496,0.8534516394138336,0.0006342679232404443
3810,0.44115686416625977,0.029474007660092883,0.8536219894886017,0.0005226630683835969
3811,0.440694198012352,0.02926582330187332,0.8537915050983429,0.0005213986629282701
3812,0.4399133771657944,0.029361285913750496,0.8540376126766205,0.00046534335440878103
3813,0.43936069309711456,0.029155272118229245,0.8542439043521881,0.00046416324265047596
3814,0.43884046375751495,0.02914081574919001,0.8544299006462097,0.0004357984136026443
3815,0.4380341023206711,0.028994186863220608,0.8546918332576752,0.0004618873128308877
3816,0.4374958872795105,0.028932547097273425,0.8548758029937744,0.0004878919183621093
3817,0.4368075132369995,0.028649573156371285,0.8551162481307983,0.0005948606198827584
3818,0.436125785112381,0.028638446388364408,0.8552983105182648,0.0004585155649500162
3819,0.43555089831352234,0.028687884641667685,0.8554033637046814,0.00043048791069027163
3820,0.43503738939762115,0.028873899757570518,0.8555648326873779,0.0003220862163202522
3821,0.4345344603061676,0.028494641341245238,0.8557255268096924,0.00048199135957058416
3822,0.4338642507791519,0.028466592613561235,0.8559232354164124,0.0004808112478122791
3823,0.4331272542476654,0.0285061052840402,0.8561953604221344,0.000479673282902485
3824,0.43239380419254303,0.028529728592630556,0.8564473688602448,0.0004519406565823167
3825,0.432029664516449,0.028726996917085797,0.8565669059753418,0.00034476122081911317
3826,0.43142080307006836,0.028522837582899026,0.8567606806755066,0.0003439182838488953
3827,0.4308430850505829,0.02851558832495515,0.856916218996048,0.00039588534806282765
3828,0.4304828494787216,0.028597880046672672,0.8570151925086975,0.00042129989771489676
3829,0.42989763617515564,0.028606288342950596,0.857243686914444,0.0004202462265021244
3830,0.42944076657295227,0.028532362770662487,0.8573969900608063,0.0004716653816854151
3831,0.4286714345216751,0.028494283093032896,0.8576604425907135,0.00047056956362413185
3832,0.42812635004520416,0.028354777024461836,0.8578489124774933,0.0004172959471063618
3833,0.42761312425136566,0.028492007163213307,0.8579813241958618,0.0003382706061484355
3834,0.4269651174545288,0.028502564948765286,0.8581681549549103,0.0002855448986613071
3835,0.4264024496078491,0.028609870825074022,0.8583357632160187,0.0002589923840994438
3836,0.425742045044899,0.028462167194467595,0.858520895242691,0.00036174640076900346
3837,0.4251242130994797,0.028462841544043768,0.8586869537830353,0.00033510959251011844
3838,0.42454706132411957,0.02849563179218524,0.858888566493988,0.0003085992247967661
3839,0.42396122217178345,0.028200245604396643,0.8590166866779327,0.00048751259672551124
3840,0.4232870936393738,0.028089062218024905,0.8591985106468201,0.0005375409059079425
3841,0.42264941334724426,0.028140692107450748,0.8593975603580475,0.0004596956767083212
3842,0.422113299369812,0.028222920608895502,0.8595776855945587,0.00040768646564587796
3843,0.4213433861732483,0.028255837297582513,0.8598288893699646,0.0003558879888259892
3844,0.42077144980430603,0.028146761253636316,0.8600251078605652,0.0003804174546593295
3845,0.42016370594501495,0.028030414878321995,0.8602025508880615,0.0004301507359021845
3846,0.4195302873849869,0.027743015518326208,0.8604327440261841,0.0005554111696765616
3847,0.41889481246471405,0.027734291120684453,0.8606440424919128,0.0006045543950402639
3848,0.41840893030166626,0.02772676790822526,0.8608366549015045,0.0006282830707518974
3849,0.417727068066597,0.027724049436496305,0.8610283732414246,0.000601772703038545
3850,0.41715937852859497,0.02778286536359326,0.8611661493778229,0.0005003252386728231
3851,0.4169907718896866,0.027342198988987605,0.8612326979637146,0.0005990753047338478
3852,0.4163568764925003,0.027259127550572634,0.8614045977592468,0.0005977266055814991
3853,0.4156019687652588,0.02719323095292585,0.8616811633110046,0.0005963779064291505
3854,0.4150639474391937,0.027073871077943,0.8618513345718384,0.0006445939011256133
3855,0.41440509259700775,0.026899067023744064,0.8620731830596924,0.0007174236553524382
3856,0.41368842124938965,0.026764302475630483,0.8623115122318268,0.0007651760347152811
3857,0.41321930289268494,0.026842274145375638,0.862444281578064,0.0007142204948656103
3858,0.4127402752637863,0.02687175586590901,0.8625764548778534,0.0007125767677736854
3859,0.41213999688625336,0.0266275991724854,0.8627774119377136,0.0007600762660454629
3860,0.41173267364501953,0.026696741077467518,0.8629428446292877,0.0006605675567112421
3861,0.4111107289791107,0.026598538920437138,0.8631420731544495,0.0007078984675889762
3862,0.4106570929288864,0.026340494840429187,0.8633059859275818,0.0008037404011027492
3863,0.4100402295589447,0.026376130000845148,0.8635379374027252,0.0008020123803138025
3864,0.40954871475696564,0.026291899524096128,0.8636831045150757,0.000824476650570109
3865,0.4092145413160324,0.026077624946266743,0.8637592494487762,0.0008952412092199002
3866,0.4086463898420334,0.025895255532760102,0.8639886677265167,0.000893302454188399
3867,0.40808814764022827,0.02589628813054862,0.864131897687912,0.0008672557018086665
3868,0.4075048714876175,0.025930321710721165,0.8642915487289429,0.000817311686323257
3869,0.40703272819519043,0.02601977839668554,0.8644504547119141,0.0008635046322911969
3870,0.4065760672092438,0.02603958741548566,0.8645918071269989,0.0008376686141540188
3871,0.4061741381883621,0.025718997412287545,0.8647156059741974,0.0009314032052422472
3872,0.4058920592069626,0.025712928266101977,0.8647715151309967,0.0010247163278453667
3873,0.4051784873008728,0.02571990356953053,0.8650457262992859,0.000998711722314145
3874,0.4047079384326935,0.025613229895949455,0.8651845753192902,0.0010677904070235003
3875,0.40425707399845123,0.02547985619383673,0.865272581577301,0.001112845388081646
3876,0.40370315313339233,0.025350275708089988,0.8654437065124512,0.0011340873997311366
3877,0.4032326489686966,0.025083549377288794,0.8655974864959717,0.001178847352849706
3878,0.4025464206933975,0.02502635610385951,0.8658503890037537,0.0011763185419390524
3879,0.4020664840936661,0.02462608748355155,0.8660026490688324,0.0013146866456003176
3880,0.4016105830669403,0.024866008418699816,0.8662039339542389,0.0012416040102824274
3881,0.4011637568473816,0.0247827683928908,0.8663052022457123,0.0012623402597497873
3882,0.40064235031604767,0.024552794113991108,0.8664720356464386,0.0013763053381232447
3883,0.40039122104644775,0.02448192418822004,0.8665393888950348,0.0013967044128025173
3884,0.39983808994293213,0.02429765816653041,0.8667049705982208,0.0014634650208437735
3885,0.39949993789196014,0.024339573207374492,0.8668043613433838,0.0014372075342214865
3886,0.3990224748849869,0.024254563013928022,0.8669196665287018,0.001434215107977213
3887,0.398495689034462,0.02415602368210955,0.8670671284198761,0.0014311805348844286
3888,0.3982163071632385,0.024203291372714517,0.8671651184558868,0.0013591094239307998
3889,0.3975351005792618,0.024111052994748427,0.8674089908599854,0.00135628558508057
3890,0.3970790058374405,0.024053901868167655,0.8675707280635834,0.0013763896318202665
3891,0.3964785486459732,0.02408724002533977,0.8678127527236938,0.0013277943154872056
3892,0.3960386663675308,0.0239047441712876,0.8679891526699066,0.0013707419541198066
3893,0.3954780101776123,0.02380647879398445,0.8681648075580597,0.0013678759684210657
3894,0.3949570506811142,0.02364503529076347,0.8683719635009766,0.0014105707259626015
3895,0.3944716900587082,0.023698056026190177,0.8684979379177094,0.001339553286221745
3896,0.39412665367126465,0.02358773665021291,0.8685593605041504,0.0013594887455673978
3897,0.393744632601738,0.023330746241417732,0.8687644004821777,0.0014018884751693572
3898,0.3933989852666855,0.023528920723115958,0.8688888251781464,0.0013313767976106316
3899,0.392844021320343,0.023633170952907654,0.8690764307975769,0.0012611180011429712
