train_batch,acc,loss,std_acc
0,0.03125,4.036017417907715,
1,0.03125,4.070675373077393,
2,0.03125,4.0282206535339355,
3,0.0546875,3.984687566757202,
4,0.0625,3.9497978687286377,
5,0.0572916679084301,3.92691707611084,
6,0.0580357126891613,3.9144952297210693,
7,0.05859375,3.879683017730713,
8,0.0520833320915699,3.8511111736297607,
9,0.05312500149011612,3.810481309890747,
10,0.05113636329770088,3.7933473587036133,
11,0.0520833320915699,3.7776873111724854,
12,0.05288461595773697,3.7676641941070557,
13,0.0558035708963871,3.752561092376709,
14,0.05833333358168602,3.7450897693634033,
15,0.060546875,3.733875274658203,
16,0.0680147036910057,3.710301160812378,
17,0.0729166641831398,3.6899898052215576,
18,0.07401315867900848,3.6670689582824707,
19,0.07500000298023224,3.6497702598571777,
20,0.0758928582072258,3.635887622833252,
21,0.078125,3.6242408752441406,
22,0.07880435138940811,3.6173105239868164,
23,0.0794270858168602,3.6072356700897217,
24,0.07750000059604645,3.5974695682525635,
25,0.08293269574642181,3.582728385925293,
26,0.0833333358168602,3.5791001319885254,
27,0.0837053582072258,3.575274705886841,
28,0.08512931317090988,3.5728108882904053,
29,0.08749999850988388,3.5649545192718506,
30,0.08870967477560043,3.5555951595306396,
31,0.08984375,3.548534870147705,
32,0.08996212482452393,3.5487048625946045,
33,0.09283088147640228,3.537947654724121,
34,0.09464285522699356,3.5302939414978027,
35,0.0963541641831398,3.523956775665283,
36,0.09459459781646729,3.5197319984436035,
37,0.09457236528396606,3.5185482501983643,
38,0.09775640815496445,3.513176441192627,
39,0.09687499701976776,3.5067028999328613,
40,0.09756097197532654,3.5034313201904297,
41,0.0974702388048172,3.499300003051758,
42,0.10174418240785599,3.490966558456421,
43,0.10298295319080353,3.486226797103882,
44,0.10208333283662796,3.4830362796783447,
45,0.10597825795412064,3.474949598312378,
46,0.10837765783071518,3.465632677078247,
47,0.1087239608168602,3.4627418518066406,
48,0.10905612260103226,3.4603898525238037,
49,0.10999999940395355,3.453920602798462,
50,0.0486111119389534,3.7702221870422363,
51,0.05818965658545494,3.710932970046997,
52,0.06653226166963577,3.6714937686920166,
53,0.07386363297700882,3.639608383178711,
54,0.07678571343421936,3.6110777854919434,
55,0.07939188927412033,3.5877928733825684,
56,0.08012820780277252,3.5659730434417725,
57,0.08079268038272858,3.5415761470794678,
58,0.08866278827190399,3.5107581615448,
59,0.09166666865348816,3.488394260406494,
60,0.09441489726305008,3.472869634628296,
61,0.10076530277729034,3.4535481929779053,
62,0.10171568393707275,3.435251474380493,
63,0.10259433835744858,3.4260976314544678,
64,0.10568182170391083,3.4102725982666016,
65,0.11184210330247879,3.3932578563690186,
66,0.11334745585918427,3.3814828395843506,
67,0.11168032884597778,3.3756937980651855,
68,0.115079365670681,3.3585195541381836,
69,0.11923076957464218,3.345304250717163,
70,0.12406716495752335,3.3340580463409424,
71,0.12681159377098083,3.3257367610931396,
72,0.12588028609752655,3.323643922805786,
73,0.12928082048892975,3.3118205070495605,
74,0.1274999976158142,3.303037643432617,
75,0.12743505835533142,3.2964491844177246,
76,0.12974683940410614,3.286517858505249,
77,0.13271604478359222,3.276784896850586,
78,0.1340361386537552,3.2658779621124268,
79,0.1360294073820114,3.2581112384796143,
80,0.1364942491054535,3.2513716220855713,
81,0.1369381994009018,3.2448010444641113,
82,0.1407967060804367,3.2320215702056885,
83,0.14247311651706696,3.222639799118042,
84,0.14473684132099152,3.2097268104553223,
85,0.1494845300912857,3.2030580043792725,
86,0.15088383853435516,3.193094491958618,
87,0.15037128329277039,3.1882598400115967,
88,0.1535194218158722,3.177459716796875,
89,0.15714286267757416,3.165994644165039,
90,0.15829439461231232,3.157747268676758,
91,0.15883027017116547,3.1590116024017334,
92,0.15934684872627258,3.1528120040893555,
93,0.15873894095420837,3.1491947174072266,
94,0.1619565188884735,3.1411221027374268,
95,0.1645299196243286,3.1339237689971924,
96,0.16439075767993927,3.1281614303588867,
97,0.16735537350177765,3.1235570907592773,
98,0.17022357881069183,3.111464738845825,
99,0.17249999940395355,3.1034555435180664,
100,0.05324074253439903,3.752685546875,
101,0.0625,3.6855077743530273,
102,0.08870967477560043,3.5971720218658447,
103,0.09469696879386902,3.54262375831604,
104,0.10892856866121292,3.484602689743042,
105,0.11824323982000351,3.451688528060913,
106,0.125,3.407851457595825,
107,0.1356707364320755,3.375741720199585,
108,0.13517442345619202,3.3548460006713867,
109,0.13611111044883728,3.317110300064087,
110,0.13829787075519562,3.286421537399292,
111,0.14030611515045166,3.2620182037353516,
112,0.14338235557079315,3.240168809890747,
113,0.1450471729040146,3.2207226753234863,
114,0.1511363685131073,3.199453115463257,
115,0.1524122804403305,3.1836941242218018,
116,0.15783898532390594,3.1618030071258545,
117,0.15881147980690002,3.1470401287078857,
118,0.1577380895614624,3.1369917392730713,
119,0.1605769246816635,3.124699115753174,
120,0.1632462739944458,3.1077160835266113,
121,0.16847826540470123,3.0925357341766357,
122,0.1707746535539627,3.074259042739868,
123,0.17465753853321075,3.0640757083892822,
124,0.18000000715255737,3.050992727279663,
125,0.18506494164466858,3.036776304244995,
126,0.1859177201986313,3.022047281265259,
127,0.1875,3.0071821212768555,
128,0.1897590309381485,2.996605157852173,
129,0.18970587849617004,2.9868478775024414,
130,0.19540229439735413,2.9761290550231934,
131,0.1959269642829895,2.9731087684631348,
132,0.1984890103340149,2.9635941982269287,
133,0.19758065044879913,2.9574387073516846,
134,0.19934210181236267,2.9482955932617188,
135,0.20167525112628937,2.9417338371276855,
136,0.20328283309936523,2.936896324157715,
137,0.2048267275094986,2.9313318729400635,
138,0.20691747963428497,2.9239065647125244,
139,0.20654761791229248,2.919245481491089,
140,0.2085280418395996,2.910808563232422,
141,0.21158257126808167,2.9031693935394287,
142,0.2105855792760849,2.9003517627716064,
143,0.21238937973976135,2.890864610671997,
144,0.21684782207012177,2.8810057640075684,
145,0.21848291158676147,2.871765375137329,
146,0.21848739683628082,2.8641772270202637,
147,0.2179751992225647,2.860379695892334,
148,0.2179878056049347,2.8559176921844482,
149,0.2199999988079071,2.8493764400482178,
150,0.12962962687015533,3.5114266872406006,
151,0.1465517282485962,3.440962791442871,
152,0.16733871400356293,3.3669211864471436,
153,0.18371212482452393,3.2982966899871826,
154,0.19285714626312256,3.2505526542663574,
155,0.2060810774564743,3.2046926021575928,
156,0.21314102411270142,3.1598658561706543,
157,0.22103658318519592,3.125991106033325,
158,0.22965116798877716,3.0851402282714844,
159,0.23888888955116272,3.037013053894043,
160,0.23803190886974335,3.0217840671539307,
161,0.2410714328289032,2.9978396892547607,
162,0.2450980395078659,2.9804389476776123,
163,0.24882075190544128,2.963961124420166,
164,0.2556818127632141,2.935058116912842,
165,0.2565789520740509,2.919198989868164,
166,0.25953391194343567,2.9015390872955322,
167,0.2633196711540222,2.8828258514404297,
168,0.2718254029750824,2.8585002422332764,
169,0.2750000059604645,2.8369174003601074,
170,0.2761194109916687,2.823925018310547,
171,0.2817029058933258,2.8068225383758545,
172,0.2834506928920746,2.788159132003784,
173,0.284246563911438,2.7798941135406494,
174,0.2874999940395355,2.7696125507354736,
175,0.2889610528945923,2.756847858428955,
176,0.2919303774833679,2.741826295852661,
177,0.28935185074806213,2.7364838123321533,
178,0.29518070816993713,2.7257938385009766,
179,0.29485294222831726,2.7189087867736816,
180,0.29597702622413635,2.7091805934906006,
181,0.2970505654811859,2.7001943588256836,
182,0.30013737082481384,2.687546730041504,
183,0.30241936445236206,2.6801185607910156,
184,0.308552622795105,2.662858724594116,
185,0.3105670213699341,2.651689291000366,
186,0.31060606241226196,2.6434555053710938,
187,0.31683167815208435,2.631458044052124,
188,0.3185679614543915,2.6246566772460938,
189,0.3214285671710968,2.610779047012329,
190,0.3230140209197998,2.6025443077087402,
191,0.32167431712150574,2.5999746322631836,
192,0.32263514399528503,2.59318470954895,
193,0.3241150379180908,2.588045120239258,
194,0.32499998807907104,2.5823616981506348,
195,0.32692307233810425,2.5768537521362305,
196,0.3282563090324402,2.568655014038086,
197,0.3279958665370941,2.561593532562256,
198,0.32723575830459595,2.5564284324645996,
199,0.328000009059906,2.5489015579223633,
200,0.15740740299224854,3.3197994232177734,
201,0.16379310190677643,3.253852605819702,
202,0.17943547666072845,3.1866419315338135,
203,0.19507575035095215,3.115274667739868,
204,0.21071428060531616,3.0410854816436768,
205,0.2246621549129486,2.9951252937316895,
206,0.22596153616905212,2.9763472080230713,
207,0.2286585420370102,2.937736749649048,
208,0.2383720874786377,2.8998148441314697,
209,0.25,2.859544277191162,
210,0.26196807622909546,2.815932035446167,
211,0.2678571343421936,2.7891483306884766,
212,0.27450981736183167,2.7606704235076904,
213,0.2830188572406769,2.725314140319824,
214,0.2863636314868927,2.706372022628784,
215,0.28947368264198303,2.6779725551605225,
216,0.2913135588169098,2.6595568656921387,
217,0.29405736923217773,2.647921562194824,
218,0.30158731341362,2.627856492996216,
219,0.3067307770252228,2.6092982292175293,
220,0.30970150232315063,2.600205183029175,
221,0.31068840622901917,2.5843241214752197,
222,0.31161972880363464,2.57619047164917,
223,0.31592464447021484,2.563767194747925,
224,0.3241666555404663,2.5465352535247803,
225,0.3311688303947449,2.5253653526306152,
226,0.33386075496673584,2.513772487640381,
227,0.3364197611808777,2.5028624534606934,
228,0.34186747670173645,2.4862759113311768,
229,0.3426470458507538,2.4767649173736572,
230,0.3448275923728943,2.4664177894592285,
231,0.346207857131958,2.457101345062256,
232,0.3454670310020447,2.451977252960205,
233,0.3467741906642914,2.44454288482666,
234,0.3499999940395355,2.432281970977783,
235,0.3505154550075531,2.422405958175659,
236,0.3516414165496826,2.4142794609069824,
237,0.35210394859313965,2.4127357006073,
238,0.3519417345523834,2.4024927616119385,
239,0.3529762029647827,2.3955323696136475,
240,0.3539719581604004,2.3906846046447754,
241,0.3583715558052063,2.37727689743042,
242,0.36204954981803894,2.3698718547821045,
243,0.3633849620819092,2.3678319454193115,
244,0.36304348707199097,2.3638134002685547,
245,0.3659188151359558,2.357201099395752,
246,0.36764705181121826,2.3522534370422363,
247,0.3708677589893341,2.342819929122925,
248,0.37144309282302856,2.3376305103302,
249,0.3700000047683716,2.336000919342041,
250,0.2083333283662796,3.1686105728149414,
251,0.22413793206214905,3.095269203186035,
252,0.23790322244167328,3.020033597946167,
253,0.25189393758773804,2.965611219406128,
254,0.27142858505249023,2.896561861038208,
255,0.28378379344940186,2.837169647216797,
256,0.29006409645080566,2.790733814239502,
257,0.29420730471611023,2.7575385570526123,
258,0.3095930218696594,2.720440626144409,
259,0.32083332538604736,2.6771419048309326,
260,0.32446807622909546,2.6436846256256104,
261,0.3252550959587097,2.624544620513916,
262,0.3333333432674408,2.586907148361206,
263,0.338443398475647,2.556454658508301,
264,0.3443181812763214,2.5362024307250977,
265,0.34978070855140686,2.520753860473633,
266,0.35169491171836853,2.5060253143310547,
267,0.34938523173332214,2.511828660964966,
268,0.3551587164402008,2.491238594055176,
269,0.35769230127334595,2.4761486053466797,
270,0.35541045665740967,2.4685752391815186,
271,0.36141303181648254,2.445530652999878,
272,0.36443662643432617,2.431997299194336,
273,0.36986300349235535,2.4117624759674072,
274,0.375,2.3981287479400635,
275,0.37662336230278015,2.3853516578674316,
276,0.37737342715263367,2.371809720993042,
277,0.37962964177131653,2.3639800548553467,
278,0.3787650465965271,2.3577821254730225,
279,0.38235294818878174,2.3456969261169434,
280,0.3829022943973541,2.3429219722747803,
281,0.3834269642829895,2.3323404788970947,
282,0.38530218601226807,2.323765754699707,
283,0.38978493213653564,2.310577630996704,
284,0.39144736528396606,2.3028812408447266,
285,0.3949742317199707,2.2923145294189453,
286,0.39898988604545593,2.281942367553711,
287,0.3997524678707123,2.278150796890259,
288,0.40048542618751526,2.271336793899536,
289,0.4000000059604645,2.262972831726074,
290,0.4024532735347748,2.2565112113952637,
291,0.40194955468177795,2.256232261657715,
292,0.40202704071998596,2.2545268535614014,
293,0.40542036294937134,2.244863271713257,
294,0.40923914313316345,2.232182025909424,
295,0.4118589758872986,2.2222769260406494,
296,0.41334033012390137,2.2182388305664062,
297,0.4152892529964447,2.2119178771972656,
298,0.4151422679424286,2.2056186199188232,
299,0.4169999957084656,2.202183246612549,
300,0.1875,3.2158663272857666,
301,0.2068965584039688,3.132850170135498,
302,0.2177419364452362,3.061563014984131,
303,0.23295454680919647,2.9839518070220947,
304,0.24285714328289032,2.9287655353546143,
305,0.26520270109176636,2.854321002960205,
306,0.26923078298568726,2.8152546882629395,
307,0.27743902802467346,2.7698707580566406,
308,0.28052327036857605,2.739612579345703,
309,0.2888889014720917,2.7054262161254883,
310,0.2952127754688263,2.671738624572754,
311,0.2997449040412903,2.6419718265533447,
312,0.30882352590560913,2.6090309619903564,
313,0.3183962404727936,2.5791127681732178,
314,0.3272727131843567,2.550825357437134,
315,0.33662280440330505,2.5231106281280518,
316,0.3368644118309021,2.51086163520813,
317,0.3473360538482666,2.4795756340026855,
318,0.3472222089767456,2.46614146232605,
319,0.3519230782985687,2.4429800510406494,
320,0.35541045665740967,2.424722671508789,
321,0.3586956560611725,2.401087999343872,
322,0.3661971688270569,2.3769850730895996,
323,0.3681506812572479,2.360567808151245,
324,0.37416666746139526,2.341501474380493,
325,0.37581169605255127,2.3325390815734863,
326,0.375,2.3253912925720215,
327,0.37654322385787964,2.3156661987304688,
328,0.3780120611190796,2.301884651184082,
329,0.38235294818878174,2.287315845489502,
330,0.3857758641242981,2.279632329940796,
331,0.38904494047164917,2.268059730529785,
332,0.39423078298568726,2.2518420219421387,
333,0.39919355511665344,2.2369613647460938,
334,0.3993421196937561,2.2327957153320312,
335,0.40463918447494507,2.216295003890991,
336,0.40593433380126953,2.20717191696167,
337,0.4127475321292877,2.1907055377960205,
338,0.41383495926856995,2.1799418926239014,
339,0.4184523820877075,2.167726993560791,
340,0.4199766218662262,2.1584131717681885,
341,0.42431193590164185,2.1493563652038574,
342,0.42511260509490967,2.1463029384613037,
343,0.42533186078071594,2.138903856277466,
344,0.42445650696754456,2.1361091136932373,
345,0.4268162250518799,2.1258482933044434,
346,0.4285714328289032,2.12186598777771,
347,0.4318181872367859,2.109957456588745,
348,0.43343496322631836,2.103726387023926,
349,0.43549999594688416,2.0999276638031006,
350,0.21990740299224854,2.8919317722320557,
351,0.24568966031074524,2.80155348777771,
352,0.27016130089759827,2.714395046234131,
353,0.29356059432029724,2.62532901763916,
354,0.3035714328289032,2.5757603645324707,
355,0.31587839126586914,2.521254301071167,
356,0.3285256326198578,2.4718430042266846,
357,0.3414634168148041,2.424915313720703,
358,0.3517441749572754,2.388070821762085,
359,0.3652777671813965,2.3492276668548584,
360,0.37632977962493896,2.3194546699523926,
361,0.3852040767669678,2.287250280380249,
362,0.3921568691730499,2.266240358352661,
363,0.4044811427593231,2.2347569465637207,
364,0.4102272689342499,2.213977813720703,
365,0.41995614767074585,2.1878485679626465,
366,0.41419491171836853,2.1905100345611572,
367,0.41803279519081116,2.170682668685913,
368,0.4196428656578064,2.1587650775909424,
369,0.42211538553237915,2.1437551975250244,
370,0.42630597949028015,2.127293348312378,
371,0.4275362193584442,2.111084461212158,
372,0.4322183132171631,2.104384183883667,
373,0.43321916460990906,2.0906753540039062,
374,0.43666666746139526,2.0735702514648438,
375,0.44237011671066284,2.0574707984924316,
376,0.44224682450294495,2.0489649772644043,
377,0.4444444477558136,2.041585922241211,
378,0.4472891688346863,2.0306901931762695,
379,0.4522058963775635,2.017096996307373,
380,0.4554597735404968,2.0087006092071533,
381,0.45505619049072266,2.006615400314331,
382,0.4574175775051117,1.9952363967895508,
383,0.4603494703769684,1.9836281538009644,
384,0.46118420362472534,1.9746389389038086,
385,0.4613402187824249,1.9693093299865723,
386,0.4608585834503174,1.9660645723342896,
387,0.45853960514068604,1.9666118621826172,
388,0.4599514603614807,1.961143970489502,
389,0.46369048953056335,1.9491990804672241,
390,0.46436914801597595,1.9443590641021729,
391,0.46731650829315186,1.9332549571990967,
392,0.470157653093338,1.9241949319839478,
393,0.47345131635665894,1.9142212867736816,
394,0.4733695685863495,1.9107170104980469,
395,0.4759615361690521,1.9002430438995361,
396,0.4774159789085388,1.8936439752578735,
397,0.48037189245224,1.8876638412475586,
398,0.48323169350624084,1.8801320791244507,
399,0.48350000381469727,1.8778536319732666,
400,0.26851850748062134,2.675239324569702,
401,0.2801724076271057,2.6133992671966553,
402,0.28830644488334656,2.5543644428253174,
403,0.3087121248245239,2.4850895404815674,
404,0.3285714387893677,2.425605535507202,
405,0.34797295928001404,2.363720178604126,
406,0.35737180709838867,2.330561399459839,
407,0.35975611209869385,2.310828447341919,
408,0.364825576543808,2.28171968460083,
409,0.37361112236976624,2.24605131149292,
410,0.3789893686771393,2.226691246032715,
411,0.39030611515045166,2.1949563026428223,
412,0.4019607901573181,2.1558382511138916,
413,0.4044811427593231,2.1327221393585205,
414,0.40909090638160706,2.1294820308685303,
415,0.41337719559669495,2.1268723011016846,
416,0.4194915294647217,2.10589861869812,
417,0.4211065471172333,2.1001336574554443,
418,0.425595223903656,2.0838398933410645,
419,0.4307692348957062,2.071004629135132,
420,0.4319029748439789,2.0599520206451416,
421,0.43478259444236755,2.0453720092773438,
422,0.43661972880363464,2.0331625938415527,
423,0.44178083539009094,2.0166187286376953,
424,0.4391666650772095,2.0114223957061768,
425,0.43912336230278015,2.0082578659057617,
426,0.4359177350997925,2.0166239738464355,
427,0.43981480598449707,2.0038130283355713,
428,0.4405120611190796,1.9995174407958984,
429,0.4470588266849518,1.9786360263824463,
430,0.4468390941619873,1.9753180742263794,
431,0.45154494047164917,1.9662458896636963,
432,0.45467033982276917,1.951136827468872,
433,0.4556451737880707,1.9458731412887573,
434,0.45855262875556946,1.9403414726257324,
435,0.46262887120246887,1.9287219047546387,
436,0.4665403962135315,1.9197256565093994,
437,0.46967822313308716,1.9115253686904907,
438,0.4678398072719574,1.9078092575073242,
439,0.46964284777641296,1.903822660446167,
440,0.4719626307487488,1.8987058401107788,
441,0.47018349170684814,1.898930311203003,
442,0.4718468487262726,1.8946059942245483,
443,0.4756637215614319,1.8856290578842163,
444,0.4733695685863495,1.8876066207885742,
445,0.4770299196243286,1.87840735912323,
446,0.47951680421829224,1.875015377998352,
447,0.4834710657596588,1.864399790763855,
448,0.48424795269966125,1.8590857982635498,
449,0.48750001192092896,1.851259708404541,
450,0.3194444477558136,2.5166187286376953,
451,0.3469827473163605,2.427258014678955,
452,0.3568548262119293,2.3813304901123047,
453,0.36742424964904785,2.3278565406799316,
454,0.38035714626312256,2.281367540359497,
455,0.3918918967247009,2.2494685649871826,
456,0.39423078298568726,2.222172737121582,
457,0.39939025044441223,2.185854911804199,
458,0.4127906858921051,2.140139102935791,
459,0.41527777910232544,2.110835552215576,
460,0.4268617033958435,2.0772833824157715,
461,0.4272959232330322,2.0597872734069824,
462,0.43504902720451355,2.0313119888305664,
463,0.4363207519054413,2.010908365249634,
464,0.4431818127632141,1.9901819229125977,
465,0.44736841320991516,1.975701093673706,
466,0.45233049988746643,1.9620050191879272,
467,0.46004098653793335,1.9363778829574585,
468,0.4692460298538208,1.9203957319259644,
469,0.4711538553237915,1.9140629768371582,
470,0.4794776141643524,1.897564172744751,
471,0.4882246255874634,1.8728578090667725,
472,0.4867957830429077,1.8661675453186035,
473,0.4905821979045868,1.8578447103500366,
474,0.49416667222976685,1.846555233001709,
475,0.49512988328933716,1.8401762247085571,
476,0.5039557218551636,1.8198738098144531,
477,0.5054012537002563,1.8107868432998657,
478,0.5060241222381592,1.8126593828201294,
479,0.5095587968826294,1.7993205785751343,
480,0.5093390941619873,1.797792673110962,
481,0.5091292262077332,1.7917571067810059,
482,0.5096153616905212,1.785995364189148,
483,0.5107526779174805,1.7823843955993652,
484,0.5138157606124878,1.7761573791503906,
485,0.5128865838050842,1.7735791206359863,
486,0.5157828330993652,1.7652555704116821,
487,0.5173267126083374,1.756781816482544,
488,0.518203854560852,1.7492674589157104,
489,0.5214285850524902,1.7390908002853394,
490,0.5227803587913513,1.7353239059448242,
491,0.5240825414657593,1.7324820756912231,
492,0.525337815284729,1.7246776819229126,
493,0.5259955525398254,1.719954490661621,
494,0.5271739363670349,1.7154700756072998,
495,0.5261752009391785,1.7146512269973755,
496,0.5299369692802429,1.7089968919754028,
497,0.5294421315193176,1.7039886713027954,
498,0.5320122241973877,1.6968578100204468,
499,0.5350000262260437,1.6898901462554932,
500,0.3819444477558136,2.108482837677002,
501,0.4030172526836395,2.0459823608398438,
502,0.4072580635547638,2.029371738433838,
503,0.41856059432029724,2.0089941024780273,
504,0.4285714328289032,1.9730076789855957,
505,0.43412160873413086,1.9505101442337036,
506,0.45192307233810425,1.9065598249435425,
507,0.46341463923454285,1.8731441497802734,
508,0.4723837077617645,1.8396962881088257,
509,0.4861111044883728,1.805855631828308,
510,0.49468085169792175,1.7878124713897705,
511,0.49234694242477417,1.7893837690353394,
512,0.5036764740943909,1.7632156610488892,
513,0.5094339847564697,1.7479122877120972,
514,0.5159090757369995,1.7321661710739136,
515,0.5175438523292542,1.71826171875,
516,0.5254237055778503,1.693701148033142,
517,0.5338114500045776,1.676770806312561,
518,0.5347222089767456,1.670385718345642,
519,0.5403845906257629,1.6606999635696411,
520,0.5410447716712952,1.6506524085998535,
521,0.5489130616188049,1.6354634761810303,
522,0.5528169274330139,1.6220639944076538,
523,0.5582191944122314,1.612267017364502,
524,0.559166669845581,1.6082440614700317,
525,0.5641233921051025,1.5980339050292969,
526,0.565664529800415,1.591862440109253,
527,0.5632715821266174,1.5895344018936157,
528,0.5602409839630127,1.5935899019241333,
529,0.5580882430076599,1.5904136896133423,
530,0.5567528605461121,1.5931779146194458,
531,0.5603932738304138,1.5849876403808594,
532,0.5604395866394043,1.5811309814453125,
533,0.5577957034111023,1.578714370727539,
534,0.5592105388641357,1.5742701292037964,
535,0.5579897165298462,1.5732622146606445,
536,0.559974730014801,1.565967082977295,
537,0.5600247383117676,1.564507007598877,
538,0.5594660043716431,1.5650298595428467,
539,0.5583333373069763,1.5665606260299683,
540,0.5589953064918518,1.565788745880127,
541,0.560206413269043,1.563783049583435,
542,0.5591216087341309,1.5649088621139526,
543,0.5597345232963562,1.5631768703460693,
544,0.560869574546814,1.5605289936065674,
545,0.5657051205635071,1.552064299583435,
546,0.5677521228790283,1.5446481704711914,
547,0.5686983466148376,1.5430269241333008,
548,0.5701219439506531,1.539155125617981,
549,0.5720000267028809,1.5324909687042236,
550,0.34259259700775146,2.4081249237060547,
551,0.35991379618644714,2.334179162979126,
552,0.38104838132858276,2.271510601043701,
553,0.39962121844291687,2.207585096359253,
554,0.4035714268684387,2.165175437927246,
555,0.4256756901741028,2.1126935482025146,
556,0.4326923191547394,2.081387758255005,
557,0.4466463327407837,2.032331943511963,
558,0.4593023359775543,1.9965908527374268,
559,0.4694444537162781,1.977903962135315,
560,0.46409574151039124,1.9690254926681519,
561,0.4732142984867096,1.9479416608810425,
562,0.4791666567325592,1.9332208633422852,
563,0.4846698045730591,1.9182602167129517,
564,0.49204546213150024,1.8882558345794678,
565,0.4945175349712372,1.875440239906311,
566,0.4936440587043762,1.8591058254241943,
567,0.4959016442298889,1.8449146747589111,
568,0.5019841194152832,1.82528817653656,
569,0.5096153616905212,1.80830979347229,
570,0.516791045665741,1.7850128412246704,
571,0.5199275612831116,1.7765272855758667,
572,0.5202465057373047,1.7730915546417236,
573,0.5239726305007935,1.7572362422943115,
574,0.5266666412353516,1.738377332687378,
575,0.5308441519737244,1.7222133874893188,
576,0.5332278609275818,1.714662790298462,
577,0.5362654328346252,1.7036041021347046,
578,0.5384036302566528,1.6919934749603271,
579,0.541911780834198,1.6845934391021729,
580,0.5445402264595032,1.6755210161209106,
581,0.550561785697937,1.6633515357971191,
582,0.5542582273483276,1.65116548538208,
583,0.5571236610412598,1.6387882232666016,
584,0.5592105388641357,1.6342189311981201,
585,0.561855673789978,1.6239155530929565,
586,0.5637626051902771,1.6177915334701538,
587,0.5680692791938782,1.6067991256713867,
588,0.5728155374526978,1.592301607131958,
589,0.574404776096344,1.5888607501983643,
590,0.5782710313796997,1.579288125038147,
591,0.5808486342430115,1.5732700824737549,
592,0.582207202911377,1.5652101039886475,
593,0.5818583965301514,1.5609474182128906,
594,0.583695650100708,1.5532652139663696,
595,0.5849359035491943,1.5479724407196045,
596,0.5892857313156128,1.5392545461654663,
597,0.5909090638160706,1.5306825637817383,
598,0.5955284833908081,1.5213663578033447,
599,0.5964999794960022,1.521091341972351,
600,0.2222222238779068,3.862499952316284,
601,0.25,3.687687873840332,
602,0.27620968222618103,3.5383102893829346,
603,0.30492424964904785,3.399073839187622,
604,0.3321428596973419,3.258694887161255,
605,0.3547297418117523,3.134567975997925,
606,0.36858972907066345,3.033704996109009,
607,0.39024388790130615,2.935863494873047,
608,0.40843021869659424,2.8457069396972656,
609,0.42222222685813904,2.7696237564086914,
610,0.43882977962493896,2.686389923095703,
611,0.4477040767669678,2.620985984802246,
612,0.4583333432674408,2.5547165870666504,
613,0.4728773534297943,2.4959704875946045,
614,0.4829545319080353,2.4440064430236816,
615,0.48903509974479675,2.3997135162353516,
616,0.4925847351551056,2.3621511459350586,
617,0.4969262182712555,2.3351006507873535,
618,0.5059523582458496,2.2955894470214844,
619,0.5144230723381042,2.252854585647583,
620,0.52052241563797,2.223118543624878,
621,0.5253623127937317,2.1974258422851562,
622,0.529049277305603,2.170233964920044,
623,0.5359588861465454,2.1428942680358887,
624,0.5375000238418579,2.1192846298217773,
625,0.5430194735527039,2.0887598991394043,
626,0.5466772317886353,2.0616042613983154,
627,0.5493826866149902,2.0415632724761963,
628,0.5542168617248535,2.020618438720703,
629,0.5602940917015076,1.9949884414672852,
630,0.5646551847457886,1.9726001024246216,
631,0.5681179761886597,1.9516046047210693,
632,0.5741758346557617,1.929786205291748,
633,0.5752688050270081,1.909807801246643,
634,0.5815789699554443,1.887261986732483,
635,0.5818299055099487,1.8752521276474,
636,0.5839646458625793,1.8600364923477173,
637,0.5853960514068604,1.8448361158370972,
638,0.5898058414459229,1.8245975971221924,
639,0.5934523940086365,1.8078008890151978,
640,0.5922897458076477,1.7980424165725708,
641,0.5934633016586304,1.7907328605651855,
642,0.5951576828956604,1.7818678617477417,
643,0.5984513163566589,1.7691102027893066,
644,0.6005434989929199,1.7560150623321533,
645,0.6004273295402527,1.747100591659546,
646,0.6024159789085388,1.7359980344772339,
647,0.6058884263038635,1.7229863405227661,
648,0.607723593711853,1.7129555940628052,
649,0.6104999780654907,1.7020734548568726,
650,0.4236111044883728,2.118950843811035,
651,0.4396551847457886,2.054056167602539,
652,0.46169355511665344,2.000624179840088,
653,0.47159090638160706,1.9736087322235107,
654,0.4821428656578064,1.9296787977218628,
655,0.4864864945411682,1.8962371349334717,
656,0.5,1.851032018661499,
657,0.5106707215309143,1.8095662593841553,
658,0.5232558250427246,1.773736834526062,
659,0.5388888716697693,1.7361414432525635,
660,0.5465425252914429,1.7080481052398682,
661,0.5484693646430969,1.6837362051010132,
662,0.5563725233078003,1.6546895503997803,
663,0.5625,1.635634183883667,
664,0.5693181753158569,1.6102591753005981,
665,0.5756579041481018,1.5889018774032593,
666,0.5805084705352783,1.572281837463379,
667,0.5870901346206665,1.5480750799179077,
668,0.5932539701461792,1.534301996231079,
669,0.5951923131942749,1.5260941982269287,
670,0.5960820913314819,1.521196961402893,
671,0.5978260636329651,1.5145341157913208,
672,0.5977112650871277,1.5108320713043213,
673,0.6001712083816528,1.4998596906661987,
674,0.6050000190734863,1.4821478128433228,
675,0.6071428656578064,1.4702491760253906,
676,0.6091772317886353,1.464813232421875,
677,0.6126543283462524,1.4580391645431519,
678,0.6167168617248535,1.4498634338378906,
679,0.6205882430076599,1.4385881423950195,
680,0.6228448152542114,1.4310708045959473,
681,0.6235954761505127,1.4315499067306519,
682,0.6222527623176575,1.4282734394073486,
683,0.6263440847396851,1.4180538654327393,
684,0.628947377204895,1.4124709367752075,
685,0.6320876479148865,1.4079806804656982,
686,0.6325757503509521,1.4002941846847534,
687,0.6349009871482849,1.395384669303894,
688,0.6365291476249695,1.3945978879928589,
689,0.6404761672019958,1.3837679624557495,
690,0.6425233483314514,1.3756946325302124,
691,0.6427752375602722,1.3700720071792603,
692,0.6452702879905701,1.36366868019104,
693,0.6487832069396973,1.3561439514160156,
694,0.6499999761581421,1.3513327836990356,
695,0.6511752009391785,1.345465898513794,
696,0.6517857313156128,1.3436357975006104,
697,0.6539255976676941,1.3381034135818481,
698,0.6580284833908081,1.3282182216644287,
699,0.6585000157356262,1.3248165845870972,
700,0.34490740299224854,2.4624874591827393,
701,0.3836206793785095,2.3510215282440186,
702,0.40120968222618103,2.278580904006958,
703,0.4223484992980957,2.198981761932373,
704,0.4464285671710968,2.1146109104156494,
705,0.4611486494541168,2.0592567920684814,
706,0.4711538553237915,2.008430242538452,
707,0.47560974955558777,1.974141001701355,
708,0.4883720874786377,1.9275262355804443,
709,0.4958333373069763,1.8913304805755615,
710,0.5039893388748169,1.8505367040634155,
711,0.5127550959587097,1.8170396089553833,
712,0.5245097875595093,1.7786530256271362,
713,0.5294811129570007,1.756982445716858,
714,0.5295454263687134,1.7450432777404785,
715,0.5285087823867798,1.741711974143982,
716,0.5370762944221497,1.7158126831054688,
717,0.5430327653884888,1.69292151927948,
718,0.5496031641960144,1.6663594245910645,
719,0.5548076629638672,1.6480023860931396,
720,0.5615671873092651,1.628297209739685,
721,0.5661231875419617,1.6169930696487427,
722,0.5686619877815247,1.6111291646957397,
723,0.5770547986030579,1.5863730907440186,
724,0.5799999833106995,1.5717427730560303,
725,0.5819805264472961,1.5601814985275269,
726,0.5830696225166321,1.5519640445709229,
727,0.5864197611808777,1.538586139678955,
728,0.588102400302887,1.5308204889297485,
729,0.5926470756530762,1.5170519351959229,
730,0.5955459475517273,1.5078338384628296,
731,0.5976123809814453,1.4992941617965698,
732,0.6002747416496277,1.4874143600463867,
733,0.600806474685669,1.4802119731903076,
734,0.6032894849777222,1.4676508903503418,
735,0.6063144207000732,1.4604958295822144,
736,0.6047979593276978,1.4592448472976685,
737,0.6058168411254883,1.452338695526123,
738,0.6098300814628601,1.439659833908081,
739,0.6119047403335571,1.4301010370254517,
740,0.6156542301177979,1.4209102392196655,
741,0.6198394298553467,1.4106600284576416,
742,0.6233108043670654,1.4044486284255981,
743,0.627212405204773,1.3932982683181763,
744,0.626630425453186,1.3870465755462646,
745,0.62767094373703,1.379258155822754,
746,0.631302535533905,1.3725484609603882,
747,0.6337810158729553,1.3647702932357788,
748,0.6346544623374939,1.3640309572219849,
749,0.6355000138282776,1.361075520515442,
750,0.5,1.737680196762085,
751,0.5086206793785095,1.6825132369995117,
752,0.5181451439857483,1.6506026983261108,
753,0.5284090638160706,1.6183780431747437,
754,0.5357142686843872,1.5905497074127197,
755,0.5472972989082336,1.5613940954208374,
756,0.5512820482254028,1.5367047786712646,
757,0.5518292784690857,1.5261446237564087,
758,0.5566860437393188,1.5021049976348877,
759,0.5638889074325562,1.4818071126937866,
760,0.5757978558540344,1.4579836130142212,
761,0.5778061151504517,1.4412471055984497,
762,0.5796568393707275,1.4295682907104492,
763,0.5837264060974121,1.4154696464538574,
764,0.5897727012634277,1.3958452939987183,
765,0.5953947305679321,1.3819115161895752,
766,0.6006355881690979,1.3691434860229492,
767,0.6065573692321777,1.3552799224853516,
768,0.6121031641960144,1.339752435684204,
769,0.6144230961799622,1.326714038848877,
770,0.6175373196601868,1.3168104887008667,
771,0.6213768124580383,1.3057247400283813,
772,0.6241196990013123,1.2961196899414062,
773,0.6258561611175537,1.2935041189193726,
774,0.6316666603088379,1.283356785774231,
775,0.6331169009208679,1.2856976985931396,
776,0.6329113841056824,1.285916805267334,
777,0.6350308656692505,1.277845025062561,
778,0.641566276550293,1.2638883590698242,
779,0.6419117450714111,1.261199951171875,
780,0.641523003578186,1.2628138065338135,
781,0.6460674405097961,1.2512359619140625,
782,0.6449176073074341,1.2495917081832886,
783,0.649193525314331,1.2406789064407349,
784,0.6519736647605896,1.2342485189437866,
785,0.6514175534248352,1.2314143180847168,
786,0.6527777910232544,1.2272027730941772,
787,0.6534653306007385,1.2249226570129395,
788,0.657160222530365,1.215341329574585,
789,0.6559523940086365,1.2141461372375488,
790,0.6582943797111511,1.2082878351211548,
791,0.6599770784378052,1.2024592161178589,
792,0.6610360145568848,1.196824073791504,
793,0.6626105904579163,1.1920498609542847,
794,0.665217399597168,1.1857796907424927,
795,0.6672008633613586,1.1799389123916626,
796,0.6691176295280457,1.1757574081420898,
797,0.6683884263038635,1.1803159713745117,
798,0.670223593711853,1.174985408782959,
799,0.6704999804496765,1.1731544733047485,
800,0.5370370149612427,1.676880955696106,
801,0.5538793206214905,1.624786615371704,
802,0.5685483813285828,1.5829871892929077,
803,0.5776515007019043,1.5497111082077026,
804,0.5892857313156128,1.5103198289871216,
805,0.5895270109176636,1.496551513671875,
806,0.6041666865348816,1.455857753753662,
807,0.6112805008888245,1.4267332553863525,
808,0.617732584476471,1.3975623846054077,
809,0.6263889074325562,1.379647970199585,
810,0.6316489577293396,1.3680652379989624,
811,0.6352040767669678,1.3506011962890625,
812,0.6409313678741455,1.3350653648376465,
813,0.6403301954269409,1.32393479347229,
814,0.6465908885002136,1.2992775440216064,
815,0.6502193212509155,1.2816909551620483,
816,0.6546609997749329,1.2687122821807861,
817,0.6567623019218445,1.2595871686935425,
818,0.6626983880996704,1.245117425918579,
819,0.6625000238418579,1.2462515830993652,
820,0.6613805890083313,1.2466920614242554,
821,0.66847825050354,1.2317181825637817,
822,0.67341548204422,1.2207646369934082,
823,0.6772260069847107,1.2138649225234985,
824,0.6808333396911621,1.2057710886001587,
825,0.6858766078948975,1.1974128484725952,
826,0.6867088675498962,1.1878262758255005,
827,0.6890432238578796,1.1780980825424194,
828,0.6897590160369873,1.1711325645446777,
829,0.6933823823928833,1.1636576652526855,
830,0.6946839094161987,1.1563001871109009,
831,0.6938202381134033,1.1535969972610474,
832,0.6964285969734192,1.1471900939941406,
833,0.6975806355476379,1.1442817449569702,
834,0.7006579041481018,1.1369322538375854,
835,0.6984536051750183,1.137825608253479,
836,0.6988636255264282,1.1326743364334106,
837,0.7004950642585754,1.1267038583755493,
838,0.7020630836486816,1.1244710683822632,
839,0.7023809552192688,1.1202828884124756,
840,0.7038551568984985,1.116838812828064,
841,0.704701840877533,1.1143182516098022,
842,0.707207202911377,1.1075026988983154,
843,0.7107300758361816,1.0994393825531006,
844,0.7119565010070801,1.093049168586731,
845,0.7131410241127014,1.0890305042266846,
846,0.7163865566253662,1.0823092460632324,
847,0.7184917330741882,1.0735933780670166,
848,0.7200203537940979,1.0682973861694336,
849,0.7225000262260437,1.0603227615356445,
850,0.5347222089767456,1.5496716499328613,
851,0.5517241358757019,1.5054913759231567,
852,0.5645161271095276,1.4620050191879272,
853,0.5719696879386902,1.443986177444458,
854,0.5821428298950195,1.4070873260498047,
855,0.5929054021835327,1.3726415634155273,
856,0.6025640964508057,1.3413234949111938,
857,0.6067073345184326,1.315700888633728,
858,0.617732584476471,1.2885973453521729,
859,0.6263889074325562,1.2632416486740112,
860,0.6303191781044006,1.260236382484436,
861,0.6326530575752258,1.2552363872528076,
862,0.6409313678741455,1.2397964000701904,
863,0.6474056839942932,1.2250843048095703,
864,0.6499999761581421,1.2152462005615234,
865,0.6502193212509155,1.2102270126342773,
866,0.6514830589294434,1.2070690393447876,
867,0.6516393423080444,1.2090213298797607,
868,0.6557539701461792,1.1965315341949463,
869,0.6567307710647583,1.1936392784118652,
870,0.6613805890083313,1.182101845741272,
871,0.6594203114509583,1.1793800592422485,
872,0.6619718074798584,1.1739016771316528,
873,0.6626712083816528,1.1708178520202637,
874,0.6641666889190674,1.16701078414917,
875,0.6704545617103577,1.1531862020492554,
876,0.6732594966888428,1.1462162733078003,
877,0.6751543283462524,1.1396876573562622,
878,0.6769578456878662,1.1338083744049072,
879,0.6816176176071167,1.1245671510696411,
880,0.6831896305084229,1.1211977005004883,
881,0.6882022619247437,1.1092338562011719,
882,0.6881868243217468,1.1090227365493774,
883,0.6922042965888977,1.1020687818527222,
884,0.696052610874176,1.0904461145401,
885,0.6984536051750183,1.0855544805526733,
886,0.6976010203361511,1.0872023105621338,
887,0.6998762488365173,1.08670175075531,
888,0.7002426981925964,1.0828280448913574,
889,0.7029761672019958,1.074449062347412,
890,0.707359790802002,1.0651426315307617,
891,0.7098624110221863,1.0604907274246216,
892,0.710022509098053,1.0555386543273926,
893,0.7123894095420837,1.053987741470337,
894,0.7130434513092041,1.0516916513442993,
895,0.7115384340286255,1.0521659851074219,
896,0.7121848464012146,1.051346778869629,
897,0.7153925895690918,1.0437864065170288,
898,0.7174796462059021,1.037725567817688,
899,0.718500018119812,1.033663272857666,
900,0.5833333134651184,1.4154143333435059,
901,0.5948275923728943,1.3668243885040283,
902,0.6108871102333069,1.3318891525268555,
903,0.623106062412262,1.2923972606658936,
904,0.6303571462631226,1.2623615264892578,
905,0.6435810923576355,1.2230600118637085,
906,0.6442307829856873,1.2200191020965576,
907,0.6570122241973877,1.1936604976654053,
908,0.6584302186965942,1.186009168624878,
909,0.6652777791023254,1.1753497123718262,
910,0.667553186416626,1.1635756492614746,
911,0.6645408272743225,1.1645370721817017,
912,0.6703431606292725,1.158433437347412,
913,0.6721698045730591,1.1499158143997192,
914,0.6795454621315002,1.137910008430481,
915,0.6842105388641357,1.123334288597107,
916,0.6906779408454895,1.1029040813446045,
917,0.6926229596138,1.0936589241027832,
918,0.699404776096344,1.0788958072662354,
919,0.7009615302085876,1.0761698484420776,
920,0.7052238583564758,1.0683850049972534,
921,0.7056159377098083,1.0588041543960571,
922,0.7086267471313477,1.0480319261550903,
923,0.7071917653083801,1.057416558265686,
924,0.7099999785423279,1.0491756200790405,
925,0.711850643157959,1.0460436344146729,
926,0.7120253443717957,1.0419692993164062,
927,0.7114197611808777,1.0368133783340454,
928,0.7153614163398743,1.0259751081466675,
929,0.7198529243469238,1.0196703672409058,
930,0.7219827771186829,1.0131784677505493,
931,0.7240168452262878,1.0089927911758423,
932,0.7266483306884766,1.0038111209869385,
933,0.7291666865348816,0.9971386194229126,
934,0.7309210300445557,0.991801917552948,
935,0.7338917255401611,0.983525276184082,
936,0.7348484992980957,0.9786635637283325,
937,0.7326732873916626,0.9792982339859009,
938,0.7330096960067749,0.9794102907180786,
939,0.7321428656578064,0.9791679978370667,
940,0.7307242751121521,0.9783258438110352,
941,0.7310779690742493,0.9787676930427551,
942,0.7308558821678162,0.9760589003562927,
943,0.7295354008674622,0.9807546734809875,
944,0.731521725654602,0.9757255911827087,
945,0.7318376302719116,0.9751718640327454,
946,0.7337185144424438,0.9691932201385498,
947,0.7355371713638306,0.9627194404602051,
948,0.7378048896789551,0.9575483202934265,
949,0.7404999732971191,0.9523080587387085,
950,0.49768519401550293,1.671345829963684,
951,0.5215517282485962,1.6000049114227295,
952,0.5362903475761414,1.5501539707183838,
953,0.5530303120613098,1.5034910440444946,
954,0.5696428418159485,1.464648723602295,
955,0.5793918967247009,1.4291449785232544,
956,0.5913461446762085,1.4024378061294556,
957,0.6021341681480408,1.3757940530776978,
958,0.6119186282157898,1.345855951309204,
959,0.6277777552604675,1.3061367273330688,
960,0.6343085169792175,1.2806822061538696,
961,0.6403061151504517,1.2619909048080444,
962,0.6495097875595093,1.2352283000946045,
963,0.6591981053352356,1.2086338996887207,
964,0.6659091114997864,1.194893479347229,
965,0.6710526347160339,1.1744047403335571,
966,0.6747881174087524,1.1659184694290161,
967,0.6782786846160889,1.1521990299224854,
968,0.6835317611694336,1.139184832572937,
969,0.6855769157409668,1.1310796737670898,
970,0.6893656849861145,1.11983323097229,
971,0.6884058117866516,1.1160097122192383,
972,0.6919013857841492,1.1092122793197632,
973,0.6969178318977356,1.0940674543380737,
974,0.699999988079071,1.0838749408721924,
975,0.701298713684082,1.0753154754638672,
976,0.7056962251663208,1.0654284954071045,
977,0.7106481194496155,1.051056981086731,
978,0.7123494148254395,1.0430370569229126,
979,0.716911792755127,1.0306910276412964,
980,0.7191091775894165,1.0235246419906616,
981,0.721207857131958,1.0144413709640503,
982,0.7218406796455383,1.013504147529602,
983,0.7237903475761414,1.0065709352493286,
984,0.7269737124443054,0.9981860518455505,
985,0.7280927896499634,0.9944947361946106,
986,0.7297979593276978,0.9908171892166138,
987,0.7308168411254883,0.9870275855064392,
988,0.7354369163513184,0.9790689945220947,
989,0.7369047403335571,0.9741747975349426,
990,0.7389018535614014,0.965278148651123,
991,0.7419725060462952,0.9605451226234436,
992,0.7449324131011963,0.9521797895431519,
993,0.7444690465927124,0.9491207003593445,
994,0.7461956739425659,0.9459335803985596,
995,0.747863233089447,0.9400956630706787,
996,0.7484243512153625,0.9354864358901978,
997,0.7494834661483765,0.932803213596344,
998,0.7510162591934204,0.9319576025009155,
999,0.7524999976158142,0.9271608591079712,
1000,0.5578703880310059,1.6234441995620728,
1001,0.579741358757019,1.5535638332366943,
1002,0.5846773982048035,1.521411418914795,
1003,0.5965909361839294,1.478750467300415,
1004,0.6107142567634583,1.4360265731811523,
1005,0.6199324131011963,1.4069249629974365,
1006,0.6314102411270142,1.3680394887924194,
1007,0.644817054271698,1.3366081714630127,
1008,0.6526162624359131,1.3044246435165405,
1009,0.6638888716697693,1.2718645334243774,
1010,0.6768617033958435,1.2402695417404175,
1011,0.6862244606018066,1.2120633125305176,
1012,0.6850489974021912,1.196938395500183,
1013,0.6910377144813538,1.1784937381744385,
1014,0.6931818127632141,1.1667982339859009,
1015,0.6973684430122375,1.1493489742279053,
1016,0.7012711763381958,1.1339913606643677,
1017,0.7069672346115112,1.1155928373336792,
1018,0.7123016119003296,1.1006113290786743,
1019,0.7182692289352417,1.0858708620071411,
1020,0.7201492786407471,1.0811845064163208,
1021,0.7210144996643066,1.0743606090545654,
1022,0.7218309640884399,1.065056562423706,
1023,0.7234588861465454,1.055135726928711,
1024,0.7291666865348816,1.0409884452819824,
1025,0.7337662577629089,1.0274057388305664,
1026,0.7333860993385315,1.0199528932571411,
1027,0.7361111044883728,1.0114237070083618,
1028,0.7371987700462341,1.0019464492797852,
1029,0.7397058606147766,0.992615818977356,
1030,0.7399425506591797,0.9903209209442139,
1031,0.7408707737922668,0.9853690266609192,
1032,0.7438187003135681,0.9762088656425476,
1033,0.7446236610412598,0.9709430932998657,
1034,0.746052622795105,0.9662226438522339,
1035,0.7461340427398682,0.9660236239433289,
1036,0.7462121248245239,0.9636083841323853,
1037,0.7475247383117676,0.9607664942741394,
1038,0.7469660043716431,0.9644296765327454,
1039,0.7464285492897034,0.9606084823608398,
1040,0.7482476830482483,0.9553803205490112,
1041,0.7494266033172607,0.950282096862793,
1042,0.752815306186676,0.943421483039856,
1043,0.7549778819084167,0.9373555779457092,
1044,0.7565217614173889,0.933214008808136,
1045,0.7558760643005371,0.9335562586784363,
1046,0.756302535533905,0.9284733533859253,
1047,0.7582644820213318,0.9254328608512878,
1048,0.7601625919342041,0.9217445850372314,
1049,0.7599999904632568,0.9205793738365173,
1050,0.6041666865348816,1.4394820928573608,
1051,0.618534505367279,1.3908625841140747,
1052,0.6370967626571655,1.346146583557129,
1053,0.6534090638160706,1.3036737442016602,
1054,0.6607142686843872,1.2715376615524292,
1055,0.6638513803482056,1.2611440420150757,
1056,0.6666666865348816,1.2360042333602905,
1057,0.6768292784690857,1.1984474658966064,
1058,0.6875,1.1754552125930786,
1059,0.6902777552604675,1.163554072380066,
1060,0.6954787373542786,1.1480456590652466,
1061,0.7028061151504517,1.126198172569275,
1062,0.7107843160629272,1.1027302742004395,
1063,0.7169811129570007,1.0862210988998413,
1064,0.7238636612892151,1.0678560733795166,
1065,0.7225877046585083,1.0604084730148315,
1066,0.7224576473236084,1.0553866624832153,
1067,0.7274590134620667,1.0417019128799438,
1068,0.7311508059501648,1.0301481485366821,
1069,0.7317307591438293,1.020950436592102,
1070,0.7341417670249939,1.0165817737579346,
1071,0.7364130616188049,1.0051835775375366,
1072,0.7341549396514893,1.0052679777145386,
1073,0.732876718044281,1.0030055046081543,
1074,0.7333333492279053,1.0013937950134277,
1075,0.736201286315918,0.9933194518089294,
1076,0.7389240264892578,0.9877627491950989,
1077,0.7391975522041321,0.980499267578125,
1078,0.7379518151283264,0.9795475006103516,
1079,0.7389705777168274,0.9734926819801331,
1080,0.7406609058380127,0.9669799208641052,
1081,0.742977499961853,0.9586251974105835,
1082,0.7458791136741638,0.9496353268623352,
1083,0.7479838728904724,0.9436120390892029,
1084,0.75,0.9357510209083557,
1085,0.748711347579956,0.9366763234138489,
1086,0.752525269985199,0.9279181957244873,
1087,0.7555692791938782,0.9210096597671509,
1088,0.7584951519966125,0.9156554341316223,
1089,0.7577381134033203,0.9156023263931274,
1090,0.7558411359786987,0.9165911078453064,
1091,0.7563073635101318,0.9142482876777649,
1092,0.7590090036392212,0.9080541729927063,
1093,0.7616150379180908,0.9041044116020203,
1094,0.761956512928009,0.9000502228736877,
1095,0.7633547186851501,0.8974986672401428,
1096,0.7641806602478027,0.8923929929733276,
1097,0.7644628286361694,0.8895284533500671,
1098,0.7657520174980164,0.886021077632904,
1099,0.7649999856948853,0.885516881942749,
1100,0.5578703880310059,1.5693817138671875,
1101,0.5840517282485962,1.4951083660125732,
1102,0.6048387289047241,1.4315783977508545,
1103,0.6212121248245239,1.3766014575958252,
1104,0.6339285969734192,1.3302276134490967,
1105,0.6368243098258972,1.307325005531311,
1106,0.6442307829856873,1.2730388641357422,
1107,0.6570122241973877,1.2321301698684692,
1108,0.6656976938247681,1.2064613103866577,
1109,0.6736111044883728,1.1773031949996948,
1110,0.6795212626457214,1.154564380645752,
1111,0.6823979616165161,1.1402671337127686,
1112,0.6936274766921997,1.1106650829315186,
1113,0.6992924809455872,1.1017769575119019,
1114,0.7045454382896423,1.0794792175292969,
1115,0.7116228342056274,1.0584229230880737,
1116,0.7139830589294434,1.0484092235565186,
1117,0.7202869057655334,1.0370004177093506,
1118,0.7242063283920288,1.0250483751296997,
1119,0.7259615659713745,1.0212173461914062,
1120,0.7238805890083313,1.0272290706634521,
1121,0.7273550629615784,1.0173205137252808,
1122,0.7271126508712769,1.0153205394744873,
1123,0.7303082346916199,1.0066238641738892,
1124,0.7350000143051147,0.9948576092720032,
1125,0.7337662577629089,0.9907838702201843,
1126,0.7357594966888428,0.9816457033157349,
1127,0.7391975522041321,0.9722418785095215,
1128,0.7402108311653137,0.9677026867866516,
1129,0.7426470518112183,0.9627208709716797,
1130,0.7471264600753784,0.9507398009300232,
1131,0.75,0.9422080516815186,
1132,0.7534340620040894,0.9342799782752991,
1133,0.7560483813285828,0.9281325936317444,
1134,0.75789475440979,0.9214805960655212,
1135,0.7583763003349304,0.9142515063285828,
1136,0.7594696879386902,0.908000648021698,
1137,0.7623762488365173,0.9039635062217712,
1138,0.762135922908783,0.8992312550544739,
1139,0.7648809552192688,0.8923442363739014,
1140,0.7657710313796997,0.8876422047615051,
1141,0.767201840877533,0.8839378952980042,
1142,0.7685810923576355,0.8788288831710815,
1143,0.7693583965301514,0.8765403032302856,
1144,0.772282600402832,0.8697348833084106,
1145,0.7751068472862244,0.8648599982261658,
1146,0.7767857313156128,0.8583857417106628,
1147,0.7773760557174683,0.8558000326156616,
1148,0.7769308686256409,0.8547062873840332,
1149,0.7795000076293945,0.8487493991851807,
1150,0.6226851940155029,1.4047821760177612,
1151,0.642241358757019,1.3487499952316284,
1152,0.6552419066429138,1.3070183992385864,
1153,0.6571969985961914,1.2775222063064575,
1154,0.6642857193946838,1.2457722425460815,
1155,0.6689189076423645,1.2229653596878052,
1156,0.6778846383094788,1.1919716596603394,
1157,0.6890243887901306,1.1683528423309326,
1158,0.6991279125213623,1.1369839906692505,
1159,0.6986111402511597,1.1229486465454102,
1160,0.7047872543334961,1.1025549173355103,
1161,0.7053571343421936,1.1016560792922974,
1162,0.7071078419685364,1.0859482288360596,
1163,0.7051886916160583,1.0815123319625854,
1164,0.706818163394928,1.0702238082885742,
1165,0.7094298005104065,1.0624980926513672,
1166,0.7171609997749329,1.04672372341156,
1167,0.7182376980781555,1.0437427759170532,
1168,0.7192460298538208,1.0310300588607788,
1169,0.7201923131942749,1.0265882015228271,
1170,0.7220149040222168,1.0204776525497437,
1171,0.7255434989929199,1.0084620714187622,
1172,0.7279929518699646,1.0034844875335693,
1173,0.732876718044281,0.9909546971321106,
1174,0.73416668176651,0.9830041527748108,
1175,0.7353895902633667,0.9746394753456116,
1176,0.7365506291389465,0.9704549312591553,
1177,0.7407407164573669,0.9566166400909424,
1178,0.7432228922843933,0.9450604319572449,
1179,0.7470588088035583,0.9356188774108887,
1180,0.7528735399246216,0.9222738146781921,
1181,0.754915714263916,0.9150971174240112,
1182,0.7561812996864319,0.9072750210762024,
1183,0.7594085931777954,0.8967185020446777,
1184,0.7618421316146851,0.8894177675247192,
1185,0.7648195624351501,0.8812289834022522,
1186,0.7651515007019043,0.8780967593193054,
1187,0.7673267126083374,0.8722519278526306,
1188,0.7657766938209534,0.876606822013855,
1189,0.7678571343421936,0.8720782995223999,
1190,0.7692757248878479,0.8644099235534668,
1191,0.7706422209739685,0.8581299185752869,
1192,0.769707202911377,0.8585969805717468,
1193,0.7710176706314087,0.8549996614456177,
1194,0.771195650100708,0.851148784160614,
1195,0.7729700803756714,0.8453903198242188,
1196,0.7715336084365845,0.8438293933868408,
1197,0.7711777091026306,0.8430365324020386,
1198,0.772357702255249,0.8405921459197998,
1199,0.7735000252723694,0.8374361395835876,
1200,0.6273148059844971,1.329808235168457,
1201,0.6530172228813171,1.2642990350723267,
1202,0.6713709831237793,1.2139978408813477,
1203,0.6780303120613098,1.1908701658248901,
1204,0.6857143044471741,1.168203353881836,
1205,0.6959459185600281,1.1398231983184814,
1206,0.7019230723381042,1.1245816946029663,
1207,0.7118902206420898,1.0976797342300415,
1208,0.7180232405662537,1.0720186233520508,
1209,0.7263888716697693,1.0481253862380981,
1210,0.7313829660415649,1.0318238735198975,
1211,0.733418345451355,1.0200811624526978,
1212,0.7414215803146362,0.9959186315536499,
1213,0.7441037893295288,0.9787378311157227,
1214,0.7477272748947144,0.9624843001365662,
1215,0.7510964870452881,0.9494028091430664,
1216,0.7552965879440308,0.9413203597068787,
1217,0.7592213153839111,0.929028332233429,
1218,0.7628968358039856,0.91829514503479,
1219,0.7653846144676208,0.9060113430023193,
1220,0.77052241563797,0.8921480178833008,
1221,0.7744565010070801,0.8791550397872925,
1222,0.779049277305603,0.8677315711975098,
1223,0.7816780805587769,0.8582749962806702,
1224,0.7833333611488342,0.8532457947731018,
1225,0.7865259647369385,0.844157338142395,
1226,0.7879746556282043,0.8433411717414856,
1227,0.7916666865348816,0.8333418369293213,
1228,0.7944276928901672,0.8269285559654236,
1229,0.7948529124259949,0.8215066194534302,
1230,0.7988505959510803,0.8120211958885193,
1231,0.8019663095474243,0.8039308786392212,
1232,0.8035714030265808,0.7963879108428955,
1233,0.8037634491920471,0.795102596282959,
1234,0.8032894730567932,0.794076681137085,
1235,0.8054123520851135,0.7865414023399353,
1236,0.808080792427063,0.7789304256439209,
1237,0.8100247383117676,0.7732290029525757,
1238,0.8112863898277283,0.7710379958152771,
1239,0.8113095164299011,0.7686004638671875,
1240,0.8130841255187988,0.76629638671875,
1241,0.8159403800964355,0.7594214081764221,
1242,0.818130612373352,0.7527261972427368,
1243,0.8196902871131897,0.7477101683616638,
1244,0.821739137172699,0.7424280643463135,
1245,0.8226495981216431,0.7404043078422546,
1246,0.8240545988082886,0.7351198792457581,
1247,0.8243801593780518,0.7365546822547913,
1248,0.8246951103210449,0.7334789633750916,
1249,0.8255000114440918,0.7301291823387146,
1250,0.5949074029922485,1.448758602142334,
1251,0.6206896305084229,1.3768243789672852,
1252,0.6310483813285828,1.3455500602722168,
1253,0.6458333134651184,1.2986359596252441,
1254,0.6589285731315613,1.2503784894943237,
1255,0.6722972989082336,1.21049964427948,
1256,0.682692289352417,1.171694040298462,
1257,0.6905487775802612,1.148366928100586,
1258,0.7005813717842102,1.1245919466018677,
1259,0.7097222208976746,1.0966472625732422,
1260,0.7140957713127136,1.07859206199646,
1261,0.7181122303009033,1.0615347623825073,
1262,0.7242646813392639,1.0365588665008545,
1263,0.7299528121948242,1.0243356227874756,
1264,0.7329545617103577,1.0091437101364136,
1265,0.7357456088066101,0.999169647693634,
1266,0.7383474707603455,0.987175703048706,
1267,0.7448770403862,0.9710787534713745,
1268,0.7519841194152832,0.954337477684021,
1269,0.754807710647583,0.941868782043457,
1270,0.7602611780166626,0.9281429648399353,
1271,0.7663043737411499,0.9136555194854736,
1272,0.7720070481300354,0.9004729390144348,
1273,0.7748287916183472,0.8915713429450989,
1274,0.7766666412353516,0.8832528591156006,
1275,0.7808441519737244,0.8695204854011536,
1276,0.7792721390724182,0.8642755150794983,
1277,0.7808641791343689,0.8589684963226318,
1278,0.7838855385780334,0.8502490520477295,
1279,0.7867646813392639,0.8432357907295227,
1280,0.7887930870056152,0.8347212672233582,
1281,0.7914325594902039,0.8290547728538513,
1282,0.7946428656578064,0.8200764656066895,
1283,0.7950268983840942,0.8174232840538025,
1284,0.7967105507850647,0.8107808232307434,
1285,0.7996134161949158,0.8011960983276367,
1286,0.7998737096786499,0.8006300330162048,
1287,0.8007425665855408,0.7962121367454529,
1288,0.8021844625473022,0.7906889915466309,
1289,0.8023809790611267,0.7846407890319824,
1290,0.8037382960319519,0.778943657875061,
1291,0.8056192398071289,0.7731460928916931,
1292,0.8057432174682617,0.772515058517456,
1293,0.8080752491950989,0.7664145231246948,
1294,0.810869574546814,0.758353054523468,
1295,0.813034176826477,0.7531296610832214,
1296,0.8151260614395142,0.7464200854301453,
1297,0.817148745059967,0.7413012385368347,
1298,0.8180894255638123,0.7384761571884155,
1299,0.8184999823570251,0.7349460124969482,
1300,0.5254629850387573,1.6285697221755981,
1301,0.5474137663841248,1.555987000465393,
1302,0.5745967626571655,1.477708101272583,
1303,0.5965909361839294,1.413902997970581,
1304,0.612500011920929,1.3731075525283813,
1305,0.6266891956329346,1.325161337852478,
1306,0.6442307829856873,1.2757006883621216,
1307,0.6570122241973877,1.239174723625183,
1308,0.667151153087616,1.2019069194793701,
1309,0.6791666746139526,1.1736390590667725,
1310,0.6835106611251831,1.158489465713501,
1311,0.6887755393981934,1.1341625452041626,
1312,0.6948529481887817,1.1134991645812988,
1313,0.7028301954269409,1.099040150642395,
1314,0.7056818008422852,1.084774374961853,
1315,0.7127193212509155,1.068446397781372,
1316,0.7192796468734741,1.0511316061019897,
1317,0.7243852615356445,1.0365805625915527,
1318,0.7291666865348816,1.0187052488327026,
1319,0.737500011920929,1.0015642642974854,
1320,0.7416045069694519,0.9918178915977478,
1321,0.7454710006713867,0.9803889393806458,
1322,0.75,0.9639126658439636,
1323,0.7551369667053223,0.9495337605476379,
1324,0.7608333230018616,0.935579240322113,
1325,0.7621753215789795,0.9241358637809753,
1326,0.7666139006614685,0.9111258387565613,
1327,0.7677469253540039,0.9014327526092529,
1328,0.7710843086242676,0.8921886682510376,
1329,0.7720588445663452,0.8845137357711792,
1330,0.772270143032074,0.8812285661697388,
1331,0.7752808928489685,0.8728670477867126,
1332,0.7767857313156128,0.8668466210365295,
1333,0.7782257795333862,0.8565462827682495,
1334,0.7796052694320679,0.8495061993598938,
1335,0.780283510684967,0.8458567261695862,
1336,0.7834596037864685,0.8389835357666016,
1337,0.7865098714828491,0.8341295719146729,
1338,0.7888349294662476,0.8281565308570862,
1339,0.7904762029647827,0.8229135870933533,
1340,0.792640209197998,0.8168927431106567,
1341,0.7935779690742493,0.8126060366630554,
1342,0.7944819927215576,0.8087761402130127,
1343,0.7975663542747498,0.8004631400108337,
1344,0.7994565367698669,0.7939472198486328,
1345,0.8018162250518799,0.7886471748352051,
1346,0.8025209903717041,0.7876189351081848,
1347,0.8042355179786682,0.7825214266777039,
1348,0.8058943152427673,0.7789381146430969,
1349,0.8080000281333923,0.7732192277908325,
1350,0.5532407164573669,1.5926231145858765,
1351,0.5818965435028076,1.5109364986419678,
1352,0.5987903475761414,1.4459642171859741,
1353,0.6155303120613098,1.39005446434021,
1354,0.6321428418159485,1.3338464498519897,
1355,0.6469594836235046,1.2901510000228882,
1356,0.6570512652397156,1.2570456266403198,
1357,0.6661585569381714,1.2196725606918335,
1358,0.6729651093482971,1.1839931011199951,
1359,0.6819444298744202,1.1525413990020752,
1360,0.6901595592498779,1.1287041902542114,
1361,0.7015306353569031,1.098800539970398,
1362,0.7083333134651184,1.0736982822418213,
1363,0.7169811129570007,1.0491185188293457,
1364,0.7193182110786438,1.033746361732483,
1365,0.7258771657943726,1.013660192489624,
1366,0.7309321761131287,0.9953694939613342,
1367,0.7366803288459778,0.9793278574943542,
1368,0.7420634627342224,0.9672284126281738,
1369,0.7461538314819336,0.9518097639083862,
1370,0.75,0.938382089138031,
1371,0.7545289993286133,0.9224399328231812,
1372,0.7605633735656738,0.908768892288208,
1373,0.7645547986030579,0.8980816602706909,
1374,0.7691666483879089,0.8893674612045288,
1375,0.7735389471054077,0.8769543170928955,
1376,0.7776898741722107,0.8636887669563293,
1377,0.7800925970077515,0.8513545393943787,
1378,0.7823795080184937,0.8455890417098999,
1379,0.783823549747467,0.8427514433860779,
1380,0.7859195470809937,0.83270263671875,
1381,0.7879213690757751,0.8234986662864685,
1382,0.7898351550102234,0.8161753416061401,
1383,0.7936828136444092,0.8104137182235718,
1384,0.7940789461135864,0.8043968081474304,
1385,0.7931700944900513,0.8019265532493591,
1386,0.7948232293128967,0.7988052368164062,
1387,0.7964109182357788,0.7927163243293762,
1388,0.7985436916351318,0.7886912226676941,
1389,0.800595223903656,0.7821018695831299,
1390,0.802570104598999,0.7750074863433838,
1391,0.8038991093635559,0.7733432650566101,
1392,0.8029279112815857,0.7716132998466492,
1393,0.803650438785553,0.7687877416610718,
1394,0.8059782385826111,0.7632861137390137,
1395,0.808226466178894,0.7585495710372925,
1396,0.8093487620353699,0.7565840482711792,
1397,0.8109503984451294,0.7515115737915039,
1398,0.8135162591934204,0.7436666488647461,
1399,0.8159999847412109,0.7372685670852661,
1400,0.6111111044883728,1.469628095626831,
1401,0.6336206793785095,1.3905882835388184,
1402,0.6451612710952759,1.3380666971206665,
1403,0.6628788113594055,1.2847990989685059,
1404,0.675000011920929,1.2387268543243408,
1405,0.6875,1.1950786113739014,
1406,0.7003205418586731,1.153313398361206,
1407,0.7118902206420898,1.1160155534744263,
1408,0.7194767594337463,1.084794282913208,
1409,0.7263888716697693,1.0603127479553223,
1410,0.7327127456665039,1.0380761623382568,
1411,0.7436224222183228,1.0043725967407227,
1412,0.7463235259056091,0.9895116090774536,
1413,0.7488207817077637,0.9758917093276978,
1414,0.7522727251052856,0.9604949951171875,
1415,0.7587719559669495,0.9398335218429565,
1416,0.7648305296897888,0.9268561005592346,
1417,0.7715163826942444,0.909659206867218,
1418,0.773809552192688,0.8973049521446228,
1419,0.7798076868057251,0.8800519704818726,
1420,0.7835820913314819,0.8633971810340881,
1421,0.7853260636329651,0.8586753606796265,
1422,0.7887324094772339,0.8476154208183289,
1423,0.7902397513389587,0.8406761288642883,
1424,0.7900000214576721,0.8369585871696472,
1425,0.7922077775001526,0.8299084305763245,
1426,0.795094907283783,0.8207660913467407,
1427,0.7986111044883728,0.8113431334495544,
1428,0.8004518151283264,0.8042008876800537,
1429,0.8029412031173706,0.7974703907966614,
1430,0.8067528605461121,0.789927065372467,
1431,0.807584285736084,0.7838252186775208,
1432,0.8097527623176575,0.7769080996513367,
1433,0.8131720423698425,0.7656282782554626,
1434,0.8144736886024475,0.759188711643219,
1435,0.8163659572601318,0.7521533966064453,
1436,0.818813145160675,0.7441371083259583,
1437,0.8205445408821106,0.7407275438308716,
1438,0.8222087621688843,0.7348266243934631,
1439,0.824999988079071,0.7268427610397339,
1440,0.826518714427948,0.7203355431556702,
1441,0.8274082541465759,0.7183879017829895,
1442,0.8288288116455078,0.7156757116317749,
1443,0.830199122428894,0.7121092081069946,
1444,0.830978274345398,0.7062131762504578,
1445,0.8317307829856873,0.7033093571662903,
1446,0.8335084319114685,0.6993298530578613,
1447,0.8336777091026306,0.696377158164978,
1448,0.8343495726585388,0.6923381090164185,
1449,0.8360000252723694,0.686856210231781,
1450,0.6550925970077515,1.3494644165039062,
1451,0.670258641242981,1.2911734580993652,
1452,0.6895161271095276,1.2376446723937988,
1453,0.7045454382896423,1.1887431144714355,
1454,0.7107142806053162,1.156350016593933,
1455,0.7229729890823364,1.1147241592407227,
1456,0.7339743375778198,1.0834379196166992,
1457,0.7393292784690857,1.0551111698150635,
1458,0.75,1.0222114324569702,
1459,0.7555555701255798,0.9987878799438477,
1460,0.7606382966041565,0.9750005006790161,
1461,0.7640306353569031,0.9657908082008362,
1462,0.7696078419685364,0.9432000517845154,
1463,0.7771226167678833,0.9232326745986938,
1464,0.7818182110786438,0.913271963596344,
1465,0.7828947305679321,0.9088501334190369,
1466,0.7849576473236084,0.8982424139976501,
1467,0.7879098653793335,0.8850182294845581,
1468,0.79067462682724,0.8722378015518188,
1469,0.7932692170143127,0.8596146702766418,
1470,0.7947761416435242,0.8471876978874207,
1471,0.7952898740768433,0.8466732501983643,
1472,0.7992957830429077,0.8319568634033203,
1473,0.8022260069847107,0.8186565637588501,
1474,0.8066666722297668,0.8065364360809326,
1475,0.8084415793418884,0.7979034781455994,
1476,0.809335470199585,0.7910378575325012,
1477,0.8109567761421204,0.7816101908683777,
1478,0.8109939694404602,0.7780616283416748,
1479,0.8147059082984924,0.766497015953064,
1480,0.8182471394538879,0.756038248538971,
1481,0.819522500038147,0.7481833696365356,
1482,0.8207417726516724,0.7424107789993286,
1483,0.8225806355476379,0.7353522181510925,
1484,0.824999988079071,0.7269527912139893,
1485,0.8273195624351501,0.7172203660011292,
1486,0.8289141654968262,0.7120586633682251,
1487,0.8298267126083374,0.7074500918388367,
1488,0.8313106894493103,0.7028989791870117,
1489,0.8327381014823914,0.6989753246307373,
1490,0.8335280418395996,0.6969967484474182,
1491,0.8354358077049255,0.6923041343688965,
1492,0.8344594836235046,0.6909107565879822,
1493,0.8357300758361816,0.6897228956222534,
1494,0.8369565010070801,0.6865681409835815,
1495,0.8354700803756714,0.6857985258102417,
1496,0.8377100825309753,0.6797717809677124,
1497,0.8378099203109741,0.6756961345672607,
1498,0.8394308686256409,0.671809732913971,
1499,0.8410000205039978,0.6670261025428772,
1500,0.6226851940155029,1.3843024969100952,
1501,0.642241358757019,1.3219050168991089,
1502,0.663306474685669,1.2569530010223389,
1503,0.6780303120613098,1.2086329460144043,
1504,0.6892856955528259,1.1672369241714478,
1505,0.7043918967247009,1.1171303987503052,
1506,0.7163461446762085,1.081088900566101,
1507,0.7256097793579102,1.0482022762298584,
1508,0.7340116500854492,1.0182178020477295,
1509,0.7402777671813965,0.9916006326675415,
1510,0.748670220375061,0.9718012809753418,
1511,0.7538265585899353,0.9531618356704712,
1512,0.7585784196853638,0.9333451390266418,
1513,0.7653301954269409,0.9117453694343567,
1514,0.769318163394928,0.8980924487113953,
1515,0.7730262875556946,0.8818322420120239,
1516,0.7764830589294434,0.8718985915184021,
1517,0.7797130942344666,0.8605362176895142,
1518,0.7857142686843872,0.8466237783432007,
1519,0.7865384817123413,0.8415969610214233,
1520,0.7901119589805603,0.8306834101676941,
1521,0.79347825050354,0.8187756538391113,
1522,0.79841548204422,0.804055392742157,
1523,0.8005136847496033,0.7985732555389404,
1524,0.8041666746139526,0.7877313494682312,
1525,0.8060064911842346,0.7808765769004822,
1526,0.809335470199585,0.769682765007019,
1527,0.8132715821266174,0.759431779384613,
1528,0.8155120611190796,0.7533814907073975,
1529,0.8191176652908325,0.7422475218772888,
1530,0.8204023241996765,0.7360348105430603,
1531,0.8230336904525757,0.7285678386688232,
1532,0.8248626589775085,0.7187871336936951,
1533,0.8266128897666931,0.7138876914978027,
1534,0.8282894492149353,0.7090563178062439,
1535,0.8305412530899048,0.7026541233062744,
1536,0.8327020406723022,0.696476399898529,
1537,0.833539605140686,0.6922129988670349,
1538,0.8355582356452942,0.6859030723571777,
1539,0.8357142806053162,0.681023895740509,
1540,0.8370327353477478,0.6756902933120728,
1541,0.8394495248794556,0.6678057312965393,
1542,0.8417792916297913,0.6604047417640686,
1543,0.8423672318458557,0.6600074172019958,
1544,0.842391312122345,0.6567810773849487,
1545,0.8429487347602844,0.6533697247505188,
1546,0.8445377945899963,0.6491473913192749,
1547,0.8460744023323059,0.6437850594520569,
1548,0.8470528721809387,0.6416555643081665,
1549,0.8485000133514404,0.6375032067298889,
1550,0.6319444179534912,1.314345359802246,
1551,0.6530172228813171,1.2482913732528687,
1552,0.6653226017951965,1.2044259309768677,
1553,0.6742424368858337,1.172055721282959,
1554,0.6875,1.1329703330993652,
1555,0.6993243098258972,1.0962189435958862,
1556,0.7083333134651184,1.0673002004623413,
1557,0.7179877758026123,1.0479588508605957,
1558,0.7281976938247681,1.0191184282302856,
1559,0.7388888597488403,0.9878354668617249,
1560,0.7473404407501221,0.9601712226867676,
1561,0.7512755393981934,0.9388511180877686,
1562,0.7549019455909729,0.9207698702812195,
1563,0.7594339847564697,0.9054381251335144,
1564,0.7647727131843567,0.8854097127914429,
1565,0.7697368264198303,0.8681561946868896,
1566,0.7754237055778503,0.8527655005455017,
1567,0.7817623019218445,0.8351854085922241,
1568,0.788690447807312,0.8144714832305908,
1569,0.7923076748847961,0.8015503883361816,
1570,0.795708954334259,0.7928839921951294,
1571,0.8007246255874634,0.7787213921546936,
1572,0.8045774698257446,0.7699881196022034,
1573,0.806506872177124,0.7649767994880676,
1574,0.8083333373069763,0.756808340549469,
1575,0.8125,0.7465265989303589,
1576,0.815664529800415,0.738695502281189,
1577,0.8194444179534912,0.7307128310203552,
1578,0.8230421543121338,0.7197237610816956,
1579,0.8220587968826294,0.7181755900382996,
1580,0.8239942789077759,0.7139290571212769,
1581,0.8265449404716492,0.7074217200279236,
1582,0.8289835453033447,0.6982213258743286,
1583,0.8306451439857483,0.691839337348938,
1584,0.8328947424888611,0.685024082660675,
1585,0.8350515365600586,0.6794355511665344,
1586,0.8358585834503174,0.6750754117965698,
1587,0.8360148668289185,0.6717868447303772,
1588,0.8385922312736511,0.6651374101638794,
1589,0.8404762148857117,0.661411702632904,
1590,0.8422897458076477,0.6549808979034424,
1591,0.8434633016586304,0.6508745551109314,
1592,0.8445945978164673,0.6449762582778931,
1593,0.8467920422554016,0.6395648717880249,
1594,0.846195638179779,0.6383011341094971,
1595,0.8477563858032227,0.63458651304245,
1596,0.8497899174690247,0.6291687488555908,
1597,0.850723147392273,0.6234025359153748,
1598,0.8501016497612,0.6220124363899231,
1599,0.8514999747276306,0.6180083751678467,
1600,0.6898148059844971,1.1860344409942627,
1601,0.704741358757019,1.129433035850525,
1602,0.7197580933570862,1.0788846015930176,
1603,0.7348484992980957,1.0303956270217896,
1604,0.7482143044471741,0.9928516745567322,
1605,0.7584459185600281,0.9639410972595215,
1606,0.7644230723381042,0.9390320181846619,
1607,0.7759146094322205,0.9119543433189392,
1608,0.7819767594337463,0.8881908059120178,
1609,0.7902777791023254,0.8631287217140198,
1610,0.7952127456665039,0.8413362503051758,
1611,0.7997449040412903,0.8239911198616028,
1612,0.8051470518112183,0.8062472343444824,
1613,0.8077830076217651,0.795376181602478,
1614,0.8079545497894287,0.785490095615387,
1615,0.8103070259094238,0.7794185876846313,
1616,0.8135592937469482,0.7664381861686707,
1617,0.8165983557701111,0.7560049295425415,
1618,0.8214285969734192,0.7424359321594238,
1619,0.824999988079071,0.7282374501228333,
1620,0.8264925479888916,0.71739262342453,
1621,0.8260869383811951,0.7154775261878967,
1622,0.827464759349823,0.7145498394966125,
1623,0.8287671208381653,0.7103116512298584,
1624,0.8299999833106995,0.7037551403045654,
1625,0.8344155550003052,0.6919117569923401,
1626,0.8370253443717957,0.6848181486129761,
1627,0.8402777910232544,0.6748021841049194,
1628,0.8396084308624268,0.6733224391937256,
1629,0.8404411673545837,0.6686183214187622,
1630,0.8419540524482727,0.6617220044136047,
1631,0.8391854166984558,0.6636307835578918,
1632,0.8413461446762085,0.6569355130195618,
1633,0.8440860509872437,0.649286687374115,
1634,0.8460526466369629,0.6423935294151306,
1635,0.8485824465751648,0.6350289583206177,
1636,0.8497474789619446,0.6299030184745789,
1637,0.8496286869049072,0.6292057037353516,
1638,0.8507281541824341,0.6244771480560303,
1639,0.8529762029647827,0.6175770163536072,
1640,0.855140209197998,0.6132259964942932,
1641,0.8560779690742493,0.6097134947776794,
1642,0.857545018196106,0.6050640344619751,
1643,0.8595132827758789,0.6010093092918396,
1644,0.8614130616188049,0.5961275100708008,
1645,0.8632478713989258,0.5910550355911255,
1646,0.8639705777168274,0.5884644389152527,
1647,0.8646694421768188,0.58335942029953,
1648,0.8648374080657959,0.5793167948722839,
1649,0.8644999861717224,0.5773786902427673,
1650,0.6643518805503845,1.2042840719223022,
1651,0.6831896305084229,1.14662766456604,
1652,0.7016128897666931,1.093255877494812,
1653,0.7083333134651184,1.0621193647384644,
1654,0.7178571224212646,1.0219289064407349,
1655,0.7314189076423645,0.9836572408676147,
1656,0.7435897588729858,0.952962338924408,
1657,0.7530487775802612,0.9258937239646912,
1658,0.7601743936538696,0.9076113104820251,
1659,0.7680555582046509,0.8864633440971375,
1660,0.7739361524581909,0.8637287616729736,
1661,0.7806122303009033,0.8414527177810669,
1662,0.7855392098426819,0.8230354189872742,
1663,0.7877358198165894,0.8084110021591187,
1664,0.793181836605072,0.7905503511428833,
1665,0.7993420958518982,0.7757801413536072,
1666,0.805084764957428,0.7568734288215637,
1667,0.8104507923126221,0.7401056885719299,
1668,0.8105158805847168,0.7380357384681702,
1669,0.8144230842590332,0.726550281047821,
1670,0.8171641826629639,0.7193061709403992,
1671,0.820652186870575,0.7090849280357361,
1672,0.8221830725669861,0.7016846537590027,
1673,0.8261986374855042,0.6887899041175842,
1674,0.8299999833106995,0.6793863773345947,
1675,0.8319805264472961,0.6717703938484192,
1676,0.8346518874168396,0.6620723009109497,
1677,0.8379629850387573,0.6536169052124023,
1678,0.8411144614219666,0.6440404653549194,
1679,0.8382353186607361,0.6448377966880798,
1680,0.8405172228813171,0.6393488645553589,
1681,0.8433988690376282,0.6318877339363098,
1682,0.8447802066802979,0.6269534230232239,
1683,0.8461021780967712,0.6241888403892517,
1684,0.8480263352394104,0.6194161176681519,
1685,0.8505154848098755,0.612841010093689,
1686,0.8535353541374207,0.6053537130355835,
1687,0.8558168411254883,0.6009426116943359,
1688,0.8555825352668762,0.5976190567016602,
1689,0.8565475940704346,0.5927712321281433,
1690,0.8592289686203003,0.5864617228507996,
1691,0.8612385392189026,0.5810603499412537,
1692,0.8626126050949097,0.5761644244194031,
1693,0.86393803358078,0.5721108913421631,
1694,0.864130437374115,0.5701180696487427,
1695,0.8659188151359558,0.5654850006103516,
1696,0.868172287940979,0.5610244274139404,
1697,0.8682851195335388,0.5570254325866699,
1698,0.869918704032898,0.5543040633201599,
1699,0.8715000152587891,0.5524822473526001,
1700,0.6851851940155029,1.2148960828781128,
1701,0.7004310488700867,1.1552441120147705,
1702,0.7177419066429138,1.104985237121582,
1703,0.7310606241226196,1.0626764297485352,
1704,0.7410714030265808,1.0262792110443115,
1705,0.7516891956329346,0.9923157691955566,
1706,0.7580128312110901,0.9609798789024353,
1707,0.7652438879013062,0.9368647933006287,
1708,0.7732558250427246,0.9086140394210815,
1709,0.7819444537162781,0.8806172609329224,
1710,0.7872340679168701,0.8624105453491211,
1711,0.795918345451355,0.8416355848312378,
1712,0.7977941036224365,0.8269356489181519,
1713,0.8007075190544128,0.810792088508606,
1714,0.8034090995788574,0.7981454133987427,
1715,0.8070175647735596,0.7859485745429993,
1716,0.8093220591545105,0.7759060859680176,
1717,0.813524603843689,0.7620514631271362,
1718,0.8184523582458496,0.7485415935516357,
1719,0.8192307949066162,0.7438147664070129,
1720,0.8199626803398132,0.7370033264160156,
1721,0.823369562625885,0.7248554825782776,
1722,0.82658451795578,0.7124448418617249,
1723,0.8270547986030579,0.7061477303504944,
1724,0.8274999856948853,0.6990708112716675,
1725,0.8303571343421936,0.6897546052932739,
1726,0.8346518874168396,0.677806556224823,
1727,0.8379629850387573,0.6665001511573792,
1728,0.8396084308624268,0.65770024061203,
1729,0.841176450252533,0.6525728702545166,
1730,0.8419540524482727,0.6496579647064209,
1731,0.8441011309623718,0.6434599757194519,
1732,0.8461538553237915,0.6371790170669556,
1733,0.8481183052062988,0.6300812363624573,
1734,0.8480263352394104,0.6254635453224182,
1735,0.8492268323898315,0.6194488406181335,
1736,0.8516414165496826,0.6137421131134033,
1737,0.8533415794372559,0.6078039407730103,
1738,0.853762149810791,0.6060022711753845,
1739,0.8547618985176086,0.6039764285087585,
1740,0.8568925261497498,0.5975302457809448,
1741,0.8583715558052063,0.5904848575592041,
1742,0.8597972989082336,0.5845813751220703,
1743,0.8606194853782654,0.5787104964256287,
1744,0.862500011920929,0.5723884701728821,
1745,0.8648504018783569,0.5662882924079895,
1746,0.8660714030265808,0.5622930526733398,
1747,0.8677685856819153,0.5577874779701233,
1748,0.8678861856460571,0.5563569068908691,
1749,0.8700000047683716,0.551645815372467,
1750,0.6712962985038757,1.22189199924469,
1751,0.6918103694915771,1.1603490114212036,
1752,0.6995967626571655,1.1223353147506714,
1753,0.7140151262283325,1.0854319334030151,
1754,0.7250000238418579,1.0425124168395996,
1755,0.7331081032752991,1.008807897567749,
1756,0.7419871687889099,0.9765667915344238,
1757,0.7484756112098694,0.9532537460327148,
1758,0.757267415523529,0.929293692111969,
1759,0.7638888955116272,0.9014703631401062,
1760,0.771276593208313,0.8800653219223022,
1761,0.7755101919174194,0.8652303814888,
1762,0.780637264251709,0.8451497554779053,
1763,0.7830188870429993,0.8285265564918518,
1764,0.7886363863945007,0.8110554814338684,
1765,0.7949561476707458,0.7925273776054382,
1766,0.7987288236618042,0.7809988260269165,
1767,0.8032786846160889,0.7625970840454102,
1768,0.8065476417541504,0.7470770478248596,
1769,0.8115384578704834,0.7349576354026794,
1770,0.816231369972229,0.7220447659492493,
1771,0.8188405632972717,0.7120763659477234,
1772,0.8213028311729431,0.7045462727546692,
1773,0.8202054500579834,0.7004161477088928,
1774,0.8216666579246521,0.6928262114524841,
1775,0.8246753215789795,0.684653639793396,
1776,0.8291139006614685,0.6738008260726929,
1777,0.832561731338501,0.6649801731109619,
1778,0.8350903391838074,0.6560860276222229,
1779,0.8374999761581421,0.6478264927864075,
1780,0.8390804529190063,0.6434128284454346,
1781,0.8398876190185547,0.6417881846427917,
1782,0.8427197933197021,0.633932888507843,
1783,0.8440860509872437,0.6285234093666077,
1784,0.8473684191703796,0.6194817423820496,
1785,0.8485824465751648,0.6171759963035583,
1786,0.8510100841522217,0.6116760969161987,
1787,0.8527227640151978,0.606315016746521,
1788,0.8543689250946045,0.599407434463501,
1789,0.8571428656578064,0.5924928784370422,
1790,0.8574766516685486,0.5897161960601807,
1791,0.8583715558052063,0.5863039493560791,
1792,0.8609234094619751,0.5789834856987,
1793,0.8617256879806519,0.5765970945358276,
1794,0.8619565367698669,0.5740510821342468,
1795,0.8621794581413269,0.5730785727500916,
1796,0.8629201650619507,0.57082599401474,
1797,0.8636363744735718,0.5683156251907349,
1798,0.8643292784690857,0.5649840831756592,
1799,0.8654999732971191,0.5609291195869446,
1800,0.6435185074806213,1.2787283658981323,
1801,0.6573275923728943,1.219349980354309,
1802,0.6754032373428345,1.168378233909607,
1803,0.6950757503509521,1.1090104579925537,
1804,0.7035714387893677,1.0780001878738403,
1805,0.7195945978164673,1.0294909477233887,
1806,0.7307692170143127,0.9910983443260193,
1807,0.7408536672592163,0.9558586478233337,
1808,0.75,0.9294564127922058,
1809,0.7569444179534912,0.9031381607055664,
1810,0.7619680762290955,0.8830205798149109,
1811,0.769132673740387,0.8582966327667236,
1812,0.7781862616539001,0.834814190864563,
1813,0.7841981053352356,0.8159915804862976,
1814,0.7886363863945007,0.797316312789917,
1815,0.7927631735801697,0.7855743169784546,
1816,0.7976694703102112,0.7723659873008728,
1817,0.8032786846160889,0.7539955973625183,
1818,0.8085317611694336,0.7368780970573425,
1819,0.8125,0.7230287790298462,
1820,0.816231369972229,0.7123705148696899,
1821,0.8188405632972717,0.7015942931175232,
1822,0.8230633735656738,0.688025176525116,
1823,0.8270547986030579,0.6772673726081848,
1824,0.8316666483879089,0.6645272374153137,
1825,0.8344155550003052,0.6579490303993225,
1826,0.8370253443717957,0.6480792164802551,
1827,0.8402777910232544,0.6385694146156311,
1828,0.8426204919815063,0.6311138272285461,
1829,0.8448529243469238,0.6233015656471252,
1830,0.8462643623352051,0.6164065599441528,
1831,0.8476123809814453,0.6116973161697388,
1832,0.8482142686843872,0.6061047315597534,
1833,0.8514785170555115,0.5983498692512512,
1834,0.8532894849777222,0.5916586518287659,
1835,0.8543814420700073,0.5861890912055969,
1836,0.8554292917251587,0.5819070339202881,
1837,0.8570544719696045,0.5738712549209595,
1838,0.8586165308952332,0.567756175994873,
1839,0.8601190447807312,0.5648447871208191,
1840,0.8621495366096497,0.5606920719146729,
1841,0.8646789193153381,0.555472731590271,
1842,0.8659909963607788,0.5510328412055969,
1843,0.866150438785553,0.5492779612541199,
1844,0.8673912882804871,0.5449326634407043,
1845,0.8691239356994629,0.5408353209495544,
1846,0.8713235259056091,0.5349587798118591,
1847,0.8724173307418823,0.5298221111297607,
1848,0.8744918704032898,0.5238282680511475,
1849,0.8765000104904175,0.5182727575302124,
1850,0.7222222089767456,0.9928169846534729,
1851,0.7413793206214905,0.9415587186813354,
1852,0.7540322542190552,0.9125913977622986,
1853,0.7613636255264282,0.8804317712783813,
1854,0.7696428298950195,0.8498765230178833,
1855,0.7685810923576355,0.8303228616714478,
1856,0.7756410241127014,0.8055396676063538,
1857,0.7850610017776489,0.7760839462280273,
1858,0.7936046719551086,0.7528709769248962,
1859,0.8027777671813965,0.731013834476471,
1860,0.8071808218955994,0.712052047252655,
1861,0.8125,0.7003684639930725,
1862,0.8161764740943909,0.6893131136894226,
1863,0.823113203048706,0.6698847413063049,
1864,0.824999988079071,0.6578628420829773,
1865,0.8289473652839661,0.6439626812934875,
1866,0.8336864113807678,0.6283687949180603,
1867,0.8391393423080444,0.6159787774085999,
1868,0.8432539701461792,0.6055930256843567,
1869,0.8461538553237915,0.5984974503517151,
1870,0.8488805890083313,0.5896621942520142,
1871,0.85326087474823,0.5771452784538269,
1872,0.8565140962600708,0.5682831406593323,
1873,0.8604452013969421,0.558896005153656,
1874,0.8633333444595337,0.5514259338378906,
1875,0.8660714030265808,0.5463163256645203,
1876,0.8662974834442139,0.5427326560020447,
1877,0.8688271641731262,0.5362626314163208,
1878,0.8712349534034729,0.5308283567428589,
1879,0.8727940917015076,0.5261709094047546,
1880,0.8742815852165222,0.52003413438797,
1881,0.8764045238494873,0.5132454633712769,
1882,0.8777472376823425,0.5083891153335571,
1883,0.8803763389587402,0.5021084547042847,
1884,0.8822368383407593,0.4972204566001892,
1885,0.8840206265449524,0.4941606819629669,
1886,0.8863636255264282,0.4872446060180664,
1887,0.8867574334144592,0.48568084836006165,
1888,0.8889563083648682,0.4802233576774597,
1889,0.8892857432365417,0.47823280096054077,
1890,0.8901869058609009,0.47376036643981934,
1891,0.8904816508293152,0.47185203433036804,
1892,0.892454981803894,0.4671544134616852,
1893,0.8921459913253784,0.46615758538246155,
1894,0.8929347991943359,0.4649846851825714,
1895,0.8947649598121643,0.4601345360279083,
1896,0.8960084319114685,0.45697906613349915,
1897,0.8961777091026306,0.45647498965263367,
1898,0.8963414430618286,0.45652902126312256,
1899,0.8974999785423279,0.4561583399772644,
1900,0.5972222089767456,1.4013597965240479,
1901,0.6163793206214905,1.3275108337402344,
1902,0.6330645084381104,1.2732036113739014,
1903,0.6515151262283325,1.2143012285232544,
1904,0.6678571701049805,1.166710376739502,
1905,0.6756756901741028,1.1357475519180298,
1906,0.6891025900840759,1.094511866569519,
1907,0.7027438879013062,1.0548169612884521,
1908,0.7151162624359131,1.014773964881897,
1909,0.7250000238418579,0.9851899147033691,
1910,0.7353723645210266,0.9520010352134705,
1911,0.7436224222183228,0.9293047189712524,
1912,0.751225471496582,0.9040071368217468,
1913,0.7570754885673523,0.8854876160621643,
1914,0.7647727131843567,0.8640959858894348,
1915,0.7686403393745422,0.8467905521392822,
1916,0.7711864113807678,0.8330988883972168,
1917,0.7786885499954224,0.8101017475128174,
1918,0.783730149269104,0.7955855131149292,
1919,0.7894230484962463,0.7761545777320862,
1920,0.7938432693481445,0.7633781433105469,
1921,0.7989130616188049,0.7497506737709045,
1922,0.8036971688270569,0.7367625832557678,
1923,0.8082191944122314,0.723468542098999,
1924,0.8116666674613953,0.7131001353263855,
1925,0.8157467246055603,0.7002664804458618,
1926,0.8188291192054749,0.6897372007369995,
1927,0.8217592835426331,0.682395339012146,
1928,0.8245481848716736,0.6719530820846558,
1929,0.8279411792755127,0.6618702411651611,
1930,0.8304597735404968,0.6536951065063477,
1931,0.8335674405097961,0.6455603837966919,
1932,0.8344780206680298,0.6372765302658081,
1933,0.8346773982048035,0.6332197189331055,
1934,0.8361842036247253,0.6296979188919067,
1935,0.8382731676101685,0.6230695843696594,
1936,0.8409090638160706,0.615391731262207,
1937,0.843440592288971,0.6087703704833984,
1938,0.8464806079864502,0.6014400720596313,
1939,0.848809540271759,0.595891535282135,
1940,0.8516355156898499,0.589280903339386,
1941,0.853210985660553,0.5843024849891663,
1942,0.8547297120094299,0.5811846852302551,
1943,0.8561946749687195,0.5762140154838562,
1944,0.8581521511077881,0.5712386965751648,
1945,0.8589743375778198,0.5667784810066223,
1946,0.8602941036224365,0.5615981221199036,
1947,0.8626033067703247,0.5564295053482056,
1948,0.8633130192756653,0.5560197234153748,
1949,0.8650000095367432,0.5504571199417114,
1950,0.7013888955116272,1.082350492477417,
1951,0.7155172228813171,1.036556363105774,
1952,0.7278226017951965,0.991018533706665,
1953,0.7443181872367859,0.941827118396759,
1954,0.7571428418159485,0.9034990072250366,
1955,0.7685810923576355,0.8698018789291382,
1956,0.7756410241127014,0.8439732193946838,
1957,0.7850610017776489,0.8145560026168823,
1958,0.792151153087616,0.7904862761497498,
1959,0.7986111044883728,0.7679048180580139,
1960,0.8018617033958435,0.7517758011817932,
1961,0.8086734414100647,0.7294506430625916,
1962,0.8149510025978088,0.7140701413154602,
1963,0.8172169923782349,0.7034590244293213,
1964,0.8227272629737854,0.6867559552192688,
1965,0.8289473652839661,0.6702712178230286,
1966,0.8336864113807678,0.6575853228569031,
1967,0.8340163826942444,0.6537696123123169,
1968,0.836309552192688,0.6425427794456482,
1969,0.8374999761581421,0.6324189305305481,
1970,0.8376865386962891,0.6259108781814575,
1971,0.8387681245803833,0.6241762042045593,
1972,0.841549277305603,0.6166650652885437,
1973,0.8450342416763306,0.605791449546814,
1974,0.8491666913032532,0.5954926609992981,
1975,0.8514610528945923,0.587580144405365,
1976,0.8552215099334717,0.5787162184715271,
1977,0.8572530746459961,0.5701230764389038,
1978,0.8606927990913391,0.5619859099388123,
1979,0.8632352948188782,0.5538938045501709,
1980,0.8649425506591797,0.5483015775680542,
1981,0.867977499961853,0.5402094721794128,
1982,0.870192289352417,0.5319404006004333,
1983,0.8716397881507874,0.5276902914047241,
1984,0.8730263113975525,0.5212782025337219,
1985,0.875,0.5176333785057068,
1986,0.876893937587738,0.5146084427833557,
1987,0.8780940771102905,0.5107879638671875,
1988,0.8798543810844421,0.5060045719146729,
1989,0.8797619342803955,0.5041863322257996,
1990,0.8808411359786987,0.4990955889225006,
1991,0.8818807601928711,0.49582695960998535,
1992,0.8834459185600281,0.4928773045539856,
1993,0.8855088353157043,0.48731428384780884,
1994,0.887499988079071,0.48256731033325195,
1995,0.8883547186851501,0.4798191785812378,
1996,0.8891806602478027,0.47848179936408997,
1997,0.8904958963394165,0.4742445945739746,
1998,0.892276406288147,0.4702998399734497,
1999,0.8939999938011169,0.4658941328525543,
2000,0.7060185074806213,1.1151665449142456,
2001,0.7198275923728943,1.0654855966567993,
2002,0.7318548560142517,1.0167458057403564,
2003,0.7348484992980957,1.004535436630249,
2004,0.7428571581840515,0.9740161299705505,
2005,0.7533783912658691,0.9383306503295898,
2006,0.7596153616905212,0.9117180109024048,
2007,0.7682926654815674,0.8812997341156006,
2008,0.7776162624359131,0.852449893951416,
2009,0.7861111164093018,0.8304224610328674,
2010,0.7938829660415649,0.8066853284835815,
2011,0.8010203838348389,0.7867398262023926,
2012,0.8088235259056091,0.7658689618110657,
2013,0.8160377144813538,0.7442652583122253,
2014,0.8227272629737854,0.7235859036445618,
2015,0.8256579041481018,0.7113654017448425,
2016,0.8305084705352783,0.6930456161499023,
2017,0.8340163826942444,0.6840831637382507,
2018,0.8392857313156128,0.6695393323898315,
2019,0.8442307710647583,0.6534536480903625,
2020,0.8479477763175964,0.6419728994369507,
2021,0.8523550629615784,0.6280635595321655,
2022,0.8521126508712769,0.6272525787353516,
2023,0.8544520735740662,0.6188303232192993,
2024,0.8566666841506958,0.6115611791610718,
2025,0.8595778942108154,0.6006773710250854,
2026,0.8623417615890503,0.5926612615585327,
2027,0.8649691343307495,0.583983838558197,
2028,0.8644578456878662,0.5841097831726074,
2029,0.8676470518112183,0.5760564208030701,
2030,0.8699712753295898,0.5685721039772034,
2031,0.8714887499809265,0.5617243051528931,
2032,0.8743131756782532,0.5541859865188599,
2033,0.8770161271095276,0.5474812388420105,
2034,0.878947377204895,0.5395859479904175,
2035,0.8795102834701538,0.5365570187568665,
2036,0.8806818127632141,0.5309770107269287,
2037,0.8830445408821106,0.524732768535614,
2038,0.884101927280426,0.5202181339263916,
2039,0.8845238089561462,0.5164236426353455,
2040,0.884929895401001,0.5124805569648743,
2041,0.8864678740501404,0.507835328578949,
2042,0.8879504799842834,0.5037606358528137,
2043,0.8888274431228638,0.50052809715271,
2044,0.8907608985900879,0.49546656012535095,
2045,0.8915598392486572,0.4924201965332031,
2046,0.8928571343421936,0.4881340563297272,
2047,0.89462810754776,0.4825996458530426,
2048,0.8963414430618286,0.47755229473114014,
2049,0.8960000276565552,0.4783201217651367,
2050,0.6921296119689941,1.185463547706604,
2051,0.7112069129943848,1.122478723526001,
2052,0.7278226017951965,1.0714735984802246,
2053,0.7405303120613098,1.0258716344833374,
2054,0.7482143044471741,0.9943193793296814,
2055,0.7618243098258972,0.9532934427261353,
2056,0.7740384340286255,0.9159740805625916,
2057,0.7850610017776489,0.8771646022796631,
2058,0.7936046719551086,0.8451578617095947,
2059,0.8027777671813965,0.8178205490112305,
2060,0.8098404407501221,0.7951345443725586,
2061,0.8176020383834839,0.7674296498298645,
2062,0.8223039507865906,0.7496309280395508,
2063,0.8266509175300598,0.7336411476135254,
2064,0.8306818008422852,0.7151618003845215,
2065,0.8366228342056274,0.6947382688522339,
2066,0.8421609997749329,0.6798086166381836,
2067,0.8452869057655334,0.6666356325149536,
2068,0.8492063283920288,0.653071403503418,
2069,0.8528845906257629,0.6423807144165039,
2070,0.8554104566574097,0.6326384544372559,
2071,0.8596014380455017,0.6185492277145386,
2072,0.8626760840415955,0.6082288026809692,
2073,0.8655821681022644,0.597012460231781,
2074,0.8675000071525574,0.5909085273742676,
2075,0.8701298832893372,0.5822373628616333,
2076,0.8734177350997925,0.5732048153877258,
2077,0.8765432238578796,0.5638386011123657,
2078,0.8787650465965271,0.5553680658340454,
2079,0.8801470398902893,0.5484498739242554,
2080,0.8821839094161987,0.5394755601882935,
2081,0.8834269642829895,0.5353593826293945,
2082,0.8846153616905212,0.5305588245391846,
2083,0.886424720287323,0.5257339477539062,
2084,0.887499988079071,0.5207669138908386,
2085,0.8885309100151062,0.51492840051651,
2086,0.8901515007019043,0.5114629864692688,
2087,0.8910890817642212,0.5063328742980957,
2088,0.8919903039932251,0.5010070204734802,
2089,0.8928571343421936,0.496510773897171,
2090,0.8942757248878479,0.49186840653419495,
2091,0.8950688242912292,0.49152690172195435,
2092,0.8963963985443115,0.48680567741394043,
2093,0.8971238732337952,0.48396867513656616,
2094,0.89673912525177,0.48325735330581665,
2095,0.8969017267227173,0.4813928008079529,
2096,0.8970588445663452,0.47843533754348755,
2097,0.8977272510528564,0.47558748722076416,
2098,0.8988820910453796,0.4700189232826233,
2099,0.8999999761581421,0.46600502729415894,
2100,0.7106481194496155,1.202757716178894,
2101,0.7198275923728943,1.1423629522323608,
2102,0.7358871102333069,1.08604097366333,
2103,0.751893937587738,1.029531478881836,
2104,0.7660714387893677,0.9858331680297852,
2105,0.7736486196517944,0.9509006142616272,
2106,0.7836538553237915,0.9163374304771423,
2107,0.792682945728302,0.888451099395752,
2108,0.8008720874786377,0.8599916696548462,
2109,0.8097222447395325,0.8287753462791443,
2110,0.8178191781044006,0.8000149130821228,
2111,0.8239796161651611,0.7748823165893555,
2112,0.8296568393707275,0.7530981302261353,
2113,0.8325471878051758,0.7407166361808777,
2114,0.8363636136054993,0.7248379588127136,
2115,0.8388158082962036,0.7191907167434692,
2116,0.8421609997749329,0.7045063376426697,
2117,0.8463114500045776,0.6879369020462036,
2118,0.8482142686843872,0.6803624033927917,
2119,0.8519230484962463,0.667668342590332,
2120,0.8535447716712952,0.6603478789329529,
2121,0.8550724387168884,0.6514439582824707,
2122,0.8591549396514893,0.6375508904457092,
2123,0.8621575236320496,0.6277749538421631,
2124,0.8641666769981384,0.6194842457771301,
2125,0.8660714030265808,0.6092911958694458,
2126,0.8686708807945251,0.5985865592956543,
2127,0.8703703880310059,0.5900822877883911,
2128,0.8712349534034729,0.5864198803901672,
2129,0.8735294342041016,0.5796011686325073,
2130,0.8742815852165222,0.5731929540634155,
2131,0.8757022619247437,0.566716194152832,
2132,0.8770604133605957,0.5597377419471741,
2133,0.8797042965888977,0.5526215434074402,
2134,0.8822368383407593,0.546093761920929,
2135,0.8840206265449524,0.539149284362793,
2136,0.8851010203361511,0.5349343419075012,
2137,0.8867574334144592,0.530927300453186,
2138,0.8883495330810547,0.5239728689193726,
2139,0.887499988079071,0.5235336422920227,
2140,0.889018714427948,0.5190693736076355,
2141,0.8910550475120544,0.5131166577339172,
2142,0.892454981803894,0.5073662400245667,
2143,0.8932521939277649,0.5031101703643799,
2144,0.895108699798584,0.4981164038181305,
2145,0.8969017267227173,0.4922884702682495,
2146,0.8981092572212219,0.48843830823898315,
2147,0.8997933864593506,0.48401641845703125,
2148,0.9009146094322205,0.4794161021709442,
2149,0.9024999737739563,0.47586530447006226,
2150,0.7245370149612427,1.013672113418579,
2151,0.7413793206214905,0.9552635550498962,
2152,0.7540322542190552,0.9091709852218628,
2153,0.7670454382896423,0.8703426122665405,
2154,0.7749999761581421,0.8447777628898621,
2155,0.7820945978164673,0.8216642737388611,
2156,0.7916666865348816,0.7919776439666748,
2157,0.8003048896789551,0.7659713625907898,
2158,0.8081395626068115,0.7476401329040527,
2159,0.8166666626930237,0.725392758846283,
2160,0.8231382966041565,0.7034639120101929,
2161,0.829081654548645,0.6832262873649597,
2162,0.8333333134651184,0.669568657875061,
2163,0.838443398475647,0.649270236492157,
2164,0.8443182110786438,0.6343874335289001,
2165,0.8497806787490845,0.6172217726707458,
2166,0.8548728823661804,0.6004040241241455,
2167,0.8575819730758667,0.590831995010376,
2168,0.8601190447807312,0.582525908946991,
2169,0.8634615540504456,0.5707990527153015,
2170,0.8675373196601868,0.5571249723434448,
2171,0.8704710006713867,0.5480185151100159,
2172,0.8732394576072693,0.5373408198356628,
2173,0.8767123222351074,0.5295535326004028,
2174,0.8791666626930237,0.5232670903205872,
2175,0.8806818127632141,0.5164237022399902,
2176,0.8829113841056824,0.509750485420227,
2177,0.8850308656692505,0.5018741488456726,
2178,0.8878012299537659,0.49523645639419556,
2179,0.8904411792755127,0.4871330261230469,
2180,0.891523003578186,0.48363399505615234,
2181,0.8925561904907227,0.47851210832595825,
2182,0.8942307829856873,0.47195199131965637,
2183,0.8965053558349609,0.4667483866214752,
2184,0.8973684310913086,0.46275395154953003,
2185,0.8981958627700806,0.45891815423965454,
2186,0.9002525210380554,0.45299506187438965,
2187,0.9022276997566223,0.4483819603919983,
2188,0.9016990065574646,0.44540905952453613,
2189,0.9035714268684387,0.4399358332157135,
2190,0.9042056202888489,0.4366551637649536,
2191,0.9053899049758911,0.4320746958255768,
2192,0.9065315127372742,0.4288608431816101,
2193,0.9070796370506287,0.42588528990745544,
2194,0.908152163028717,0.4222404956817627,
2195,0.9086538553237915,0.41993817687034607,
2196,0.9096638560295105,0.416875958442688,
2197,0.9101239442825317,0.41384872794151306,
2198,0.9105691313743591,0.4133909344673157,
2199,0.9110000133514404,0.410542756319046,
2200,0.7175925970077515,1.0290971994400024,
2201,0.7349137663841248,0.9771559238433838,
2202,0.7520161271095276,0.9221667647361755,
2203,0.7670454382896423,0.8797415494918823,
2204,0.7803571224212646,0.838699996471405,
2205,0.7888513803482056,0.8103864789009094,
2206,0.7980769276618958,0.7794199585914612,
2207,0.8064024448394775,0.7533630132675171,
2208,0.8139534592628479,0.7300986647605896,
2209,0.8194444179534912,0.712164580821991,
2210,0.8218085169792175,0.6972256302833557,
2211,0.8265306353569031,0.678808867931366,
2212,0.8321078419685364,0.6608919501304626,
2213,0.8360849022865295,0.6478427052497864,
2214,0.8420454263687134,0.6315904855728149,
2215,0.8464912176132202,0.619508683681488,
2216,0.8506355881690979,0.6054211854934692,
2217,0.8534836173057556,0.5936285257339478,
2218,0.858134925365448,0.5805314779281616,
2219,0.8596153855323792,0.575236976146698,
2220,0.861940324306488,0.5668849945068359,
2221,0.8650362491607666,0.558817982673645,
2222,0.8679577708244324,0.5490027666091919,
2223,0.8698630332946777,0.5427273511886597,
2224,0.8733333349227905,0.5332805514335632,
2225,0.8766233921051025,0.5262035727500916,
2226,0.8773733973503113,0.5218520164489746,
2227,0.8788580298423767,0.5165666937828064,
2228,0.8802710771560669,0.5101500749588013,
2229,0.883088231086731,0.5036989450454712,
2230,0.8850574493408203,0.4988011419773102,
2231,0.8876404762268066,0.4923797845840454,
2232,0.8894230723381042,0.48617613315582275,
2233,0.8918010592460632,0.4795171320438385,
2234,0.8940789699554443,0.4729272425174713,
2235,0.8962628841400146,0.46754661202430725,
2236,0.8983585834503174,0.4601673185825348,
2237,0.8985148668289185,0.4588616192340851,
2238,0.8998786211013794,0.45702362060546875,
2239,0.9017857313156128,0.45284533500671387,
2240,0.90362149477005,0.44815441966056824,
2241,0.9053899049758911,0.44308769702911377,
2242,0.9065315127372742,0.43929845094680786,
2243,0.9081858396530151,0.43392807245254517,
2244,0.9092391133308411,0.42994481325149536,
2245,0.9107906222343445,0.426187664270401,
2246,0.9117646813392639,0.4224671721458435,
2247,0.9121900796890259,0.41999903321266174,
2248,0.9126016497612,0.4174039959907532,
2249,0.9135000109672546,0.41392064094543457,
2250,0.7314814925193787,0.9770978093147278,
2251,0.7456896305084229,0.9313244223594666,
2252,0.7560483813285828,0.8902077078819275,
2253,0.7708333134651184,0.8474009037017822,
2254,0.7803571224212646,0.8184812068939209,
2255,0.7922297120094299,0.7902701497077942,
2256,0.8012820482254028,0.7596977353096008,
2257,0.8109756112098694,0.7291615009307861,
2258,0.819767415523529,0.7058897018432617,
2259,0.8277778029441833,0.679492712020874,
2260,0.833776593208313,0.6607120037078857,
2261,0.8405612111091614,0.641080379486084,
2262,0.844362735748291,0.6259386539459229,
2263,0.849056601524353,0.6141468286514282,
2264,0.8534091114997864,0.5976006388664246,
2265,0.8585526347160339,0.5807733535766602,
2266,0.8622881174087524,0.568386971950531,
2267,0.8668032884597778,0.5563664436340332,
2268,0.870039701461792,0.5433797240257263,
2269,0.8730769157409668,0.5327684879302979,
2270,0.875,0.5260418057441711,
2271,0.8777173757553101,0.5162373185157776,
2272,0.8811619877815247,0.504969596862793,
2273,0.8835616707801819,0.4972318410873413,
2274,0.8866666555404663,0.48959270119667053,
2275,0.888798713684082,0.4840933680534363,
2276,0.8908227682113647,0.477751761674881,
2277,0.8919752836227417,0.4718678891658783,
2278,0.8930723071098328,0.466819703578949,
2279,0.895588219165802,0.4621310532093048,
2280,0.897988498210907,0.4556289613246918,
2281,0.9002808928489685,0.4492955207824707,
2282,0.9017857313156128,0.4426673948764801,
2283,0.9025537371635437,0.4389358162879944,
2284,0.9032894968986511,0.43377307057380676,
2285,0.9046391844749451,0.42954474687576294,
2286,0.9059343338012695,0.4248666763305664,
2287,0.9077970385551453,0.41944873332977295,
2288,0.9083737730979919,0.416621595621109,
2289,0.9089285731315613,0.4139796793460846,
2290,0.9077102541923523,0.4154603183269501,
2291,0.9071100950241089,0.41536587476730347,
2292,0.9082207083702087,0.4113674759864807,
2293,0.9098451137542725,0.40837422013282776,
2294,0.9103260636329651,0.4066131114959717,
2295,0.9107906222343445,0.4037267863750458,
2296,0.9122899174690247,0.40099531412124634,
2297,0.9137396812438965,0.39581283926963806,
2298,0.915142297744751,0.39202868938446045,
2299,0.9164999723434448,0.38839271664619446,
2300,0.7222222089767456,1.0488080978393555,
2301,0.7392241358757019,0.9862069487571716,
2302,0.7560483813285828,0.9295603036880493,
2303,0.7670454382896423,0.8888181447982788,
2304,0.7714285850524902,0.8683241009712219,
2305,0.7837837934494019,0.8296294212341309,
2306,0.7932692170143127,0.7982082962989807,
2307,0.8033536672592163,0.7676390409469604,
2308,0.8081395626068115,0.7441042065620422,
2309,0.8138889074325562,0.7206119298934937,
2310,0.8218085169792175,0.6967964768409729,
2311,0.8278061151504517,0.6749615669250488,
2312,0.8333333134651184,0.657929539680481,
2313,0.8396226167678833,0.6436777710914612,
2314,0.8431817889213562,0.6343741416931152,
2315,0.8475877046585083,0.6208003759384155,
2316,0.8516949415206909,0.6090127229690552,
2317,0.8555327653884888,0.6001027226448059,
2318,0.8591269850730896,0.5848565101623535,
2319,0.8615384697914124,0.5736499428749084,
2320,0.8647388219833374,0.5666247010231018,
2321,0.8677536249160767,0.5561206936836243,
2322,0.8679577708244324,0.5535634756088257,
2323,0.869006872177124,0.5464893579483032,
2324,0.8708333373069763,0.5387973189353943,
2325,0.8725649118423462,0.5337997674942017,
2326,0.875,0.5260242223739624,
2327,0.8773148059844971,0.5194447636604309,
2328,0.8795180916786194,0.5140993595123291,
2329,0.8816176652908325,0.5073376893997192,
2330,0.8836206793785095,0.5011157989501953,
2331,0.8848314881324768,0.4955318868160248,
2332,0.8873626589775085,0.4898812472820282,
2333,0.8897849321365356,0.4826124310493469,
2334,0.8921052813529968,0.4759313762187958,
2335,0.8930412530899048,0.47110190987586975,
2336,0.8952020406723022,0.4646114706993103,
2337,0.8966584205627441,0.4596768319606781,
2338,0.8980582356452942,0.4548283815383911,
2339,0.899404764175415,0.4504505693912506,
2340,0.9007009267807007,0.44616132974624634,
2341,0.9019495248794556,0.4416807293891907,
2342,0.9037162065505981,0.4373709559440613,
2343,0.9043141603469849,0.43470045924186707,
2344,0.905978262424469,0.43146443367004395,
2345,0.9070512652397156,0.4275760054588318,
2346,0.9086134433746338,0.4229741096496582,
2347,0.9101239442825317,0.4199885427951813,
2348,0.9115853905677795,0.41600561141967773,
2349,0.9129999876022339,0.4135432839393616,
2350,0.7222222089767456,1.0379185676574707,
2351,0.7392241358757019,0.9830772280693054,
2352,0.7560483813285828,0.9291046261787415,
2353,0.7708333134651184,0.8863868713378906,
2354,0.7785714268684387,0.857717752456665,
2355,0.787162184715271,0.823551595211029,
2356,0.7964743375778198,0.7978387475013733,
2357,0.8064024448394775,0.7675413489341736,
2358,0.8139534592628479,0.7400913238525391,
2359,0.8208333253860474,0.7177311182022095,
2360,0.8257978558540344,0.6980940103530884,
2361,0.8278061151504517,0.6859871745109558,
2362,0.8345588445663452,0.6645647883415222,
2363,0.8408018946647644,0.6449776887893677,
2364,0.8465909361839294,0.6318325996398926,
2365,0.8519737124443054,0.614574670791626,
2366,0.8569915294647217,0.6023862361907959,
2367,0.8616803288459778,0.5886105298995972,
2368,0.8640872836112976,0.5769089460372925,
2369,0.8673076629638672,0.5659417510032654,
2370,0.8703358173370361,0.5552096366882324,
2371,0.8731883764266968,0.5456847548484802,
2372,0.8767605423927307,0.5364698767662048,
2373,0.8801369667053223,0.525949239730835,
2374,0.8824999928474426,0.5167958736419678,
2375,0.8839285969734192,0.5101305246353149,
2376,0.886867105960846,0.5014020800590515,
2377,0.8888888955116272,0.49377626180648804,
2378,0.891566276550293,0.48581433296203613,
2379,0.8926470875740051,0.4810076951980591,
2380,0.8943965435028076,0.4764788746833801,
2381,0.896769642829895,0.4699285626411438,
2382,0.8990384340286255,0.4638839066028595,
2383,0.8998655676841736,0.4572729170322418,
2384,0.9019736647605896,0.4527116119861603,
2385,0.9039948582649231,0.44654712080955505,
2386,0.9059343338012695,0.44130152463912964,
2387,0.9077970385551453,0.4354300796985626,
2388,0.9089806079864502,0.4312998354434967,
2389,0.9101190567016602,0.4270471930503845,
2390,0.9112149477005005,0.4233688712120056,
2391,0.9122706651687622,0.4193524718284607,
2392,0.9127252101898193,0.4173697531223297,
2393,0.9142699241638184,0.4127562642097473,
2394,0.914673924446106,0.4110082685947418,
2395,0.9161324501037598,0.4069449305534363,
2396,0.9170168042182922,0.40356960892677307,
2397,0.9183884263038635,0.3987080454826355,
2398,0.9181910753250122,0.397818922996521,
2399,0.9194999933242798,0.39489394426345825,
2400,0.7361111044883728,1.0355708599090576,
2401,0.7543103694915771,0.9767530560493469,
2402,0.7701612710952759,0.9257636070251465,
2403,0.7821969985961914,0.8838828802108765,
2404,0.7928571701049805,0.8443015813827515,
2405,0.7972972989082336,0.8161276578903198,
2406,0.8044871687889099,0.7878691554069519,
2407,0.8140243887901306,0.7562424540519714,
2408,0.8212209343910217,0.727827250957489,
2409,0.824999988079071,0.7077105045318604,
2410,0.832446813583374,0.6829472184181213,
2411,0.8380101919174194,0.667366623878479,
2412,0.841911792755127,0.6500985622406006,
2413,0.8478773832321167,0.6316012740135193,
2414,0.8522727489471436,0.6177015900611877,
2415,0.8541666865348816,0.6092668771743774,
2416,0.8591101765632629,0.5941960215568542,
2417,0.8627049326896667,0.5817161798477173,
2418,0.8660714030265808,0.568307638168335,
2419,0.870192289352417,0.5559341907501221,
2420,0.8740671873092651,0.5430421829223633,
2421,0.8768116235733032,0.534803032875061,
2422,0.8802816867828369,0.5248088240623474,
2423,0.8835616707801819,0.5161808729171753,
2424,0.8866666555404663,0.5078081488609314,
2425,0.8896104097366333,0.4979587495326996,
2426,0.892405092716217,0.4882257282733917,
2427,0.8935185074806213,0.4846642017364502,
2428,0.8945783376693726,0.47995349764823914,
2429,0.895588219165802,0.47406768798828125,
2430,0.897270143032074,0.4675339460372925,
2431,0.8995786309242249,0.45904138684272766,
2432,0.901098906993866,0.4541122019290924,
2433,0.9018816947937012,0.45274296402931213,
2434,0.9019736647605896,0.44858092069625854,
2435,0.9027062058448792,0.4444696009159088,
2436,0.9046717286109924,0.4403773248195648,
2437,0.9040841460227966,0.43689385056495667,
2438,0.9047330021858215,0.4324692189693451,
2439,0.9065476059913635,0.42716366052627563,
2440,0.9071261882781982,0.42342427372932434,
2441,0.9082568883895874,0.42063790559768677,
2442,0.9087837934494019,0.41722866892814636,
2443,0.9098451137542725,0.41335242986679077,
2444,0.9114130139350891,0.4091779887676239,
2445,0.9129273295402527,0.4046671390533447,
2446,0.9143907427787781,0.4009997248649597,
2447,0.9152892827987671,0.398229718208313,
2448,0.9166666865348816,0.3938736021518707,
2449,0.9179999828338623,0.39082416892051697,
2450,0.7453703880310059,0.9930422306060791,
2451,0.7629310488700867,0.9378610253334045,
2452,0.7782257795333862,0.8863589763641357,
2453,0.7878788113594055,0.8452019691467285,
2454,0.7982142567634583,0.8108903169631958,
2455,0.8074324131011963,0.7769060134887695,
2456,0.8141025900840759,0.7496382594108582,
2457,0.8201219439506531,0.7208033204078674,
2458,0.8284883499145508,0.6966238021850586,
2459,0.8333333134651184,0.6762063503265381,
2460,0.8377659320831299,0.6579664349555969,
2461,0.8418367505073547,0.6398999691009521,
2462,0.8468137383460999,0.624390184879303,
2463,0.8514150977134705,0.6108132600784302,
2464,0.855681836605072,0.6007612943649292,
2465,0.8607456088066101,0.5882487297058105,
2466,0.8654661178588867,0.5753233432769775,
2467,0.8698770403862,0.5617004036903381,
2468,0.8720238208770752,0.5562167763710022,
2469,0.875,0.545478343963623,
2470,0.8777984976768494,0.5339422225952148,
2471,0.8804348111152649,0.525377094745636,
2472,0.8838028311729431,0.5168191194534302,
2473,0.8835616707801819,0.5123564600944519,
2474,0.8858333230018616,0.505866289138794,
2475,0.888798713684082,0.4956159293651581,
2476,0.8916139006614685,0.4876916706562042,
2477,0.8935185074806213,0.4798666536808014,
2478,0.8953313231468201,0.4729829430580139,
2479,0.8977941274642944,0.46509766578674316,
2480,0.8994252681732178,0.4600220024585724,
2481,0.9002808928489685,0.4538855254650116,
2482,0.9024725556373596,0.4465595781803131,
2483,0.9038978219032288,0.44404137134552,
2484,0.9059210419654846,0.43681401014328003,
2485,0.9078608155250549,0.43333929777145386,
2486,0.9084596037864685,0.42962807416915894,
2487,0.9090346693992615,0.4248214662075043,
2488,0.9095873832702637,0.4222218096256256,
2489,0.9107142686843872,0.4172542691230774,
2490,0.9117990732192993,0.41315391659736633,
2491,0.9122706651687622,0.4105551242828369,
2492,0.9138513803482056,0.40569770336151123,
2493,0.9148229956626892,0.4025627076625824,
2494,0.91576087474823,0.3992387056350708,
2495,0.9161324501037598,0.39859405159950256,
2496,0.9159663915634155,0.39818912744522095,
2497,0.9168388247489929,0.3942227363586426,
2498,0.9181910753250122,0.3896898031234741,
2499,0.9194999933242798,0.3852754831314087,
2500,0.7592592835426331,0.9922072887420654,
2501,0.7737069129943848,0.9424856305122375,
2502,0.788306474685669,0.8934716582298279,
2503,0.7916666865348816,0.8669904470443726,
2504,0.8035714030265808,0.8310356736183167,
2505,0.8108108043670654,0.7996584177017212,
2506,0.8189102411270142,0.7728144526481628,
2507,0.8277438879013062,0.7435327172279358,
2508,0.8357558250427246,0.7158232927322388,
2509,0.8430555462837219,0.6943413615226746,
2510,0.8497340679168701,0.6720097064971924,
2511,0.855867326259613,0.6532689332962036,
2512,0.8578431606292725,0.6373251080513,
2513,0.8596698045730591,0.6272116899490356,
2514,0.8647727370262146,0.6111226081848145,
2515,0.8673245906829834,0.5996683835983276,
2516,0.8707627058029175,0.5852196216583252,
2517,0.873975396156311,0.5736748576164246,
2518,0.8779761791229248,0.5587162375450134,
2519,0.8817307949066162,0.5452921390533447,
2520,0.8843283653259277,0.5356345176696777,
2521,0.8876811861991882,0.5248385071754456,
2522,0.889964759349823,0.5174736380577087,
2523,0.892123281955719,0.5085475444793701,
2524,0.8949999809265137,0.49980518221855164,
2525,0.8977272510528564,0.4923610985279083,
2526,0.8995253443717957,0.4846741855144501,
2527,0.9012345671653748,0.47821834683418274,
2528,0.9028614163398743,0.47157618403434753,
2529,0.9051470756530762,0.4640871286392212,
2530,0.9066091775894165,0.4575595557689667,
2531,0.9080055952072144,0.45004916191101074,
2532,0.9086538553237915,0.4473540782928467,
2533,0.9106183052062988,0.4401206970214844,
2534,0.9125000238418579,0.43486061692237854,
2535,0.9143041372299194,0.43059107661247253,
2536,0.9154040217399597,0.42523202300071716,
2537,0.916460394859314,0.42288267612457275,
2538,0.9180825352668762,0.41808536648750305,
2539,0.9184523820877075,0.41339704394340515,
2540,0.9193925261497498,0.40828922390937805,
2541,0.9197247624397278,0.4069570004940033,
2542,0.9206081032752991,0.4051971137523651,
2543,0.9214601516723633,0.4009629786014557,
2544,0.9222826361656189,0.3976382315158844,
2545,0.9220085740089417,0.39731690287590027,
2546,0.9233193397521973,0.3936837911605835,
2547,0.9240702390670776,0.39016324281692505,
2548,0.9247967600822449,0.3870598077774048,
2549,0.925000011920929,0.38390210270881653,
2550,0.7592592835426331,0.9465541243553162,
2551,0.7737069129943848,0.893009603023529,
2552,0.7862903475761414,0.845711350440979,
2553,0.7973484992980957,0.8109945058822632,
2554,0.8089285492897034,0.770691454410553,
2555,0.8192567825317383,0.7340600490570068,
2556,0.8237179517745972,0.7117871642112732,
2557,0.832317054271698,0.6831969022750854,
2558,0.8386628031730652,0.6583989262580872,
2559,0.8444444537162781,0.6357887387275696,
2560,0.8510638475418091,0.6189349889755249,
2561,0.8571428656578064,0.5990232229232788,
2562,0.8615196347236633,0.5863189101219177,
2563,0.8667452931404114,0.5690683722496033,
2564,0.8704545497894287,0.553929328918457,
2565,0.875,0.541451632976532,
2566,0.8792372941970825,0.5280721187591553,
2567,0.8831967115402222,0.5158109068870544,
2568,0.8859127163887024,0.5045983791351318,
2569,0.887499988079071,0.494079053401947,
2570,0.8908582329750061,0.48553580045700073,
2571,0.89402174949646,0.4752112627029419,
2572,0.8970070481300354,0.4661272168159485,
2573,0.8972602486610413,0.4632554352283478,
2574,0.8983333110809326,0.45801305770874023,
2575,0.9009740352630615,0.4513270854949951,
2576,0.9034810066223145,0.4437711238861084,
2577,0.9050925970077515,0.4384855628013611,
2578,0.9073795080184937,0.4317590594291687,
2579,0.908823549747467,0.42536109685897827,
2580,0.9094827771186829,0.4206313192844391,
2581,0.9108145833015442,0.4142042398452759,
2582,0.9107142686843872,0.41007664799690247,
2583,0.9112903475761414,0.4055440425872803,
2584,0.9118421077728271,0.404296875,
2585,0.9123711585998535,0.4022486209869385,
2586,0.9141414165496826,0.39708051085472107,
2587,0.9158415794372559,0.3919115960597992,
2588,0.917475700378418,0.38814303278923035,
2589,0.9190475940704346,0.38355696201324463,
2590,0.9199766516685486,0.38123685121536255,
2591,0.9208715558052063,0.3783130943775177,
2592,0.9222972989082336,0.37405869364738464,
2593,0.9236725568771362,0.3692782521247864,
2594,0.9244565367698669,0.36786192655563354,
2595,0.9252136945724487,0.36607420444488525,
2596,0.9259454011917114,0.36254483461380005,
2597,0.9271694421768188,0.3587993085384369,
2598,0.9273374080657959,0.35821229219436646,
2599,0.9284999966621399,0.3550114631652832,
2600,0.7245370149612427,1.011417269706726,
2601,0.7413793206214905,0.9538682699203491,
2602,0.7580645084381104,0.8986594080924988,
2603,0.7689393758773804,0.8601202368736267,
2604,0.7785714268684387,0.8242772221565247,
2605,0.7888513803482056,0.7902050614356995,
2606,0.7996794581413269,0.7554472088813782,
2607,0.8079268336296082,0.730421781539917,
2608,0.8139534592628479,0.7125030159950256,
2609,0.8208333253860474,0.690604031085968,
2610,0.8284574747085571,0.6679421663284302,
2611,0.8354591727256775,0.6460036635398865,
2612,0.8406862616539001,0.6279280185699463,
2613,0.8443396091461182,0.614905595779419,
2614,0.8500000238418579,0.5966967344284058,
2615,0.8508771657943726,0.5874871611595154,
2616,0.8559321761131287,0.5733553767204285,
2617,0.8596311211585999,0.5621483325958252,
2618,0.8640872836112976,0.5515110492706299,
2619,0.8673076629638672,0.5411458015441895,
2620,0.871268630027771,0.5314253568649292,
2621,0.8731883764266968,0.5248827934265137,
2622,0.8767605423927307,0.5133416652679443,
2623,0.8801369667053223,0.503070056438446,
2624,0.8833333253860474,0.4933660924434662,
2625,0.8863636255264282,0.48423466086387634,
2626,0.8892405033111572,0.4753575921058655,
2627,0.8912037014961243,0.46857646107673645,
2628,0.8923192620277405,0.46352723240852356,
2629,0.8941176533699036,0.45659229159355164,
2630,0.8965517282485962,0.4516025483608246,
2631,0.8974719047546387,0.4467444121837616,
2632,0.8997252583503723,0.4417040944099426,
2633,0.9012096524238586,0.43606722354888916,
2634,0.9032894968986511,0.4297086298465729,
2635,0.905283510684967,0.42341819405555725,
2636,0.9071969985961914,0.41705322265625,
2637,0.9084158539772034,0.4125923812389374,
2638,0.9095873832702637,0.4074748456478119,
2639,0.9101190567016602,0.4067033529281616,
2640,0.9117990732192993,0.40177321434020996,
2641,0.9134174585342407,0.39796534180641174,
2642,0.9138513803482056,0.39553534984588623,
2643,0.9148229956626892,0.3936588764190674,
2644,0.91576087474823,0.3894112706184387,
2645,0.9172008633613586,0.38495078682899475,
2646,0.9185924530029297,0.381511390209198,
2647,0.9199380278587341,0.3777453303337097,
2648,0.9212398529052734,0.37435612082481384,
2649,0.921999990940094,0.37048619985580444,
2650,0.75,0.9566088914871216,
2651,0.7650862336158752,0.9055009484291077,
2652,0.7802419066429138,0.857421875,
2653,0.7916666865348816,0.8220526576042175,
2654,0.8017857074737549,0.7909342050552368,
2655,0.8108108043670654,0.7602180242538452,
2656,0.8189102411270142,0.7288745641708374,
2657,0.8277438879013062,0.7035290598869324,
2658,0.8357558250427246,0.6798455715179443,
2659,0.8430555462837219,0.6542736291885376,
2660,0.8497340679168701,0.6342800855636597,
2661,0.8545918464660645,0.6158925890922546,
2662,0.8602941036224365,0.598085343837738,
2663,0.8632075190544128,0.5855510830879211,
2664,0.8681818246841431,0.5685828328132629,
2665,0.8728070259094238,0.556075930595398,
2666,0.8739407062530518,0.5474458336830139,
2667,0.8770492076873779,0.5355656147003174,
2668,0.8809523582458496,0.5237259268760681,
2669,0.8846153616905212,0.511441707611084,
2670,0.888059675693512,0.5001959204673767,
2671,0.8903985619544983,0.4902159571647644,
2672,0.8934859037399292,0.4794827401638031,
2673,0.8964040875434875,0.4706551134586334,
2674,0.8974999785423279,0.46559014916419983,
2675,0.899350643157959,0.4578489363193512,
2676,0.9018987417221069,0.44921401143074036,
2677,0.904321014881134,0.44191092252731323,
2678,0.9058734774589539,0.4367315471172333,
2679,0.908088207244873,0.4289710223674774,
2680,0.9094827771186829,0.42384815216064453,
2681,0.9115168452262878,0.4170325994491577,
2682,0.9120879173278809,0.4131276607513428,
2683,0.913306474685669,0.40959417819976807,
2684,0.9151315689086914,0.4044438302516937,
2685,0.9162371158599854,0.3996768295764923,
2686,0.9172979593276978,0.3967929482460022,
2687,0.9189356565475464,0.39223986864089966,
2688,0.9199029207229614,0.3878052234649658,
2689,0.9208333492279053,0.3854924738407135,
2690,0.9223130941390991,0.38080894947052,
2691,0.9237385392189026,0.37667563557624817,
2692,0.9245495200157166,0.37327906489372253,
2693,0.9247787594795227,0.37229540944099426,
2694,0.926086962223053,0.36898958683013916,
2695,0.9268162250518799,0.36590996384620667,
2696,0.9280462265014648,0.3614249527454376,
2697,0.9292355179786682,0.3578222095966339,
2698,0.9303861856460571,0.35449665784835815,
2699,0.9315000176429749,0.3517378866672516,
2700,0.7453703880310059,0.9574428796768188,
2701,0.7607758641242981,0.9121948480606079,
2702,0.7721773982048035,0.8656298518180847,
2703,0.7840909361839294,0.8242440223693848,
2704,0.7928571701049805,0.7929122447967529,
2705,0.8006756901741028,0.7620683312416077,
2706,0.8092948794364929,0.7330327033996582,
2707,0.8170731663703918,0.7063364386558533,
2708,0.8241279125213623,0.6820724606513977,
2709,0.8305555582046509,0.6592572927474976,
2710,0.8377659320831299,0.6372420191764832,
2711,0.8431122303009033,0.6198119521141052,
2712,0.8468137383460999,0.6043445467948914,
2713,0.8514150977134705,0.58937007188797,
2714,0.8568181991577148,0.5727222561836243,
2715,0.8618420958518982,0.5583303570747375,
2716,0.866525411605835,0.5458149909973145,
2717,0.868852436542511,0.5393202304840088,
2718,0.8730158805847168,0.5281471014022827,
2719,0.875,0.5163124799728394,
2720,0.878731369972229,0.5048458576202393,
2721,0.8822463750839233,0.4938512146472931,
2722,0.8838028311729431,0.48548540472984314,
2723,0.8869863152503967,0.47681427001953125,
2724,0.8891666531562805,0.4712448716163635,
2725,0.8920454382896423,0.46424490213394165,
2726,0.8939873576164246,0.45885980129241943,
2727,0.8966049551963806,0.4513104259967804,
2728,0.8990963697433472,0.44306614995002747,
2729,0.9007353186607361,0.44090163707733154,
2730,0.9022988677024841,0.4354719817638397,
2731,0.9030898809432983,0.42895615100860596,
2732,0.9052197933197021,0.42393556237220764,
2733,0.9065860509872437,0.41817420721054077,
2734,0.9078947305679321,0.41367292404174805,
2735,0.9097937941551208,0.4093036949634552,
2736,0.9116161465644836,0.4050687253475189,
2737,0.9133663177490234,0.39969873428344727,
2738,0.9144417643547058,0.3958439826965332,
2739,0.9154762029647827,0.39075955748558044,
2740,0.9164719581604004,0.3871889114379883,
2741,0.91800457239151,0.38222038745880127,
2742,0.9194819927215576,0.3792310953140259,
2743,0.9209070801734924,0.3746678829193115,
2744,0.9217391014099121,0.3725363612174988,
2745,0.9225427508354187,0.3688523471355438,
2746,0.9238445162773132,0.3649919033050537,
2747,0.9251033067703247,0.3607906401157379,
2748,0.9258130192756653,0.3569272756576538,
2749,0.9265000224113464,0.3548026978969574,
2750,0.7384259104728699,0.9875600337982178,
2751,0.756465494632721,0.9332853555679321,
2752,0.7701612710952759,0.886600136756897,
2753,0.7821969985961914,0.844362735748291,
2754,0.7946428656578064,0.8034654259681702,
2755,0.8057432174682617,0.7684907913208008,
2756,0.8141025900840759,0.7357386946678162,
2757,0.8231707215309143,0.7098165154457092,
2758,0.8299418687820435,0.6832447052001953,
2759,0.8374999761581421,0.6569176912307739,
2760,0.8444148898124695,0.6336881518363953,
2761,0.8507652878761292,0.6134361624717712,
2762,0.8553921580314636,0.5950365662574768,
2763,0.8608490824699402,0.5763909816741943,
2764,0.8636363744735718,0.5643729567527771,
2765,0.8673245906829834,0.5521801114082336,
2766,0.8707627058029175,0.5437098741531372,
2767,0.875,0.534297525882721,
2768,0.8789682388305664,0.5210710167884827,
2769,0.8826923370361328,0.5112912654876709,
2770,0.8861940503120422,0.502127468585968,
2771,0.8894927501678467,0.4926185607910156,
2772,0.8917253613471985,0.484679251909256,
2773,0.8938356041908264,0.47762879729270935,
2774,0.8949999809265137,0.4715109169483185,
2775,0.8969155550003052,0.46249449253082275,
2776,0.8995253443717957,0.45286333560943604,
2777,0.9020061492919922,0.44493305683135986,
2778,0.9028614163398743,0.4406873881816864,
2779,0.9051470756530762,0.4331437945365906,
2780,0.9066091775894165,0.4269874691963196,
2781,0.9080055952072144,0.42125988006591797,
2782,0.9093406796455383,0.4149884283542633,
2783,0.9112903475761414,0.4078232944011688,
2784,0.9118421077728271,0.40351128578186035,
2785,0.9136598110198975,0.39741095900535583,
2786,0.9141414165496826,0.39271098375320435,
2787,0.9158415794372559,0.3877699375152588,
2788,0.917475700378418,0.38290780782699585,
2789,0.9178571701049805,0.3801652789115906,
2790,0.9193925261497498,0.3749377429485321,
2791,0.9208715558052063,0.37093594670295715,
2792,0.9211711883544922,0.36919692158699036,
2793,0.9225663542747498,0.3653383255004883,
2794,0.9233695864677429,0.3622695803642273,
2795,0.9241452813148499,0.35910284519195557,
2796,0.9254201650619507,0.356568306684494,
2797,0.9266529083251953,0.3528651297092438,
2798,0.9268292784690857,0.3511345088481903,
2799,0.9279999732971191,0.34742656350135803,
2800,0.7523148059844971,0.9401898980140686,
2801,0.767241358757019,0.8822322487831116,
2802,0.7822580933570862,0.8414351344108582,
2803,0.7954545617103577,0.8010951280593872,
2804,0.8071428537368774,0.7612631320953369,
2805,0.8175675868988037,0.7262691259384155,
2806,0.8253205418586731,0.7054075598716736,
2807,0.8338414430618286,0.6789989471435547,
2808,0.8415697813034058,0.6511293053627014,
2809,0.8458333611488342,0.6324289441108704,
2810,0.852393627166748,0.6119380593299866,
2811,0.858418345451355,0.5918660759925842,
2812,0.8639705777168274,0.5728167295455933,
2813,0.8691037893295288,0.557809054851532,
2814,0.8738636374473572,0.5407806038856506,
2815,0.875,0.5295687317848206,
2816,0.8792372941970825,0.5172988176345825,
2817,0.881147563457489,0.5060471892356873,
2818,0.8849206566810608,0.4951930046081543,
2819,0.8884615302085876,0.48494160175323486,
2820,0.8908582329750061,0.47740018367767334,
2821,0.8903985619544983,0.47363027930259705,
2822,0.8917253613471985,0.4675431549549103,
2823,0.8938356041908264,0.46115362644195557,
2824,0.8958333134651184,0.4531387388706207,
2825,0.8977272510528564,0.4460456669330597,
2826,0.9003164768218994,0.4378390610218048,
2827,0.9027777910232544,0.43097352981567383,
2828,0.9051204919815063,0.4237487018108368,
2829,0.9073529243469238,0.4177260398864746,
2830,0.9087643623352051,0.41442424058914185,
2831,0.9108145833015442,0.4090811610221863,
2832,0.911401093006134,0.4049232006072998,
2833,0.913306474685669,0.4001854658126831,
2834,0.9138157963752747,0.3953253924846649,
2835,0.9155927896499634,0.38932570815086365,
2836,0.9172979593276978,0.3831791877746582,
2837,0.9189356565475464,0.3793162703514099,
2838,0.9199029207229614,0.3755115270614624,
2839,0.9214285612106323,0.37163814902305603,
2840,0.922897219657898,0.36724328994750977,
2841,0.9243119359016418,0.362184077501297,
2842,0.9256756901741028,0.3576725423336029,
2843,0.92643803358078,0.3536154627799988,
2844,0.926630437374115,0.35295212268829346,
2845,0.9278846383094788,0.3485378324985504,
2846,0.9280462265014648,0.34596332907676697,
2847,0.9292355179786682,0.34244683384895325,
2848,0.9288617968559265,0.340742826461792,
2849,0.9300000071525574,0.33803826570510864,
2850,0.7523148059844971,1.0149328708648682,
2851,0.7693965435028076,0.9553483128547668,
2852,0.7802419066429138,0.9045221209526062,
2853,0.7935606241226196,0.8588752150535583,
2854,0.8035714030265808,0.8205981254577637,
2855,0.8141891956329346,0.7843520641326904,
2856,0.8221153616905212,0.7581071853637695,
2857,0.8277438879013062,0.7286098003387451,
2858,0.8343023061752319,0.7026931047439575,
2859,0.8416666388511658,0.67527174949646,
2860,0.8470744490623474,0.6524599194526672,
2861,0.8533163070678711,0.6325571537017822,
2862,0.8590686321258545,0.6137340068817139,
2863,0.864386796951294,0.5928977727890015,
2864,0.8693181872367859,0.5759680271148682,
2865,0.8728070259094238,0.5602360963821411,
2866,0.8760592937469482,0.5471494197845459,
2867,0.8801229596138,0.5334791541099548,
2868,0.8829365372657776,0.524089515209198,
2869,0.8855769038200378,0.5129295587539673,
2870,0.8889925479888916,0.49950772523880005,
2871,0.8922101259231567,0.49014127254486084,
2872,0.8952465057373047,0.4817090630531311,
2873,0.898116409778595,0.47105324268341064,
2874,0.8999999761581421,0.4613255262374878,
2875,0.9025974273681641,0.4522542953491211,
2876,0.9042721390724182,0.44643154740333557,
2877,0.9066358208656311,0.4386593997478485,
2878,0.9073795080184937,0.4343756139278412,
2879,0.9095588326454163,0.4264262616634369,
2880,0.9109195470809937,0.4226221442222595,
2881,0.9122191071510315,0.4173226058483124,
2882,0.9141483306884766,0.4103698432445526,
2883,0.9159946441650391,0.4048192501068115,
2884,0.9171052575111389,0.4012686610221863,
2885,0.9168814420700073,0.3985533118247986,
2886,0.9172979593276978,0.3944385349750519,
2887,0.9183168411254883,0.3903985023498535,
2888,0.9199029207229614,0.3852759301662445,
2889,0.9208333492279053,0.38161054253578186,
2890,0.9217289686203003,0.3780142068862915,
2891,0.9225917458534241,0.37328824400901794,
2892,0.9234234094619751,0.3698658347129822,
2893,0.9242256879806519,0.36702051758766174,
2894,0.925000011920929,0.364122211933136,
2895,0.9257478713989258,0.3603408634662628,
2896,0.9269958138465881,0.3571668863296509,
2897,0.9282024502754211,0.3528328835964203,
2898,0.9288617968559265,0.35029250383377075,
2899,0.9294999837875366,0.347768634557724,
2900,0.7546296119689941,0.9012789130210876,
2901,0.7693965435028076,0.8521247506141663,
2902,0.7822580933570862,0.8089243173599243,
2903,0.7954545617103577,0.7698175311088562,
2904,0.8071428537368774,0.7362838387489319,
2905,0.8158783912658691,0.7042538523674011,
2906,0.8221153616905212,0.6829828023910522,
2907,0.8307926654815674,0.6551895141601562,
2908,0.8386628031730652,0.6291565895080566,
2909,0.8458333611488342,0.6052266359329224,
2910,0.852393627166748,0.5866020321846008,
2911,0.8571428656578064,0.5678451061248779,
2912,0.8627451062202454,0.551581859588623,
2913,0.8679245114326477,0.5357726216316223,
2914,0.8727272748947144,0.5213537812232971,
2915,0.8771929740905762,0.5078614354133606,
2916,0.8802965879440308,0.49475836753845215,
2917,0.8831967115402222,0.4844135642051697,
2918,0.886904776096344,0.4766938388347626,
2919,0.8903846144676208,0.46443843841552734,
2920,0.8936567306518555,0.45694687962532043,
2921,0.89673912525177,0.4487238824367523,
2922,0.8996478915214539,0.43907007575035095,
2923,0.9023972749710083,0.4310513138771057,
2924,0.9049999713897705,0.4230975806713104,
2925,0.9066558480262756,0.41747134923934937,
2926,0.9082278609275818,0.4099421799182892,
2927,0.9104938507080078,0.4026941955089569,
2928,0.9126505851745605,0.39562270045280457,
2929,0.9139705896377563,0.39276787638664246,
2930,0.9159482717514038,0.3863735496997833,
2931,0.9178370833396912,0.38117778301239014,
2932,0.9182692170143127,0.3777294456958771,
2933,0.9200268983840942,0.3732229173183441,
2934,0.9217105507850647,0.36804428696632385,
2935,0.9226804375648499,0.36610326170921326,
2936,0.9242424368858337,0.3626400828361511,
2937,0.9257425665855408,0.35809293389320374,
2938,0.9265776872634888,0.3542173504829407,
2939,0.9279761910438538,0.3509881794452667,
2940,0.9281542301177979,0.3478870093822479,
2941,0.9288991093635559,0.34397485852241516,
2942,0.9301801919937134,0.34053289890289307,
2943,0.9314159154891968,0.33575645089149475,
2944,0.9315217137336731,0.3340176045894623,
2945,0.9316239356994629,0.3335976004600525,
2946,0.9327731132507324,0.33051541447639465,
2947,0.93388432264328,0.32725486159324646,
2948,0.934959352016449,0.3244393765926361,
2949,0.9355000257492065,0.32176607847213745,
2950,0.7708333134651184,0.9075492024421692,
2951,0.7823275923728943,0.8622150421142578,
2952,0.7943548560142517,0.8247289061546326,
2953,0.8068181872367859,0.7862285375595093,
2954,0.8178571462631226,0.7499817609786987,
2955,0.8277027010917664,0.7175055146217346,
2956,0.8317307829856873,0.6973742246627808,
2957,0.8399389982223511,0.6717068552970886,
2958,0.8459302186965942,0.6521218419075012,
2959,0.8527777791023254,0.62955641746521,
2960,0.8590425252914429,0.6074636578559875,
2961,0.8647959232330322,0.589042067527771,
2962,0.8700980544090271,0.5733385682106018,
2963,0.875,0.5576459169387817,
2964,0.8795454502105713,0.5413628220558167,
2965,0.8826754093170166,0.5270022749900818,
2966,0.8866525292396545,0.5127894878387451,
2967,0.8903688788414001,0.5006135702133179,
2968,0.8938491940498352,0.4883016049861908,
2969,0.8971154093742371,0.4779645800590515,
2970,0.8992537260055542,0.4691888689994812,
2971,0.9021739363670349,0.4587899148464203,
2972,0.9049295783042908,0.4492376744747162,
2973,0.9075342416763306,0.4403194189071655,
2974,0.9100000262260437,0.4327223598957062,
2975,0.9115259647369385,0.427590012550354,
2976,0.9137658476829529,0.42039254307746887,
2977,0.9158950448036194,0.41319939494132996,
2978,0.9179216623306274,0.4064345359802246,
2979,0.9191176295280457,0.402230441570282,
2980,0.920258641242981,0.3976263701915741,
2981,0.9220505356788635,0.3914186656475067,
2982,0.9237637519836426,0.38753971457481384,
2983,0.9247311949729919,0.38465097546577454,
2984,0.9263157844543457,0.3788062334060669,
2985,0.9278350472450256,0.37474513053894043,
2986,0.9292929172515869,0.3710825741291046,
2987,0.9306930899620056,0.36678075790405273,
2988,0.9320388436317444,0.3616546392440796,
2989,0.9327380657196045,0.35810667276382446,
2990,0.9339953064918518,0.3530944883823395,
2991,0.935206413269043,0.3505278527736664,
2992,0.9363738894462585,0.3466208577156067,
2993,0.9375,0.34226521849632263,
2994,0.938586950302124,0.33827129006385803,
2995,0.939636766910553,0.33432549238204956,
2996,0.9396008253097534,0.33384081721305847,
2997,0.9405992031097412,0.3315889239311218,
2998,0.9415650367736816,0.32788926362991333,
2999,0.9419999718666077,0.3258535861968994,
3000,0.7453703880310059,0.9454775452613831,
3001,0.7629310488700867,0.8896486163139343,
3002,0.774193525314331,0.8466585278511047,
3003,0.7878788113594055,0.8019551038742065,
3004,0.7982142567634583,0.7660897970199585,
3005,0.8074324131011963,0.7311655282974243,
3006,0.8141025900840759,0.7034758925437927,
3007,0.8231707215309143,0.6739367842674255,
3008,0.8313953280448914,0.6489288210868835,
3009,0.8374999761581421,0.62725830078125,
3010,0.8430851101875305,0.6142426133155823,
3011,0.8494898080825806,0.5995103716850281,
3012,0.8553921580314636,0.5808435678482056,
3013,0.8584905862808228,0.567383348941803,
3014,0.8636363744735718,0.5513178706169128,
3015,0.8684210777282715,0.5372353792190552,
3016,0.8728813529014587,0.5226234793663025,
3017,0.876024603843689,0.5146101117134094,
3018,0.8789682388305664,0.503547191619873,
3019,0.8826923370361328,0.49147891998291016,
3020,0.8861940503120422,0.48261404037475586,
3021,0.8885869383811951,0.4732893109321594,
3022,0.8917253613471985,0.46410390734672546,
3023,0.8938356041908264,0.45488303899765015,
3024,0.8949999809265137,0.44784799218177795,
3025,0.8977272510528564,0.4394974112510681,
3026,0.9003164768218994,0.4328441917896271,
3027,0.9027777910232544,0.42394980788230896,
3028,0.9051204919815063,0.41620007157325745,
3029,0.9073529243469238,0.4095006287097931,
3030,0.9094827771186829,0.40404555201530457,
3031,0.9115168452262878,0.3984205722808838,
3032,0.9127747416496277,0.39394113421440125,
3033,0.914650559425354,0.3890177011489868,
3034,0.9164473414421082,0.3835831582546234,
3035,0.9175257682800293,0.3781000077724457,
3036,0.9185606241226196,0.3739694058895111,
3037,0.9189356565475464,0.37272554636001587,
3038,0.9205096960067749,0.3674599230289459,
3039,0.9220238327980042,0.3628476560115814,
3040,0.923481285572052,0.3590664267539978,
3041,0.9237385392189026,0.3558815121650696,
3042,0.9251126050949097,0.3514861464500427,
3043,0.92643803358078,0.3481055498123169,
3044,0.927717387676239,0.3436608612537384,
3045,0.9289529919624329,0.3394039273262024,
3046,0.9296218752861023,0.3368348181247711,
3047,0.9307851195335388,0.3329000473022461,
3048,0.9314024448394775,0.32980188727378845,
3049,0.9325000047683716,0.32687249779701233,
3050,0.7453703880310059,0.9733446836471558,
3051,0.7586206793785095,0.9294043183326721,
3052,0.774193525314331,0.8774376511573792,
3053,0.7878788113594055,0.8312076926231384,
3054,0.800000011920929,0.7920404672622681,
3055,0.8057432174682617,0.7630512118339539,
3056,0.8141025900840759,0.733209490776062,
3057,0.8231707215309143,0.7040731310844421,
3058,0.8313953280448914,0.6800752878189087,
3059,0.8388888835906982,0.6568642258644104,
3060,0.8444148898124695,0.6390597224235535,
3061,0.8507652878761292,0.617010235786438,
3062,0.8566176295280457,0.5979666113853455,
3063,0.8608490824699402,0.5825101137161255,
3064,0.8659090995788574,0.5633823871612549,
3065,0.8706140518188477,0.5464584231376648,
3066,0.875,0.5319871306419373,
3067,0.8790983557701111,0.518203854560852,
3068,0.8819444179534912,0.5052083134651184,
3069,0.8855769038200378,0.4946877062320709,
3070,0.8889925479888916,0.48208361864089966,
3071,0.8922101259231567,0.472786009311676,
3072,0.8943662047386169,0.4632933735847473,
3073,0.8972602486610413,0.4525914192199707,
3074,0.8991666436195374,0.4451332092285156,
3075,0.899350643157959,0.44015464186668396,
3076,0.9011076092720032,0.4338042736053467,
3077,0.9035493731498718,0.4281228482723236,
3078,0.9051204919815063,0.4234923720359802,
3079,0.9066176414489746,0.4186532497406006,
3080,0.9087643623352051,0.41234368085861206,
3081,0.9108145833015442,0.4077557623386383,
3082,0.9127747416496277,0.40153247117996216,
3083,0.914650559425354,0.39556393027305603,
3084,0.9164473414421082,0.388490229845047,
3085,0.9175257682800293,0.3837192952632904,
3086,0.9185606241226196,0.37914037704467773,
3087,0.9201732873916626,0.37383323907852173,
3088,0.9217233061790466,0.3682457506656647,
3089,0.9232142567634583,0.3641606867313385,
3090,0.9246495366096497,0.36122363805770874,
3091,0.9254587292671204,0.35769832134246826,
3092,0.9262387156486511,0.3555261194705963,
3093,0.9275442361831665,0.3505711257457733,
3094,0.928260862827301,0.34812939167022705,
3095,0.9294871687889099,0.34380751848220825,
3096,0.930672287940979,0.33987313508987427,
3097,0.9318181872367859,0.33673161268234253,
3098,0.9329268336296082,0.33334866166114807,
3099,0.9334999918937683,0.3314346373081207,
3100,0.7685185074806213,0.8976132869720459,
3101,0.7844827771186829,0.8548335433006287,
3102,0.7983871102333069,0.8051153421401978,
3103,0.8087121248245239,0.7735412120819092,
3104,0.8196428418159485,0.735844612121582,
3105,0.8293918967247009,0.7034862041473389,
3106,0.8381410241127014,0.6729990243911743,
3107,0.8460366129875183,0.6451455950737,
3108,0.8531976938247681,0.6242530941963196,
3109,0.8597221970558167,0.6019090414047241,
3110,0.8656914830207825,0.5803864002227783,
3111,0.8673469424247742,0.5680618286132812,
3112,0.8725489974021912,0.5530942678451538,
3113,0.8773584961891174,0.5374568700790405,
3114,0.8818181753158569,0.5209404230117798,
3115,0.8859649300575256,0.5063121914863586,
3116,0.8887711763381958,0.49556615948677063,
3117,0.8924180269241333,0.4828644096851349,
3118,0.8958333134651184,0.4699276387691498,
3119,0.8990384340286255,0.4580124020576477,
3120,0.9020522236824036,0.44789063930511475,
3121,0.904891312122345,0.43763577938079834,
3122,0.9075704216957092,0.4289669692516327,
3123,0.9101027250289917,0.4198348820209503,
3124,0.9108333587646484,0.4142663776874542,
3125,0.913149356842041,0.40640854835510254,
3126,0.9153481125831604,0.39871808886528015,
3127,0.917438268661499,0.3913973569869995,
3128,0.9194276928901672,0.3841409385204315,
3129,0.9213235378265381,0.37921518087387085,
3130,0.9231321811676025,0.37253111600875854,
3131,0.9248595237731934,0.3661384582519531,
3132,0.9258241653442383,0.36196374893188477,
3133,0.926075279712677,0.3589635193347931,
3134,0.9269737005233765,0.3549790680408478,
3135,0.9284793734550476,0.3504718840122223,
3136,0.9292929172515869,0.3463621437549591,
3137,0.9306930899620056,0.3408128023147583,
3138,0.9320388436317444,0.3366437256336212,
3139,0.9333333373069763,0.3330947756767273,
3140,0.9345794320106506,0.32865744829177856,
3141,0.9357798099517822,0.3252655863761902,
3142,0.9369369149208069,0.32087039947509766,
3143,0.9358407258987427,0.3210078179836273,
3144,0.936956524848938,0.3178340196609497,
3145,0.938034176826477,0.3147711157798767,
3146,0.9390756487846375,0.3123932480812073,
3147,0.9400826692581177,0.3094901144504547,
3148,0.9410569071769714,0.30722570419311523,
3149,0.9419999718666077,0.30462226271629333,
3150,0.7638888955116272,0.8718786835670471,
3151,0.7801724076271057,0.8181725144386292,
3152,0.7943548560142517,0.7760024666786194,
3153,0.8068181872367859,0.7371155619621277,
3154,0.8142856955528259,0.7057390213012695,
3155,0.8243243098258972,0.6706774234771729,
3156,0.8333333134651184,0.6419013738632202,
3157,0.8399389982223511,0.6167068481445312,
3158,0.8473837375640869,0.5977208614349365,
3159,0.8527777791023254,0.5774281024932861,
3160,0.8590425252914429,0.5584367513656616,
3161,0.8647959232330322,0.5401419401168823,
3162,0.8700980544090271,0.5229744911193848,
3163,0.8738207817077637,0.5082436203956604,
3164,0.8772727251052856,0.49381357431411743,
3165,0.8804824352264404,0.4811646640300751,
3166,0.8845338821411133,0.468019038438797,
3167,0.8883196711540222,0.45604708790779114,
3168,0.891865074634552,0.44491252303123474,
3169,0.8942307829856873,0.43370193243026733,
3170,0.8945895433425903,0.43291175365448,
3171,0.89673912525177,0.4251497983932495,
3172,0.8987675905227661,0.4171677529811859,
3173,0.9015411138534546,0.40991702675819397,
3174,0.9041666388511658,0.40278860926628113,
3175,0.9066558480262756,0.3952646255493164,
3176,0.9090189933776855,0.3881206810474396,
3177,0.9104938507080078,0.3829604387283325,
3178,0.9126505851745605,0.37619757652282715,
3179,0.9147058725357056,0.37085646390914917,
3180,0.915229856967926,0.3679959177970886,
3181,0.9171348214149475,0.36306917667388916,
3182,0.9189560413360596,0.3567045331001282,
3183,0.9206989407539368,0.35126951336860657,
3184,0.9223684072494507,0.3457770049571991,
3185,0.9233247637748718,0.3421330153942108,
3186,0.9242424368858337,0.33715057373046875,
3187,0.9257425665855408,0.3347085118293762,
3188,0.9271844625473022,0.33138445019721985,
3189,0.9285714030265808,0.3264346122741699,
3190,0.9299065470695496,0.3226791322231293,
3191,0.9311926364898682,0.3192988634109497,
3192,0.931869387626648,0.31811854243278503,
3193,0.9330752491950989,0.31471607089042664,
3194,0.9342391490936279,0.3108375072479248,
3195,0.935363233089447,0.30753082036972046,
3196,0.9364495873451233,0.30452483892440796,
3197,0.9369834661483765,0.30205559730529785,
3198,0.9369918704032898,0.30089691281318665,
3199,0.9380000233650208,0.29841348528862,
3200,0.7731481194496155,0.9218491315841675,
3201,0.7887930870056152,0.869041383266449,
3202,0.8024193644523621,0.8174422383308411,
3203,0.814393937587738,0.7769461274147034,
3204,0.824999988079071,0.7423779964447021,
3205,0.8344594836235046,0.70890212059021,
3206,0.8429487347602844,0.6780358552932739,
3207,0.8506097793579102,0.6505358815193176,
3208,0.8561046719551086,0.6285182237625122,
3209,0.862500011920929,0.603706419467926,
3210,0.8683510422706604,0.5820995569229126,
3211,0.8737244606018066,0.5613179802894592,
3212,0.8774510025978088,0.5441136360168457,
3213,0.8820754885673523,0.5263476371765137,
3214,0.8863636255264282,0.5108936429023743,
3215,0.8881579041481018,0.5019617676734924,
3216,0.8919491767883301,0.48918184638023376,
3217,0.8954917788505554,0.4783710539340973,
3218,0.898809552192688,0.46774470806121826,
3219,0.9019230604171753,0.4574744999408722,
3220,0.9048507213592529,0.44647711515426636,
3221,0.907608687877655,0.4366087019443512,
3222,0.9102112650871277,0.4288383722305298,
3223,0.9126712083816528,0.41940024495124817,
3224,0.9150000214576721,0.4105224013328552,
3225,0.9172077775001526,0.40280038118362427,
3226,0.9193037748336792,0.39469414949417114,
3227,0.9212962985038757,0.387347549200058,
3228,0.9231927990913391,0.38064953684806824,
3229,0.925000011920929,0.37421342730522156,
3230,0.9260057210922241,0.368581622838974,
3231,0.9276685118675232,0.3632887005805969,
3232,0.9292582273483276,0.35843172669410706,
3233,0.9307795763015747,0.35385575890541077,
3234,0.9315789341926575,0.34985512495040894,
3235,0.9329897165298462,0.34477531909942627,
3236,0.9337121248245239,0.340915709733963,
3237,0.9350247383117676,0.33540400862693787,
3238,0.9362863898277283,0.33136165142059326,
3239,0.9375,0.32723307609558105,
3240,0.9380841255187988,0.323636531829834,
3241,0.9386467933654785,0.3219493627548218,
3242,0.9397522807121277,0.31731748580932617,
3243,0.9408186078071594,0.3135881721973419,
3244,0.9418478012084961,0.30967840552330017,
3245,0.9428418874740601,0.3068018853664398,
3246,0.9427521228790283,0.3047378957271576,
3247,0.9436983466148376,0.3019525408744812,
3248,0.9435975551605225,0.3030480146408081,
3249,0.9440000057220459,0.3026057481765747,
3250,0.7245370149612427,1.0400066375732422,
3251,0.7413793206214905,0.9778761267662048,
3252,0.7580645084381104,0.9242973923683167,
3253,0.7708333134651184,0.8761345744132996,
3254,0.7839285731315613,0.8324961066246033,
3255,0.7956081032752991,0.7916958332061768,
3256,0.8060897588729858,0.7612131834030151,
3257,0.8155487775802612,0.7310599684715271,
3258,0.8226743936538696,0.7047778964042664,
3259,0.8305555582046509,0.6773389577865601,
3260,0.8377659320831299,0.6521614193916321,
3261,0.8443877696990967,0.6298426985740662,
3262,0.8504902124404907,0.6119011640548706,
3263,0.8561320900917053,0.5938258171081543,
3264,0.8613636493682861,0.5798594951629639,
3265,0.8662280440330505,0.5627713799476624,
3266,0.8697034120559692,0.5497891902923584,
3267,0.8729507923126221,0.536372184753418,
3268,0.8769841194152832,0.522886335849762,
3269,0.8807692527770996,0.5099359750747681,
3270,0.8815298676490784,0.5066735744476318,
3271,0.8849637508392334,0.4946254789829254,
3272,0.8882042169570923,0.48443183302879333,
3273,0.8912671208381653,0.4760568141937256,
3274,0.8941666483879089,0.46793070435523987,
3275,0.8961039185523987,0.4589594006538391,
3276,0.8987341523170471,0.45010897517204285,
3277,0.8996913433074951,0.4431798458099365,
3278,0.9021084308624268,0.4356469213962555,
3279,0.903676450252533,0.42986705899238586,
3280,0.9058908224105835,0.42417198419570923,
3281,0.9080055952072144,0.41760051250457764,
3282,0.9100274443626404,0.4107632339000702,
3283,0.9119623899459839,0.40536680817604065,
3284,0.9138157963752747,0.3995276987552643,
3285,0.9155927896499634,0.3935152292251587,
3286,0.9172979593276978,0.3883000910282135,
3287,0.9189356565475464,0.38304635882377625,
3288,0.9205096960067749,0.37759867310523987,
3289,0.9214285612106323,0.373217910528183,
3290,0.922897219657898,0.3678864538669586,
3291,0.9237385392189026,0.36359307169914246,
3292,0.9251126050949097,0.3584834933280945,
3293,0.92643803358078,0.35384252667427063,
3294,0.927173912525177,0.35009661316871643,
3295,0.9284188151359558,0.345754474401474,
3296,0.9296218752861023,0.34196963906288147,
3297,0.9307851195335388,0.3396267890930176,
3298,0.9314024448394775,0.3371720612049103,
3299,0.9325000047683716,0.3336928188800812,
3300,0.7615740895271301,0.8926268219947815,
3301,0.7780172228813171,0.838754415512085,
3302,0.7903226017951965,0.7932198643684387,
3303,0.8030303120613098,0.7497745752334595,
3304,0.8142856955528259,0.7136238813400269,
3305,0.8209459185600281,0.6860448122024536,
3306,0.8285256624221802,0.6587374210357666,
3307,0.8368902206420898,0.6341851353645325,
3308,0.8444767594337463,0.6108953356742859,
3309,0.8513888716697693,0.5876728892326355,
3310,0.8577127456665039,0.5705263614654541,
3311,0.8622449040412903,0.5527107119560242,
3312,0.8676470518112183,0.5343393087387085,
3313,0.8702830076217651,0.5233702659606934,
3314,0.8738636374473572,0.5098435282707214,
3315,0.8771929740905762,0.4972790479660034,
3316,0.8813559412956238,0.48437216877937317,
3317,0.8852459192276001,0.47126495838165283,
3318,0.8888888955116272,0.4591953158378601,
3319,0.8913461565971375,0.44929930567741394,
3320,0.8945895433425903,0.43844571709632874,
3321,0.8976449370384216,0.4279657304286957,
3322,0.9005281925201416,0.41734638810157776,
3323,0.903253436088562,0.4085637927055359,
3324,0.9058333039283752,0.39960065484046936,
3325,0.9082792401313782,0.39508190751075745,
3326,0.9106012582778931,0.3885478377342224,
3327,0.9128086566925049,0.3808706998825073,
3328,0.9141566157341003,0.3749241828918457,
3329,0.9154411554336548,0.3699648678302765,
3330,0.9173850417137146,0.3643208146095276,
3331,0.9185393452644348,0.35884395241737366,
3332,0.9203296899795532,0.3541256785392761,
3333,0.9213709831237793,0.34875693917274475,
3334,0.9230263233184814,0.34335970878601074,
3335,0.9246134161949158,0.3391520380973816,
3336,0.9261363744735718,0.3346644341945648,
3337,0.9275990128517151,0.3299385607242584,
3338,0.9290048480033875,0.3256368637084961,
3339,0.9303571581840515,0.322673499584198,
3340,0.9316588640213013,0.3193114697933197,
3341,0.9329128265380859,0.3153207004070282,
3342,0.9341216087341309,0.31092774868011475,
3343,0.935287594795227,0.3076725900173187,
3344,0.936413049697876,0.30442845821380615,
3345,0.9375,0.3009396493434906,
3346,0.9380252361297607,0.29821231961250305,
3347,0.9390496015548706,0.2953977584838867,
3348,0.940040647983551,0.2926974892616272,
3349,0.9409999847412109,0.290034681558609,
3350,0.7731481194496155,0.8870719075202942,
3351,0.7887930870056152,0.8353528380393982,
3352,0.8004032373428345,0.790722668170929,
3353,0.8125,0.7482475638389587,
3354,0.8232142925262451,0.7106424570083618,
3355,0.8327702879905701,0.679105281829834,
3356,0.8413461446762085,0.6475303173065186,
3357,0.8475610017776489,0.6243800520896912,
3358,0.854651153087616,0.6016328930854797,
3359,0.8597221970558167,0.5855419039726257,
3360,0.8656914830207825,0.5663558840751648,
3361,0.8711734414100647,0.5475171208381653,
3362,0.876225471496582,0.5302494764328003,
3363,0.8808962106704712,0.5166916847229004,
3364,0.8852272629737854,0.5010877847671509,
3365,0.8870614171028137,0.4910332262516022,
3366,0.8898305296897888,0.48021286725997925,
3367,0.8913934230804443,0.4719887673854828,
3368,0.8938491940498352,0.4643639326095581,
3369,0.8971154093742371,0.45435962080955505,
3370,0.9001865386962891,0.44309157133102417,
3371,0.9021739363670349,0.4345666170120239,
3372,0.9049295783042908,0.42543768882751465,
3373,0.9058219194412231,0.41954663395881653,
3374,0.9083333611488342,0.41157814860343933,
3375,0.9107142686843872,0.40366795659065247,
3376,0.9121835231781006,0.39716649055480957,
3377,0.9143518805503845,0.389682412147522,
3378,0.9164156913757324,0.3827885687351227,
3379,0.9183823466300964,0.3772850036621094,
3380,0.920258641242981,0.37232136726379395,
3381,0.9220505356788635,0.36672866344451904,
3382,0.9237637519836426,0.3608408570289612,
3383,0.9247311949729919,0.3558278977870941,
3384,0.9256578683853149,0.3511539399623871,
3385,0.9271907210350037,0.3461272716522217,
3386,0.9286616444587708,0.3413030505180359,
3387,0.9294554591178894,0.33813953399658203,
3388,0.9302184581756592,0.3351966440677643,
3389,0.9315476417541504,0.33070170879364014,
3390,0.9328271150588989,0.32648780941963196,
3391,0.9340596199035645,0.3219779133796692,
3392,0.934684693813324,0.31987857818603516,
3393,0.9358407258987427,0.31579676270484924,
3394,0.936956524848938,0.31203991174697876,
3395,0.9375,0.30918532609939575,
3396,0.9380252361297607,0.3062174916267395,
3397,0.9390496015548706,0.303309828042984,
3398,0.9395325183868408,0.3006841540336609,
3399,0.940500020980835,0.29864275455474854,
3400,0.7708333134651184,0.9032760262489319,
3401,0.7866379022598267,0.8466014266014099,
3402,0.8004032373428345,0.7971891164779663,
3403,0.8125,0.7572618722915649,
3404,0.8232142925262451,0.7203698754310608,
3405,0.8310810923576355,0.6908411383628845,
3406,0.8397436141967773,0.6625406742095947,
3407,0.8475610017776489,0.6368733644485474,
3408,0.854651153087616,0.6107397079467773,
3409,0.8611111044883728,0.5876865983009338,
3410,0.8670212626457214,0.5670723915100098,
3411,0.8724489808082581,0.5498666763305664,
3412,0.8774510025978088,0.5318055748939514,
3413,0.8808962106704712,0.5181145071983337,
3414,0.8852272629737854,0.5015479922294617,
3415,0.8892543911933899,0.4870976507663727,
3416,0.8908898234367371,0.4786008596420288,
3417,0.8944672346115112,0.46676474809646606,
3418,0.89682537317276,0.45616284012794495,
3419,0.8999999761581421,0.44531670212745667,
3420,0.9020522236824036,0.4358927309513092,
3421,0.904891312122345,0.42609935998916626,
3422,0.9075704216957092,0.41912633180618286,
3423,0.9101027250289917,0.4102029800415039,
3424,0.9125000238418579,0.4029671549797058,
3425,0.9147727489471436,0.39852964878082275,
3426,0.9169303774833679,0.39247000217437744,
3427,0.9189814925193787,0.38542526960372925,
3428,0.9194276928901672,0.38135746121406555,
3429,0.9205882549285889,0.37653401494026184,
3430,0.9224137663841248,0.3725244402885437,
3431,0.9241573214530945,0.3681998550891876,
3432,0.9258241653442383,0.36323246359825134,
3433,0.9267473220825195,0.35904476046562195,
3434,0.9282894730567932,0.35394009947776794,
3435,0.9297680258750916,0.34940648078918457,
3436,0.931186854839325,0.34494292736053467,
3437,0.9325494766235352,0.3397086560726166,
3438,0.9338592290878296,0.33545178174972534,
3439,0.9351190328598022,0.33086052536964417,
3440,0.9363317489624023,0.3266758322715759,
3441,0.9375,0.3227183520793915,
3442,0.9375,0.32032182812690735,
3443,0.9386062026023865,0.31643736362457275,
3444,0.939673900604248,0.3130108118057251,
3445,0.9407051205635071,0.30929461121559143,
3446,0.9417017102241516,0.3058089017868042,
3447,0.942148745059967,0.30342304706573486,
3448,0.9430894255638123,0.29996514320373535,
3449,0.9440000057220459,0.29636019468307495,
3450,0.7638888955116272,0.8793640732765198,
3451,0.7801724076271057,0.825792133808136,
3452,0.7943548560142517,0.7773963809013367,
3453,0.8068181872367859,0.734897255897522,
3454,0.8178571462631226,0.6990758180618286,
3455,0.8277027010917664,0.6676673293113708,
3456,0.8365384340286255,0.6391371488571167,
3457,0.8445122241973877,0.6150419116020203,
3458,0.8502907156944275,0.590134859085083,
3459,0.8569444417953491,0.5666817426681519,
3460,0.8630319237709045,0.5490994453430176,
3461,0.8673469424247742,0.5328125357627869,
3462,0.8725489974021912,0.5154253840446472,
3463,0.875,0.5050820112228394,
3464,0.8795454502105713,0.49010714888572693,
3465,0.8837719559669495,0.47829052805900574,
3466,0.8877118825912476,0.46621474623680115,
3467,0.8893442749977112,0.45853346586227417,
3468,0.8928571343421936,0.4460403025150299,
3469,0.8961538672447205,0.4352208375930786,
3470,0.8992537260055542,0.4250766932964325,
3471,0.9021739363670349,0.41609081625938416,
3472,0.904049277305603,0.40750834345817566,
3473,0.9066780805587769,0.3995344042778015,
3474,0.909166693687439,0.39176028966903687,
3475,0.9115259647369385,0.3835948705673218,
3476,0.9129746556282043,0.376861035823822,
3477,0.915123462677002,0.3708893954753876,
3478,0.9171686768531799,0.3652954399585724,
3479,0.9191176295280457,0.35921382904052734,
3480,0.920976996421814,0.353089302778244,
3481,0.9227527976036072,0.34827613830566406,
3482,0.9244505763053894,0.34210824966430664,
3483,0.926075279712677,0.33663859963417053,
3484,0.9276315569877625,0.3321848213672638,
3485,0.9284793734550476,0.3279052972793579,
3486,0.9299242496490479,0.32449719309806824,
3487,0.9313119053840637,0.3204073905944824,
3488,0.9320388436317444,0.3194311857223511,
3489,0.9327380657196045,0.3178952932357788,
3490,0.9339953064918518,0.3138883709907532,
3491,0.935206413269043,0.3096833825111389,
3492,0.9363738894462585,0.3058517873287201,
3493,0.9375,0.3028147518634796,
3494,0.938043475151062,0.3013562858104706,
3495,0.9391025900840759,0.2987227141857147,
3496,0.9396008253097534,0.2960171699523926,
3497,0.9405992031097412,0.2937365770339966,
3498,0.9415650367736816,0.29184988141059875,
3499,0.9424999952316284,0.28981438279151917,
3500,0.7800925970077515,0.8746352791786194,
3501,0.7931034564971924,0.8261106014251709,
3502,0.8064516186714172,0.7808780670166016,
3503,0.8162878751754761,0.7411569952964783,
3504,0.824999988079071,0.7097638845443726,
3505,0.8344594836235046,0.6771783232688904,
3506,0.8429487347602844,0.6466511487960815,
3507,0.8506097793579102,0.6213675737380981,
3508,0.8575581312179565,0.5968636870384216,
3509,0.8638888597488403,0.5737186074256897,
3510,0.8696808218955994,0.5550614595413208,
3511,0.875,0.5383788347244263,
3512,0.8799019455909729,0.5210000872612,
3513,0.8832547068595886,0.5076714158058167,
3514,0.8863636255264282,0.4947604537010193,
3515,0.890350878238678,0.48082834482192993,
3516,0.8940678238868713,0.4688355326652527,
3517,0.8975409865379333,0.4567393660545349,
3518,0.9007936716079712,0.4457545280456543,
3519,0.9038461446762085,0.43681538105010986,
3520,0.9067164063453674,0.4254899024963379,
3521,0.9085144996643066,0.41684749722480774,
3522,0.9102112650871277,0.4091354310512543,
3523,0.9126712083816528,0.40094950795173645,
3524,0.9150000214576721,0.39244920015335083,
3525,0.9172077775001526,0.38505345582962036,
3526,0.9185126423835754,0.3803391456604004,
3527,0.9205247163772583,0.3737374246120453,
3528,0.9224397540092468,0.367410808801651,
3529,0.9235293865203857,0.3622504472732544,
3530,0.9252873659133911,0.3573642075061798,
3531,0.9262640476226807,0.3536052405834198,
3532,0.9278846383094788,0.3481290340423584,
3533,0.9294354915618896,0.3426453471183777,
3534,0.9309210777282715,0.3372201919555664,
3535,0.9323453903198242,0.33313748240470886,
3536,0.9337121248245239,0.32721105217933655,
3537,0.9350247383117676,0.32257208228111267,
3538,0.9356796145439148,0.31937214732170105,
3539,0.936904788017273,0.31557682156562805,
3540,0.9380841255187988,0.31315189599990845,
3541,0.9392201900482178,0.3100869059562683,
3542,0.9397522807121277,0.3075700104236603,
3543,0.9408186078071594,0.3049049377441406,
3544,0.9418478012084961,0.30119210481643677,
3545,0.942307710647583,0.299121618270874,
3546,0.9432772994041443,0.29623788595199585,
3547,0.9436983466148376,0.293644517660141,
3548,0.9446138143539429,0.2904997766017914,
3549,0.9455000162124634,0.28751683235168457,
3550,0.7731481194496155,0.9059292078018188,
3551,0.7887930870056152,0.854061484336853,
3552,0.8024193644523621,0.8052632212638855,
3553,0.814393937587738,0.7613469958305359,
3554,0.8232142925262451,0.7255315780639648,
3555,0.8327702879905701,0.6921432614326477,
3556,0.8397436141967773,0.6672185659408569,
3557,0.8475610017776489,0.6386458873748779,
3558,0.854651153087616,0.6129692792892456,
3559,0.8611111044883728,0.5898371934890747,
3560,0.8670212626457214,0.5694870352745056,
3561,0.8724489808082581,0.5502431988716125,
3562,0.8774510025978088,0.5368735790252686,
3563,0.8820754885673523,0.5204439163208008,
3564,0.8852272629737854,0.5062940120697021,
3565,0.8892543911933899,0.4921051859855652,
3566,0.8919491767883301,0.48265621066093445,
3567,0.8944672346115112,0.4731846749782562,
3568,0.89682537317276,0.4643704891204834,
3569,0.8999999761581421,0.4548685848712921,
3570,0.9029850959777832,0.44551366567611694,
3571,0.9057971239089966,0.4355800151824951,
3572,0.908450722694397,0.4257862865924835,
3573,0.909246563911438,0.4190223515033722,
3574,0.9108333587646484,0.4104433059692383,
3575,0.913149356842041,0.40322402119636536,
3576,0.9153481125831604,0.3954896330833435,
3577,0.917438268661499,0.38856491446495056,
3578,0.9194276928901672,0.38125914335250854,
3579,0.9213235378265381,0.37428098917007446,
3580,0.9231321811676025,0.3691437244415283,
3581,0.9248595237731934,0.36370348930358887,
3582,0.9265109896659851,0.35817015171051025,
3583,0.9267473220825195,0.3553428649902344,
3584,0.9282894730567932,0.3503156304359436,
3585,0.9297680258750916,0.34508147835731506,
3586,0.931186854839325,0.3402303159236908,
3587,0.9325494766235352,0.33610275387763977,
3588,0.9338592290878296,0.33115801215171814,
3589,0.9339285492897034,0.33069926500320435,
3590,0.9345794320106506,0.3283415734767914,
3591,0.9357798099517822,0.3256007432937622,
3592,0.9369369149208069,0.32280483841896057,
3593,0.9380530714988708,0.3192615211009979,
3594,0.939130425453186,0.3156035244464874,
3595,0.94017094373703,0.3132556974887848,
3596,0.9406512379646301,0.312691867351532,
3597,0.9416322112083435,0.30898362398147583,
3598,0.9420731663703918,0.3069820702075958,
3599,0.9430000185966492,0.30374962091445923,
3600,0.75,0.9344380497932434,
3601,0.767241358757019,0.8758394122123718,
3602,0.7822580933570862,0.8276369571685791,
3603,0.7954545617103577,0.7823326587677002,
3604,0.8071428537368774,0.7448230981826782,
3605,0.8175675868988037,0.7114003300666809,
3606,0.8269230723381042,0.6788730025291443,
3607,0.8353658318519592,0.6515196561813354,
3608,0.8430232405662537,0.6256672143936157,
3609,0.8486111164093018,0.6052072644233704,
3610,0.855053186416626,0.584738552570343,
3611,0.8609693646430969,0.5641139149665833,
3612,0.8651960492134094,0.5474354028701782,
3613,0.8702830076217651,0.5298064947128296,
3614,0.875,0.5159283876419067,
3615,0.8782894611358643,0.5029574036598206,
3616,0.882415235042572,0.4900842308998108,
3617,0.8862704634666443,0.47736769914627075,
3618,0.8888888955116272,0.46775683760643005,
3619,0.892307698726654,0.45656463503837585,
3620,0.89552241563797,0.44522571563720703,
3621,0.8985507488250732,0.43688586354255676,
3622,0.9014084339141846,0.4267022907733917,
3623,0.9041095972061157,0.4171235263347626,
3624,0.9066666960716248,0.4082273542881012,
3625,0.9090909361839294,0.4003286063671112,
3626,0.9113923907279968,0.3934164345264435,
3627,0.9135802388191223,0.3872990906238556,
3628,0.9156626462936401,0.38203778862953186,
3629,0.9176470637321472,0.37542596459388733,
3630,0.9195402264595032,0.3684561848640442,
3631,0.9213483333587646,0.3632860481739044,
3632,0.9223901033401489,0.3585200905799866,
3633,0.9240591526031494,0.3534679114818573,
3634,0.9256578683853149,0.3479596674442291,
3635,0.9265463948249817,0.3465788960456848,
3636,0.9280303120613098,0.3423556685447693,
3637,0.9294554591178894,0.3369034230709076,
3638,0.9308252334594727,0.33310428261756897,
3639,0.9321428537368774,0.3284342885017395,
3640,0.9334112405776978,0.32473671436309814,
3641,0.9346330165863037,0.32031556963920593,
3642,0.9358108043670654,0.3161635994911194,
3643,0.9369469285011292,0.31186455488204956,
3644,0.938043475151062,0.30858397483825684,
3645,0.9391025900840759,0.3052005469799042,
3646,0.9401260614395142,0.3026309907436371,
3647,0.94111567735672,0.29964572191238403,
3648,0.9420731663703918,0.2967201769351959,
3649,0.9430000185966492,0.29408448934555054,
3650,0.7754629850387573,0.8669548034667969,
3651,0.7909482717514038,0.8114335536956787,
3652,0.8024193644523621,0.7666932344436646,
3653,0.814393937587738,0.7290045619010925,
3654,0.824999988079071,0.6994156241416931,
3655,0.8344594836235046,0.6661462187767029,
3656,0.8429487347602844,0.636489748954773,
3657,0.8506097793579102,0.610486626625061,
3658,0.8575581312179565,0.5871250033378601,
3659,0.8638888597488403,0.5703718662261963,
3660,0.8696808218955994,0.5519656538963318,
3661,0.875,0.5325930118560791,
3662,0.8786764740943909,0.5170287489891052,
3663,0.8832547068595886,0.5054389238357544,
3664,0.887499988079071,0.49045735597610474,
3665,0.8914473652839661,0.47730669379234314,
3666,0.8951271176338196,0.4642498791217804,
3667,0.8985655903816223,0.4509336054325104,
3668,0.9017857313156128,0.43904420733451843,
3669,0.9048076868057251,0.42800483107566833,
3670,0.9076492786407471,0.4178161025047302,
3671,0.9085144996643066,0.4110890328884125,
3672,0.9093309640884399,0.40323129296302795,
3673,0.9118150472640991,0.3964507579803467,
3674,0.9133333563804626,0.3896712362766266,
3675,0.9139610528945923,0.3839789927005768,
3676,0.9161392450332642,0.3766389787197113,
3677,0.9182098507881165,0.3710494339466095,
3678,0.9201807379722595,0.3653008043766022,
3679,0.9213235378265381,0.3595266044139862,
3680,0.9231321811676025,0.3530876636505127,
3681,0.9248595237731934,0.34769925475120544,
3682,0.9265109896659851,0.3418981432914734,
3683,0.9280914068222046,0.33620354533195496,
3684,0.928947389125824,0.3333216607570648,
3685,0.9304123520851135,0.3289493918418884,
3686,0.9318181872367859,0.3243740499019623,
3687,0.9331682920455933,0.3207404315471649,
3688,0.9344660043716431,0.3162197470664978,
3689,0.9357143044471741,0.31317439675331116,
3690,0.9369158744812012,0.3094261884689331,
3691,0.9380733966827393,0.30574750900268555,
3692,0.9391891956329346,0.3017464280128479,
3693,0.9402654767036438,0.29799529910087585,
3694,0.9413043260574341,0.2941780388355255,
3695,0.942307710647583,0.2911008894443512,
3696,0.9432772994041443,0.28802481293678284,
3697,0.9442148804664612,0.2850993573665619,
3698,0.9451219439506531,0.28262045979499817,
3699,0.9459999799728394,0.27920544147491455,
3700,0.7754629850387573,0.8476176857948303,
3701,0.7909482717514038,0.7976242303848267,
3702,0.8004032373428345,0.7640261054039001,
3703,0.8125,0.723861038684845,
3704,0.8232142925262451,0.6885378956794739,
3705,0.8327702879905701,0.6563234329223633,
3706,0.8397436141967773,0.6313008069992065,
3707,0.8475610017776489,0.6074631214141846,
3708,0.854651153087616,0.5854316353797913,
3709,0.8611111044883728,0.5636352300643921,
3710,0.8670212626457214,0.5432004928588867,
3711,0.8724489808082581,0.524757444858551,
3712,0.8774510025978088,0.5075440406799316,
3713,0.8820754885673523,0.4912780225276947,
3714,0.8852272629737854,0.477016419172287,
3715,0.8892543911933899,0.46462976932525635,
3716,0.8930084705352783,0.4530201256275177,
3717,0.8965163826942444,0.44102126359939575,
3718,0.8998016119003296,0.43011778593063354,
3719,0.9028846025466919,0.42149996757507324,
3720,0.9057835936546326,0.4113294780254364,
3721,0.9085144996643066,0.40164658427238464,
3722,0.9110915660858154,0.39464378356933594,
3723,0.9109588861465454,0.3925801217556,
3724,0.9133333563804626,0.3848966360092163,
3725,0.9155844449996948,0.37727051973342896,
3726,0.9177215099334717,0.3707655966281891,
3727,0.9197530746459961,0.36374154686927795,
3728,0.9216867685317993,0.357143759727478,
3729,0.9235293865203857,0.3513016998767853,
3730,0.9245689511299133,0.34547159075737,
3731,0.9262640476226807,0.33949267864227295,
3732,0.9278846383094788,0.33433613181114197,
3733,0.9294354915618896,0.3296472132205963,
3734,0.9309210777282715,0.32408812642097473,
3735,0.9317010045051575,0.32272636890411377,
3736,0.933080792427063,0.31778186559677124,
3737,0.9344059228897095,0.3138119578361511,
3738,0.9356796145439148,0.3090656101703644,
3739,0.9357143044471741,0.30909231305122375,
3740,0.9369158744812012,0.3054852783679962,
3741,0.9380733966827393,0.3008246123790741,
3742,0.9391891956329346,0.29749584197998047,
3743,0.9402654767036438,0.29482221603393555,
3744,0.9413043260574341,0.2915482521057129,
3745,0.942307710647583,0.28815367817878723,
3746,0.9427521228790283,0.28516629338264465,
3747,0.9436983466148376,0.2818625271320343,
3748,0.9441056847572327,0.27895739674568176,
3749,0.9449999928474426,0.27551430463790894,
3750,0.7847222089767456,0.833545446395874,
3751,0.7995689511299133,0.7844462394714355,
3752,0.8125,0.7412784099578857,
3753,0.8238636255264282,0.7020752429962158,
3754,0.8285714387893677,0.6767589449882507,
3755,0.837837815284729,0.6458817720413208,
3756,0.8461538553237915,0.6178203225135803,
3757,0.8536585569381714,0.5947158932685852,
3758,0.8590116500854492,0.5721425414085388,
3759,0.8652777671813965,0.5513247847557068,
3760,0.8710106611251831,0.5315225124359131,
3761,0.8762755393981934,0.5138111710548401,
3762,0.8811274766921997,0.4960292875766754,
3763,0.885613203048706,0.48232167959213257,
3764,0.8897727131843567,0.46957001090049744,
3765,0.8936403393745422,0.4559575915336609,
3766,0.8972457647323608,0.44371533393859863,
3767,0.9006147384643555,0.4349343478679657,
3768,0.903769850730896,0.42498156428337097,
3769,0.9067307710647583,0.4156422019004822,
3770,0.9095149040222168,0.4083026349544525,
3771,0.9121376872062683,0.40096768736839294,
3772,0.9128521084785461,0.3995744585990906,
3773,0.9152397513389587,0.39244914054870605,
3774,0.9175000190734863,0.3860815465450287,
3775,0.9188311696052551,0.37934887409210205,
3776,0.9208860993385315,0.3718646466732025,
3777,0.9212962985038757,0.36696454882621765,
3778,0.9224397540092468,0.36097970604896545,
3779,0.9242647290229797,0.3546990156173706,
3780,0.9260057210922241,0.3487667739391327,
3781,0.9276685118675232,0.34422945976257324,
3782,0.9292582273483276,0.3387163579463959,
3783,0.9301075339317322,0.33526983857154846,
3784,0.9315789341926575,0.3308965265750885,
3785,0.9329897165298462,0.32538652420043945,
3786,0.9343434572219849,0.32155901193618774,
3787,0.9356435537338257,0.3166753649711609,
3788,0.9368932247161865,0.3122558295726776,
3789,0.938095211982727,0.30824771523475647,
3790,0.9392523169517517,0.3040449321269989,
3791,0.939793586730957,0.30168065428733826,
3792,0.940315306186676,0.2977677285671234,
3793,0.9413716793060303,0.29500141739845276,
3794,0.9423912763595581,0.2915830910205841,
3795,0.9433760643005371,0.2885499596595764,
3796,0.943802535533905,0.2871675193309784,
3797,0.9447314143180847,0.28417277336120605,
3798,0.9456300735473633,0.2805481255054474,
3799,0.9465000033378601,0.2774330973625183,
3800,0.7662037014961243,0.8785340189933777,
3801,0.7823275923728943,0.8243394494056702,
3802,0.7963709831237793,0.7756553292274475,
3803,0.8087121248245239,0.7329328060150146,
3804,0.8178571462631226,0.697363018989563,
3805,0.8277027010917664,0.6627324819564819,
3806,0.8365384340286255,0.631953775882721,
3807,0.8429877758026123,0.6087517142295837,
3808,0.8502907156944275,0.5836832523345947,
3809,0.8569444417953491,0.5646638870239258,
3810,0.8630319237709045,0.5460662245750427,
3811,0.8686224222183228,0.5279108881950378,
3812,0.8725489974021912,0.5125601291656494,
3813,0.8773584961891174,0.4966586232185364,
3814,0.8818181753158569,0.4815765619277954,
3815,0.8859649300575256,0.4681214988231659,
3816,0.8898305296897888,0.45558488368988037,
3817,0.8934426307678223,0.4436282515525818,
3818,0.89682537317276,0.43220633268356323,
3819,0.8990384340286255,0.4239024519920349,
3820,0.9020522236824036,0.4140031039714813,
3821,0.9039855003356934,0.40529802441596985,
3822,0.9066901206970215,0.3955201506614685,
3823,0.909246563911438,0.38805973529815674,
3824,0.9116666913032532,0.3809903860092163,
3825,0.9139610528945923,0.3735741078853607,
3826,0.9161392450332642,0.36723586916923523,
3827,0.917438268661499,0.3615478575229645,
3828,0.9194276928901672,0.35559698939323425,
3829,0.9213235378265381,0.3491748571395874,
3830,0.9231321811676025,0.3429820239543915,
3831,0.9248595237731934,0.3383760452270508,
3832,0.9265109896659851,0.3335406482219696,
3833,0.9280914068222046,0.3283281624317169,
3834,0.92960524559021,0.32393723726272583,
3835,0.9304123520851135,0.3193352222442627,
3836,0.9318181872367859,0.3144710958003998,
3837,0.9331682920455933,0.3109257221221924,
3838,0.9338592290878296,0.30775806307792664,
3839,0.9351190328598022,0.30507713556289673,
3840,0.9357476830482483,0.3037336468696594,
3841,0.9369266033172607,0.2997312545776367,
3842,0.9380630850791931,0.2956208288669586,
3843,0.9391592741012573,0.29220256209373474,
3844,0.9402173757553101,0.28901252150535583,
3845,0.9412392973899841,0.28656986355781555,
3846,0.9411764740943909,0.2854103744029999,
3847,0.942148745059967,0.2824243903160095,
3848,0.9430894255638123,0.27957257628440857,
3849,0.9440000057220459,0.27663454413414,
3850,0.7824074029922485,0.877956748008728,
3851,0.7974137663841248,0.8255714178085327,
3852,0.8104838728904724,0.7776610255241394,
3853,0.8219696879386902,0.7375492453575134,
3854,0.8321428298950195,0.6997984051704407,
3855,0.8412162065505981,0.6711279153823853,
3856,0.8493589758872986,0.6422924399375916,
3857,0.8567073345184326,0.6164664030075073,
3858,0.8633720874786377,0.5943406820297241,
3859,0.8694444298744202,0.5736775994300842,
3860,0.875,0.5550825595855713,
3861,0.8788265585899353,0.5376755595207214,
3862,0.8835784196853638,0.5203334093093872,
3863,0.8879716992378235,0.5059985518455505,
3864,0.8920454382896423,0.4907279312610626,
3865,0.8958333134651184,0.47676077485084534,
3866,0.8993644118309021,0.4646684229373932,
3867,0.9016393423080444,0.4556887149810791,
3868,0.9047619104385376,0.4455050230026245,
3869,0.9076923131942749,0.4350806474685669,
3870,0.9104477763175964,0.42643052339553833,
3871,0.9130434989929199,0.41683003306388855,
3872,0.9154929518699646,0.4082879424095154,
3873,0.9178082346916199,0.3995321989059448,
3874,0.9200000166893005,0.39073073863983154,
3875,0.9220778942108154,0.38336479663848877,
3876,0.9240506291389465,0.3759390115737915,
3877,0.9259259104728699,0.3680916428565979,
3878,0.9277108311653137,0.3619725704193115,
3879,0.929411768913269,0.3553295135498047,
3880,0.931034505367279,0.34929564595222473,
3881,0.932584285736084,0.3436889052391052,
3882,0.9340659379959106,0.33802559971809387,
3883,0.9348118305206299,0.33340081572532654,
3884,0.9355263113975525,0.3296120762825012,
3885,0.936211347579956,0.32510364055633545,
3886,0.9375,0.3203772008419037,
3887,0.9387376308441162,0.3153811991214752,
3888,0.9399271607398987,0.31171366572380066,
3889,0.9410714507102966,0.3086511492729187,
3890,0.9415887594223022,0.3052802085876465,
3891,0.9426605701446533,0.30131426453590393,
3892,0.9436936974525452,0.297712117433548,
3893,0.9446902871131897,0.2944852113723755,
3894,0.945652186870575,0.29126057028770447,
3895,0.9465811848640442,0.2882313132286072,
3896,0.9474790096282959,0.2845169007778168,
3897,0.9483470916748047,0.28159335255622864,
3898,0.9491869807243347,0.27781766653060913,
3899,0.9490000009536743,0.27748987078666687,
3900,0.7708333134651184,0.8684630393981934,
3901,0.7844827771186829,0.8160527944564819,
3902,0.7983871102333069,0.7687283754348755,
3903,0.810606062412262,0.7292088270187378,
3904,0.8214285969734192,0.6924079656600952,
3905,0.8310810923576355,0.6600407958030701,
3906,0.8397436141967773,0.6298589110374451,
3907,0.8475610017776489,0.6072395443916321,
3908,0.854651153087616,0.583428680896759,
3909,0.8611111044883728,0.5625628232955933,
3910,0.8670212626457214,0.5433713793754578,
3911,0.8724489808082581,0.5268989205360413,
3912,0.8774510025978088,0.5119087100028992,
3913,0.8820754885673523,0.4952678084373474,
3914,0.8852272629737854,0.4807230830192566,
3915,0.8881579041481018,0.4670959413051605,
3916,0.8919491767883301,0.45456206798553467,
3917,0.8954917788505554,0.4418497383594513,
3918,0.898809552192688,0.43027931451797485,
3919,0.9019230604171753,0.4207029342651367,
3920,0.9048507213592529,0.41150665283203125,
3921,0.9067028760910034,0.4044443666934967,
3922,0.9093309640884399,0.39500826597213745,
3923,0.9109588861465454,0.3872530162334442,
3924,0.9133333563804626,0.3788929879665375,
3925,0.9155844449996948,0.37149950861930847,
3926,0.9177215099334717,0.3647584021091461,
3927,0.9197530746459961,0.3581525385379791,
3928,0.9216867685317993,0.3508301079273224,
3929,0.9235293865203857,0.34455522894859314,
3930,0.9252873659133911,0.34019556641578674,
3931,0.9269663095474243,0.3337574303150177,
3932,0.9285714030265808,0.3276943266391754,
3933,0.9301075339317322,0.3226107954978943,
3934,0.9315789341926575,0.3205484449863434,
3935,0.9329897165298462,0.3165254294872284,
3936,0.9343434572219849,0.31153228878974915,
3937,0.9356435537338257,0.30820176005363464,
3938,0.9368932247161865,0.30399465560913086,
3939,0.938095211982727,0.2999722957611084,
3940,0.9392523169517517,0.29628288745880127,
3941,0.9403669834136963,0.29292032122612,
3942,0.9414414167404175,0.2892513871192932,
3943,0.9424778819084167,0.28584998846054077,
3944,0.9434782862663269,0.2826927602291107,
3945,0.9444444179534912,0.27885887026786804,
3946,0.9448529481887817,0.27588340640068054,
3947,0.9457644820213318,0.2727198600769043,
3948,0.9466463327407837,0.26951029896736145,
3949,0.9474999904632568,0.2665400207042694,
3950,0.7777777910232544,0.8605704307556152,
3951,0.7931034564971924,0.8053755760192871,
3952,0.8064516186714172,0.759138822555542,
3953,0.8181818127632141,0.718054473400116,
3954,0.8285714387893677,0.6845685839653015,
3955,0.837837815284729,0.6546359062194824,
3956,0.8461538553237915,0.6251083016395569,
3957,0.8536585569381714,0.6005792617797852,
3958,0.8604651093482971,0.5798365473747253,
3959,0.8666666746139526,0.5579953789710999,
3960,0.8723404407501221,0.5381549000740051,
3961,0.8762755393981934,0.5221922993659973,
3962,0.8811274766921997,0.5063694715499878,
3963,0.885613203048706,0.49270814657211304,
3964,0.8897727131843567,0.4767199158668518,
3965,0.8936403393745422,0.4624767005443573,
3966,0.8972457647323608,0.4493800699710846,
3967,0.9006147384643555,0.43884482979774475,
3968,0.9027777910232544,0.4293050169944763,
3969,0.9048076868057251,0.4220639765262604,
3970,0.9076492786407471,0.4123289883136749,
3971,0.907608687877655,0.40780600905418396,
3972,0.9093309640884399,0.4009082615375519,
3973,0.9118150472640991,0.39351555705070496,
3974,0.9141666889190674,0.3864440321922302,
3975,0.9163960814476013,0.381226122379303,
3976,0.9177215099334717,0.3760031759738922,
3977,0.9197530746459961,0.36881935596466064,
3978,0.9216867685317993,0.3623265326023102,
3979,0.9220588207244873,0.3581668734550476,
3980,0.9238505959510803,0.3528594672679901,
3981,0.925561785697937,0.34659942984580994,
3982,0.9271978139877319,0.34102553129196167,
3983,0.9280914068222046,0.33733734488487244,
3984,0.928947389125824,0.333555668592453,
3985,0.9297680258750916,0.3296646475791931,
3986,0.931186854839325,0.32531067728996277,
3987,0.9325494766235352,0.32088565826416016,
3988,0.9332524538040161,0.31903767585754395,
3989,0.9345238208770752,0.3160492181777954,
3990,0.9351635575294495,0.3134115934371948,
3991,0.9363532066345215,0.3095712959766388,
3992,0.9375,0.30543091893196106,
3993,0.9386062026023865,0.30165430903434753,
3994,0.939673900604248,0.2976008653640747,
3995,0.9407051205635071,0.29405826330184937,
3996,0.9417017102241516,0.2915133535861969,
3997,0.9426652789115906,0.28821510076522827,
3998,0.9430894255638123,0.28877854347229004,
3999,0.9440000057220459,0.28623509407043457,
4000,0.7685185074806213,0.8402457237243652,
4001,0.7844827771186829,0.7909141778945923,
4002,0.7983871102333069,0.7469199299812317,
4003,0.810606062412262,0.7074699997901917,
4004,0.8214285969734192,0.6736941337585449,
4005,0.8310810923576355,0.6433805823326111,
4006,0.8381410241127014,0.6212050318717957,
4007,0.8460366129875183,0.5948101878166199,
4008,0.8531976938247681,0.5706720352172852,
4009,0.8597221970558167,0.5498624444007874,
4010,0.8630319237709045,0.5340994000434875,
4011,0.8686224222183228,0.5172685384750366,
4012,0.873774528503418,0.501940131187439,
4013,0.8773584961891174,0.48877260088920593,
4014,0.8818181753158569,0.4747239947319031,
4015,0.8848684430122375,0.46219173073768616,
4016,0.8887711763381958,0.4499721825122833,
4017,0.8924180269241333,0.43749672174453735,
4018,0.8958333134651184,0.4272986352443695,
4019,0.8990384340286255,0.41881439089775085,
4020,0.9020522236824036,0.4089050590991974,
4021,0.904891312122345,0.3997676372528076,
4022,0.9075704216957092,0.3910723030567169,
4023,0.9101027250289917,0.3816397488117218,
4024,0.9125000238418579,0.37289735674858093,
4025,0.9147727489471436,0.36537668108940125,
4026,0.9169303774833679,0.36016392707824707,
4027,0.9182098507881165,0.3547096848487854,
4028,0.9201807379722595,0.3496027886867523,
4029,0.9220588207244873,0.3435247540473938,
4030,0.9238505959510803,0.33916741609573364,
4031,0.925561785697937,0.3339972496032715,
4032,0.9271978139877319,0.32906222343444824,
4033,0.9287634491920471,0.32488226890563965,
4034,0.9302631616592407,0.32131245732307434,
4035,0.9317010045051575,0.3163321316242218,
4036,0.933080792427063,0.3115651607513428,
4037,0.9331682920455933,0.30917006731033325,
4038,0.9338592290878296,0.3057973086833954,
4039,0.9351190328598022,0.30386221408843994,
4040,0.9357476830482483,0.30333542823791504,
4041,0.9363532066345215,0.30085253715515137,
4042,0.9375,0.2974642217159271,
4043,0.9386062026023865,0.2932922840118408,
4044,0.939673900604248,0.28934746980667114,
4045,0.9407051205635071,0.28586649894714355,
4046,0.9417017102241516,0.28235143423080444,
4047,0.9426652789115906,0.27956169843673706,
4048,0.9435975551605225,0.2768217921257019,
4049,0.9445000290870667,0.27389952540397644,
4050,0.7754629850387573,0.8638938665390015,
4051,0.7887930870056152,0.8150471448898315,
4052,0.8004032373428345,0.7783427834510803,
4053,0.810606062412262,0.7414645552635193,
4054,0.8214285969734192,0.7032449245452881,
4055,0.8310810923576355,0.6692089438438416,
4056,0.8397436141967773,0.6432273983955383,
4057,0.8429877758026123,0.6209135055541992,
4058,0.8502907156944275,0.5961804986000061,
4059,0.8569444417953491,0.5749920010566711,
4060,0.8630319237709045,0.5549211502075195,
4061,0.8673469424247742,0.53938889503479,
4062,0.8725489974021912,0.5228007435798645,
4063,0.8773584961891174,0.5061829090118408,
4064,0.8806818127632141,0.49362677335739136,
4065,0.8848684430122375,0.4785752594470978,
4066,0.8887711763381958,0.4662802815437317,
4067,0.8913934230804443,0.4570543169975281,
4068,0.8948412537574768,0.44669288396835327,
4069,0.8980769515037537,0.4353959262371063,
4070,0.8992537260055542,0.4280848503112793,
4071,0.9021739363670349,0.4190031886100769,
4072,0.9049295783042908,0.409025102853775,
4073,0.9075342416763306,0.4019945561885834,
4074,0.909166693687439,0.3957527279853821,
4075,0.9115259647369385,0.3869768977165222,
4076,0.9129746556282043,0.38100388646125793,
4077,0.915123462677002,0.3741464614868164,
4078,0.9171686768531799,0.3672266900539398,
4079,0.9183823466300964,0.36168837547302246,
4080,0.920258641242981,0.35506147146224976,
4081,0.9220505356788635,0.34917891025543213,
4082,0.9237637519836426,0.3434109389781952,
4083,0.9254032373428345,0.3377447724342346,
4084,0.9269737005233765,0.33284705877304077,
4085,0.9278350472450256,0.32936978340148926,
4086,0.9292929172515869,0.324125200510025,
4087,0.9306930899620056,0.3199253976345062,
4088,0.9320388436317444,0.31578564643859863,
4089,0.9333333373069763,0.3112989664077759,
4090,0.9345794320106506,0.3076877295970917,
4091,0.9357798099517822,0.30362579226493835,
4092,0.9369369149208069,0.2995133697986603,
4093,0.9380530714988708,0.29578036069869995,
4094,0.939130425453186,0.2926773130893707,
4095,0.94017094373703,0.2886766493320465,
4096,0.9406512379646301,0.28717976808547974,
4097,0.9416322112083435,0.2848551273345947,
4098,0.942581295967102,0.2814706861972809,
4099,0.9434999823570251,0.2781466841697693,
4100,0.7731481194496155,0.8524974584579468,
4101,0.7887930870056152,0.7995448112487793,
4102,0.8024193644523621,0.7533162832260132,
4103,0.814393937587738,0.7143758535385132,
4104,0.824999988079071,0.6794235706329346,
4105,0.8344594836235046,0.6481298208236694,
4106,0.8429487347602844,0.6204813718795776,
4107,0.8506097793579102,0.5948278903961182,
4108,0.8575581312179565,0.5699834823608398,
4109,0.8638888597488403,0.5504348874092102,
4110,0.8696808218955994,0.5318803787231445,
4111,0.875,0.5143952965736389,
4112,0.8799019455909729,0.4967178702354431,
4113,0.8844339847564697,0.4803139269351959,
4114,0.8886363506317139,0.4666747748851776,
4115,0.8925438523292542,0.4542301297187805,
4116,0.8961864113807678,0.44102296233177185,
4117,0.8995901346206665,0.43059155344963074,
4118,0.9027777910232544,0.4191308915615082,
4119,0.9048076868057251,0.4123263359069824,
4120,0.9067164063453674,0.4046380817890167,
4121,0.9094203114509583,0.3954208493232727,
4122,0.9119718074798584,0.38656359910964966,
4123,0.914383590221405,0.3787366449832916,
4124,0.9166666865348816,0.37071457505226135,
4125,0.9188311696052551,0.3635627329349518,
4126,0.9208860993385315,0.3577602207660675,
4127,0.9228395223617554,0.35106348991394043,
4128,0.9246987700462341,0.3481912612915039,
4129,0.9264705777168274,0.34218573570251465,
4130,0.9281609058380127,0.3361414670944214,
4131,0.9290730357170105,0.33190059661865234,
4132,0.9306318759918213,0.3266623616218567,
4133,0.9314516186714172,0.32287153601646423,
4134,0.9322368502616882,0.31908950209617615,
4135,0.9336340427398682,0.31526076793670654,
4136,0.934974730014801,0.31073054671287537,
4137,0.9356435537338257,0.3069237470626831,
4138,0.9368932247161865,0.3026449382305145,
4139,0.938095211982727,0.2995133697986603,
4140,0.9392523169517517,0.2960182726383209,
4141,0.9403669834136963,0.2925381660461426,
4142,0.9408783912658691,0.29194366931915283,
4143,0.9419247508049011,0.28786808252334595,
4144,0.9429348111152649,0.28457555174827576,
4145,0.9439102411270142,0.2816380560398102,
4146,0.9448529481887817,0.27855443954467773,
4147,0.9457644820213318,0.27528613805770874,
4148,0.9466463327407837,0.2719556391239166,
4149,0.9474999904632568,0.27063146233558655,
4150,0.7662037014961243,0.8737784624099731,
4151,0.7823275923728943,0.8273018598556519,
4152,0.7963709831237793,0.7793751955032349,
4153,0.8087121248245239,0.7384334206581116,
4154,0.8196428418159485,0.7007796764373779,
4155,0.8293918967247009,0.6701066493988037,
4156,0.8381410241127014,0.6384804844856262,
4157,0.8445122241973877,0.6138672232627869,
4158,0.8517441749572754,0.5879897475242615,
4159,0.8569444417953491,0.5696057081222534,
4160,0.8630319237709045,0.5494595766067505,
4161,0.8686224222183228,0.5311033725738525,
4162,0.873774528503418,0.5129859447479248,
4163,0.8785377144813538,0.500055193901062,
4164,0.8818181753158569,0.4870483875274658,
4165,0.8859649300575256,0.47258785367012024,
4166,0.8898305296897888,0.4609239399433136,
4167,0.8934426307678223,0.45015016198158264,
4168,0.8948412537574768,0.44035032391548157,
4169,0.8980769515037537,0.42959797382354736,
4170,0.9011194109916687,0.4185860753059387,
4171,0.9030796885490417,0.40926626324653625,
4172,0.9058098793029785,0.40085190534591675,
4173,0.9083904027938843,0.39213740825653076,
4174,0.9108333587646484,0.3853611350059509,
4175,0.913149356842041,0.3776492774486542,
4176,0.9153481125831604,0.3700021803379059,
4177,0.917438268661499,0.3643861711025238,
4178,0.9194276928901672,0.35687851905822754,
4179,0.9213235378265381,0.35051509737968445,
4180,0.9224137663841248,0.34510084986686707,
4181,0.9241573214530945,0.3393618166446686,
4182,0.9258241653442383,0.3338545560836792,
4183,0.9274193644523621,0.3280589282512665,
4184,0.9282894730567932,0.3242734670639038,
4185,0.9297680258750916,0.3189799189567566,
4186,0.931186854839325,0.3133806586265564,
4187,0.9325494766235352,0.3098004460334778,
4188,0.9338592290878296,0.3059614300727844,
4189,0.9351190328598022,0.3013344407081604,
4190,0.9363317489624023,0.2973419427871704,
4191,0.9375,0.2932334542274475,
4192,0.9386261105537415,0.2888912260532379,
4193,0.939712405204773,0.28570252656936646,
4194,0.9407608509063721,0.28221482038497925,
4195,0.941773533821106,0.27829617261886597,
4196,0.9422268867492676,0.2759891748428345,
4197,0.9431818127632141,0.2727471590042114,
4198,0.9441056847572327,0.2695363759994507,
4199,0.9449999928474426,0.2671644687652588,
4200,0.7824074029922485,0.8897650837898254,
4201,0.7974137663841248,0.8358241319656372,
4202,0.8104838728904724,0.7864131331443787,
4203,0.8219696879386902,0.7476186156272888,
4204,0.8321428298950195,0.7098478674888611,
4205,0.8412162065505981,0.6767474412918091,
4206,0.8493589758872986,0.6494510769844055,
4207,0.8567073345184326,0.6215132474899292,
4208,0.8633720874786377,0.5947835445404053,
4209,0.8680555820465088,0.5737015008926392,
4210,0.873670220375061,0.5524951815605164,
4211,0.8788265585899353,0.5338717103004456,
4212,0.8835784196853638,0.5161722302436829,
4213,0.8879716992378235,0.5008691549301147,
4214,0.8920454382896423,0.48519477248191833,
4215,0.8958333134651184,0.4712945818901062,
4216,0.8993644118309021,0.45708543062210083,
4217,0.9026639461517334,0.4447123110294342,
4218,0.9057539701461792,0.4341202676296234,
4219,0.9086538553237915,0.4234093427658081,
4220,0.9113805890083313,0.413794606924057,
4221,0.9139492511749268,0.4048205316066742,
4222,0.9163732528686523,0.3952619135379791,
4223,0.9178082346916199,0.3868463337421417,
4224,0.9200000166893005,0.3783082962036133,
4225,0.9220778942108154,0.3699149489402771,
4226,0.9240506291389465,0.3624359965324402,
4227,0.9259259104728699,0.35540327429771423,
4228,0.9277108311653137,0.3492155075073242,
4229,0.929411768913269,0.3432449698448181,
4230,0.931034505367279,0.33708569407463074,
4231,0.932584285736084,0.3316141366958618,
4232,0.9320054650306702,0.331795871257782,
4233,0.9334677457809448,0.32582083344459534,
4234,0.933552622795105,0.32202523946762085,
4235,0.9349226951599121,0.3174892067909241,
4236,0.9362373948097229,0.3125920295715332,
4237,0.9375,0.30947908759117126,
4238,0.9387136101722717,0.30487170815467834,
4239,0.9398809671401978,0.30065667629241943,
4240,0.9410046935081482,0.29646870493888855,
4241,0.9420871734619141,0.293308287858963,
4242,0.943130612373352,0.2905750870704651,
4243,0.9441371560096741,0.2869976758956909,
4244,0.9451087117195129,0.2835734486579895,
4245,0.9460470080375671,0.2805054485797882,
4246,0.9469537734985352,0.27791455388069153,
4247,0.9478305578231812,0.2748289108276367,
4248,0.9486788511276245,0.2724374234676361,
4249,0.9495000243186951,0.2693585753440857,
4250,0.7916666865348816,0.8452592492103577,
4251,0.8038793206214905,0.8010584712028503,
4252,0.8165322542190552,0.7553592920303345,
4253,0.8276515007019043,0.7175647616386414,
4254,0.8374999761581421,0.6808779835700989,
4255,0.8462837934494019,0.6499096155166626,
4256,0.8541666865348816,0.6220808029174805,
4257,0.8612805008888245,0.5954685807228088,
4258,0.867732584476471,0.5727143287658691,
4259,0.8736110925674438,0.5521149635314941,
4260,0.8789893388748169,0.5331224203109741,
4261,0.8839285969734192,0.5160007476806641,
4262,0.8884803652763367,0.4995507597923279,
4263,0.8926886916160583,0.4840795397758484,
4264,0.8965908885002136,0.4696294665336609,
4265,0.9002193212509155,0.45720747113227844,
4266,0.9036017060279846,0.44603222608566284,
4267,0.9067623019218445,0.4344049394130707,
4268,0.9097222089767456,0.4252130389213562,
4269,0.9125000238418579,0.4145561754703522,
4270,0.9151119589805603,0.40462926030158997,
4271,0.9175724387168884,0.39543628692626953,
4272,0.9198943376541138,0.38596513867378235,
4273,0.9220890402793884,0.3777605891227722,
4274,0.9241666793823242,0.3705064356327057,
4275,0.9261363744735718,0.36254894733428955,
4276,0.9272152185440063,0.356318861246109,
4277,0.9290123581886292,0.34957751631736755,
4278,0.9307228922843933,0.3438817858695984,
4279,0.9323529601097107,0.3371831476688385,
4280,0.9339080452919006,0.3316902816295624,
4281,0.9346910119056702,0.32862499356269836,
4282,0.9361263513565063,0.3243306875228882,
4283,0.9368279576301575,0.3228106200695038,
4284,0.9381579160690308,0.31843429803848267,
4285,0.9394329786300659,0.31331270933151245,
4286,0.9406565427780151,0.30817389488220215,
4287,0.9418317079544067,0.3033794164657593,
4288,0.9429611563682556,0.2991948425769806,
4289,0.9440476298332214,0.2948199510574341,
4290,0.9450934529304504,0.2913256883621216,
4291,0.9461008906364441,0.2877234220504761,
4292,0.9465090036392212,0.2853335440158844,
4293,0.9474557638168335,0.28294238448143005,
4294,0.947826087474823,0.28058362007141113,
4295,0.9487179517745972,0.27813956141471863,
4296,0.9495798349380493,0.2746948301792145,
4297,0.9504132270812988,0.2716493308544159,
4298,0.9512194991111755,0.2683269679546356,
4299,0.9520000219345093,0.2657386064529419,
4300,0.7800925970077515,0.8454017043113708,
4301,0.7931034564971924,0.7956850528717041,
4302,0.8024193644523621,0.7541605234146118,
4303,0.814393937587738,0.7119514346122742,
4304,0.824999988079071,0.677115261554718,
4305,0.8344594836235046,0.646170437335968,
4306,0.8429487347602844,0.6161068677902222,
4307,0.8490853905677795,0.591798722743988,
4308,0.8561046719551086,0.5709637999534607,
4309,0.862500011920929,0.5535880327224731,
4310,0.8683510422706604,0.5358389019966125,
4311,0.8737244606018066,0.5169655680656433,
4312,0.8786764740943909,0.5009806156158447,
4313,0.8832547068595886,0.4856286644935608,
4314,0.887499988079071,0.4705328643321991,
4315,0.8914473652839661,0.4569728374481201,
4316,0.8951271176338196,0.44511544704437256,
4317,0.8975409865379333,0.4357396066188812,
4318,0.9007936716079712,0.4261170029640198,
4319,0.9038461446762085,0.41614896059036255,
4320,0.9057835936546326,0.4096459746360779,
4321,0.9085144996643066,0.40019524097442627,
4322,0.9110915660858154,0.3910262882709503,
4323,0.9135273694992065,0.3827075958251953,
4324,0.9158333539962769,0.3758605420589447,
4325,0.9180194735527039,0.36879995465278625,
4326,0.920094907283783,0.3631364107131958,
4327,0.9220678806304932,0.35661017894744873,
4328,0.9239457845687866,0.3497394323348999,
4329,0.9257352948188782,0.34335437417030334,
4330,0.9274425506591797,0.33762338757514954,
4331,0.9290730357170105,0.33243313431739807,
4332,0.9306318759918213,0.32707515358924866,
4333,0.9321236610412598,0.32233691215515137,
4334,0.933552622795105,0.3174286484718323,
4335,0.9349226951599121,0.3128597140312195,
4336,0.9362373948097229,0.3077857494354248,
4337,0.9368811845779419,0.3060145974159241,
4338,0.9381067752838135,0.30102866888046265,
4339,0.9392856955528259,0.29777058959007263,
4340,0.9398364424705505,0.29594582319259644,
4341,0.9409403800964355,0.2919938564300537,
4342,0.9414414167404175,0.28888946771621704,
4343,0.9424778819084167,0.28559020161628723,
4344,0.9434782862663269,0.28256678581237793,
4345,0.9444444179534912,0.2795419991016388,
4346,0.9453781247138977,0.2763276994228363,
4347,0.9462810158729553,0.2731988728046417,
4348,0.9471544623374939,0.2698953449726105,
4349,0.9480000138282776,0.2673451900482178,
4350,0.7824074029922485,0.8312616944313049,
4351,0.7974137663841248,0.7799786925315857,
4352,0.8104838728904724,0.7351604700088501,
4353,0.8219696879386902,0.6966362595558167,
4354,0.8303571343421936,0.6706072688102722,
4355,0.8395270109176636,0.6394385695457458,
4356,0.8477563858032227,0.6097225546836853,
4357,0.8536585569381714,0.5862242579460144,
4358,0.8604651093482971,0.5620810985565186,
4359,0.8638888597488403,0.546428918838501,
4360,0.8696808218955994,0.5280593037605286,
4361,0.875,0.5097655653953552,
4362,0.8799019455909729,0.4947921931743622,
4363,0.8844339847564697,0.47978752851486206,
4364,0.8886363506317139,0.4692801535129547,
4365,0.8925438523292542,0.4562638998031616,
4366,0.8961864113807678,0.444528192281723,
4367,0.8995901346206665,0.4322875738143921,
4368,0.9027777910232544,0.42048344016075134,
4369,0.9057692289352417,0.41166967153549194,
4370,0.9085820913314819,0.40176159143447876,
4371,0.9112318754196167,0.3917396068572998,
4372,0.9137324094772339,0.38266104459762573,
4373,0.9160959124565125,0.3747260868549347,
4374,0.9183333516120911,0.36864230036735535,
4375,0.9204545617103577,0.36143529415130615,
4376,0.9208860993385315,0.35981515049934387,
4377,0.9228395223617554,0.3535364270210266,
4378,0.9246987700462341,0.3469509184360504,
4379,0.9264705777168274,0.34098657965660095,
4380,0.9281609058380127,0.3364817500114441,
4381,0.9297752976417542,0.3302229344844818,
4382,0.9313187003135681,0.32617509365081787,
4383,0.9321236610412598,0.3233938217163086,
4384,0.933552622795105,0.31831011176109314,
4385,0.9349226951599121,0.31390058994293213,
4386,0.9362373948097229,0.3101562261581421,
4387,0.9375,0.30722519755363464,
4388,0.9387136101722717,0.303226113319397,
4389,0.9398809671401978,0.29930517077445984,
4390,0.9410046935081482,0.2959025800228119,
4391,0.9420871734619141,0.29231560230255127,
4392,0.943130612373352,0.28786975145339966,
4393,0.9441371560096741,0.28437358140945435,
4394,0.9451087117195129,0.281281441450119,
4395,0.9460470080375671,0.27799320220947266,
4396,0.9469537734985352,0.2751620411872864,
4397,0.9478305578231812,0.27241331338882446,
4398,0.9486788511276245,0.2690097987651825,
4399,0.9495000243186951,0.2664033770561218,
4400,0.7870370149612427,0.8361926674842834,
4401,0.8017241358757019,0.7814711332321167,
4402,0.8145161271095276,0.7357601523399353,
4403,0.8257575631141663,0.6982685327529907,
4404,0.8357142806053162,0.6640927791595459,
4405,0.8445945978164673,0.6325408816337585,
4406,0.8525640964508057,0.6047337651252747,
4407,0.8597561120986938,0.578257143497467,
4408,0.8662790656089783,0.5567577481269836,
4409,0.8722222447395325,0.5360109210014343,
4410,0.8776595592498779,0.515289306640625,
4411,0.8826530575752258,0.49972444772720337,
4412,0.8872548937797546,0.4852999448776245,
4413,0.8915094137191772,0.470367431640625,
4414,0.8954545259475708,0.4559387266635895,
4415,0.8991228342056274,0.4420982599258423,
4416,0.9025423526763916,0.4304959177970886,
4417,0.9057376980781555,0.4185608923435211,
4418,0.908730149269104,0.408991277217865,
4419,0.9115384817123413,0.39818766713142395,
4420,0.9141790866851807,0.38785520195961,
4421,0.9166666865348816,0.3784315884113312,
4422,0.9190140962600708,0.3717849850654602,
4423,0.9212328791618347,0.3647374212741852,
4424,0.9233333468437195,0.35924553871154785,
4425,0.9253246784210205,0.3524584472179413,
4426,0.9272152185440063,0.34595081210136414,
4427,0.9290123581886292,0.3384073078632355,
4428,0.9307228922843933,0.33304521441459656,
4429,0.9323529601097107,0.326888769865036,
4430,0.9339080452919006,0.32173895835876465,
4431,0.9346910119056702,0.3176337480545044,
4432,0.9361263513565063,0.3131345510482788,
4433,0.9375,0.3079046607017517,
4434,0.9388157725334167,0.3035425543785095,
4435,0.9400773048400879,0.29999303817749023,
4436,0.9412878751754761,0.2976400554180145,
4437,0.9418317079544067,0.2940957546234131,
4438,0.9429611563682556,0.29032236337661743,
4439,0.9434523582458496,0.2872125506401062,
4440,0.9445093274116516,0.28307920694351196,
4441,0.9449541568756104,0.2791194021701813,
4442,0.9453828930854797,0.2762698829174042,
4443,0.946349561214447,0.2724452018737793,
4444,0.947282612323761,0.2689985930919647,
4445,0.9481837749481201,0.26586002111434937,
4446,0.9490545988082886,0.2627536952495575,
4447,0.9498966932296753,0.26041993498802185,
4448,0.9507113695144653,0.25821006298065186,
4449,0.9514999985694885,0.25533920526504517,
4450,0.7662037014961243,0.8424702882766724,
4451,0.7823275923728943,0.7907357215881348,
4452,0.7963709831237793,0.7463403940200806,
4453,0.8068181872367859,0.7064136266708374,
4454,0.8178571462631226,0.6720097661018372,
4455,0.8277027010917664,0.6397989392280579,
4456,0.8365384340286255,0.613284170627594,
4457,0.8445122241973877,0.5893240571022034,
4458,0.8517441749572754,0.5662851333618164,
4459,0.8583333492279053,0.5460237264633179,
4460,0.8643617033958435,0.5277310013771057,
4461,0.8698979616165161,0.5097219944000244,
4462,0.875,0.49254074692726135,
4463,0.8797169923782349,0.4773664176464081,
4464,0.8829545378684998,0.4649563729763031,
4465,0.8870614171028137,0.4531174898147583,
4466,0.8908898234367371,0.44216787815093994,
4467,0.8944672346115112,0.43127912282943726,
4468,0.8978174328804016,0.41997286677360535,
4469,0.9009615182876587,0.41050177812576294,
4470,0.9039179086685181,0.40208736062049866,
4471,0.9067028760910034,0.39373454451560974,
4472,0.9093309640884399,0.3843264877796173,
4473,0.9118150472640991,0.37712931632995605,
4474,0.9133333563804626,0.3717520534992218,
4475,0.9155844449996948,0.36382055282592773,
4476,0.9177215099334717,0.3571990132331848,
4477,0.9197530746459961,0.3517962396144867,
4478,0.9216867685317993,0.3452162742614746,
4479,0.9235293865203857,0.33926892280578613,
4480,0.9252873659133911,0.3334353268146515,
4481,0.9269663095474243,0.3286980092525482,
4482,0.9285714030265808,0.32391276955604553,
4483,0.9301075339317322,0.3181168735027313,
4484,0.9315789341926575,0.31413620710372925,
4485,0.9329897165298462,0.3108701705932617,
4486,0.9343434572219849,0.3059142231941223,
4487,0.9356435537338257,0.30136069655418396,
4488,0.9368932247161865,0.29690438508987427,
4489,0.938095211982727,0.2926921248435974,
4490,0.9392523169517517,0.2895794212818146,
4491,0.939793586730957,0.2856830656528473,
4492,0.9408783912658691,0.2821202874183655,
4493,0.9419247508049011,0.27891114354133606,
4494,0.9429348111152649,0.2746959924697876,
4495,0.9439102411270142,0.27116525173187256,
4496,0.9448529481887817,0.2681775391101837,
4497,0.9457644820213318,0.26517289876937866,
4498,0.9466463327407837,0.2626025974750519,
4499,0.9474999904632568,0.25971129536628723,
4500,0.7893518805503845,0.8239271640777588,
4501,0.8038793206214905,0.7727872729301453,
4502,0.8145161271095276,0.7300106883049011,
4503,0.8257575631141663,0.6882824897766113,
4504,0.8339285850524902,0.6592108607292175,
4505,0.8429054021835327,0.6270149946212769,
4506,0.8509615659713745,0.5992041230201721,
4507,0.8582317233085632,0.5774810910224915,
4508,0.8648256063461304,0.5537624955177307,
4509,0.8708333373069763,0.5362225770950317,
4510,0.876329779624939,0.5185228586196899,
4511,0.8801020383834839,0.502888560295105,
4512,0.8848039507865906,0.48634883761405945,
4513,0.8891509175300598,0.47294601798057556,
4514,0.8931818008422852,0.46176278591156006,
4515,0.8969298005104065,0.44940105080604553,
4516,0.9004237055778503,0.44254106283187866,
4517,0.9026639461517334,0.4334293305873871,
4518,0.9057539701461792,0.4230826199054718,
4519,0.9086538553237915,0.4130127727985382,
4520,0.9113805890083313,0.404585063457489,
4521,0.9139492511749268,0.39537903666496277,
4522,0.9163732528686523,0.3862479329109192,
4523,0.9186643958091736,0.3774958550930023,
4524,0.9208333492279053,0.3696329891681671,
4525,0.9228895902633667,0.36195987462997437,
4526,0.9248417615890503,0.35450515151023865,
4527,0.9266975522041321,0.3473290205001831,
4528,0.928463876247406,0.3405948877334595,
4529,0.9301470518112183,0.33428317308425903,
4530,0.9317528605461121,0.3286501169204712,
4531,0.9332864880561829,0.3238734006881714,
4532,0.9347527623176575,0.3191322088241577,
4533,0.9361559152603149,0.31456825137138367,
4534,0.9375,0.30948567390441895,
4535,0.938788652420044,0.3052244484424591,
4536,0.940025269985199,0.3004853427410126,
4537,0.9412128925323486,0.29622215032577515,
4538,0.9423543810844421,0.2917505204677582,
4539,0.9434523582458496,0.2882223129272461,
4540,0.9445093274116516,0.2845195233821869,
4541,0.9455274939537048,0.28067412972450256,
4542,0.9465090036392212,0.2772074043750763,
4543,0.9474557638168335,0.27407106757164,
4544,0.948369562625885,0.27143093943595886,
4545,0.9487179517745972,0.26894545555114746,
4546,0.9495798349380493,0.26699915528297424,
4547,0.9504132270812988,0.2640698254108429,
4548,0.9512194991111755,0.26165977120399475,
4549,0.9520000219345093,0.25842055678367615,
4550,0.7824074029922485,0.877414345741272,
4551,0.7974137663841248,0.8216358423233032,
4552,0.8104838728904724,0.7718542218208313,
4553,0.8219696879386902,0.7286145687103271,
4554,0.8321428298950195,0.6935673356056213,
4555,0.8412162065505981,0.660090982913971,
4556,0.8493589758872986,0.6312649846076965,
4557,0.8567073345184326,0.6026332974433899,
4558,0.8619186282157898,0.5862759947776794,
4559,0.8680555820465088,0.5631580948829651,
4560,0.873670220375061,0.5443279147148132,
4561,0.8788265585899353,0.5260780453681946,
4562,0.8835784196853638,0.5085884928703308,
4563,0.8879716992378235,0.4934440553188324,
4564,0.8920454382896423,0.4801652729511261,
4565,0.8958333134651184,0.46654221415519714,
4566,0.8993644118309021,0.4531562030315399,
4567,0.9026639461517334,0.4407292604446411,
4568,0.9057539701461792,0.42916348576545715,
4569,0.9086538553237915,0.4186186194419861,
4570,0.9113805890083313,0.4089711308479309,
4571,0.9130434989929199,0.40202057361602783,
4572,0.9154929518699646,0.3922697603702545,
4573,0.9178082346916199,0.38387244939804077,
4574,0.9200000166893005,0.3751175105571747,
4575,0.9220778942108154,0.36826226115226746,
4576,0.9232594966888428,0.3620668053627014,
4577,0.9243826866149902,0.3576403260231018,
4578,0.9262048006057739,0.35072770714759827,
4579,0.9279412031173706,0.34462061524391174,
4580,0.9295976758003235,0.33929115533828735,
4581,0.9311797618865967,0.3334060609340668,
4582,0.932692289352417,0.3282119333744049,
4583,0.9341397881507874,0.3234599530696869,
4584,0.9355263113975525,0.3201771080493927,
4585,0.936855673789978,0.3158780038356781,
4586,0.9375,0.3123133182525635,
4587,0.9387376308441162,0.307850182056427,
4588,0.9399271607398987,0.30320027470588684,
4589,0.9410714507102966,0.2994466722011566,
4590,0.9421728849411011,0.29556798934936523,
4591,0.9432339668273926,0.2918247878551483,
4592,0.9442567825317383,0.2876586616039276,
4593,0.9452433586120605,0.28411561250686646,
4594,0.946195662021637,0.2802942991256714,
4595,0.9471153616905212,0.2775907516479492,
4596,0.9474790096282959,0.27485162019729614,
4597,0.9483470916748047,0.2713749408721924,
4598,0.9491869807243347,0.2685113847255707,
4599,0.949999988079071,0.2654474675655365,
4600,0.7847222089767456,0.8368700742721558,
4601,0.7995689511299133,0.7882692813873291,
4602,0.8125,0.7424315214157104,
4603,0.8238636255264282,0.7017251253128052,
4604,0.8339285850524902,0.6660650372505188,
4605,0.8429054021835327,0.6330801248550415,
4606,0.8509615659713745,0.6051163673400879,
4607,0.8582317233085632,0.5783215761184692,
4608,0.8648256063461304,0.5558189749717712,
4609,0.8708333373069763,0.5370204448699951,
4610,0.876329779624939,0.5173213481903076,
4611,0.8801020383834839,0.5011445879936218,
4612,0.8848039507865906,0.485007643699646,
4613,0.8879716992378235,0.4704118072986603,
4614,0.8920454382896423,0.45842990279197693,
4615,0.8958333134651184,0.44508489966392517,
4616,0.8983050584793091,0.4352076053619385,
4617,0.9016393423080444,0.4237089455127716,
4618,0.9047619104385376,0.41307610273361206,
4619,0.9076923131942749,0.403045654296875,
4620,0.9104477763175964,0.3942390978336334,
4621,0.9130434989929199,0.385589599609375,
4622,0.9154929518699646,0.37806254625320435,
4623,0.9178082346916199,0.37074846029281616,
4624,0.9200000166893005,0.36314693093299866,
4625,0.9220778942108154,0.356288880109787,
4626,0.9240506291389465,0.34993839263916016,
4627,0.9259259104728699,0.3455955684185028,
4628,0.9277108311653137,0.33941906690597534,
4629,0.9286764860153198,0.3354083001613617,
4630,0.9303160905838013,0.32888200879096985,
4631,0.9318820238113403,0.3227960467338562,
4632,0.9333791136741638,0.3179857134819031,
4633,0.9341397881507874,0.3151411712169647,
4634,0.9355263113975525,0.30984124541282654,
4635,0.936855673789978,0.3049197494983673,
4636,0.9381313323974609,0.2998460829257965,
4637,0.9393564462661743,0.29543638229370117,
4638,0.9405339956283569,0.2918778359889984,
4639,0.9416666626930237,0.2884024381637573,
4640,0.9427570104598999,0.28418755531311035,
4641,0.9438073635101318,0.2799508273601532,
4642,0.9448198080062866,0.2773367464542389,
4643,0.9457964897155762,0.27361688017845154,
4644,0.946739137172699,0.27024510502815247,
4645,0.9476495981216431,0.26702484488487244,
4646,0.9485294222831726,0.26390841603279114,
4647,0.9493801593780518,0.26164746284484863,
4648,0.9502032399177551,0.25944018363952637,
4649,0.9509999752044678,0.256376713514328,
4650,0.7754629850387573,0.8468418717384338,
4651,0.7909482717514038,0.7922343015670776,
4652,0.8044354915618896,0.7463362812995911,
4653,0.8162878751754761,0.7053753733634949,
4654,0.8267857432365417,0.6698927283287048,
4655,0.8361486196517944,0.6392459273338318,
4656,0.8445512652397156,0.610063374042511,
4657,0.8521341681480408,0.5843684673309326,
4658,0.8590116500854492,0.560626208782196,
4659,0.8652777671813965,0.5396376848220825,
4660,0.8710106611251831,0.5205315351486206,
4661,0.8762755393981934,0.5031847357749939,
4662,0.8811274766921997,0.4871177673339844,
4663,0.885613203048706,0.47044646739959717,
4664,0.8886363506317139,0.45837682485580444,
4665,0.8925438523292542,0.44436490535736084,
4666,0.8961864113807678,0.43325161933898926,
4667,0.8995901346206665,0.4203008711338043,
4668,0.9027777910232544,0.4104750156402588,
4669,0.9057692289352417,0.40072423219680786,
4670,0.9085820913314819,0.3900899887084961,
4671,0.9112318754196167,0.38192906975746155,
4672,0.9137324094772339,0.37353232502937317,
4673,0.9160959124565125,0.3653864860534668,
4674,0.9183333516120911,0.3587801158428192,
4675,0.9196428656578064,0.3531704246997833,
4676,0.920094907283783,0.3478892147541046,
4677,0.9220678806304932,0.34113648533821106,
4678,0.9239457845687866,0.33473846316337585,
4679,0.9257352948188782,0.32855913043022156,
4680,0.9274425506591797,0.322003036737442,
4681,0.9290730357170105,0.31709662079811096,
4682,0.9306318759918213,0.311991810798645,
4683,0.9314516186714172,0.3093569874763489,
4684,0.932894766330719,0.30538302659988403,
4685,0.9342783689498901,0.3003518879413605,
4686,0.935606062412262,0.2961219251155853,
4687,0.9368811845779419,0.2929142713546753,
4688,0.9381067752838135,0.2887406051158905,
4689,0.9392856955528259,0.28409332036972046,
4690,0.9398364424705505,0.28066185116767883,
4691,0.9409403800964355,0.2777990400791168,
4692,0.9414414167404175,0.27488747239112854,
4693,0.9424778819084167,0.2710457444190979,
4694,0.9429348111152649,0.26807162165641785,
4695,0.9439102411270142,0.2656688094139099,
4696,0.9448529481887817,0.26308128237724304,
4697,0.9457644820213318,0.2603323459625244,
4698,0.9466463327407837,0.2573715150356293,
4699,0.9470000267028809,0.25559133291244507,
4700,0.7870370149612427,0.8341382145881653,
4701,0.8017241358757019,0.7848737239837646,
4702,0.8145161271095276,0.743500828742981,
4703,0.8257575631141663,0.7029299139976501,
4704,0.8357142806053162,0.6678126454353333,
4705,0.8445945978164673,0.6345008015632629,
4706,0.8525640964508057,0.6077165603637695,
4707,0.8597561120986938,0.5811750888824463,
4708,0.8662790656089783,0.5586451292037964,
4709,0.8708333373069763,0.5447658896446228,
4710,0.876329779624939,0.5260360240936279,
4711,0.8813775777816772,0.5066901445388794,
4712,0.8860294222831726,0.4902823567390442,
4713,0.8903301954269409,0.4739604592323303,
4714,0.894318163394928,0.45897364616394043,
4715,0.8980262875556946,0.4444679021835327,
4716,0.9014830589294434,0.43380996584892273,
4717,0.9047130942344666,0.4231168031692505,
4718,0.9077380895614624,0.41223984956741333,
4719,0.9105769395828247,0.4021605849266052,
4720,0.9132462739944458,0.39252451062202454,
4721,0.91576087474823,0.3837163746356964,
4722,0.9181337952613831,0.3749954104423523,
4723,0.920376718044281,0.36730509996414185,
4724,0.92166668176651,0.36078616976737976,
4725,0.923701286315918,0.35486140847206116,
4726,0.925632894039154,0.34865543246269226,
4727,0.9274691343307495,0.34237709641456604,
4728,0.9292168617248535,0.3367181718349457,
4729,0.9301470518112183,0.3321927785873413,
4730,0.9317528605461121,0.3260059952735901,
4731,0.9332864880561829,0.32125091552734375,
4732,0.9347527623176575,0.3157461881637573,
4733,0.9361559152603149,0.3106757402420044,
4734,0.9375,0.30579644441604614,
4735,0.938788652420044,0.3016684651374817,
4736,0.940025269985199,0.29758554697036743,
4737,0.9405940771102905,0.29405954480171204,
4738,0.9411407709121704,0.29104411602020264,
4739,0.9422619342803955,0.28676313161849976,
4740,0.9433411359786987,0.2830522060394287,
4741,0.9443807601928711,0.2790568470954895,
4742,0.9448198080062866,0.27648651599884033,
4743,0.9457964897155762,0.27327895164489746,
4744,0.946195662021637,0.2720125615596771,
4745,0.9471153616905212,0.2685546576976776,
4746,0.9480041861534119,0.26523274183273315,
4747,0.9488636255264282,0.26172924041748047,
4748,0.9496951103210449,0.25847792625427246,
4749,0.949999988079071,0.25632554292678833,
4750,0.7824074029922485,0.8520031571388245,
4751,0.795258641242981,0.803695797920227,
4752,0.8064516186714172,0.7612798810005188,
4753,0.8181818127632141,0.7192397713661194,
4754,0.8285714387893677,0.6822199821472168,
4755,0.837837815284729,0.6524308919906616,
4756,0.8461538553237915,0.6230614185333252,
4757,0.8536585569381714,0.5980839133262634,
4758,0.8604651093482971,0.5769087076187134,
4759,0.8666666746139526,0.5530596375465393,
4760,0.8723404407501221,0.5344772934913635,
4761,0.8775510191917419,0.5151815414428711,
4762,0.8823529481887817,0.49769607186317444,
4763,0.8867924809455872,0.4813530743122101,
4764,0.8909090757369995,0.46630603075027466,
4765,0.8947368264198303,0.45283910632133484,
4766,0.8983050584793091,0.44158053398132324,
4767,0.9016393423080444,0.4320162534713745,
4768,0.9047619104385376,0.42230314016342163,
4769,0.9076923131942749,0.4110957384109497,
4770,0.9104477763175964,0.40135952830314636,
4771,0.9130434989929199,0.3938218653202057,
4772,0.9154929518699646,0.38598495721817017,
4773,0.9178082346916199,0.37803003191947937,
4774,0.9200000166893005,0.36983221769332886,
4775,0.9220778942108154,0.36230993270874023,
4776,0.9240506291389465,0.3549966514110565,
4777,0.9259259104728699,0.34818318486213684,
4778,0.9277108311653137,0.34181123971939087,
4779,0.9286764860153198,0.3351871073246002,
4780,0.9303160905838013,0.3299355208873749,
4781,0.9318820238113403,0.3254765272140503,
4782,0.9333791136741638,0.3207092881202698,
4783,0.9348118305206299,0.31525659561157227,
4784,0.9361842274665833,0.30993396043777466,
4785,0.9375,0.30529552698135376,
4786,0.9387626051902771,0.3011026680469513,
4787,0.9399752616882324,0.2961529493331909,
4788,0.9411407709121704,0.2920653522014618,
4789,0.9422619342803955,0.28751203417778015,
4790,0.9433411359786987,0.2841348648071289,
4791,0.9443807601928711,0.28037840127944946,
4792,0.9453828930854797,0.27681049704551697,
4793,0.946349561214447,0.27283379435539246,
4794,0.947282612323761,0.2701769173145294,
4795,0.9481837749481201,0.26779472827911377,
4796,0.9490545988082886,0.2648504972457886,
4797,0.9498966932296753,0.26145869493484497,
4798,0.9507113695144653,0.25886088609695435,
4799,0.9514999985694885,0.2561551034450531,
4800,0.7754629850387573,0.8150442838668823,
4801,0.7909482717514038,0.7652214765548706,
4802,0.8044354915618896,0.7223855257034302,
4803,0.8162878751754761,0.6828624606132507,
4804,0.8267857432365417,0.6472591161727905,
4805,0.8361486196517944,0.6159132122993469,
4806,0.8445512652397156,0.5922234654426575,
4807,0.8521341681480408,0.5694504380226135,
4808,0.8590116500854492,0.5482232570648193,
4809,0.862500011920929,0.5295504927635193,
4810,0.8683510422706604,0.5133326053619385,
4811,0.8724489808082581,0.499421089887619,
4812,0.8774510025978088,0.48287564516067505,
4813,0.8820754885673523,0.4681221842765808,
4814,0.8863636255264282,0.45385289192199707,
4815,0.890350878238678,0.441430926322937,
4816,0.8940678238868713,0.4290297329425812,
4817,0.8975409865379333,0.418079674243927,
4818,0.9007936716079712,0.40807846188545227,
4819,0.9038461446762085,0.39773115515708923,
4820,0.9067164063453674,0.3879967927932739,
4821,0.9094203114509583,0.37984374165534973,
4822,0.9119718074798584,0.37019822001457214,
4823,0.914383590221405,0.36166054010391235,
4824,0.9166666865348816,0.35430189967155457,
4825,0.9188311696052551,0.34630754590034485,
4826,0.9208860993385315,0.34027090668678284,
4827,0.9220678806304932,0.33458492159843445,
4828,0.9239457845687866,0.3286999464035034,
4829,0.9257352948188782,0.3231363892555237,
4830,0.9274425506591797,0.3179169297218323,
4831,0.9290730357170105,0.3116535246372223,
4832,0.9306318759918213,0.3064117729663849,
4833,0.9321236610412598,0.30119213461875916,
4834,0.932894766330719,0.2971912622451782,
4835,0.9342783689498901,0.29229071736335754,
4836,0.935606062412262,0.2887197434902191,
4837,0.9368811845779419,0.2845500409603119,
4838,0.9381067752838135,0.28052690625190735,
4839,0.9392856955528259,0.2770063877105713,
4840,0.9404205679893494,0.27344799041748047,
4841,0.9415137767791748,0.2713111937046051,
4842,0.9425675868988037,0.26771777868270874,
4843,0.9435840845108032,0.2641114592552185,
4844,0.9445652365684509,0.26060572266578674,
4845,0.9455128312110901,0.25749820470809937,
4846,0.9464285969734192,0.2548525333404541,
4847,0.9473140239715576,0.25194212794303894,
4848,0.9481707215309143,0.24909037351608276,
4849,0.9490000009536743,0.24666228890419006,
4850,0.7800925970077515,0.8233460783958435,
4851,0.795258641242981,0.7749091386795044,
4852,0.8084677457809448,0.7304924130439758,
4853,0.8200757503509521,0.6937959790229797,
4854,0.8303571343421936,0.6589534878730774,
4855,0.8395270109176636,0.6283102035522461,
4856,0.8429487347602844,0.6080738306045532,
4857,0.8506097793579102,0.582554817199707,
4858,0.8575581312179565,0.5580018758773804,
4859,0.8638888597488403,0.537399411201477,
4860,0.8696808218955994,0.5184615850448608,
4861,0.875,0.5019014477729797,
4862,0.8799019455909729,0.4863235652446747,
4863,0.8844339847564697,0.47172418236732483,
4864,0.8886363506317139,0.4588238596916199,
4865,0.8925438523292542,0.4452296495437622,
4866,0.8961864113807678,0.4325856566429138,
4867,0.8995901346206665,0.4206072688102722,
4868,0.9027777910232544,0.4114465117454529,
4869,0.9057692289352417,0.40063706040382385,
4870,0.9085820913314819,0.3916889727115631,
4871,0.9112318754196167,0.3822798728942871,
4872,0.9137324094772339,0.3735951781272888,
4873,0.9160959124565125,0.3660454750061035,
4874,0.9183333516120911,0.35779455304145813,
4875,0.9204545617103577,0.35001882910728455,
4876,0.922468364238739,0.34305107593536377,
4877,0.9243826866149902,0.33624622225761414,
4878,0.9262048006057739,0.3298916816711426,
4879,0.9279412031173706,0.3257250487804413,
4880,0.9295976758003235,0.3194495141506195,
4881,0.9311797618865967,0.31404462456703186,
4882,0.932692289352417,0.30944183468818665,
4883,0.9341397881507874,0.30446097254753113,
4884,0.9348683953285217,0.30054956674575806,
4885,0.936211347579956,0.2961806356906891,
4886,0.9375,0.2921225130558014,
4887,0.9387376308441162,0.28893718123435974,
4888,0.9393203854560852,0.2859906256198883,
4889,0.9404761791229248,0.2822394073009491,
4890,0.9415887594223022,0.27850040793418884,
4891,0.9420871734619141,0.27513816952705383,
4892,0.943130612373352,0.27236035466194153,
4893,0.9430309534072876,0.270302951335907,
4894,0.9440217614173889,0.26806405186653137,
4895,0.944978654384613,0.26494669914245605,
4896,0.9459033608436584,0.2621200382709503,
4897,0.9467975497245789,0.2590770125389099,
4898,0.9476625919342041,0.255842924118042,
4899,0.9484999775886536,0.2534974217414856,
4900,0.7893518805503845,0.8249470591545105,
4901,0.8038793206214905,0.7722004055976868,
4902,0.8165322542190552,0.7277143597602844,
4903,0.8276515007019043,0.6874455809593201,
4904,0.8374999761581421,0.6523278951644897,
4905,0.8445945978164673,0.6225485801696777,
4906,0.8509615659713745,0.6009131073951721,
4907,0.8567073345184326,0.5753596425056458,
4908,0.8619186282157898,0.5529016256332397,
4909,0.8680555820465088,0.5325336456298828,
4910,0.873670220375061,0.5141491293907166,
4911,0.8788265585899353,0.49536603689193726,
4912,0.8835784196853638,0.4821688234806061,
4913,0.8867924809455872,0.46882161498069763,
4914,0.8909090757369995,0.45613324642181396,
4915,0.8947368264198303,0.4425647556781769,
4916,0.8983050584793091,0.43009352684020996,
4917,0.9016393423080444,0.4181417226791382,
4918,0.9047619104385376,0.4066046476364136,
4919,0.9076923131942749,0.3967529237270355,
4920,0.9104477763175964,0.38863474130630493,
4921,0.9130434989929199,0.3793058395385742,
4922,0.9154929518699646,0.37277117371559143,
4923,0.9178082346916199,0.3642866313457489,
4924,0.9200000166893005,0.3574270009994507,
4925,0.9220778942108154,0.35126036405563354,
4926,0.9240506291389465,0.3445451259613037,
4927,0.9259259104728699,0.3385801911354065,
4928,0.9277108311653137,0.3318573236465454,
4929,0.929411768913269,0.3264053463935852,
4930,0.931034505367279,0.3202900290489197,
4931,0.9318820238113403,0.31520411372184753,
4932,0.9333791136741638,0.310931921005249,
4933,0.9348118305206299,0.30632469058036804,
4934,0.9361842274665833,0.30130720138549805,
4935,0.936855673789978,0.2975825369358063,
4936,0.9381313323974609,0.2928715944290161,
4937,0.9393564462661743,0.28909245133399963,
4938,0.9405339956283569,0.28483667969703674,
4939,0.9416666626930237,0.2804300785064697,
4940,0.9427570104598999,0.2772580683231354,
4941,0.9438073635101318,0.273291677236557,
4942,0.9448198080062866,0.27113425731658936,
4943,0.9457964897155762,0.26729056239128113,
4944,0.946195662021637,0.2646694779396057,
4945,0.9471153616905212,0.2630407512187958,
4946,0.9480041861534119,0.25953367352485657,
4947,0.9488636255264282,0.25646522641181946,
4948,0.9496951103210449,0.2534705102443695,
4949,0.9505000114440918,0.25026988983154297,
4950,0.7800925970077515,0.8193126320838928,
4951,0.795258641242981,0.7685657143592834,
4952,0.8064516186714172,0.7275148034095764,
4953,0.8181818127632141,0.6892809271812439,
4954,0.8285714387893677,0.6534503102302551,
4955,0.837837815284729,0.6230596899986267,
4956,0.8461538553237915,0.593723475933075,
4957,0.8536585569381714,0.5691627264022827,
4958,0.8604651093482971,0.5471267700195312,
4959,0.8666666746139526,0.527374804019928,
4960,0.8723404407501221,0.5070159435272217,
4961,0.8775510191917419,0.4904674291610718,
4962,0.8823529481887817,0.47496455907821655,
4963,0.8867924809455872,0.4592668414115906,
4964,0.8909090757369995,0.4462691843509674,
4965,0.8936403393745422,0.43524065613746643,
4966,0.8972457647323608,0.42336538434028625,
4967,0.8995901346206665,0.41747310757637024,
4968,0.9027777910232544,0.4067898094654083,
4969,0.9048076868057251,0.4004444479942322,
4970,0.9076492786407471,0.39077070355415344,
4971,0.9103260636329651,0.3823242485523224,
4972,0.9119718074798584,0.3748525381088257,
4973,0.914383590221405,0.3667665123939514,
4974,0.9166666865348816,0.35999467968940735,
4975,0.9188311696052551,0.3535219132900238,
4976,0.9208860993385315,0.3465043306350708,
4977,0.9228395223617554,0.34009480476379395,
4978,0.9246987700462341,0.3338117301464081,
4979,0.9264705777168274,0.3277290463447571,
4980,0.9281609058380127,0.32103922963142395,
4981,0.9297752976417542,0.31589770317077637,
4982,0.9313187003135681,0.3109451234340668,
4983,0.9327957034111023,0.3059694170951843,
4984,0.9342105388641357,0.3023240268230438,
4985,0.9355670213699341,0.2976387143135071,
4986,0.9368686676025391,0.2926095426082611,
4987,0.9381188154220581,0.2884039878845215,
4988,0.9393203854560852,0.28388917446136475,
4989,0.9404761791229248,0.28012338280677795,
4990,0.9410046935081482,0.27759212255477905,
4991,0.9420871734619141,0.27393075823783875,
4992,0.9425675868988037,0.2725719213485718,
4993,0.9435840845108032,0.27030134201049805,
4994,0.9445652365684509,0.26756811141967773,
4995,0.9455128312110901,0.26403629779815674,
4996,0.9464285969734192,0.2615497410297394,
4997,0.9473140239715576,0.25891080498695374,
4998,0.9481707215309143,0.256168931722641,
4999,0.9490000009536743,0.25329479575157166,
