train_batch,acc,loss,std_acc
0,0.0,4.0852556228637695,
1,0.03125,3.943155527114868,
2,0.0520833320915699,3.8399860858917236,
3,0.0625,3.7941055297851562,
4,0.05624999850988388,3.775820255279541,
5,0.0572916679084301,3.727376937866211,
6,0.0491071417927742,3.7132840156555176,
7,0.0625,3.6525468826293945,
8,0.0729166641831398,3.605287790298462,
9,0.07500000298023224,3.575125217437744,
10,0.08238636702299118,3.5442960262298584,
11,0.09375,3.517035722732544,
12,0.10576923191547394,3.4808883666992188,
13,0.1071428582072258,3.465437650680542,
14,0.11041666567325592,3.4409584999084473,
15,0.1171875,3.40972638130188,
16,0.1194852963089943,3.393361806869507,
17,0.1197916641831398,3.3798952102661133,
18,0.12006578594446182,3.359635353088379,
19,0.125,3.3356997966766357,
20,0.130952388048172,3.303928852081299,
21,0.13778409361839294,3.286329746246338,
22,0.145380437374115,3.2685842514038086,
23,0.1484375,3.25785756111145,
24,0.15000000596046448,3.2365217208862305,
25,0.15625,3.2082197666168213,
26,0.16203702986240387,3.180779457092285,
27,0.1629464328289032,3.162203073501587,
28,0.16487069427967072,3.1473357677459717,
29,0.171875,3.1255903244018555,
30,0.17641128599643707,3.1057562828063965,
31,0.1796875,3.0872232913970947,
32,0.17803029716014862,3.0802485942840576,
33,0.18014705181121826,3.0703094005584717,
34,0.18214285373687744,3.055828332901001,
35,0.1831597238779068,3.0405023097991943,
36,0.18496622145175934,3.0384140014648438,
37,0.18914473056793213,3.026782989501953,
38,0.19070513546466827,3.017007350921631,
39,0.19296875596046448,3.002580165863037,
40,0.19283536076545715,2.993959665298462,
41,0.197172611951828,2.982116937637329,
42,0.19985465705394745,2.9712202548980713,
43,0.20383523404598236,2.960211753845215,
44,0.20624999701976776,2.9477813243865967,
45,0.20991848409175873,2.9351966381073,
46,0.21409574151039124,2.923152446746826,
47,0.220703125,2.908308744430542,
48,0.2238520383834839,2.893934965133667,
49,0.22687500715255737,2.881014823913574,
50,0.0694444477558136,3.860380172729492,
51,0.07112068682909012,3.78739857673645,
52,0.08870967477560043,3.7042102813720703,
53,0.08901514858007431,3.6437618732452393,
54,0.10178571194410324,3.5795929431915283,
55,0.125,3.4965221881866455,
56,0.14102564752101898,3.432908296585083,
57,0.14939025044441223,3.376304864883423,
58,0.15406976640224457,3.342928171157837,
59,0.15416666865348816,3.3082823753356934,
60,0.166223406791687,3.257664203643799,
61,0.16709183156490326,3.229825496673584,
62,0.17401960492134094,3.189598560333252,
63,0.17924527823925018,3.1642863750457764,
64,0.18522727489471436,3.1311275959014893,
65,0.19078947603702545,3.1028265953063965,
66,0.1980932205915451,3.0794548988342285,
67,0.19979508221149445,3.0612823963165283,
68,0.2063492089509964,3.0405328273773193,
69,0.21250000596046448,3.0154037475585938,
70,0.22014924883842468,2.9889566898345947,
71,0.22735507786273956,2.9603431224823,
72,0.2315140813589096,2.938014268875122,
73,0.23715753853321075,2.921482801437378,
74,0.24416667222976685,2.89595365524292,
75,0.24837662279605865,2.879333019256592,
76,0.2555379867553711,2.8529372215270996,
77,0.25848764181137085,2.840116024017334,
78,0.2605421543121338,2.822805881500244,
79,0.2661764621734619,2.802090644836426,
80,0.2708333432674408,2.7869744300842285,
81,0.278792142868042,2.7678496837615967,
82,0.2829670310020447,2.748356819152832,
83,0.2842741906642914,2.740385055541992,
84,0.2881578803062439,2.7266788482666016,
85,0.2899484634399414,2.718615770339966,
86,0.29103535413742065,2.7096798419952393,
87,0.2964108884334564,2.6900439262390137,
88,0.2955096960067749,2.680246353149414,
89,0.2976190447807312,2.668569564819336,
90,0.3019859790802002,2.6528332233428955,
91,0.3044724762439728,2.638516426086426,
92,0.30630630254745483,2.6313347816467285,
93,0.30696901679039,2.6248939037323,
94,0.30978259444236755,2.6138272285461426,
95,0.3135683834552765,2.60252046585083,
96,0.31775209307670593,2.588775873184204,
97,0.3192148804664612,2.580409526824951,
98,0.3216463327407837,2.5710322856903076,
99,0.3240000009536743,2.559295892715454,
100,0.1111111119389534,3.680953025817871,
101,0.12931033968925476,3.597734212875366,
102,0.14717741310596466,3.5154354572296143,
103,0.16856060922145844,3.4234354496002197,
104,0.18928571045398712,3.332148313522339,
105,0.20945945382118225,3.250920534133911,
106,0.21955128014087677,3.186828374862671,
107,0.24085365235805511,3.1185038089752197,
108,0.2529069781303406,3.0669918060302734,
109,0.2638888955116272,3.017537832260132,
110,0.27526596188545227,2.9657602310180664,
111,0.28316327929496765,2.9399406909942627,
112,0.28799018263816833,2.90665864944458,
113,0.2912735939025879,2.8830301761627197,
114,0.30454546213150024,2.841423988342285,
115,0.3114035129547119,2.813112497329712,
116,0.31144067645072937,2.7995152473449707,
117,0.31762295961380005,2.7678210735321045,
118,0.3283730149269104,2.73661470413208,
119,0.3346153795719147,2.7161736488342285,
120,0.3404850661754608,2.6913936138153076,
121,0.3432970941066742,2.669213056564331,
122,0.34683099389076233,2.646843433380127,
123,0.35273972153663635,2.622032642364502,
124,0.3591666519641876,2.597989797592163,
125,0.36525973677635193,2.5748846530914307,
126,0.3718354403972626,2.5478501319885254,
127,0.3780864179134369,2.531470775604248,
128,0.3832831382751465,2.509763717651367,
129,0.38308823108673096,2.5003888607025146,
130,0.3857758641242981,2.4833507537841797,
131,0.38904494047164917,2.4679629802703857,
132,0.3907966911792755,2.456263542175293,
133,0.39516130089759827,2.441530227661133,
134,0.39671051502227783,2.4264001846313477,
135,0.3994845449924469,2.412733793258667,
136,0.40088382363319397,2.3983688354492188,
137,0.40470296144485474,2.3834526538848877,
138,0.40837377309799194,2.3728983402252197,
139,0.4107142984867096,2.362029552459717,
140,0.413551390171051,2.3492770195007324,
141,0.41456422209739685,2.341403007507324,
142,0.41554054617881775,2.3336684703826904,
143,0.41703540086746216,2.324598550796509,
144,0.41847825050354004,2.318782091140747,
145,0.42200854420661926,2.3067471981048584,
146,0.4238445460796356,2.294991970062256,
147,0.42768594622612,2.2838802337646484,
148,0.4288617968559265,2.2773494720458984,
149,0.4325000047683716,2.267738103866577,
150,0.0972222238779068,4.073090076446533,
151,0.11206896603107452,3.9581079483032227,
152,0.13306452333927155,3.8274435997009277,
153,0.1666666716337204,3.693303108215332,
154,0.18571428954601288,3.5972557067871094,
155,0.20270270109176636,3.509052276611328,
156,0.2163461595773697,3.427886486053467,
157,0.23170731961727142,3.345505475997925,
158,0.24709302186965942,3.275667428970337,
159,0.2638888955116272,3.2002546787261963,
160,0.2739361822605133,3.144810199737549,
161,0.2895408272743225,3.0767812728881836,
162,0.29901960492134094,3.0223217010498047,
163,0.3066037595272064,2.975860118865967,
164,0.31477272510528564,2.924572467803955,
165,0.33004385232925415,2.872305393218994,
166,0.3368644118309021,2.832395315170288,
167,0.3442623019218445,2.790651798248291,
168,0.3511904776096344,2.7523601055145264,
169,0.35865384340286255,2.7152633666992188,
170,0.364738792181015,2.6778693199157715,
171,0.3659420311450958,2.6499271392822266,
172,0.3635563254356384,2.6388232707977295,
173,0.3664383590221405,2.616516351699829,
174,0.3700000047683716,2.5964465141296387,
175,0.3725649416446686,2.5753567218780518,
176,0.37974682450294495,2.54667329788208,
177,0.38040122389793396,2.5334298610687256,
178,0.3862951695919037,2.512254476547241,
179,0.3897058963775635,2.492048501968384,
180,0.38936781883239746,2.4800238609313965,
181,0.3939606845378876,2.4579358100891113,
182,0.3997252881526947,2.4369421005249023,
183,0.4045698940753937,2.4187192916870117,
184,0.40986841917037964,2.3970654010772705,
185,0.40979382395744324,2.384996175765991,
186,0.4122474789619446,2.371021270751953,
187,0.4121287167072296,2.36549973487854,
188,0.41383495926856995,2.353487730026245,
189,0.41428571939468384,2.3463892936706543,
190,0.41588786244392395,2.3362700939178467,
191,0.4168578088283539,2.329149007797241,
192,0.42004504799842834,2.315256118774414,
193,0.42256638407707214,2.301165819168091,
194,0.42391303181648254,2.2925915718078613,
195,0.4246794879436493,2.2848401069641113,
196,0.4264705777168274,2.276348829269409,
197,0.42975205183029175,2.263956308364868,
198,0.43140244483947754,2.255141258239746,
199,0.4320000112056732,2.2470734119415283,
200,0.1666666716337204,3.9355013370513916,
201,0.18965516984462738,3.7848997116088867,
202,0.2177419364452362,3.6382522583007812,
203,0.2348484843969345,3.533539295196533,
204,0.25,3.4355475902557373,
205,0.2736486494541168,3.335568904876709,
206,0.2916666567325592,3.2458655834198,
207,0.3048780560493469,3.1603221893310547,
208,0.3139534890651703,3.095888376235962,
209,0.32499998807907104,3.0283212661743164,
210,0.3430851101875305,2.9620048999786377,
211,0.35076531767845154,2.919327735900879,
212,0.35661765933036804,2.8768885135650635,
213,0.3667452931404114,2.8274009227752686,
214,0.3738636374473572,2.7852745056152344,
215,0.37719297409057617,2.742002010345459,
216,0.38453391194343567,2.7041850090026855,
217,0.3893442749977112,2.667685031890869,
218,0.397817462682724,2.632568359375,
219,0.4028846025466919,2.6073131561279297,
220,0.4076492488384247,2.576756477355957,
221,0.41304346919059753,2.5475833415985107,
222,0.4172535240650177,2.537121534347534,
223,0.4212328791618347,2.512610912322998,
224,0.4241666793823242,2.488889455795288,
225,0.4261363744735718,2.4701385498046875,
226,0.4280063211917877,2.4514012336730957,
227,0.43287035822868347,2.4243786334991455,
228,0.4375,2.404595375061035,
229,0.44044119119644165,2.3883566856384277,
230,0.4389367699623108,2.372584581375122,
231,0.44311797618865967,2.3542306423187256,
232,0.44505494832992554,2.339796543121338,
233,0.4448924660682678,2.3254759311676025,
234,0.44736841320991516,2.312749147415161,
235,0.4529639184474945,2.291271448135376,
236,0.4539141356945038,2.278151273727417,
237,0.45792078971862793,2.2604801654815674,
238,0.4617718458175659,2.242781162261963,
239,0.46369048953056335,2.229811668395996,
240,0.46787384152412415,2.217388153076172,
241,0.47133028507232666,2.2016375064849854,
242,0.4724099040031433,2.1919126510620117,
243,0.4745575189590454,2.179002285003662,
244,0.47717392444610596,2.1680562496185303,
245,0.4770299196243286,2.163179397583008,
246,0.4779411852359772,2.1534106731414795,
247,0.4793388545513153,2.144339084625244,
248,0.48323169350624084,2.1307029724121094,
249,0.4819999933242798,2.1229424476623535,
250,0.21296297013759613,3.7153000831604004,
251,0.23706896603107452,3.573542594909668,
252,0.25806450843811035,3.468869924545288,
253,0.27840909361839294,3.355503559112549,
254,0.2785714268684387,3.3067009449005127,
255,0.2922297418117523,3.2238926887512207,
256,0.2996794879436493,3.145207643508911,
257,0.29725611209869385,3.1012847423553467,
258,0.30813953280448914,3.04875111579895,
259,0.32083332538604736,2.982099771499634,
260,0.33111703395843506,2.930837392807007,
261,0.3354591727256775,2.895634889602661,
262,0.34068626165390015,2.8508856296539307,
263,0.35023584961891174,2.798553943634033,
264,0.35681816935539246,2.7656826972961426,
265,0.3629385828971863,2.726717233657837,
266,0.36970338225364685,2.6795568466186523,
267,0.3719262182712555,2.6533589363098145,
268,0.375,2.6315338611602783,
269,0.3817307651042938,2.6017379760742188,
270,0.38432836532592773,2.573406457901001,
271,0.3922101557254791,2.5419960021972656,
272,0.3987676203250885,2.515291452407837,
273,0.4041095972061157,2.4891178607940674,
274,0.40416666865348816,2.4773340225219727,
275,0.40909090638160706,2.4506144523620605,
276,0.41455695033073425,2.429844617843628,
277,0.4166666567325592,2.40864634513855,
278,0.41641566157341003,2.395284652709961,
279,0.4205882251262665,2.3758790493011475,
280,0.42169541120529175,2.359191656112671,
281,0.4192415773868561,2.350912570953369,
282,0.4265109896659851,2.327148675918579,
283,0.4301075339317322,2.3116157054901123,
284,0.43157893419265747,2.2974703311920166,
285,0.4336340129375458,2.2803306579589844,
286,0.4362373650074005,2.264878749847412,
287,0.4399752616882324,2.2490649223327637,
288,0.44417476654052734,2.235565185546875,
289,0.4464285671710968,2.2225182056427,
290,0.4491822421550751,2.2037558555603027,
291,0.45068806409835815,2.192397117614746,
292,0.4543918967247009,2.1783463954925537,
293,0.4546460211277008,2.1709578037261963,
294,0.45597827434539795,2.162745714187622,
295,0.45779913663864136,2.1533584594726562,
296,0.4590336084365845,2.144998550415039,
297,0.4622933864593506,2.132976531982422,
298,0.46392276883125305,2.1225576400756836,
299,0.4659999907016754,2.1139769554138184,
300,0.19907407462596893,3.6269314289093018,
301,0.21336206793785095,3.516594886779785,
302,0.2338709682226181,3.394606113433838,
303,0.25189393758773804,3.2916007041931152,
304,0.26249998807907104,3.21846604347229,
305,0.27702704071998596,3.1316261291503906,
306,0.2916666567325592,3.060882568359375,
307,0.3140243887901306,2.9838311672210693,
308,0.32848837971687317,2.9187867641448975,
309,0.3402777910232544,2.853301763534546,
310,0.34175533056259155,2.818234443664551,
311,0.34948980808258057,2.776916742324829,
312,0.3492647111415863,2.741962194442749,
313,0.3608490526676178,2.6995627880096436,
314,0.3636363744735718,2.664335012435913,
315,0.3695175349712372,2.6203880310058594,
316,0.3781779706478119,2.573253631591797,
317,0.3852458894252777,2.536959648132324,
318,0.3968254029750824,2.4966893196105957,
319,0.4000000059604645,2.4718551635742188,
320,0.4048507511615753,2.445966958999634,
321,0.40851449966430664,2.4229347705841064,
322,0.4119718372821808,2.4064056873321533,
323,0.4178082048892975,2.3805837631225586,
324,0.4183333218097687,2.3623218536376953,
325,0.4196428656578064,2.3500633239746094,
326,0.422468364238739,2.334827184677124,
327,0.42592594027519226,2.322174549102783,
328,0.4307228922843933,2.3029942512512207,
329,0.43382352590560913,2.2857580184936523,
330,0.4389367699623108,2.2618913650512695,
331,0.44171348214149475,2.2417683601379395,
332,0.4436813294887543,2.2303991317749023,
333,0.44354838132858276,2.2255470752716064,
334,0.4447368383407593,2.217118978500366,
335,0.44780927896499634,2.2023417949676514,
336,0.4526515007019043,2.1877357959747314,
337,0.4554455578327179,2.172342300415039,
338,0.458737850189209,2.1626148223876953,
339,0.45892858505249023,2.1578683853149414,
340,0.4585280418395996,2.1456246376037598,
341,0.4587155878543854,2.135148525238037,
342,0.4611486494541168,2.125462770462036,
343,0.4629424810409546,2.118063449859619,
344,0.4646739065647125,2.111191987991333,
345,0.46688035130500793,2.105574131011963,
346,0.47163864970207214,2.0927369594573975,
347,0.47314050793647766,2.0852608680725098,
348,0.4766260087490082,2.0773675441741943,
349,0.47999998927116394,2.064826726913452,
350,0.28240740299224854,2.695823907852173,
351,0.31896552443504333,2.588012456893921,
352,0.3407258093357086,2.5093371868133545,
353,0.36174243688583374,2.4426801204681396,
354,0.3821428716182709,2.365570306777954,
355,0.3952702581882477,2.324610471725464,
356,0.40544870495796204,2.285083532333374,
357,0.41158536076545715,2.249509572982788,
358,0.43168604373931885,2.1916964054107666,
359,0.4416666626930237,2.1481435298919678,
360,0.44946807622909546,2.1238527297973633,
361,0.4553571343421936,2.0999491214752197,
362,0.46200981736183167,2.072244882583618,
363,0.4669811427593231,2.0488972663879395,
364,0.4738636314868927,2.029803514480591,
365,0.4802631437778473,2.004350185394287,
366,0.4894067943096161,1.9753841161727905,
367,0.49487704038619995,1.9578965902328491,
368,0.5019841194152832,1.9392558336257935,
369,0.5009615421295166,1.9336390495300293,
370,0.49720150232315063,1.9426631927490234,
371,0.5009058117866516,1.9286015033721924,
372,0.49911972880363464,1.9282277822494507,
373,0.5034246444702148,1.91507089138031,
374,0.5099999904632568,1.8939940929412842,
375,0.5089285969734192,1.8905460834503174,
376,0.5110759735107422,1.8815158605575562,
377,0.5146604776382446,1.8700635433197021,
378,0.5150602459907532,1.8631893396377563,
379,0.5161764621734619,1.8512451648712158,
380,0.5158045887947083,1.8452821969985962,
381,0.516853928565979,1.8421396017074585,
382,0.5192307829856873,1.8298063278198242,
383,0.5208333134651184,1.8161900043487549,
384,0.5203947424888611,1.808798909187317,
385,0.5238401889801025,1.799481749534607,
386,0.5246211886405945,1.798695683479309,
387,0.5241336822509766,1.7940932512283325,
388,0.5260922312736511,1.789759635925293,
389,0.526190459728241,1.7852834463119507,
390,0.5268691778182983,1.7840148210525513,
391,0.5286697149276733,1.7761541604995728,
392,0.5320945978164673,1.7672098875045776,
393,0.5326327681541443,1.76327383518219,
394,0.5353260636329651,1.7573190927505493,
395,0.5363247990608215,1.753957748413086,
396,0.5372899174690247,1.7463942766189575,
397,0.5397727489471436,1.734212875366211,
398,0.5406504273414612,1.7304940223693848,
399,0.5394999980926514,1.7317811250686646,
400,0.2847222089767456,2.4666945934295654,
401,0.3103448152542114,2.393420934677124,
402,0.32258063554763794,2.3467657566070557,
403,0.3390151560306549,2.2907090187072754,
404,0.3571428656578064,2.232170581817627,
405,0.375,2.1774933338165283,
406,0.3798076808452606,2.162095785140991,
407,0.39024388790130615,2.1362948417663574,
408,0.40406978130340576,2.0877726078033447,
409,0.40833333134651184,2.069817304611206,
410,0.41090425848960876,2.0547966957092285,
411,0.4158163368701935,2.0317635536193848,
412,0.4203431308269501,2.0086638927459717,
413,0.42099055647850037,2.002786636352539,
414,0.4284090995788574,1.983809471130371,
415,0.43530702590942383,1.9632166624069214,
416,0.4438559412956238,1.942254900932312,
417,0.4508196711540222,1.923271656036377,
418,0.4573412835597992,1.909566044807434,
419,0.4615384638309479,1.8891355991363525,
420,0.4654850661754608,1.876450538635254,
421,0.46739131212234497,1.8716322183609009,
422,0.4727112650871277,1.8591368198394775,
423,0.47602739930152893,1.8547791242599487,
424,0.476666659116745,1.8389687538146973,
425,0.47808441519737244,1.8290928602218628,
426,0.474683552980423,1.8326282501220703,
427,0.47762346267700195,1.830149531364441,
428,0.47966867685317993,1.8267334699630737,
429,0.48161765933036804,1.8212859630584717,
430,0.48491379618644714,1.8121527433395386,
431,0.48735955357551575,1.808489203453064,
432,0.4910714328289032,1.7981139421463013,
433,0.49395161867141724,1.792958378791809,
434,0.5,1.7769968509674072,
435,0.5045102834701538,1.7688227891921997,
436,0.5056818127632141,1.7600997686386108,
437,0.5068069100379944,1.7603893280029297,
438,0.5078883767127991,1.7562239170074463,
439,0.512499988079071,1.7445909976959229,
440,0.5128504633903503,1.7435108423233032,
441,0.5160550475120544,1.7360007762908936,
442,0.5180180072784424,1.7340697050094604,
443,0.5188053250312805,1.7288459539413452,
444,0.521195650100708,1.7184547185897827,
445,0.5202991366386414,1.7150994539260864,
446,0.5220588445663452,1.711442470550537,
447,0.52324378490448,1.7035205364227295,
448,0.5238820910453796,1.6995419263839722,
449,0.5274999737739563,1.6884253025054932,
450,0.39120370149612427,2.162870407104492,
451,0.41163793206214905,2.108403444290161,
452,0.42943549156188965,2.046454429626465,
453,0.4469696879386902,2.0133419036865234,
454,0.4553571343421936,1.9822651147842407,
455,0.4611486494541168,1.9637882709503174,
456,0.46794870495796204,1.9378185272216797,
457,0.478658527135849,1.9030009508132935,
458,0.4883720874786377,1.8771027326583862,
459,0.4972222149372101,1.8521555662155151,
460,0.5093085169792175,1.8121415376663208,
461,0.5153061151504517,1.7899836301803589,
462,0.5208333134651184,1.7840510606765747,
463,0.5188679099082947,1.7634457349777222,
464,0.5227272510528564,1.7556064128875732,
465,0.5241228342056274,1.7448952198028564,
466,0.5296609997749329,1.7242156267166138,
467,0.5358606576919556,1.7069755792617798,
468,0.5416666865348816,1.698562741279602,
469,0.5442307591438293,1.6841410398483276,
470,0.5410447716712952,1.6826229095458984,
471,0.5443840622901917,1.6723439693450928,
472,0.54841548204422,1.6648457050323486,
473,0.5522260069847107,1.653748869895935,
474,0.5483333468437195,1.651052474975586,
475,0.5527597665786743,1.6360212564468384,
476,0.5553797483444214,1.6290006637573242,
477,0.5578703880310059,1.6204782724380493,
478,0.5542168617248535,1.623315691947937,
479,0.5551470518112183,1.6130080223083496,
480,0.5574712753295898,1.6079130172729492,
481,0.5547752976417542,1.6124742031097412,
482,0.5556318759918213,1.6068650484085083,
483,0.5571236610412598,1.5991427898406982,
484,0.5605263113975525,1.590754747390747,
485,0.5605670213699341,1.5885790586471558,
486,0.560606062412262,1.5877318382263184,
487,0.5618811845779419,1.5842759609222412,
488,0.5612863898277283,1.5812697410583496,
489,0.561904788017273,1.5812989473342896,
490,0.5607476830482483,1.5771337747573853,
491,0.5625,1.5698179006576538,
492,0.5625,1.566476821899414,
493,0.564712405204773,1.5633481740951538,
494,0.5657608509063721,1.5620583295822144,
495,0.569978654384613,1.5515496730804443,
496,0.5719537734985352,1.5445263385772705,
497,0.5748966932296753,1.5367960929870605,
498,0.577235758304596,1.534554362297058,
499,0.5789999961853027,1.5291314125061035,
500,0.4444444477558136,2.0117526054382324,
501,0.46336206793785095,1.9506254196166992,
502,0.47379031777381897,1.9103766679763794,
503,0.48674243688583374,1.8675073385238647,
504,0.4928571283817291,1.828329086303711,
505,0.5016891956329346,1.7853602170944214,
506,0.5080128312110901,1.7564443349838257,
507,0.5167682766914368,1.7381435632705688,
508,0.5261628031730652,1.704799771308899,
509,0.5375000238418579,1.672930359840393,
510,0.5385638475418091,1.6685210466384888,
511,0.5510203838348389,1.6406763792037964,
512,0.5490196347236633,1.6381068229675293,
513,0.551886796951294,1.6223669052124023,
514,0.5534090995788574,1.6133612394332886,
515,0.5603070259094238,1.589941382408142,
516,0.5635592937469482,1.5812197923660278,
517,0.5676229596138,1.5647685527801514,
518,0.5684523582458496,1.551037073135376,
519,0.5711538195610046,1.5398832559585571,
520,0.575559675693512,1.530382752418518,
521,0.5769927501678467,1.5186687707901,
522,0.5818662047386169,1.5041882991790771,
523,0.5873287916183472,1.4925929307937622,
524,0.5891666412353516,1.4838979244232178,
525,0.5941558480262756,1.4731389284133911,
526,0.5988923907279968,1.458252191543579,
527,0.6010802388191223,1.447505235671997,
528,0.6016566157341003,1.4375516176223755,
529,0.6022058725357056,1.4378020763397217,
530,0.6034482717514038,1.4355765581130981,
531,0.6039325594902039,1.4289406538009644,
532,0.603708803653717,1.432557463645935,
533,0.6034946441650391,1.4308186769485474,
534,0.6052631735801697,1.426480770111084,
535,0.6030927896499634,1.4246530532836914,
536,0.6066918969154358,1.4181448221206665,
537,0.6076732873916626,1.4166258573532104,
538,0.6080096960067749,1.4130480289459229,
539,0.6089285612106323,1.4098007678985596,
540,0.610981285572052,1.4029983282089233,
541,0.6123853325843811,1.399146556854248,
542,0.6148648858070374,1.3951365947723389,
543,0.6167035102844238,1.391135811805725,
544,0.6184782385826111,1.3846999406814575,
545,0.6191239356994629,1.3794440031051636,
546,0.6202731132507324,1.3758541345596313,
547,0.6198347210884094,1.3729697465896606,
548,0.6234756112098694,1.3651381731033325,
549,0.6240000128746033,1.3606573343276978,
550,0.40046295523643494,2.3047330379486084,
551,0.41163793206214905,2.227595806121826,
552,0.4193548262119293,2.1783275604248047,
553,0.43560606241226196,2.1203038692474365,
554,0.44999998807907104,2.0717451572418213,
555,0.45945945382118225,2.0264809131622314,
556,0.47275641560554504,1.970752239227295,
557,0.48323169350624084,1.9319497346878052,
558,0.49273255467414856,1.9000879526138306,
559,0.4972222149372101,1.870881199836731,
560,0.5053191781044006,1.8395885229110718,
561,0.5153061151504517,1.804977536201477,
562,0.5171568393707275,1.7863638401031494,
563,0.5212264060974121,1.769385576248169,
564,0.5261363387107849,1.7517508268356323,
565,0.5339912176132202,1.7238212823867798,
566,0.5444915294647217,1.6931109428405762,
567,0.5522540807723999,1.672145128250122,
568,0.557539701461792,1.6523205041885376,
569,0.5644230842590332,1.6307963132858276,
570,0.566231369972229,1.62264084815979,
571,0.5688405632972717,1.6104520559310913,
572,0.5686619877815247,1.604920744895935,
573,0.5753424763679504,1.5850474834442139,
574,0.5758333206176758,1.5767983198165894,
575,0.5771104097366333,1.5625426769256592,
576,0.5846518874168396,1.541975498199463,
577,0.5887345671653748,1.5268869400024414,
578,0.5873494148254395,1.5184946060180664,
579,0.5874999761581421,1.5153883695602417,
580,0.5905172228813171,1.5033557415008545,
581,0.5933988690376282,1.4916064739227295,
582,0.5961538553237915,1.4887608289718628,
583,0.5974462628364563,1.481923222541809,
584,0.6000000238418579,1.4754128456115723,
585,0.6005154848098755,1.4745311737060547,
586,0.6029040217399597,1.469681978225708,
587,0.6045792102813721,1.4638750553131104,
588,0.6031553149223328,1.4635990858078003,
589,0.6083333492279053,1.4555741548538208,
590,0.6115654110908508,1.4445805549621582,
591,0.6146789193153381,1.4383093118667603,
592,0.6182432174682617,1.4297339916229248,
593,0.6189159154891968,1.4238775968551636,
594,0.6201087236404419,1.4193551540374756,
595,0.6212607026100159,1.416585922241211,
596,0.6197478771209717,1.4172314405441284,
597,0.62138432264328,1.4092642068862915,
598,0.6234756112098694,1.4034358263015747,
599,0.6230000257492065,1.3991795778274536,
600,0.3680555522441864,2.5030124187469482,
601,0.39008620381355286,2.4171884059906006,
602,0.41330644488334656,2.3314733505249023,
603,0.4337121248245239,2.261630058288574,
604,0.44999998807907104,2.203002691268921,
605,0.46621620655059814,2.142493963241577,
606,0.47756409645080566,2.0891528129577637,
607,0.4878048896789551,2.046412944793701,
608,0.4985465109348297,2.009107828140259,
609,0.5111111402511597,1.972715139389038,
610,0.5172872543334961,1.934181809425354,
611,0.5280612111091614,1.898679494857788,
612,0.5404411554336548,1.8582099676132202,
613,0.5471698045730591,1.8292518854141235,
614,0.5602272748947144,1.7854896783828735,
615,0.5625,1.7645915746688843,
616,0.5688559412956238,1.7391773462295532,
617,0.5737704634666443,1.7185450792312622,
618,0.5803571343421936,1.6951178312301636,
619,0.5865384340286255,1.671692132949829,
620,0.5914179086685181,1.6520079374313354,
621,0.5978260636329651,1.6310726404190063,
622,0.6038732528686523,1.6081746816635132,
623,0.6061643958091736,1.5900497436523438,
624,0.6108333468437195,1.5723494291305542,
625,0.6128246784210205,1.5633482933044434,
626,0.6155063509941101,1.549757480621338,
627,0.6219135522842407,1.5278493165969849,
628,0.625,1.515312671661377,
629,0.625,1.5058588981628418,
630,0.6278735399246216,1.4924300909042358,
631,0.6271067261695862,1.4860498905181885,
632,0.6304945349693298,1.4774858951568604,
633,0.6337365508079529,1.4629992246627808,
634,0.6348684430122375,1.4540632963180542,
635,0.6365979313850403,1.4397035837173462,
636,0.6382575631141663,1.4319223165512085,
637,0.6392326951026917,1.4273202419281006,
638,0.6413834691047668,1.4199646711349487,
639,0.6428571343421936,1.4109231233596802,
640,0.6413551568984985,1.4110965728759766,
641,0.64449542760849,1.3990122079849243,
642,0.647522509098053,1.3895211219787598,
643,0.6487832069396973,1.3840521574020386,
644,0.6510869860649109,1.3761115074157715,
645,0.6538461446762085,1.367356777191162,
646,0.6549369692802429,1.361922025680542,
647,0.6544421315193176,1.3585618734359741,
648,0.6585366129875183,1.348568081855774,
649,0.6625000238418579,1.336808443069458,
650,0.48379629850387573,1.82652747631073,
651,0.5,1.7759478092193604,
652,0.5161290168762207,1.7170239686965942,
653,0.5303030014038086,1.689823031425476,
654,0.5464285612106323,1.6480817794799805,
655,0.5540540814399719,1.6139084100723267,
656,0.5657051205635071,1.569313645362854,
657,0.5777438879013062,1.5338363647460938,
658,0.5799418687820435,1.5149484872817993,
659,0.5888888835906982,1.499916911125183,
660,0.5944148898124695,1.4755687713623047,
661,0.6033163070678711,1.4453370571136475,
662,0.6164215803146362,1.4134809970855713,
663,0.6202830076217651,1.4098596572875977,
664,0.6159090995788574,1.4200453758239746,
665,0.6195175647735596,1.4091346263885498,
666,0.6207627058029175,1.3932973146438599,
667,0.6219262480735779,1.3825619220733643,
668,0.6279761791229248,1.359692931175232,
669,0.6288461685180664,1.3516954183578491,
670,0.6305969953536987,1.344258427619934,
671,0.6367753744125366,1.3330817222595215,
672,0.63908451795578,1.3198806047439575,
673,0.6386986374855042,1.317126989364624,
674,0.64083331823349,1.3065236806869507,
675,0.6412337422370911,1.2998191118240356,
676,0.6463607549667358,1.285576581954956,
677,0.6496913433074951,1.2775408029556274,
678,0.650602400302887,1.2722824811935425,
679,0.6529411673545837,1.2665544748306274,
680,0.6566091775894165,1.255340814590454,
681,0.6615168452262878,1.2505464553833008,
682,0.6655219793319702,1.242924451828003,
683,0.6666666865348816,1.2372366189956665,
684,0.6677631735801697,1.2310627698898315,
685,0.6707473993301392,1.223506212234497,
686,0.6729797720909119,1.2202105522155762,
687,0.6757425665855408,1.2170476913452148,
688,0.6796116232872009,1.208323359489441,
689,0.6809523701667786,1.2014000415802002,
690,0.6804906725883484,1.2010563611984253,
691,0.6811926364898682,1.1991472244262695,
692,0.681869387626648,1.1935769319534302,
693,0.6808628439903259,1.193530559539795,
694,0.6815217137336731,1.1933441162109375,
695,0.6837607026100159,1.1898767948150635,
696,0.6838235259056091,1.1871379613876343,
697,0.6864669322967529,1.1798663139343262,
698,0.6864837408065796,1.177193284034729,
699,0.6875,1.170919418334961,
700,0.5462962985038757,1.5510965585708618,
701,0.5581896305084229,1.5185383558273315,
702,0.5665322542190552,1.483357548713684,
703,0.5833333134651184,1.4341812133789062,
704,0.5928571224212646,1.404682993888855,
705,0.599662184715271,1.3853447437286377,
706,0.6105769276618958,1.3644729852676392,
707,0.6204268336296082,1.3442251682281494,
708,0.6293604373931885,1.3188700675964355,
709,0.6388888955116272,1.2967867851257324,
710,0.6436170339584351,1.2754226922988892,
711,0.6505101919174194,1.2531828880310059,
712,0.6605392098426819,1.225209355354309,
713,0.6662735939025879,1.211347222328186,
714,0.6670454740524292,1.2096891403198242,
715,0.6710526347160339,1.2001571655273438,
716,0.6716101765632629,1.1939483880996704,
717,0.6741803288459778,1.1829936504364014,
718,0.6775793433189392,1.1731374263763428,
719,0.6807692050933838,1.1592295169830322,
720,0.6856343150138855,1.1515333652496338,
721,0.6875,1.1439011096954346,
722,0.6901408433914185,1.1314222812652588,
723,0.6943492889404297,1.125321626663208,
724,0.6949999928474426,1.1235111951828003,
725,0.6964285969734192,1.1209977865219116,
726,0.6985759735107422,1.116446614265442,
727,0.7013888955116272,1.1068739891052246,
728,0.7010542154312134,1.1072036027908325,
729,0.7007352709770203,1.103277564048767,
730,0.704023003578186,1.0961397886276245,
731,0.7057584524154663,1.0876575708389282,
732,0.7081043720245361,1.0786566734313965,
733,0.7096773982048035,1.0749502182006836,
734,0.7124999761581421,1.0659104585647583,
735,0.7139175534248352,1.0576884746551514,
736,0.7133838534355164,1.0579582452774048,
737,0.7128713130950928,1.0557210445404053,
738,0.7154126167297363,1.0521568059921265,
739,0.7172619104385376,1.0472071170806885,
740,0.7202102541923523,1.041110873222351,
741,0.7219036817550659,1.0404919385910034,
742,0.7240990996360779,1.0362439155578613,
743,0.7240044474601746,1.034621238708496,
744,0.727173924446106,1.0274386405944824,
745,0.7259615659713745,1.0257996320724487,
746,0.7263655662536621,1.0226352214813232,
747,0.7272727489471436,1.021511435508728,
748,0.7291666865348816,1.0166003704071045,
749,0.7315000295639038,1.0120395421981812,
750,0.4583333432674408,1.8149269819259644,
751,0.4719827473163605,1.7815464735031128,
752,0.48991936445236206,1.722784399986267,
753,0.5113636255264282,1.6744500398635864,
754,0.5285714268684387,1.6241693496704102,
755,0.5472972989082336,1.5782626867294312,
756,0.5592948794364929,1.550174593925476,
757,0.5731707215309143,1.507353663444519,
758,0.582848846912384,1.4779196977615356,
759,0.5930555462837219,1.4567065238952637,
760,0.5957446694374084,1.4426708221435547,
761,0.6007652878761292,1.421957015991211,
762,0.6102941036224365,1.3958683013916016,
763,0.614386796951294,1.3744014501571655,
764,0.6215909123420715,1.3472217321395874,
765,0.6217105388641357,1.3436782360076904,
766,0.6313559412956238,1.3181005716323853,
767,0.6372950673103333,1.2984803915023804,
768,0.6388888955116272,1.283781886100769,
769,0.6442307829856873,1.2683656215667725,
770,0.6492537260055542,1.257508635520935,
771,0.6539855003356934,1.2530993223190308,
772,0.6610915660858154,1.2352498769760132,
773,0.6626712083816528,1.2242141962051392,
774,0.6650000214576721,1.21925687789917,
775,0.6696428656578064,1.206411361694336,
776,0.672468364238739,1.1996558904647827,
777,0.6759259104728699,1.1902875900268555,
778,0.6762048006057739,1.187964916229248,
779,0.6786764860153198,1.1788969039916992,
780,0.681034505367279,1.1713597774505615,
781,0.682584285736084,1.1741142272949219,
782,0.682692289352417,1.1684190034866333,
783,0.6821236610412598,1.1648406982421875,
784,0.683552622795105,1.1586920022964478,
785,0.6842783689498901,1.1521283388137817,
786,0.685606062412262,1.146467685699463,
787,0.6862623691558838,1.142306923866272,
788,0.6856796145439148,1.1409358978271484,
789,0.688095211982727,1.1348463296890259,
790,0.6892523169517517,1.1302168369293213,
791,0.6920871734619141,1.1206028461456299,
792,0.6936936974525452,1.115882396697998,
793,0.6952433586120605,1.1095079183578491,
794,0.697826087474823,1.1053485870361328,
795,0.6997863054275513,1.1005840301513672,
796,0.7011554837226868,1.0967769622802734,
797,0.7035123705863953,1.089656114578247,
798,0.7052845358848572,1.083253264427185,
799,0.7070000171661377,1.0784804821014404,
800,0.6157407164573669,1.4152718782424927,
801,0.6228448152542114,1.3944268226623535,
802,0.6391128897666931,1.3483977317810059,
803,0.6477272510528564,1.3174399137496948,
804,0.6589285731315613,1.28617262840271,
805,0.6672297120094299,1.2588430643081665,
806,0.6746794581413269,1.2373961210250854,
807,0.6875,1.2065377235412598,
808,0.6933139562606812,1.1754698753356934,
809,0.699999988079071,1.1585793495178223,
810,0.707446813583374,1.1377766132354736,
811,0.7079081535339355,1.125081181526184,
812,0.716911792755127,1.103419542312622,
813,0.7205188870429993,1.0902514457702637,
814,0.7238636612892151,1.0780085325241089,
815,0.7291666865348816,1.0625349283218384,
816,0.7319915294647217,1.0504266023635864,
817,0.7315573692321777,1.0473731756210327,
818,0.7341269850730896,1.0350044965744019,
819,0.7355769276618958,1.0324779748916626,
820,0.7341417670249939,1.0327786207199097,
821,0.7273550629615784,1.0515117645263672,
822,0.7271126508712769,1.0480707883834839,
823,0.7303082346916199,1.0384725332260132,
824,0.7300000190734863,1.0393788814544678,
825,0.7345778942108154,1.0311386585235596,
826,0.732594907283783,1.0329183340072632,
827,0.7337962985038757,1.029430627822876,
828,0.733433723449707,1.0265146493911743,
829,0.7323529124259949,1.0265233516693115,
830,0.7356321811676025,1.0186097621917725,
831,0.7366573214530945,1.014261245727539,
832,0.7403846383094788,1.0060187578201294,
833,0.7399193644523621,1.0045981407165527,
834,0.74210524559021,0.9958222508430481,
835,0.7442010045051575,0.9926450252532959,
836,0.7462121248245239,0.9870668053627014,
837,0.7506188154220581,0.9785114526748657,
838,0.7536407709121704,0.9703264832496643,
839,0.7559523582458496,0.9644756317138672,
840,0.7570093274116516,0.9604740738868713,
841,0.7545871734619141,0.9629468321800232,
842,0.7545045018196106,0.9616397023200989,
843,0.7549778819084167,0.9623641967773438,
844,0.7565217614173889,0.9591570496559143,
845,0.7569444179534912,0.9540780186653137,
846,0.7578781247138977,0.9528654217720032,
847,0.7582644820213318,0.9490844011306763,
848,0.7596544623374939,0.947982907295227,
849,0.762499988079071,0.9419882893562317,
850,0.5671296119689941,1.455473780632019,
851,0.5948275923728943,1.3856780529022217,
852,0.600806474685669,1.3532429933547974,
853,0.6193181872367859,1.3039271831512451,
854,0.6321428418159485,1.2741203308105469,
855,0.6452702879905701,1.238087773323059,
856,0.6570512652397156,1.200888752937317,
857,0.6570122241973877,1.1963095664978027,
858,0.6569767594337463,1.1909434795379639,
859,0.6666666865348816,1.1717662811279297,
860,0.6702127456665039,1.1567034721374512,
861,0.668367326259613,1.1474647521972656,
862,0.6703431606292725,1.139569878578186,
863,0.6733490824699402,1.1379525661468506,
864,0.6772727370262146,1.1234335899353027,
865,0.6765350699424744,1.1235374212265015,
866,0.6779661178588867,1.1110063791275024,
867,0.6844262480735779,1.0941537618637085,
868,0.6875,1.0851771831512451,
869,0.6903846263885498,1.0844669342041016,
870,0.6949626803398132,1.071624517440796,
871,0.6992753744125366,1.060007929801941,
872,0.702464759349823,1.0501097440719604,
873,0.7054794430732727,1.0449466705322266,
874,0.7083333134651184,1.0335184335708618,
875,0.7110389471054077,1.0291706323623657,
876,0.7088607549667358,1.0280282497406006,
877,0.7067901492118835,1.02742600440979,
878,0.7093373537063599,1.0167310237884521,
879,0.7088235020637512,1.0184704065322876,
880,0.7133620977401733,1.0081992149353027,
881,0.7127808928489685,1.0088872909545898,
882,0.7142857313156128,1.0040837526321411,
883,0.7137096524238586,1.0030840635299683,
884,0.7171052694320679,0.9960002899169922,
885,0.718427836894989,0.9917529225349426,
886,0.7184343338012695,0.9910091757774353,
887,0.7209158539772034,0.9855682253837585,
888,0.7214806079864502,0.9823895692825317,
889,0.7226190567016602,0.9776725172996521,
890,0.7237149477005005,0.9746338129043579,
891,0.7236238718032837,0.9728546738624573,
892,0.7240990996360779,0.9718915224075317,
893,0.7256637215614319,0.9660724997520447,
894,0.729347825050354,0.9591807723045349,
895,0.7307692170143127,0.9583740830421448,
896,0.7310924530029297,0.9577354192733765,
897,0.7308884263038635,0.957513153553009,
898,0.7332317233085632,0.9533284306526184,
899,0.7350000143051147,0.9506869912147522,
900,0.5625,1.7685116529464722,
901,0.5862069129943848,1.688551425933838,
902,0.6028226017951965,1.6226561069488525,
903,0.6174242496490479,1.5661762952804565,
904,0.6285714507102966,1.516614556312561,
905,0.6368243098258972,1.4759207963943481,
906,0.6474359035491943,1.4372326135635376,
907,0.6570122241973877,1.3983317613601685,
908,0.6656976938247681,1.367129921913147,
909,0.6722221970558167,1.3389662504196167,
910,0.6768617033958435,1.320955753326416,
911,0.6772959232330322,1.3087666034698486,
912,0.686274528503418,1.2829021215438843,
913,0.6910377144813538,1.2629691362380981,
914,0.6909090876579285,1.254679560661316,
915,0.6962719559669495,1.2311807870864868,
916,0.7002118825912476,1.2111529111862183,
917,0.7038934230804443,1.1919944286346436,
918,0.7103174328804016,1.1735080480575562,
919,0.7115384340286255,1.1598278284072876,
920,0.7154850959777832,1.1425870656967163,
921,0.7210144996643066,1.1232244968414307,
922,0.7244718074798584,1.110455870628357,
923,0.7260273694992065,1.0970734357833862,
924,0.7308333516120911,1.0843602418899536,
925,0.7337662577629089,1.0740870237350464,
926,0.7357594966888428,1.0679116249084473,
927,0.7399691343307495,1.0537887811660767,
928,0.7447289228439331,1.0438123941421509,
929,0.7463235259056091,1.0339128971099854,
930,0.7514367699623108,1.0205172300338745,
931,0.7535112500190735,1.013731837272644,
932,0.7575549483299255,1.0076708793640137,
933,0.7600806355476379,1.0003712177276611,
934,0.7638157606124878,0.9893531203269958,
935,0.7648195624351501,0.980466365814209,
936,0.7670454382896423,0.9720982313156128,
937,0.7673267126083374,0.9698020219802856,
938,0.7688106894493103,0.9652374386787415,
939,0.7684524059295654,0.9599477052688599,
940,0.769859790802002,0.9570992588996887,
941,0.7712156176567078,0.9505908489227295,
942,0.7691441178321838,0.9508752822875977,
943,0.7721238732337952,0.9443024396896362,
944,0.7739130258560181,0.9362697005271912,
945,0.7767093777656555,0.9293069839477539,
946,0.7778361439704895,0.9240114688873291,
947,0.7778925895690918,0.9211766719818115,
948,0.7789633870124817,0.9158157706260681,
949,0.7804999947547913,0.9081367254257202,
950,0.5717592835426331,1.4209412336349487,
951,0.5905172228813171,1.3732067346572876,
952,0.6068548560142517,1.335607647895813,
953,0.6193181872367859,1.2958645820617676,
954,0.6321428418159485,1.2560285329818726,
955,0.6418918967247009,1.2208726406097412,
956,0.6554487347602844,1.189190149307251,
957,0.6615853905677795,1.1647733449935913,
958,0.6627907156944275,1.1541351079940796,
959,0.6708333492279053,1.1352847814559937,
960,0.6795212626457214,1.1151071786880493,
961,0.6836734414100647,1.0951015949249268,
962,0.686274528503418,1.093656063079834,
963,0.6933962106704712,1.0759550333023071,
964,0.6977272629737854,1.06428062915802,
965,0.7039473652839661,1.0462555885314941,
966,0.7097457647323608,1.0346840620040894,
967,0.7120901346206665,1.020348072052002,
968,0.7172619104385376,1.0084646940231323,
969,0.7201923131942749,0.9969295859336853,
970,0.7220149040222168,0.9881612062454224,
971,0.7246376872062683,0.977810263633728,
972,0.7297534942626953,0.9660486578941345,
973,0.7337328791618347,0.9567515850067139,
974,0.7333333492279053,0.9524102807044983,
975,0.7345778942108154,0.947405219078064,
976,0.7373417615890503,0.9387396574020386,
977,0.7422839403152466,0.9249818325042725,
978,0.7432228922843933,0.9206417202949524,
979,0.7463235259056091,0.9117637872695923,
980,0.7492815852165222,0.9047006368637085,
981,0.7521067261695862,0.8994068503379822,
982,0.7534340620040894,0.8917922973632812,
983,0.7547042965888977,0.8838520050048828,
984,0.754605233669281,0.8809012770652771,
985,0.7564433217048645,0.8772093057632446,
986,0.7594696879386902,0.8720229864120483,
987,0.7611386179924011,0.8664479851722717,
988,0.7627426981925964,0.8639008402824402,
989,0.7642857432365417,0.8594172596931458,
990,0.7669392228126526,0.8529738783836365,
991,0.7677752375602722,0.8495928645133972,
992,0.7708333134651184,0.8425796627998352,
993,0.7710176706314087,0.8399554491043091,
994,0.77173912525177,0.8363960981369019,
995,0.7740384340286255,0.8311892747879028,
996,0.7746848464012146,0.8290601372718811,
997,0.7763429880142212,0.8256257772445679,
998,0.7779471278190613,0.8224902749061584,
999,0.781000018119812,0.8151170611381531,
1000,0.6574074029922485,1.308319091796875,
1001,0.6659482717514038,1.2712292671203613,
1002,0.6814516186714172,1.2239229679107666,
1003,0.6912878751754761,1.1906096935272217,
1004,0.7053571343421936,1.1501630544662476,
1005,0.712837815284729,1.1187458038330078,
1006,0.7131410241127014,1.1031074523925781,
1007,0.7240853905677795,1.0737069845199585,
1008,0.7325581312179565,1.044137954711914,
1009,0.7361111044883728,1.0220372676849365,
1010,0.7446808218955994,0.9918726086616516,
1011,0.7461734414100647,0.9781712293624878,
1012,0.75,0.9691424369812012,
1013,0.7558962106704712,0.9532604813575745,
1014,0.7602272629737854,0.9351770281791687,
1015,0.7631579041481018,0.9233564138412476,
1016,0.7669491767883301,0.9121488928794861,
1017,0.7694672346115112,0.8993030786514282,
1018,0.7748016119003296,0.8863205909729004,
1019,0.7759615182876587,0.8785486221313477,
1020,0.7770522236824036,0.8709306716918945,
1021,0.779891312122345,0.8675413727760315,
1022,0.7816901206970215,0.8614575266838074,
1023,0.7816780805587769,0.8547937870025635,
1024,0.7816666960716248,0.8489958643913269,
1025,0.7824675440788269,0.8407766222953796,
1026,0.7840189933776855,0.8376806974411011,
1027,0.7870370149612427,0.829302191734314,
1028,0.7906626462936401,0.8212608695030212,
1029,0.7926470637321472,0.8143843412399292,
1030,0.795976996421814,0.8048136234283447,
1031,0.7977527976036072,0.7997422814369202,
1032,0.8001373410224915,0.7940003275871277,
1033,0.801075279712677,0.7890099883079529,
1034,0.7986842393875122,0.7871058583259583,
1035,0.7976804375648499,0.7867163419723511,
1036,0.7979797720909119,0.784480631351471,
1037,0.7988861203193665,0.7830193638801575,
1038,0.8009708523750305,0.7750529050827026,
1039,0.8011904954910278,0.773242712020874,
1040,0.802570104598999,0.7705010175704956,
1041,0.8038991093635559,0.7671688795089722,
1042,0.8029279112815857,0.768751859664917,
1043,0.803650438785553,0.7682561874389648,
1044,0.8054347634315491,0.764058530330658,
1045,0.8071581125259399,0.7595018148422241,
1046,0.8093487620353699,0.7555598616600037,
1047,0.80888432264328,0.7568194270133972,
1048,0.8104674816131592,0.7516313791275024,
1049,0.8105000257492065,0.750686764717102,
1050,0.6504629850387573,1.2399871349334717,
1051,0.670258641242981,1.189478874206543,
1052,0.6854838728904724,1.1427582502365112,
1053,0.6931818127632141,1.1161305904388428,
1054,0.7053571343421936,1.0762561559677124,
1055,0.7195945978164673,1.0432662963867188,
1056,0.7323718070983887,1.0134577751159668,
1057,0.7362805008888245,0.9933847784996033,
1058,0.7412790656089783,0.9710720181465149,
1059,0.7472222447395325,0.9523295760154724,
1060,0.7526595592498779,0.9353691339492798,
1061,0.7538265585899353,0.9394063353538513,
1062,0.7610294222831726,0.9218083620071411,
1063,0.7665094137191772,0.90420001745224,
1064,0.7659090757369995,0.8965071439743042,
1065,0.7675438523292542,0.8919076919555664,
1066,0.7722457647323608,0.8784361481666565,
1067,0.7756147384643555,0.8686450719833374,
1068,0.7767857313156128,0.8587781190872192,
1069,0.7788461446762085,0.8540865182876587,
1070,0.7817164063453674,0.8431059718132019,
1071,0.7853260636329651,0.8317078948020935,
1072,0.7843309640884399,0.827829122543335,
1073,0.7868150472640991,0.8188420534133911,
1074,0.7908333539962769,0.8133976459503174,
1075,0.7922077775001526,0.8148669004440308,
1076,0.795094907283783,0.8076615929603577,
1077,0.7970678806304932,0.7983789443969727,
1078,0.7996987700462341,0.7921177744865417,
1079,0.8029412031173706,0.7825771570205688,
1080,0.8038793206214905,0.7802596092224121,
1081,0.8033707737922668,0.7774121761322021,
1082,0.8021978139877319,0.7759188413619995,
1083,0.8004032373428345,0.7783739566802979,
1084,0.8006578683853149,0.7754619121551514,
1085,0.8009020686149597,0.7746415138244629,
1086,0.8023989796638489,0.7701621055603027,
1087,0.8044554591178894,0.7655654549598694,
1088,0.8052184581756592,0.7615690231323242,
1089,0.8047618865966797,0.7603046894073486,
1090,0.8054906725883484,0.7564300894737244,
1091,0.8056192398071289,0.7550048232078552,
1092,0.8063063025474548,0.7525666356086731,
1093,0.8080752491950989,0.748089075088501,
1094,0.810326099395752,0.7427254319190979,
1095,0.811965823173523,0.7392668128013611,
1096,0.8135504126548767,0.735854983329773,
1097,0.8150826692581177,0.7314119338989258,
1098,0.8170731663703918,0.7273122072219849,
1099,0.8184999823570251,0.7223927974700928,
1100,0.6388888955116272,1.273688793182373,
1101,0.6487069129943848,1.23491632938385,
1102,0.6592742204666138,1.2025212049484253,
1103,0.6723484992980957,1.1710883378982544,
1104,0.6785714030265808,1.1401727199554443,
1105,0.6942567825317383,1.0958362817764282,
1106,0.7067307829856873,1.0593905448913574,
1107,0.7164633870124817,1.0307596921920776,
1108,0.7223837375640869,1.008684515953064,
1109,0.7250000238418579,0.9933391809463501,
1110,0.7313829660415649,0.9745029807090759,
1111,0.7372449040412903,0.9627283811569214,
1112,0.7450980544090271,0.9419019222259521,
1113,0.7511792182922363,0.9248998165130615,
1114,0.7568181753158569,0.9120722413063049,
1115,0.7598684430122375,0.9001721143722534,
1116,0.7637711763381958,0.8855348229408264,
1117,0.7694672346115112,0.8711907863616943,
1118,0.773809552192688,0.8580173254013062,
1119,0.7749999761581421,0.852225661277771,
1120,0.7789179086685181,0.8407021760940552,
1121,0.7807971239089966,0.8338949680328369,
1122,0.7816901206970215,0.8266092538833618,
1123,0.7808219194412231,0.82479327917099,
1124,0.7825000286102295,0.8196861147880554,
1125,0.7832792401313782,0.8162160515785217,
1126,0.7832278609275818,0.8161579370498657,
1127,0.7870370149612427,0.8066047430038452,
1128,0.786897599697113,0.8023859262466431,
1129,0.7897058725357056,0.7971000075340271,
1130,0.7909482717514038,0.792076826095581,
1131,0.7942415475845337,0.7814249396324158,
1132,0.7967032790184021,0.777658998966217,
1133,0.7970430254936218,0.7725057005882263,
1134,0.7980263233184814,0.7675473690032959,
1135,0.7996134161949158,0.7623851299285889,
1136,0.8011363744735718,0.7577624320983887,
1137,0.8025990128517151,0.7519980072975159,
1138,0.8064320683479309,0.7439337372779846,
1139,0.8071428537368774,0.7385919690132141,
1140,0.8095794320106506,0.7328508496284485,
1141,0.810206413269043,0.730408251285553,
1142,0.8091216087341309,0.7321662306785583,
1143,0.8091813921928406,0.7302125692367554,
1144,0.811413049697876,0.7262086272239685,
1145,0.8108974099159241,0.7272394299507141,
1146,0.8135504126548767,0.7215901017189026,
1147,0.8150826692581177,0.7166215181350708,
1148,0.8165650367736816,0.7120335102081299,
1149,0.8184999823570251,0.7070570588111877,
1150,0.6226851940155029,1.3279780149459839,
1151,0.642241358757019,1.2618321180343628,
1152,0.6552419066429138,1.2210476398468018,
1153,0.6685606241226196,1.1795995235443115,
1154,0.6803571581840515,1.1427886486053467,
1155,0.6925675868988037,1.1085284948349,
1156,0.6971153616905212,1.0994229316711426,
1157,0.7103658318519592,1.0656439065933228,
1158,0.7180232405662537,1.0358407497406006,
1159,0.7263888716697693,1.013255000114441,
1160,0.7313829660415649,0.9925528764724731,
1161,0.7359693646430969,0.9725940227508545,
1162,0.7414215803146362,0.9613969326019287,
1163,0.7452830076217651,0.9446882009506226,
1164,0.7522727251052856,0.9279747009277344,
1165,0.7576754093170166,0.9124179482460022,
1166,0.758474588394165,0.9045567512512207,
1167,0.7643442749977112,0.8889533281326294,
1168,0.7658730149269104,0.8814319968223572,
1169,0.7682692408561707,0.8739635348320007,
1170,0.7723880410194397,0.8600075840950012,
1171,0.7744565010070801,0.8494949340820312,
1172,0.7728873491287231,0.8471777439117432,
1173,0.7739726305007935,0.8442391753196716,
1174,0.778333306312561,0.8316307067871094,
1175,0.7808441519737244,0.8214414715766907,
1176,0.7832278609275818,0.8095332980155945,
1177,0.7847222089767456,0.80156010389328,
1178,0.7861445546150208,0.7985402941703796,
1179,0.7897058725357056,0.7911726236343384,
1180,0.7909482717514038,0.7838234901428223,
1181,0.7935393452644348,0.7789760828018188,
1182,0.7967032790184021,0.7713831067085266,
1183,0.7990591526031494,0.7658624053001404,
1184,0.8013157844543457,0.759929358959198,
1185,0.8028350472450256,0.7550258636474609,
1186,0.8042929172515869,0.7515275478363037,
1187,0.8050742745399475,0.7472310662269592,
1188,0.8064320683479309,0.742056667804718,
1189,0.8089285492897034,0.7365679144859314,
1190,0.8107476830482483,0.7333255410194397,
1191,0.8125,0.7277461886405945,
1192,0.8141891956329346,0.7246188521385193,
1193,0.814712405204773,0.7205643057823181,
1194,0.8173912763595581,0.7163082361221313,
1195,0.8183760643005371,0.7113825678825378,
1196,0.8198529481887817,0.7072882652282715,
1197,0.8197314143180847,0.7053630352020264,
1198,0.8216463327407837,0.7021785974502563,
1199,0.8215000033378601,0.7003023028373718,
1200,0.6620370149612427,1.2487866878509521,
1201,0.6724137663841248,1.205609917640686,
1202,0.6875,1.155809760093689,
1203,0.6969696879386902,1.115021824836731,
1204,0.7107142806053162,1.077828288078308,
1205,0.7229729890823364,1.0416717529296875,
1206,0.7275640964508057,1.0212088823318481,
1207,0.7332317233085632,1.0047845840454102,
1208,0.7412790656089783,0.9774458408355713,
1209,0.7513889074325562,0.947599470615387,
1210,0.7566489577293396,0.9283279180526733,
1211,0.7602040767669678,0.9175804853439331,
1212,0.7634803652763367,0.9030040502548218,
1213,0.7688679099082947,0.8836601972579956,
1214,0.7738636136054993,0.8648508787155151,
1215,0.7763158082962036,0.8515559434890747,
1216,0.7796609997749329,0.8370478749275208,
1217,0.7838114500045776,0.8279042840003967,
1218,0.7876983880996704,0.8158889412879944,
1219,0.7903845906257629,0.8070940971374512,
1220,0.795708954334259,0.793874979019165,
1221,0.7998188138008118,0.7835822105407715,
1222,0.8019366264343262,0.7763121128082275,
1223,0.806506872177124,0.7641432881355286,
1224,0.8100000023841858,0.7527227401733398,
1225,0.8116883039474487,0.7506741285324097,
1226,0.8164557218551636,0.7367916107177734,
1227,0.8186728358268738,0.7292472720146179,
1228,0.8192771077156067,0.7208124399185181,
1229,0.8198529481887817,0.7169744372367859,
1230,0.8218390941619873,0.713578999042511,
1231,0.824438214302063,0.7072348594665527,
1232,0.8262362480163574,0.7010547518730164,
1233,0.8266128897666931,0.6989696621894836,
1234,0.8289473652839661,0.6933429837226868,
1235,0.8311855792999268,0.6878858208656311,
1236,0.8333333134651184,0.6828397512435913,
1237,0.8329207897186279,0.6812484860420227,
1238,0.833737850189209,0.6759325861930847,
1239,0.8345237970352173,0.6708822250366211,
1240,0.836448609828949,0.6637575626373291,
1241,0.8365825414657593,0.6634128093719482,
1242,0.8367117047309875,0.6609218120574951,
1243,0.8379424810409546,0.6562349200248718,
1244,0.8396739363670349,0.6520994901657104,
1245,0.8408119678497314,0.6498750448226929,
1246,0.8403361439704895,0.6455081105232239,
1247,0.8414255976676941,0.6394303441047668,
1248,0.8434959053993225,0.6358422040939331,
1249,0.8454999923706055,0.6311995983123779,
1250,0.6875,1.1387243270874023,
1251,0.6982758641242981,1.0976746082305908,
1252,0.711693525314331,1.0683220624923706,
1253,0.7272727489471436,1.0268833637237549,
1254,0.7357142567634583,0.9955190420150757,
1255,0.7466216087341309,0.9665000438690186,
1256,0.7580128312110901,0.9323331117630005,
1257,0.7637194991111755,0.9090356826782227,
1258,0.7674418687820435,0.8898192048072815,
1259,0.7722222208976746,0.8740100264549255,
1260,0.7805851101875305,0.8523182272911072,
1261,0.7857142686843872,0.8376948833465576,
1262,0.7916666865348816,0.8164080381393433,
1263,0.7948113083839417,0.8070715665817261,
1264,0.7977272868156433,0.7943929433822632,
1265,0.7993420958518982,0.7879424095153809,
1266,0.8008474707603455,0.7832520008087158,
1267,0.8053278923034668,0.7718988060951233,
1268,0.8095238208770752,0.7593173384666443,
1269,0.8105769157409668,0.7523593902587891,
1270,0.8115671873092651,0.7485634684562683,
1271,0.8152173757553101,0.7371624112129211,
1272,0.8186619877815247,0.7297735810279846,
1273,0.8219178318977356,0.7209895849227905,
1274,0.8233333230018616,0.7138428092002869,
1275,0.8254870176315308,0.7070843577384949,
1276,0.8283227682113647,0.6981533169746399,
1277,0.8294752836227417,0.6898810863494873,
1278,0.8305723071098328,0.6863136291503906,
1279,0.8338235020637512,0.677015483379364,
1280,0.8369252681732178,0.6689895391464233,
1281,0.8398876190185547,0.6614351868629456,
1282,0.8427197933197021,0.6560491323471069,
1283,0.8454301357269287,0.6480449438095093,
1284,0.8473684191703796,0.6421477794647217,
1285,0.8485824465751648,0.6371989250183105,
1286,0.8503788113594055,0.6327877044677734,
1287,0.8521039485931396,0.6265395283699036,
1288,0.8531553149223328,0.6223369240760803,
1289,0.8523809313774109,0.6232859492301941,
1290,0.8545560836791992,0.6168009638786316,
1291,0.85550457239151,0.6145787239074707,
1292,0.8581081032752991,0.6066737771034241,
1293,0.8584070801734924,0.6032688021659851,
1294,0.8592391014099121,0.5983750820159912,
1295,0.8589743375778198,0.5956942439079285,
1296,0.8602941036224365,0.5948196649551392,
1297,0.8584710955619812,0.5962743759155273,
1298,0.8592479825019836,0.5946099758148193,
1299,0.8604999780654907,0.5918046236038208,
1300,0.6851851940155029,1.1855107545852661,
1301,0.7004310488700867,1.1375024318695068,
1302,0.7177419066429138,1.0926141738891602,
1303,0.7310606241226196,1.0531971454620361,
1304,0.737500011920929,1.017052412033081,
1305,0.7483108043670654,0.9888672828674316,
1306,0.7532051205635071,0.9605880379676819,
1307,0.7621951103210449,0.9339720606803894,
1308,0.7718023061752319,0.9019968509674072,
1309,0.7777777910232544,0.8813837766647339,
1310,0.7805851101875305,0.8687057495117188,
1311,0.7857142686843872,0.8492838144302368,
1312,0.7916666865348816,0.8330803513526917,
1313,0.7983490824699402,0.8126535415649414,
1314,0.8011363744735718,0.8043471574783325,
1315,0.8026315569877625,0.7971814870834351,
1316,0.8082627058029175,0.7838823199272156,
1317,0.8094262480735779,0.7760193347930908,
1318,0.8144841194152832,0.760574460029602,
1319,0.8182692527770996,0.7490304708480835,
1320,0.8218283653259277,0.7388712763786316,
1321,0.8242753744125366,0.7369795441627502,
1322,0.8283450603485107,0.726352870464325,
1323,0.8287671208381653,0.7180383801460266,
1324,0.8308333158493042,0.709998607635498,
1325,0.8344155550003052,0.6981085538864136,
1326,0.8362341523170471,0.6893938183784485,
1327,0.8387345671653748,0.681060791015625,
1328,0.8403614163398743,0.6770012974739075,
1329,0.8397058844566345,0.6736672520637512,
1330,0.8405172228813171,0.6680789589881897,
1331,0.8426966071128845,0.6641327738761902,
1332,0.8454670310020447,0.65596604347229,
1333,0.8461021780967712,0.6517131924629211,
1334,0.8467105031013489,0.6481973528862,
1335,0.8466494679450989,0.644964873790741,
1336,0.8484848737716675,0.6396090388298035,
1337,0.8490098714828491,0.6351381540298462,
1338,0.8495145440101624,0.6300763487815857,
1339,0.8494047522544861,0.6280122995376587,
1340,0.8498831987380981,0.6241512298583984,
1341,0.85149085521698,0.6198129057884216,
1342,0.8530405163764954,0.6161679625511169,
1343,0.8545354008674622,0.6121602058410645,
1344,0.854347825050354,0.6105290055274963,
1345,0.8536324501037598,0.6101363301277161,
1346,0.8545168042182922,0.6070085763931274,
1347,0.8543388247489929,0.6048784852027893,
1348,0.8561992049217224,0.5992193222045898,
1349,0.8569999933242798,0.5970454812049866,
1350,0.6481481194496155,1.2323951721191406,
1351,0.6594827771186829,1.1885802745819092,
1352,0.6733871102333069,1.1475268602371216,
1353,0.689393937587738,1.1008665561676025,
1354,0.7017857432365417,1.054722785949707,
1355,0.7145270109176636,1.016530990600586,
1356,0.7259615659713745,0.9811059236526489,
1357,0.7378048896789551,0.9502780437469482,
1358,0.742732584476471,0.9301699995994568,
1359,0.7513889074325562,0.9062164425849915,
1360,0.7566489577293396,0.8875083327293396,
1361,0.7614796161651611,0.8705382943153381,
1362,0.7683823704719543,0.8511011600494385,
1363,0.775943398475647,0.8369026780128479,
1364,0.7784090638160706,0.825229823589325,
1365,0.7828947305679321,0.8111828565597534,
1366,0.7838982939720154,0.8041219115257263,
1367,0.7899590134620667,0.7894907593727112,
1368,0.7936508059501648,0.7815201878547668,
1369,0.795192301273346,0.7746623158454895,
1370,0.7985074520111084,0.7636216282844543,
1371,0.8007246255874634,0.7520032525062561,
1372,0.8028169274330139,0.746018648147583,
1373,0.806506872177124,0.7360973954200745,
1374,0.809166669845581,0.7279381155967712,
1375,0.8100649118423462,0.72236567735672,
1376,0.8109177350997925,0.7156345248222351,
1377,0.8148148059844971,0.7048980593681335,
1378,0.8177710771560669,0.6975871920585632,
1379,0.8191176652908325,0.691631019115448,
1380,0.8218390941619873,0.6840980052947998,
1381,0.8230336904525757,0.6830818057060242,
1382,0.8241758346557617,0.6757257580757141,
1383,0.8259408473968506,0.6692374348640442,
1384,0.8276315927505493,0.6637812256813049,
1385,0.8286082744598389,0.6602640748023987,
1386,0.8314393758773804,0.6526365280151367,
1387,0.8341584205627441,0.6450159549713135,
1388,0.8355582356452942,0.6392174363136292,
1389,0.8374999761581421,0.6337271332740784,
1390,0.8393691778182983,0.6289176344871521,
1391,0.8411697149276733,0.6266504526138306,
1392,0.8423423171043396,0.6204825043678284,
1393,0.8440265655517578,0.6168254613876343,
1394,0.844565212726593,0.61566162109375,
1395,0.8456196784973145,0.6114407777786255,
1396,0.8471638560295105,0.6089823246002197,
1397,0.8486570119857788,0.6051127910614014,
1398,0.8490853905677795,0.6014156341552734,
1399,0.8500000238418579,0.5975778698921204,
1400,0.6805555820465088,1.2006714344024658,
1401,0.6918103694915771,1.1658034324645996,
1402,0.7056451439857483,1.1115068197250366,
1403,0.7234848737716675,1.0652315616607666,
1404,0.7321428656578064,1.0347181558609009,
1405,0.7449324131011963,0.9984812140464783,
1406,0.7483974099159241,0.9758540391921997,
1407,0.7576219439506531,0.9499871730804443,
1408,0.7659883499145508,0.9230890274047852,
1409,0.7749999761581421,0.8960503339767456,
1410,0.7805851101875305,0.8748339414596558,
1411,0.7844387888908386,0.8590586185455322,
1412,0.7843137383460999,0.8503672480583191,
1413,0.7900943160057068,0.8291307091712952,
1414,0.7943181991577148,0.8158205151557922,
1415,0.7993420958518982,0.7974902391433716,
1416,0.804025411605835,0.7822533249855042,
1417,0.8084016442298889,0.7671017050743103,
1418,0.8125,0.7520620822906494,
1419,0.817307710647583,0.7374395132064819,
1420,0.8190298676490784,0.7338789701461792,
1421,0.8215579986572266,0.7222458720207214,
1422,0.8248239159584045,0.7120215892791748,
1423,0.8287671208381653,0.7024550437927246,
1424,0.8316666483879089,0.6971592903137207,
1425,0.8327922224998474,0.6923636198043823,
1426,0.8346518874168396,0.6859391331672668,
1427,0.8387345671653748,0.675356388092041,
1428,0.8403614163398743,0.669214129447937,
1429,0.8426470756530762,0.6614919304847717,
1430,0.8419540524482727,0.6603598594665527,
1431,0.8426966071128845,0.656399130821228,
1432,0.8427197933197021,0.6551082134246826,
1433,0.8440860509872437,0.6500645279884338,
1434,0.8467105031013489,0.6430737376213074,
1435,0.8479381203651428,0.6383033990859985,
1436,0.8472222089767456,0.6390258073806763,
1437,0.8459158539772034,0.6371562480926514,
1438,0.8458737730979919,0.6363736987113953,
1439,0.8482142686843872,0.629928469657898,
1440,0.8481308221817017,0.6276906728744507,
1441,0.8463302850723267,0.6281542778015137,
1442,0.8474099040031433,0.6254652738571167,
1443,0.8490044474601746,0.6232718825340271,
1444,0.8489130139350891,0.6195606589317322,
1445,0.8514957427978516,0.6141786575317383,
1446,0.8503151535987854,0.6140186190605164,
1447,0.85175621509552,0.6085206866264343,
1448,0.8531504273414612,0.6042554378509521,
1449,0.8535000085830688,0.6007089614868164,
1450,0.6620370149612427,1.1949591636657715,
1451,0.6831896305084229,1.1313543319702148,
1452,0.6995967626571655,1.0794682502746582,
1453,0.7140151262283325,1.04482102394104,
1454,0.7267857193946838,1.0008832216262817,
1455,0.7347972989082336,0.9718400835990906,
1456,0.7435897588729858,0.9426234364509583,
1457,0.7484756112098694,0.922749936580658,
1458,0.757267415523529,0.8915717601776123,
1459,0.7652778029441833,0.8729651570320129,
1460,0.7739361524581909,0.8511331677436829,
1461,0.7831632494926453,0.8261930346488953,
1462,0.7879902124404907,0.8122958540916443,
1463,0.7948113083839417,0.7945917248725891,
1464,0.7954545617103577,0.7834832072257996,
1465,0.8004385828971863,0.7663027048110962,
1466,0.8029661178588867,0.7571410536766052,
1467,0.8073770403862,0.7426814436912537,
1468,0.8125,0.7281641364097595,
1469,0.8163461685180664,0.7168934345245361,
1470,0.8218283653259277,0.7034136056900024,
1471,0.8260869383811951,0.6915065050125122,
1472,0.8283450603485107,0.6836751103401184,
1473,0.8321917653083801,0.6743360161781311,
1474,0.8349999785423279,0.6674749255180359,
1475,0.8384740352630615,0.6567021608352661,
1476,0.8409810066223145,0.6478247046470642,
1477,0.8410493731498718,0.643661379814148,
1478,0.8441265225410461,0.6345545053482056,
1479,0.846323549747467,0.6281753778457642,
1480,0.8477011322975159,0.6222193241119385,
1481,0.8490168452262878,0.6145980954170227,
1482,0.8495879173278809,0.6126588582992554,
1483,0.8514785170555115,0.6075870394706726,
1484,0.8532894849777222,0.6017483472824097,
1485,0.8563144207000732,0.5946921110153198,
1486,0.8592171669006348,0.5889718532562256,
1487,0.8613861203193665,0.5850621461868286,
1488,0.8610436916351318,0.5814566612243652,
1489,0.8619047403335571,0.578596830368042,
1490,0.8639018535614014,0.5724762678146362,
1491,0.8646789193153381,0.5665876269340515,
1492,0.8671171069145203,0.5605647563934326,
1493,0.8678097128868103,0.5586242079734802,
1494,0.8695651888847351,0.5545967221260071,
1495,0.8712607026100159,0.5496571063995361,
1496,0.8728991746902466,0.5461649894714355,
1497,0.8734503984451294,0.5439504384994507,
1498,0.8755081295967102,0.5394893288612366,
1499,0.875,0.5372511148452759,
1500,0.6712962985038757,1.2001322507858276,
1501,0.6896551847457886,1.1430538892745972,
1502,0.7036290168762207,1.0897150039672852,
1503,0.7215909361839294,1.0348610877990723,
1504,0.7339285612106323,0.9972445964813232,
1505,0.7449324131011963,0.9551257491111755,
1506,0.7532051205635071,0.9291098117828369,
1507,0.7637194991111755,0.895768404006958,
1508,0.7732558250427246,0.8752318024635315,
1509,0.7777777910232544,0.8575760126113892,
1510,0.7819148898124695,0.8365375995635986,
1511,0.7882652878761292,0.815618634223938,
1512,0.7904411554336548,0.8093077540397644,
1513,0.7936320900917053,0.7950668334960938,
1514,0.7977272868156433,0.7815446257591248,
1515,0.8026315569877625,0.7677471041679382,
1516,0.8072034120559692,0.7583444118499756,
1517,0.8094262480735779,0.7455964684486389,
1518,0.8115079402923584,0.7415629029273987,
1519,0.8134615421295166,0.7334904074668884,
1520,0.8143656849861145,0.7272531986236572,
1521,0.8170289993286133,0.7160163521766663,
1522,0.8204225301742554,0.7053159475326538,
1523,0.8210616707801819,0.6997588872909546,
1524,0.8241666555404663,0.6889327168464661,
1525,0.826298713684082,0.6795459389686584,
1526,0.8291139006614685,0.6704781651496887,
1527,0.832561731338501,0.6609574556350708,
1528,0.8350903391838074,0.6537757515907288,
1529,0.8382353186607361,0.6456330418586731,
1530,0.8412356376647949,0.6388865113258362,
1531,0.8419944047927856,0.6325512528419495,
1532,0.8447802066802979,0.6256403923034668,
1533,0.8474462628364563,0.618365466594696,
1534,0.8480263352394104,0.6164024472236633,
1535,0.8498711585998535,0.6103428602218628,
1536,0.8522727489471436,0.6033301949501038,
1537,0.8533415794372559,0.5981550216674805,
1538,0.8555825352668762,0.5917333960533142,
1539,0.8583333492279053,0.5857319235801697,
1540,0.8592289686203003,0.5818367600440979,
1541,0.8606651425361633,0.5777303576469421,
1542,0.8626126050949097,0.5721240639686584,
1543,0.8633849620819092,0.5689398050308228,
1544,0.865760862827301,0.5631230473518372,
1545,0.8653846383094788,0.5612605810165405,
1546,0.8671218752861023,0.5561935305595398,
1547,0.8688016533851624,0.5514957904815674,
1548,0.8704268336296082,0.546284019947052,
1549,0.8709999918937683,0.5442401170730591,
1550,0.7060185074806213,1.040549397468567,
1551,0.7262930870056152,0.9862009882926941,
1552,0.7358871102333069,0.9478594064712524,
1553,0.748106062412262,0.9096840023994446,
1554,0.7607142925262451,0.8719783425331116,
1555,0.7736486196517944,0.8380067944526672,
1556,0.7820512652397156,0.8171464204788208,
1557,0.792682945728302,0.7860727906227112,
1558,0.7994186282157898,0.7631256580352783,
1559,0.8055555820465088,0.7473791241645813,
1560,0.811170220375061,0.7269619107246399,
1561,0.8150510191917419,0.7082135677337646,
1562,0.8223039507865906,0.6894381046295166,
1563,0.8278301954269409,0.671279788017273,
1564,0.8329545259475708,0.6556868553161621,
1565,0.8377193212509155,0.640629768371582,
1566,0.8432203531265259,0.6277848482131958,
1567,0.8422130942344666,0.6225587725639343,
1568,0.846230149269104,0.6113002896308899,
1569,0.8490384817123413,0.6042658090591431,
1570,0.8507462739944458,0.5967245101928711,
1571,0.8541666865348816,0.587112307548523,
1572,0.8556337952613831,0.5806452631950378,
1573,0.857876718044281,0.5745094418525696,
1574,0.8600000143051147,0.5674177408218384,
1575,0.8628246784210205,0.5589796900749207,
1576,0.8647152185440063,0.5524969696998596,
1577,0.8672839403152466,0.5458385348320007,
1578,0.8704819083213806,0.5378713011741638,
1579,0.8735294342041016,0.5328624844551086,
1580,0.8757184147834778,0.5259337425231934,
1581,0.8778089880943298,0.5205445885658264,
1582,0.8770604133605957,0.5183699727058411,
1583,0.8756720423698425,0.518393337726593,
1584,0.8769736886024475,0.5137438178062439,
1585,0.8788659572601318,0.5085386037826538,
1586,0.8806818127632141,0.5038319826126099,
1587,0.8824257254600525,0.49973541498184204,
1588,0.8828883767127991,0.49752077460289,
1589,0.8839285969734192,0.4954654574394226,
1590,0.8855140209197998,0.49179187417030334,
1591,0.8864678740501404,0.48920363187789917,
1592,0.8873873949050903,0.48602762818336487,
1593,0.8893805146217346,0.481781005859375,
1594,0.8907608985900879,0.47838032245635986,
1595,0.8920940160751343,0.4743494391441345,
1596,0.8923319578170776,0.47162944078445435,
1597,0.8941115736961365,0.46709975600242615,
1598,0.894817054271698,0.4636520743370056,
1599,0.8960000276565552,0.4592941403388977,
1600,0.7430555820465088,0.9868268370628357,
1601,0.756465494632721,0.9381098747253418,
1602,0.7701612710952759,0.9017705321311951,
1603,0.7784090638160706,0.8684021234512329,
1604,0.7892857193946838,0.8354613184928894,
1605,0.7888513803482056,0.8274094462394714,
1606,0.7948718070983887,0.8052961230278015,
1607,0.8018292784690857,0.7858359217643738,
1608,0.8081395626068115,0.7641269564628601,
1609,0.8152777552604675,0.743133544921875,
1610,0.8204787373542786,0.7249029278755188,
1611,0.8265306353569031,0.7031646370887756,
1612,0.8321078419685364,0.6871944665908813,
1613,0.8372641801834106,0.6698958873748779,
1614,0.8420454263687134,0.6605036854743958,
1615,0.8453947305679321,0.647686243057251,
1616,0.8495762944221497,0.6351518630981445,
1617,0.8545082211494446,0.6199265718460083,
1618,0.8591269850730896,0.6066339612007141,
1619,0.862500011920929,0.5952115654945374,
1620,0.8656716346740723,0.5859566926956177,
1621,0.8686594367027283,0.5755256414413452,
1622,0.8714788556098938,0.5670109391212463,
1623,0.8741438388824463,0.5600671172142029,
1624,0.8774999976158142,0.5501923561096191,
1625,0.8782467246055603,0.5440987944602966,
1626,0.8797468543052673,0.5359351634979248,
1627,0.8819444179534912,0.5314496159553528,
1628,0.8825300931930542,0.5249598622322083,
1629,0.883088231086731,0.5224713683128357,
1630,0.8850574493408203,0.5163384079933167,
1631,0.8862359523773193,0.5103464126586914,
1632,0.8873626589775085,0.5059269666671753,
1633,0.8891128897666931,0.502414882183075,
1634,0.8907894492149353,0.49725252389907837,
1635,0.8923969268798828,0.4912017285823822,
1636,0.8933081030845642,0.487026572227478,
1637,0.8941831588745117,0.48442697525024414,
1638,0.896237850189209,0.4785958528518677,
1639,0.8982142806053162,0.47501441836357117,
1640,0.8995327353477478,0.47095125913619995,
1641,0.8990825414657593,0.47007864713668823,
1642,0.8980855941772461,0.468454509973526,
1643,0.8987832069396973,0.46617230772972107,
1644,0.8989130258560181,0.46260949969291687,
1645,0.9001068472862244,0.4586988091468811,
1646,0.9007353186607361,0.45692065358161926,
1647,0.9013429880142212,0.4536305367946625,
1648,0.9024389982223511,0.4493664503097534,
1649,0.9020000100135803,0.4495730698108673,
1650,0.7152777910232544,0.9933536052703857,
1651,0.7349137663841248,0.9389820098876953,
1652,0.7479838728904724,0.8987824320793152,
1653,0.7575757503509521,0.8671749830245972,
1654,0.7678571343421936,0.832037091255188,
1655,0.775337815284729,0.7986199855804443,
1656,0.7772436141967773,0.7847408056259155,
1657,0.7850610017776489,0.7668594121932983,
1658,0.792151153087616,0.7454546689987183,
1659,0.7958333492279053,0.7318717241287231,
1660,0.8031914830207825,0.7130135297775269,
1661,0.8086734414100647,0.6980109214782715,
1662,0.813725471496582,0.6847698092460632,
1663,0.8183962106704712,0.6724253296852112,
1664,0.8215909004211426,0.6594367027282715,
1665,0.8267543911933899,0.6438412070274353,
1666,0.8273305296897888,0.6383848190307617,
1667,0.8319672346115112,0.6264702677726746,
1668,0.83432537317276,0.6180976629257202,
1669,0.8394230604171753,0.6080726385116577,
1670,0.8432835936546326,0.597618043422699,
1671,0.845108687877655,0.5896743535995483,
1672,0.8468309640884399,0.5829494595527649,
1673,0.8501712083816528,0.5749161839485168,
1674,0.8525000214576721,0.5673280954360962,
1675,0.8563311696052551,0.5577853322029114,
1676,0.8583860993385315,0.5516549944877625,
1677,0.8603395223617554,0.5435116291046143,
1678,0.8606927990913391,0.5422583222389221,
1679,0.8632352948188782,0.5405123829841614,
1680,0.8642241358757019,0.5367186069488525,
1681,0.8658707737922668,0.5323466062545776,
1682,0.8688187003135681,0.5241482853889465,
1683,0.8702957034111023,0.5184372663497925,
1684,0.8723683953285217,0.5127679705619812,
1685,0.874355673789978,0.511422872543335,
1686,0.876893937587738,0.506270706653595,
1687,0.8787128925323486,0.5028247833251953,
1688,0.8798543810844421,0.4980512857437134,
1689,0.8815476298332214,0.49205106496810913,
1690,0.8831775784492493,0.4875904619693756,
1691,0.8847476840019226,0.4827617406845093,
1692,0.8856981992721558,0.47829562425613403,
1693,0.8866150379180908,0.47504061460494995,
1694,0.8880434632301331,0.4723246395587921,
1695,0.8888888955116272,0.4704888164997101,
1696,0.8897058963775635,0.46736380457878113,
1697,0.8904958963394165,0.4643717110157013,
1698,0.8912601470947266,0.46108126640319824,
1699,0.8920000195503235,0.4593878388404846,
1700,0.6712962985038757,1.2399359941482544,
1701,0.6918103694915771,1.1713635921478271,
1702,0.7076612710952759,1.1129518747329712,
1703,0.7215909361839294,1.0678071975708008,
1704,0.7339285612106323,1.0236717462539673,
1705,0.7449324131011963,0.9882394075393677,
1706,0.7564102411270142,0.9495086669921875,
1707,0.7667682766914368,0.9167052507400513,
1708,0.770348846912384,0.8966257572174072,
1709,0.7777777910232544,0.8739517331123352,
1710,0.7859042286872864,0.8480886220932007,
1711,0.7895408272743225,0.826999843120575,
1712,0.7977941036224365,0.8049560189247131,
1713,0.8042452931404114,0.7821539640426636,
1714,0.8102272748947144,0.762505829334259,
1715,0.8146929740905762,0.749335765838623,
1716,0.8177965879440308,0.7354943156242371,
1717,0.8227459192276001,0.7220920920372009,
1718,0.8273809552192688,0.7073849439620972,
1719,0.8317307829856873,0.693357527256012,
1720,0.8367537260055542,0.6774965524673462,
1721,0.8405796885490417,0.6638296246528625,
1722,0.8433098793029785,0.6573859453201294,
1723,0.8441780805587769,0.6521818041801453,
1724,0.846666693687439,0.6454702615737915,
1725,0.8482142686843872,0.6403979659080505,
1726,0.8504746556282043,0.6313566565513611,
1727,0.8518518805503845,0.6224533915519714,
1728,0.8546686768531799,0.6133298873901367,
1729,0.8558823466300964,0.6096714735031128,
1730,0.858476996421814,0.6007634401321411,
1731,0.8616573214530945,0.5899279713630676,
1732,0.8640109896659851,0.5808112621307373,
1733,0.8669354915618896,0.5736714601516724,
1734,0.86710524559021,0.5701315402984619,
1735,0.8698453903198242,0.5651900768280029,
1736,0.872474730014801,0.5576182007789612,
1737,0.8737623691558838,0.554291307926178,
1738,0.8756067752838135,0.547294557094574,
1739,0.8767856955528259,0.5430173873901367,
1740,0.8790887594223022,0.5357463359832764,
1741,0.8813073635101318,0.5289302468299866,
1742,0.8817567825317383,0.524260401725769,
1743,0.8821902871131897,0.5246270298957825,
1744,0.884239137172699,0.518808126449585,
1745,0.8856837749481201,0.5137228965759277,
1746,0.8865545988082886,0.5087062120437622,
1747,0.8879132270812988,0.5041041374206543,
1748,0.8887194991111755,0.5016555190086365,
1749,0.8899999856948853,0.4969312250614166,
1750,0.7129629850387573,1.0488168001174927,
1751,0.732758641242981,0.9884353280067444,
1752,0.7479838728904724,0.9436430931091309,
1753,0.7575757503509521,0.9184566140174866,
1754,0.7696428298950195,0.8775536417961121,
1755,0.7804054021835327,0.845241904258728,
1756,0.7868589758872986,0.8194066882133484,
1757,0.7957317233085632,0.7915585041046143,
1758,0.805232584476471,0.7621058225631714,
1759,0.8111110925674438,0.7394043207168579,
1760,0.8178191781044006,0.7176655530929565,
1761,0.8239796161651611,0.6981720328330994,
1762,0.8296568393707275,0.6824550032615662,
1763,0.8349056839942932,0.6677600741386414,
1764,0.8397727012634277,0.6539493203163147,
1765,0.843201756477356,0.643826425075531,
1766,0.8474576473236084,0.6290977001190186,
1767,0.8493852615356445,0.6205617189407349,
1768,0.85317462682724,0.6086724996566772,
1769,0.8557692170143127,0.6003530025482178,
1770,0.858208954334259,0.5914103388786316,
1771,0.8623188138008118,0.5809815526008606,
1772,0.8644366264343262,0.5713067650794983,
1773,0.8655821681022644,0.5668970942497253,
1774,0.8666666746139526,0.5615747570991516,
1775,0.8701298832893372,0.5524381995201111,
1776,0.871835470199585,0.5463463664054871,
1777,0.875,0.5377222299575806,
1778,0.8772590160369873,0.5290087461471558,
1779,0.8801470398902893,0.5210278034210205,
1780,0.881465494632721,0.5144375562667847,
1781,0.8827247023582458,0.5083329677581787,
1782,0.8846153616905212,0.5002932548522949,
1783,0.886424720287323,0.49404165148735046,
1784,0.8881579041481018,0.49020805954933167,
1785,0.8898195624351501,0.48456448316574097,
1786,0.8907828330993652,0.47979626059532166,
1787,0.8929455280303955,0.47373977303504944,
1788,0.895024299621582,0.467633455991745,
1789,0.8970237970352173,0.4628935754299164,
1790,0.8966121673583984,0.46017396450042725,
1791,0.89850914478302,0.4558974504470825,
1792,0.8992117047309875,0.45170068740844727,
1793,0.8993362784385681,0.45116886496543884,
1794,0.9005434513092041,0.44691914319992065,
1795,0.9022436141967773,0.44246411323547363,
1796,0.9038865566253662,0.43946799635887146,
1797,0.9049586653709412,0.43501779437065125,
1798,0.9049796462059021,0.4335660934448242,
1799,0.9045000076293945,0.4318503737449646,
1800,0.7037037014961243,1.0426898002624512,
1801,0.7198275923728943,0.9912611246109009,
1802,0.7338709831237793,0.952396810054779,
1803,0.75,0.9008584022521973,
1804,0.762499988079071,0.8625750541687012,
1805,0.7702702879905701,0.8376747369766235,
1806,0.7804487347602844,0.807647705078125,
1807,0.7865853905677795,0.7847112417221069,
1808,0.7936046719551086,0.7694239020347595,
1809,0.8013888597488403,0.7429295182228088,
1810,0.8071808218955994,0.7233469486236572,
1811,0.8137755393981934,0.7043400406837463,
1812,0.8198529481887817,0.6859638690948486,
1813,0.823113203048706,0.6763091087341309,
1814,0.8284090757369995,0.6613870859146118,
1815,0.8344298005104065,0.6444335579872131,
1816,0.8400423526763916,0.6283881664276123,
1817,0.8432376980781555,0.6174805164337158,
1818,0.8472222089767456,0.6072078943252563,
1819,0.8500000238418579,0.59983229637146,
1820,0.8535447716712952,0.5930384397506714,
1821,0.8568840622901917,0.5854071974754333,
1822,0.86091548204422,0.5761921405792236,
1823,0.8613013625144958,0.571229100227356,
1824,0.8616666793823242,0.5643168687820435,
1825,0.8620129823684692,0.5631553530693054,
1826,0.863132894039154,0.5589179992675781,
1827,0.8665123581886292,0.5485172271728516,
1828,0.8697289228439331,0.5410966277122498,
1829,0.8727940917015076,0.5336098074913025,
1830,0.875,0.5255966186523438,
1831,0.8778089880943298,0.5189049243927002,
1832,0.8791208863258362,0.5121470093727112,
1833,0.8790322542190552,0.5075662732124329,
1834,0.8802631497383118,0.5051741600036621,
1835,0.8827319741249084,0.49723705649375916,
1836,0.8844696879386902,0.491242378950119,
1837,0.8861386179924011,0.4861770570278168,
1838,0.8877426981925964,0.4804978668689728,
1839,0.8880952596664429,0.47645458579063416,
1840,0.8884345889091492,0.47439834475517273,
1841,0.8893348574638367,0.471023827791214,
1842,0.8902027010917664,0.46760886907577515,
1843,0.8904867172241211,0.4653349220752716,
1844,0.8918478488922119,0.4613744616508484,
1845,0.8926281929016113,0.4578849673271179,
1846,0.8923319578170776,0.45606929063796997,
1847,0.8930785059928894,0.454041063785553,
1848,0.8938007950782776,0.453104168176651,
1849,0.8949999809265137,0.44961437582969666,
1850,0.7337962985038757,0.9778115749359131,
1851,0.7456896305084229,0.9378847479820251,
1852,0.7600806355476379,0.8950125575065613,
1853,0.7727272510528564,0.8583309650421143,
1854,0.7839285731315613,0.8236700296401978,
1855,0.7956081032752991,0.7860830426216125,
1856,0.8044871687889099,0.7570843696594238,
1857,0.8140243887901306,0.7297139763832092,
1858,0.8212209343910217,0.7089633941650391,
1859,0.8277778029441833,0.6860626935958862,
1860,0.8311170339584351,0.668302595615387,
1861,0.8354591727256775,0.652219831943512,
1862,0.8370097875595093,0.6413595080375671,
1863,0.8419811129570007,0.6276655197143555,
1864,0.8465909361839294,0.6099959015846252,
1865,0.8519737124443054,0.5924960374832153,
1866,0.8569915294647217,0.576292097568512,
1867,0.8565573692321777,0.5704496502876282,
1868,0.8611111044883728,0.5586950778961182,
1869,0.8644230961799622,0.5469934344291687,
1870,0.8684701323509216,0.5346628427505493,
1871,0.8695651888847351,0.5260631442070007,
1872,0.8705986142158508,0.522649347782135,
1873,0.8724315166473389,0.5155034065246582,
1874,0.8758333325386047,0.5072404146194458,
1875,0.8774350881576538,0.501858651638031,
1876,0.8797468543052673,0.4955161511898041,
1877,0.8819444179534912,0.48766961693763733,
1878,0.8810241222381592,0.4872119724750519,
1879,0.883088231086731,0.47827884554862976,
1880,0.8850574493408203,0.4743911027908325,
1881,0.8862359523773193,0.4696212112903595,
1882,0.8866758346557617,0.4697971045970917,
1883,0.8884408473968506,0.46707749366760254,
1884,0.8894736766815186,0.4625626802444458,
1885,0.8917526006698608,0.45735278725624084,
1886,0.8933081030845642,0.4529462158679962,
1887,0.8954207897186279,0.4482489228248596,
1888,0.8968446850776672,0.4488113522529602,
1889,0.8976190686225891,0.44592052698135376,
1890,0.8995327353477478,0.44069451093673706,
1891,0.9013761281967163,0.43622446060180664,
1892,0.9031531810760498,0.43158024549484253,
1893,0.9048672318458557,0.42661359906196594,
1894,0.905978262424469,0.4246130883693695,
1895,0.9070512652397156,0.42180612683296204,
1896,0.9086134433746338,0.4179396331310272,
1897,0.9085744023323059,0.4158594310283661,
1898,0.9100610017776489,0.4117039442062378,
1899,0.9100000262260437,0.40953749418258667,
1900,0.6967592835426331,1.0310393571853638,
1901,0.7133620977401733,0.9856941103935242,
1902,0.7318548560142517,0.9325088262557983,
1903,0.748106062412262,0.8890405297279358,
1904,0.762499988079071,0.8483861684799194,
1905,0.7719594836235046,0.8107969164848328,
1906,0.7836538553237915,0.776382565498352,
1907,0.792682945728302,0.7483375072479248,
1908,0.8023256063461304,0.719065248966217,
1909,0.8111110925674438,0.6947067975997925,
1910,0.8191489577293396,0.6744542121887207,
1911,0.8265306353569031,0.6573807001113892,
1912,0.8321078419685364,0.6370097994804382,
1913,0.8349056839942932,0.6269612312316895,
1914,0.8397727012634277,0.6111076474189758,
1915,0.8453947305679321,0.5951671004295349,
1916,0.8495762944221497,0.5829518437385559,
1917,0.8524590134620667,0.571642279624939,
1918,0.8571428656578064,0.5571272969245911,
1919,0.8605769276618958,0.5480315089225769,
1920,0.8647388219833374,0.5379466414451599,
1921,0.8677536249160767,0.5271796584129333,
1922,0.8705986142158508,0.5190872550010681,
1923,0.8724315166473389,0.5133858919143677,
1924,0.8758333325386047,0.5024601817131042,
1925,0.8790584206581116,0.49289852380752563,
1926,0.8821202516555786,0.48580747842788696,
1927,0.8842592835426331,0.48025503754615784,
1928,0.8862951993942261,0.47541868686676025,
1929,0.8889706134796143,0.4664551615715027,
1930,0.8893678188323975,0.4639572501182556,
1931,0.8904494643211365,0.4610866904258728,
1932,0.8921703100204468,0.45391419529914856,
1933,0.8938171863555908,0.44925621151924133,
1934,0.8940789699554443,0.4469533860683441,
1935,0.8949742317199707,0.44586291909217834,
1936,0.8964646458625793,0.4402303099632263,
1937,0.8966584205627441,0.4389897584915161,
1938,0.8986650705337524,0.43362802267074585,
1939,0.9005952477455139,0.4295606315135956,
1940,0.9012850522994995,0.4255508482456207,
1941,0.9013761281967163,0.425069659948349,
1942,0.9020270109176636,0.4222157597541809,
1943,0.903761088848114,0.41648542881011963,
1944,0.904891312122345,0.4131532311439514,
1945,0.9059829115867615,0.4086896479129791,
1946,0.9065126180648804,0.4074093997478485,
1947,0.9075413346290588,0.4046209156513214,
1948,0.9090447425842285,0.4018762409687042,
1949,0.9104999899864197,0.39871683716773987,
1950,0.7407407164573669,0.9394347667694092,
1951,0.7543103694915771,0.8912352919578552,
1952,0.7681451439857483,0.8448440432548523,
1953,0.7821969985961914,0.802839994430542,
1954,0.7910714149475098,0.771769106388092,
1955,0.8023648858070374,0.737817645072937,
1956,0.8125,0.7085939645767212,
1957,0.8201219439506531,0.6829550862312317,
1958,0.8255813717842102,0.6629585027694702,
1959,0.831944465637207,0.6459413766860962,
1960,0.8377659320831299,0.6307765245437622,
1961,0.8431122303009033,0.6129313111305237,
1962,0.8480392098426819,0.6000181436538696,
1963,0.8514150977134705,0.5869477987289429,
1964,0.855681836605072,0.5725677013397217,
1965,0.8607456088066101,0.5565490126609802,
1966,0.8644067645072937,0.5468876361846924,
1967,0.868852436542511,0.5352804064750671,
1968,0.8730158805847168,0.5231345891952515,
1969,0.8759615421295166,0.5153337717056274,
1970,0.8796641826629639,0.5033570528030396,
1971,0.8813405632972717,0.49901482462882996,
1972,0.8846830725669861,0.4905237555503845,
1973,0.886130154132843,0.48276278376579285,
1974,0.8891666531562805,0.47424590587615967,
1975,0.8904221057891846,0.46675971150398254,
1976,0.892405092716217,0.4606490433216095,
1977,0.895061731338501,0.4564683139324188,
1978,0.8968373537063599,0.4511082172393799,
1979,0.8977941274642944,0.44734910130500793,
1980,0.8994252681732178,0.44096076488494873,
1981,0.9002808928489685,0.4378046691417694,
1982,0.9017857313156128,0.4310561418533325,
1983,0.9032257795333862,0.42928510904312134,
1984,0.9052631855010986,0.42380040884017944,
1985,0.907216489315033,0.4171432852745056,
1986,0.9078282713890076,0.41525521874427795,
1987,0.9090346693992615,0.410592257976532,
1988,0.9108009934425354,0.40518733859062195,
1989,0.911309540271759,0.4033203423023224,
1990,0.9117990732192993,0.4005603492259979,
1991,0.9128440618515015,0.3970887064933777,
1992,0.9144144058227539,0.3922486901283264,
1993,0.9137167930603027,0.39453551173210144,
1994,0.915217399597168,0.3906162977218628,
1995,0.9161324501037598,0.3875066637992859,
1996,0.9170168042182922,0.38422805070877075,
1997,0.91787189245224,0.38322949409484863,
1998,0.9192073345184326,0.3799080550670624,
1999,0.9190000295639038,0.37892475724220276,
2000,0.7430555820465088,0.9293596744537354,
2001,0.7586206793785095,0.8882461786270142,
2002,0.7721773982048035,0.8421369194984436,
2003,0.7859848737716675,0.8036004900932312,
2004,0.7946428656578064,0.7768534421920776,
2005,0.8057432174682617,0.7436838150024414,
2006,0.8108974099159241,0.7173084020614624,
2007,0.8185975551605225,0.6946805715560913,
2008,0.8212209343910217,0.6781288385391235,
2009,0.8277778029441833,0.6589071154594421,
2010,0.833776593208313,0.6366082429885864,
2011,0.8380101919174194,0.623136043548584,
2012,0.841911792755127,0.6112662553787231,
2013,0.8478773832321167,0.592513918876648,
2014,0.8534091114997864,0.5758940577507019,
2015,0.8585526347160339,0.5640611052513123,
2016,0.8612288236618042,0.5544306635856628,
2017,0.8637295365333557,0.5432847738265991,
2018,0.8660714030265808,0.5345311164855957,
2019,0.870192289352417,0.5240505933761597,
2020,0.8731343150138855,0.5147995948791504,
2021,0.8759058117866516,0.5076375007629395,
2022,0.8794013857841492,0.4963342845439911,
2023,0.8818492889404297,0.49027958512306213,
2024,0.8849999904632568,0.4818522036075592,
2025,0.8879870176315308,0.4729616343975067,
2026,0.886867105960846,0.4705730974674225,
2027,0.8873456716537476,0.4713488817214966,
2028,0.8893072009086609,0.4641863703727722,
2029,0.8919117450714111,0.4572301208972931,
2030,0.8936781883239746,0.4498848021030426,
2031,0.8953651785850525,0.4434373080730438,
2032,0.8969780206680298,0.4381038248538971,
2033,0.897849440574646,0.4346824884414673,
2034,0.8993421196937561,0.43017151951789856,
2035,0.8988401889801025,0.43097880482673645,
2036,0.8996211886405945,0.42695850133895874,
2037,0.9009901285171509,0.42476388812065125,
2038,0.9016990065574646,0.42334407567977905,
2039,0.9017857313156128,0.4215506911277771,
2040,0.90362149477005,0.4160110652446747,
2041,0.9042431116104126,0.4146389961242676,
2042,0.9059684872627258,0.4103315770626068,
2043,0.9070796370506287,0.40606412291526794,
2044,0.908695638179779,0.40350788831710815,
2045,0.9086538553237915,0.4028974771499634,
2046,0.9091386795043945,0.40127497911453247,
2047,0.9106404781341553,0.39748507738113403,
2048,0.9115853905677795,0.39582958817481995,
2049,0.9125000238418579,0.39320749044418335,
2050,0.7777777910232544,0.8776088953018188,
2051,0.7931034564971924,0.8309015035629272,
2052,0.8064516186714172,0.7866957783699036,
2053,0.8181818127632141,0.747789740562439,
2054,0.8285714387893677,0.7143605351448059,
2055,0.8361486196517944,0.6870900988578796,
2056,0.8429487347602844,0.6632372140884399,
2057,0.8490853905677795,0.6394580006599426,
2058,0.854651153087616,0.6185676455497742,
2059,0.8611111044883728,0.5994101166725159,
2060,0.8630319237709045,0.5843978524208069,
2061,0.8673469424247742,0.5687465071678162,
2062,0.8713235259056091,0.5538657307624817,
2063,0.8702830076217651,0.5494511723518372,
2064,0.8738636374473572,0.5358902215957642,
2065,0.8760964870452881,0.524725615978241,
2066,0.8792372941970825,0.5194098949432373,
2067,0.881147563457489,0.512890636920929,
2068,0.8849206566810608,0.5025321245193481,
2069,0.887499988079071,0.49679282307624817,
2070,0.8899253606796265,0.48877447843551636,
2071,0.8931159377098083,0.47748249769210815,
2072,0.8952465057373047,0.47013580799102783,
2073,0.8972602486610413,0.4642947018146515,
2074,0.8974999785423279,0.46107956767082214,
2075,0.9001623392105103,0.4563823640346527,
2076,0.9003164768218994,0.4536758065223694,
2077,0.9020061492919922,0.4469946026802063,
2078,0.9043674468994141,0.4423242509365082,
2079,0.9058823585510254,0.43660277128219604,
2080,0.9066091775894165,0.4337698519229889,
2081,0.908707857131958,0.4276963472366333,
2082,0.9107142686843872,0.4208917021751404,
2083,0.9126344323158264,0.41608017683029175,
2084,0.9138157963752747,0.40941932797431946,
2085,0.9155927896499634,0.40336373448371887,
2086,0.9160353541374207,0.39971792697906494,
2087,0.9176980257034302,0.3945780396461487,
2088,0.919296145439148,0.38985127210617065,
2089,0.9208333492279053,0.3856162428855896,
2090,0.9217289686203003,0.38236871361732483,
2091,0.9220183491706848,0.3805634677410126,
2092,0.9234234094619751,0.3768155872821808,
2093,0.9247787594795227,0.3734911382198334,
2094,0.926086962223053,0.37058892846107483,
2095,0.9268162250518799,0.36768847703933716,
2096,0.9280462265014648,0.3632665276527405,
2097,0.9287189841270447,0.3609803318977356,
2098,0.9288617968559265,0.3579177260398865,
2099,0.9300000071525574,0.3555713891983032,
2100,0.7407407164573669,0.978746771812439,
2101,0.756465494632721,0.9278591871261597,
2102,0.7721773982048035,0.8781275749206543,
2103,0.7859848737716675,0.8338135480880737,
2104,0.7982142567634583,0.7949418425559998,
2105,0.8091216087341309,0.7600494623184204,
2106,0.817307710647583,0.7311415672302246,
2107,0.8246951103210449,0.7047454714775085,
2108,0.832848846912384,0.6791821122169495,
2109,0.8388888835906982,0.658217191696167,
2110,0.8404255509376526,0.6464462876319885,
2111,0.8456632494926453,0.6285476088523865,
2112,0.8517156839370728,0.6079193949699402,
2113,0.8561320900917053,0.5918145179748535,
2114,0.8602272868156433,0.5769242644309998,
2115,0.8640350699424744,0.5651547908782959,
2116,0.866525411605835,0.5578368902206421,
2117,0.8698770403862,0.5454536080360413,
2118,0.8740079402923584,0.5322946310043335,
2119,0.8759615421295166,0.5235960483551025,
2120,0.878731369972229,0.5144567489624023,
2121,0.8813405632972717,0.5063443183898926,
2122,0.8838028311729431,0.4972552955150604,
2123,0.886130154132843,0.4920992851257324,
2124,0.8891666531562805,0.4814416468143463,
2125,0.8920454382896423,0.47232773900032043,
2126,0.8939873576164246,0.46634572744369507,
2127,0.8966049551963806,0.4592791795730591,
2128,0.8975903391838074,0.45469343662261963,
2129,0.8992646932601929,0.44820526242256165,
2130,0.9015804529190063,0.4415437877178192,
2131,0.903792142868042,0.43447035551071167,
2132,0.905906617641449,0.4269053339958191,
2133,0.9059139490127563,0.4247669577598572,
2134,0.9072368144989014,0.42008301615715027,
2135,0.9085051417350769,0.41606247425079346,
2136,0.9103535413742065,0.41118091344833374,
2137,0.9108911156654358,0.4078209400177002,
2138,0.9126213788986206,0.40318402647972107,
2139,0.913690447807312,0.3986280560493469,
2140,0.9153037667274475,0.39337417483329773,
2141,0.9162843823432922,0.3893171548843384,
2142,0.9172297120094299,0.3866705000400543,
2143,0.9181416034698486,0.38321200013160706,
2144,0.919021725654602,0.38052135705947876,
2145,0.9193376302719116,0.377773255109787,
2146,0.9196428656578064,0.375669926404953,
2147,0.9209710955619812,0.37311965227127075,
2148,0.9212398529052734,0.3714861571788788,
2149,0.921999990940094,0.36913663148880005,
2150,0.7384259104728699,0.9464001059532166,
2151,0.756465494632721,0.8898963928222656,
2152,0.7701612710952759,0.8439249396324158,
2153,0.7821969985961914,0.8040339350700378,
2154,0.7928571701049805,0.7711127996444702,
2155,0.8040540814399719,0.7376194000244141,
2156,0.8125,0.708797037601471,
2157,0.8216463327407837,0.6801261305809021,
2158,0.8299418687820435,0.6556954383850098,
2159,0.8361111283302307,0.6349988579750061,
2160,0.8430851101875305,0.6139481067657471,
2161,0.8494898080825806,0.5959999561309814,
2162,0.8541666865348816,0.5818983316421509,
2163,0.8596698045730591,0.5690301060676575,
2164,0.8647727370262146,0.5547952055931091,
2165,0.8695175647735596,0.5421007871627808,
2166,0.8707627058029175,0.5369405150413513,
2167,0.873975396156311,0.525935709476471,
2168,0.8769841194152832,0.5174243450164795,
2169,0.8807692527770996,0.5055400133132935,
2170,0.8833954930305481,0.49583297967910767,
2171,0.8867753744125366,0.48742952942848206,
2172,0.889964759349823,0.47894006967544556,
2173,0.8929794430732727,0.4712720513343811,
2174,0.8949999809265137,0.46294137835502625,
2175,0.8952922224998474,0.4558304250240326,
2176,0.8955696225166321,0.45296511054039,
2177,0.897376537322998,0.44496235251426697,
2178,0.8998494148254395,0.43767768144607544,
2179,0.9022058844566345,0.43023645877838135,
2180,0.9037356376647949,0.42473986744880676,
2181,0.9058988690376282,0.4185066223144531,
2182,0.906593382358551,0.4148395359516144,
2183,0.9079301357269287,0.41322606801986694,
2184,0.9092105031013489,0.41004478931427,
2185,0.9104381203651428,0.40675368905067444,
2186,0.9116161465644836,0.4016636312007904,
2187,0.9121286869049072,0.39731135964393616,
2188,0.9138349294662476,0.3916778266429901,
2189,0.9142857193946838,0.3887220621109009,
2190,0.9153037667274475,0.38658463954925537,
2191,0.9162843823432922,0.38405662775039673,
2192,0.917792797088623,0.3801419138908386,
2193,0.9192478060722351,0.3760265111923218,
2194,0.9206521511077881,0.37199199199676514,
2195,0.9214743375778198,0.36880359053611755,
2196,0.9227941036224365,0.36485323309898376,
2197,0.922520637512207,0.3636539876461029,
2198,0.9232723712921143,0.36144497990608215,
2199,0.9240000247955322,0.35767772793769836,
2200,0.7546296119689941,0.9253414869308472,
2201,0.767241358757019,0.8783940076828003,
2202,0.7802419066429138,0.833136260509491,
2203,0.7935606241226196,0.7914672493934631,
2204,0.8035714030265808,0.7577973008155823,
2205,0.8074324131011963,0.7429253458976746,
2206,0.8157051205635071,0.7161349058151245,
2207,0.8246951103210449,0.6882806420326233,
2208,0.8313953280448914,0.665667712688446,
2209,0.8388888835906982,0.6446439623832703,
2210,0.8457446694374084,0.6224719882011414,
2211,0.8520408272743225,0.6054345369338989,
2212,0.8566176295280457,0.5903697609901428,
2213,0.8620283007621765,0.5726757645606995,
2214,0.8670454621315002,0.556532621383667,
2215,0.8706140518188477,0.5432119369506836,
2216,0.8739407062530518,0.530497670173645,
2217,0.8770492076873779,0.5185580849647522,
2218,0.8809523582458496,0.5069428086280823,
2219,0.8846153616905212,0.49525585770606995,
2220,0.888059675693512,0.483281672000885,
2221,0.8885869383811951,0.4794670343399048,
2222,0.8917253613471985,0.4725809693336487,
2223,0.8946917653083801,0.46376746892929077,
2224,0.8974999785423279,0.4539901614189148,
2225,0.9001623392105103,0.4451903700828552,
2226,0.9026898741722107,0.43814918398857117,
2227,0.9020061492919922,0.434832900762558,
2228,0.9043674468994141,0.428033709526062,
2229,0.9066176414489746,0.4215799570083618,
2230,0.9080459475517273,0.4170277416706085,
2231,0.9101123809814453,0.4109949767589569,
2232,0.9120879173278809,0.40477225184440613,
2233,0.9139785170555115,0.39815664291381836,
2234,0.9151315689086914,0.3951527774333954,
2235,0.9155927896499634,0.3907666504383087,
2236,0.9172979593276978,0.3857983946800232,
2237,0.9183168411254883,0.3815189301967621,
2238,0.9199029207229614,0.3768094480037689,
2239,0.9202380776405334,0.3730911612510681,
2240,0.9217289686203003,0.36905810236930847,
2241,0.9225917458534241,0.3649824261665344,
2242,0.9239864945411682,0.36046940088272095,
2243,0.9253318309783936,0.3557436168193817,
2244,0.926630437374115,0.35268720984458923,
2245,0.9268162250518799,0.35294538736343384,
2246,0.9280462265014648,0.34899842739105225,
2247,0.9292355179786682,0.3461136221885681,
2248,0.9303861856460571,0.3427917957305908,
2249,0.9304999709129333,0.3420199453830719,
2250,0.7569444179534912,0.9093689918518066,
2251,0.7693965435028076,0.8686059713363647,
2252,0.7802419066429138,0.8306761980056763,
2253,0.7935606241226196,0.7954878807067871,
2254,0.8053571581840515,0.7572716474533081,
2255,0.8141891956329346,0.7274001240730286,
2256,0.8237179517745972,0.6975353360176086,
2257,0.8307926654815674,0.6730136275291443,
2258,0.8386628031730652,0.6477240920066833,
2259,0.8430555462837219,0.6284905076026917,
2260,0.8497340679168701,0.6079970598220825,
2261,0.855867326259613,0.5897279381752014,
2262,0.8602941036224365,0.5782845616340637,
2263,0.864386796951294,0.5635283589363098,
2264,0.8670454621315002,0.5532036423683167,
2265,0.8717105388641357,0.5384756922721863,
2266,0.875,0.5278071761131287,
2267,0.8780737519264221,0.5185879468917847,
2268,0.8819444179534912,0.5067744255065918,
2269,0.8836538195610046,0.49653154611587524,
2270,0.8852611780166626,0.4880485534667969,
2271,0.8885869383811951,0.47923317551612854,
2272,0.8917253613471985,0.4713863730430603,
2273,0.8938356041908264,0.46511146426200867,
2274,0.8958333134651184,0.4578720033168793,
2275,0.8977272510528564,0.45010489225387573,
2276,0.9003164768218994,0.44179680943489075,
2277,0.9027777910232544,0.43613773584365845,
2278,0.9043674468994141,0.4296373426914215,
2279,0.9058823585510254,0.423103928565979,
2280,0.9080459475517273,0.4162277579307556,
2281,0.9101123809814453,0.4114307463169098,
2282,0.9107142686843872,0.4097501039505005,
2283,0.9126344323158264,0.40423038601875305,
2284,0.9138157963752747,0.4000658392906189,
2285,0.9149484634399414,0.3956093490123749,
2286,0.9166666865348816,0.3897014856338501,
2287,0.9176980257034302,0.3849056363105774,
2288,0.9186893105506897,0.3807844817638397,
2289,0.9196428656578064,0.3771642744541168,
2290,0.9211448431015015,0.37192171812057495,
2291,0.9225917458534241,0.3679797351360321,
2292,0.9239864945411682,0.36444586515426636,
2293,0.9242256879806519,0.36118650436401367,
2294,0.925543487071991,0.356400728225708,
2295,0.9257478713989258,0.35425302386283875,
2296,0.9259454011917114,0.3537091612815857,
2297,0.9271694421768188,0.35146671533584595,
2298,0.9283536672592163,0.3495293855667114,
2299,0.9290000200271606,0.34696459770202637,
2300,0.7824074029922485,0.8863725066184998,
2301,0.795258641242981,0.8456243872642517,
2302,0.8064516186714172,0.8032930493354797,
2303,0.8181818127632141,0.7656761407852173,
2304,0.8267857432365417,0.7349564433097839,
2305,0.8361486196517944,0.7034600377082825,
2306,0.8429487347602844,0.6800021529197693,
2307,0.8506097793579102,0.6540365815162659,
2308,0.8575581312179565,0.6295233368873596,
2309,0.8638888597488403,0.6058688759803772,
2310,0.8696808218955994,0.5849278569221497,
2311,0.875,0.5667727589607239,
2312,0.8799019455909729,0.5476212501525879,
2313,0.8832547068595886,0.5321295261383057,
2314,0.8863636255264282,0.5195174217224121,
2315,0.890350878238678,0.505552351474762,
2316,0.8940678238868713,0.4924866259098053,
2317,0.8975409865379333,0.48055529594421387,
2318,0.9007936716079712,0.4693358838558197,
2319,0.9038461446762085,0.4591975510120392,
2320,0.9067164063453674,0.45146164298057556,
2321,0.9094203114509583,0.44237640500068665,
2322,0.9110915660858154,0.43592169880867004,
2323,0.9118150472640991,0.4303200840950012,
2324,0.9108333587646484,0.42862796783447266,
2325,0.913149356842041,0.42037469148635864,
2326,0.9153481125831604,0.4135144352912903,
2327,0.9166666865348816,0.4066057503223419,
2328,0.9186747074127197,0.40195712447166443,
2329,0.9191176295280457,0.39662301540374756,
2330,0.9195402264595032,0.39301085472106934,
2331,0.9199438095092773,0.3885362148284912,
2332,0.9217032790184021,0.38336530327796936,
2333,0.9220430254936218,0.3805443048477173,
2334,0.9230263233184814,0.37594524025917053,
2335,0.9233247637748718,0.3715800642967224,
2336,0.9242424368858337,0.367887407541275,
2337,0.9257425665855408,0.3632323741912842,
2338,0.9259708523750305,0.3626272976398468,
2339,0.9267857074737549,0.3596501648426056,
2340,0.927570104598999,0.35578644275665283,
2341,0.9283257126808167,0.3527531027793884,
2342,0.9290540814399719,0.3526018559932709,
2343,0.9297566413879395,0.3496737480163574,
2344,0.929347813129425,0.34762439131736755,
2345,0.930021345615387,0.34363555908203125,
2346,0.930672287940979,0.3405147194862366,
2347,0.9318181872367859,0.3379107415676117,
2348,0.932418704032898,0.33530688285827637,
2349,0.9334999918937683,0.33311623334884644,
2350,0.7245370149612427,0.9772735238075256,
2351,0.7413793206214905,0.9214882850646973,
2352,0.7540322542190552,0.8776120543479919,
2353,0.7689393758773804,0.8358222842216492,
2354,0.7821428775787354,0.7996524572372437,
2355,0.7939189076423645,0.7675861120223999,
2356,0.8044871687889099,0.7352309226989746,
2357,0.8140243887901306,0.7080397009849548,
2358,0.8226743936538696,0.6820199489593506,
2359,0.8305555582046509,0.6601775884628296,
2360,0.8377659320831299,0.6369849443435669,
2361,0.8431122303009033,0.6174744963645935,
2362,0.8492646813392639,0.5970252752304077,
2363,0.8537735939025879,0.5802784562110901,
2364,0.8579545617103577,0.5654963254928589,
2365,0.8607456088066101,0.5558658838272095,
2366,0.8654661178588867,0.5427553653717041,
2367,0.8678278923034668,0.5339910984039307,
2368,0.870039701461792,0.5232384204864502,
2369,0.8740384578704834,0.5122959017753601,
2370,0.8777984976768494,0.5038666129112244,
2371,0.8813405632972717,0.4941193461418152,
2372,0.8829225301742554,0.48500970005989075,
2373,0.8852739930152893,0.4751538336277008,
2374,0.8883333206176758,0.46585455536842346,
2375,0.8912337422370911,0.45668521523475647,
2376,0.8931962251663208,0.4497184753417969,
2377,0.8942901492118835,0.44430625438690186,
2378,0.8960843086242676,0.4373164772987366,
2379,0.8985294103622437,0.429238498210907,
2380,0.9008620977401733,0.42261242866516113,
2381,0.9023876190185547,0.41619354486465454,
2382,0.9038461446762085,0.41126686334609985,
2383,0.9059139490127563,0.40539777278900146,
2384,0.9078947305679321,0.39883580803871155,
2385,0.9091494679450989,0.3939652144908905,
2386,0.9097222089767456,0.3900842070579529,
2387,0.9115098714828491,0.38428160548210144,
2388,0.9132281541824341,0.37942564487457275,
2389,0.913690447807312,0.3776243329048157,
2390,0.9147196412086487,0.37582963705062866,
2391,0.9162843823432922,0.371674507856369,
2392,0.917792797088623,0.36799710988998413,
2393,0.9192478060722351,0.36360299587249756,
2394,0.9206521511077881,0.3621363043785095,
2395,0.9209401607513428,0.3608212471008301,
2396,0.9222689270973206,0.3567121922969818,
2397,0.922520637512207,0.35502511262893677,
2398,0.922764241695404,0.3544766306877136,
2399,0.9240000247955322,0.35179129242897034,
2400,0.7407407164573669,0.8734237551689148,
2401,0.7586206793785095,0.82582026720047,
2402,0.7721773982048035,0.7874516248703003,
2403,0.7840909361839294,0.7485116124153137,
2404,0.7946428656578064,0.7150255441665649,
2405,0.8040540814399719,0.6854113340377808,
2406,0.8141025900840759,0.6573710441589355,
2407,0.8216463327407837,0.6356664299964905,
2408,0.8284883499145508,0.6130397319793701,
2409,0.8361111283302307,0.5907692909240723,
2410,0.8417553305625916,0.5723561644554138,
2411,0.8482142686843872,0.5537983775138855,
2412,0.8517156839370728,0.5377089381217957,
2413,0.8573113083839417,0.5228787064552307,
2414,0.862500011920929,0.5085441470146179,
2415,0.8662280440330505,0.49685123562812805,
2416,0.8697034120559692,0.48971694707870483,
2417,0.873975396156311,0.47694653272628784,
2418,0.8779761791229248,0.4646175801753998,
2419,0.8817307949066162,0.4563993513584137,
2420,0.8852611780166626,0.4481172561645508,
2421,0.8885869383811951,0.4388411343097687,
2422,0.8917253613471985,0.43143853545188904,
2423,0.8946917653083801,0.4228082299232483,
2424,0.8974999785423279,0.41781818866729736,
2425,0.9001623392105103,0.4112284779548645,
2426,0.9026898741722107,0.4037065804004669,
2427,0.9050925970077515,0.396953821182251,
2428,0.9066265225410461,0.39027854800224304,
2429,0.908823549747467,0.3834274411201477,
2430,0.9109195470809937,0.37824028730392456,
2431,0.9115168452262878,0.37726953625679016,
2432,0.9127747416496277,0.37245556712150574,
2433,0.9139785170555115,0.36743295192718506,
2434,0.9157894849777222,0.36216112971305847,
2435,0.9175257682800293,0.3570503890514374,
2436,0.9185606241226196,0.35255956649780273,
2437,0.9201732873916626,0.3488899767398834,
2438,0.9211165308952332,0.3463575541973114,
2439,0.9226190447807312,0.3429224193096161,
2440,0.923481285572052,0.3384406566619873,
2441,0.9248853325843811,0.33470287919044495,
2442,0.9262387156486511,0.33050304651260376,
2443,0.9269911646842957,0.32761186361312866,
2444,0.928260862827301,0.3245881199836731,
2445,0.9284188151359558,0.32295235991477966,
2446,0.9290966391563416,0.31936004757881165,
2447,0.9302685856819153,0.31672993302345276,
2448,0.9314024448394775,0.31337103247642517,
2449,0.9309999942779541,0.31269600987434387,
2450,0.7731481194496155,0.8160688877105713,
2451,0.7823275923728943,0.7759047746658325,
2452,0.7943548560142517,0.7415037751197815,
2453,0.8011363744735718,0.7106178998947144,
2454,0.8107143044471741,0.6804371476173401,
2455,0.8175675868988037,0.6574417352676392,
2456,0.8269230723381042,0.6272433400154114,
2457,0.8338414430618286,0.6052137017250061,
2458,0.8401162624359131,0.5888704061508179,
2459,0.8472222089767456,0.567287802696228,
2460,0.852393627166748,0.5497568845748901,
2461,0.8571428656578064,0.5364493727684021,
2462,0.8627451062202454,0.5195028781890869,
2463,0.8679245114326477,0.5057523846626282,
2464,0.8715909123420715,0.49500906467437744,
2465,0.8760964870452881,0.48308104276657104,
2466,0.8802965879440308,0.4692070484161377,
2467,0.8842213153839111,0.45911526679992676,
2468,0.8878968358039856,0.4504556357860565,
2469,0.8913461565971375,0.43980810046195984,
2470,0.8945895433425903,0.4324294328689575,
2471,0.89673912525177,0.4253769516944885,
2472,0.8996478915214539,0.4171803593635559,
2473,0.9023972749710083,0.4104284942150116,
2474,0.9049999713897705,0.40269115567207336,
2475,0.9066558480262756,0.3974633514881134,
2476,0.9090189933776855,0.3924526870250702,
2477,0.9104938507080078,0.3881953954696655,
2478,0.9126505851745605,0.38185378909111023,
2479,0.9147058725357056,0.37663036584854126,
2480,0.9166666865348816,0.37228065729141235,
2481,0.9185393452644348,0.3678404986858368,
2482,0.9189560413360596,0.36465731263160706,
2483,0.9206989407539368,0.3602794408798218,
2484,0.9217105507850647,0.3559769093990326,
2485,0.9233247637748718,0.35112133622169495,
2486,0.9242424368858337,0.3460232615470886,
2487,0.9257425665855408,0.34138965606689453,
2488,0.9271844625473022,0.3383421301841736,
2489,0.9279761910438538,0.33447349071502686,
2490,0.9293224215507507,0.33079370856285095,
2491,0.9300458431243896,0.3272796869277954,
2492,0.9313063025474548,0.3230184316635132,
2493,0.9325221180915833,0.31985050439834595,
2494,0.9336956739425659,0.31612923741340637,
2495,0.93482905626297,0.3121129274368286,
2496,0.9359243512153625,0.3093283474445343,
2497,0.9369834661483765,0.30597546696662903,
2498,0.9380081295967102,0.30274736881256104,
2499,0.9384999871253967,0.3018510341644287,
2500,0.7662037014961243,0.8598859310150146,
2501,0.7823275923728943,0.8100998401641846,
2502,0.7963709831237793,0.7658650875091553,
2503,0.8049242496490479,0.7309683561325073,
2504,0.8142856955528259,0.6985376477241516,
2505,0.8243243098258972,0.6660504937171936,
2506,0.8333333134651184,0.6364172101020813,
2507,0.8399389982223511,0.6156736016273499,
2508,0.8473837375640869,0.5919044017791748,
2509,0.8541666865348816,0.5710573792457581,
2510,0.8603723645210266,0.5516825318336487,
2511,0.8660714030265808,0.5323092937469482,
2512,0.8713235259056091,0.5163848400115967,
2513,0.8761792182922363,0.5017650127410889,
2514,0.8806818127632141,0.4888004660606384,
2515,0.8848684430122375,0.47446897625923157,
2516,0.8887711763381958,0.4617248475551605,
2517,0.8924180269241333,0.45010659098625183,
2518,0.8958333134651184,0.440013587474823,
2519,0.8990384340286255,0.4290192127227783,
2520,0.9011194109916687,0.4216032922267914,
2521,0.9039855003356934,0.41343024373054504,
2522,0.9066901206970215,0.40540435910224915,
2523,0.909246563911438,0.39832690358161926,
2524,0.9108333587646484,0.3917476236820221,
2525,0.913149356842041,0.3843967914581299,
2526,0.9153481125831604,0.37702301144599915,
2527,0.9166666865348816,0.3721460700035095,
2528,0.9186747074127197,0.3663116693496704,
2529,0.9205882549285889,0.3609461486339569,
2530,0.9216954112052917,0.3583373725414276,
2531,0.9234550595283508,0.3541605770587921,
2532,0.9251373410224915,0.3497348725795746,
2533,0.9254032373428345,0.3482578992843628,
2534,0.9263157844543457,0.34381577372550964,
2535,0.9278350472450256,0.33911609649658203,
2536,0.9286616444587708,0.3367254137992859,
2537,0.9300742745399475,0.3318936824798584,
2538,0.9314320683479309,0.3279213309288025,
2539,0.9321428537368774,0.3247705399990082,
2540,0.9334112405776978,0.3207928240299225,
2541,0.9346330165863037,0.3167796730995178,
2542,0.9358108043670654,0.31360962986946106,
2543,0.9363937973976135,0.3112165033817291,
2544,0.9375,0.3075776994228363,
2545,0.936965823173523,0.30577352643013,
2546,0.9375,0.3036927282810211,
2547,0.9380165338516235,0.30146947503089905,
2548,0.9390243887901306,0.2979474663734436,
2549,0.9399999976158142,0.29430636763572693,
2550,0.7638888955116272,0.8309897184371948,
2551,0.7758620977401733,0.7899031639099121,
2552,0.7903226017951965,0.7470127940177917,
2553,0.7992424368858337,0.7192534804344177,
2554,0.8107143044471741,0.6826221942901611,
2555,0.8192567825317383,0.6557819247245789,
2556,0.8285256624221802,0.6263909339904785,
2557,0.8368902206420898,0.6009227633476257,
2558,0.8444767594337463,0.5782399773597717,
2559,0.8513888716697693,0.5583981275558472,
2560,0.855053186416626,0.5479544997215271,
2561,0.8596938848495483,0.5312336683273315,
2562,0.8651960492134094,0.5149473547935486,
2563,0.8691037893295288,0.5005217790603638,
2564,0.8738636374473572,0.4872288107872009,
2565,0.8782894611358643,0.47282835841178894,
2566,0.8792372941970825,0.464624285697937,
2567,0.8821721076965332,0.45384275913238525,
2568,0.8849206566810608,0.45022276043891907,
2569,0.887499988079071,0.4415978789329529,
2570,0.8908582329750061,0.4342198073863983,
2571,0.8931159377098083,0.42842379212379456,
2572,0.8952465057373047,0.4207807183265686,
2573,0.8972602486610413,0.4136098325252533,
2574,0.8999999761581421,0.407594233751297,
2575,0.9025974273681641,0.4007059931755066,
2576,0.905063271522522,0.39511293172836304,
2577,0.9066358208656311,0.3883422315120697,
2578,0.9088855385780334,0.3823370933532715,
2579,0.9110293984413147,0.37569719552993774,
2580,0.9123563170433044,0.3713463842868805,
2581,0.9143258333206177,0.3652489185333252,
2582,0.9155219793319702,0.3632441461086273,
2583,0.9173387289047241,0.35710790753364563,
2584,0.9190789461135864,0.35313504934310913,
2585,0.9207473993301392,0.34769192337989807,
2586,0.9223484992980957,0.3420215845108032,
2587,0.9238861203193665,0.3377823531627655,
2588,0.925364077091217,0.3331243693828583,
2589,0.9261904954910278,0.33028215169906616,
2590,0.927570104598999,0.32643160223960876,
2591,0.9283257126808167,0.3238106071949005,
2592,0.9296171069145203,0.32114529609680176,
2593,0.9303097128868103,0.3184100389480591,
2594,0.9315217137336731,0.31439271569252014,
2595,0.932692289352417,0.31092187762260437,
2596,0.9338235259056091,0.3073141276836395,
2597,0.9349173307418823,0.30432388186454773,
2598,0.9359756112098694,0.3015575706958771,
2599,0.9365000128746033,0.2989356815814972,
2600,0.7777777910232544,0.7817862033843994,
2601,0.7931034564971924,0.7336544394493103,
2602,0.8064516186714172,0.6914359927177429,
2603,0.8181818127632141,0.65627121925354,
2604,0.8267857432365417,0.6285791397094727,
2605,0.8361486196517944,0.6028875112533569,
2606,0.8445512652397156,0.5760616064071655,
2607,0.8490853905677795,0.5589229464530945,
2608,0.854651153087616,0.5430356860160828,
2609,0.8597221970558167,0.5243199467658997,
2610,0.8656914830207825,0.5050979852676392,
2611,0.8711734414100647,0.49167636036872864,
2612,0.875,0.47734007239341736,
2613,0.8785377144813538,0.4635622203350067,
2614,0.8806818127632141,0.45300036668777466,
2615,0.8848684430122375,0.4412846863269806,
2616,0.8877118825912476,0.4308513402938843,
2617,0.8903688788414001,0.4263022243976593,
2618,0.8938491940498352,0.4186273217201233,
2619,0.8961538672447205,0.41053280234336853,
2620,0.8992537260055542,0.40427327156066895,
2621,0.9021739363670349,0.39667490124702454,
2622,0.904049277305603,0.3910321593284607,
2623,0.9066780805587769,0.3833789527416229,
2624,0.9083333611488342,0.3771713078022003,
2625,0.9107142686843872,0.36964085698127747,
2626,0.9129746556282043,0.36399638652801514,
2627,0.915123462677002,0.35732829570770264,
2628,0.9164156913757324,0.352922648191452,
2629,0.9183823466300964,0.3471699357032776,
2630,0.9195402264595032,0.3425244092941284,
2631,0.920646071434021,0.3383249342441559,
2632,0.9223901033401489,0.3329952657222748,
2633,0.9240591526031494,0.3297920525074005,
2634,0.9256578683853149,0.32475385069847107,
2635,0.9271907210350037,0.32139158248901367,
2636,0.9286616444587708,0.3193535804748535,
2637,0.9288366436958313,0.3165220022201538,
2638,0.9302184581756592,0.3130088448524475,
2639,0.9315476417541504,0.30997776985168457,
2640,0.9328271150588989,0.30626675486564636,
2641,0.9334862232208252,0.3027224838733673,
2642,0.934684693813324,0.2997753620147705,
2643,0.935287594795227,0.29631495475769043,
2644,0.935326099395752,0.2948940098285675,
2645,0.9358974099159241,0.29385966062545776,
2646,0.9369747638702393,0.29289087653160095,
2647,0.9380165338516235,0.2892390191555023,
2648,0.9385162591934204,0.28767430782318115,
2649,0.9394999742507935,0.2856697738170624,
2650,0.75,0.8644270300865173,
2651,0.767241358757019,0.810761570930481,
2652,0.7822580933570862,0.7646996378898621,
2653,0.7954545617103577,0.7267341613769531,
2654,0.8053571581840515,0.6965780854225159,
2655,0.8158783912658691,0.665362536907196,
2656,0.8253205418586731,0.6406840682029724,
2657,0.8338414430618286,0.6169205904006958,
2658,0.8415697813034058,0.5934423208236694,
2659,0.8486111164093018,0.5726457238197327,
2660,0.853723406791687,0.556488573551178,
2661,0.858418345451355,0.540727436542511,
2662,0.8627451062202454,0.5308577418327332,
2663,0.8679245114326477,0.5157501697540283,
2664,0.8715909123420715,0.5058879256248474,
2665,0.8760964870452881,0.4922148287296295,
2666,0.8792372941970825,0.48209789395332336,
2667,0.8831967115402222,0.4693915545940399,
2668,0.886904776096344,0.4582376778125763,
2669,0.8894230723381042,0.44830983877182007,
2670,0.8899253606796265,0.4435989558696747,
2671,0.8931159377098083,0.43471014499664307,
2672,0.8961267471313477,0.42491284012794495,
2673,0.898116409778595,0.4193420708179474,
2674,0.9008333086967468,0.412032812833786,
2675,0.9025974273681641,0.40456464886665344,
2676,0.905063271522522,0.39795929193496704,
2677,0.9074074029922485,0.3924771845340729,
2678,0.9096385836601257,0.3846600651741028,
2679,0.9117646813392639,0.3791167438030243,
2680,0.9137930870056152,0.37370097637176514,
2681,0.915730357170105,0.3671313524246216,
2682,0.9168956279754639,0.36279603838920593,
2683,0.9186828136444092,0.3565618395805359,
2684,0.9197368621826172,0.3529185652732849,
2685,0.9213917255401611,0.34836333990097046,
2686,0.9229797720909119,0.34439924359321594,
2687,0.9238861203193665,0.33983007073402405,
2688,0.9247573018074036,0.3360705077648163,
2689,0.9261904954910278,0.3306475579738617,
2690,0.927570104598999,0.32627198100090027,
2691,0.9288991093635559,0.3220784366130829,
2692,0.9301801919937134,0.319015234708786,
2693,0.9308628439903259,0.3158571124076843,
2694,0.9320651888847351,0.31159934401512146,
2695,0.933226466178894,0.3084087073802948,
2696,0.9343487620353699,0.3051570951938629,
2697,0.9354338645935059,0.3017396330833435,
2698,0.9364837408065796,0.298895925283432,
2699,0.9375,0.2956421971321106,
2700,0.7685185074806213,0.825656533241272,
2701,0.7844827771186829,0.7818469405174255,
2702,0.7983871102333069,0.7454391717910767,
2703,0.810606062412262,0.7061034440994263,
2704,0.8214285969734192,0.6769548058509827,
2705,0.8310810923576355,0.6467244625091553,
2706,0.8397436141967773,0.618552029132843,
2707,0.8475610017776489,0.5936891436576843,
2708,0.854651153087616,0.5728765726089478,
2709,0.8611111044883728,0.5503000617027283,
2710,0.8670212626457214,0.5327126979827881,
2711,0.8724489808082581,0.5170063376426697,
2712,0.8774510025978088,0.5003494620323181,
2713,0.8808962106704712,0.4871867299079895,
2714,0.8840909004211426,0.4770545959472656,
2715,0.8870614171028137,0.46408146619796753,
2716,0.8898305296897888,0.4523588716983795,
2717,0.8924180269241333,0.4414041340351105,
2718,0.8958333134651184,0.4305931627750397,
2719,0.8990384340286255,0.4201703667640686,
2720,0.9020522236824036,0.41080158948898315,
2721,0.904891312122345,0.40210774540901184,
2722,0.9058098793029785,0.39545702934265137,
2723,0.9083904027938843,0.3868856728076935,
2724,0.9100000262260437,0.38062307238578796,
2725,0.9115259647369385,0.37692394852638245,
2726,0.9137658476829529,0.371397465467453,
2727,0.9158950448036194,0.36516955494880676,
2728,0.9171686768531799,0.3604782223701477,
2729,0.9183823466300964,0.35562899708747864,
2730,0.920258641242981,0.3492395579814911,
2731,0.9220505356788635,0.3444187343120575,
2732,0.9237637519836426,0.3385956287384033,
2733,0.9254032373428345,0.33371612429618835,
2734,0.9269737005233765,0.3290013372898102,
2735,0.9284793734550476,0.3235514760017395,
2736,0.9299242496490479,0.3195219933986664,
2737,0.9313119053840637,0.3164428174495697,
2738,0.9326456189155579,0.31267184019088745,
2739,0.9339285492897034,0.3091388940811157,
2740,0.9351635575294495,0.3054000735282898,
2741,0.9363532066345215,0.3017561435699463,
2742,0.9375,0.2978155016899109,
2743,0.9386062026023865,0.2945162355899811,
2744,0.939673900604248,0.2909053564071655,
2745,0.9407051205635071,0.28837060928344727,
2746,0.9417017102241516,0.2851475775241852,
2747,0.9426652789115906,0.2821536362171173,
2748,0.9435975551605225,0.27940747141838074,
2749,0.9440000057220459,0.277610182762146,
2750,0.7824074029922485,0.8293583989143372,
2751,0.795258641242981,0.7853584289550781,
2752,0.8084677457809448,0.7453567981719971,
2753,0.8200757503509521,0.7086922526359558,
2754,0.8267857432365417,0.6837395429611206,
2755,0.8361486196517944,0.6573768258094788,
2756,0.8413461446762085,0.6306091547012329,
2757,0.8460366129875183,0.6066794991493225,
2758,0.8531976938247681,0.5834541916847229,
2759,0.8597221970558167,0.5627418756484985,
2760,0.8656914830207825,0.543978214263916,
2761,0.8711734414100647,0.5259289741516113,
2762,0.876225471496582,0.5090746283531189,
2763,0.8808962106704712,0.4950263500213623,
2764,0.8852272629737854,0.4812103509902954,
2765,0.8881579041481018,0.4691786468029022,
2766,0.8919491767883301,0.45882272720336914,
2767,0.8954917788505554,0.44643014669418335,
2768,0.898809552192688,0.43691977858543396,
2769,0.9019230604171753,0.42709994316101074,
2770,0.9048507213592529,0.4183551073074341,
2771,0.907608687877655,0.4077431559562683,
2772,0.9102112650871277,0.3990267515182495,
2773,0.9126712083816528,0.3907313048839569,
2774,0.9141666889190674,0.38418516516685486,
2775,0.9163960814476013,0.37703317403793335,
2776,0.9177215099334717,0.3719747066497803,
2777,0.9197530746459961,0.3651001453399658,
2778,0.9216867685317993,0.3603309392929077,
2779,0.9235293865203857,0.3547719120979309,
2780,0.9252873659133911,0.3480238616466522,
2781,0.9262640476226807,0.3437057137489319,
2782,0.9278846383094788,0.33725041151046753,
2783,0.9294354915618896,0.3309374749660492,
2784,0.9309210777282715,0.3267934024333954,
2785,0.9310566782951355,0.3243943750858307,
2786,0.9324495196342468,0.3214588761329651,
2787,0.9331682920455933,0.31819847226142883,
2788,0.9338592290878296,0.31458330154418945,
2789,0.9351190328598022,0.3111102283000946,
2790,0.9363317489624023,0.3073256313800812,
2791,0.9369266033172607,0.30422675609588623,
2792,0.9369369149208069,0.3023976981639862,
2793,0.9380530714988708,0.2992681562900543,
2794,0.939130425453186,0.29681211709976196,
2795,0.94017094373703,0.2929266691207886,
2796,0.9411764740943909,0.2903909981250763,
2797,0.942148745059967,0.2877371609210968,
2798,0.9430894255638123,0.2842097282409668,
2799,0.9440000057220459,0.2809187173843384,
2800,0.7777777910232544,0.7971182465553284,
2801,0.7931034564971924,0.7514364123344421,
2802,0.8064516186714172,0.7121332883834839,
2803,0.8181818127632141,0.6750558018684387,
2804,0.8267857432365417,0.6453005075454712,
2805,0.8361486196517944,0.6150423288345337,
2806,0.8445512652397156,0.5881762504577637,
2807,0.8521341681480408,0.5626459717750549,
2808,0.8590116500854492,0.5425297021865845,
2809,0.8652777671813965,0.5246468186378479,
2810,0.8710106611251831,0.5073176026344299,
2811,0.8762755393981934,0.4911470115184784,
2812,0.8811274766921997,0.4779111444950104,
2813,0.8844339847564697,0.46316295862197876,
2814,0.8886363506317139,0.45060405135154724,
2815,0.8925438523292542,0.4378313720226288,
2816,0.8961864113807678,0.42523565888404846,
2817,0.8995901346206665,0.41422441601753235,
2818,0.9027777910232544,0.40485069155693054,
2819,0.9057692289352417,0.3951309621334076,
2820,0.9076492786407471,0.3868396282196045,
2821,0.9085144996643066,0.3815765976905823,
2822,0.9110915660858154,0.37359797954559326,
2823,0.9135273694992065,0.3676799535751343,
2824,0.9150000214576721,0.36124029755592346,
2825,0.9172077775001526,0.3534601032733917,
2826,0.9193037748336792,0.3466079533100128,
2827,0.9205247163772583,0.3415217995643616,
2828,0.9216867685317993,0.33771732449531555,
2829,0.9235293865203857,0.33254244923591614,
2830,0.9252873659133911,0.32594195008277893,
2831,0.9262640476226807,0.3223212957382202,
2832,0.9278846383094788,0.3173482418060303,
2833,0.9294354915618896,0.31309816241264343,
2834,0.9309210777282715,0.3082825839519501,
2835,0.9310566782951355,0.3060928285121918,
2836,0.9318181872367859,0.3023330271244049,
2837,0.9331682920455933,0.29795050621032715,
2838,0.9338592290878296,0.2957156002521515,
2839,0.9351190328598022,0.29252830147743225,
2840,0.9363317489624023,0.28891780972480774,
2841,0.9369266033172607,0.287382572889328,
2842,0.9380630850791931,0.2837650179862976,
2843,0.9391592741012573,0.2808457911014557,
2844,0.9402173757553101,0.27814316749572754,
2845,0.9412392973899841,0.2747593820095062,
2846,0.9422268867492676,0.27175602316856384,
2847,0.9431818127632141,0.26887717843055725,
2848,0.9441056847572327,0.2659856081008911,
2849,0.9449999928474426,0.26297232508659363,
2850,0.7870370149612427,0.789682924747467,
2851,0.8017241358757019,0.7437482476234436,
2852,0.8145161271095276,0.701904833316803,
2853,0.8257575631141663,0.6637316942214966,
2854,0.8357142806053162,0.6312687993049622,
2855,0.8445945978164673,0.6023668050765991,
2856,0.8525640964508057,0.5766687989234924,
2857,0.8597561120986938,0.5527874827384949,
2858,0.8662790656089783,0.5327214598655701,
2859,0.8708333373069763,0.5173546671867371,
2860,0.875,0.5011512041091919,
2861,0.8788265585899353,0.4944784939289093,
2862,0.8823529481887817,0.48078370094299316,
2863,0.8844339847564697,0.4696694016456604,
2864,0.887499988079071,0.4588351845741272,
2865,0.8881579041481018,0.4506992995738983,
2866,0.8919491767883301,0.43872082233428955,
2867,0.8954917788505554,0.42822587490081787,
2868,0.898809552192688,0.4175884425640106,
2869,0.9019230604171753,0.40786081552505493,
2870,0.9048507213592529,0.39815396070480347,
2871,0.907608687877655,0.3893212676048279,
2872,0.9102112650871277,0.3802144229412079,
2873,0.9118150472640991,0.373359352350235,
2874,0.9141666889190674,0.36697521805763245,
2875,0.9147727489471436,0.3628818392753601,
2876,0.9169303774833679,0.35611990094184875,
2877,0.9189814925193787,0.34916019439697266,
2878,0.920933723449707,0.3424394428730011,
2879,0.9227941036224365,0.33828312158584595,
2880,0.9231321811676025,0.3352474570274353,
2881,0.9241573214530945,0.3329816460609436,
2882,0.9258241653442383,0.3273972272872925,
2883,0.9274193644523621,0.3220052719116211,
2884,0.928947389125824,0.3168357312679291,
2885,0.9304123520851135,0.3116950988769531,
2886,0.9318181872367859,0.3080711364746094,
2887,0.9331682920455933,0.30375441908836365,
2888,0.9344660043716431,0.2998775839805603,
2889,0.9357143044471741,0.2958117127418518,
2890,0.9369158744812012,0.29218509793281555,
2891,0.9380733966827393,0.2884320318698883,
2892,0.9391891956329346,0.28520792722702026,
2893,0.9402654767036438,0.2821110785007477,
2894,0.9407608509063721,0.27989882230758667,
2895,0.941773533821106,0.2768273651599884,
2896,0.9427521228790283,0.27414336800575256,
2897,0.9431818127632141,0.27273786067962646,
2898,0.9441056847572327,0.270915687084198,
2899,0.9449999928474426,0.2684937119483948,
2900,0.7986111044883728,0.7543267011642456,
2901,0.8125,0.7121195197105408,
2902,0.8205645084381104,0.6771172285079956,
2903,0.8257575631141663,0.6527515053749084,
2904,0.8357142806053162,0.6256046891212463,
2905,0.8429054021835327,0.5999506711959839,
2906,0.8477563858032227,0.5808503031730652,
2907,0.855182945728302,0.5577523112297058,
2908,0.8619186282157898,0.5356463193893433,
2909,0.8666666746139526,0.5180447101593018,
2910,0.8723404407501221,0.49962884187698364,
2911,0.8775510191917419,0.4827234745025635,
2912,0.8811274766921997,0.4707771837711334,
2913,0.885613203048706,0.4566820561885834,
2914,0.8886363506317139,0.4443695843219757,
2915,0.8914473652839661,0.4350912570953369,
2916,0.8951271176338196,0.4234122335910797,
2917,0.8985655903816223,0.4124424159526825,
2918,0.9007936716079712,0.40301063656806946,
2919,0.9038461446762085,0.39471298456192017,
2920,0.9048507213592529,0.38859954476356506,
2921,0.907608687877655,0.38123753666877747,
2922,0.9102112650871277,0.37264779210090637,
2923,0.9126712083816528,0.3677695393562317,
2924,0.9150000214576721,0.3613092303276062,
2925,0.9172077775001526,0.354240357875824,
2926,0.9193037748336792,0.34700489044189453,
2927,0.9212962985038757,0.3404013514518738,
2928,0.9231927990913391,0.3361063003540039,
2929,0.925000011920929,0.33079054951667786,
2930,0.9267241358757019,0.3261112570762634,
2931,0.9276685118675232,0.3227470815181732,
2932,0.9285714030265808,0.3194102346897125,
2933,0.9301075339317322,0.3147219717502594,
2934,0.9315789341926575,0.3106144070625305,
2935,0.9329897165298462,0.30663180351257324,
2936,0.9337121248245239,0.30359262228012085,
2937,0.9325494766235352,0.3034360408782959,
2938,0.9332524538040161,0.3029962480068207,
2939,0.9339285492897034,0.29988399147987366,
2940,0.9351635575294495,0.2952457070350647,
2941,0.9363532066345215,0.29172801971435547,
2942,0.9375,0.28807616233825684,
2943,0.9386062026023865,0.2843974232673645,
2944,0.939130425453186,0.2814209759235382,
2945,0.94017094373703,0.27823927998542786,
2946,0.9411764740943909,0.2750129997730255,
2947,0.942148745059967,0.2723962962627411,
2948,0.9430894255638123,0.2694392800331116,
2949,0.9440000057220459,0.2677626311779022,
2950,0.7754629850387573,0.8237796425819397,
2951,0.7909482717514038,0.7757188677787781,
2952,0.8044354915618896,0.7316344380378723,
2953,0.814393937587738,0.7003466486930847,
2954,0.824999988079071,0.6679044365882874,
2955,0.8344594836235046,0.636401355266571,
2956,0.8429487347602844,0.6102994680404663,
2957,0.8506097793579102,0.584797739982605,
2958,0.8575581312179565,0.5609566569328308,
2959,0.8638888597488403,0.5419281125068665,
2960,0.8670212626457214,0.5254931449890137,
2961,0.8724489808082581,0.5072736144065857,
2962,0.8774510025978088,0.4910675585269928,
2963,0.8808962106704712,0.478357195854187,
2964,0.8852272629737854,0.46315452456474304,
2965,0.8892543911933899,0.45143744349479675,
2966,0.8930084705352783,0.4424218237400055,
2967,0.8965163826942444,0.4304526150226593,
2968,0.8998016119003296,0.4205288290977478,
2969,0.9019230604171753,0.41041994094848633,
2970,0.9048507213592529,0.4007178246974945,
2971,0.907608687877655,0.3920040726661682,
2972,0.9102112650871277,0.38388797640800476,
2973,0.9126712083816528,0.3755300045013428,
2974,0.9150000214576721,0.3681856095790863,
2975,0.9163960814476013,0.3616691827774048,
2976,0.9185126423835754,0.35420337319374084,
2977,0.9205247163772583,0.3476998507976532,
2978,0.9224397540092468,0.3420492112636566,
2979,0.9242647290229797,0.3367127776145935,
2980,0.9260057210922241,0.3317135274410248,
2981,0.9276685118675232,0.32823604345321655,
2982,0.9292582273483276,0.3228892982006073,
2983,0.9307795763015747,0.3177984952926636,
2984,0.9315789341926575,0.31397584080696106,
2985,0.9329897165298462,0.3097201883792877,
2986,0.9343434572219849,0.30609673261642456,
2987,0.9356435537338257,0.3021169900894165,
2988,0.9368932247161865,0.29800358414649963,
2989,0.938095211982727,0.29378175735473633,
2990,0.9386682510375977,0.29272687435150146,
2991,0.939793586730957,0.2885008156299591,
2992,0.940315306186676,0.28505632281303406,
2993,0.939712405204773,0.28350937366485596,
2994,0.939673900604248,0.2827780246734619,
2995,0.939636766910553,0.28255465626716614,
2996,0.9406512379646301,0.27940794825553894,
2997,0.9416322112083435,0.27654173970222473,
2998,0.942581295967102,0.27466386556625366,
2999,0.9434999823570251,0.2719558775424957,
3000,0.7708333134651184,0.7623435258865356,
3001,0.7866379022598267,0.7145383358001709,
3002,0.8004032373428345,0.674394965171814,
3003,0.8125,0.6398999691009521,
3004,0.8214285969734192,0.610142171382904,
3005,0.8310810923576355,0.5815271735191345,
3006,0.8381410241127014,0.5580344200134277,
3007,0.8445122241973877,0.5410223007202148,
3008,0.8517441749572754,0.5200369358062744,
3009,0.8583333492279053,0.5043396353721619,
3010,0.8643617033958435,0.48840802907943726,
3011,0.8686224222183228,0.4729151129722595,
3012,0.873774528503418,0.4566182792186737,
3013,0.8773584961891174,0.45070385932922363,
3014,0.8818181753158569,0.439505398273468,
3015,0.8848684430122375,0.4272584319114685,
3016,0.8887711763381958,0.4148600697517395,
3017,0.8924180269241333,0.4037269651889801,
3018,0.8958333134651184,0.39342740178108215,
3019,0.8990384340286255,0.38424938917160034,
3020,0.9020522236824036,0.3763914704322815,
3021,0.9039855003356934,0.3698350787162781,
3022,0.9066901206970215,0.36366280913352966,
3023,0.909246563911438,0.3555803894996643,
3024,0.9108333587646484,0.3490152359008789,
3025,0.913149356842041,0.34206917881965637,
3026,0.9153481125831604,0.33553993701934814,
3027,0.9158950448036194,0.33213743567466736,
3028,0.9179216623306274,0.3261227309703827,
3029,0.9198529124259949,0.32110631465911865,
3030,0.9216954112052917,0.3172958493232727,
3031,0.9234550595283508,0.31158649921417236,
3032,0.9251373410224915,0.3077896535396576,
3033,0.9267473220825195,0.30362409353256226,
3034,0.9282894730567932,0.29992109537124634,
3035,0.9297680258750916,0.2953519821166992,
3036,0.931186854839325,0.2912498712539673,
3037,0.9319307208061218,0.28998252749443054,
3038,0.9332524538040161,0.2858567237854004,
3039,0.9345238208770752,0.2834891080856323,
3040,0.9357476830482483,0.2792176306247711,
3041,0.9369266033172607,0.2756899893283844,
3042,0.9380630850791931,0.2729543149471283,
3043,0.9386062026023865,0.2697826027870178,
3044,0.939673900604248,0.2675877809524536,
3045,0.9407051205635071,0.26510506868362427,
3046,0.9417017102241516,0.26239636540412903,
3047,0.9426652789115906,0.25989830493927,
3048,0.9435975551605225,0.25759392976760864,
3049,0.9445000290870667,0.25496941804885864,
3050,0.7824074029922485,0.7805421352386475,
3051,0.7974137663841248,0.7314173579216003,
3052,0.8104838728904724,0.6895955801010132,
3053,0.8219696879386902,0.653329610824585,
3054,0.8303571343421936,0.6270604133605957,
3055,0.8395270109176636,0.5995053648948669,
3056,0.8477563858032227,0.5738381743431091,
3057,0.8536585569381714,0.5531091690063477,
3058,0.8590116500854492,0.5313730239868164,
3059,0.8652777671813965,0.5110576748847961,
3060,0.8710106611251831,0.49347952008247375,
3061,0.8762755393981934,0.47658002376556396,
3062,0.8811274766921997,0.4620535969734192,
3063,0.885613203048706,0.44712990522384644,
3064,0.8897727131843567,0.4346846640110016,
3065,0.8936403393745422,0.42420142889022827,
3066,0.8972457647323608,0.41186654567718506,
3067,0.9006147384643555,0.4028868079185486,
3068,0.9027777910232544,0.3937556743621826,
3069,0.9057692289352417,0.3851301670074463,
3070,0.9085820913314819,0.37675750255584717,
3071,0.9112318754196167,0.3677860200405121,
3072,0.9137324094772339,0.36014384031295776,
3073,0.9160959124565125,0.35315200686454773,
3074,0.9183333516120911,0.34642937779426575,
3075,0.9204545617103577,0.3403646647930145,
3076,0.922468364238739,0.3339650332927704,
3077,0.9243826866149902,0.32891857624053955,
3078,0.9262048006057739,0.3229621946811676,
3079,0.9279412031173706,0.3175072968006134,
3080,0.9295976758003235,0.31196093559265137,
3081,0.930477499961853,0.30716782808303833,
3082,0.9320054650306702,0.30302566289901733,
3083,0.9334677457809448,0.2986489236354828,
3084,0.9348683953285217,0.2935066521167755,
3085,0.936211347579956,0.2895234525203705,
3086,0.9375,0.2856135070323944,
3087,0.9387376308441162,0.28129059076309204,
3088,0.9399271607398987,0.27774420380592346,
3089,0.9404761791229248,0.27601590752601624,
3090,0.9415887594223022,0.27293309569358826,
3091,0.9426605701446533,0.269483745098114,
3092,0.9436936974525452,0.2666170299053192,
3093,0.9446902871131897,0.2641705274581909,
3094,0.945652186870575,0.2610834836959839,
3095,0.9465811848640442,0.2580692172050476,
3096,0.9474790096282959,0.2566683292388916,
3097,0.9478305578231812,0.2546992301940918,
3098,0.9481707215309143,0.25275424122810364,
3099,0.9484999775886536,0.2513543665409088,
3100,0.7893518805503845,0.7961808443069458,
3101,0.8038793206214905,0.748094916343689,
3102,0.8125,0.7171076536178589,
3103,0.8238636255264282,0.6816468834877014,
3104,0.8339285850524902,0.6473303437232971,
3105,0.8429054021835327,0.6227084994316101,
3106,0.8509615659713745,0.5971527695655823,
3107,0.8582317233085632,0.5724719166755676,
3108,0.8648256063461304,0.5546724796295166,
3109,0.8708333373069763,0.5367286801338196,
3110,0.876329779624939,0.5177010297775269,
3111,0.8813775777816772,0.5012755393981934,
3112,0.8860294222831726,0.48530104756355286,
3113,0.8903301954269409,0.4697650372982025,
3114,0.8931818008422852,0.4564999043941498,
3115,0.8936403393745422,0.4502013027667999,
3116,0.8972457647323608,0.44028550386428833,
3117,0.9006147384643555,0.4309808909893036,
3118,0.9027777910232544,0.42273619771003723,
3119,0.9057692289352417,0.4127257168292999,
3120,0.9085820913314819,0.40249407291412354,
3121,0.9112318754196167,0.39270952343940735,
3122,0.9137324094772339,0.38430336117744446,
3123,0.9160959124565125,0.3764999210834503,
3124,0.9183333516120911,0.3688938617706299,
3125,0.9196428656578064,0.36441197991371155,
3126,0.9216772317886353,0.3581833243370056,
3127,0.9236111044883728,0.3523328900337219,
3128,0.9254518151283264,0.347298800945282,
3129,0.9272058606147766,0.3412877917289734,
3130,0.9288793206214905,0.33567649126052856,
3131,0.930477499961853,0.33091047406196594,
3132,0.9320054650306702,0.32579198479652405,
3133,0.9334677457809448,0.32119789719581604,
3134,0.9348683953285217,0.31664174795150757,
3135,0.936211347579956,0.3127477169036865,
3136,0.9375,0.30938759446144104,
3137,0.9387376308441162,0.3048997223377228,
3138,0.9399271607398987,0.3007529079914093,
3139,0.9404761791229248,0.29845359921455383,
3140,0.9415887594223022,0.294259637594223,
3141,0.9426605701446533,0.29062047600746155,
3142,0.943130612373352,0.28841009736061096,
3143,0.9441371560096741,0.2847260534763336,
3144,0.9451087117195129,0.28174376487731934,
3145,0.9455128312110901,0.2790392339229584,
3146,0.9459033608436584,0.2771787643432617,
3147,0.9462810158729553,0.27445298433303833,
3148,0.9471544623374939,0.27135470509529114,
3149,0.9480000138282776,0.2696726620197296,
3150,0.7939814925193787,0.7927377223968506,
3151,0.8081896305084229,0.7472478747367859,
3152,0.8185483813285828,0.7085772156715393,
3153,0.8295454382896423,0.6703499555587769,
3154,0.8392857313156128,0.6358122229576111,
3155,0.8462837934494019,0.6090609431266785,
3156,0.8541666865348816,0.581786036491394,
3157,0.8612805008888245,0.5584122538566589,
3158,0.867732584476471,0.5372441411018372,
3159,0.8736110925674438,0.5187224745750427,
3160,0.8789893388748169,0.49969425797462463,
3161,0.8826530575752258,0.4840729832649231,
3162,0.8872548937797546,0.46889644861221313,
3163,0.8903301954269409,0.457091748714447,
3164,0.894318163394928,0.4434029757976532,
3165,0.8980262875556946,0.43107709288597107,
3166,0.9004237055778503,0.42202234268188477,
3167,0.9036885499954224,0.41079965233802795,
3168,0.9067460298538208,0.4008525013923645,
3169,0.9096153974533081,0.3906424939632416,
3170,0.9123134613037109,0.38177821040153503,
3171,0.9148550629615784,0.37341785430908203,
3172,0.9172534942626953,0.3656790852546692,
3173,0.9195205569267273,0.35981452465057373,
3174,0.92166668176651,0.3530654311180115,
3175,0.923701286315918,0.34521815180778503,
3176,0.925632894039154,0.33944544196128845,
3177,0.9274691343307495,0.3330834209918976,
3178,0.9292168617248535,0.3270888030529022,
3179,0.9301470518112183,0.3227287828922272,
3180,0.9317528605461121,0.317799836397171,
3181,0.9318820238113403,0.31528690457344055,
3182,0.9333791136741638,0.3107869625091553,
3183,0.9348118305206299,0.30548393726348877,
3184,0.9361842274665833,0.30117517709732056,
3185,0.9375,0.297051340341568,
3186,0.9387626051902771,0.2933623492717743,
3187,0.9399752616882324,0.28948405385017395,
3188,0.9411407709121704,0.28535547852516174,
3189,0.9422619342803955,0.28193631768226624,
3190,0.9427570104598999,0.27919864654541016,
3191,0.9438073635101318,0.27539509534835815,
3192,0.9448198080062866,0.2730630934238434,
3193,0.9457964897155762,0.27094846963882446,
3194,0.946195662021637,0.268942266702652,
3195,0.9471153616905212,0.26618537306785583,
3196,0.9480041861534119,0.2637293338775635,
3197,0.9488636255264282,0.2608377933502197,
3198,0.9491869807243347,0.2593926787376404,
3199,0.9495000243186951,0.25843721628189087,
3200,0.7754629850387573,0.8367034792900085,
3201,0.7909482717514038,0.787494421005249,
3202,0.8044354915618896,0.7426120638847351,
3203,0.8162878751754761,0.7011942863464355,
3204,0.8267857432365417,0.667035698890686,
3205,0.8361486196517944,0.6362795829772949,
3206,0.8445512652397156,0.6066545248031616,
3207,0.8521341681480408,0.5821377038955688,
3208,0.8590116500854492,0.5593727231025696,
3209,0.8652777671813965,0.5375940799713135,
3210,0.8710106611251831,0.5201310515403748,
3211,0.8762755393981934,0.5006586313247681,
3212,0.8811274766921997,0.4856278598308563,
3213,0.8844339847564697,0.4726535379886627,
3214,0.8886363506317139,0.4594464600086212,
3215,0.8914473652839661,0.4486275315284729,
3216,0.8940678238868713,0.44308868050575256,
3217,0.8954917788505554,0.4363638162612915,
3218,0.898809552192688,0.4268818497657776,
3219,0.9019230604171753,0.41563865542411804,
3220,0.9039179086685181,0.4059780240058899,
3221,0.9067028760910034,0.3958532214164734,
3222,0.9093309640884399,0.38913699984550476,
3223,0.9118150472640991,0.3804527223110199,
3224,0.9141666889190674,0.3720058798789978,
3225,0.9163960814476013,0.3672567903995514,
3226,0.9185126423835754,0.359807550907135,
3227,0.9205247163772583,0.3524274230003357,
3228,0.9224397540092468,0.3460405766963959,
3229,0.9242647290229797,0.34253060817718506,
3230,0.9260057210922241,0.3366508185863495,
3231,0.9276685118675232,0.3321147561073303,
3232,0.9292582273483276,0.3272992968559265,
3233,0.9307795763015747,0.3222947418689728,
3234,0.9322368502616882,0.3173249363899231,
3235,0.9336340427398682,0.31263798475265503,
3236,0.934974730014801,0.3077823221683502,
3237,0.9356435537338257,0.30463722348213196,
3238,0.9368932247161865,0.3003745675086975,
3239,0.938095211982727,0.29676923155784607,
3240,0.9386682510375977,0.2959732115268707,
3241,0.939793586730957,0.29308637976646423,
3242,0.9408783912658691,0.28957194089889526,
3243,0.9419247508049011,0.2857009172439575,
3244,0.9429348111152649,0.2822992503643036,
3245,0.9439102411270142,0.2790670394897461,
3246,0.9448529481887817,0.27533695101737976,
3247,0.9457644820213318,0.27188023924827576,
3248,0.9466463327407837,0.2688060998916626,
3249,0.9474999904632568,0.26609382033348083,
3250,0.7824074029922485,0.7715414762496948,
3251,0.7974137663841248,0.7239665985107422,
3252,0.8104838728904724,0.6818766593933105,
3253,0.8219696879386902,0.6458771824836731,
3254,0.8303571343421936,0.6167522072792053,
3255,0.8395270109176636,0.5899850130081177,
3256,0.8461538553237915,0.5658553242683411,
3257,0.8536585569381714,0.5441381931304932,
3258,0.8604651093482971,0.5234279036521912,
3259,0.8666666746139526,0.5031188726425171,
3260,0.8723404407501221,0.4837397634983063,
3261,0.8762755393981934,0.471037894487381,
3262,0.8799019455909729,0.4575020968914032,
3263,0.8832547068595886,0.44459277391433716,
3264,0.887499988079071,0.4313935339450836,
3265,0.890350878238678,0.42185744643211365,
3266,0.8940678238868713,0.41107556223869324,
3267,0.8975409865379333,0.4004749357700348,
3268,0.9007936716079712,0.3903021514415741,
3269,0.9038461446762085,0.3808172345161438,
3270,0.9067164063453674,0.37200838327407837,
3271,0.9094203114509583,0.3639248311519623,
3272,0.9119718074798584,0.35546594858169556,
3273,0.914383590221405,0.3495771288871765,
3274,0.9166666865348816,0.3414599299430847,
3275,0.9188311696052551,0.33529072999954224,
3276,0.920094907283783,0.3289269804954529,
3277,0.9220678806304932,0.32306361198425293,
3278,0.9231927990913391,0.3206121325492859,
3279,0.925000011920929,0.31520479917526245,
3280,0.9267241358757019,0.30940425395965576,
3281,0.9276685118675232,0.3054116368293762,
3282,0.9285714030265808,0.3055838644504547,
3283,0.9301075339317322,0.30266961455345154,
3284,0.9309210777282715,0.2995864450931549,
3285,0.9323453903198242,0.2966902554035187,
3286,0.9337121248245239,0.29199957847595215,
3287,0.9350247383117676,0.2876668870449066,
3288,0.9362863898277283,0.28330713510513306,
3289,0.9375,0.2795408070087433,
3290,0.9380841255187988,0.27743950486183167,
3291,0.9392201900482178,0.2745811343193054,
3292,0.940315306186676,0.270845502614975,
3293,0.9413716793060303,0.26839548349380493,
3294,0.9423912763595581,0.265346497297287,
3295,0.9433760643005371,0.26178842782974243,
3296,0.944327712059021,0.25828486680984497,
3297,0.9442148804664612,0.2562398314476013,
3298,0.9451219439506531,0.2547871470451355,
3299,0.9459999799728394,0.2516379654407501,
3300,0.7962962985038757,0.7647305130958557,
3301,0.8103448152542114,0.7192256450653076,
3302,0.8205645084381104,0.6802149415016174,
3303,0.8295454382896423,0.6477306485176086,
3304,0.8392857313156128,0.6150758862495422,
3305,0.8479729890823364,0.5863000750541687,
3306,0.8557692170143127,0.5589345693588257,
3307,0.8628048896789551,0.5357285737991333,
3308,0.8691860437393188,0.5166252255439758,
3309,0.8736110925674438,0.4992995262145996,
3310,0.8789893388748169,0.4823727607727051,
3311,0.8839285969734192,0.466345876455307,
3312,0.8884803652763367,0.4545055031776428,
3313,0.8926886916160583,0.44093576073646545,
3314,0.8965908885002136,0.4295482635498047,
3315,0.9002193212509155,0.4172583222389221,
3316,0.9036017060279846,0.40703415870666504,
3317,0.9067623019218445,0.39572980999946594,
3318,0.9097222089767456,0.386674702167511,
3319,0.9125000238418579,0.3784337043762207,
3320,0.9151119589805603,0.37077170610427856,
3321,0.9175724387168884,0.3619857728481293,
3322,0.9198943376541138,0.354189932346344,
3323,0.9220890402793884,0.3468187153339386,
3324,0.9233333468437195,0.34065115451812744,
3325,0.9253246784210205,0.3349152207374573,
3326,0.9272152185440063,0.32925689220428467,
3327,0.9290123581886292,0.32309481501579285,
3328,0.9307228922843933,0.31668493151664734,
3329,0.9323529601097107,0.3112781047821045,
3330,0.9339080452919006,0.30654212832450867,
3331,0.9346910119056702,0.3021673858165741,
3332,0.9361263513565063,0.29686450958251953,
3333,0.9375,0.2925945520401001,
3334,0.9388157725334167,0.2880153954029083,
3335,0.9400773048400879,0.28367942571640015,
3336,0.9412878751754761,0.2799023985862732,
3337,0.9418317079544067,0.27774980664253235,
3338,0.9429611563682556,0.27368226647377014,
3339,0.9440476298332214,0.270119845867157,
3340,0.9450934529304504,0.2663668990135193,
3341,0.9461008906364441,0.2625163793563843,
3342,0.9470720887184143,0.2589786946773529,
3343,0.9480088353157043,0.25512105226516724,
3344,0.948913037776947,0.2526548206806183,
3345,0.9497863054275513,0.24908611178398132,
3346,0.950630247592926,0.2458595186471939,
3347,0.9514462947845459,0.24280154705047607,
3348,0.952235758304596,0.24080315232276917,
3349,0.953000009059906,0.23828303813934326,
3350,0.7615740895271301,0.7981164455413818,
3351,0.7737069129943848,0.7588177919387817,
3352,0.788306474685669,0.7139949202537537,
3353,0.8011363744735718,0.6742160320281982,
3354,0.8125,0.6404836773872375,
3355,0.8209459185600281,0.6153265237808228,
3356,0.8301281929016113,0.5897767543792725,
3357,0.8384146094322205,0.5647509694099426,
3358,0.8459302186965942,0.5482746362686157,
3359,0.8527777791023254,0.5289050340652466,
3360,0.8590425252914429,0.5105233788490295,
3361,0.8647959232330322,0.49420851469039917,
3362,0.8688725233078003,0.48114070296287537,
3363,0.8738207817077637,0.46700891852378845,
3364,0.8761363625526428,0.45566922426223755,
3365,0.8804824352264404,0.443554550409317,
3366,0.8845338821411133,0.4331139624118805,
3367,0.8883196711540222,0.42176446318626404,
3368,0.8908730149269104,0.41172438859939575,
3369,0.8932692408561707,0.40482616424560547,
3370,0.8964552283287048,0.39578405022621155,
3371,0.8994565010070801,0.3873489201068878,
3372,0.9022887349128723,0.3790609538555145,
3373,0.9049657583236694,0.3709021508693695,
3374,0.9075000286102295,0.36314505338668823,
3375,0.9099025726318359,0.3567214906215668,
3376,0.9121835231781006,0.3493579030036926,
3377,0.9135802388191223,0.3450506329536438,
3378,0.9156626462936401,0.33995530009269714,
3379,0.9176470637321472,0.33617088198661804,
3380,0.9195402264595032,0.3309127688407898,
3381,0.9213483333587646,0.3251058757305145,
3382,0.9230769276618958,0.31943443417549133,
3383,0.9247311949729919,0.3150576949119568,
3384,0.9256578683853149,0.3101883828639984,
3385,0.9271907210350037,0.3056547939777374,
3386,0.9286616444587708,0.30121296644210815,
3387,0.9300742745399475,0.2965364158153534,
3388,0.9314320683479309,0.2921489477157593,
3389,0.9321428537368774,0.2894430160522461,
3390,0.9334112405776978,0.2851145565509796,
3391,0.9346330165863037,0.2809204161167145,
3392,0.9358108043670654,0.2770730257034302,
3393,0.9369469285011292,0.27416089177131653,
3394,0.938043475151062,0.27067655324935913,
3395,0.9391025900840759,0.266605943441391,
3396,0.9401260614395142,0.2633633017539978,
3397,0.94111567735672,0.26029789447784424,
3398,0.9420731663703918,0.25744685530662537,
3399,0.9430000185966492,0.2548453211784363,
3400,0.7916666865348816,0.7877803444862366,
3401,0.806034505367279,0.7398910522460938,
3402,0.8185483813285828,0.6957305073738098,
3403,0.8295454382896423,0.6583048105239868,
3404,0.8392857313156128,0.6256806254386902,
3405,0.8479729890823364,0.5966489315032959,
3406,0.8557692170143127,0.569311797618866,
3407,0.8628048896789551,0.547086238861084,
3408,0.867732584476471,0.526621401309967,
3409,0.8736110925674438,0.5096728205680847,
3410,0.8776595592498779,0.49497053027153015,
3411,0.8826530575752258,0.47783127427101135,
3412,0.8860294222831726,0.46620050072669983,
3413,0.8903301954269409,0.4517005681991577,
3414,0.894318163394928,0.4386701285839081,
3415,0.8969298005104065,0.4278072118759155,
3416,0.9004237055778503,0.4179360568523407,
3417,0.9036885499954224,0.40711429715156555,
3418,0.9067460298538208,0.39774638414382935,
3419,0.9096153974533081,0.38707640767097473,
3420,0.9123134613037109,0.378143846988678,
3421,0.9148550629615784,0.3697371780872345,
3422,0.9172534942626953,0.36160966753959656,
3423,0.9186643958091736,0.3565700352191925,
3424,0.9208333492279053,0.34979188442230225,
3425,0.9228895902633667,0.34244662523269653,
3426,0.9248417615890503,0.3356543779373169,
3427,0.9266975522041321,0.32926633954048157,
3428,0.928463876247406,0.324311763048172,
3429,0.9301470518112183,0.318319171667099,
3430,0.9317528605461121,0.31434333324432373,
3431,0.9332864880561829,0.30928707122802734,
3432,0.9347527623176575,0.3048354685306549,
3433,0.9361559152603149,0.30002135038375854,
3434,0.9375,0.29635003209114075,
3435,0.938788652420044,0.29189833998680115,
3436,0.940025269985199,0.28736117482185364,
3437,0.9412128925323486,0.2825923562049866,
3438,0.9417475461959839,0.2791541516780853,
3439,0.9428571462631226,0.2765657305717468,
3440,0.9439252614974976,0.27363163232803345,
3441,0.9449541568756104,0.27052661776542664,
3442,0.9459459185600281,0.2677590847015381,
3443,0.9469026327133179,0.26499682664871216,
3444,0.947282612323761,0.26210659742355347,
3445,0.9481837749481201,0.2590557932853699,
3446,0.9490545988082886,0.2562869191169739,
3447,0.9498966932296753,0.2538854479789734,
3448,0.9502032399177551,0.25283461809158325,
3449,0.9509999752044678,0.2502763867378235,
3450,0.7986111044883728,0.7493973970413208,
3451,0.8125,0.7042162418365479,
3452,0.8245967626571655,0.6672737002372742,
3453,0.8352272510528564,0.6304876208305359,
3454,0.8428571224212646,0.6024541258811951,
3455,0.8513513803482056,0.5760534405708313,
3456,0.8589743375778198,0.5499157309532166,
3457,0.8658536672592163,0.527003288269043,
3458,0.8720930218696594,0.5076982975006104,
3459,0.8777777552604675,0.49047166109085083,
3460,0.8829787373542786,0.4724292755126953,
3461,0.8877550959587097,0.4547416865825653,
3462,0.8921568393707275,0.4384678602218628,
3463,0.8950471878051758,0.4272673726081848,
3464,0.8988636136054993,0.4139377474784851,
3465,0.9013158082962036,0.4049912393093109,
3466,0.9046609997749329,0.39465612173080444,
3467,0.9077869057655334,0.3860119879245758,
3468,0.9107142686843872,0.3779385983943939,
3469,0.9134615659713745,0.36872735619544983,
3470,0.9151119589805603,0.36221233010292053,
3471,0.9175724387168884,0.35385212302207947,
3472,0.9198943376541138,0.34717950224876404,
3473,0.9220890402793884,0.33950740098953247,
3474,0.9241666793823242,0.3330814242362976,
3475,0.9253246784210205,0.32896846532821655,
3476,0.9272152185440063,0.3223787248134613,
3477,0.9290123581886292,0.31625086069107056,
3478,0.9307228922843933,0.3111873269081116,
3479,0.9323529601097107,0.3055174946784973,
3480,0.9339080452919006,0.3002129793167114,
3481,0.9346910119056702,0.2971433103084564,
3482,0.9361263513565063,0.29291367530822754,
3483,0.9375,0.28858891129493713,
3484,0.9388157725334167,0.28502321243286133,
3485,0.9394329786300659,0.2833036482334137,
3486,0.9406565427780151,0.2790708839893341,
3487,0.9418317079544067,0.2754826247692108,
3488,0.9429611563682556,0.2734187841415405,
3489,0.9440476298332214,0.269406795501709,
3490,0.9450934529304504,0.2669209837913513,
3491,0.9461008906364441,0.2632235288619995,
3492,0.9470720887184143,0.26001641154289246,
3493,0.9480088353157043,0.2568233013153076,
3494,0.948913037776947,0.2538285255432129,
3495,0.9497863054275513,0.2509366571903229,
3496,0.950630247592926,0.24772457778453827,
3497,0.9514462947845459,0.24493806064128876,
3498,0.9517276287078857,0.24303396046161652,
3499,0.9524999856948853,0.24092569947242737,
3500,0.7800925970077515,0.7826274633407593,
3501,0.7931034564971924,0.7410112619400024,
3502,0.8064516186714172,0.6979411244392395,
3503,0.8181818127632141,0.6612188816070557,
3504,0.8285714387893677,0.6296586394309998,
3505,0.8361486196517944,0.600092887878418,
3506,0.8429487347602844,0.5764467716217041,
3507,0.8506097793579102,0.5522958040237427,
3508,0.8575581312179565,0.5304883718490601,
3509,0.8638888597488403,0.5105462074279785,
3510,0.8696808218955994,0.4931607246398926,
3511,0.875,0.47586899995803833,
3512,0.8799019455909729,0.462274432182312,
3513,0.8844339847564697,0.44718828797340393,
3514,0.8886363506317139,0.4354555308818817,
3515,0.8914473652839661,0.42571184039115906,
3516,0.8940678238868713,0.4160132110118866,
3517,0.8975409865379333,0.40494203567504883,
3518,0.9007936716079712,0.3955051898956299,
3519,0.9038461446762085,0.38567066192626953,
3520,0.9067164063453674,0.37693825364112854,
3521,0.9094203114509583,0.36811837553977966,
3522,0.9119718074798584,0.36018866300582886,
3523,0.9135273694992065,0.3530692458152771,
3524,0.9158333539962769,0.3473152816295624,
3525,0.9172077775001526,0.34364867210388184,
3526,0.9193037748336792,0.3370908796787262,
3527,0.9212962985038757,0.33112406730651855,
3528,0.9231927990913391,0.32572972774505615,
3529,0.9242647290229797,0.32224732637405396,
3530,0.9260057210922241,0.3166246712207794,
3531,0.9276685118675232,0.31104961037635803,
3532,0.9292582273483276,0.3053590655326843,
3533,0.9307795763015747,0.3007058799266815,
3534,0.9322368502616882,0.2953779399394989,
3535,0.9336340427398682,0.2906329333782196,
3536,0.934974730014801,0.2859736979007721,
3537,0.9356435537338257,0.28296521306037903,
3538,0.9368932247161865,0.2794753909111023,
3539,0.938095211982727,0.2763173282146454,
3540,0.9392523169517517,0.2723335027694702,
3541,0.9403669834136963,0.2689927816390991,
3542,0.9414414167404175,0.2654286026954651,
3543,0.9424778819084167,0.26263222098350525,
3544,0.9434782862663269,0.2596897780895233,
3545,0.9439102411270142,0.25848495960235596,
3546,0.9448529481887817,0.2554778754711151,
3547,0.9457644820213318,0.25275668501853943,
3548,0.9466463327407837,0.25049471855163574,
3549,0.9474999904632568,0.247965008020401,
3550,0.7962962985038757,0.7200825810432434,
3551,0.8103448152542114,0.6749701499938965,
3552,0.8225806355476379,0.6354270577430725,
3553,0.8333333134651184,0.6032240986824036,
3554,0.8428571224212646,0.5721133351325989,
3555,0.8513513803482056,0.5450628399848938,
3556,0.8589743375778198,0.5227899551391602,
3557,0.8643292784690857,0.5048564076423645,
3558,0.8706395626068115,0.48473575711250305,
3559,0.8763889074325562,0.4647349417209625,
3560,0.8816489577293396,0.4494464099407196,
3561,0.8852040767669678,0.43830424547195435,
3562,0.8897058963775635,0.4248136878013611,
3563,0.8938679099082947,0.41337066888809204,
3564,0.8977272510528564,0.401303231716156,
3565,0.9002193212509155,0.39231574535369873,
3566,0.9036017060279846,0.3820107579231262,
3567,0.9067623019218445,0.3735179603099823,
3568,0.9097222089767456,0.3633981943130493,
3569,0.9125000238418579,0.3547200858592987,
3570,0.9141790866851807,0.34897008538246155,
3571,0.9166666865348816,0.340237021446228,
3572,0.9190140962600708,0.33332258462905884,
3573,0.9212328791618347,0.32639944553375244,
3574,0.9233333468437195,0.31927716732025146,
3575,0.9253246784210205,0.31232064962387085,
3576,0.9272152185440063,0.30615609884262085,
3577,0.9290123581886292,0.30036798119544983,
3578,0.9307228922843933,0.294621080160141,
3579,0.9323529601097107,0.2891903817653656,
3580,0.9339080452919006,0.2840583920478821,
3581,0.9353932738304138,0.279724657535553,
3582,0.9368131756782532,0.27644091844558716,
3583,0.9381720423698425,0.2722162902355194,
3584,0.9394736886024475,0.26838791370391846,
3585,0.9407216310501099,0.2647584080696106,
3586,0.941919207572937,0.26026952266693115,
3587,0.9430692791938782,0.25675973296165466,
3588,0.9435679316520691,0.2552403509616852,
3589,0.9446428418159485,0.25221678614616394,
3590,0.9456775784492493,0.24943043291568756,
3591,0.9466742873191833,0.24624590575695038,
3592,0.9476351141929626,0.24325521290302277,
3593,0.94856196641922,0.2398901730775833,
3594,0.949456512928009,0.2374512106180191,
3595,0.9503205418586731,0.23455317318439484,
3596,0.9511554837226868,0.2324080914258957,
3597,0.9519628286361694,0.22983165085315704,
3598,0.952235758304596,0.22999730706214905,
3599,0.953000009059906,0.22817152738571167,
3600,0.7939814925193787,0.7484752535820007,
3601,0.8081896305084229,0.7037529349327087,
3602,0.8185483813285828,0.6670709252357483,
3603,0.8276515007019043,0.6347389221191406,
3604,0.8374999761581421,0.6057789325714111,
3605,0.8462837934494019,0.5758894681930542,
3606,0.8541666865348816,0.5505660176277161,
3607,0.8612805008888245,0.5276710987091064,
3608,0.867732584476471,0.5071914792060852,
3609,0.8736110925674438,0.48732948303222656,
3610,0.8789893388748169,0.47017502784729004,
3611,0.8839285969734192,0.4531874656677246,
3612,0.8884803652763367,0.43702417612075806,
3613,0.8926886916160583,0.42413169145584106,
3614,0.8965908885002136,0.41345998644828796,
3615,0.9002193212509155,0.4017939865589142,
3616,0.9036017060279846,0.39078444242477417,
3617,0.9067623019218445,0.3799494206905365,
3618,0.9097222089767456,0.37056663632392883,
3619,0.9125000238418579,0.36159494519233704,
3620,0.9151119589805603,0.3527072072029114,
3621,0.9175724387168884,0.3454822301864624,
3622,0.9198943376541138,0.3384706974029541,
3623,0.9220890402793884,0.3317720592021942,
3624,0.9241666793823242,0.3251081705093384,
3625,0.9261363744735718,0.31865981221199036,
3626,0.9280063509941101,0.3123692274093628,
3627,0.9297839403152466,0.3070399761199951,
3628,0.9314758777618408,0.30133935809135437,
3629,0.9330882430076599,0.2958527207374573,
3630,0.9346264600753784,0.29024893045425415,
3631,0.9360954761505127,0.2858966886997223,
3632,0.9375,0.2815614342689514,
3633,0.9388440847396851,0.2779913544654846,
3634,0.9401316046714783,0.2735406458377838,
3635,0.9413659572601318,0.26930102705955505,
3636,0.9425504803657532,0.2653954029083252,
3637,0.9436880946159363,0.26210787892341614,
3638,0.9447815418243408,0.25812721252441406,
3639,0.9458333253860474,0.25529301166534424,
3640,0.9468457698822021,0.25158441066741943,
3641,0.9478210806846619,0.24846217036247253,
3642,0.9487612843513489,0.24550850689411163,
3643,0.9496681690216064,0.24315333366394043,
3644,0.9505434632301331,0.24012747406959534,
3645,0.9513888955116272,0.23771291971206665,
3646,0.9522058963775635,0.2352963387966156,
3647,0.952479362487793,0.23377647995948792,
3648,0.9532520174980164,0.23198172450065613,
3649,0.9539999961853027,0.22924447059631348,
3650,0.7870370149612427,0.744872510433197,
3651,0.8017241358757019,0.6982198357582092,
3652,0.8145161271095276,0.6575207114219666,
3653,0.8257575631141663,0.6214923858642578,
3654,0.8339285850524902,0.5938255190849304,
3655,0.8412162065505981,0.5683808326721191,
3656,0.8493589758872986,0.5432373881340027,
3657,0.8567073345184326,0.5219745635986328,
3658,0.8633720874786377,0.5008310675621033,
3659,0.8694444298744202,0.48261743783950806,
3660,0.875,0.4692386984825134,
3661,0.8801020383834839,0.45246031880378723,
3662,0.8848039507865906,0.4365978240966797,
3663,0.8891509175300598,0.42343637347221375,
3664,0.8931818008422852,0.4110392928123474,
3665,0.8958333134651184,0.4000208079814911,
3666,0.8993644118309021,0.39113518595695496,
3667,0.9026639461517334,0.38007035851478577,
3668,0.9057539701461792,0.369975209236145,
3669,0.9086538553237915,0.3601379692554474,
3670,0.9113805890083313,0.35207483172416687,
3671,0.9139492511749268,0.3454204499721527,
3672,0.9154929518699646,0.33982720971107483,
3673,0.9178082346916199,0.3323078155517578,
3674,0.9200000166893005,0.3262068033218384,
3675,0.9220778942108154,0.3203228712081909,
3676,0.9240506291389465,0.31499961018562317,
3677,0.9259259104728699,0.3091084063053131,
3678,0.9277108311653137,0.3033554255962372,
3679,0.929411768913269,0.2975444197654724,
3680,0.931034505367279,0.29188740253448486,
3681,0.932584285736084,0.2880828380584717,
3682,0.9340659379959106,0.2831895649433136,
3683,0.9354838728904724,0.27952638268470764,
3684,0.9368420839309692,0.27559295296669006,
3685,0.938144326210022,0.27205386757850647,
3686,0.939393937587738,0.26797130703926086,
3687,0.9405940771102905,0.2636778950691223,
3688,0.9417475461959839,0.25949254631996155,
3689,0.9428571462631226,0.25564754009246826,
3690,0.9439252614974976,0.25267207622528076,
3691,0.9449541568756104,0.2500537633895874,
3692,0.9459459185600281,0.24642102420330048,
3693,0.9469026327133179,0.24427731335163116,
3694,0.947282612323761,0.2423170506954193,
3695,0.9481837749481201,0.24007141590118408,
3696,0.9490545988082886,0.23719580471515656,
3697,0.9498966932296753,0.234505295753479,
3698,0.9507113695144653,0.2316179871559143,
3699,0.9514999985694885,0.2287188321352005,
3700,0.7893518805503845,0.7328429222106934,
3701,0.8038793206214905,0.6858194470405579,
3702,0.8165322542190552,0.6492063403129578,
3703,0.8276515007019043,0.6129627823829651,
3704,0.8339285850524902,0.5871958136558533,
3705,0.8412162065505981,0.5626858472824097,
3706,0.8493589758872986,0.5392088890075684,
3707,0.8567073345184326,0.517718493938446,
3708,0.8619186282157898,0.5009567141532898,
3709,0.8680555820465088,0.4815143942832947,
3710,0.8723404407501221,0.4682046175003052,
3711,0.8775510191917419,0.45234695076942444,
3712,0.8823529481887817,0.43732133507728577,
3713,0.8867924809455872,0.4257199764251709,
3714,0.8909090757369995,0.41239649057388306,
3715,0.8925438523292542,0.4063134491443634,
3716,0.8961864113807678,0.39539989829063416,
3717,0.8995901346206665,0.3857415020465851,
3718,0.9027777910232544,0.3753650486469269,
3719,0.9057692289352417,0.3679485023021698,
3720,0.9076492786407471,0.36283719539642334,
3721,0.9103260636329651,0.3556534945964813,
3722,0.9128521084785461,0.34744295477867126,
3723,0.9152397513389587,0.33927610516548157,
3724,0.9175000190734863,0.3316161036491394,
3725,0.9196428656578064,0.32432031631469727,
3726,0.9216772317886353,0.3178487718105316,
3727,0.9236111044883728,0.31170037388801575,
3728,0.9254518151283264,0.3058012127876282,
3729,0.9272058606147766,0.30089282989501953,
3730,0.9288793206214905,0.29652369022369385,
3731,0.930477499961853,0.2907962203025818,
3732,0.9320054650306702,0.28584322333335876,
3733,0.9334677457809448,0.28092145919799805,
3734,0.9348683953285217,0.2767857313156128,
3735,0.936211347579956,0.2727391719818115,
3736,0.9375,0.26815640926361084,
3737,0.9387376308441162,0.265697717666626,
3738,0.9399271607398987,0.2615734934806824,
3739,0.9410714507102966,0.2592144012451172,
3740,0.9421728849411011,0.2579515874385834,
3741,0.9432339668273926,0.2545430362224579,
3742,0.9442567825317383,0.2512337565422058,
3743,0.9452433586120605,0.2478848397731781,
3744,0.945652186870575,0.24564988911151886,
3745,0.9465811848640442,0.24233123660087585,
3746,0.9474790096282959,0.2392549067735672,
3747,0.9478305578231812,0.23702462017536163,
3748,0.9486788511276245,0.23469337821006775,
3749,0.9495000243186951,0.23220255970954895,
3750,0.7986111044883728,0.7309344410896301,
3751,0.8125,0.68670254945755,
3752,0.8245967626571655,0.6486176252365112,
3753,0.8352272510528564,0.6154836416244507,
3754,0.8446428775787354,0.5838761329650879,
3755,0.8530405163764954,0.5563825368881226,
3756,0.8605769276618958,0.5325075387954712,
3757,0.8673780560493469,0.5113148093223572,
3758,0.8735465407371521,0.49194371700286865,
3759,0.8791666626930237,0.47643935680389404,
3760,0.8843085169792175,0.45987462997436523,
3761,0.8890306353569031,0.44296595454216003,
3762,0.8933823704719543,0.4280593991279602,
3763,0.8974056839942932,0.41457828879356384,
3764,0.9011363387107849,0.40133920311927795,
3765,0.9046052694320679,0.3922313451766968,
3766,0.9078390002250671,0.38370633125305176,
3767,0.9108606576919556,0.3757423758506775,
3768,0.913690447807312,0.36673569679260254,
3769,0.9163461327552795,0.35668712854385376,
3770,0.9188432693481445,0.34800851345062256,
3771,0.9211956262588501,0.3402966558933258,
3772,0.92341548204422,0.33262136578559875,
3773,0.9255136847496033,0.3256967067718506,
3774,0.9275000095367432,0.3189208209514618,
3775,0.9293830990791321,0.31350260972976685,
3776,0.9311708807945251,0.3067157566547394,
3777,0.9328703880310059,0.30125290155410767,
3778,0.9344879388809204,0.29695796966552734,
3779,0.9360294342041016,0.29263609647750854,
3780,0.9375,0.2892233431339264,
3781,0.9389045238494873,0.28407734632492065,
3782,0.9402472376823425,0.27871331572532654,
3783,0.9408602118492126,0.2758445739746094,
3784,0.942105233669281,0.27155789732933044,
3785,0.9432989954948425,0.26711997389793396,
3786,0.9444444179534912,0.26336783170700073,
3787,0.9443069100379944,0.2615402936935425,
3788,0.9453883767127991,0.2582443654537201,
3789,0.9464285969734192,0.25436681509017944,
3790,0.947429895401001,0.2512671947479248,
3791,0.9483944773674011,0.24823620915412903,
3792,0.9493243098258972,0.24483340978622437,
3793,0.9502212405204773,0.24184595048427582,
3794,0.9510869383811951,0.23848064243793488,
3795,0.9519230723381042,0.23633959889411926,
3796,0.9527310729026794,0.23414911329746246,
3797,0.9535123705863953,0.23134756088256836,
3798,0.9542682766914368,0.22885002195835114,
3799,0.9549999833106995,0.2262650430202484,
3800,0.7939814925193787,0.721478283405304,
3801,0.8081896305084229,0.6752504110336304,
3802,0.8205645084381104,0.6368507146835327,
3803,0.8314393758773804,0.6051619052886963,
3804,0.8410714268684387,0.5744602084159851,
3805,0.849662184715271,0.5466987490653992,
3806,0.8557692170143127,0.527391791343689,
3807,0.8628048896789551,0.5100512504577637,
3808,0.8691860437393188,0.4914886951446533,
3809,0.875,0.47116824984550476,
3810,0.8803191781044006,0.4534568786621094,
3811,0.8852040767669678,0.4383130669593811,
3812,0.8897058963775635,0.42406049370765686,
3813,0.8926886916160583,0.41514652967453003,
3814,0.8965908885002136,0.4031907618045807,
3815,0.9002193212509155,0.3911968767642975,
3816,0.9036017060279846,0.3811351954936981,
3817,0.9067623019218445,0.37077057361602783,
3818,0.9097222089767456,0.3610263168811798,
3819,0.9125000238418579,0.3519133925437927,
3820,0.9141790866851807,0.34636402130126953,
3821,0.9166666865348816,0.3385991156101227,
3822,0.9181337952613831,0.3325379192829132,
3823,0.9195205569267273,0.3268451690673828,
3824,0.92166668176651,0.31950142979621887,
3825,0.923701286315918,0.3127022683620453,
3826,0.9248417615890503,0.3069153428077698,
3827,0.9266975522041321,0.30313393473625183,
3828,0.928463876247406,0.2979225516319275,
3829,0.929411768913269,0.29394614696502686,
3830,0.9303160905838013,0.29150620102882385,
3831,0.9318820238113403,0.2888447940349579,
3832,0.9333791136741638,0.2834571897983551,
3833,0.9341397881507874,0.27942728996276855,
3834,0.9355263113975525,0.2751311957836151,
3835,0.936855673789978,0.27123188972473145,
3836,0.9381313323974609,0.2675490379333496,
3837,0.9393564462661743,0.26403236389160156,
3838,0.9405339956283569,0.2604866623878479,
3839,0.9416666626930237,0.2569889426231384,
3840,0.9427570104598999,0.2544204890727997,
3841,0.9438073635101318,0.25252673029899597,
3842,0.9448198080062866,0.24934804439544678,
3843,0.9457964897155762,0.24647532403469086,
3844,0.946739137172699,0.24371948838233948,
3845,0.9476495981216431,0.24050122499465942,
3846,0.9485294222831726,0.23784828186035156,
3847,0.9493801593780518,0.23507384955883026,
3848,0.9502032399177551,0.23265965282917023,
3849,0.9509999752044678,0.22969816625118256,
3850,0.7870370149612427,0.7276957035064697,
3851,0.7995689511299133,0.6868892908096313,
3852,0.8125,0.6466202735900879,
3853,0.8238636255264282,0.6136581897735596,
3854,0.8339285850524902,0.5844863057136536,
3855,0.8429054021835327,0.559420108795166,
3856,0.8509615659713745,0.5337689518928528,
3857,0.8582317233085632,0.5129765272140503,
3858,0.8648256063461304,0.49238893389701843,
3859,0.8708333373069763,0.4743950366973877,
3860,0.876329779624939,0.4582008123397827,
3861,0.8801020383834839,0.4428691864013672,
3862,0.8848039507865906,0.42796167731285095,
3863,0.8891509175300598,0.4168631136417389,
3864,0.8920454382896423,0.4053824245929718,
3865,0.8947368264198303,0.3941909968852997,
3866,0.8983050584793091,0.3827913701534271,
3867,0.9016393423080444,0.3725644052028656,
3868,0.9047619104385376,0.36333924531936646,
3869,0.9076923131942749,0.3546711206436157,
3870,0.9104477763175964,0.34591662883758545,
3871,0.9112318754196167,0.34053096175193787,
3872,0.9137324094772339,0.3320330083370209,
3873,0.9160959124565125,0.3252900540828705,
3874,0.9183333516120911,0.31769639253616333,
3875,0.9204545617103577,0.3112199902534485,
3876,0.922468364238739,0.30507972836494446,
3877,0.9243826866149902,0.29923975467681885,
3878,0.9262048006057739,0.2941358983516693,
3879,0.9279412031173706,0.2894271910190582,
3880,0.9295976758003235,0.28442126512527466,
3881,0.9311797618865967,0.27938687801361084,
3882,0.932692289352417,0.2754027843475342,
3883,0.9341397881507874,0.2716476619243622,
3884,0.9348683953285217,0.2679707705974579,
3885,0.936211347579956,0.26423606276512146,
3886,0.9375,0.2622784376144409,
3887,0.9387376308441162,0.2587140202522278,
3888,0.9399271607398987,0.254961222410202,
3889,0.9410714507102966,0.2514994442462921,
3890,0.9421728849411011,0.24758486449718475,
3891,0.9432339668273926,0.24402247369289398,
3892,0.9436936974525452,0.24268849194049835,
3893,0.9446902871131897,0.2400192767381668,
3894,0.945652186870575,0.23708665370941162,
3895,0.9465811848640442,0.23440472781658173,
3896,0.9474790096282959,0.23239976167678833,
3897,0.9483470916748047,0.2305276095867157,
3898,0.9491869807243347,0.22819992899894714,
3899,0.949999988079071,0.22570887207984924,
3900,0.7870370149612427,0.7352676391601562,
3901,0.8017241358757019,0.6920753717422485,
3902,0.8145161271095276,0.6565223932266235,
3903,0.8257575631141663,0.6223074197769165,
3904,0.8357142806053162,0.5917064547538757,
3905,0.8445945978164673,0.5627554059028625,
3906,0.8525640964508057,0.536906361579895,
3907,0.8582317233085632,0.5178313851356506,
3908,0.8648256063461304,0.4975728690624237,
3909,0.8708333373069763,0.478841096162796,
3910,0.876329779624939,0.46162429451942444,
3911,0.8813775777816772,0.4456125795841217,
3912,0.8860294222831726,0.43161478638648987,
3913,0.8903301954269409,0.4182347059249878,
3914,0.894318163394928,0.40810996294021606,
3915,0.8969298005104065,0.3975459933280945,
3916,0.9004237055778503,0.3868520259857178,
3917,0.9036885499954224,0.3756536543369293,
3918,0.9067460298538208,0.3659524619579315,
3919,0.9096153974533081,0.3563360571861267,
3920,0.9123134613037109,0.34726741909980774,
3921,0.9148550629615784,0.34004709124565125,
3922,0.9172534942626953,0.3347713053226471,
3923,0.9195205569267273,0.3273942768573761,
3924,0.92166668176651,0.3202706277370453,
3925,0.9228895902633667,0.3160255253314972,
3926,0.9248417615890503,0.3099800944328308,
3927,0.9266975522041321,0.30400967597961426,
3928,0.928463876247406,0.299152135848999,
3929,0.9301470518112183,0.29319486021995544,
3930,0.931034505367279,0.28822484612464905,
3931,0.932584285736084,0.2840900123119354,
3932,0.9340659379959106,0.2795800268650055,
3933,0.9354838728904724,0.2745859920978546,
3934,0.9368420839309692,0.2701133191585541,
3935,0.938144326210022,0.26629698276519775,
3936,0.939393937587738,0.2634402811527252,
3937,0.9405940771102905,0.259186327457428,
3938,0.9411407709121704,0.2567591965198517,
3939,0.9422619342803955,0.2533554136753082,
3940,0.9433411359786987,0.2508279085159302,
3941,0.9443807601928711,0.248279869556427,
3942,0.9453828930854797,0.2451499104499817,
3943,0.9457964897155762,0.24253706634044647,
3944,0.946739137172699,0.23960646986961365,
3945,0.9476495981216431,0.23735858500003815,
3946,0.9485294222831726,0.2340822070837021,
3947,0.9493801593780518,0.23149937391281128,
3948,0.9502032399177551,0.22903765738010406,
3949,0.9509999752044678,0.22623835504055023,
3950,0.7870370149612427,0.7489976286888123,
3951,0.8017241358757019,0.7024314999580383,
3952,0.8145161271095276,0.6621146202087402,
3953,0.8257575631141663,0.6276198029518127,
3954,0.8357142806053162,0.5954351425170898,
3955,0.8429054021835327,0.5735447406768799,
3956,0.8509615659713745,0.5505138039588928,
3957,0.8582317233085632,0.5269784331321716,
3958,0.8648256063461304,0.5057052969932556,
3959,0.8708333373069763,0.4857489764690399,
3960,0.876329779624939,0.4669792056083679,
3961,0.8813775777816772,0.4521956443786621,
3962,0.8848039507865906,0.4399014413356781,
3963,0.8891509175300598,0.4262729287147522,
3964,0.8920454382896423,0.4143836498260498,
3965,0.8958333134651184,0.40171411633491516,
3966,0.8993644118309021,0.3905588984489441,
3967,0.9026639461517334,0.38113871216773987,
3968,0.9057539701461792,0.37058472633361816,
3969,0.9086538553237915,0.36083126068115234,
3970,0.9113805890083313,0.3529107868671417,
3971,0.9139492511749268,0.34504902362823486,
3972,0.9163732528686523,0.3363730013370514,
3973,0.9186643958091736,0.33095937967300415,
3974,0.9208333492279053,0.32383841276168823,
3975,0.9228895902633667,0.31715989112854004,
3976,0.9248417615890503,0.3116009533405304,
3977,0.9266975522041321,0.3051314651966095,
3978,0.9277108311653137,0.30174481868743896,
3979,0.929411768913269,0.2963736057281494,
3980,0.931034505367279,0.2914677858352661,
3981,0.9318820238113403,0.28660792112350464,
3982,0.9333791136741638,0.28126269578933716,
3983,0.9348118305206299,0.2772205173969269,
3984,0.9361842274665833,0.2732558250427246,
3985,0.9375,0.2695389688014984,
3986,0.9387626051902771,0.2659955322742462,
3987,0.9399752616882324,0.2618262469768524,
3988,0.9411407709121704,0.2583087384700775,
3989,0.9422619342803955,0.25456127524375916,
3990,0.9433411359786987,0.25187933444976807,
3991,0.9443807601928711,0.24861067533493042,
3992,0.9448198080062866,0.24766258895397186,
3993,0.9457964897155762,0.24411697685718536,
3994,0.946739137172699,0.2406853884458542,
3995,0.9476495981216431,0.23779995739459991,
3996,0.9485294222831726,0.23491421341896057,
3997,0.9493801593780518,0.23246541619300842,
3998,0.9502032399177551,0.229606032371521,
3999,0.9509999752044678,0.2271936684846878,
4000,0.7939814925193787,0.742384672164917,
4001,0.8081896305084229,0.6939488649368286,
4002,0.8205645084381104,0.6535346508026123,
4003,0.8314393758773804,0.6178109049797058,
4004,0.8410714268684387,0.5868071913719177,
4005,0.8479729890823364,0.559216320514679,
4006,0.8557692170143127,0.5342057347297668,
4007,0.8628048896789551,0.5138976573944092,
4008,0.8691860437393188,0.49396371841430664,
4009,0.875,0.4754011332988739,
4010,0.8803191781044006,0.45729711651802063,
4011,0.8852040767669678,0.4406870901584625,
4012,0.8897058963775635,0.4265387952327728,
4013,0.8938679099082947,0.41265636682510376,
4014,0.8977272510528564,0.3990550637245178,
4015,0.9013158082962036,0.386709600687027,
4016,0.9046609997749329,0.3751906156539917,
4017,0.9077869057655334,0.3654017150402069,
4018,0.9097222089767456,0.36085376143455505,
4019,0.9125000238418579,0.3525864779949188,
4020,0.9151119589805603,0.34348663687705994,
4021,0.9175724387168884,0.33524954319000244,
4022,0.9198943376541138,0.3275333642959595,
4023,0.9220890402793884,0.3197692036628723,
4024,0.9225000143051147,0.3164314925670624,
4025,0.9245129823684692,0.3110419809818268,
4026,0.9264240264892578,0.3058455288410187,
4027,0.9282407164573669,0.3003185987472534,
4028,0.9299699068069458,0.29427000880241394,
4029,0.9316176176071167,0.2905489206314087,
4030,0.9324712753295898,0.286260724067688,
4031,0.9339887499809265,0.28085675835609436,
4032,0.9347527623176575,0.27782341837882996,
4033,0.9361559152603149,0.2734226882457733,
4034,0.9375,0.2687159776687622,
4035,0.938788652420044,0.26473268866539,
4036,0.940025269985199,0.26030707359313965,
4037,0.9412128925323486,0.2576652765274048,
4038,0.9423543810844421,0.2545086741447449,
4039,0.9434523582458496,0.25093787908554077,
4040,0.9445093274116516,0.24773691594600677,
4041,0.9455274939537048,0.24467965960502625,
4042,0.9465090036392212,0.24169322848320007,
4043,0.9474557638168335,0.23840880393981934,
4044,0.948369562625885,0.23607006669044495,
4045,0.9492521286010742,0.23307345807552338,
4046,0.9501050710678101,0.22999468445777893,
4047,0.9509297609329224,0.2276022583246231,
4048,0.9517276287078857,0.2253267616033554,
4049,0.9524999856948853,0.22287486493587494,
4050,0.8032407164573669,0.746447741985321,
4051,0.8168103694915771,0.6995111703872681,
4052,0.8286290168762207,0.6594662070274353,
4053,0.8390151262283325,0.623713493347168,
4054,0.8464285731315613,0.5948815941810608,
4055,0.8547297120094299,0.5668337345123291,
4056,0.8621794581413269,0.5424984097480774,
4057,0.8689024448394775,0.5197052955627441,
4058,0.875,0.49953797459602356,
4059,0.8805555701255798,0.4821208417415619,
4060,0.8856382966041565,0.4668664336204529,
4061,0.8903061151504517,0.452631413936615,
4062,0.8946078419685364,0.43942102789878845,
4063,0.8985849022865295,0.42479413747787476,
4064,0.9022727012634277,0.41439372301101685,
4065,0.905701756477356,0.4026683270931244,
4066,0.9088982939720154,0.3911723494529724,
4067,0.9118852615356445,0.38042423129081726,
4068,0.9146825671195984,0.3712775409221649,
4069,0.9173076748847961,0.36133942008018494,
4070,0.9197761416435242,0.35248175263404846,
4071,0.9221014380455017,0.34480592608451843,
4072,0.9242957830429077,0.33690229058265686,
4073,0.926369845867157,0.32863306999206543,
4074,0.9283333420753479,0.3219273090362549,
4075,0.9301947951316833,0.3151382803916931,
4076,0.9319620132446289,0.3093334436416626,
4077,0.9336419701576233,0.30365312099456787,
4078,0.9352409839630127,0.29765966534614563,
4079,0.9367647171020508,0.2920384705066681,
4080,0.9367815852165222,0.29016539454460144,
4081,0.9382022619247437,0.2857089340686798,
4082,0.9395604133605957,0.2806600332260132,
4083,0.9408602118492126,0.2765643298625946,
4084,0.942105233669281,0.2716853618621826,
4085,0.9426546096801758,0.2686010003089905,
4086,0.9431818127632141,0.26526162028312683,
4087,0.9443069100379944,0.26196765899658203,
4088,0.9447815418243408,0.2594957947731018,
4089,0.9458333253860474,0.2575172781944275,
4090,0.9468457698822021,0.25397926568984985,
4091,0.9478210806846619,0.2502017021179199,
4092,0.9487612843513489,0.24762862920761108,
4093,0.9496681690216064,0.24433210492134094,
4094,0.9505434632301331,0.24083785712718964,
4095,0.9513888955116272,0.23750650882720947,
4096,0.9522058963775635,0.23461559414863586,
4097,0.952479362487793,0.2325800061225891,
4098,0.9532520174980164,0.22988350689411163,
4099,0.9539999961853027,0.22760003805160522,
4100,0.8148148059844971,0.7284083366394043,
4101,0.8275862336158752,0.685638427734375,
4102,0.8387096524238586,0.6452818512916565,
4103,0.8484848737716675,0.6111088991165161,
4104,0.8571428656578064,0.580973744392395,
4105,0.8648648858070374,0.5527836680412292,
4106,0.870192289352417,0.5321435332298279,
4107,0.8765243887901306,0.5099702477455139,
4108,0.882267415523529,0.4899176359176636,
4109,0.887499988079071,0.47296953201293945,
4110,0.8922872543334961,0.4550674855709076,
4111,0.8966836929321289,0.43955036997795105,
4112,0.8995097875595093,0.42645004391670227,
4113,0.9033018946647644,0.41462814807891846,
4114,0.9068182110786438,0.40281566977500916,
4115,0.9100877046585083,0.3898589611053467,
4116,0.9131355881690979,0.38020655512809753,
4117,0.9159836173057556,0.3703862726688385,
4118,0.9186508059501648,0.3615037798881531,
4119,0.9211538434028625,0.3518218398094177,
4120,0.9235074520111084,0.34415653347969055,
4121,0.9257246255874634,0.33528468012809753,
4122,0.9269366264343262,0.3319226801395416,
4123,0.9289383292198181,0.32580941915512085,
4124,0.9300000071525574,0.3201608955860138,
4125,0.9318181872367859,0.3135792911052704,
4126,0.9335442781448364,0.3070661127567291,
4127,0.9351851940155029,0.3007051348686218,
4128,0.9367470145225525,0.29541903734207153,
4129,0.9382352828979492,0.28992190957069397,
4130,0.9396551847457886,0.2842555642127991,
4131,0.9410112500190735,0.279583215713501,
4132,0.942307710647583,0.2752947509288788,
4133,0.9435483813285828,0.2706414461135864,
4134,0.9447368383407593,0.2666560113430023,
4135,0.9458763003349304,0.2633684575557709,
4136,0.9463383555412292,0.25975093245506287,
4137,0.9474009871482849,0.25658750534057617,
4138,0.9484223127365112,0.25276079773902893,
4139,0.949404776096344,0.24943137168884277,
4140,0.9503504633903503,0.2460574060678482,
4141,0.9506880640983582,0.24383926391601562,
4142,0.9510135054588318,0.24160811305046082,
4143,0.9518805146217346,0.23823308944702148,
4144,0.9527173638343811,0.235369011759758,
4145,0.9535256624221802,0.23259107768535614,
4146,0.9543067216873169,0.23028771579265594,
4147,0.9550619721412659,0.2278985232114792,
4148,0.9557926654815674,0.2248876839876175,
4149,0.9564999938011169,0.221804678440094,
4150,0.7939814925193787,0.7382110953330994,
4151,0.8038793206214905,0.6979068517684937,
4152,0.8165322542190552,0.657593846321106,
4153,0.8276515007019043,0.6225115656852722,
4154,0.8374999761581421,0.5903275012969971,
4155,0.8462837934494019,0.5608076453208923,
4156,0.8541666865348816,0.5356442332267761,
4157,0.8612805008888245,0.5139657258987427,
4158,0.867732584476471,0.4924560487270355,
4159,0.8736110925674438,0.47503232955932617,
4160,0.8789893388748169,0.45721668004989624,
4161,0.8839285969734192,0.4435908794403076,
4162,0.8884803652763367,0.4290589392185211,
4163,0.8926886916160583,0.4164446294307709,
4164,0.8965908885002136,0.4046380817890167,
4165,0.9002193212509155,0.392548531293869,
4166,0.9036017060279846,0.3818817138671875,
4167,0.9067623019218445,0.3718748986721039,
4168,0.9097222089767456,0.3628343641757965,
4169,0.9125000238418579,0.3529428541660309,
4170,0.9151119589805603,0.3449077606201172,
4171,0.9175724387168884,0.33672574162483215,
4172,0.9198943376541138,0.3304015100002289,
4173,0.9220890402793884,0.3233388066291809,
4174,0.9241666793823242,0.3161628842353821,
4175,0.9261363744735718,0.31084346771240234,
4176,0.9280063509941101,0.3048364520072937,
4177,0.9297839403152466,0.2992548942565918,
4178,0.9314758777618408,0.29295817017555237,
4179,0.9330882430076599,0.2874199151992798,
4180,0.9346264600753784,0.2836019992828369,
4181,0.9360954761505127,0.2791314423084259,
4182,0.9375,0.2752784490585327,
4183,0.9381720423698425,0.27312421798706055,
4184,0.9394736886024475,0.2689588963985443,
4185,0.9407216310501099,0.26420342922210693,
4186,0.941919207572937,0.26005131006240845,
4187,0.9430692791938782,0.25561633706092834,
4188,0.9435679316520691,0.2522794008255005,
4189,0.9446428418159485,0.24832363426685333,
4190,0.9456775784492493,0.24546842277050018,
4191,0.9466742873191833,0.24232786893844604,
4192,0.9476351141929626,0.2395576685667038,
4193,0.94856196641922,0.23641778528690338,
4194,0.949456512928009,0.2333233803510666,
4195,0.9503205418586731,0.23120760917663574,
4196,0.9511554837226868,0.22828125953674316,
4197,0.9519628286361694,0.22592796385288239,
4198,0.9527438879013062,0.22346244752407074,
4199,0.953000009059906,0.22296461462974548,
4200,0.8101851940155029,0.7177147269248962,
4201,0.8232758641242981,0.6716814637184143,
4202,0.8346773982048035,0.6351892948150635,
4203,0.8446969985961914,0.6013161540031433,
4204,0.8517857193946838,0.5750802755355835,
4205,0.8597972989082336,0.5495225191116333,
4206,0.8669871687889099,0.5258771181106567,
4207,0.8734756112098694,0.503025472164154,
4208,0.8779069781303406,0.4854375720024109,
4209,0.8833333253860474,0.46726277470588684,
4210,0.8882978558540344,0.45086580514907837,
4211,0.8928571343421936,0.4358503520488739,
4212,0.8958333134651184,0.42518940567970276,
4213,0.8997641801834106,0.411750853061676,
4214,0.9034090638160706,0.39994120597839355,
4215,0.906798243522644,0.38986659049987793,
4216,0.9099576473236084,0.37945792078971863,
4217,0.9129098653793335,0.36934611201286316,
4218,0.91567462682724,0.36042511463165283,
4219,0.9182692170143127,0.3517224192619324,
4220,0.920708954334259,0.34335020184516907,
4221,0.9230072498321533,0.33585667610168457,
4222,0.9251760840415955,0.3278513252735138,
4223,0.9272260069847107,0.32094529271125793,
4224,0.9283333420753479,0.3146789073944092,
4225,0.9301947951316833,0.3099571466445923,
4226,0.9319620132446289,0.3044361472129822,
4227,0.9336419701576233,0.29831695556640625,
4228,0.9352409839630127,0.29353052377700806,
4229,0.9367647171020508,0.2875257432460785,
4230,0.9382184147834778,0.2835485339164734,
4231,0.9396067261695862,0.2795671820640564,
4232,0.9409340620040894,0.2756681442260742,
4233,0.9422042965888977,0.27203407883644104,
4234,0.9434210658073425,0.268673837184906,
4235,0.9445876479148865,0.2656653821468353,
4236,0.9457070827484131,0.26138368248939514,
4237,0.9467821717262268,0.2593522071838379,
4238,0.9478155374526978,0.25562626123428345,
4239,0.9488095045089722,0.2521950900554657,
4240,0.9497663378715515,0.24870623648166656,
4241,0.9506880640983582,0.24508720636367798,
4242,0.9515765905380249,0.2430313378572464,
4243,0.9524336457252502,0.24000392854213715,
4244,0.9532608985900879,0.2367970198392868,
4245,0.9540598392486572,0.233271062374115,
4246,0.9548319578170776,0.23004189133644104,
4247,0.9555785059928894,0.22733500599861145,
4248,0.9563007950782776,0.22482497990131378,
4249,0.9570000171661377,0.22293776273727417,
4250,0.7754629850387573,0.7319481372833252,
4251,0.7909482717514038,0.684963047504425,
4252,0.8044354915618896,0.6442993879318237,
4253,0.8162878751754761,0.6112421154975891,
4254,0.824999988079071,0.5836632251739502,
4255,0.8344594836235046,0.5553733110427856,
4256,0.8429487347602844,0.5296681523323059,
4257,0.8506097793579102,0.5073438882827759,
4258,0.8575581312179565,0.4855360984802246,
4259,0.8638888597488403,0.46758508682250977,
4260,0.8696808218955994,0.4494282305240631,
4261,0.875,0.4348049461841583,
4262,0.8799019455909729,0.42047807574272156,
4263,0.8832547068595886,0.4088064730167389,
4264,0.887499988079071,0.39611732959747314,
4265,0.8914473652839661,0.3846778869628906,
4266,0.8951271176338196,0.3738254904747009,
4267,0.8985655903816223,0.36384180188179016,
4268,0.9017857313156128,0.3557996153831482,
4269,0.9048076868057251,0.3470989763736725,
4270,0.9076492786407471,0.33928874135017395,
4271,0.9103260636329651,0.3311783969402313,
4272,0.9128521084785461,0.3235684335231781,
4273,0.9152397513389587,0.3160346746444702,
4274,0.9175000190734863,0.3105143904685974,
4275,0.9196428656578064,0.3039604127407074,
4276,0.9208860993385315,0.30021563172340393,
4277,0.9228395223617554,0.29478976130485535,
4278,0.9246987700462341,0.28894639015197754,
4279,0.9264705777168274,0.2842361330986023,
4280,0.9281609058380127,0.27885258197784424,
4281,0.9297752976417542,0.2736632823944092,
4282,0.9313187003135681,0.26860758662223816,
4283,0.9327957034111023,0.2644636034965515,
4284,0.9342105388641357,0.26027145981788635,
4285,0.9355670213699341,0.2555057406425476,
4286,0.9368686676025391,0.251801997423172,
4287,0.9375,0.2487533539533615,
4288,0.9387136101722717,0.24482306838035583,
4289,0.9398809671401978,0.2423350065946579,
4290,0.9410046935081482,0.23921161890029907,
4291,0.9420871734619141,0.23587702214717865,
4292,0.9425675868988037,0.2339659184217453,
4293,0.9435840845108032,0.23188157379627228,
4294,0.9445652365684509,0.22910848259925842,
4295,0.9455128312110901,0.22599859535694122,
4296,0.9464285969734192,0.22300229966640472,
4297,0.9473140239715576,0.22004400193691254,
4298,0.9481707215309143,0.21719111502170563,
4299,0.9490000009536743,0.21466897428035736,
4300,0.8009259104728699,0.7202889323234558,
4301,0.8146551847457886,0.675244152545929,
4302,0.8266128897666931,0.6374362111091614,
4303,0.8371211886405945,0.6016478538513184,
4304,0.8464285731315613,0.5713739395141602,
4305,0.8547297120094299,0.5467157959938049,
4306,0.8621794581413269,0.5231216549873352,
4307,0.8689024448394775,0.5019604563713074,
4308,0.875,0.48256948590278625,
4309,0.8805555701255798,0.464826762676239,
4310,0.8856382966041565,0.44906100630760193,
4311,0.8903061151504517,0.43398377299308777,
4312,0.8946078419685364,0.419142484664917,
4313,0.8985849022865295,0.4049825370311737,
4314,0.9022727012634277,0.39179253578186035,
4315,0.905701756477356,0.3812571167945862,
4316,0.9078390002250671,0.37430763244628906,
4317,0.9108606576919556,0.3648446798324585,
4318,0.913690447807312,0.35558515787124634,
4319,0.9163461327552795,0.34659576416015625,
4320,0.9188432693481445,0.3378361463546753,
4321,0.9211956262588501,0.32954806089401245,
4322,0.922535240650177,0.3233712315559387,
4323,0.9246575236320496,0.3160737454891205,
4324,0.9266666769981384,0.31088492274284363,
4325,0.9285714030265808,0.30527999997138977,
4326,0.9303797483444214,0.29944121837615967,
4327,0.9320987462997437,0.2941790819168091,
4328,0.9337349534034729,0.2884220778942108,
4329,0.9352940917015076,0.2836274206638336,
4330,0.9367815852165222,0.2784821689128876,
4331,0.9382022619247437,0.27376794815063477,
4332,0.9395604133605957,0.2689323127269745,
4333,0.9408602118492126,0.26475468277931213,
4334,0.942105233669281,0.2614992558956146,
4335,0.9432989954948425,0.2584669888019562,
4336,0.9444444179534912,0.25519606471061707,
4337,0.9455445408821106,0.25135573744773865,
4338,0.946601927280426,0.2474389672279358,
4339,0.9476190209388733,0.24378491938114166,
4340,0.9485981464385986,0.24056240916252136,
4341,0.9495412707328796,0.23723621666431427,
4342,0.9504504799842834,0.23390088975429535,
4343,0.9513274431228638,0.23084338009357452,
4344,0.9521738886833191,0.22769762575626373,
4345,0.9529914259910583,0.2251625508069992,
4346,0.9537814855575562,0.223408505320549,
4347,0.9545454382896423,0.2207239419221878,
4348,0.9552845358848572,0.21797233819961548,
4349,0.9559999704360962,0.2153659611940384,
4350,0.7986111044883728,0.7106203436851501,
4351,0.8125,0.6679726243019104,
4352,0.8225806355476379,0.6300652623176575,
4353,0.8333333134651184,0.5964236855506897,
4354,0.8428571224212646,0.5724071860313416,
4355,0.8513513803482056,0.5450249910354614,
4356,0.8589743375778198,0.521032989025116,
4357,0.8658536672592163,0.4994596242904663,
4358,0.8720930218696594,0.4787548780441284,
4359,0.8777777552604675,0.45989328622817993,
4360,0.8829787373542786,0.44453543424606323,
4361,0.8864796161651611,0.43042516708374023,
4362,0.8909313678741455,0.4156555235385895,
4363,0.8950471878051758,0.40343141555786133,
4364,0.8988636136054993,0.3909445106983185,
4365,0.9024122953414917,0.3791649341583252,
4366,0.9057203531265259,0.36895284056663513,
4367,0.9088114500045776,0.3590354025363922,
4368,0.9117063283920288,0.34923452138900757,
4369,0.9144230484962463,0.34052902460098267,
4370,0.91697758436203,0.33245548605918884,
4371,0.9175724387168884,0.32751625776290894,
4372,0.9198943376541138,0.3208790719509125,
4373,0.9220890402793884,0.3136094808578491,
4374,0.9233333468437195,0.3081955909729004,
4375,0.9253246784210205,0.3017425537109375,
4376,0.9272152185440063,0.2964184284210205,
4377,0.9290123581886292,0.2924409806728363,
4378,0.9307228922843933,0.2875485122203827,
4379,0.9323529601097107,0.28266340494155884,
4380,0.9339080452919006,0.2775174379348755,
4381,0.9353932738304138,0.27336516976356506,
4382,0.9368131756782532,0.2690861225128174,
4383,0.9381720423698425,0.26421892642974854,
4384,0.9394736886024475,0.2598080337047577,
4385,0.9407216310501099,0.2566157579421997,
4386,0.9412878751754761,0.2552996873855591,
4387,0.9424505233764648,0.2524559795856476,
4388,0.9429611563682556,0.25015461444854736,
4389,0.9440476298332214,0.24749036133289337,
4390,0.9445093274116516,0.24528828263282776,
4391,0.9455274939537048,0.24162077903747559,
4392,0.9465090036392212,0.2387092113494873,
4393,0.9474557638168335,0.23518800735473633,
4394,0.948369562625885,0.2324434220790863,
4395,0.9492521286010742,0.22933156788349152,
4396,0.9501050710678101,0.2269301861524582,
4397,0.9509297609329224,0.22519056499004364,
4398,0.9517276287078857,0.22288371622562408,
4399,0.9524999856948853,0.2202821671962738,
4400,0.8009259104728699,0.7357608675956726,
4401,0.8146551847457886,0.6870973110198975,
4402,0.8266128897666931,0.6483402848243713,
4403,0.8371211886405945,0.6143696904182434,
4404,0.8464285731315613,0.5843362808227539,
4405,0.8547297120094299,0.5564642548561096,
4406,0.8621794581413269,0.5299361944198608,
4407,0.8689024448394775,0.5074300169944763,
4408,0.875,0.4867911636829376,
4409,0.8805555701255798,0.46718698740005493,
4410,0.8856382966041565,0.4511565864086151,
4411,0.8903061151504517,0.4370487630367279,
4412,0.8946078419685364,0.4240911900997162,
4413,0.8985849022865295,0.410347044467926,
4414,0.9022727012634277,0.3975878655910492,
4415,0.905701756477356,0.38555365800857544,
4416,0.9088982939720154,0.37471845746040344,
4417,0.9118852615356445,0.36515897512435913,
4418,0.9146825671195984,0.3564961552619934,
4419,0.9173076748847961,0.3480292558670044,
4420,0.9197761416435242,0.3387335538864136,
4421,0.9221014380455017,0.33024659752845764,
4422,0.9242957830429077,0.3229422867298126,
4423,0.9255136847496033,0.3158768117427826,
4424,0.9275000095367432,0.31045159697532654,
4425,0.9293830990791321,0.3038818836212158,
4426,0.9311708807945251,0.2982349991798401,
4427,0.9328703880310059,0.2939571440219879,
4428,0.9344879388809204,0.2886594533920288,
4429,0.9352940917015076,0.28604352474212646,
4430,0.9367815852165222,0.2804904878139496,
4431,0.9382022619247437,0.2750054895877838,
4432,0.9388736486434937,0.27236926555633545,
4433,0.9401881694793701,0.26792481541633606,
4434,0.941447377204895,0.26313790678977966,
4435,0.9426546096801758,0.25833860039711,
4436,0.943813145160675,0.2555929720401764,
4437,0.9449257254600525,0.25169146060943604,
4438,0.9459951519966125,0.24826721847057343,
4439,0.9470238089561462,0.24436530470848083,
4440,0.9480140209197998,0.24139828979969025,
4441,0.9489678740501404,0.23889219760894775,
4442,0.9498873949050903,0.23541824519634247,
4443,0.9507743120193481,0.23282265663146973,
4444,0.9516304135322571,0.22947192192077637,
4445,0.9524572491645813,0.2261286824941635,
4446,0.9532563090324402,0.22344286739826202,
4447,0.9540289044380188,0.2212488055229187,
4448,0.954776406288147,0.21849669516086578,
4449,0.9555000066757202,0.21541769802570343,
4450,0.7986111044883728,0.6977225542068481,
4451,0.8125,0.6546210646629333,
4452,0.8225806355476379,0.620709240436554,
4453,0.8333333134651184,0.5869267582893372,
4454,0.8428571224212646,0.5555489659309387,
4455,0.8513513803482056,0.5277204513549805,
4456,0.8589743375778198,0.5046535134315491,
4457,0.8658536672592163,0.48474568128585815,
4458,0.8720930218696594,0.46506670117378235,
4459,0.8777777552604675,0.4474773406982422,
4460,0.8829787373542786,0.4323011040687561,
4461,0.8877550959587097,0.42014744877815247,
4462,0.8921568393707275,0.4073358178138733,
4463,0.8962264060974121,0.39487722516059875,
4464,0.8999999761581421,0.38331249356269836,
4465,0.9035087823867798,0.3724798560142517,
4466,0.9067796468734741,0.36283040046691895,
4467,0.9098360538482666,0.3526260554790497,
4468,0.9126983880996704,0.34400078654289246,
4469,0.9153845906257629,0.3360564410686493,
4470,0.9179104566574097,0.32875946164131165,
4471,0.9202898740768433,0.3204171061515808,
4472,0.922535240650177,0.3125702142715454,
4473,0.9246575236320496,0.30698639154434204,
4474,0.9266666769981384,0.3011452257633209,
4475,0.9285714030265808,0.29581591486930847,
4476,0.9303797483444214,0.28959906101226807,
4477,0.9320987462997437,0.2838604748249054,
4478,0.9337349534034729,0.2782674729824066,
4479,0.9352940917015076,0.27365219593048096,
4480,0.9367815852165222,0.269309937953949,
4481,0.9382022619247437,0.2644742429256439,
4482,0.9395604133605957,0.25961068272590637,
4483,0.9408602118492126,0.25545787811279297,
4484,0.942105233669281,0.25246912240982056,
4485,0.9432989954948425,0.24884939193725586,
4486,0.9444444179534912,0.24543702602386475,
4487,0.9455445408821106,0.2419986128807068,
4488,0.946601927280426,0.23853102326393127,
4489,0.9476190209388733,0.23542390763759613,
4490,0.9485981464385986,0.23196840286254883,
4491,0.9495412707328796,0.2301928550004959,
4492,0.9498873949050903,0.22794568538665771,
4493,0.9507743120193481,0.2255403697490692,
4494,0.9516304135322571,0.22261276841163635,
4495,0.9524572491645813,0.22017689049243927,
4496,0.9532563090324402,0.21759435534477234,
4497,0.9540289044380188,0.21535032987594604,
4498,0.954776406288147,0.21272559463977814,
4499,0.9555000066757202,0.21027936041355133,
4500,0.7893518805503845,0.7312123775482178,
4501,0.8038793206214905,0.6860440373420715,
4502,0.8145161271095276,0.6513859629631042,
4503,0.8257575631141663,0.6138327121734619,
4504,0.8357142806053162,0.5831657648086548,
4505,0.8445945978164673,0.5542851090431213,
4506,0.8525640964508057,0.5312261581420898,
4507,0.8597561120986938,0.5080375671386719,
4508,0.8662790656089783,0.48742011189460754,
4509,0.8722222447395325,0.46802303194999695,
4510,0.8776595592498779,0.45054298639297485,
4511,0.8826530575752258,0.4364475607872009,
4512,0.8872548937797546,0.42110562324523926,
4513,0.8915094137191772,0.40881019830703735,
4514,0.8954545259475708,0.396706223487854,
4515,0.8991228342056274,0.3863147497177124,
4516,0.9025423526763916,0.3748491704463959,
4517,0.9057376980781555,0.3638688325881958,
4518,0.908730149269104,0.3544147312641144,
4519,0.9115384817123413,0.34608981013298035,
4520,0.9141790866851807,0.3386852443218231,
4521,0.9166666865348816,0.3305675685405731,
4522,0.9181337952613831,0.3258523941040039,
4523,0.920376718044281,0.319573312997818,
4524,0.9225000143051147,0.31291356682777405,
4525,0.9245129823684692,0.3061539828777313,
4526,0.9264240264892578,0.3016197979450226,
4527,0.9282407164573669,0.29656893014907837,
4528,0.9299699068069458,0.2907862365245819,
4529,0.9308823347091675,0.2876252233982086,
4530,0.9317528605461121,0.2832624912261963,
4531,0.9332864880561829,0.27898815274238586,
4532,0.9340659379959106,0.2761557102203369,
4533,0.9354838728904724,0.2711145281791687,
4534,0.9368420839309692,0.2673572599887848,
4535,0.938144326210022,0.26338493824005127,
4536,0.939393937587738,0.2601589560508728,
4537,0.9405940771102905,0.25565770268440247,
4538,0.9417475461959839,0.25174832344055176,
4539,0.9428571462631226,0.24821820855140686,
4540,0.9439252614974976,0.24428428709506989,
4541,0.9449541568756104,0.24070897698402405,
4542,0.9459459185600281,0.23738577961921692,
4543,0.946349561214447,0.2362505942583084,
4544,0.947282612323761,0.23322643339633942,
4545,0.9481837749481201,0.23087261617183685,
4546,0.9490545988082886,0.22855085134506226,
4547,0.9498966932296753,0.22601623833179474,
4548,0.9507113695144653,0.22336147725582123,
4549,0.9514999985694885,0.22080959379673004,
4550,0.8032407164573669,0.7345371246337891,
4551,0.8168103694915771,0.688524603843689,
4552,0.8286290168762207,0.6476460695266724,
4553,0.8390151262283325,0.6126009225845337,
4554,0.8482142686843872,0.5812727808952332,
4555,0.8564189076423645,0.5539182424545288,
4556,0.8637820482254028,0.5294675827026367,
4557,0.8704268336296082,0.5065400004386902,
4558,0.8764534592628479,0.4863288402557373,
4559,0.8819444179534912,0.46646854281425476,
4560,0.8869680762290955,0.45013922452926636,
4561,0.891581654548645,0.43378332257270813,
4562,0.8946078419685364,0.42118537425994873,
4563,0.8985849022865295,0.40735509991645813,
4564,0.9022727012634277,0.39486902952194214,
4565,0.905701756477356,0.3844645917415619,
4566,0.9088982939720154,0.3739844858646393,
4567,0.9118852615356445,0.3644471764564514,
4568,0.9146825671195984,0.35735023021698,
4569,0.9173076748847961,0.34874168038368225,
4570,0.9197761416435242,0.34075304865837097,
4571,0.9221014380455017,0.33259230852127075,
4572,0.9242957830429077,0.32490819692611694,
4573,0.926369845867157,0.3188028335571289,
4574,0.9283333420753479,0.31189024448394775,
4575,0.9301947951316833,0.3050535023212433,
4576,0.9311708807945251,0.2998924255371094,
4577,0.9328703880310059,0.294683575630188,
4578,0.9344879388809204,0.289866179227829,
4579,0.9352940917015076,0.2852305769920349,
4580,0.9360632300376892,0.28158822655677795,
4581,0.9375,0.2763046622276306,
4582,0.9388736486434937,0.27115774154663086,
4583,0.9401881694793701,0.26618170738220215,
4584,0.941447377204895,0.2631302773952484,
4585,0.9426546096801758,0.25887006521224976,
4586,0.943813145160675,0.25554099678993225,
4587,0.9449257254600525,0.2516012489795685,
4588,0.9459951519966125,0.24796676635742188,
4589,0.9470238089561462,0.24460558593273163,
4590,0.9480140209197998,0.24138224124908447,
4591,0.9489678740501404,0.23844346404075623,
4592,0.9498873949050903,0.23558491468429565,
4593,0.9502212405204773,0.2332790642976761,
4594,0.9510869383811951,0.2304295301437378,
4595,0.9519230723381042,0.22783859074115753,
4596,0.9527310729026794,0.2254405915737152,
4597,0.9535123705863953,0.22294989228248596,
4598,0.9542682766914368,0.2204543799161911,
4599,0.9549999833106995,0.21810628473758698,
4600,0.7986111044883728,0.7141014933586121,
4601,0.8125,0.6714327335357666,
4602,0.8245967626571655,0.6318419575691223,
4603,0.8352272510528564,0.5957310199737549,
4604,0.8446428775787354,0.565524160861969,
4605,0.8530405163764954,0.5394282937049866,
4606,0.8605769276618958,0.5157118439674377,
4607,0.8673780560493469,0.4930301904678345,
4608,0.8735465407371521,0.4721091091632843,
4609,0.8791666626930237,0.45316025614738464,
4610,0.8843085169792175,0.4370945990085602,
4611,0.8890306353569031,0.4220217168331146,
4612,0.8933823704719543,0.40751489996910095,
4613,0.8974056839942932,0.39471977949142456,
4614,0.8999999761581421,0.3859829902648926,
4615,0.9035087823867798,0.37484800815582275,
4616,0.9067796468734741,0.36552152037620544,
4617,0.9098360538482666,0.35637128353118896,
4618,0.9117063283920288,0.3497004508972168,
4619,0.9144230484962463,0.3422761857509613,
4620,0.91697758436203,0.33309078216552734,
4621,0.9193840622901917,0.32448551058769226,
4622,0.9216549396514893,0.31705403327941895,
4623,0.9238013625144958,0.3101870119571686,
4624,0.9258333444595337,0.3039346933364868,
4625,0.9277597665786743,0.29857078194618225,
4626,0.9295886158943176,0.2925942540168762,
4627,0.9313271641731262,0.2866283655166626,
4628,0.9329819083213806,0.2814337909221649,
4629,0.9345588088035583,0.2770600914955139,
4630,0.9360632300376892,0.2721070647239685,
4631,0.9375,0.2672828733921051,
4632,0.9388736486434937,0.26256829500198364,
4633,0.9401881694793701,0.2581540644168854,
4634,0.941447377204895,0.2547684907913208,
4635,0.9426546096801758,0.250826895236969,
4636,0.943813145160675,0.2477642148733139,
4637,0.9449257254600525,0.24397742748260498,
4638,0.9459951519966125,0.24110734462738037,
4639,0.9470238089561462,0.23819829523563385,
4640,0.9480140209197998,0.23538297414779663,
4641,0.9489678740501404,0.2321089506149292,
4642,0.9498873949050903,0.2295239120721817,
4643,0.9507743120193481,0.22666414082050323,
4644,0.9516304135322571,0.22378438711166382,
4645,0.9524572491645813,0.22079189121723175,
4646,0.9532563090324402,0.21805429458618164,
4647,0.9540289044380188,0.21526318788528442,
4648,0.954776406288147,0.2123628407716751,
4649,0.9555000066757202,0.21006032824516296,
4650,0.8055555820465088,0.7208205461502075,
4651,0.818965494632721,0.676157534122467,
4652,0.8306451439857483,0.6355844736099243,
4653,0.8409090638160706,0.6031917333602905,
4654,0.8500000238418579,0.5729414224624634,
4655,0.8581081032752991,0.5465256571769714,
4656,0.8653846383094788,0.5210937857627869,
4657,0.8719512224197388,0.5018702745437622,
4658,0.8779069781303406,0.48287782073020935,
4659,0.8833333253860474,0.4646543860435486,
4660,0.8882978558540344,0.44927912950515747,
4661,0.8928571343421936,0.43426892161369324,
4662,0.8970588445663452,0.4202442467212677,
4663,0.900943398475647,0.4084034562110901,
4664,0.9045454263687134,0.3961160480976105,
4665,0.9078947305679321,0.38555386662483215,
4666,0.9110169410705566,0.3761429488658905,
4667,0.9139344096183777,0.36614927649497986,
4668,0.9166666865348816,0.3561303913593292,
4669,0.9192307591438293,0.34801968932151794,
4670,0.9216417670249939,0.3393477201461792,
4671,0.9239130616188049,0.3312462866306305,
4672,0.9260563254356384,0.3238654136657715,
4673,0.9280821681022644,0.3167831599712372,
4674,0.9300000071525574,0.31150978803634644,
4675,0.9318181872367859,0.30658096075057983,
4676,0.9335442781448364,0.3004268407821655,
4677,0.9351851940155029,0.294131338596344,
4678,0.9367470145225525,0.2891995906829834,
4679,0.9382352828979492,0.2834091782569885,
4680,0.9396551847457886,0.2781962454319,
4681,0.9410112500190735,0.27560901641845703,
4682,0.942307710647583,0.27236488461494446,
4683,0.9435483813285828,0.26750779151916504,
4684,0.9447368383407593,0.26327046751976013,
4685,0.9458763003349304,0.2594008445739746,
4686,0.9469696879386902,0.2557586431503296,
4687,0.9474009871482849,0.255597323179245,
4688,0.9484223127365112,0.2516646087169647,
4689,0.949404776096344,0.24775637686252594,
4690,0.9503504633903503,0.2445811927318573,
4691,0.9512614607810974,0.24130982160568237,
4692,0.9521396160125732,0.23820161819458008,
4693,0.9529867172241211,0.23553910851478577,
4694,0.9538043737411499,0.2330198436975479,
4695,0.9545940160751343,0.2295679748058319,
4696,0.9553571343421936,0.22684015333652496,
4697,0.9560950398445129,0.22419486939907074,
4698,0.9568089246749878,0.2220783233642578,
4699,0.9574999809265137,0.21945343911647797,
4700,0.7939814925193787,0.7179920673370361,
4701,0.8081896305084229,0.6738638281822205,
4702,0.8205645084381104,0.6327717304229736,
4703,0.8314393758773804,0.5976793169975281,
4704,0.8410714268684387,0.5687785148620605,
4705,0.849662184715271,0.540004551410675,
4706,0.8573718070983887,0.5161896347999573,
4707,0.8643292784690857,0.4959658682346344,
4708,0.8706395626068115,0.47603198885917664,
4709,0.875,0.4620535969734192,
4710,0.8803191781044006,0.44510123133659363,
4711,0.8839285969734192,0.4341720640659332,
4712,0.8884803652763367,0.4203384220600128,
4713,0.8926886916160583,0.40736454725265503,
4714,0.8965908885002136,0.39544740319252014,
4715,0.9002193212509155,0.38320404291152954,
4716,0.9036017060279846,0.3739963173866272,
4717,0.9067623019218445,0.36364883184432983,
4718,0.9097222089767456,0.35373789072036743,
4719,0.9125000238418579,0.3466752767562866,
4720,0.9151119589805603,0.338181734085083,
4721,0.9175724387168884,0.3301919102668762,
4722,0.9198943376541138,0.32237061858177185,
4723,0.9220890402793884,0.31554150581359863,
4724,0.9241666793823242,0.3091563284397125,
4725,0.9261363744735718,0.30216842889785767,
4726,0.9280063509941101,0.29592621326446533,
4727,0.9297839403152466,0.2904466986656189,
4728,0.9314758777618408,0.2851438522338867,
4729,0.9330882430076599,0.279756098985672,
4730,0.9346264600753784,0.2748591899871826,
4731,0.9360954761505127,0.26975810527801514,
4732,0.9375,0.2655215561389923,
4733,0.9388440847396851,0.26146742701530457,
4734,0.9401316046714783,0.25802093744277954,
4735,0.9413659572601318,0.25395381450653076,
4736,0.9425504803657532,0.2503979504108429,
4737,0.9436880946159363,0.2477400004863739,
4738,0.9447815418243408,0.24370542168617249,
4739,0.9458333253860474,0.23954811692237854,
4740,0.9468457698822021,0.23612961173057556,
4741,0.9472476840019226,0.2346687912940979,
4742,0.9481981992721558,0.23204520344734192,
4743,0.9491150379180908,0.22912172973155975,
4744,0.949999988079071,0.22604162991046906,
4745,0.9508547186851501,0.2235395610332489,
4746,0.9516806602478027,0.2206672728061676,
4747,0.952479362487793,0.21789352595806122,
4748,0.9532520174980164,0.21525979042053223,
4749,0.9539999961853027,0.21367746591567993,
4750,0.8032407164573669,0.7070488333702087,
4751,0.8168103694915771,0.6607679724693298,
4752,0.8286290168762207,0.6203590631484985,
4753,0.8390151262283325,0.5863935947418213,
4754,0.8482142686843872,0.5558002591133118,
4755,0.8564189076423645,0.5286464095115662,
4756,0.8637820482254028,0.5033922791481018,
4757,0.8704268336296082,0.48008882999420166,
4758,0.8764534592628479,0.4614728093147278,
4759,0.8819444179534912,0.444589227437973,
4760,0.8869680762290955,0.42747557163238525,
4761,0.891581654548645,0.41270899772644043,
4762,0.8958333134651184,0.39971017837524414,
4763,0.8997641801834106,0.3877559304237366,
4764,0.9034090638160706,0.37615132331848145,
4765,0.906798243522644,0.3650106191635132,
4766,0.9099576473236084,0.35452863574028015,
4767,0.9129098653793335,0.345685213804245,
4768,0.91567462682724,0.3370912969112396,
4769,0.9182692170143127,0.3290228843688965,
4770,0.920708954334259,0.3209112286567688,
4771,0.9230072498321533,0.31305572390556335,
4772,0.9251760840415955,0.30614960193634033,
4773,0.9272260069847107,0.29925358295440674,
4774,0.9291666746139526,0.2927798330783844,
4775,0.9310064911842346,0.28788134455680847,
4776,0.9327531456947327,0.28227749466896057,
4777,0.9344135522842407,0.27681592106819153,
4778,0.9359939694404602,0.2717890441417694,
4779,0.9375,0.26702722907066345,
4780,0.9389367699623108,0.26288241147994995,
4781,0.9403089880943298,0.257986843585968,
4782,0.9416208863258362,0.25390198826789856,
4783,0.9428763389587402,0.2496860921382904,
4784,0.9440789222717285,0.24592311680316925,
4785,0.9452319741249084,0.24232327938079834,
4786,0.9463383555412292,0.23823411762714386,
4787,0.9474009871482849,0.23532575368881226,
4788,0.9484223127365112,0.23311743140220642,
4789,0.949404776096344,0.22971341013908386,
4790,0.9503504633903503,0.22640755772590637,
4791,0.9512614607810974,0.2230294644832611,
4792,0.9515765905380249,0.22078487277030945,
4793,0.9524336457252502,0.21890896558761597,
4794,0.9532608985900879,0.21651771664619446,
4795,0.9540598392486572,0.21390540897846222,
4796,0.9537814855575562,0.21441280841827393,
4797,0.9545454382896423,0.2130069136619568,
4798,0.9552845358848572,0.21054846048355103,
4799,0.9555000066757202,0.20952486991882324,
4800,0.7685185074806213,0.7208065986633301,
4801,0.7844827771186829,0.6749104857444763,
4802,0.7983871102333069,0.6360793113708496,
4803,0.810606062412262,0.6035645008087158,
4804,0.8214285969734192,0.5716367363929749,
4805,0.8310810923576355,0.5436316728591919,
4806,0.8397436141967773,0.5193203091621399,
4807,0.8460366129875183,0.49824094772338867,
4808,0.8531976938247681,0.47740766406059265,
4809,0.8597221970558167,0.45846304297447205,
4810,0.8656914830207825,0.44124728441238403,
4811,0.8711734414100647,0.42704659700393677,
4812,0.876225471496582,0.4120238125324249,
4813,0.8808962106704712,0.3986097276210785,
4814,0.8840909004211426,0.3880043625831604,
4815,0.8881579041481018,0.37770235538482666,
4816,0.8919491767883301,0.3662329614162445,
4817,0.8954917788505554,0.35608169436454773,
4818,0.8978174328804016,0.3478466272354126,
4819,0.8999999761581421,0.3410269320011139,
4820,0.9029850959777832,0.3322514295578003,
4821,0.9057971239089966,0.3255726397037506,
4822,0.908450722694397,0.3177506923675537,
4823,0.9101027250289917,0.3119311034679413,
4824,0.9125000238418579,0.3062700033187866,
4825,0.9147727489471436,0.30012577772140503,
4826,0.9169303774833679,0.2939729690551758,
4827,0.9189814925193787,0.28772613406181335,
4828,0.920933723449707,0.28204765915870667,
4829,0.9227941036224365,0.27662351727485657,
4830,0.9245689511299133,0.271928608417511,
4831,0.9262640476226807,0.2671794295310974,
4832,0.9278846383094788,0.26239392161369324,
4833,0.9294354915618896,0.25786375999450684,
4834,0.9309210777282715,0.25321638584136963,
4835,0.9323453903198242,0.24956750869750977,
4836,0.9337121248245239,0.24592840671539307,
4837,0.9350247383117676,0.24230290949344635,
4838,0.9362863898277283,0.23831583559513092,
4839,0.9375,0.23463374376296997,
4840,0.9386682510375977,0.23203124105930328,
4841,0.939793586730957,0.22923089563846588,
4842,0.9408783912658691,0.2264712154865265,
4843,0.9413716793060303,0.22452294826507568,
4844,0.9423912763595581,0.221636101603508,
4845,0.9433760643005371,0.21846073865890503,
4846,0.944327712059021,0.21618087589740753,
4847,0.9452479481697083,0.21419082581996918,
4848,0.9461382031440735,0.21155090630054474,
4849,0.9470000267028809,0.20906831324100494,
4850,0.7893518805503845,0.6980332732200623,
4851,0.8038793206214905,0.6564149260520935,
4852,0.8165322542190552,0.6157887578010559,
4853,0.8276515007019043,0.5826870203018188,
4854,0.8374999761581421,0.5517637133598328,
4855,0.8462837934494019,0.5248709917068481,
4856,0.8541666865348816,0.5007189512252808,
4857,0.8612805008888245,0.4803857207298279,
4858,0.867732584476471,0.46028265357017517,
4859,0.8736110925674438,0.44451892375946045,
4860,0.8789893388748169,0.42777779698371887,
4861,0.8839285969734192,0.41474416851997375,
4862,0.8884803652763367,0.4020582437515259,
4863,0.8926886916160583,0.3899494707584381,
4864,0.8965908885002136,0.37938058376312256,
4865,0.9002193212509155,0.370939701795578,
4866,0.9036017060279846,0.36039963364601135,
4867,0.9067623019218445,0.34982410073280334,
4868,0.9097222089767456,0.34044790267944336,
4869,0.9115384817123413,0.33414289355278015,
4870,0.9132462739944458,0.3278554081916809,
4871,0.91576087474823,0.31984004378318787,
4872,0.9181337952613831,0.31239429116249084,
4873,0.920376718044281,0.30604803562164307,
4874,0.9225000143051147,0.2997087240219116,
4875,0.9245129823684692,0.2934567332267761,
4876,0.9264240264892578,0.288075715303421,
4877,0.9282407164573669,0.2828727066516876,
4878,0.9299699068069458,0.27939027547836304,
4879,0.9316176176071167,0.27426406741142273,
4880,0.9331896305084229,0.26899266242980957,
4881,0.9346910119056702,0.2641879618167877,
4882,0.9361263513565063,0.26164695620536804,
4883,0.9375,0.2573552429676056,
4884,0.9388157725334167,0.25384801626205444,
4885,0.9400773048400879,0.2497989982366562,
4886,0.9412878751754761,0.2460331916809082,
4887,0.9424505233764648,0.24243834614753723,
4888,0.9435679316520691,0.23891115188598633,
4889,0.9446428418159485,0.23608776926994324,
4890,0.9456775784492493,0.2329048067331314,
4891,0.9466742873191833,0.229317307472229,
4892,0.9476351141929626,0.226406067609787,
4893,0.94856196641922,0.22385454177856445,
4894,0.949456512928009,0.22066639363765717,
4895,0.9503205418586731,0.21765759587287903,
4896,0.9511554837226868,0.2150343358516693,
4897,0.9519628286361694,0.2127741128206253,
4898,0.9527438879013062,0.21029791235923767,
4899,0.953499972820282,0.20777398347854614,
4900,0.7893518805503845,0.7130945920944214,
4901,0.8038793206214905,0.6687880158424377,
4902,0.8165322542190552,0.6331008672714233,
4903,0.8276515007019043,0.5989816188812256,
4904,0.8374999761581421,0.5701912641525269,
4905,0.8462837934494019,0.543248176574707,
4906,0.8541666865348816,0.5181131362915039,
4907,0.8612805008888245,0.49774542450904846,
4908,0.867732584476471,0.47637739777565,
4909,0.8736110925674438,0.458717942237854,
4910,0.8776595592498779,0.4439198970794678,
4911,0.8826530575752258,0.4293030798435211,
4912,0.8872548937797546,0.41457217931747437,
4913,0.8903301954269409,0.403428852558136,
4914,0.894318163394928,0.3913612961769104,
4915,0.8980262875556946,0.38159313797950745,
4916,0.9014830589294434,0.3713897466659546,
4917,0.9047130942344666,0.36236345767974854,
4918,0.9077380895614624,0.35325005650520325,
4919,0.9105769395828247,0.34497013688087463,
4920,0.9132462739944458,0.33622971177101135,
4921,0.91576087474823,0.32883015275001526,
4922,0.9181337952613831,0.3210780918598175,
4923,0.920376718044281,0.31410375237464905,
4924,0.9225000143051147,0.3074493110179901,
4925,0.9245129823684692,0.3004310727119446,
4926,0.9264240264892578,0.29438793659210205,
4927,0.9274691343307495,0.291152685880661,
4928,0.9292168617248535,0.285427451133728,
4929,0.9308823347091675,0.2811262905597687,
4930,0.9324712753295898,0.2756955921649933,
4931,0.9339887499809265,0.2706323266029358,
4932,0.9354395866394043,0.2666969299316406,
4933,0.9361559152603149,0.26405245065689087,
4934,0.9375,0.2596202790737152,
4935,0.938788652420044,0.25573766231536865,
4936,0.940025269985199,0.25198155641555786,
4937,0.9412128925323486,0.24814021587371826,
4938,0.9423543810844421,0.24476811289787292,
4939,0.9434523582458496,0.24090328812599182,
4940,0.9445093274116516,0.23816001415252686,
4941,0.9455274939537048,0.23535820841789246,
4942,0.9465090036392212,0.23201999068260193,
4943,0.9474557638168335,0.22949711978435516,
4944,0.948369562625885,0.22666461765766144,
4945,0.9492521286010742,0.22387844324111938,
4946,0.9501050710678101,0.2206694632768631,
4947,0.9509297609329224,0.21753819286823273,
4948,0.9517276287078857,0.21464668214321136,
4949,0.9524999856948853,0.21238647401332855,
4950,0.8009259104728699,0.6957315802574158,
4951,0.8146551847457886,0.6504151821136475,
4952,0.8266128897666931,0.6121571660041809,
4953,0.8371211886405945,0.5786457061767578,
4954,0.8464285731315613,0.5484036803245544,
4955,0.8530405163764954,0.5233935713768005,
4956,0.8605769276618958,0.5008032321929932,
4957,0.8673780560493469,0.4789949655532837,
4958,0.8735465407371521,0.46080300211906433,
4959,0.8791666626930237,0.4446428120136261,
4960,0.8843085169792175,0.4279324412345886,
4961,0.8890306353569031,0.4145946800708771,
4962,0.8933823704719543,0.40128323435783386,
4963,0.8974056839942932,0.3886283338069916,
4964,0.9011363387107849,0.3760925233364105,
4965,0.9046052694320679,0.36479082703590393,
4966,0.9078390002250671,0.35500746965408325,
4967,0.9108606576919556,0.3452063500881195,
4968,0.913690447807312,0.3354528546333313,
4969,0.9163461327552795,0.32761386036872864,
4970,0.9188432693481445,0.31914040446281433,
4971,0.9211956262588501,0.3119167983531952,
4972,0.92341548204422,0.3052513599395752,
4973,0.9255136847496033,0.298639178276062,
4974,0.9275000095367432,0.2924135625362396,
4975,0.9293830990791321,0.28678104281425476,
4976,0.9303797483444214,0.28323373198509216,
4977,0.9313271641731262,0.27911046147346497,
4978,0.9329819083213806,0.2735058069229126,
4979,0.9345588088035583,0.2700726389884949,
4980,0.9353448152542114,0.26648542284965515,
4981,0.9367977380752563,0.26146772503852844,
4982,0.9381868243217468,0.2572547495365143,
4983,0.9395161271095276,0.2534123957157135,
4984,0.9407894611358643,0.24982069432735443,
4985,0.9420102834701538,0.2455252856016159,
4986,0.9431818127632141,0.24211688339710236,
4987,0.9443069100379944,0.23888973891735077,
4988,0.9453883767127991,0.23547759652137756,
4989,0.9464285969734192,0.23306594789028168,
4990,0.9468457698822021,0.23217427730560303,
4991,0.9478210806846619,0.22905360162258148,
4992,0.9487612843513489,0.22642138600349426,
4993,0.9496681690216064,0.22370800375938416,
4994,0.9505434632301331,0.22059781849384308,
4995,0.9513888955116272,0.2185065597295761,
4996,0.9522058963775635,0.21596072614192963,
4997,0.952479362487793,0.21369722485542297,
4998,0.9532520174980164,0.21107855439186096,
4999,0.9539999961853027,0.2083408534526825,
5000,0.8171296119689941,0.6978011131286621,
5001,0.829741358757019,0.652102530002594,
5002,0.8407257795333862,0.6139516234397888,
5003,0.8503788113594055,0.5794082880020142,
5004,0.8589285612106323,0.5555604100227356,
5005,0.8665540814399719,0.5316022634506226,
5006,0.8733974099159241,0.5062036514282227,
5007,0.8795731663703918,0.483307808637619,
5008,0.8851743936538696,0.4634634554386139,
5009,0.8902778029441833,0.44580206274986267,
5010,0.894946813583374,0.42940136790275574,
5011,0.8992347121238708,0.41435307264328003,
5012,0.9031862616539001,0.4000953137874603,
5013,0.9068396091461182,0.3869594931602478,
5014,0.9102272987365723,0.37454015016555786,
5015,0.9133771657943726,0.36321723461151123,
5016,0.9163135886192322,0.3520214259624481,
5017,0.9190573692321777,0.3418212831020355,
5018,0.9216269850730896,0.33214160799980164,
5019,0.9240384697914124,0.32813313603401184,
5020,0.9263059496879578,0.3223036825656891,
5021,0.9284420013427734,0.31567060947418213,
5022,0.9304577708244324,0.30921950936317444,
5023,0.9323630332946777,0.30230629444122314,
5024,0.934166669845581,0.29603156447410583,
5025,0.9358766078948975,0.2895669937133789,
5026,0.9375,0.2836354374885559,
5027,0.9390432238578796,0.2781832814216614,
5028,0.9405120611190796,0.27334028482437134,
5029,0.9419117569923401,0.267928808927536,
5030,0.9432471394538879,0.2635639011859894,
5031,0.944522500038147,0.258806049823761,
5032,0.9457417726516724,0.25508585572242737,
5033,0.9469085931777954,0.2512349486351013,
5034,0.9480262994766235,0.24713440239429474,
5035,0.9490979313850403,0.2440168261528015,
5036,0.9501262903213501,0.24083198606967926,
5037,0.9511138796806335,0.23756608366966248,
5038,0.9514563083648682,0.23691432178020477,
5039,0.9523809552192688,0.23417840898036957,
5040,0.9532710313796997,0.23052340745925903,
5041,0.9541284441947937,0.22726115584373474,
5042,0.954954981803894,0.22428669035434723,
5043,0.9557521939277649,0.221709206700325,
5044,0.95652174949646,0.21899673342704773,
5045,0.9572649598121643,0.21668675541877747,
5046,0.9579831957817078,0.21389421820640564,
5047,0.9586777091026306,0.21106427907943726,
5048,0.9593495726585388,0.2089504599571228,
5049,0.9599999785423279,0.20677895843982697,
5050,0.8032407164573669,0.7066466212272644,
5051,0.8146551847457886,0.6657924056053162,
5052,0.8266128897666931,0.6272368431091309,
5053,0.8371211886405945,0.5948372483253479,
5054,0.8464285731315613,0.5636849999427795,
5055,0.8547297120094299,0.5356376767158508,
5056,0.8621794581413269,0.5115230083465576,
5057,0.8689024448394775,0.48922786116600037,
5058,0.875,0.46912291646003723,
5059,0.8805555701255798,0.4506056606769562,
5060,0.8856382966041565,0.43426334857940674,
5061,0.8903061151504517,0.4193638861179352,
5062,0.8946078419685364,0.4050230085849762,
5063,0.8985849022865295,0.3912014067173004,
5064,0.9022727012634277,0.3795613646507263,
5065,0.905701756477356,0.36741361021995544,
5066,0.9088982939720154,0.35819047689437866,
5067,0.9118852615356445,0.34779107570648193,
5068,0.9146825671195984,0.3382501006126404,
5069,0.9173076748847961,0.330046683549881,
5070,0.9197761416435242,0.32262203097343445,
5071,0.9221014380455017,0.3161464035511017,
5072,0.9242957830429077,0.30939584970474243,
5073,0.926369845867157,0.3023439049720764,
5074,0.9283333420753479,0.2956573963165283,
5075,0.9301947951316833,0.289719820022583,
5076,0.9319620132446289,0.28393375873565674,
5077,0.9336419701576233,0.2800135314464569,
5078,0.9352409839630127,0.2755904495716095,
5079,0.9367647171020508,0.2707250118255615,
5080,0.9382184147834778,0.26595163345336914,
5081,0.9396067261695862,0.2610872983932495,
5082,0.9409340620040894,0.25744134187698364,
5083,0.9422042965888977,0.2533729076385498,
5084,0.9434210658073425,0.24970731139183044,
5085,0.9439433217048645,0.24606038630008698,
5086,0.9450757503509521,0.24296514689922333,
5087,0.9461633563041687,0.23982621729373932,
5088,0.9472087621688843,0.23599675297737122,
5089,0.9482142925262451,0.23298808932304382,
5090,0.9491822719573975,0.22972163558006287,
5091,0.9501146674156189,0.22739534080028534,
5092,0.9510135054588318,0.22429588437080383,
5093,0.9518805146217346,0.22141559422016144,
5094,0.9527173638343811,0.21902404725551605,
5095,0.9535256624221802,0.21627599000930786,
5096,0.9543067216873169,0.21354986727237701,
5097,0.9550619721412659,0.210695281624794,
5098,0.9552845358848572,0.20856142044067383,
5099,0.9559999704360962,0.20604828000068665,
5100,0.8032407164573669,0.6942790150642395,
5101,0.8168103694915771,0.6526961922645569,
5102,0.8266128897666931,0.6200448274612427,
5103,0.8371211886405945,0.5866181254386902,
5104,0.8464285731315613,0.5574353337287903,
5105,0.8547297120094299,0.5300549864768982,
5106,0.8621794581413269,0.508000910282135,
5107,0.8689024448394775,0.4846850633621216,
5108,0.875,0.46572592854499817,
5109,0.8805555701255798,0.44682902097702026,
5110,0.8856382966041565,0.4306040406227112,
5111,0.8903061151504517,0.4142259955406189,
5112,0.8921568393707275,0.40800225734710693,
5113,0.8962264060974121,0.3939256966114044,
5114,0.8999999761581421,0.3814764618873596,
5115,0.9035087823867798,0.36994051933288574,
5116,0.9067796468734741,0.3595612347126007,
5117,0.9098360538482666,0.3506309688091278,
5118,0.9126983880996704,0.34094059467315674,
5119,0.9153845906257629,0.3321742117404938,
5120,0.9179104566574097,0.32644587755203247,
5121,0.9202898740768433,0.3184122145175934,
5122,0.922535240650177,0.3107660412788391,
5123,0.9246575236320496,0.3032152056694031,
5124,0.9266666769981384,0.29707658290863037,
5125,0.9285714030265808,0.2919350266456604,
5126,0.9295886158943176,0.28789570927619934,
5127,0.9313271641731262,0.28288814425468445,
5128,0.9329819083213806,0.2775072157382965,
5129,0.9345588088035583,0.2724975347518921,
5130,0.9360632300376892,0.2677552402019501,
5131,0.9367977380752563,0.2644079327583313,
5132,0.9381868243217468,0.26035478711128235,
5133,0.9395161271095276,0.2556397318840027,
5134,0.9407894611358643,0.25119373202323914,
5135,0.9420102834701538,0.24791312217712402,
5136,0.9431818127632141,0.24416106939315796,
5137,0.9443069100379944,0.240078866481781,
5138,0.9447815418243408,0.23768232762813568,
5139,0.9458333253860474,0.23469704389572144,
5140,0.9468457698822021,0.2314799427986145,
5141,0.9478210806846619,0.22837741672992706,
5142,0.9487612843513489,0.22512584924697876,
5143,0.9496681690216064,0.22177532315254211,
5144,0.9505434632301331,0.2190437614917755,
5145,0.9513888955116272,0.216526597738266,
5146,0.9522058963775635,0.2140042781829834,
5147,0.9529958963394165,0.21371538937091827,
5148,0.9537601470947266,0.21110327541828156,
5149,0.9545000195503235,0.20860318839550018,
5150,0.8101851940155029,0.7102653980255127,
5151,0.8211206793785095,0.67254638671875,
5152,0.8326612710952759,0.6318012475967407,
5153,0.8428030014038086,0.5988473892211914,
5154,0.8517857193946838,0.5681146383285522,
5155,0.8597972989082336,0.542837917804718,
5156,0.8669871687889099,0.5183325409889221,
5157,0.8734756112098694,0.4963942766189575,
5158,0.8793604373931885,0.47562506794929504,
5159,0.8847222328186035,0.4575084149837494,
5160,0.8896276354789734,0.4401370882987976,
5161,0.894132673740387,0.4234735667705536,
5162,0.8982843160629272,0.40900447964668274,
5163,0.900943398475647,0.39661091566085815,
5164,0.9045454263687134,0.3843748867511749,
5165,0.9078947305679321,0.37328413128852844,
5166,0.9110169410705566,0.3625865876674652,
5167,0.9139344096183777,0.35391342639923096,
5168,0.9166666865348816,0.34496045112609863,
5169,0.9192307591438293,0.33855342864990234,
5170,0.9197761416435242,0.33492183685302734,
5171,0.9221014380455017,0.3271487355232239,
5172,0.9242957830429077,0.31994643807411194,
5173,0.926369845867157,0.3127489686012268,
5174,0.9283333420753479,0.3058422803878784,
5175,0.9301947951316833,0.29995009303092957,
5176,0.9319620132446289,0.29441848397254944,
5177,0.9336419701576233,0.2892526388168335,
5178,0.9352409839630127,0.28295642137527466,
5179,0.9367647171020508,0.27760645747184753,
5180,0.9382184147834778,0.2734234035015106,
5181,0.9396067261695862,0.26841264963150024,
5182,0.9409340620040894,0.2633545994758606,
5183,0.9415322542190552,0.26157015562057495,
5184,0.9427631497383118,0.25775349140167236,
5185,0.9439433217048645,0.25385984778404236,
5186,0.9450757503509521,0.24963504076004028,
5187,0.9461633563041687,0.245874285697937,
5188,0.9472087621688843,0.24221588671207428,
5189,0.9482142925262451,0.23870275914669037,
5190,0.9491822719573975,0.23518022894859314,
5191,0.9501146674156189,0.23196831345558167,
5192,0.9510135054588318,0.2288518100976944,
5193,0.9518805146217346,0.2257002890110016,
5194,0.9527173638343811,0.22258742153644562,
5195,0.9535256624221802,0.21980664134025574,
5196,0.9543067216873169,0.21703852713108063,
5197,0.9550619721412659,0.2146674245595932,
5198,0.9557926654815674,0.21212126314640045,
5199,0.9564999938011169,0.20990128815174103,
5200,0.8078703880310059,0.6872870922088623,
5201,0.8211206793785095,0.6416760087013245,
5202,0.8326612710952759,0.6050775051116943,
5203,0.8428030014038086,0.5725868344306946,
5204,0.8517857193946838,0.5436152219772339,
5205,0.8597972989082336,0.5179791450500488,
5206,0.8669871687889099,0.4947720170021057,
5207,0.8734756112098694,0.4751434922218323,
5208,0.8793604373931885,0.45590347051620483,
5209,0.8847222328186035,0.43882131576538086,
5210,0.8896276354789734,0.42182543873786926,
5211,0.894132673740387,0.40704432129859924,
5212,0.8982843160629272,0.3926562964916229,
5213,0.9021226167678833,0.3804626166820526,
5214,0.9056817889213562,0.37030813097953796,
5215,0.9089912176132202,0.35934802889823914,
5216,0.9120762944221497,0.34908634424209595,
5217,0.9149590134620667,0.33925873041152954,
5218,0.9176587462425232,0.33082816004753113,
5219,0.920192301273346,0.3218578100204468,
5220,0.9225746393203735,0.31425774097442627,
5221,0.9248188138008118,0.3074515759944916,
5222,0.9269366264343262,0.30039989948272705,
5223,0.9289383292198181,0.29410552978515625,
5224,0.9308333396911621,0.2889491617679596,
5225,0.9326298832893372,0.282758504152298,
5226,0.934335470199585,0.27723634243011475,
5227,0.9359567761421204,0.2720283567905426,
5228,0.9375,0.26683640480041504,
5229,0.9389705657958984,0.2616956830024719,
5230,0.9403735399246216,0.2566584348678589,
5231,0.9410112500190735,0.25403985381126404,
5232,0.942307710647583,0.24989274144172668,
5233,0.9435483813285828,0.2455521672964096,
5234,0.9447368383407593,0.24119649827480316,
5235,0.9458763003349304,0.23716358840465546,
5236,0.9469696879386902,0.23384857177734375,
5237,0.948019802570343,0.23159070312976837,
5238,0.9490291476249695,0.22809812426567078,
5239,0.949999988079071,0.22454090416431427,
5240,0.9509345889091492,0.22153954207897186,
5241,0.9518348574638367,0.21847574412822723,
5242,0.9527027010917664,0.215719535946846,
5243,0.9535398483276367,0.21328046917915344,
5244,0.9543478488922119,0.21027229726314545,
5245,0.9551281929016113,0.20863604545593262,
5246,0.9558823704719543,0.20635737478733063,
5247,0.9566115736961365,0.20439593493938446,
5248,0.957317054271698,0.20204518735408783,
5249,0.9580000042915344,0.19971412420272827,
5250,0.8055555820465088,0.6950415968894958,
5251,0.818965494632721,0.6515376567840576,
5252,0.8306451439857483,0.6123445630073547,
5253,0.8409090638160706,0.5772020816802979,
5254,0.8500000238418579,0.5469427108764648,
5255,0.8581081032752991,0.5228052735328674,
5256,0.8653846383094788,0.5002148747444153,
5257,0.8719512224197388,0.4785749912261963,
5258,0.8779069781303406,0.45820972323417664,
5259,0.8833333253860474,0.4403141736984253,
5260,0.8882978558540344,0.4237194061279297,
5261,0.8928571343421936,0.40919020771980286,
5262,0.8970588445663452,0.3963737189769745,
5263,0.900943398475647,0.3848242461681366,
5264,0.9045454263687134,0.37308990955352783,
5265,0.9078947305679321,0.36237019300460815,
5266,0.9110169410705566,0.3516060411930084,
5267,0.9139344096183777,0.34157419204711914,
5268,0.9166666865348816,0.33192816376686096,
5269,0.9192307591438293,0.3234165608882904,
5270,0.9216417670249939,0.3151869773864746,
5271,0.9239130616188049,0.30893898010253906,
5272,0.9260563254356384,0.30130138993263245,
5273,0.9272260069847107,0.2969363033771515,
5274,0.9291666746139526,0.2904357612133026,
5275,0.9301947951316833,0.2866242527961731,
5276,0.9319620132446289,0.2811603248119354,
5277,0.9336419701576233,0.27517250180244446,
5278,0.9352409839630127,0.26990020275115967,
5279,0.9367647171020508,0.26493221521377563,
5280,0.9382184147834778,0.26064708828926086,
5281,0.9396067261695862,0.2565443515777588,
5282,0.9409340620040894,0.253278911113739,
5283,0.9422042965888977,0.24994894862174988,
5284,0.9434210658073425,0.24600248038768768,
5285,0.9445876479148865,0.24238525331020355,
5286,0.9457070827484131,0.2395930290222168,
5287,0.9467821717262268,0.2356346994638443,
5288,0.9478155374526978,0.23261277377605438,
5289,0.9488095045089722,0.2296147346496582,
5290,0.9497663378715515,0.22656533122062683,
5291,0.9506880640983582,0.2233717292547226,
5292,0.9515765905380249,0.22004522383213043,
5293,0.9524336457252502,0.21771647036075592,
5294,0.9532608985900879,0.21530768275260925,
5295,0.9540598392486572,0.2122744768857956,
5296,0.9543067216873169,0.21123814582824707,
5297,0.9550619721412659,0.2095869928598404,
5298,0.9557926654815674,0.2068881243467331,
5299,0.9564999938011169,0.20456041395664215,
5300,0.8032407164573669,0.7221407294273376,
5301,0.8168103694915771,0.6754928827285767,
5302,0.8286290168762207,0.6403800845146179,
5303,0.8390151262283325,0.6051006317138672,
5304,0.8482142686843872,0.5741723775863647,
5305,0.8564189076423645,0.5483419299125671,
5306,0.8637820482254028,0.522883951663971,
5307,0.8704268336296082,0.5005660057067871,
5308,0.8764534592628479,0.4816852807998657,
5309,0.8819444179534912,0.4635692536830902,
5310,0.8869680762290955,0.4456290006637573,
5311,0.891581654548645,0.4309248924255371,
5312,0.8958333134651184,0.4177115261554718,
5313,0.8997641801834106,0.403760701417923,
5314,0.9022727012634277,0.3935961425304413,
5315,0.905701756477356,0.38299304246902466,
5316,0.9088982939720154,0.3728213608264923,
5317,0.9118852615356445,0.3625461161136627,
5318,0.9146825671195984,0.35205763578414917,
5319,0.9173076748847961,0.3430015742778778,
5320,0.9197761416435242,0.3346790373325348,
5321,0.9221014380455017,0.32641392946243286,
5322,0.9242957830429077,0.31904128193855286,
5323,0.926369845867157,0.3121740520000458,
5324,0.9283333420753479,0.305329829454422,
5325,0.9301947951316833,0.29900553822517395,
5326,0.9319620132446289,0.2937541902065277,
5327,0.9336419701576233,0.287884384393692,
5328,0.9352409839630127,0.28173989057540894,
5329,0.9367647171020508,0.2757987082004547,
5330,0.9382184147834778,0.27041196823120117,
5331,0.9396067261695862,0.26534855365753174,
5332,0.9409340620040894,0.2608140707015991,
5333,0.9422042965888977,0.2565555274486542,
5334,0.9434210658073425,0.2536923885345459,
5335,0.9445876479148865,0.2501541078090668,
5336,0.9457070827484131,0.24705345928668976,
5337,0.9467821717262268,0.24304962158203125,
5338,0.9478155374526978,0.23938387632369995,
5339,0.9488095045089722,0.23608055710792542,
5340,0.9497663378715515,0.23318547010421753,
5341,0.9506880640983582,0.22972027957439423,
5342,0.9515765905380249,0.22644540667533875,
5343,0.9524336457252502,0.22306841611862183,
5344,0.9532608985900879,0.22024574875831604,
5345,0.9540598392486572,0.21788474917411804,
5346,0.9548319578170776,0.21559850871562958,
5347,0.9555785059928894,0.212595596909523,
5348,0.9563007950782776,0.20993493497371674,
5349,0.9570000171661377,0.2072431892156601,
5350,0.7962962985038757,0.7135124206542969,
5351,0.8103448152542114,0.6675047278404236,
5352,0.8225806355476379,0.6269205808639526,
5353,0.8333333134651184,0.5926897525787354,
5354,0.8428571224212646,0.5646758079528809,
5355,0.8513513803482056,0.5373523235321045,
5356,0.8589743375778198,0.5146311521530151,
5357,0.8658536672592163,0.49129170179367065,
5358,0.8720930218696594,0.4716872274875641,
5359,0.8777777552604675,0.4524557888507843,
5360,0.8829787373542786,0.43649742007255554,
5361,0.8877550959587097,0.422891765832901,
5362,0.8921568393707275,0.40884849429130554,
5363,0.8962264060974121,0.395214319229126,
5364,0.8999999761581421,0.3834677040576935,
5365,0.9035087823867798,0.3716195225715637,
5366,0.9067796468734741,0.36077892780303955,
5367,0.9098360538482666,0.3517865836620331,
5368,0.9126983880996704,0.3443089425563812,
5369,0.9153845906257629,0.3354112207889557,
5370,0.9179104566574097,0.3275068998336792,
5371,0.9202898740768433,0.3194216191768646,
5372,0.922535240650177,0.31204697489738464,
5373,0.9246575236320496,0.30560925602912903,
5374,0.9266666769981384,0.2988473176956177,
5375,0.9285714030265808,0.29262402653694153,
5376,0.9303797483444214,0.28638315200805664,
5377,0.9320987462997437,0.2819153070449829,
5378,0.9337349534034729,0.27820342779159546,
5379,0.9352940917015076,0.2729337215423584,
5380,0.9367815852165222,0.2683548629283905,
5381,0.9382022619247437,0.26368051767349243,
5382,0.9395604133605957,0.2598302960395813,
5383,0.9408602118492126,0.2551742196083069,
5384,0.942105233669281,0.25158682465553284,
5385,0.9432989954948425,0.24785324931144714,
5386,0.9444444179534912,0.2439669668674469,
5387,0.9455445408821106,0.24047549068927765,
5388,0.946601927280426,0.23683321475982666,
5389,0.9476190209388733,0.23335960507392883,
5390,0.9485981464385986,0.2301018238067627,
5391,0.9495412707328796,0.2268730103969574,
5392,0.9504504799842834,0.22368641197681427,
5393,0.9513274431228638,0.2212204486131668,
5394,0.9521738886833191,0.21865369379520416,
5395,0.9529914259910583,0.21593385934829712,
5396,0.9537814855575562,0.21311677992343903,
5397,0.9545454382896423,0.21045580506324768,
5398,0.9552845358848572,0.2077484428882599,
5399,0.9559999704360962,0.20555001497268677,
5400,0.8032407164573669,0.6968187689781189,
5401,0.8168103694915771,0.6527587175369263,
5402,0.8286290168762207,0.6143338680267334,
5403,0.8371211886405945,0.5818647146224976,
5404,0.8464285731315613,0.5513439774513245,
5405,0.8547297120094299,0.5259819030761719,
5406,0.8621794581413269,0.502660870552063,
5407,0.8689024448394775,0.4802209734916687,
5408,0.875,0.45980626344680786,
5409,0.8805555701255798,0.44274112582206726,
5410,0.8856382966041565,0.4279162287712097,
5411,0.8903061151504517,0.41247397661209106,
5412,0.8946078419685364,0.3994680345058441,
5413,0.8985849022865295,0.38657987117767334,
5414,0.9022727012634277,0.3741009831428528,
5415,0.905701756477356,0.36276137828826904,
5416,0.9088982939720154,0.35207876563072205,
5417,0.9118852615356445,0.34300696849823,
5418,0.9146825671195984,0.3340935707092285,
5419,0.9173076748847961,0.32621636986732483,
5420,0.9197761416435242,0.3182338774204254,
5421,0.9221014380455017,0.3106454908847809,
5422,0.9242957830429077,0.3040834665298462,
5423,0.926369845867157,0.29705777764320374,
5424,0.9283333420753479,0.2924887239933014,
5425,0.9301947951316833,0.28658977150917053,
5426,0.9319620132446289,0.281240850687027,
5427,0.9336419701576233,0.2756502032279968,
5428,0.9352409839630127,0.2702096104621887,
5429,0.9367647171020508,0.26494064927101135,
5430,0.9382184147834778,0.26114708185195923,
5431,0.9396067261695862,0.2565401494503021,
5432,0.9409340620040894,0.2517554461956024,
5433,0.9422042965888977,0.2478589117527008,
5434,0.9434210658073425,0.24428986012935638,
5435,0.9445876479148865,0.24069170653820038,
5436,0.9457070827484131,0.23678654432296753,
5437,0.9467821717262268,0.23347847163677216,
5438,0.9478155374526978,0.23008112609386444,
5439,0.9488095045089722,0.2268398255109787,
5440,0.9497663378715515,0.22446101903915405,
5441,0.9506880640983582,0.22187644243240356,
5442,0.9515765905380249,0.21922175586223602,
5443,0.9518805146217346,0.21650828421115875,
5444,0.9527173638343811,0.21428002417087555,
5445,0.9535256624221802,0.21246160566806793,
5446,0.9543067216873169,0.20997995138168335,
5447,0.9550619721412659,0.20763714611530304,
5448,0.9557926654815674,0.2053987979888916,
5449,0.9564999938011169,0.20312583446502686,
5450,0.8148148059844971,0.6855016350746155,
5451,0.8275862336158752,0.6411389112472534,
5452,0.8387096524238586,0.603208601474762,
5453,0.8484848737716675,0.5723140239715576,
5454,0.8571428656578064,0.5417935848236084,
5455,0.8631756901741028,0.5189166069030762,
5456,0.870192289352417,0.49503326416015625,
5457,0.8765243887901306,0.4751349985599518,
5458,0.882267415523529,0.45671191811561584,
5459,0.887499988079071,0.43841832876205444,
5460,0.8922872543334961,0.4225839674472809,
5461,0.8966836929321289,0.4087420403957367,
5462,0.9007353186607361,0.39474770426750183,
5463,0.9044811129570007,0.3822820484638214,
5464,0.9079545736312866,0.3710024356842041,
5465,0.9111841917037964,0.35962218046188354,
5466,0.9141949415206909,0.35005900263786316,
5467,0.9170082211494446,0.3408224582672119,
5468,0.9196428656578064,0.3321415185928345,
5469,0.9221153855323792,0.32390859723091125,
5470,0.924440324306488,0.3162687420845032,
5471,0.926630437374115,0.3084127902984619,
5472,0.9286971688270569,0.30268213152885437,
5473,0.9306507110595703,0.29592227935791016,
5474,0.9325000047683716,0.28936246037483215,
5475,0.9342532753944397,0.2828943133354187,
5476,0.9359177350997925,0.2777253985404968,
5477,0.9375,0.2723742425441742,
5478,0.9390060305595398,0.2670179307460785,
5479,0.9404411911964417,0.26199084520339966,
5480,0.9418103694915771,0.2568352520465851,
5481,0.9431179761886597,0.25299933552742004,
5482,0.9443681240081787,0.2491208016872406,
5483,0.9455645084381104,0.24502038955688477,
5484,0.9467105269432068,0.2412431389093399,
5485,0.9478092789649963,0.2376786470413208,
5486,0.9488636255264282,0.233709454536438,
5487,0.9498762488365173,0.2304239422082901,
5488,0.9502426981925964,0.22933626174926758,
5489,0.9511904716491699,0.2264021933078766,
5490,0.952102780342102,0.22443562746047974,
5491,0.9529816508293152,0.2217344343662262,
5492,0.9538288116455078,0.2186710089445114,
5493,0.9546459913253784,0.21645157039165497,
5494,0.9554347991943359,0.21332742273807526,
5495,0.9556623697280884,0.21165329217910767,
5496,0.9564075469970703,0.2088102102279663,
5497,0.95712810754776,0.20626884698867798,
5498,0.9578251838684082,0.20471471548080444,
5499,0.9585000276565552,0.20293036103248596,
5500,0.7939814925193787,0.6922065019607544,
5501,0.8081896305084229,0.6486301422119141,
5502,0.8205645084381104,0.6100935935974121,
5503,0.8314393758773804,0.5789293050765991,
5504,0.8410714268684387,0.5507088303565979,
5505,0.849662184715271,0.523673415184021,
5506,0.8573718070983887,0.49889397621154785,
5507,0.8643292784690857,0.47659847140312195,
5508,0.8691860437393188,0.46132487058639526,
5509,0.875,0.4462520182132721,
5510,0.8803191781044006,0.4288419485092163,
5511,0.8852040767669678,0.41338860988616943,
5512,0.8897058963775635,0.3999340832233429,
5513,0.8938679099082947,0.38719233870506287,
5514,0.8977272510528564,0.37509170174598694,
5515,0.9013158082962036,0.3639592230319977,
5516,0.9046609997749329,0.35344088077545166,
5517,0.9077869057655334,0.34506887197494507,
5518,0.9107142686843872,0.3356980085372925,
5519,0.9134615659713745,0.3281739354133606,
5520,0.9160447716712952,0.31950369477272034,
5521,0.9175724387168884,0.31406185030937195,
5522,0.9198943376541138,0.30771175026893616,
5523,0.9220890402793884,0.3010842204093933,
5524,0.9241666793823242,0.2965708076953888,
5525,0.9261363744735718,0.28987935185432434,
5526,0.9280063509941101,0.28364214301109314,
5527,0.9297839403152466,0.277654767036438,
5528,0.9314758777618408,0.272232323884964,
5529,0.9330882430076599,0.2671569287776947,
5530,0.9346264600753784,0.26267221570014954,
5531,0.9360954761505127,0.2581557631492615,
5532,0.9375,0.25374624133110046,
5533,0.9381720423698425,0.2504420876502991,
5534,0.9394736886024475,0.2461254745721817,
5535,0.9407216310501099,0.2429725080728531,
5536,0.941919207572937,0.2397342473268509,
5537,0.9430692791938782,0.23589704930782318,
5538,0.9441747665405273,0.23234598338603973,
5539,0.9452381134033203,0.22924655675888062,
5540,0.9462617039680481,0.2268727570772171,
5541,0.9472476840019226,0.22413159906864166,
5542,0.9481981992721558,0.2208186686038971,
5543,0.94856196641922,0.2194061130285263,
5544,0.949456512928009,0.21643246710300446,
5545,0.9503205418586731,0.2139483243227005,
5546,0.9511554837226868,0.21149736642837524,
5547,0.9519628286361694,0.20902399718761444,
5548,0.9527438879013062,0.2065735012292862,
5549,0.953499972820282,0.20474424958229065,
5550,0.8032407164573669,0.7000824809074402,
5551,0.8168103694915771,0.656898558139801,
5552,0.8286290168762207,0.6190788149833679,
5553,0.8390151262283325,0.5862776637077332,
5554,0.8482142686843872,0.5552217364311218,
5555,0.8547297120094299,0.529245138168335,
5556,0.8621794581413269,0.5049890875816345,
5557,0.8689024448394775,0.4822464883327484,
5558,0.8735465407371521,0.46396467089653015,
5559,0.8791666626930237,0.4453093111515045,
5560,0.8843085169792175,0.4278397262096405,
5561,0.8890306353569031,0.41254132986068726,
5562,0.8933823704719543,0.39844441413879395,
5563,0.8974056839942932,0.38625919818878174,
5564,0.9011363387107849,0.3750483989715576,
5565,0.9046052694320679,0.36428019404411316,
5566,0.9078390002250671,0.35314080119132996,
5567,0.9108606576919556,0.3448222875595093,
5568,0.9126983880996704,0.3391364514827728,
5569,0.9144230484962463,0.33256345987319946,
5570,0.91697758436203,0.3249039649963379,
5571,0.9193840622901917,0.3179146349430084,
5572,0.9216549396514893,0.31038498878479004,
5573,0.9238013625144958,0.303881973028183,
5574,0.9258333444595337,0.29711654782295227,
5575,0.9277597665786743,0.29105493426322937,
5576,0.9295886158943176,0.28489890694618225,
5577,0.9313271641731262,0.2796511650085449,
5578,0.9329819083213806,0.27482253313064575,
5579,0.9345588088035583,0.2695135772228241,
5580,0.9360632300376892,0.2642059028148651,
5581,0.9375,0.25938960909843445,
5582,0.9388736486434937,0.2551584243774414,
5583,0.9401881694793701,0.25069549679756165,
5584,0.941447377204895,0.24684756994247437,
5585,0.9426546096801758,0.24381420016288757,
5586,0.943813145160675,0.23988452553749084,
5587,0.9449257254600525,0.2357725203037262,
5588,0.9459951519966125,0.23222655057907104,
5589,0.9470238089561462,0.22876235842704773,
5590,0.9480140209197998,0.22543029487133026,
5591,0.9489678740501404,0.22265665233135223,
5592,0.9498873949050903,0.21979780495166779,
5593,0.9507743120193481,0.2170933037996292,
5594,0.9516304135322571,0.2140524685382843,
5595,0.9524572491645813,0.2112155258655548,
5596,0.9532563090324402,0.20834815502166748,
5597,0.9540289044380188,0.20605558156967163,
5598,0.954776406288147,0.20373913645744324,
5599,0.9549999833106995,0.20228026807308197,
5600,0.8032407164573669,0.6999536156654358,
5601,0.8168103694915771,0.6571542024612427,
5602,0.8286290168762207,0.6189614534378052,
5603,0.8390151262283325,0.5852999687194824,
5604,0.8482142686843872,0.5546631813049316,
5605,0.8564189076423645,0.5282448530197144,
5606,0.8637820482254028,0.5052468180656433,
5607,0.8704268336296082,0.4847933053970337,
5608,0.8764534592628479,0.46432068943977356,
5609,0.8819444179534912,0.44662103056907654,
5610,0.8869680762290955,0.42981046438217163,
5611,0.891581654548645,0.4170618951320648,
5612,0.8958333134651184,0.40491166710853577,
5613,0.8997641801834106,0.39109641313552856,
5614,0.9034090638160706,0.38111546635627747,
5615,0.906798243522644,0.3693373501300812,
5616,0.9099576473236084,0.3588813841342926,
5617,0.9129098653793335,0.34840112924575806,
5618,0.91567462682724,0.3387785851955414,
5619,0.9182692170143127,0.3314126431941986,
5620,0.920708954334259,0.322976678609848,
5621,0.9230072498321533,0.3153379261493683,
5622,0.9251760840415955,0.30713409185409546,
5623,0.9272260069847107,0.30081990361213684,
5624,0.9283333420753479,0.29590702056884766,
5625,0.9301947951316833,0.2897314727306366,
5626,0.9319620132446289,0.2841394543647766,
5627,0.9336419701576233,0.2783068120479584,
5628,0.9352409839630127,0.2732201814651489,
5629,0.9367647171020508,0.26796793937683105,
5630,0.9382184147834778,0.2629746198654175,
5631,0.9396067261695862,0.25849416851997375,
5632,0.9409340620040894,0.2543732821941376,
5633,0.9422042965888977,0.25031787157058716,
5634,0.942105233669281,0.24950894713401794,
5635,0.9432989954948425,0.24598945677280426,
5636,0.9444444179534912,0.24208560585975647,
5637,0.9455445408821106,0.23811820149421692,
5638,0.946601927280426,0.23461580276489258,
5639,0.9476190209388733,0.2313767969608307,
5640,0.9485981464385986,0.22797304391860962,
5641,0.9495412707328796,0.22531060874462128,
5642,0.9504504799842834,0.22213411331176758,
5643,0.9513274431228638,0.21985290944576263,
5644,0.9521738886833191,0.2171252816915512,
5645,0.9529914259910583,0.21445147693157196,
5646,0.9537814855575562,0.21124280989170074,
5647,0.9545454382896423,0.20887774229049683,
5648,0.9552845358848572,0.20673829317092896,
5649,0.9559999704360962,0.20469872653484344,
5650,0.7916666865348816,0.7003589868545532,
5651,0.806034505367279,0.6565189957618713,
5652,0.8185483813285828,0.6187358498573303,
5653,0.8295454382896423,0.5847919583320618,
5654,0.8392857313156128,0.5560367107391357,
5655,0.8479729890823364,0.5301332473754883,
5656,0.8557692170143127,0.5060132741928101,
5657,0.8628048896789551,0.4836616516113281,
5658,0.8691860437393188,0.46374621987342834,
5659,0.8736110925674438,0.4480876922607422,
5660,0.8789893388748169,0.43205875158309937,
5661,0.8839285969734192,0.4165710508823395,
5662,0.8884803652763367,0.40224578976631165,
5663,0.8926886916160583,0.3905644714832306,
5664,0.8965908885002136,0.37875989079475403,
5665,0.9002193212509155,0.367431104183197,
5666,0.9036017060279846,0.35681670904159546,
5667,0.9067623019218445,0.34651440382003784,
5668,0.9097222089767456,0.3377232849597931,
5669,0.9125000238418579,0.3291856050491333,
5670,0.9151119589805603,0.3215920627117157,
5671,0.9175724387168884,0.3142593801021576,
5672,0.9198943376541138,0.30653977394104004,
5673,0.9212328791618347,0.30159658193588257,
5674,0.9225000143051147,0.2970617413520813,
5675,0.9245129823684692,0.29067695140838623,
5676,0.9264240264892578,0.28511741757392883,
5677,0.9282407164573669,0.27901050448417664,
5678,0.9299699068069458,0.27397286891937256,
5679,0.9316176176071167,0.2691018879413605,
5680,0.9331896305084229,0.2649642527103424,
5681,0.9346910119056702,0.26035740971565247,
5682,0.9361263513565063,0.2556074857711792,
5683,0.9375,0.2510782778263092,
5684,0.9388157725334167,0.24856354296207428,
5685,0.9400773048400879,0.24516725540161133,
5686,0.9412878751754761,0.24126672744750977,
5687,0.9424505233764648,0.2375851422548294,
5688,0.9435679316520691,0.23381297290325165,
5689,0.9446428418159485,0.23103997111320496,
5690,0.9456775784492493,0.22833368182182312,
5691,0.9466742873191833,0.22511683404445648,
5692,0.9476351141929626,0.22265620529651642,
5693,0.94856196641922,0.2200884371995926,
5694,0.949456512928009,0.21750949323177338,
5695,0.9503205418586731,0.214668408036232,
5696,0.9511554837226868,0.21216990053653717,
5697,0.9519628286361694,0.20942489802837372,
5698,0.952235758304596,0.20833969116210938,
5699,0.953000009059906,0.2059459537267685,
5700,0.7939814925193787,0.7142966389656067,
5701,0.8081896305084229,0.6705679893493652,
5702,0.8205645084381104,0.6309776306152344,
5703,0.8314393758773804,0.5947578549385071,
5704,0.8410714268684387,0.5641054511070251,
5705,0.849662184715271,0.5355738997459412,
5706,0.8573718070983887,0.5115542411804199,
5707,0.8643292784690857,0.4888911843299866,
5708,0.8706395626068115,0.4689163863658905,
5709,0.8763889074325562,0.4500413239002228,
5710,0.8816489577293396,0.43393975496292114,
5711,0.8864796161651611,0.41837117075920105,
5712,0.8909313678741455,0.402937114238739,
5713,0.8950471878051758,0.3906572759151459,
5714,0.8988636136054993,0.37820863723754883,
5715,0.9024122953414917,0.36893290281295776,
5716,0.9057203531265259,0.359054297208786,
5717,0.9088114500045776,0.3495218753814697,
5718,0.9117063283920288,0.34123003482818604,
5719,0.9144230484962463,0.3338932693004608,
5720,0.91697758436203,0.32505539059638977,
5721,0.9193840622901917,0.31686466932296753,
5722,0.9216549396514893,0.3100080192089081,
5723,0.9238013625144958,0.30276843905448914,
5724,0.9258333444595337,0.2971746325492859,
5725,0.9277597665786743,0.2905750870704651,
5726,0.9295886158943176,0.2846983075141907,
5727,0.9313271641731262,0.28113144636154175,
5728,0.9329819083213806,0.27582472562789917,
5729,0.9345588088035583,0.27096429467201233,
5730,0.9360632300376892,0.2659522294998169,
5731,0.9375,0.261443167924881,
5732,0.9388736486434937,0.2571762502193451,
5733,0.9401881694793701,0.25267571210861206,
5734,0.941447377204895,0.248296320438385,
5735,0.9426546096801758,0.2441049963235855,
5736,0.943813145160675,0.2401188611984253,
5737,0.9449257254600525,0.23668541014194489,
5738,0.9459951519966125,0.23368309438228607,
5739,0.9470238089561462,0.23039937019348145,
5740,0.9480140209197998,0.22847513854503632,
5741,0.9489678740501404,0.22539427876472473,
5742,0.9498873949050903,0.2237972766160965,
5743,0.9507743120193481,0.22086045145988464,
5744,0.9516304135322571,0.218882754445076,
5745,0.9524572491645813,0.21588008105754852,
5746,0.9532563090324402,0.21384666860103607,
5747,0.9540289044380188,0.21142052114009857,
5748,0.954776406288147,0.20858323574066162,
5749,0.9555000066757202,0.20606715977191925,
5750,0.8009259104728699,0.6891486048698425,
5751,0.8146551847457886,0.6459419131278992,
5752,0.8266128897666931,0.6070278882980347,
5753,0.8371211886405945,0.5728516578674316,
5754,0.8464285731315613,0.5453329086303711,
5755,0.8547297120094299,0.5209851264953613,
5756,0.8621794581413269,0.4980449080467224,
5757,0.8673780560493469,0.4775742292404175,
5758,0.8735465407371521,0.45972827076911926,
5759,0.8791666626930237,0.4416871666908264,
5760,0.8843085169792175,0.4269792139530182,
5761,0.8890306353569031,0.41275060176849365,
5762,0.8933823704719543,0.39863061904907227,
5763,0.8974056839942932,0.38577336072921753,
5764,0.9011363387107849,0.37284886837005615,
5765,0.9046052694320679,0.3612823486328125,
5766,0.9078390002250671,0.35184016823768616,
5767,0.9108606576919556,0.34219279885292053,
5768,0.913690447807312,0.3331412971019745,
5769,0.9163461327552795,0.3247961401939392,
5770,0.9188432693481445,0.31683972477912903,
5771,0.9211956262588501,0.3084913492202759,
5772,0.92341548204422,0.30175116658210754,
5773,0.9255136847496033,0.29583773016929626,
5774,0.9275000095367432,0.2886304557323456,
5775,0.9285714030265808,0.28373292088508606,
5776,0.9303797483444214,0.2781459093093872,
5777,0.9320987462997437,0.2731148898601532,
5778,0.9329819083213806,0.2703840136528015,
5779,0.9345588088035583,0.26628977060317993,
5780,0.9353448152542114,0.26217156648635864,
5781,0.9367977380752563,0.2574150562286377,
5782,0.9381868243217468,0.2532912790775299,
5783,0.9395161271095276,0.24897603690624237,
5784,0.9407894611358643,0.24558992683887482,
5785,0.9420102834701538,0.24286627769470215,
5786,0.9431818127632141,0.2393784373998642,
5787,0.9443069100379944,0.23520801961421967,
5788,0.9453883767127991,0.23249627649784088,
5789,0.9464285969734192,0.22895783185958862,
5790,0.947429895401001,0.22548845410346985,
5791,0.9483944773674011,0.22243641316890717,
5792,0.9493243098258972,0.21928709745407104,
5793,0.9502212405204773,0.21621614694595337,
5794,0.9510869383811951,0.21331915259361267,
5795,0.9519230723381042,0.21095991134643555,
5796,0.9527310729026794,0.20849968492984772,
5797,0.9535123705863953,0.20617185533046722,
5798,0.9542682766914368,0.20361177623271942,
5799,0.9549999833106995,0.20131927728652954,
5800,0.8101851940155029,0.6827853322029114,
5801,0.8232758641242981,0.6389622688293457,
5802,0.8346773982048035,0.6022103428840637,
5803,0.8446969985961914,0.568452000617981,
5804,0.8535714149475098,0.5409051179885864,
5805,0.8614864945411682,0.5167227983474731,
5806,0.8685897588729858,0.49674245715141296,
5807,0.875,0.4793732762336731,
5808,0.8808139562606812,0.4598207175731659,
5809,0.8861111402511597,0.4413951337337494,
5810,0.8909574747085571,0.42577269673347473,
5811,0.8954081535339355,0.4126071035861969,
5812,0.8982843160629272,0.4026714861392975,
5813,0.9021226167678833,0.3907366991043091,
5814,0.9056817889213562,0.3788609206676483,
5815,0.9089912176132202,0.3680017292499542,
5816,0.9120762944221497,0.3577764332294464,
5817,0.9149590134620667,0.3479697108268738,
5818,0.9176587462425232,0.33976250886917114,
5819,0.920192301273346,0.3303011357784271,
5820,0.9225746393203735,0.3243113160133362,
5821,0.9248188138008118,0.31625843048095703,
5822,0.9269366264343262,0.30922403931617737,
5823,0.9289383292198181,0.3028993010520935,
5824,0.9308333396911621,0.2964872121810913,
5825,0.9326298832893372,0.2900201380252838,
5826,0.9335442781448364,0.2855772078037262,
5827,0.9351851940155029,0.27994778752326965,
5828,0.9367470145225525,0.2746565043926239,
5829,0.9382352828979492,0.2696961462497711,
5830,0.9396551847457886,0.26516878604888916,
5831,0.9410112500190735,0.26025840640068054,
5832,0.942307710647583,0.25543680787086487,
5833,0.9435483813285828,0.2515151798725128,
5834,0.9447368383407593,0.2477470338344574,
5835,0.9458763003349304,0.24396145343780518,
5836,0.9469696879386902,0.23969723284244537,
5837,0.948019802570343,0.23581716418266296,
5838,0.9490291476249695,0.23189085721969604,
5839,0.949999988079071,0.22833028435707092,
5840,0.9509345889091492,0.22496774792671204,
5841,0.9518348574638367,0.2222033143043518,
5842,0.9527027010917664,0.21977411210536957,
5843,0.9535398483276367,0.21679061651229858,
5844,0.9543478488922119,0.21373280882835388,
5845,0.9551281929016113,0.21118156611919403,
5846,0.9558823704719543,0.2089085876941681,
5847,0.9566115736961365,0.20635555684566498,
5848,0.957317054271698,0.2036687284708023,
5849,0.9580000042915344,0.20181310176849365,
5850,0.8194444179534912,0.6889570951461792,
5851,0.8318965435028076,0.6460654139518738,
5852,0.8427419066429138,0.6103588342666626,
5853,0.8522727489471436,0.5766025185585022,
5854,0.8607142567634583,0.5451957583427429,
5855,0.8682432174682617,0.519625723361969,
5856,0.8717948794364929,0.5044243931770325,
5857,0.8780487775802612,0.48194730281829834,
5858,0.8837209343910217,0.46180006861686707,
5859,0.8888888955116272,0.44472596049308777,
5860,0.8936170339584351,0.4288618564605713,
5861,0.8979591727256775,0.4147043526172638,
5862,0.9019607901573181,0.4026409983634949,
5863,0.9056603908538818,0.39067667722702026,
5864,0.9090909361839294,0.3789452016353607,
5865,0.9111841917037964,0.36956924200057983,
5866,0.9141949415206909,0.3589515686035156,
5867,0.9170082211494446,0.35081928968429565,
5868,0.9196428656578064,0.34236350655555725,
5869,0.9221153855323792,0.33368080854415894,
5870,0.924440324306488,0.3258490264415741,
5871,0.926630437374115,0.3189242482185364,
5872,0.9286971688270569,0.312228262424469,
5873,0.9306507110595703,0.3055614233016968,
5874,0.9325000047683716,0.2991218566894531,
5875,0.9342532753944397,0.29348182678222656,
5876,0.9359177350997925,0.28769055008888245,
5877,0.9375,0.2821204960346222,
5878,0.9390060305595398,0.2781878113746643,
5879,0.9404411911964417,0.272681325674057,
5880,0.9418103694915771,0.26799145340919495,
5881,0.9431179761886597,0.26376277208328247,
5882,0.9443681240081787,0.25920820236206055,
5883,0.9455645084381104,0.2555854320526123,
5884,0.9467105269432068,0.25195804238319397,
5885,0.9478092789649963,0.24734312295913696,
5886,0.9488636255264282,0.24362550675868988,
5887,0.9498762488365173,0.23970355093479156,
5888,0.9508495330810547,0.236869677901268,
5889,0.9517857432365417,0.23333020508289337,
5890,0.952102780342102,0.2305169701576233,
5891,0.9529816508293152,0.22797977924346924,
5892,0.9538288116455078,0.22486047446727753,
5893,0.9546459913253784,0.22189322113990784,
5894,0.9554347991943359,0.21905629336833954,
5895,0.9561966061592102,0.21619495749473572,
5896,0.956932783126831,0.21451708674430847,
5897,0.9576446413993835,0.2125348001718521,
5898,0.9583333134651184,0.2104366421699524,
5899,0.9589999914169312,0.2091488093137741,
5900,0.8125,0.6928847432136536,
5901,0.8254310488700867,0.6493690013885498,
5902,0.836693525314331,0.6116076111793518,
5903,0.8465909361839294,0.5810496807098389,
5904,0.8553571701049805,0.550371527671814,
5905,0.8631756901741028,0.5227296948432922,
5906,0.870192289352417,0.49920743703842163,
5907,0.8765243887901306,0.47679203748703003,
5908,0.882267415523529,0.4574197828769684,
5909,0.887499988079071,0.44007983803749084,
5910,0.8922872543334961,0.42524653673171997,
5911,0.8966836929321289,0.41098693013191223,
5912,0.9007353186607361,0.39698702096939087,
5913,0.9044811129570007,0.3848368525505066,
5914,0.9068182110786438,0.37604373693466187,
5915,0.9100877046585083,0.36452576518058777,
5916,0.9131355881690979,0.3545564115047455,
5917,0.9159836173057556,0.3446652591228485,
5918,0.9186508059501648,0.3359445631504059,
5919,0.9211538434028625,0.3275134563446045,
5920,0.9235074520111084,0.31945934891700745,
5921,0.9257246255874634,0.3115459680557251,
5922,0.9278169274330139,0.30428409576416016,
5923,0.9297945499420166,0.29865097999572754,
5924,0.9316666722297668,0.2919791340827942,
5925,0.9334415793418884,0.2858507037162781,
5926,0.9351266026496887,0.2795753479003906,
5927,0.9359567761421204,0.2749411165714264,
5928,0.9375,0.2698080539703369,
5929,0.9389705657958984,0.2652055323123932,
5930,0.9403735399246216,0.26129069924354553,
5931,0.9417135119438171,0.257869690656662,
5932,0.9429945349693298,0.25400984287261963,
5933,0.9442204236984253,0.24942336976528168,
5934,0.94539475440979,0.2455158680677414,
5935,0.9465206265449524,0.24209734797477722,
5936,0.9476010203361511,0.23795759677886963,
5937,0.9486386179924011,0.23407071828842163,
5938,0.949635922908783,0.23041024804115295,
5939,0.9505952596664429,0.2270844727754593,
5940,0.951518714427948,0.22364231944084167,
5941,0.9524082541465759,0.2201995849609375,
5942,0.9532657861709595,0.21725627779960632,
5943,0.9540929198265076,0.21521738171577454,
5944,0.9548913240432739,0.2123672366142273,
5945,0.9556623697280884,0.2099662721157074,
5946,0.9564075469970703,0.20697848498821259,
5947,0.95712810754776,0.2050440013408661,
5948,0.9578251838684082,0.20249108970165253,
5949,0.9585000276565552,0.1999145895242691,
5950,0.7986111044883728,0.6982110142707825,
5951,0.8125,0.6534309983253479,
5952,0.8245967626571655,0.6153468489646912,
5953,0.8352272510528564,0.5817373991012573,
5954,0.8446428775787354,0.5528717041015625,
5955,0.8530405163764954,0.5261624455451965,
5956,0.8605769276618958,0.5024968385696411,
5957,0.8673780560493469,0.48203974962234497,
5958,0.8735465407371521,0.46411967277526855,
5959,0.8791666626930237,0.4466231167316437,
5960,0.8843085169792175,0.42977175116539,
5961,0.8890306353569031,0.4147259593009949,
5962,0.8933823704719543,0.40012532472610474,
5963,0.8974056839942932,0.38738030195236206,
5964,0.9011363387107849,0.3754456341266632,
5965,0.9046052694320679,0.3633301854133606,
5966,0.9078390002250671,0.353252112865448,
5967,0.9108606576919556,0.3441278338432312,
5968,0.913690447807312,0.3340935707092285,
5969,0.9163461327552795,0.328390508890152,
5970,0.9188432693481445,0.3196732699871063,
5971,0.9211956262588501,0.31252264976501465,
5972,0.92341548204422,0.3052355945110321,
5973,0.9255136847496033,0.2979891002178192,
5974,0.9275000095367432,0.29232099652290344,
5975,0.9293830990791321,0.28569304943084717,
5976,0.9311708807945251,0.27988654375076294,
5977,0.9328703880310059,0.2752957344055176,
5978,0.9344879388809204,0.26961031556129456,
5979,0.9360294342041016,0.2641691267490387,
5980,0.9375,0.259288489818573,
5981,0.9389045238494873,0.2547888457775116,
5982,0.9402472376823425,0.2506036162376404,
5983,0.9415322542190552,0.24650539457798004,
5984,0.9427631497383118,0.2420261949300766,
5985,0.9439433217048645,0.23811733722686768,
5986,0.9450757503509521,0.23471859097480774,
5987,0.9461633563041687,0.23102256655693054,
5988,0.9472087621688843,0.22770270705223083,
5989,0.9482142925262451,0.22465670108795166,
5990,0.9491822719573975,0.2220582813024521,
5991,0.9501146674156189,0.21958589553833008,
5992,0.9510135054588318,0.21618856489658356,
5993,0.9518805146217346,0.2131638079881668,
5994,0.9527173638343811,0.21031454205513,
5995,0.9535256624221802,0.20783929526805878,
5996,0.9543067216873169,0.2055087834596634,
5997,0.9550619721412659,0.2030668705701828,
5998,0.9557926654815674,0.20069405436515808,
5999,0.9564999938011169,0.19803909957408905,
