train_batch,acc,loss,std_acc
0,0.03125,4.080178260803223,
1,0.03125,4.066660404205322,
2,0.0416666679084301,4.075957775115967,
3,0.03125,4.08232307434082,
4,0.03750000149011612,4.026192665100098,
5,0.046875,4.008822917938232,
6,0.0446428582072258,3.983818769454956,
7,0.05078125,3.962869167327881,
8,0.0555555559694767,3.933826446533203,
9,0.05000000074505806,3.917201280593872,
10,0.053977273404598236,3.8895585536956787,
11,0.0546875,3.8823626041412354,
12,0.05528846010565758,3.8532280921936035,
13,0.0602678582072258,3.840686798095703,
14,0.0625,3.8317131996154785,
15,0.064453125,3.8215620517730713,
16,0.06985294073820114,3.810741662979126,
17,0.078125,3.782989501953125,
18,0.08388157933950424,3.7637064456939697,
19,0.08124999701976776,3.747431516647339,
20,0.0818452388048172,3.7320494651794434,
21,0.08522727340459824,3.721289873123169,
22,0.08695652335882187,3.703749895095825,
23,0.0872395858168602,3.6989450454711914,
24,0.08874999731779099,3.686279058456421,
25,0.08894230425357819,3.678528070449829,
26,0.08796296268701553,3.6709563732147217,
27,0.0926339253783226,3.6567840576171875,
28,0.09267241507768631,3.6453168392181396,
29,0.09375,3.636810541152954,
30,0.0927419364452362,3.6367783546447754,
31,0.095703125,3.6216771602630615,
32,0.09659090638160706,3.6095404624938965,
33,0.09650735557079315,3.5982167720794678,
34,0.09553571790456772,3.592355251312256,
35,0.0972222238779068,3.587334632873535,
36,0.09797297418117523,3.5796396732330322,
37,0.09868421405553818,3.5697009563446045,
38,0.10176282376050949,3.559499979019165,
39,0.10078124701976776,3.555992603302002,
40,0.09984756261110306,3.54970383644104,
41,0.1026785746216774,3.536247730255127,
42,0.10610464960336685,3.5239431858062744,
43,0.11008522659540176,3.5158865451812744,
44,0.10972221940755844,3.505328416824341,
45,0.11073369532823563,3.4994122982025146,
46,0.11236701905727386,3.4924981594085693,
47,0.1165364608168602,3.4841740131378174,
48,0.11926020681858063,3.471630811691284,
49,0.12125000357627869,3.4616198539733887,
50,0.03703703731298447,3.8804683685302734,
51,0.047413792461156845,3.8426592350006104,
52,0.0625,3.7913320064544678,
53,0.07765151560306549,3.74316143989563,
54,0.08571428805589676,3.6925952434539795,
55,0.08445946127176285,3.6719508171081543,
56,0.08814102411270142,3.6419758796691895,
57,0.08993902802467346,3.6198604106903076,
58,0.1002907007932663,3.582247734069824,
59,0.10694444179534912,3.553471803665161,
60,0.11170212924480438,3.52705979347229,
61,0.1160714253783226,3.4999942779541016,
62,0.11887254565954208,3.4818427562713623,
63,0.125,3.4576220512390137,
64,0.1306818127632141,3.4238123893737793,
65,0.13486842811107635,3.395878314971924,
66,0.13665254414081573,3.3759045600891113,
67,0.14139343798160553,3.3600690364837646,
68,0.1428571492433548,3.3517394065856934,
69,0.14807692170143127,3.3352866172790527,
70,0.14552238583564758,3.3263731002807617,
71,0.1458333283662796,3.3182153701782227,
72,0.1487676054239273,3.3062422275543213,
73,0.15068493783473969,3.2987921237945557,
74,0.15333333611488342,3.285454034805298,
75,0.1550324708223343,3.280961751937866,
76,0.16139240562915802,3.2605984210968018,
77,0.1635802537202835,3.2490622997283936,
78,0.16641566157341003,3.239595413208008,
79,0.16838234663009644,3.23205304145813,
80,0.17456896603107452,3.2179088592529297,
81,0.17696629464626312,3.2032723426818848,
82,0.17719779908657074,3.19232439994812,
83,0.18010753393173218,3.181917905807495,
84,0.18223683536052704,3.1689553260803223,
85,0.18427835404872894,3.163109540939331,
86,0.18308080732822418,3.1560440063476562,
87,0.1862623691558838,3.147519826889038,
88,0.18628640472888947,3.140293836593628,
89,0.18809524178504944,3.130547285079956,
90,0.18983644247055054,3.124539852142334,
91,0.1915137618780136,3.1128549575805664,
92,0.19256757199764252,3.10588002204895,
93,0.19524335861206055,3.097177743911743,
94,0.19673913717269897,3.095001459121704,
95,0.19658119976520538,3.088787078857422,
96,0.19905462861061096,3.079089403152466,
97,0.20041322708129883,3.0725696086883545,
98,0.20121951401233673,3.072441339492798,
99,0.20250000059604645,3.06613826751709,
100,0.06712962687015533,3.845001459121704,
101,0.07974138110876083,3.763984203338623,
102,0.09072580933570862,3.679713487625122,
103,0.10795454680919647,3.598773717880249,
104,0.10892856866121292,3.560727834701538,
105,0.11486486345529556,3.5124404430389404,
106,0.12179487198591232,3.468032121658325,
107,0.12652438879013062,3.4326694011688232,
108,0.13517442345619202,3.3854501247406006,
109,0.14027777314186096,3.3471262454986572,
110,0.1489361673593521,3.31829571723938,
111,0.15306122601032257,3.295895576477051,
112,0.15931372344493866,3.2693097591400146,
113,0.16391509771347046,3.2389028072357178,
114,0.16818182170391083,3.2175991535186768,
115,0.17105263471603394,3.197866678237915,
116,0.1769067794084549,3.1711292266845703,
117,0.17930327355861664,3.1555235385894775,
118,0.1835317462682724,3.1354405879974365,
119,0.1846153885126114,3.1280016899108887,
120,0.18656715750694275,3.108222723007202,
121,0.19021739065647125,3.0966169834136963,
122,0.19718310236930847,3.0726425647735596,
123,0.1960616409778595,3.0552611351013184,
124,0.19833333790302277,3.0435149669647217,
125,0.2021103948354721,3.028503894805908,
126,0.20332278311252594,3.011197090148926,
127,0.20293210446834564,3.003045082092285,
128,0.20406626164913177,2.990558385848999,
129,0.20441175997257233,2.983417510986328,
130,0.20402298867702484,2.978642702102661,
131,0.2078651636838913,2.9654626846313477,
132,0.20879121124744415,2.9564363956451416,
133,0.2103494554758072,2.9509763717651367,
134,0.2118421047925949,2.9371979236602783,
135,0.2145618498325348,2.928161859512329,
136,0.21780303120613098,2.918759346008301,
137,0.22091583907604218,2.91343092918396,
138,0.223300963640213,2.905629873275757,
139,0.2261904776096344,2.8968112468719482,
140,0.2289719581604004,2.88899564743042,
141,0.22993119060993195,2.8808388710021973,
142,0.22860360145568848,2.874333620071411,
143,0.2300885021686554,2.8662068843841553,
144,0.22771738469600677,2.8707869052886963,
145,0.2302350401878357,2.860973596572876,
146,0.2331932783126831,2.853541374206543,
147,0.23398759961128235,2.8445816040039062,
148,0.23780487477779388,2.8328604698181152,
149,0.24050000309944153,2.8249287605285645,
150,0.11342592537403107,3.349780321121216,
151,0.1357758641242981,3.275855302810669,
152,0.1391129046678543,3.232675075531006,
153,0.1458333283662796,3.1898863315582275,
154,0.16249999403953552,3.134700298309326,
155,0.1807432472705841,3.0841574668884277,
156,0.19391025602817535,3.037259101867676,
157,0.20426829159259796,3.007388114929199,
158,0.2122092992067337,2.9631245136260986,
159,0.21666666865348816,2.9369280338287354,
160,0.22074468433856964,2.9127249717712402,
161,0.22704081237316132,2.880174398422241,
162,0.23651960492134094,2.8498711585998535,
163,0.2370283007621765,2.845949172973633,
164,0.24318182468414307,2.828922986984253,
165,0.24561403691768646,2.8217291831970215,
166,0.24894067645072937,2.8096399307250977,
167,0.25204917788505554,2.7961063385009766,
168,0.255952388048172,2.7858338356018066,
169,0.26249998807907104,2.766713857650757,
170,0.26305970549583435,2.7536633014678955,
171,0.2672101557254791,2.7382397651672363,
172,0.2720070481300354,2.7245912551879883,
173,0.27140411734580994,2.7235183715820312,
174,0.27000001072883606,2.725931406021118,
175,0.274350643157959,2.711414098739624,
176,0.27848100662231445,2.694794178009033,
177,0.28317901492118835,2.6817479133605957,
178,0.28915661573410034,2.66789174079895,
179,0.2911764681339264,2.6631529331207275,
180,0.292385071516037,2.657866954803467,
181,0.2935393154621124,2.6491281986236572,
182,0.29326921701431274,2.6470284461975098,
183,0.2963709533214569,2.6350340843200684,
184,0.2993420958518982,2.6265385150909424,
185,0.30219072103500366,2.61938738822937,
186,0.3055555522441864,2.6057322025299072,
187,0.3056930601596832,2.5978686809539795,
188,0.30946603417396545,2.588658571243286,
189,0.31011903285980225,2.5823538303375244,
190,0.3125,2.574165105819702,
191,0.31479358673095703,2.5627455711364746,
192,0.3175675570964813,2.550366163253784,
193,0.3169247806072235,2.548128128051758,
194,0.3173913061618805,2.5437545776367188,
195,0.3183760643005371,2.541736125946045,
196,0.3193277418613434,2.5345733165740967,
197,0.32024794816970825,2.5249736309051514,
198,0.3206300735473633,2.519965887069702,
199,0.32199999690055847,2.5121705532073975,
200,0.1458333283662796,3.4306976795196533,
201,0.1767241358757019,3.3207192420959473,
202,0.1895161271095276,3.262514352798462,
203,0.2026515156030655,3.1910018920898438,
204,0.21250000596046448,3.1306850910186768,
205,0.23648647964000702,3.0583243370056152,
206,0.2371794879436493,3.0341923236846924,
207,0.24390244483947754,2.9933881759643555,
208,0.24563953280448914,2.955584764480591,
209,0.2527777850627899,2.9194960594177246,
210,0.26595744490623474,2.870521068572998,
211,0.2780612111091614,2.8343498706817627,
212,0.280637264251709,2.8136584758758545,
213,0.28066039085388184,2.80035662651062,
214,0.2852272689342499,2.788439989089966,
215,0.2916666567325592,2.7601230144500732,
216,0.2987288236618042,2.7272095680236816,
217,0.3022541105747223,2.7090976238250732,
218,0.3055555522441864,2.692882776260376,
219,0.3115384578704834,2.6678011417388916,
220,0.3180970251560211,2.6465682983398438,
221,0.32065218687057495,2.630324602127075,
222,0.3177816867828369,2.6242456436157227,
223,0.3227739632129669,2.606189489364624,
224,0.3266666531562805,2.584462881088257,
225,0.3336038887500763,2.5642096996307373,
226,0.3417721390724182,2.5376639366149902,
227,0.3472222089767456,2.516944169998169,
228,0.35240963101387024,2.5035040378570557,
229,0.3529411852359772,2.4926209449768066,
230,0.3534482717514038,2.485136032104492,
231,0.3560393154621124,2.477160930633545,
232,0.3571428656578064,2.4676778316497803,
233,0.3608871102333069,2.4554903507232666,
234,0.36513158679008484,2.441941738128662,
235,0.3666236996650696,2.4310193061828613,
236,0.36742424964904785,2.4279377460479736,
237,0.3675742447376251,2.423596143722534,
238,0.36832523345947266,2.4207534790039062,
239,0.3660714328289032,2.420226573944092,
240,0.36740654706954956,2.412473201751709,
241,0.3704128563404083,2.3994863033294678,
242,0.37162160873413086,2.391716480255127,
243,0.3711283206939697,2.386475086212158,
244,0.3690217435359955,2.3860721588134766,
245,0.36965811252593994,2.379430055618286,
246,0.3728991448879242,2.3658530712127686,
247,0.37293389439582825,2.3611812591552734,
248,0.3760162591934204,2.351835012435913,
249,0.3779999911785126,2.343914270401001,
250,0.21296297013759613,2.916098117828369,
251,0.22629310190677643,2.845710277557373,
252,0.2479838728904724,2.7757551670074463,
253,0.2651515007019043,2.7118356227874756,
254,0.2839285731315613,2.65952467918396,
255,0.2956081032752991,2.634772539138794,
256,0.30128204822540283,2.5971431732177734,
257,0.3140243887901306,2.551281690597534,
258,0.31831395626068115,2.5252718925476074,
259,0.3263888955116272,2.493734836578369,
260,0.333776593208313,2.4695451259613037,
261,0.3405612111091614,2.4528582096099854,
262,0.34558823704719543,2.447920799255371,
263,0.3525943458080292,2.436152935028076,
264,0.3579545319080353,2.4254722595214844,
265,0.359649121761322,2.4059364795684814,
266,0.36652541160583496,2.381974220275879,
267,0.36987704038619995,2.3612184524536133,
268,0.3710317313671112,2.354261875152588,
269,0.375,2.3473007678985596,
270,0.3731343150138855,2.337801218032837,
271,0.37228259444236755,2.336287260055542,
272,0.37059858441352844,2.3273401260375977,
273,0.36986300349235535,2.327953815460205,
274,0.36916667222976685,2.3187201023101807,
275,0.37337663769721985,2.3068301677703857,
276,0.3781645596027374,2.28851318359375,
277,0.3788580298423767,2.2783946990966797,
278,0.3817771077156067,2.2668399810791016,
279,0.38749998807907104,2.2556729316711426,
280,0.38793104887008667,2.251981735229492,
281,0.38904494047164917,2.24345064163208,
282,0.39148351550102234,2.2353405952453613,
283,0.3931451737880707,2.226802110671997,
284,0.39407894015312195,2.218585968017578,
285,0.3956185579299927,2.2089452743530273,
286,0.39898988604545593,2.19999623298645,
287,0.4028465449810028,2.1912686824798584,
288,0.4035194218158722,2.188969850540161,
289,0.4059523940086365,2.1806790828704834,
290,0.4042056202888489,2.178191661834717,
291,0.40481650829315186,2.1762049198150635,
292,0.404842346906662,2.17197585105896,
293,0.4065265357494354,2.1680588722229004,
294,0.405978262424469,2.1703672409057617,
295,0.4059829115867615,2.168982982635498,
296,0.40913864970207214,2.16048526763916,
297,0.4121900796890259,2.1561295986175537,
298,0.4156503975391388,2.1490678787231445,
299,0.41850000619888306,2.13828182220459,
300,0.25231480598449707,2.6521875858306885,
301,0.25646552443504333,2.602154493331909,
302,0.27419355511665344,2.5584380626678467,
303,0.2954545319080353,2.5122272968292236,
304,0.3107142746448517,2.463637351989746,
305,0.3293918967247009,2.4102344512939453,
306,0.3461538553237915,2.3587684631347656,
307,0.35823169350624084,2.3166258335113525,
308,0.36773255467414856,2.288282871246338,
309,0.3791666626930237,2.252129077911377,
310,0.3816489279270172,2.2351412773132324,
311,0.38647958636283875,2.2172889709472656,
312,0.3958333432674408,2.194462776184082,
313,0.40566039085388184,2.1716434955596924,
314,0.4124999940395355,2.1554412841796875,
315,0.41885966062545776,2.1331958770751953,
316,0.4269067943096161,2.119016647338867,
317,0.4303278625011444,2.1090586185455322,
318,0.4325396716594696,2.0962629318237305,
319,0.4384615421295166,2.0753002166748047,
320,0.44216418266296387,2.0637004375457764,
321,0.44565218687057495,2.0496907234191895,
322,0.4463028311729431,2.0449085235595703,
323,0.45034247636795044,2.0343618392944336,
324,0.4508333206176758,2.023977756500244,
325,0.45373377203941345,2.0137014389038086,
326,0.452531635761261,2.0118675231933594,
327,0.45370370149612427,2.003389596939087,
328,0.45933735370635986,1.9922678470611572,
329,0.46102941036224365,1.9846854209899902,
330,0.46336206793785095,1.9806039333343506,
331,0.4676966369152069,1.968398928642273,
332,0.4704670310020447,1.9594355821609497,
333,0.47379031777381897,1.947925329208374,
334,0.47631579637527466,1.9412047863006592,
335,0.4774484634399414,1.934171199798584,
336,0.47853535413742065,1.9312933683395386,
337,0.4758663475513458,1.9345026016235352,
338,0.4775485396385193,1.931026577949524,
339,0.47857141494750977,1.9249176979064941,
340,0.48014017939567566,1.9206987619400024,
341,0.48050457239151,1.9180792570114136,
342,0.4831081032752991,1.91251802444458,
343,0.48506638407707214,1.906912088394165,
344,0.4847826063632965,1.9028464555740356,
345,0.48771366477012634,1.895903468132019,
346,0.48844537138938904,1.8910366296768188,
347,0.49018594622612,1.8854491710662842,
348,0.4908536672592163,1.8812237977981567,
349,0.4934999942779541,1.8729053735733032,
350,0.26620370149612427,2.5680065155029297,
351,0.29525861144065857,2.4812188148498535,
352,0.3125,2.418954610824585,
353,0.33143940567970276,2.3646538257598877,
354,0.3392857015132904,2.329558849334717,
355,0.3496621549129486,2.3076767921447754,
356,0.35576921701431274,2.277430534362793,
357,0.36890244483947754,2.2316431999206543,
358,0.37936046719551086,2.194566488265991,
359,0.3861111104488373,2.175555944442749,
360,0.40159574151039124,2.138920307159424,
361,0.4068877696990967,2.1255881786346436,
362,0.41421568393707275,2.0952672958374023,
363,0.4186320900917053,2.082350254058838,
364,0.4261363744735718,2.053931474685669,
365,0.4309210479259491,2.0351643562316895,
366,0.43538135290145874,2.014547824859619,
367,0.4415983557701111,1.997573733329773,
368,0.4444444477558136,1.9890239238739014,
369,0.45384615659713745,1.9705688953399658,
370,0.4580223858356476,1.9565420150756836,
371,0.4637681245803833,1.9429962635040283,
372,0.4665493071079254,1.9352489709854126,
373,0.46917808055877686,1.92903470993042,
374,0.4749999940395355,1.9118255376815796,
375,0.48051947355270386,1.8992701768875122,
376,0.48259493708610535,1.8925468921661377,
377,0.48765432834625244,1.8817836046218872,
378,0.4924698770046234,1.8706899881362915,
379,0.49117645621299744,1.8636293411254883,
380,0.49497127532958984,1.8555116653442383,
381,0.49789324402809143,1.8453882932662964,
382,0.5020604133605957,1.8372130393981934,
383,0.5040322542190552,1.8317610025405884,
384,0.50789475440979,1.8240795135498047,
385,0.5090206265449524,1.818624496459961,
386,0.5088383555412292,1.8136563301086426,
387,0.5123762488365173,1.8009384870529175,
388,0.5139563083648682,1.7993013858795166,
389,0.5142857432365417,1.7957693338394165,
390,0.5192757248878479,1.7830928564071655,
391,0.51949542760849,1.7791810035705566,
392,0.5213963985443115,1.7748854160308838,
393,0.5265486836433411,1.7656242847442627,
394,0.5271739363670349,1.7620177268981934,
395,0.5315170884132385,1.7542805671691895,
396,0.5346638560295105,1.747178077697754,
397,0.5371900796890259,1.7399709224700928,
398,0.5396341681480408,1.7332292795181274,
399,0.5400000214576721,1.7295119762420654,
400,0.3541666567325592,2.1577882766723633,
401,0.36206895112991333,2.1139731407165527,
402,0.3709677457809448,2.0910098552703857,
403,0.375,2.0698115825653076,
404,0.3946428596973419,2.021286964416504,
405,0.4054054021835327,1.982287049293518,
406,0.41826921701431274,1.9482370615005493,
407,0.4283536672592163,1.9209558963775635,
408,0.43313953280448914,1.9072157144546509,
409,0.4416666626930237,1.8848687410354614,
410,0.44547873735427856,1.8769797086715698,
411,0.4502550959587097,1.8564566373825073,
412,0.4546568691730499,1.85692298412323,
413,0.4575471580028534,1.8488110303878784,
414,0.46590909361839294,1.8238977193832397,
415,0.4725877046585083,1.8012683391571045,
416,0.47669491171836853,1.789082646369934,
417,0.48053279519081116,1.7796447277069092,
418,0.4841269850730896,1.7661449909210205,
419,0.48750001192092896,1.7586283683776855,
420,0.4860074520111084,1.7580159902572632,
421,0.48641303181648254,1.7585413455963135,
422,0.48767605423927307,1.7496236562728882,
423,0.4905821979045868,1.746335506439209,
424,0.49166667461395264,1.746389389038086,
425,0.4935064911842346,1.738750696182251,
426,0.49525317549705505,1.734385371208191,
427,0.4969135820865631,1.7264909744262695,
428,0.5015060305595398,1.7147586345672607,
429,0.5051470398902893,1.7119460105895996,
430,0.5071839094161987,1.7045220136642456,
431,0.5063202381134033,1.703054666519165,
432,0.5116758346557617,1.6927924156188965,
433,0.5147849321365356,1.6834802627563477,
434,0.5131579041481018,1.6821025609970093,
435,0.5180412530899048,1.6719324588775635,
436,0.5195707082748413,1.6645667552947998,
437,0.5228960514068604,1.6590445041656494,
438,0.5254854559898376,1.6514101028442383,
439,0.5267857313156128,1.6465864181518555,
440,0.5274532437324524,1.6447073221206665,
441,0.5269495248794556,1.639770269393921,
442,0.525337815284729,1.6404259204864502,
443,0.5259955525398254,1.6366013288497925,
444,0.528804361820221,1.6283812522888184,
445,0.5320512652397156,1.6211023330688477,
446,0.5341386795043945,1.6122150421142578,
447,0.5351239442825317,1.6082794666290283,
448,0.5345528721809387,1.6085071563720703,
449,0.5339999794960022,1.610039472579956,
450,0.28703704476356506,2.940236806869507,
451,0.3125,2.8268985748291016,
452,0.3266128897666931,2.7378733158111572,
453,0.35037878155708313,2.6502718925476074,
454,0.375,2.5552217960357666,
455,0.3918918967247009,2.492551326751709,
456,0.40224358439445496,2.4452459812164307,
457,0.41310974955558777,2.3884224891662598,
458,0.4244185984134674,2.343700408935547,
459,0.4333333373069763,2.292160987854004,
460,0.4414893686771393,2.246513605117798,
461,0.45408162474632263,2.2076244354248047,
462,0.46691176295280457,2.168588638305664,
463,0.47523584961891174,2.1316840648651123,
464,0.48636364936828613,2.0933988094329834,
465,0.49561402201652527,2.056523323059082,
466,0.49894067645072937,2.036271095275879,
467,0.5,2.0176851749420166,
468,0.5019841194152832,2.0001068115234375,
469,0.5067307949066162,1.9707319736480713,
470,0.513059675693512,1.9496129751205444,
471,0.5126811861991882,1.9395798444747925,
472,0.5132042169570923,1.9303522109985352,
473,0.5179794430732727,1.915173888206482,
474,0.5199999809265137,1.899288296699524,
475,0.5275974273681641,1.8743783235549927,
476,0.5316455960273743,1.8589779138565063,
477,0.5339506268501282,1.8436880111694336,
478,0.5406626462936401,1.8241791725158691,
479,0.5411764979362488,1.8136149644851685,
480,0.540229856967926,1.8035074472427368,
481,0.5442415475845337,1.7900313138961792,
482,0.5432692170143127,1.7830642461776733,
483,0.5456989407539368,1.7750626802444458,
484,0.5447368621826172,1.7741806507110596,
485,0.5476804375648499,1.764407753944397,
486,0.5467171669006348,1.7593036890029907,
487,0.5476484894752502,1.7562638521194458,
488,0.5467233061790466,1.7511950731277466,
489,0.5470238327980042,1.7444266080856323,
490,0.547897219657898,1.7388814687728882,
491,0.5504587292671204,1.7280640602111816,
492,0.5551801919937134,1.7175445556640625,
493,0.5569690465927124,1.7090437412261963,
494,0.5592391490936279,1.7015166282653809,
495,0.561965823173523,1.6939513683319092,
496,0.5609243512153625,1.6916483640670776,
497,0.5599173307418823,1.688665747642517,
498,0.5619918704032898,1.6802161931991577,
499,0.565500020980835,1.6705687046051025,
500,0.4444444477558136,1.966500163078308,
501,0.45258620381355286,1.9441269636154175,
502,0.4536290466785431,1.915844202041626,
503,0.46022728085517883,1.8903529644012451,
504,0.4732142984867096,1.8558741807937622,
505,0.4797297418117523,1.8365119695663452,
506,0.4871794879436493,1.8074902296066284,
507,0.49390244483947754,1.7813256978988647,
508,0.49563953280448914,1.7636209726333618,
509,0.4972222149372101,1.7546114921569824,
510,0.5039893388748169,1.7397347688674927,
511,0.5076530575752258,1.7287296056747437,
512,0.5098039507865906,1.7172824144363403,
513,0.5165094137191772,1.7026076316833496,
514,0.5204545259475708,1.6839817762374878,
515,0.5274122953414917,1.6682724952697754,
516,0.5317796468734741,1.6570361852645874,
517,0.5348360538482666,1.6440989971160889,
518,0.538690447807312,1.6363677978515625,
519,0.5432692170143127,1.620966911315918,
520,0.5513059496879578,1.6070477962493896,
521,0.5525362491607666,1.5960341691970825,
522,0.5536971688270569,1.5880688428878784,
523,0.5573630332946777,1.5736526250839233,
524,0.5600000023841858,1.5686911344528198,
525,0.5625,1.5621581077575684,
526,0.5640822649002075,1.556098222732544,
527,0.5679012537002563,1.5452251434326172,
528,0.5692771077156067,1.5349284410476685,
529,0.5720587968826294,1.5291101932525635,
530,0.5718390941619873,1.5252083539962769,
531,0.5723314881324768,1.52189040184021,
532,0.5755494236946106,1.5165599584579468,
533,0.5806451439857483,1.5021642446517944,
534,0.5828947424888611,1.4963725805282593,
535,0.5831185579299927,1.4936960935592651,
536,0.5827020406723022,1.4918348789215088,
537,0.5853960514068604,1.4846916198730469,
538,0.5879854559898376,1.4753412008285522,
539,0.586309552192688,1.4730359315872192,
540,0.5870327353477478,1.4710265398025513,
541,0.5888761281967163,1.46987783908844,
542,0.5900900959968567,1.4655998945236206,
543,0.5901548862457275,1.465490698814392,
544,0.591304361820221,1.4636539220809937,
545,0.5929487347602844,1.4560846090316772,
546,0.5934873819351196,1.4511101245880127,
547,0.5950413346290588,1.4461820125579834,
548,0.5960366129875183,1.441516399383545,
549,0.597000002861023,1.438249111175537,
550,0.36574074625968933,2.316661834716797,
551,0.37931033968925476,2.2492806911468506,
552,0.39717742800712585,2.18524432182312,
553,0.4223484992980957,2.1121561527252197,
554,0.4375,2.060145616531372,
555,0.4425675570964813,2.02205753326416,
556,0.45512819290161133,1.9690258502960205,
557,0.46493902802467346,1.9264470338821411,
558,0.4767441749572754,1.8828362226486206,
559,0.4888888895511627,1.8468279838562012,
560,0.5026595592498779,1.810616374015808,
561,0.5127550959587097,1.7825562953948975,
562,0.5196078419685364,1.7595938444137573,
563,0.5235849022865295,1.7436282634735107,
564,0.5284090638160706,1.727581262588501,
565,0.5350877046585083,1.7115111351013184,
566,0.5413135886192322,1.6960111856460571,
567,0.5430327653884888,1.684707760810852,
568,0.545634925365448,1.6698464155197144,
569,0.5509615540504456,1.6471121311187744,
570,0.5569030046463013,1.631467580795288,
571,0.5606883764266968,1.621213674545288,
572,0.5607394576072693,1.6171255111694336,
573,0.5633561611175537,1.6144347190856934,
574,0.5608333349227905,1.6099529266357422,
575,0.5649350881576538,1.5942069292068481,
576,0.5648733973503113,1.5874667167663574,
577,0.5679012537002563,1.5783365964889526,
578,0.5692771077156067,1.5663152933120728,
579,0.5720587968826294,1.5594184398651123,
580,0.5739942789077759,1.5549769401550293,
581,0.5751404762268066,1.5495119094848633,
582,0.5776098966598511,1.5414804220199585,
583,0.5793010592460632,1.5360442399978638,
584,0.5835526585578918,1.523241400718689,
585,0.5856958627700806,1.517261266708374,
586,0.5858585834503174,1.5161231756210327,
587,0.5922029614448547,1.501188039779663,
588,0.5952669978141785,1.4901174306869507,
589,0.5952380895614624,1.4854497909545898,
590,0.5992990732192993,1.4730377197265625,
591,0.6009174585342407,1.4623438119888306,
592,0.6030405163764954,1.457351803779602,
593,0.6039823293685913,1.4515188932418823,
594,0.60597825050354,1.4463324546813965,
595,0.6084401607513428,1.4390904903411865,
596,0.6092436909675598,1.4390418529510498,
597,0.6064049601554871,1.4428048133850098,
598,0.6072154641151428,1.439632534980774,
599,0.6085000038146973,1.436676025390625,
600,0.3680555522441864,2.3345656394958496,
601,0.39224138855934143,2.24336314201355,
602,0.4052419364452362,2.168712854385376,
603,0.42424243688583374,2.1039493083953857,
604,0.43214285373687744,2.0530145168304443,
605,0.44763514399528503,2.010141134262085,
606,0.45673078298568726,1.973020076751709,
607,0.4679878056049347,1.9315645694732666,
608,0.4738371968269348,1.9018118381500244,
609,0.4861111044883728,1.8675544261932373,
610,0.4960106313228607,1.8335392475128174,
611,0.49872449040412903,1.8091832399368286,
612,0.5098039507865906,1.7762609720230103,
613,0.5235849022865295,1.7435004711151123,
614,0.5340909361839294,1.714529037475586,
615,0.5438596606254578,1.6852545738220215,
616,0.5529661178588867,1.6594716310501099,
617,0.5522540807723999,1.6546716690063477,
618,0.5555555820465088,1.6392754316329956,
619,0.557692289352417,1.6290489435195923,
620,0.5634328126907349,1.6076232194900513,
621,0.5742753744125366,1.5830727815628052,
622,0.5757042169570923,1.575133204460144,
623,0.5804794430732727,1.5600147247314453,
624,0.5858333110809326,1.5406544208526611,
625,0.5909090638160706,1.5226695537567139,
626,0.592563271522522,1.5140174627304077,
627,0.5933641791343689,1.5114855766296387,
628,0.5956325531005859,1.4994490146636963,
629,0.5941176414489746,1.4998377561569214,
630,0.5969827771186829,1.4893895387649536,
631,0.6004213690757751,1.4747384786605835,
632,0.5995879173278809,1.4716429710388184,
633,0.6034946441650391,1.4637185335159302,
634,0.6059210300445557,1.4525341987609863,
635,0.6108247637748718,1.440102458000183,
636,0.6142676472663879,1.4312950372695923,
637,0.6169554591178894,1.4228532314300537,
638,0.6177184581756592,1.4171910285949707,
639,0.6196428537368774,1.412162184715271,
640,0.6232476830482483,1.4007372856140137,
641,0.625,1.394988775253296,
642,0.627815306186676,1.3852460384368896,
643,0.6310840845108032,1.3756988048553467,
644,0.6315217614173889,1.3720076084136963,
645,0.632478654384613,1.366018295288086,
646,0.6360294222831726,1.3578842878341675,
647,0.6348140239715576,1.3611423969268799,
648,0.6346544623374939,1.3572593927383423,
649,0.6380000114440918,1.3503150939941406,
650,0.39120370149612427,2.1804778575897217,
651,0.4094827473163605,2.095956325531006,
652,0.4395161271095276,2.007704019546509,
653,0.46022728085517883,1.9504990577697754,
654,0.47857141494750977,1.8898875713348389,
655,0.49155405163764954,1.8364635705947876,
656,0.5,1.8035215139389038,
657,0.5060975551605225,1.7699925899505615,
658,0.5159883499145508,1.735600471496582,
659,0.5305555462837219,1.6915701627731323,
660,0.541223406791687,1.6641265153884888,
661,0.5510203838348389,1.6352630853652954,
662,0.5674019455909729,1.5959192514419556,
663,0.5766509175300598,1.5688585042953491,
664,0.581818163394928,1.5448507070541382,
665,0.5855262875556946,1.5297622680664062,
666,0.5921609997749329,1.5081473588943481,
667,0.5952869057655334,1.4955254793167114,
668,0.6001983880996704,1.477967381477356,
669,0.6048076748847961,1.4637267589569092,
670,0.6072761416435242,1.4544761180877686,
671,0.6123188138008118,1.4368778467178345,
672,0.6179577708244324,1.4209905862808228,
673,0.6198630332946777,1.4094157218933105,
674,0.625,1.394228458404541,
675,0.625,1.3908710479736328,
676,0.625,1.3798952102661133,
677,0.6296296119689941,1.3669912815093994,
678,0.6302710771560669,1.362195611000061,
679,0.6345587968826294,1.3462786674499512,
680,0.6393678188323975,1.3376052379608154,
681,0.646769642829895,1.3231797218322754,
682,0.6504120826721191,1.3100939989089966,
683,0.647849440574646,1.3074265718460083,
684,0.6480262875556946,1.3024531602859497,
685,0.6501288414001465,1.2937639951705933,
686,0.6515151262283325,1.2854818105697632,
687,0.6528465151786804,1.2774019241333008,
688,0.6547330021858215,1.2783249616622925,
689,0.6559523940086365,1.2730903625488281,
690,0.65887850522995,1.2659553289413452,
691,0.6594036817550659,1.2645080089569092,
692,0.662162184715271,1.2560832500457764,
693,0.6626105904579163,1.2516543865203857,
694,0.665217399597168,1.2434786558151245,
695,0.6672008633613586,1.236006498336792,
696,0.6685924530029297,1.2317644357681274,
697,0.6694214940071106,1.2261552810668945,
698,0.6707317233085632,1.2189844846725464,
699,0.6729999780654907,1.213761329650879,
700,0.46064814925193787,1.8244550228118896,
701,0.48491379618644714,1.757611870765686,
702,0.5040322542190552,1.7145262956619263,
703,0.5132575631141663,1.6819993257522583,
704,0.5214285850524902,1.6552196741104126,
705,0.5304054021835327,1.6207382678985596,
706,0.5368589758872986,1.602860450744629,
707,0.5457317233085632,1.5729901790618896,
708,0.5465116500854492,1.5660083293914795,
709,0.5541666746139526,1.5348060131072998,
710,0.561170220375061,1.5184935331344604,
711,0.5650510191917419,1.5020925998687744,
712,0.5710784196853638,1.4803824424743652,
713,0.5754716992378235,1.4672974348068237,
714,0.5806818008422852,1.451525330543518,
715,0.5844298005104065,1.4412915706634521,
716,0.5911017060279846,1.4279531240463257,
717,0.5932376980781555,1.4186421632766724,
718,0.596230149269104,1.4101556539535522,
719,0.6009615659713745,1.3960583209991455,
720,0.6054104566574097,1.3879421949386597,
721,0.60597825050354,1.388382077217102,
722,0.6073943376541138,1.3864063024520874,
723,0.6113013625144958,1.3763201236724854,
724,0.6150000095367432,1.3650298118591309,
725,0.6176947951316833,1.3473886251449585,
726,0.6162974834442139,1.3464490175247192,
727,0.6203703880310059,1.3328684568405151,
728,0.6257529854774475,1.3221019506454468,
729,0.6264705657958984,1.3184186220169067,
730,0.6293103694915771,1.3115763664245605,
731,0.6327247023582458,1.3037313222885132,
732,0.6332417726516724,1.2985148429870605,
733,0.6377688050270081,1.2858351469039917,
734,0.6414473652839661,1.2761340141296387,
735,0.6443299055099487,1.271499752998352,
736,0.6477272510528564,1.2628856897354126,
737,0.6522276997566223,1.2533446550369263,
738,0.6547330021858215,1.2456547021865845,
739,0.6583333611488342,1.2353806495666504,
740,0.6600467562675476,1.23038911819458,
741,0.661697268486023,1.2231361865997314,
742,0.6661036014556885,1.2157845497131348,
743,0.6692478060722351,1.2068209648132324,
744,0.6728261113166809,1.202248215675354,
745,0.6736111044883728,1.1977925300598145,
746,0.6769958138465881,1.1909443140029907,
747,0.6776859760284424,1.1903927326202393,
748,0.6803861856460571,1.1861919164657593,
749,0.6815000176429749,1.1812227964401245,
750,0.46064814925193787,1.9633458852767944,
751,0.48275861144065857,1.886640191078186,
752,0.5080645084381104,1.810476541519165,
753,0.5208333134651184,1.7440778017044067,
754,0.5339285731315613,1.7081732749938965,
755,0.5506756901741028,1.6598074436187744,
756,0.5625,1.623759150505066,
757,0.5792682766914368,1.5799944400787354,
758,0.5901162624359131,1.5455561876296997,
759,0.5958333611488342,1.5183359384536743,
760,0.6090425252914429,1.4831385612487793,
761,0.6211734414100647,1.4448442459106445,
762,0.6213235259056091,1.4324440956115723,
763,0.6273584961891174,1.4157500267028809,
764,0.6261363625526428,1.4025229215621948,
765,0.6293859481811523,1.3898435831069946,
766,0.6345338821411133,1.371044397354126,
767,0.6362704634666443,1.3590739965438843,
768,0.6428571343421936,1.3405429124832153,
769,0.6442307829856873,1.3282694816589355,
770,0.6464552283287048,1.3189014196395874,
771,0.6494565010070801,1.3077354431152344,
772,0.654049277305603,1.297175407409668,
773,0.6601027250289917,1.283357858657837,
774,0.6625000238418579,1.2749630212783813,
775,0.6655844449996948,1.2680039405822754,
776,0.6669303774833679,1.2587186098098755,
777,0.6697530746459961,1.2499688863754272,
778,0.6762048006057739,1.2332619428634644,
779,0.6764705777168274,1.2254871129989624,
780,0.6738505959510803,1.2262641191482544,
781,0.675561785697937,1.2176034450531006,
782,0.6792582273483276,1.2078754901885986,
783,0.6801075339317322,1.203939437866211,
784,0.67960524559021,1.2008403539657593,
785,0.6836340427398682,1.1933304071426392,
786,0.6862373948097229,1.1865390539169312,
787,0.6875,1.1835336685180664,
788,0.6887136101722717,1.1755940914154053,
789,0.6904761791229248,1.1728806495666504,
790,0.6927570104598999,1.1666395664215088,
791,0.6966742873191833,1.1565722227096558,
792,0.6981981992721558,1.1482490301132202,
793,0.7002212405204773,1.1401746273040771,
794,0.7032608985900879,1.1296194791793823,
795,0.7045940160751343,1.1280115842819214,
796,0.7053571343421936,1.1232049465179443,
797,0.7060950398445129,1.1204988956451416,
798,0.7083333134651184,1.1137571334838867,
799,0.7099999785423279,1.1074944734573364,
800,0.5393518805503845,1.6263632774353027,
801,0.5538793206214905,1.5695639848709106,
802,0.5625,1.5281261205673218,
803,0.5738636255264282,1.487649917602539,
804,0.5910714268684387,1.441412091255188,
805,0.599662184715271,1.4122508764266968,
806,0.6025640964508057,1.3970593214035034,
807,0.6067073345184326,1.3761132955551147,
808,0.6090116500854492,1.3678224086761475,
809,0.6180555820465088,1.3399035930633545,
810,0.6276595592498779,1.31681227684021,
811,0.6326530575752258,1.3005412817001343,
812,0.6433823704719543,1.2728577852249146,
813,0.6474056839942932,1.2593743801116943,
814,0.6477272510528564,1.2560583353042603,
815,0.6535087823867798,1.239863395690918,
816,0.6578390002250671,1.2265191078186035,
817,0.6608606576919556,1.2122716903686523,
818,0.6626983880996704,1.2022205591201782,
819,0.6634615659713745,1.1926326751708984,
820,0.6688432693481445,1.1773836612701416,
821,0.6721014380455017,1.1703150272369385,
822,0.672535240650177,1.165000081062317,
823,0.6755136847496033,1.1598751544952393,
824,0.6775000095367432,1.150712251663208,
825,0.6818181872367859,1.1419233083724976,
826,0.6835442781448364,1.1330032348632812,
827,0.6844135522842407,1.126236081123352,
828,0.6882529854774475,1.12203049659729,
829,0.6897059082984924,1.1201937198638916,
830,0.693965494632721,1.1113150119781494,
831,0.6938202381134033,1.1111106872558594,
832,0.6943681240081787,1.1079413890838623,
833,0.6935483813285828,1.1048452854156494,
834,0.69539475440979,1.0978951454162598,
835,0.6958763003349304,1.0970553159713745,
836,0.6969696879386902,1.0917996168136597,
837,0.6986386179924011,1.0844464302062988,
838,0.7026699185371399,1.0792628526687622,
839,0.7023809552192688,1.0774986743927002,
840,0.7044392228126526,1.0723713636398315,
841,0.7058486342430115,1.0659762620925903,
842,0.7083333134651184,1.0586434602737427,
843,0.7112832069396973,1.054529070854187,
844,0.708695650100708,1.059004783630371,
845,0.7094017267227173,1.0562959909439087,
846,0.7121848464012146,1.0499051809310913,
847,0.7128099203109741,1.047834038734436,
848,0.7139227390289307,1.0439890623092651,
849,0.7170000076293945,1.0374771356582642,
850,0.5324074029922485,1.599104404449463,
851,0.556034505367279,1.5353296995162964,
852,0.5705645084381104,1.5047448873519897,
853,0.5814393758773804,1.4785186052322388,
854,0.5964285731315613,1.4299883842468262,
855,0.6081081032752991,1.388492465019226,
856,0.6217948794364929,1.3520821332931519,
857,0.6310975551605225,1.321916103363037,
858,0.6438953280448914,1.2915451526641846,
859,0.6472222208976746,1.2786896228790283,
860,0.647606372833252,1.2682902812957764,
861,0.6517857313156128,1.2495344877243042,
862,0.656862735748291,1.2310402393341064,
863,0.6580188870429993,1.2187105417251587,
864,0.6579545736312866,1.2260074615478516,
865,0.6622806787490845,1.207357406616211,
866,0.6673728823661804,1.1901134252548218,
867,0.6721311211585999,1.1742303371429443,
868,0.6785714030265808,1.1591577529907227,
869,0.6846153736114502,1.1470460891723633,
870,0.6893656849861145,1.1317028999328613,
871,0.6929348111152649,1.1196075677871704,
872,0.6971830725669861,1.1039996147155762,
873,0.7003424763679504,1.0948609113693237,
874,0.70333331823349,1.085123896598816,
875,0.7045454382896423,1.0790894031524658,
876,0.7064873576164246,1.070919156074524,
877,0.7114197611808777,1.0639511346817017,
878,0.7153614163398743,1.0538893938064575,
879,0.7198529243469238,1.0424813032150269,
880,0.7205459475517273,1.036381721496582,
881,0.7219101190567017,1.0342528820037842,
882,0.7245879173278809,1.026294469833374,
883,0.7278226017951965,1.0183947086334229,
884,0.7289473414421082,1.013584017753601,
885,0.7293814420700073,1.0147426128387451,
886,0.7316918969154358,1.0081251859664917,
887,0.7351484894752502,0.9998277425765991,
888,0.7366504669189453,0.9943404793739319,
889,0.7363095283508301,0.9944850206375122,
890,0.7371495366096497,0.9923094511032104,
891,0.7379587292671204,0.9857022762298584,
892,0.7376126050949097,0.9818627238273621,
893,0.73893803358078,0.9787689447402954,
894,0.739130437374115,0.9793779253959656,
895,0.7419871687889099,0.9727241396903992,
896,0.7415966391563416,0.9731109142303467,
897,0.7422520518302917,0.973169207572937,
898,0.7423780560493469,0.9734505414962769,
899,0.7429999709129333,0.9736332297325134,
900,0.42824074625968933,2.1898140907287598,
901,0.4568965435028076,2.090888738632202,
902,0.4697580635547638,2.0313074588775635,
903,0.4905303120613098,1.9607197046279907,
904,0.5071428418159485,1.9098237752914429,
905,0.525337815284729,1.8459285497665405,
906,0.5448718070983887,1.7856744527816772,
907,0.5579268336296082,1.7297369241714478,
908,0.569767415523529,1.6843159198760986,
909,0.5777778029441833,1.647479772567749,
910,0.585106372833252,1.613584041595459,
911,0.5931122303009033,1.576210618019104,
912,0.6041666865348816,1.537920594215393,
913,0.6096698045730591,1.5122220516204834,
914,0.6170454621315002,1.4844797849655151,
915,0.6239035129547119,1.4646193981170654,
916,0.6313559412956238,1.4365309476852417,
917,0.6362704634666443,1.414351463317871,
918,0.641865074634552,1.3996926546096802,
919,0.6499999761581421,1.3750630617141724,
920,0.6557835936546326,1.3545002937316895,
921,0.6585144996643066,1.339665174484253,
922,0.6610915660858154,1.326722502708435,
923,0.6678082346916199,1.3069851398468018,
924,0.6733333468437195,1.2861865758895874,
925,0.6785714030265808,1.2699769735336304,
926,0.6819620132446289,1.2610392570495605,
927,0.6875,1.243516206741333,
928,0.6912650465965271,1.2317498922348022,
929,0.6941176652908325,1.2160969972610474,
930,0.6954023241996765,1.2069727182388306,
931,0.6987359523773193,1.193307876586914,
932,0.7019230723381042,1.18075430393219,
933,0.7063171863555908,1.1676462888717651,
934,0.7098684310913086,1.1533775329589844,
935,0.7119845151901245,1.1451185941696167,
936,0.7146464586257935,1.1334314346313477,
937,0.7165841460227966,1.1253057718276978,
938,0.7190533876419067,1.115740180015564,
939,0.7220237851142883,1.1098383665084839,
940,0.7254672646522522,1.0998581647872925,
941,0.7276375889778137,1.0905165672302246,
942,0.7308558821678162,1.0784730911254883,
943,0.7334070801734924,1.0699725151062012,
944,0.7342391014099121,1.06498122215271,
945,0.7382478713989258,1.0543341636657715,
946,0.7405462265014648,1.0470854043960571,
947,0.7417355179786682,1.043428659439087,
948,0.7439024448394775,1.0375555753707886,
949,0.7444999814033508,1.038285732269287,
950,0.5925925970077515,1.5115636587142944,
951,0.6099137663841248,1.455430507659912,
952,0.625,1.408099889755249,
953,0.6382575631141663,1.3745797872543335,
954,0.6446428298950195,1.3474225997924805,
955,0.6537162065505981,1.3248145580291748,
956,0.6650640964508057,1.2909870147705078,
957,0.6707317233085632,1.2716434001922607,
958,0.680232584476471,1.2424430847167969,
959,0.6888889074325562,1.2155742645263672,
960,0.6914893388748169,1.1964532136917114,
961,0.6989796161651611,1.1754662990570068,
962,0.7022058963775635,1.1653335094451904,
963,0.7110849022865295,1.1398717164993286,
964,0.7181817889213562,1.1184446811676025,
965,0.7247806787490845,1.0969280004501343,
966,0.7235169410705566,1.0890674591064453,
967,0.7254098653793335,1.0775245428085327,
968,0.72817462682724,1.0665746927261353,
969,0.7307692170143127,1.0518313646316528,
970,0.733208954334259,1.0416229963302612,
971,0.739130437374115,1.0261573791503906,
972,0.7411971688270569,1.0156089067459106,
973,0.7448630332946777,1.0027127265930176,
974,0.7458333373069763,0.9989664554595947,
975,0.7475649118423462,0.9928406476974487,
976,0.7484177350997925,0.9822989106178284,
977,0.7492284178733826,0.9785120487213135,
978,0.7515060305595398,0.9718165397644043,
979,0.7529411911964417,0.9647160172462463,
980,0.7535919547080994,0.9585927128791809,
981,0.7521067261695862,0.9587382674217224,
982,0.754807710647583,0.9504979848861694,
983,0.7573924660682678,0.9454987049102783,
984,0.7605262994766235,0.9391299486160278,
985,0.7628865838050842,0.9345113039016724,
986,0.7632575631141663,0.9334700703620911,
987,0.7654703259468079,0.9275389313697815,
988,0.7651699185371399,0.9233735203742981,
989,0.7654761672019958,0.9195481538772583,
990,0.7651869058609009,0.9156792163848877,
991,0.7677752375602722,0.9093741774559021,
992,0.767454981803894,0.9125441908836365,
993,0.769911527633667,0.9049357771873474,
994,0.772282600402832,0.8977824449539185,
995,0.7724359035491943,0.8930119276046753,
996,0.7752100825309753,0.885384738445282,
997,0.7778925895690918,0.8770377039909363,
998,0.7779471278190613,0.8744922280311584,
999,0.7799999713897705,0.8716400265693665,
1000,0.5231481194496155,1.6845159530639648,
1001,0.5474137663841248,1.6112576723098755,
1002,0.5625,1.5540223121643066,
1003,0.5795454382896423,1.4988206624984741,
1004,0.5892857313156128,1.4583969116210938,
1005,0.6047297120094299,1.410631537437439,
1006,0.6153846383094788,1.3762859106063843,
1007,0.6265243887901306,1.3366061449050903,
1008,0.632267415523529,1.3149722814559937,
1009,0.6402778029441833,1.2863240242004395,
1010,0.644946813583374,1.2615050077438354,
1011,0.6454081535339355,1.248621940612793,
1012,0.6495097875595093,1.2283716201782227,
1013,0.6580188870429993,1.2040998935699463,
1014,0.6625000238418579,1.183521032333374,
1015,0.6644737124443054,1.1729100942611694,
1016,0.6705508232116699,1.156518578529358,
1017,0.6762295365333557,1.1404017210006714,
1018,0.6845238208770752,1.117143154144287,
1019,0.6884615421295166,1.1025524139404297,
1020,0.6921641826629639,1.0908162593841553,
1021,0.698369562625885,1.0764366388320923,
1022,0.7042253613471985,1.062507152557373,
1023,0.7080479264259338,1.0506223440170288,
1024,0.7124999761581421,1.0357164144515991,
1025,0.7142857313156128,1.026737928390503,
1026,0.7159810066223145,1.018743872642517,
1027,0.7199074029922485,1.0138592720031738,
1028,0.7236445546150208,1.001254916191101,
1029,0.7272058725357056,0.9958948493003845,
1030,0.7306034564971924,0.9871781468391418,
1031,0.733146071434021,0.9767945408821106,
1032,0.7369505763053894,0.9671511054039001,
1033,0.738575279712677,0.9595493078231812,
1034,0.7401315569877625,0.9561552405357361,
1035,0.7448453903198242,0.9440181851387024,
1036,0.7449495196342468,0.9394727945327759,
1037,0.7481435537338257,0.9319089651107788,
1038,0.7512136101722717,0.9225561618804932,
1039,0.7535714507102966,0.9154210686683655,
1040,0.7564252614974976,0.9081023931503296,
1041,0.7580274939537048,0.9042771458625793,
1042,0.7595720887184143,0.8991405963897705,
1043,0.7627212405204773,0.8926533460617065,
1044,0.7646738886833191,0.88937908411026,
1045,0.7654914259910583,0.8862718343734741,
1046,0.7662814855575562,0.8845707774162292,
1047,0.7680785059928894,0.8798887133598328,
1048,0.7693089246749878,0.8751950860023499,
1049,0.7680000066757202,0.8758591413497925,
1050,0.5972222089767456,1.4856133460998535,
1051,0.6142241358757019,1.429625153541565,
1052,0.625,1.3795627355575562,
1053,0.6363636255264282,1.3381057977676392,
1054,0.6517857313156128,1.289840579032898,
1055,0.6570945978164673,1.2628483772277832,
1056,0.6682692170143127,1.2297000885009766,
1057,0.6768292784690857,1.1990435123443604,
1058,0.6758720874786377,1.1882247924804688,
1059,0.6819444298744202,1.166325330734253,
1060,0.688829779624939,1.1407123804092407,
1061,0.6938775777816772,1.1252846717834473,
1062,0.6985294222831726,1.111067771911621,
1063,0.7028301954269409,1.0895681381225586,
1064,0.7079545259475708,1.0719796419143677,
1065,0.7127193212509155,1.056747317314148,
1066,0.7171609997749329,1.041754961013794,
1067,0.7223360538482666,1.0247859954833984,
1068,0.726190447807312,1.01728355884552,
1069,0.7317307591438293,1.0078524351119995,
1070,0.7360074520111084,0.9965398907661438,
1071,0.7382246255874634,0.9848871827125549,
1072,0.7429577708244324,0.9703129529953003,
1073,0.7465753555297852,0.9577392339706421,
1074,0.7450000047683716,0.956676721572876,
1075,0.7475649118423462,0.9495120644569397,
1076,0.7476266026496887,0.9480067491531372,
1077,0.7515432238578796,0.9393683671951294,
1078,0.7484939694404602,0.9461236000061035,
1079,0.7522059082984924,0.9374739527702332,
1080,0.7543103694915771,0.9298326373100281,
1081,0.7556179761886597,0.9242093563079834,
1082,0.7568681240081787,0.9168094396591187,
1083,0.7600806355476379,0.9080182909965515,
1084,0.7611842155456543,0.9021704196929932,
1085,0.7609536051750183,0.8995906114578247,
1086,0.7619949579238892,0.898829460144043,
1087,0.7654703259468079,0.8938332200050354,
1088,0.7669903039932251,0.8874247074127197,
1089,0.7678571343421936,0.8834620118141174,
1090,0.7681074738502502,0.8795467019081116,
1091,0.7677752375602722,0.8787720799446106,
1092,0.7691441178321838,0.8758552074432373,
1093,0.7715708017349243,0.8684156537055969,
1094,0.772826075553894,0.863876461982727,
1095,0.7761752009391785,0.8587525486946106,
1096,0.7778361439704895,0.8541309237480164,
1097,0.7794421315193176,0.8494724035263062,
1098,0.7809959053993225,0.8462475538253784,
1099,0.7820000052452087,0.8439536690711975,
1100,0.5833333134651184,1.5779569149017334,
1101,0.607758641242981,1.5008246898651123,
1102,0.6229838728904724,1.4521163702011108,
1103,0.6382575631141663,1.4054995775222778,
1104,0.6464285850524902,1.372864007949829,
1105,0.6587837934494019,1.3258578777313232,
1106,0.6650640964508057,1.2996923923492432,
1107,0.6646341681480408,1.2832870483398438,
1108,0.6758720874786377,1.2502959966659546,
1109,0.6819444298744202,1.2284797430038452,
1110,0.6901595592498779,1.2032978534698486,
1111,0.6989796161651611,1.1703118085861206,
1112,0.7071078419685364,1.1472071409225464,
1113,0.7158018946647644,1.121537208557129,
1114,0.7215909361839294,1.097637414932251,
1115,0.7258771657943726,1.0829511880874634,
1116,0.7298728823661804,1.0641469955444336,
1117,0.7325819730758667,1.0546032190322876,
1118,0.738095223903656,1.0406508445739746,
1119,0.7403846383094788,1.026142954826355,
1120,0.7434701323509216,1.013213872909546,
1121,0.7472826242446899,1.0023503303527832,
1122,0.7491196990013123,0.992034912109375,
1123,0.7525684833526611,0.977199912071228,
1124,0.7566666603088379,0.9658607244491577,
1125,0.7573052048683167,0.9605125188827515,
1126,0.7594936490058899,0.9477443695068359,
1127,0.7631173133850098,0.937689483165741,
1128,0.766566276550293,0.9303895831108093,
1129,0.7691176533699036,0.9200716018676758,
1130,0.7715517282485962,0.9133313894271851,
1131,0.773876428604126,0.9059635996818542,
1132,0.7754120826721191,0.8971312046051025,
1133,0.7782257795333862,0.8908473253250122,
1134,0.7789473533630371,0.8831565976142883,
1135,0.7783505320549011,0.8806853890419006,
1136,0.7815656661987305,0.8723128437995911,
1137,0.7834158539772034,0.8641420006752014,
1138,0.7858009934425354,0.8563954830169678,
1139,0.788095235824585,0.84834223985672,
1140,0.7903037667274475,0.8395602703094482,
1141,0.79300457239151,0.8325462937355042,
1142,0.795045018196106,0.8292086720466614,
1143,0.7981194853782654,0.8201756477355957,
1144,0.800543487071991,0.815425455570221,
1145,0.8012820482254028,0.8106532692909241,
1146,0.8025209903717041,0.8065886497497559,
1147,0.8042355179786682,0.8014947175979614,
1148,0.8069105744361877,0.7956244945526123,
1149,0.8075000047683716,0.7925185561180115,
1150,0.5972222089767456,1.4447462558746338,
1151,0.6099137663841248,1.398542046546936,
1152,0.6310483813285828,1.3374738693237305,
1153,0.6496211886405945,1.2800220251083374,
1154,0.6553571224212646,1.2537966966629028,
1155,0.6655405163764954,1.2205665111541748,
1156,0.6778846383094788,1.182141900062561,
1157,0.6814024448394775,1.1649287939071655,
1158,0.6918604373931885,1.1343309879302979,
1159,0.6986111402511597,1.111232042312622,
1160,0.7007978558540344,1.093837022781372,
1161,0.7091836929321289,1.0656205415725708,
1162,0.7132353186607361,1.050460934638977,
1163,0.7158018946647644,1.037876844406128,
1164,0.7227272987365723,1.0246325731277466,
1165,0.7258771657943726,1.01017165184021,
1166,0.7309321761131287,0.9945248961448669,
1167,0.7274590134620667,1.0072251558303833,
1168,0.7301587462425232,1.0025300979614258,
1169,0.7336538434028625,0.9912883043289185,
1170,0.736940324306488,0.9815353751182556,
1171,0.7400362491607666,0.9712282419204712,
1172,0.7403169274330139,0.9661151766777039,
1173,0.7405821681022644,0.9659103155136108,
1174,0.7433333396911621,0.9553454518318176,
1175,0.7426947951316833,0.9489508271217346,
1176,0.7436708807945251,0.9427067041397095,
1177,0.7461419701576233,0.9325323104858398,
1178,0.7492470145225525,0.9243578910827637,
1179,0.7544117569923401,0.9124113917350769,
1180,0.7571839094161987,0.9053791165351868,
1181,0.7605336904525757,0.8958917856216431,
1182,0.7630494236946106,0.8863372206687927,
1183,0.7641128897666931,0.8820310831069946,
1184,0.7651315927505493,0.880794882774353,
1185,0.7667526006698608,0.876163899898529,
1186,0.7702020406723022,0.8671846389770508,
1187,0.7722772359848022,0.8612341284751892,
1188,0.771237850189209,0.8622373342514038,
1189,0.7726190686225891,0.8576533198356628,
1190,0.773948609828949,0.8541845679283142,
1191,0.775802731513977,0.8487845659255981,
1192,0.7787162065505981,0.8420615196228027,
1193,0.7793141603469849,0.8403199911117554,
1194,0.779891312122345,0.8397796750068665,
1195,0.7809829115867615,0.8382201194763184,
1196,0.7809873819351196,0.8360068798065186,
1197,0.7835744023323059,0.8302385210990906,
1198,0.7860772609710693,0.8230615854263306,
1199,0.7879999876022339,0.8172788619995117,
1200,0.49074074625968933,1.658785343170166,
1201,0.5215517282485962,1.5749269723892212,
1202,0.5463709831237793,1.5076206922531128,
1203,0.5662878751754761,1.4480810165405273,
1204,0.5839285850524902,1.3947429656982422,
1205,0.5962837934494019,1.3540573120117188,
1206,0.6153846383094788,1.3046934604644775,
1207,0.6280487775802612,1.2739431858062744,
1208,0.6409883499145508,1.2391972541809082,
1209,0.6486111283302307,1.2118966579437256,
1210,0.6542553305625916,1.1888432502746582,
1211,0.6632652878761292,1.1585068702697754,
1212,0.6691176295280457,1.1343305110931396,
1213,0.6745283007621765,1.113754153251648,
1214,0.6818181872367859,1.0926265716552734,
1215,0.6885964870452881,1.0740063190460205,
1216,0.6970338821411133,1.0543110370635986,
1217,0.7049180269241333,1.0326592922210693,
1218,0.711309552192688,1.0153394937515259,
1219,0.7182692289352417,0.9970707893371582,
1220,0.7248134613037109,0.980924665927887,
1221,0.7273550629615784,0.9719893932342529,
1222,0.7323943376541138,0.9590401649475098,
1223,0.7345890402793884,0.9483103156089783,
1224,0.7366666793823242,0.9418382048606873,
1225,0.7402597665786743,0.930632472038269,
1226,0.7428797483444214,0.9223805665969849,
1227,0.7469135522842407,0.9101635813713074,
1228,0.7522590160369873,0.8991310596466064,
1229,0.7551470398902893,0.8901010751724243,
1230,0.7600574493408203,0.8771721720695496,
1231,0.7633426785469055,0.8701566457748413,
1232,0.7657967209815979,0.8633569478988647,
1233,0.7681451439857483,0.8548185229301453,
1234,0.7717105150222778,0.8456763625144958,
1235,0.7751288414001465,0.8385224342346191,
1236,0.7784090638160706,0.8291906714439392,
1237,0.7797029614448547,0.8256966471672058,
1238,0.7827669978141785,0.8173828721046448,
1239,0.7827380895614624,0.8145138025283813,
1240,0.7850467562675476,0.8067998886108398,
1241,0.7878440618515015,0.7995114922523499,
1242,0.789977490901947,0.7932599186897278,
1243,0.7920354008674622,0.7897181510925293,
1244,0.7945652008056641,0.7819263339042664,
1245,0.7964743375778198,0.7754748463630676,
1246,0.799369752407074,0.7679975032806396,
1247,0.7995867729187012,0.7679635286331177,
1248,0.8013211488723755,0.7616575360298157,
1249,0.8015000224113464,0.7597824931144714,
1250,0.6712962985038757,1.2081608772277832,
1251,0.681034505367279,1.170103907585144,
1252,0.6895161271095276,1.1331316232681274,
1253,0.7007575631141663,1.0960400104522705,
1254,0.7089285850524902,1.0654399394989014,
1255,0.7195945978164673,1.0285066366195679,
1256,0.7307692170143127,0.993084728717804,
1257,0.7393292784690857,0.9622825980186462,
1258,0.7470930218696594,0.9417010545730591,
1259,0.7541666626930237,0.9187142252922058,
1260,0.7593085169792175,0.8981893062591553,
1261,0.7614796161651611,0.882979154586792,
1262,0.7671568393707275,0.8605836629867554,
1263,0.7724056839942932,0.8418675661087036,
1264,0.7784090638160706,0.8272208571434021,
1265,0.7861841917037964,0.8093114495277405,
1266,0.7891949415206909,0.7980248928070068,
1267,0.7950819730758667,0.7824735045433044,
1268,0.8015872836112976,0.7698887586593628,
1269,0.8038461804389954,0.7618538737297058,
1270,0.8078358173370361,0.7501389980316162,
1271,0.8097826242446899,0.7437471747398376,
1272,0.8116196990013123,0.737639307975769,
1273,0.8133561611175537,0.7298939228057861,
1274,0.815833330154419,0.7231037616729736,
1275,0.8157467246055603,0.719970703125,
1276,0.8180379867553711,0.713209331035614,
1277,0.8209876418113708,0.7063112854957581,
1278,0.8222891688346863,0.6984901428222656,
1279,0.8242647051811218,0.6929262280464172,
1280,0.8283045887947083,0.6828467845916748,
1281,0.8286516666412354,0.6818239092826843,
1282,0.8317307829856873,0.6746845245361328,
1283,0.8340053558349609,0.6680920720100403,
1284,0.8342105150222778,0.66471928358078,
1285,0.8350515365600586,0.6627890467643738,
1286,0.8352272510528564,0.6613195538520813,
1287,0.8347772359848022,0.6623404622077942,
1288,0.8373786211013794,0.6575049757957458,
1289,0.8380952477455139,0.6544080972671509,
1290,0.8393691778182983,0.651099681854248,
1291,0.8405963182449341,0.6466678380966187,
1292,0.8412162065505981,0.6428110599517822,
1293,0.8434734344482422,0.6367533802986145,
1294,0.844565212726593,0.6342451572418213,
1295,0.8461538553237915,0.6299538016319275,
1296,0.8471638560295105,0.6267337203025818,
1297,0.8460744023323059,0.6264135837554932,
1298,0.8460366129875183,0.6246289610862732,
1299,0.8464999794960022,0.6221585273742676,
1300,0.7129629850387573,1.1041804552078247,
1301,0.7284482717514038,1.0550545454025269,
1302,0.7419354915618896,1.0151716470718384,
1303,0.748106062412262,0.9819123148918152,
1304,0.7517856955528259,0.970262348651886,
1305,0.7567567825317383,0.9567743539810181,
1306,0.7660256624221802,0.9320786595344543,
1307,0.7743902206420898,0.9098061323165894,
1308,0.7819767594337463,0.8837743401527405,
1309,0.7902777791023254,0.8599905371665955,
1310,0.7952127456665039,0.8472933769226074,
1311,0.7997449040412903,0.8363709449768066,
1312,0.8051470518112183,0.8171501159667969,
1313,0.8077830076217651,0.8069068193435669,
1314,0.8102272748947144,0.7973845601081848,
1315,0.8135964870452881,0.7857295870780945,
1316,0.8146186470985413,0.7781652212142944,
1317,0.8176229596138,0.7642300724983215,
1318,0.8204365372657776,0.7570846676826477,
1319,0.8221153616905212,0.7508148550987244,
1320,0.8246268630027771,0.7460043430328369,
1321,0.8251811861991882,0.7420605421066284,
1322,0.82658451795578,0.7341588139533997,
1323,0.8279109597206116,0.7278753519058228,
1324,0.8291666507720947,0.7234634757041931,
1325,0.8319805264472961,0.7154766917228699,
1326,0.8346518874168396,0.7064987421035767,
1327,0.8371913433074951,0.6977787017822266,
1328,0.8373494148254395,0.695307195186615,
1329,0.8389706015586853,0.688437283039093,
1330,0.8412356376647949,0.6818896532058716,
1331,0.8433988690376282,0.6755284667015076,
1332,0.8454670310020447,0.6712261438369751,
1333,0.8481183052062988,0.666480302810669,
1334,0.8486841917037964,0.6619139313697815,
1335,0.8518041372299194,0.6528496146202087,
1336,0.8541666865348816,0.6452766060829163,
1337,0.8545792102813721,0.6433737874031067,
1338,0.8555825352668762,0.6393641233444214,
1339,0.8571428656578064,0.6358414888381958,
1340,0.8574766516685486,0.633615255355835,
1341,0.8589449524879456,0.629796028137207,
1342,0.8603603839874268,0.6260996460914612,
1343,0.8622787594795227,0.6236123442649841,
1344,0.862500011920929,0.62111496925354,
1345,0.8632478713989258,0.6163837909698486,
1346,0.8655462265014648,0.6120913028717041,
1347,0.8677685856819153,0.6062309741973877,
1348,0.8689024448394775,0.600517988204956,
1349,0.8705000281333923,0.5943790674209595,
1350,0.6689814925193787,1.1304701566696167,
1351,0.6831896305084229,1.0795222520828247,
1352,0.6975806355476379,1.0410690307617188,
1353,0.7064393758773804,1.0146005153656006,
1354,0.7214285731315613,0.9731442332267761,
1355,0.7314189076423645,0.944835364818573,
1356,0.7403846383094788,0.9218307137489319,
1357,0.7469512224197388,0.8977264761924744,
1358,0.757267415523529,0.8771935105323792,
1359,0.7680555582046509,0.848590612411499,
1360,0.7752659320831299,0.8326685428619385,
1361,0.7780612111091614,0.8192259073257446,
1362,0.7843137383460999,0.802455723285675,
1363,0.7924528121948242,0.7860214710235596,
1364,0.7977272868156433,0.7737478613853455,
1365,0.7993420958518982,0.7622274160385132,
1366,0.8029661178588867,0.7540940642356873,
1367,0.8073770403862,0.7413004636764526,
1368,0.8115079402923584,0.7299033999443054,
1369,0.8134615421295166,0.7195702791213989,
1370,0.8152984976768494,0.7117235064506531,
1371,0.8188405632972717,0.7065582275390625,
1372,0.8204225301742554,0.698941171169281,
1373,0.823630154132843,0.6888231039047241,
1374,0.824999988079071,0.6846156716346741,
1375,0.8271104097366333,0.6787530779838562,
1376,0.8267405033111572,0.6801407933235168,
1377,0.8271604776382446,0.6803408265113831,
1378,0.829066276550293,0.6727998852729797,
1379,0.8316176533699036,0.6664307713508606,
1380,0.8333333134651184,0.6619724035263062,
1381,0.834269642829895,0.6571815609931946,
1382,0.8358516693115234,0.6528378129005432,
1383,0.8373655676841736,0.6476336121559143,
1384,0.8374999761581421,0.6485666632652283,
1385,0.8389175534248352,0.6439341306686401,
1386,0.8390151262283325,0.6432165503501892,
1387,0.8384901285171509,0.6452007293701172,
1388,0.8385922312736511,0.6421689987182617,
1389,0.8404762148857117,0.6379711627960205,
1390,0.84112149477005,0.6360916495323181,
1391,0.8434633016586304,0.6317316889762878,
1392,0.8440315127372742,0.6286176443099976,
1393,0.8451327681541443,0.6236912608146667,
1394,0.8467391133308411,0.6193047165870667,
1395,0.8466880321502686,0.6179335117340088,
1396,0.8476890921592712,0.6170358061790466,
1397,0.8496900796890259,0.6128640174865723,
1398,0.8516260385513306,0.6083628535270691,
1399,0.8539999723434448,0.6028844714164734,
1400,0.7013888955116272,1.0968098640441895,
1401,0.7155172228813171,1.0527154207229614,
1402,0.7217742204666138,1.0134397745132446,
1403,0.7329545617103577,0.9759070873260498,
1404,0.737500011920929,0.9512284398078918,
1405,0.7466216087341309,0.9292985796928406,
1406,0.7467948794364929,0.9151098728179932,
1407,0.7591463327407837,0.8855283856391907,
1408,0.7674418687820435,0.8634963035583496,
1409,0.7722222208976746,0.8472630977630615,
1410,0.7805851101875305,0.8230546712875366,
1411,0.7857142686843872,0.8063075542449951,
1412,0.7879902124404907,0.7992011904716492,
1413,0.7912735939025879,0.7862673997879028,
1414,0.7943181991577148,0.7756184935569763,
1415,0.7960526347160339,0.7758501768112183,
1416,0.7976694703102112,0.7686495780944824,
1417,0.8022540807723999,0.757611870765686,
1418,0.8045634627342224,0.7501780986785889,
1419,0.807692289352417,0.7384428381919861,
1420,0.8106343150138855,0.7288531064987183,
1421,0.8143116235733032,0.7199230194091797,
1422,0.8177816867828369,0.7087962627410889,
1423,0.8210616707801819,0.70176762342453,
1424,0.8241666555404663,0.6921011805534363,
1425,0.826298713684082,0.6862534284591675,
1426,0.8291139006614685,0.6773586869239807,
1427,0.8317901492118835,0.6687982678413391,
1428,0.8320783376693726,0.6660729050636292,
1429,0.8338235020637512,0.6619176268577576,
1430,0.834770143032074,0.6568999886512756,
1431,0.8349719047546387,0.6530588865280151,
1432,0.8379120826721191,0.6458893418312073,
1433,0.8413978219032288,0.6391720771789551,
1434,0.8427631855010986,0.6348840594291687,
1435,0.844072163105011,0.6322360634803772,
1436,0.8453282713890076,0.6285244822502136,
1437,0.8477723002433777,0.6228120923042297,
1438,0.8495145440101624,0.6196012496948242,
1439,0.848809540271759,0.6186370849609375,
1440,0.8504672646522522,0.6124729514122009,
1441,0.8503440618515015,0.6099520325660706,
1442,0.8507882952690125,0.6094751954078674,
1443,0.8523229956626892,0.6060560345649719,
1444,0.853804349899292,0.6009642481803894,
1445,0.8530982732772827,0.6013230681419373,
1446,0.8534663915634155,0.6013570427894592,
1447,0.8543388247489929,0.5975516438484192,
1448,0.8536585569381714,0.5980104804039001,
1449,0.8544999957084656,0.5942407250404358,
1450,0.5995370149612427,1.4386019706726074,
1451,0.6228448152542114,1.3653103113174438,
1452,0.6431451439857483,1.317438006401062,
1453,0.6609848737716675,1.2596514225006104,
1454,0.6767857074737549,1.212645411491394,
1455,0.6891891956329346,1.1658047437667847,
1456,0.6955128312110901,1.1394141912460327,
1457,0.707317054271698,1.1013950109481812,
1458,0.7165697813034058,1.0693649053573608,
1459,0.7277777791023254,1.0374765396118164,
1460,0.7353723645210266,1.0068546533584595,
1461,0.7436224222183228,0.9807991981506348,
1462,0.748774528503418,0.95966637134552,
1463,0.7535377144813538,0.941548228263855,
1464,0.7579545378684998,0.9230567812919617,
1465,0.7664473652839661,0.9001769423484802,
1466,0.7722457647323608,0.8812333941459656,
1467,0.7766393423080444,0.8637186884880066,
1468,0.7797619104385376,0.8494986295700073,
1469,0.7826923131942749,0.8405725359916687,
1470,0.7873134613037109,0.8260352611541748,
1471,0.7898550629615784,0.812307596206665,
1472,0.7948943376541138,0.8012533187866211,
1473,0.7970890402793884,0.789842426776886,
1474,0.8008333444595337,0.7783734798431396,
1475,0.8043830990791321,0.7668514251708984,
1476,0.8085442781448364,0.756783664226532,
1477,0.8101851940155029,0.7520096898078918,
1478,0.8117470145225525,0.7470843195915222,
1479,0.8139705657958984,0.7408959865570068,
1480,0.8160919547080994,0.73682701587677,
1481,0.8202247023582458,0.7238858938217163,
1482,0.8234890103340149,0.717079222202301,
1483,0.8259408473968506,0.7098411917686462,
1484,0.8282894492149353,0.7033843994140625,
1485,0.8298969268798828,0.6986166834831238,
1486,0.8327020406723022,0.6890144944190979,
1487,0.8347772359848022,0.6826509237289429,
1488,0.8373786211013794,0.6760205030441284,
1489,0.838690459728241,0.6699425578117371,
1490,0.8405373692512512,0.6638845801353455,
1491,0.8423165082931519,0.6582269072532654,
1492,0.8440315127372742,0.6516812443733215,
1493,0.8445796370506287,0.6490591764450073,
1494,0.844565212726593,0.6470150351524353,
1495,0.8450854420661926,0.6444118022918701,
1496,0.8471638560295105,0.6378639936447144,
1497,0.8481404781341553,0.6337025165557861,
1498,0.8495935201644897,0.6292070150375366,
1499,0.8514999747276306,0.6237980127334595,
1500,0.6597222089767456,1.2313108444213867,
1501,0.6767241358757019,1.1779083013534546,
1502,0.6935483813285828,1.121360182762146,
1503,0.7102272510528564,1.081441879272461,
1504,0.7232142686843872,1.0393368005752563,
1505,0.7347972989082336,1.0007745027542114,
1506,0.745192289352417,0.9677888751029968,
1507,0.7530487775802612,0.9406521320343018,
1508,0.7601743936538696,0.923137903213501,
1509,0.7708333134651184,0.8908789157867432,
1510,0.7779255509376526,0.8668727278709412,
1511,0.7857142686843872,0.8415150046348572,
1512,0.7928921580314636,0.8207916617393494,
1513,0.7995283007621765,0.8022227883338928,
1514,0.8068181872367859,0.783111035823822,
1515,0.8125,0.7634240984916687,
1516,0.8146186470985413,0.7545325756072998,
1517,0.8206967115402222,0.7354808449745178,
1518,0.8214285969734192,0.7319635152816772,
1519,0.8259615302085876,0.7223982810974121,
1520,0.829291045665741,0.7114589810371399,
1521,0.8333333134651184,0.7003249526023865,
1522,0.8362675905227661,0.6883084774017334,
1523,0.8373287916183472,0.6827271580696106,
1524,0.8399999737739563,0.6721421480178833,
1525,0.8425324559211731,0.6644992828369141,
1526,0.8441455960273743,0.6582483649253845,
1527,0.8479938507080078,0.6482107043266296,
1528,0.8509036302566528,0.6383439302444458,
1529,0.8522058725357056,0.6321150064468384,
1530,0.8541666865348816,0.6239444613456726,
1531,0.8546348214149475,0.621117115020752,
1532,0.8571428656578064,0.615260899066925,
1533,0.8581989407539368,0.6108366250991821,
1534,0.8592105507850647,0.6063228845596313,
1535,0.8588917255401611,0.6055699586868286,
1536,0.8585858345031738,0.6056607365608215,
1537,0.8595296740531921,0.6015949845314026,
1538,0.8604369163513184,0.6009049415588379,
1539,0.8619047403335571,0.5964518785476685,
1540,0.8627336621284485,0.5925278663635254,
1541,0.8635321259498596,0.5890949368476868,
1542,0.8631756901741028,0.5879544615745544,
1543,0.8628318309783936,0.5852555632591248,
1544,0.863586962223053,0.5827066898345947,
1545,0.8653846383094788,0.5781881809234619,
1546,0.8660714030265808,0.5773356556892395,
1547,0.8667355179786682,0.5740446448326111,
1548,0.8673780560493469,0.5711600184440613,
1549,0.8684999942779541,0.5667433738708496,
1550,0.6435185074806213,1.212151050567627,
1551,0.6659482717514038,1.1574740409851074,
1552,0.6814516186714172,1.1006710529327393,
1553,0.7007575631141663,1.053868055343628,
1554,0.7160714268684387,1.011435866355896,
1555,0.7297297120094299,0.9719693064689636,
1556,0.7323718070983887,0.9539303183555603,
1557,0.7423780560493469,0.9298062324523926,
1558,0.75,0.9054836630821228,
1559,0.7611111402511597,0.8763843774795532,
1560,0.7659574747085571,0.8562776446342468,
1561,0.7716836929321289,0.8373512029647827,
1562,0.779411792755127,0.8156588673591614,
1563,0.786556601524353,0.7961726188659668,
1564,0.7909091114997864,0.778425395488739,
1565,0.7960526347160339,0.7604047060012817,
1566,0.8019067645072937,0.7433387637138367,
1567,0.8073770403862,0.7321765422821045,
1568,0.8105158805847168,0.7225822806358337,
1569,0.8134615421295166,0.7141550779342651,
1570,0.8190298676490784,0.7002173662185669,
1571,0.8215579986572266,0.6894928216934204,
1572,0.8248239159584045,0.6779882907867432,
1573,0.8279109597206116,0.6705943942070007,
1574,0.8308333158493042,0.6622142791748047,
1575,0.8336039185523987,0.6522548794746399,
1576,0.8370253443717957,0.6429303288459778,
1577,0.8402777910232544,0.6332284212112427,
1578,0.8426204919815063,0.6251041889190674,
1579,0.846323549747467,0.6167824268341064,
1580,0.8469827771186829,0.6138671636581421,
1581,0.8483145833015442,0.6091315746307373,
1582,0.8495879173278809,0.6035640239715576,
1583,0.852150559425354,0.5965141654014587,
1584,0.8539473414421082,0.592021107673645,
1585,0.8543814420700073,0.5896416306495667,
1586,0.8560606241226196,0.5850700736045837,
1587,0.8582921028137207,0.5805489420890808,
1588,0.8598300814628601,0.5749754905700684,
1589,0.8601190447807312,0.5741124153137207,
1590,0.860397219657898,0.570262610912323,
1591,0.8618119359016418,0.565455436706543,
1592,0.8643018007278442,0.5593825578689575,
1593,0.8655973672866821,0.5549998879432678,
1594,0.8679347634315491,0.5493091344833374,
1595,0.8696581125259399,0.5473859906196594,
1596,0.8718487620353699,0.5424466133117676,
1597,0.8734503984451294,0.5375384092330933,
1598,0.8739837408065796,0.5345311164855957,
1599,0.8734999895095825,0.5344533920288086,
1600,0.6921296119689941,1.1939663887023926,
1601,0.704741358757019,1.1528217792510986,
1602,0.7197580933570862,1.0980503559112549,
1603,0.7291666865348816,1.0640279054641724,
1604,0.7410714030265808,1.030808687210083,
1605,0.7533783912658691,0.9984136819839478,
1606,0.7596153616905212,0.9770033359527588,
1607,0.769817054271698,0.9436619281768799,
1608,0.7776162624359131,0.9116271138191223,
1609,0.7861111164093018,0.88200443983078,
1610,0.792553186416626,0.8595594167709351,
1611,0.7997449040412903,0.8380628824234009,
1612,0.8039215803146362,0.8147149682044983,
1613,0.8101415038108826,0.7935205698013306,
1614,0.8147727251052856,0.7804256081581116,
1615,0.8157894611358643,0.7739851474761963,
1616,0.819915235042572,0.7615987658500671,
1617,0.8227459192276001,0.7486092448234558,
1618,0.8283730149269104,0.7324137091636658,
1619,0.8326923251152039,0.7196362614631653,
1620,0.8367537260055542,0.7061963677406311,
1621,0.8387681245803833,0.6985775828361511,
1622,0.8397887349128723,0.6892551779747009,
1623,0.8416095972061157,0.6851312518119812,
1624,0.8441666960716248,0.6772868037223816,
1625,0.8433441519737244,0.6773115992546082,
1626,0.8465189933776855,0.6673631072044373,
1627,0.8479938507080078,0.659617006778717,
1628,0.8501505851745605,0.6507974863052368,
1629,0.8522058725357056,0.6413034200668335,
1630,0.8541666865348816,0.6342256665229797,
1631,0.8546348214149475,0.6289405822753906,
1632,0.8557692170143127,0.6219589710235596,
1633,0.8581989407539368,0.6149255037307739,
1634,0.8605263233184814,0.6075130105018616,
1635,0.8614690899848938,0.6013306975364685,
1636,0.8630050420761108,0.5960772037506104,
1637,0.864480197429657,0.5903921127319336,
1638,0.8665048480033875,0.5839064717292786,
1639,0.8678571581840515,0.580656886100769,
1640,0.8703271150588989,0.5743077397346497,
1641,0.8721330165863037,0.5685322880744934,
1642,0.8733108043670654,0.5645755529403687,
1643,0.8744469285011292,0.5602831840515137,
1644,0.876086950302124,0.5547992587089539,
1645,0.877136766910553,0.5501805543899536,
1646,0.8781512379646301,0.5469315052032471,
1647,0.879648745059967,0.5413693785667419,
1648,0.880081295967102,0.5387383699417114,
1649,0.8815000057220459,0.53407222032547,
1650,0.6898148059844971,1.170436978340149,
1651,0.7090517282485962,1.106621503829956,
1652,0.725806474685669,1.051674485206604,
1653,0.7424242496490479,1.0011316537857056,
1654,0.7571428418159485,0.9581643342971802,
1655,0.7652027010917664,0.9278428554534912,
1656,0.7740384340286255,0.8976214528083801,
1657,0.7804877758026123,0.8709766864776611,
1658,0.7848837375640869,0.8476848006248474,
1659,0.7902777791023254,0.8265937566757202,
1660,0.7952127456665039,0.8071796894073486,
1661,0.8022959232330322,0.7871895432472229,
1662,0.8075980544090271,0.7659832239151001,
1663,0.8113207817077637,0.7549899220466614,
1664,0.8181818127632141,0.7347924113273621,
1665,0.8223684430122375,0.7191474437713623,
1666,0.8283898234367371,0.7019701600074768,
1667,0.8288934230804443,0.6907063722610474,
1668,0.8333333134651184,0.6773161888122559,
1669,0.8374999761581421,0.6633458137512207,
1670,0.8414179086685181,0.6519123911857605,
1671,0.8414855003356934,0.6498592495918274,
1672,0.8441901206970215,0.6399425864219666,
1673,0.8458904027938843,0.6333869695663452,
1674,0.846666693687439,0.6270534992218018,
1675,0.8490259647369385,0.6184588670730591,
1676,0.8504746556282043,0.6125525236129761,
1677,0.8541666865348816,0.6039444804191589,
1678,0.8569276928901672,0.5972316265106201,
1679,0.8588235378265381,0.590427815914154,
1680,0.8613505959510803,0.5818305015563965,
1681,0.863061785697937,0.5781475305557251,
1682,0.8633241653442383,0.5743874311447144,
1683,0.8649193644523621,0.5689317584037781,
1684,0.86710524559021,0.5633500814437866,
1685,0.8685566782951355,0.556029200553894,
1686,0.8693181872367859,0.5508405566215515,
1687,0.8688119053840637,0.5482571125030518,
1688,0.8701456189155579,0.543136477470398,
1689,0.8720238208770752,0.5383874773979187,
1690,0.8726635575294495,0.5380829572677612,
1691,0.8744266033172607,0.5318331122398376,
1692,0.8761261105537415,0.5272408723831177,
1693,0.877212405204773,0.5234920978546143,
1694,0.8788043260574341,0.5189481973648071,
1695,0.879807710647583,0.5148926973342896,
1696,0.881302535533905,0.5103541612625122,
1697,0.8827479481697083,0.5061492323875427,
1698,0.8841463327407837,0.5018695592880249,
1699,0.8834999799728394,0.5003849267959595,
1700,0.7291666865348816,1.0790135860443115,
1701,0.7456896305084229,1.023232340812683,
1702,0.7600806355476379,0.9761766791343689,
1703,0.7727272510528564,0.9267571568489075,
1704,0.7821428775787354,0.8955783843994141,
1705,0.7939189076423645,0.8607683777809143,
1706,0.8044871687889099,0.8293355107307434,
1707,0.8140243887901306,0.7976352572441101,
1708,0.8212209343910217,0.772007405757904,
1709,0.8291666507720947,0.7528420090675354,
1710,0.8311170339584351,0.737278938293457,
1711,0.8367347121238708,0.7182247638702393,
1712,0.841911792755127,0.7019516229629517,
1713,0.8443396091461182,0.6934340000152588,
1714,0.8477272987365723,0.6791394948959351,
1715,0.8519737124443054,0.6651473641395569,
1716,0.8569915294647217,0.6498650908470154,
1717,0.8575819730758667,0.6477476358413696,
1718,0.8611111044883728,0.6319493055343628,
1719,0.8615384697914124,0.6257440447807312,
1720,0.8656716346740723,0.6163992285728455,
1721,0.8686594367027283,0.6095675826072693,
1722,0.8714788556098938,0.6011776924133301,
1723,0.8732876777648926,0.5974042415618896,
1724,0.8758333325386047,0.5878974795341492,
1725,0.875,0.5841806530952454,
1726,0.8765822649002075,0.5762861371040344,
1727,0.8796296119689941,0.5665518641471863,
1728,0.8802710771560669,0.5638723373413086,
1729,0.8823529481887817,0.5560427308082581,
1730,0.8850574493408203,0.5479370355606079,
1731,0.886938214302063,0.5445687174797058,
1732,0.8880494236946106,0.5407372713088989,
1733,0.8904569745063782,0.5328773856163025,
1734,0.8921052813529968,0.5262483358383179,
1735,0.8943299055099487,0.520042896270752,
1736,0.8945707082748413,0.5154544711112976,
1737,0.8948019742965698,0.5131624937057495,
1738,0.896237850189209,0.5079483985900879,
1739,0.8982142806053162,0.5019586086273193,
1740,0.898948609828949,0.49908530712127686,
1741,0.9002293348312378,0.4967440962791443,
1742,0.900337815284729,0.4938174784183502,
1743,0.9009955525398254,0.4915440082550049,
1744,0.9010869860649109,0.49031656980514526,
1745,0.9022436141967773,0.48624902963638306,
1746,0.9028361439704895,0.48272326588630676,
1747,0.9039255976676941,0.47993022203445435,
1748,0.9049796462059021,0.4762938320636749,
1749,0.9054999947547913,0.4738869369029999,
1750,0.7361111044883728,1.0361002683639526,
1751,0.75,0.9812183976173401,
1752,0.7620967626571655,0.937795102596283,
1753,0.7727272510528564,0.8978502750396729,
1754,0.7803571224212646,0.8669596314430237,
1755,0.787162184715271,0.8449805378913879,
1756,0.7964743375778198,0.8162742257118225,
1757,0.8064024448394775,0.789189875125885,
1758,0.8125,0.7676351070404053,
1759,0.8180555701255798,0.7467926144599915,
1760,0.8178191781044006,0.7409955263137817,
1761,0.8214285969734192,0.7269798517227173,
1762,0.8272058963775635,0.7070934176445007,
1763,0.8313679099082947,0.6931491494178772,
1764,0.8374999761581421,0.6748215556144714,
1765,0.843201756477356,0.6590005159378052,
1766,0.8474576473236084,0.6450099349021912,
1767,0.8514344096183777,0.6315675973892212,
1768,0.8541666865348816,0.6202712655067444,
1769,0.8557692170143127,0.6093578934669495,
1770,0.8572761416435242,0.6006656289100647,
1771,0.8605072498321533,0.5917407870292664,
1772,0.8626760840415955,0.5826104879379272,
1773,0.8655821681022644,0.5756135582923889,
1774,0.8683333396911621,0.566535234451294,
1775,0.8709415793418884,0.558546245098114,
1776,0.8734177350997925,0.5521767139434814,
1777,0.8734567761421204,0.5490965247154236,
1778,0.8742470145225525,0.543971061706543,
1779,0.8764705657958984,0.5381190776824951,
1780,0.8771551847457886,0.5358718037605286,
1781,0.879915714263916,0.5290537476539612,
1782,0.8804945349693298,0.5244290828704834,
1783,0.8810483813285828,0.5204768180847168,
1784,0.883552610874176,0.512769877910614,
1785,0.8846649527549744,0.5064380168914795,
1786,0.8857323527336121,0.5015992522239685,
1787,0.8849009871482849,0.5001007914543152,
1788,0.8859223127365112,0.49686574935913086,
1789,0.886904776096344,0.49273544549942017,
1790,0.889018714427948,0.4878671169281006,
1791,0.8899082541465759,0.4829210340976715,
1792,0.8913288116455078,0.4790046215057373,
1793,0.892699122428894,0.47720468044281006,
1794,0.893478274345398,0.472951203584671,
1795,0.8952991366386414,0.46667855978012085,
1796,0.8970588445663452,0.4635486304759979,
1797,0.8972107172012329,0.4620806872844696,
1798,0.8978658318519592,0.4590657353401184,
1799,0.8985000252723694,0.4561740458011627,
1800,0.7152777910232544,1.0101697444915771,
1801,0.732758641242981,0.9580489993095398,
1802,0.7479838728904724,0.9068722724914551,
1803,0.7594696879386902,0.8695265054702759,
1804,0.7714285850524902,0.8321962952613831,
1805,0.7820945978164673,0.7999082803726196,
1806,0.7932692170143127,0.7696353793144226,
1807,0.8033536672592163,0.7452715635299683,
1808,0.8095930218696594,0.7262064218521118,
1809,0.8152777552604675,0.7072042226791382,
1810,0.8191489577293396,0.6896315217018127,
1811,0.8252550959587097,0.6697410941123962,
1812,0.8308823704719543,0.6549824476242065,
1813,0.8360849022865295,0.6382842659950256,
1814,0.8386363387107849,0.6261736750602722,
1815,0.8399122953414917,0.6176828742027283,
1816,0.8453390002250671,0.6025369763374329,
1817,0.8493852615356445,0.5884244441986084,
1818,0.851190447807312,0.580557107925415,
1819,0.8548076748847961,0.5682267546653748,
1820,0.8554104566574097,0.561329185962677,
1821,0.8586956262588501,0.5515832901000977,
1822,0.8617957830429077,0.5471376776695251,
1823,0.8647260069847107,0.5383303165435791,
1824,0.8666666746139526,0.5317522287368774,
1825,0.8693181872367859,0.5248530507087708,
1826,0.8710442781448364,0.5211941003799438,
1827,0.8734567761421204,0.5153887271881104,
1828,0.8757529854774475,0.5095028877258301,
1829,0.8786764740943909,0.5027371048927307,
1830,0.881465494632721,0.49664148688316345,
1831,0.8827247023582458,0.49231433868408203,
1832,0.8846153616905212,0.48613885045051575,
1833,0.886424720287323,0.4803175628185272,
1834,0.8888157606124878,0.4734792709350586,
1835,0.8898195624351501,0.47003528475761414,
1836,0.8914141654968262,0.4644639790058136,
1837,0.8910890817642212,0.46344828605651855,
1838,0.893203854560852,0.45956358313560486,
1839,0.8940476179122925,0.45818355679512024,
1840,0.894859790802002,0.45524972677230835,
1841,0.8962156176567078,0.4517296552658081,
1842,0.8980855941772461,0.4465949237346649,
1843,0.8987832069396973,0.44644999504089355,
1844,0.8994565010070801,0.44306400418281555,
1845,0.9006410241127014,0.4405863881111145,
1846,0.9023109078407288,0.43795904517173767,
1847,0.9023760557174683,0.4380517899990082,
1848,0.9039633870124817,0.433425635099411,
1849,0.9049999713897705,0.4301142394542694,
1850,0.7245370149612427,0.9899901151657104,
1851,0.7413793206214905,0.9434943795204163,
1852,0.7540322542190552,0.8980862498283386,
1853,0.7632575631141663,0.867648720741272,
1854,0.7732142806053162,0.8350591063499451,
1855,0.7854729890823364,0.7994916439056396,
1856,0.7948718070983887,0.769381046295166,
1857,0.8048780560493469,0.7401989698410034,
1858,0.8139534592628479,0.7138878107070923,
1859,0.8194444179534912,0.6951684951782227,
1860,0.8231382966041565,0.684501051902771,
1861,0.8303571343421936,0.6646571159362793,
1862,0.8357843160629272,0.6442869305610657,
1863,0.838443398475647,0.6368349194526672,
1864,0.8409090638160706,0.632123589515686,
1865,0.8453947305679321,0.6158155202865601,
1866,0.8495762944221497,0.6027344465255737,
1867,0.8545082211494446,0.5888195633888245,
1868,0.8561508059501648,0.5802448391914368,
1869,0.8586538434028625,0.5732284188270569,
1870,0.8610074520111084,0.5660957098007202,
1871,0.8650362491607666,0.5573156476020813,
1872,0.8688380122184753,0.5467293858528137,
1873,0.8715753555297852,0.5394465923309326,
1874,0.8733333349227905,0.5356197357177734,
1875,0.8766233921051025,0.5278101563453674,
1876,0.8789557218551636,0.519880473613739,
1877,0.8796296119689941,0.5151126384735107,
1878,0.8817771077156067,0.5088655948638916,
1879,0.8838235139846802,0.5012809634208679,
1880,0.8843390941619873,0.4990382492542267,
1881,0.8862359523773193,0.4929638206958771,
1882,0.8873626589775085,0.4888269305229187,
1883,0.8897849321365356,0.4824567437171936,
1884,0.8921052813529968,0.47834762930870056,
1885,0.8936855792999268,0.47414669394493103,
1886,0.8952020406723022,0.4692589342594147,
1887,0.8966584205627441,0.4662702679634094,
1888,0.8980582356452942,0.4607222080230713,
1889,0.8976190686225891,0.4593263566493988,
1890,0.8983644843101501,0.4558257758617401,
1891,0.89850914478302,0.45312926173210144,
1892,0.8992117047309875,0.4521884620189667,
1893,0.9004424810409546,0.44809308648109436,
1894,0.9010869860649109,0.44567549228668213,
1895,0.9027777910232544,0.44099849462509155,
1896,0.9038865566253662,0.4375210106372833,
1897,0.9054751992225647,0.43266913294792175,
1898,0.9065040946006775,0.429137259721756,
1899,0.9079999923706055,0.42536258697509766,
1900,0.7222222089767456,1.012900710105896,
1901,0.7392241358757019,0.9582229256629944,
1902,0.7540322542190552,0.9127671718597412,
1903,0.7670454382896423,0.8701164722442627,
1904,0.7785714268684387,0.836162269115448,
1905,0.7888513803482056,0.799827516078949,
1906,0.7932692170143127,0.7776133418083191,
1907,0.8003048896789551,0.7565760612487793,
1908,0.8037790656089783,0.7352039217948914,
1909,0.8111110925674438,0.7148252725601196,
1910,0.8151595592498779,0.7005561590194702,
1911,0.8214285969734192,0.6790934205055237,
1912,0.8284313678741455,0.6596251726150513,
1913,0.8325471878051758,0.6485326290130615,
1914,0.8386363387107849,0.6327160000801086,
1915,0.8410087823867798,0.6218256950378418,
1916,0.8421609997749329,0.6168580651283264,
1917,0.8463114500045776,0.6044429540634155,
1918,0.8452380895614624,0.6042585372924805,
1919,0.8461538553237915,0.5971340537071228,
1920,0.8507462739944458,0.5871343612670898,
1921,0.8541666865348816,0.5800964832305908,
1922,0.8556337952613831,0.5718163251876831,
1923,0.8595890402793884,0.5637133121490479,
1924,0.8616666793823242,0.5562049746513367,
1925,0.8636363744735718,0.5495667457580566,
1926,0.8670886158943176,0.5402438044548035,
1927,0.8688271641731262,0.5339229702949524,
1928,0.8719879388809204,0.5265865325927734,
1929,0.8735294342041016,0.5235502123832703,
1930,0.8764367699623108,0.5166504383087158,
1931,0.8778089880943298,0.510580837726593,
1932,0.879807710647583,0.503200113773346,
1933,0.8810483813285828,0.49841994047164917,
1934,0.8822368383407593,0.4946804344654083,
1935,0.8840206265449524,0.48900485038757324,
1936,0.8857323527336121,0.48295676708221436,
1937,0.8867574334144592,0.479949414730072,
1938,0.8883495330810547,0.47577303647994995,
1939,0.8904761672019958,0.4725725054740906,
1940,0.8913551568984985,0.46765953302383423,
1941,0.8916284441947937,0.4665633738040924,
1942,0.8930180072784424,0.46272629499435425,
1943,0.8938053250312805,0.4588448405265808,
1944,0.895108699798584,0.45640018582344055,
1945,0.8969017267227173,0.4518217444419861,
1946,0.8975840210914612,0.4496625065803528,
1947,0.899276852607727,0.44589075446128845,
1948,0.9009146094322205,0.4419320821762085,
1949,0.9020000100135803,0.4386121332645416,
1950,0.6967592835426331,1.09567391872406,
1951,0.7133620977401733,1.0375244617462158,
1952,0.7237903475761414,0.9923081994056702,
1953,0.7367424368858337,0.954420268535614,
1954,0.7482143044471741,0.9194721579551697,
1955,0.7550675868988037,0.8908520340919495,
1956,0.7660256624221802,0.8548280000686646,
1957,0.7774389982223511,0.8254762291908264,
1958,0.7877907156944275,0.7983995676040649,
1959,0.7958333492279053,0.7745579481124878,
1960,0.8005319237709045,0.7563386559486389,
1961,0.8086734414100647,0.7314679026603699,
1962,0.8149510025978088,0.714719295501709,
1963,0.8219339847564697,0.6959198713302612,
1964,0.8272727131843567,0.6786419153213501,
1965,0.8300438523292542,0.6651955246925354,
1966,0.8347457647323608,0.648978590965271,
1967,0.8391393423080444,0.6349186301231384,
1968,0.8442460298538208,0.6215886473655701,
1969,0.8471153974533081,0.6136441826820374,
1970,0.8516790866851807,0.6015190482139587,
1971,0.8541666865348816,0.5940433740615845,
1972,0.8582746386528015,0.5837261080741882,
1973,0.8595890402793884,0.5746028423309326,
1974,0.862500011920929,0.5651736259460449,
1975,0.8660714030265808,0.5551788210868835,
1976,0.8686708807945251,0.5462968349456787,
1977,0.8703703880310059,0.5387358665466309,
1978,0.8734939694404602,0.5310747623443604,
1979,0.875,0.5237471461296082,
1980,0.875,0.5172618627548218,
1981,0.8778089880943298,0.5104453563690186,
1982,0.8804945349693298,0.5042358040809631,
1983,0.8823924660682678,0.49761611223220825,
1984,0.88289475440979,0.4955601692199707,
1985,0.8840206265449524,0.4929367005825043,
1986,0.8863636255264282,0.48792266845703125,
1987,0.8867574334144592,0.4830644130706787,
1988,0.8877426981925964,0.4796077013015747,
1989,0.8892857432365417,0.47338783740997314,
1990,0.8907710313796997,0.4675295352935791,
1991,0.892201840877533,0.46271267533302307,
1992,0.8935810923576355,0.4590603709220886,
1993,0.894911527633667,0.4565854072570801,
1994,0.895108699798584,0.4529477059841156,
1995,0.8963675498962402,0.4502490758895874,
1996,0.8965336084365845,0.4492056667804718,
1997,0.89824378490448,0.444770485162735,
1998,0.8998983502388,0.43982234597206116,
1999,0.9004999995231628,0.4364379346370697,
2000,0.7152777910232544,1.0141454935073853,
2001,0.7349137663841248,0.9615927338600159,
2002,0.7479838728904724,0.9137645959854126,
2003,0.7632575631141663,0.8683027029037476,
2004,0.7714285850524902,0.8356570601463318,
2005,0.7820945978164673,0.80443274974823,
2006,0.7932692170143127,0.7728964686393738,
2007,0.8003048896789551,0.7462640404701233,
2008,0.8066860437393188,0.7257840633392334,
2009,0.8138889074325562,0.7052907347679138,
2010,0.8204787373542786,0.6872183680534363,
2011,0.8265306353569031,0.6697474122047424,
2012,0.8308823704719543,0.6544831991195679,
2013,0.8349056839942932,0.638619601726532,
2014,0.8363636136054993,0.6309712529182434,
2015,0.8421052694320679,0.614173948764801,
2016,0.8474576473236084,0.5992417335510254,
2017,0.8514344096183777,0.5879446268081665,
2018,0.8551587462425232,0.5769530534744263,
2019,0.857692301273346,0.5682386159896851,
2020,0.8600746393203735,0.5581492185592651,
2021,0.864130437374115,0.5459755659103394,
2022,0.8679577708244324,0.5349641442298889,
2023,0.8698630332946777,0.5275111198425293,
2024,0.8725000023841858,0.5188623666763306,
2025,0.8741883039474487,0.5146611332893372,
2026,0.875,0.5087817907333374,
2027,0.875,0.5044575333595276,
2028,0.8757529854774475,0.5048796534538269,
2029,0.8786764740943909,0.4981922507286072,
2030,0.8807471394538879,0.4903770983219147,
2031,0.8834269642829895,0.48455044627189636,
2032,0.8853021860122681,0.4786267578601837,
2033,0.8877688050270081,0.47147196531295776,
2034,0.8901315927505493,0.46623146533966064,
2035,0.8923969268798828,0.4595058858394623,
2036,0.8939393758773804,0.4563589096069336,
2037,0.8941831588745117,0.45363280177116394,
2038,0.896237850189209,0.44793030619621277,
2039,0.8982142806053162,0.4427017569541931,
2040,0.898948609828949,0.43980008363723755,
2041,0.9002293348312378,0.4353283643722534,
2042,0.9014639854431152,0.4310271739959717,
2043,0.9026548862457275,0.4271661639213562,
2044,0.903804361820221,0.42345675826072693,
2045,0.9038461446762085,0.42308318614959717,
2046,0.9049369692802429,0.4197573661804199,
2047,0.9054751992225647,0.41753020882606506,
2048,0.9065040946006775,0.414622962474823,
2049,0.9079999923706055,0.4098511040210724,
2050,0.7337962985038757,0.9632014632225037,
2051,0.7478448152542114,0.9308153986930847,
2052,0.7600806355476379,0.891211748123169,
2053,0.7727272510528564,0.8533526659011841,
2054,0.7839285731315613,0.8166235685348511,
2055,0.7956081032752991,0.7842228412628174,
2056,0.8060897588729858,0.7531728744506836,
2057,0.8155487775802612,0.7250527143478394,
2058,0.8212209343910217,0.7019612789154053,
2059,0.8277778029441833,0.6796276569366455,
2060,0.832446813583374,0.6622987389564514,
2061,0.8392857313156128,0.6451850533485413,
2062,0.845588207244873,0.6243840456008911,
2063,0.8514150977134705,0.6078805923461914,
2064,0.8511363863945007,0.6052528619766235,
2065,0.8530701994895935,0.5941792130470276,
2066,0.8580508232116699,0.5789888501167297,
2067,0.8627049326896667,0.5666404366493225,
2068,0.8670634627342224,0.5556607842445374,
2069,0.870192289352417,0.54598468542099,
2070,0.8731343150138855,0.5357249975204468,
2071,0.8768116235733032,0.5255024433135986,
2072,0.8802816867828369,0.5149315595626831,
2073,0.8827054500579834,0.5094308853149414,
2074,0.8841666579246521,0.5024455785751343,
2075,0.885551929473877,0.49638545513153076,
2076,0.8884493708610535,0.48924288153648376,
2077,0.8888888955116272,0.48809418082237244,
2078,0.8900602459907532,0.4834683835506439,
2079,0.8904411792755127,0.47879350185394287,
2080,0.8908045887947083,0.4758741557598114,
2081,0.8911516666412354,0.4732942581176758,
2082,0.8921703100204468,0.47017011046409607,
2083,0.8938171863555908,0.4680718183517456,
2084,0.8934210538864136,0.46597927808761597,
2085,0.8956185579299927,0.4603143334388733,
2086,0.8970959782600403,0.45618146657943726,
2087,0.8966584205627441,0.455278217792511,
2088,0.8980582356452942,0.45187297463417053,
2089,0.899404764175415,0.44828999042510986,
2090,0.9007009267807007,0.4434543251991272,
2091,0.9019495248794556,0.4382078945636749,
2092,0.9037162065505981,0.43430277705192566,
2093,0.9048672318458557,0.430046409368515,
2094,0.906521737575531,0.4260610044002533,
2095,0.9081196784973145,0.42085379362106323,
2096,0.9086134433746338,0.41815412044525146,
2097,0.9085744023323059,0.41778212785720825,
2098,0.9100610017776489,0.4133301079273224,
2099,0.9110000133514404,0.4106956124305725,
2100,0.6550925970077515,1.259635329246521,
2101,0.6788793206214905,1.18435537815094,
2102,0.6955645084381104,1.1254181861877441,
2103,0.7140151262283325,1.0649807453155518,
2104,0.7285714149475098,1.0168765783309937,
2105,0.7432432174682617,0.9710271954536438,
2106,0.754807710647583,0.9317549467086792,
2107,0.7652438879013062,0.8983144760131836,
2108,0.7732558250427246,0.8671549558639526,
2109,0.7805555462837219,0.8433266282081604,
2110,0.7885638475418091,0.8232996463775635,
2111,0.795918345451355,0.7999282479286194,
2112,0.8014705777168274,0.7780916094779968,
2113,0.8077830076217651,0.7536650896072388,
2114,0.8136363625526428,0.7334539294242859,
2115,0.8190789222717285,0.7133789658546448,
2116,0.8241525292396545,0.6967511773109436,
2117,0.8288934230804443,0.6786523461341858,
2118,0.8333333134651184,0.6659325957298279,
2119,0.8374999761581421,0.6513386964797974,
2120,0.8404850959777832,0.6393136978149414,
2121,0.845108687877655,0.6253595352172852,
2122,0.8494718074798584,0.6115022301673889,
2123,0.8527397513389587,0.6013564467430115,
2124,0.8566666841506958,0.5903849005699158,
2125,0.8603895902633667,0.5790217518806458,
2126,0.8623417615890503,0.5696180462837219,
2127,0.8657407164573669,0.5596701502799988,
2128,0.8689758777618408,0.5490894317626953,
2129,0.8720588088035583,0.5392102003097534,
2130,0.875,0.5301306247711182,
2131,0.8771067261695862,0.5230714678764343,
2132,0.879807710647583,0.5166780948638916,
2133,0.8817204236984253,0.5106809735298157,
2134,0.88289475440979,0.5067406892776489,
2135,0.8846649527549744,0.5002018809318542,
2136,0.8838383555412292,0.4985666871070862,
2137,0.885519802570343,0.49156004190444946,
2138,0.8877426981925964,0.4852060079574585,
2139,0.8892857432365417,0.48050040006637573,
2140,0.8901869058609009,0.4767715334892273,
2141,0.892201840877533,0.4709131419658661,
2142,0.8935810923576355,0.4651576578617096,
2143,0.894911527633667,0.4630824327468872,
2144,0.895652174949646,0.4615839123725891,
2145,0.8963675498962402,0.45792466402053833,
2146,0.8965336084365845,0.4553505480289459,
2147,0.8977272510528564,0.45098939538002014,
2148,0.8978658318519592,0.45132625102996826,
2149,0.8980000019073486,0.44897162914276123,
2150,0.6990740895271301,1.0258183479309082,
2151,0.7198275923728943,0.96772700548172,
2152,0.7338709831237793,0.9237362146377563,
2153,0.75,0.8822526931762695,
2154,0.7642857432365417,0.8437263369560242,
2155,0.7736486196517944,0.8076804280281067,
2156,0.7820512652397156,0.7828168272972107,
2157,0.7911585569381714,0.7554240822792053,
2158,0.7994186282157898,0.729991614818573,
2159,0.8069444298744202,0.7058445811271667,
2160,0.8125,0.6916590929031372,
2161,0.8201530575752258,0.668937087059021,
2162,0.8272058963775635,0.6494554877281189,
2163,0.8337264060974121,0.6302086710929871,
2164,0.8386363387107849,0.6207122802734375,
2165,0.8410087823867798,0.6089789271354675,
2166,0.8442796468734741,0.5962396264076233,
2167,0.8473360538482666,0.589400053024292,
2168,0.851190447807312,0.5786750912666321,
2169,0.8557692170143127,0.5653911232948303,
2170,0.8600746393203735,0.5520381331443787,
2171,0.864130437374115,0.5430745482444763,
2172,0.8653169274330139,0.5352840423583984,
2173,0.8681507110595703,0.5266416072845459,
2174,0.8700000047683716,0.5170735120773315,
2175,0.8725649118423462,0.5082563161849976,
2176,0.875,0.4992336928844452,
2177,0.8757715821266174,0.49525222182273865,
2178,0.8787650465965271,0.4891117513179779,
2179,0.8816176652908325,0.482937216758728,
2180,0.8843390941619873,0.4769415259361267,
2181,0.8862359523773193,0.47012925148010254,
2182,0.8880494236946106,0.46444591879844666,
2183,0.8891128897666931,0.4601428210735321,
2184,0.8907894492149353,0.4542700946331024,
2185,0.8923969268798828,0.44956955313682556,
2186,0.8939393758773804,0.44375598430633545,
2187,0.8948019742965698,0.4420382082462311,
2188,0.8968446850776672,0.4355134665966034,
2189,0.898809552192688,0.4297662377357483,
2190,0.9001168012619019,0.4249935746192932,
2191,0.9019495248794556,0.4221336245536804,
2192,0.9031531810760498,0.41759422421455383,
2193,0.9043141603469849,0.41307273507118225,
2194,0.905978262424469,0.4092223346233368,
2195,0.9075854420661926,0.40523701906204224,
2196,0.9086134433746338,0.40150487422943115,
2197,0.9096074104309082,0.39915746450424194,
2198,0.9105691313743591,0.39665213227272034,
2199,0.9114999771118164,0.39440253376960754,
2200,0.7060185074806213,0.9904440641403198,
2201,0.7241379022598267,0.9333859086036682,
2202,0.7419354915618896,0.8852923512458801,
2203,0.7556818127632141,0.8438789248466492,
2204,0.7660714387893677,0.8098858594894409,
2205,0.7770270109176636,0.7775184512138367,
2206,0.7852563858032227,0.7530195116996765,
2207,0.7957317233085632,0.7269591093063354,
2208,0.805232584476471,0.7031147480010986,
2209,0.8125,0.6807607412338257,
2210,0.8204787373542786,0.6574203968048096,
2211,0.8265306353569031,0.6406476497650146,
2212,0.8308823704719543,0.6253567934036255,
2213,0.8372641801834106,0.6080806851387024,
2214,0.8386363387107849,0.6033880710601807,
2215,0.843201756477356,0.5904233455657959,
2216,0.8453390002250671,0.580437958240509,
2217,0.8504098653793335,0.5666322112083435,
2218,0.8541666865348816,0.5566256046295166,
2219,0.8586538434028625,0.5453212857246399,
2220,0.861940324306488,0.5362091064453125,
2221,0.8650362491607666,0.5281424522399902,
2222,0.8670774698257446,0.5213832855224609,
2223,0.8707191944122314,0.5118600130081177,
2224,0.8733333349227905,0.5028459429740906,
2225,0.875,0.49735501408576965,
2226,0.878164529800415,0.4875938296318054,
2227,0.8811728358268738,0.4787161648273468,
2228,0.884036123752594,0.4703833758831024,
2229,0.8867647051811218,0.4637031555175781,
2230,0.8886494040489197,0.4564024806022644,
2231,0.8911516666412354,0.44987842440605164,
2232,0.8928571343421936,0.4437321126461029,
2233,0.8951612710952759,0.4381277561187744,
2234,0.8973684310913086,0.4331357479095459,
2235,0.8981958627700806,0.4286971092224121,
2236,0.8989899158477783,0.42580702900886536,
2237,0.9003713130950928,0.421312540769577,
2238,0.9010922312736511,0.41896530985832214,
2239,0.9023809432983398,0.4151385724544525,
2240,0.9030373692512512,0.4125591218471527,
2241,0.9042431116104126,0.40889641642570496,
2242,0.9048423171043396,0.40600430965423584,
2243,0.9059734344482422,0.40178772807121277,
2244,0.907608687877655,0.3979850709438324,
2245,0.9091880321502686,0.39397868514060974,
2246,0.9101890921592712,0.3892706632614136,
2247,0.9111570119857788,0.3870771825313568,
2248,0.9126016497612,0.38442566990852356,
2249,0.9139999747276306,0.3805124759674072,
2250,0.7199074029922485,0.9788571000099182,
2251,0.7392241358757019,0.9229310154914856,
2252,0.7560483813285828,0.8696006536483765,
2253,0.7708333134651184,0.8274704813957214,
2254,0.7821428775787354,0.7965461015701294,
2255,0.7939189076423645,0.765435516834259,
2256,0.8044871687889099,0.741079568862915,
2257,0.8140243887901306,0.7119872570037842,
2258,0.8212209343910217,0.6877402067184448,
2259,0.8291666507720947,0.6630308628082275,
2260,0.835106372833252,0.643550455570221,
2261,0.8418367505073547,0.6251170039176941,
2262,0.8468137383460999,0.6095219254493713,
2263,0.8502358198165894,0.5941380858421326,
2264,0.855681836605072,0.5790569186210632,
2265,0.8607456088066101,0.5652123093605042,
2266,0.8654661178588867,0.5508170127868652,
2267,0.8698770403862,0.535896897315979,
2268,0.8730158805847168,0.5256158709526062,
2269,0.8759615421295166,0.5164154171943665,
2270,0.878731369972229,0.5066410303115845,
2271,0.8822463750839233,0.49581798911094666,
2272,0.8829225301742554,0.4883147180080414,
2273,0.886130154132843,0.47831329703330994,
2274,0.8883333206176758,0.4723972678184509,
2275,0.8896104097366333,0.4639762341976166,
2276,0.892405092716217,0.4572753310203552,
2277,0.895061731338501,0.4491001069545746,
2278,0.8975903391838074,0.44097796082496643,
2279,0.8985294103622437,0.4359089136123657,
2280,0.9008620977401733,0.42897170782089233,
2281,0.9023876190185547,0.42497849464416504,
2282,0.9038461446762085,0.42059326171875,
2283,0.9052419066429138,0.41607460379600525,
2284,0.9065789580345154,0.41025471687316895,
2285,0.907216489315033,0.40756362676620483,
2286,0.9090909361839294,0.402785986661911,
2287,0.9108911156654358,0.39786046743392944,
2288,0.9114077687263489,0.39648425579071045,
2289,0.9101190567016602,0.3967727720737457,
2290,0.9117990732192993,0.3933809697628021,
2291,0.9128440618515015,0.390230655670166,
2292,0.9138513803482056,0.3862576186656952,
2293,0.9153761267662048,0.3826165795326233,
2294,0.916304349899292,0.3785121440887451,
2295,0.9177350401878357,0.37625133991241455,
2296,0.9191176295280457,0.37287285923957825,
2297,0.9204545617103577,0.3698161840438843,
2298,0.9207317233085632,0.36828285455703735,
2299,0.921999990940094,0.36492419242858887,
2300,0.7476851940155029,0.9536808729171753,
2301,0.7650862336158752,0.9020977020263672,
2302,0.7802419066429138,0.8504839539527893,
2303,0.7935606241226196,0.8078058362007141,
2304,0.8035714030265808,0.771944522857666,
2305,0.8141891956329346,0.7375357151031494,
2306,0.8205128312110901,0.7136611938476562,
2307,0.8292682766914368,0.689835250377655,
2308,0.8357558250427246,0.6719356775283813,
2309,0.8416666388511658,0.6481945514678955,
2310,0.8470744490623474,0.6314921975135803,
2311,0.8533163070678711,0.612577497959137,
2312,0.8578431606292725,0.5946798324584961,
2313,0.8632075190544128,0.5777881145477295,
2314,0.8659090995788574,0.5656263828277588,
2315,0.8706140518188477,0.549976110458374,
2316,0.8739407062530518,0.5384810566902161,
2317,0.8780737519264221,0.5261214971542358,
2318,0.8809523582458496,0.5155953168869019,
2319,0.8846153616905212,0.5064325928688049,
2320,0.888059675693512,0.4953101575374603,
2321,0.8913043737411499,0.4854854643344879,
2322,0.8943662047386169,0.47444602847099304,
2323,0.8972602486610413,0.46592044830322266,
2324,0.8983333110809326,0.45890894532203674,
2325,0.9009740352630615,0.44897761940956116,
2326,0.9026898741722107,0.4448179304599762,
2327,0.9035493731498718,0.44011738896369934,
2328,0.9058734774589539,0.43273434042930603,
2329,0.9066176414489746,0.4286176264286041,
2330,0.9073275923728943,0.4248201549053192,
2331,0.9080055952072144,0.4215129017829895,
2332,0.9100274443626404,0.41714799404144287,
2333,0.9106183052062988,0.4122328758239746,
2334,0.9105263352394104,0.41028764843940735,
2335,0.9117268323898315,0.4047183394432068,
2336,0.9135100841522217,0.3995306193828583,
2337,0.9152227640151978,0.3935554027557373,
2338,0.916262149810791,0.38848623633384705,
2339,0.9172618985176086,0.38459512591362,
2340,0.917640209197998,0.38392314314842224,
2341,0.9191513657569885,0.3793390989303589,
2342,0.920045018196106,0.3764773905277252,
2343,0.9203540086746216,0.3742082118988037,
2344,0.9217391014099121,0.3713781237602234,
2345,0.9230769276618958,0.3673095405101776,
2346,0.9233193397521973,0.3650945723056793,
2347,0.9240702390670776,0.3616888225078583,
2348,0.9242886304855347,0.3610643744468689,
2349,0.9254999756813049,0.35689035058021545,
2350,0.7361111044883728,0.9435980319976807,
2351,0.7543103694915771,0.8916653394699097,
2352,0.7701612710952759,0.8447380065917969,
2353,0.7803030014038086,0.8173330426216125,
2354,0.7910714149475098,0.7817022204399109,
2355,0.8006756901741028,0.7570985555648804,
2356,0.8060897588729858,0.7308857440948486,
2357,0.8155487775802612,0.7021048069000244,
2358,0.8241279125213623,0.6757051944732666,
2359,0.8305555582046509,0.6580842733383179,
2360,0.8377659320831299,0.6382874250411987,
2361,0.8431122303009033,0.6160491108894348,
2362,0.8480392098426819,0.6007787585258484,
2363,0.8525943160057068,0.5842938423156738,
2364,0.8568181991577148,0.5680122971534729,
2365,0.8607456088066101,0.5540086627006531,
2366,0.8654661178588867,0.5409827828407288,
2367,0.8698770403862,0.5275660753250122,
2368,0.8720238208770752,0.517570972442627,
2369,0.8759615421295166,0.5066230297088623,
2370,0.8777984976768494,0.49660584330558777,
2371,0.8795289993286133,0.48815321922302246,
2372,0.8811619877815247,0.48025962710380554,
2373,0.8835616707801819,0.4732586443424225,
2374,0.8858333230018616,0.465175062417984,
2375,0.888798713684082,0.4571249186992645,
2376,0.890031635761261,0.45338213443756104,
2377,0.8927469253540039,0.44467663764953613,
2378,0.8953313231468201,0.4365072250366211,
2379,0.8970588445663452,0.43140271306037903,
2380,0.8994252681732178,0.4228263795375824,
2381,0.9016854166984558,0.4165631830692291,
2382,0.9031593203544617,0.4128892421722412,
2383,0.9052419066429138,0.4061639904975891,
2384,0.9072368144989014,0.40019690990448,
2385,0.9085051417350769,0.3952423632144928,
2386,0.9103535413742065,0.39073994755744934,
2387,0.9102723002433777,0.39268815517425537,
2388,0.9114077687263489,0.3888939321041107,
2389,0.9119047522544861,0.3853466510772705,
2390,0.9129672646522522,0.38266322016716003,
2391,0.9145641922950745,0.37836718559265137,
2392,0.9144144058227539,0.3762058615684509,
2393,0.9159291982650757,0.372085303068161,
2394,0.917391300201416,0.36792421340942383,
2395,0.9182692170143127,0.36530014872550964,
2396,0.9185924530029297,0.36207062005996704,
2397,0.9199380278587341,0.35822805762290955,
2398,0.9207317233085632,0.355463445186615,
2399,0.921999990940094,0.35250619053840637,
2400,0.7546296119689941,0.8887202143669128,
2401,0.7693965435028076,0.8410990238189697,
2402,0.7842742204666138,0.7967736721038818,
2403,0.7954545617103577,0.7634706497192383,
2404,0.8053571581840515,0.7313255667686462,
2405,0.8141891956329346,0.7034844756126404,
2406,0.8237179517745972,0.6730702519416809,
2407,0.8277438879013062,0.6539599895477295,
2408,0.8357558250427246,0.6308099031448364,
2409,0.8430555462837219,0.6101224422454834,
2410,0.8497340679168701,0.5896865129470825,
2411,0.855867326259613,0.5739138722419739,
2412,0.8615196347236633,0.5591808557510376,
2413,0.8667452931404114,0.5410381555557251,
2414,0.8715909123420715,0.527421236038208,
2415,0.8760964870452881,0.512991726398468,
2416,0.8792372941970825,0.5021040439605713,
2417,0.8831967115402222,0.49097129702568054,
2418,0.886904776096344,0.480193167924881,
2419,0.8894230723381042,0.47102364897727966,
2420,0.8927238583564758,0.46314239501953125,
2421,0.8949275612831116,0.4538215398788452,
2422,0.8978873491287231,0.44675737619400024,
2423,0.9006849527359009,0.4399009048938751,
2424,0.9024999737739563,0.43178674578666687,
2425,0.9050324559211731,0.42360132932662964,
2426,0.9058544039726257,0.42168354988098145,
2427,0.9074074029922485,0.4156726896762848,
2428,0.9096385836601257,0.4090200364589691,
2429,0.9102941155433655,0.40750426054000854,
2430,0.9116379022598267,0.4028548002243042,
2431,0.9129213690757751,0.3983088433742523,
2432,0.9148351550102234,0.391949325799942,
2433,0.9166666865348816,0.38623329997062683,
2434,0.9184210300445557,0.38144853711128235,
2435,0.9188144207000732,0.3789539039134979,
2436,0.9198232293128967,0.3762359917163849,
2437,0.9207921028137207,0.3721161186695099,
2438,0.9211165308952332,0.37055331468582153,
2439,0.9226190447807312,0.36582785844802856,
2440,0.923481285572052,0.3612872064113617,
2441,0.9243119359016418,0.35791510343551636,
2442,0.9256756901741028,0.35394421219825745,
2443,0.9269911646842957,0.35115498304367065,
2444,0.927717387676239,0.34969207644462585,
2445,0.9284188151359558,0.3470650315284729,
2446,0.9285714030265808,0.344340443611145,
2447,0.9297520518302917,0.34071633219718933,
2448,0.9293699264526367,0.3410806357860565,
2449,0.9300000071525574,0.3387890160083771,
2450,0.7199074029922485,1.0149706602096558,
2451,0.7349137663841248,0.9606531262397766,
2452,0.7520161271095276,0.9073703289031982,
2453,0.7651515007019043,0.8636693954467773,
2454,0.7749999761581421,0.8231202960014343,
2455,0.7854729890823364,0.7874881625175476,
2456,0.7964743375778198,0.7570604681968689,
2457,0.8064024448394775,0.7276081442832947,
2458,0.8139534592628479,0.6993668079376221,
2459,0.8222222328186035,0.6752217411994934,
2460,0.8284574747085571,0.6518393754959106,
2461,0.8341836929321289,0.6318850517272949,
2462,0.8406862616539001,0.6105587482452393,
2463,0.8443396091461182,0.5966179966926575,
2464,0.8477272987365723,0.583749532699585,
2465,0.8508771657943726,0.5715195536613464,
2466,0.8559321761131287,0.555443525314331,
2467,0.8606557250022888,0.5420604348182678,
2468,0.8650793433189392,0.529703676700592,
2469,0.8692307472229004,0.5159912109375,
2470,0.8731343150138855,0.5056958198547363,
2471,0.8759058117866516,0.4982929527759552,
2472,0.8794013857841492,0.48802560567855835,
2473,0.8818492889404297,0.47897323966026306,
2474,0.8849999904632568,0.4691128134727478,
2475,0.8863636255264282,0.4612082540988922,
2476,0.8892405033111572,0.45246949791908264,
2477,0.8904321193695068,0.4468029737472534,
2478,0.8930723071098328,0.4400261640548706,
2479,0.8941176533699036,0.4343024790287018,
2480,0.8965517282485962,0.4288952350616455,
2481,0.898876428604126,0.42502251267433167,
2482,0.8997252583503723,0.42304396629333496,
2483,0.9018816947937012,0.4169251322746277,
2484,0.9032894968986511,0.4114437401294708,
2485,0.9046391844749451,0.4060814082622528,
2486,0.9065656661987305,0.40101632475852966,
2487,0.9084158539772034,0.39598348736763,
2488,0.9089806079864502,0.39256593585014343,
2489,0.9101190567016602,0.3889434039592743,
2490,0.9112149477005005,0.38507118821144104,
2491,0.9122706651687622,0.38218632340431213,
2492,0.9132882952690125,0.37945982813835144,
2493,0.9148229956626892,0.37497416138648987,
2494,0.916304349899292,0.3701931834220886,
2495,0.9177350401878357,0.3661952614784241,
2496,0.9191176295280457,0.362681120634079,
2497,0.9199380278587341,0.35945382714271545,
2498,0.920223593711853,0.3585485517978668,
2499,0.9210000038146973,0.3553891181945801,
2500,0.7523148059844971,0.8646036982536316,
2501,0.767241358757019,0.8178297281265259,
2502,0.7802419066429138,0.7739566564559937,
2503,0.7935606241226196,0.7363916635513306,
2504,0.8053571581840515,0.7068067789077759,
2505,0.8158783912658691,0.6757360100746155,
2506,0.8221153616905212,0.6500718593597412,
2507,0.8277438879013062,0.6293507814407349,
2508,0.8357558250427246,0.6055091023445129,
2509,0.8430555462837219,0.5846593379974365,
2510,0.8484042286872864,0.56798255443573,
2511,0.8545918464660645,0.549992561340332,
2512,0.8602941036224365,0.5322902798652649,
2513,0.8655660152435303,0.5165688395500183,
2514,0.8681818246841431,0.5029547810554504,
2515,0.8728070259094238,0.4922124147415161,
2516,0.8760592937469482,0.48395460844039917,
2517,0.8801229596138,0.4712258577346802,
2518,0.8839285969734192,0.46085771918296814,
2519,0.887499988079071,0.44875043630599976,
2520,0.8908582329750061,0.44024085998535156,
2521,0.8931159377098083,0.43277761340141296,
2522,0.8961267471313477,0.4242706000804901,
2523,0.898116409778595,0.41662684082984924,
2524,0.9008333086967468,0.40851759910583496,
2525,0.9034090638160706,0.40237313508987427,
2526,0.905063271522522,0.39713528752326965,
2527,0.9066358208656311,0.391323447227478,
2528,0.9088855385780334,0.38439154624938965,
2529,0.9102941155433655,0.3799123764038086,
2530,0.9123563170433044,0.37332117557525635,
2531,0.9143258333206177,0.3690887987613678,
2532,0.916208803653717,0.36356109380722046,
2533,0.9173387289047241,0.3605571985244751,
2534,0.9184210300445557,0.3554844558238983,
2535,0.9201030731201172,0.35017237067222595,
2536,0.9210858345031738,0.34592217206954956,
2537,0.9226484894752502,0.3412586748600006,
2538,0.9235436916351318,0.33786770701408386,
2539,0.925000011920929,0.3342193365097046,
2540,0.9258177280426025,0.3328191339969635,
2541,0.9271789193153381,0.3288744390010834,
2542,0.9273648858070374,0.32660648226737976,
2543,0.928650438785553,0.32288581132888794,
2544,0.929347813129425,0.32128724455833435,
2545,0.9305555820465088,0.3179360628128052,
2546,0.9317227005958557,0.31413429975509644,
2547,0.932851254940033,0.3103877007961273,
2548,0.9334349632263184,0.30864036083221436,
2549,0.9340000152587891,0.30628979206085205,
2550,0.7569444179534912,0.875434398651123,
2551,0.7737069129943848,0.8259209990501404,
2552,0.7842742204666138,0.7870650291442871,
2553,0.7973484992980957,0.7498269081115723,
2554,0.8071428537368774,0.72016841173172,
2555,0.8158783912658691,0.6910883188247681,
2556,0.8253205418586731,0.665407121181488,
2557,0.832317054271698,0.6423415541648865,
2558,0.8401162624359131,0.6163078546524048,
2559,0.8472222089767456,0.5965346097946167,
2560,0.853723406791687,0.5762366652488708,
2561,0.8596938848495483,0.5555481910705566,
2562,0.8639705777168274,0.5441771745681763,
2563,0.8691037893295288,0.529610276222229,
2564,0.8738636374473572,0.5157946944236755,
2565,0.8771929740905762,0.5057891607284546,
2566,0.8813559412956238,0.4919441044330597,
2567,0.8852459192276001,0.4801900386810303,
2568,0.8888888955116272,0.4694405496120453,
2569,0.892307698726654,0.4586840569972992,
2570,0.89552241563797,0.4485776722431183,
2571,0.8985507488250732,0.4393356442451477,
2572,0.9014084339141846,0.42997774481773376,
2573,0.903253436088562,0.4224753975868225,
2574,0.9049999713897705,0.41535472869873047,
2575,0.9074675440788269,0.4100044369697571,
2576,0.9090189933776855,0.40663278102874756,
2577,0.9112654328346252,0.39941129088401794,
2578,0.9134036302566528,0.3918663263320923,
2579,0.9147058725357056,0.3865737318992615,
2580,0.9166666865348816,0.38209131360054016,
2581,0.9178370833396912,0.3799211382865906,
2582,0.9182692170143127,0.37735024094581604,
2583,0.9200268983840942,0.3726028800010681,
2584,0.9217105507850647,0.36747339367866516,
2585,0.9226804375648499,0.36376434564590454,
2586,0.9236111044883728,0.3595229983329773,
2587,0.9251237511634827,0.35450226068496704,
2588,0.9265776872634888,0.3500523269176483,
2589,0.9267857074737549,0.3477068245410919,
2590,0.927570104598999,0.3453400433063507,
2591,0.9283257126808167,0.3424290418624878,
2592,0.9296171069145203,0.3385787010192871,
2593,0.9308628439903259,0.33472803235054016,
2594,0.9315217137336731,0.33285805583000183,
2595,0.9316239356994629,0.3332599103450775,
2596,0.9322478771209717,0.3310151994228363,
2597,0.9333677887916565,0.3278230130672455,
2598,0.9344512224197388,0.3242138624191284,
2599,0.9355000257492065,0.3206421136856079,
2600,0.7708333134651184,0.8407164812088013,
2601,0.7866379022598267,0.7923121452331543,
2602,0.8004032373428345,0.7474258542060852,
2603,0.8125,0.7103936076164246,
2604,0.8232142925262451,0.6801548004150391,
2605,0.8327702879905701,0.652186930179596,
2606,0.8397436141967773,0.626377284526825,
2607,0.8460366129875183,0.6024793982505798,
2608,0.8531976938247681,0.5829095244407654,
2609,0.8597221970558167,0.5626164078712463,
2610,0.8643617033958435,0.5479055643081665,
2611,0.8698979616165161,0.5322090983390808,
2612,0.875,0.5166162848472595,
2613,0.8773584961891174,0.5050441026687622,
2614,0.8818181753158569,0.4929860830307007,
2615,0.8837719559669495,0.4845055639743805,
2616,0.8877118825912476,0.4724661707878113,
2617,0.8913934230804443,0.4614267945289612,
2618,0.8948412537574768,0.45131975412368774,
2619,0.8971154093742371,0.44330859184265137,
2620,0.8992537260055542,0.43493974208831787,
2621,0.9021739363670349,0.42658019065856934,
2622,0.904049277305603,0.4206313192844391,
2623,0.9058219194412231,0.41420862078666687,
2624,0.9075000286102295,0.40898454189300537,
2625,0.9074675440788269,0.40680983662605286,
2626,0.9090189933776855,0.40136149525642395,
2627,0.9112654328346252,0.3950972855091095,
2628,0.9134036302566528,0.3885014057159424,
2629,0.9154411554336548,0.38263267278671265,
2630,0.9173850417137146,0.3758980333805084,
2631,0.9185393452644348,0.3719780743122101,
2632,0.9203296899795532,0.36810994148254395,
2633,0.9213709831237793,0.3654366433620453,
2634,0.9230263233184814,0.36084887385368347,
2635,0.9246134161949158,0.35529088973999023,
2636,0.9261363744735718,0.3513931930065155,
2637,0.9275990128517151,0.3470911383628845,
2638,0.9290048480033875,0.3433399498462677,
2639,0.9297618865966797,0.3392638862133026,
2640,0.9304906725883484,0.33705854415893555,
2641,0.9311926364898682,0.33387240767478943,
2642,0.9324324131011963,0.33104050159454346,
2643,0.9330752491950989,0.32758399844169617,
2644,0.9331521987915039,0.3268892467021942,
2645,0.9342948794364929,0.3239104151725769,
2646,0.9348739385604858,0.3226960003376007,
2647,0.9359503984451294,0.32010260224342346,
2648,0.9364837408065796,0.31703808903694153,
2649,0.9365000128746033,0.3153762221336365,
2650,0.7939814925193787,0.8701176047325134,
2651,0.8081896305084229,0.8223673105239868,
2652,0.8205645084381104,0.7782393097877502,
2653,0.8295454382896423,0.741012692451477,
2654,0.8374999761581421,0.7063519954681396,
2655,0.8462837934494019,0.6793028712272644,
2656,0.8541666865348816,0.651901364326477,
2657,0.8597561120986938,0.6298448443412781,
2658,0.8662790656089783,0.6081845760345459,
2659,0.8722222447395325,0.5875170230865479,
2660,0.8776595592498779,0.567622721195221,
2661,0.8826530575752258,0.5497235059738159,
2662,0.8872548937797546,0.5331437587738037,
2663,0.8915094137191772,0.5162892937660217,
2664,0.8954545259475708,0.5014006495475769,
2665,0.8958333134651184,0.49135488271713257,
2666,0.8993644118309021,0.4803016483783722,
2667,0.9016393423080444,0.46800386905670166,
2668,0.9047619104385376,0.45613425970077515,
2669,0.9076923131942749,0.4458507299423218,
2670,0.9104477763175964,0.4371122419834137,
2671,0.9130434989929199,0.43005937337875366,
2672,0.9154929518699646,0.4217541515827179,
2673,0.9169520735740662,0.41587451100349426,
2674,0.9191666841506958,0.40897583961486816,
2675,0.9204545617103577,0.4029681086540222,
2676,0.922468364238739,0.3957957923412323,
2677,0.9236111044883728,0.39000648260116577,
2678,0.9246987700462341,0.3837225139141083,
2679,0.9264705777168274,0.3766620457172394,
2680,0.9281609058380127,0.3701472282409668,
2681,0.9297752976417542,0.36575406789779663,
2682,0.9306318759918213,0.3604241609573364,
2683,0.9321236610412598,0.35486671328544617,
2684,0.933552622795105,0.3494039475917816,
2685,0.9336340427398682,0.34790608286857605,
2686,0.934974730014801,0.3425541818141937,
2687,0.9362623691558838,0.3383707106113434,
2688,0.9375,0.3344024121761322,
2689,0.9386904835700989,0.33034631609916687,
2690,0.9398364424705505,0.3273467421531677,
2691,0.9409403800964355,0.3232499659061432,
2692,0.9420045018196106,0.3191530108451843,
2693,0.9430309534072876,0.3159557580947876,
2694,0.9440217614173889,0.31293848156929016,
2695,0.9444444179534912,0.31166625022888184,
2696,0.9448529481887817,0.30967777967453003,
2697,0.9457644820213318,0.3068440854549408,
2698,0.9466463327407837,0.3037228286266327,
2699,0.9470000267028809,0.30225303769111633,
2700,0.7754629850387573,0.8147793412208557,
2701,0.7887930870056152,0.7725541591644287,
2702,0.8024193644523621,0.7302389740943909,
2703,0.810606062412262,0.6958856582641602,
2704,0.8214285969734192,0.6623744368553162,
2705,0.8310810923576355,0.6337687969207764,
2706,0.8397436141967773,0.6073209643363953,
2707,0.8475610017776489,0.5819553732872009,
2708,0.854651153087616,0.5627676844596863,
2709,0.8611111044883728,0.5439924001693726,
2710,0.8656914830207825,0.5293185710906982,
2711,0.8711734414100647,0.5115845203399658,
2712,0.875,0.4976798892021179,
2713,0.8797169923782349,0.4825153648853302,
2714,0.8829545378684998,0.4700222313404083,
2715,0.8870614171028137,0.45696794986724854,
2716,0.8908898234367371,0.44722980260849,
2717,0.8944672346115112,0.43553704023361206,
2718,0.8978174328804016,0.4258165657520294,
2719,0.8990384340286255,0.4216759204864502,
2720,0.9020522236824036,0.41201677918434143,
2721,0.904891312122345,0.4034843444824219,
2722,0.9066901206970215,0.39529621601104736,
2723,0.909246563911438,0.38713425397872925,
2724,0.9116666913032532,0.3790249526500702,
2725,0.913149356842041,0.3742072880268097,
2726,0.9145569801330566,0.3691897988319397,
2727,0.9158950448036194,0.3643375337123871,
2728,0.9171686768531799,0.359820157289505,
2729,0.9183823466300964,0.35389965772628784,
2730,0.920258641242981,0.34802863001823425,
2731,0.9213483333587646,0.34422510862350464,
2732,0.9230769276618958,0.34054064750671387,
2733,0.9247311949729919,0.33601731061935425,
2734,0.9263157844543457,0.33192217350006104,
2735,0.9265463948249817,0.33005544543266296,
2736,0.9280303120613098,0.3250200152397156,
2737,0.9288366436958313,0.3219541907310486,
2738,0.9290048480033875,0.3188895881175995,
2739,0.9297618865966797,0.3154844045639038,
2740,0.9310747385025024,0.31230276823043823,
2741,0.9317660331726074,0.31200525164604187,
2742,0.9329954981803894,0.3080641031265259,
2743,0.9336283206939697,0.30601465702056885,
2744,0.9347826242446899,0.30300864577293396,
2745,0.9358974099159241,0.2996843159198761,
2746,0.9369747638702393,0.2968139350414276,
2747,0.9375,0.2950132489204407,
2748,0.9385162591934204,0.2916582226753235,
2749,0.9394999742507935,0.2897984981536865,
2750,0.7546296119689941,0.8570827841758728,
2751,0.7693965435028076,0.8121957182884216,
2752,0.7822580933570862,0.7699326276779175,
2753,0.7954545617103577,0.728652834892273,
2754,0.8071428537368774,0.6944018006324768,
2755,0.8175675868988037,0.6657443046569824,
2756,0.8237179517745972,0.6463544368743896,
2757,0.832317054271698,0.6197373867034912,
2758,0.8401162624359131,0.5959336161613464,
2759,0.8472222089767456,0.5784597396850586,
2760,0.853723406791687,0.5584742426872253,
2761,0.8596938848495483,0.5422492027282715,
2762,0.8651960492134094,0.5253839492797852,
2763,0.8702830076217651,0.5079665184020996,
2764,0.8738636374473572,0.49522098898887634,
2765,0.8771929740905762,0.48545289039611816,
2766,0.8802965879440308,0.4730139672756195,
2767,0.8831967115402222,0.46224141120910645,
2768,0.8859127163887024,0.45370957255363464,
2769,0.8894230723381042,0.4424120783805847,
2770,0.891791045665741,0.4352606534957886,
2771,0.8949275612831116,0.42646524310112,
2772,0.8970070481300354,0.42069002985954285,
2773,0.8998287916183472,0.41185179352760315,
2774,0.9024999737739563,0.4049938917160034,
2775,0.9042207598686218,0.3981850743293762,
2776,0.9066455960273743,0.390267550945282,
2777,0.9089506268501282,0.38447466492652893,
2778,0.9111445546150208,0.37795814871788025,
2779,0.9132353067398071,0.37218326330184937,
2780,0.915229856967926,0.3650914430618286,
2781,0.915730357170105,0.3613605201244354,
2782,0.9175823926925659,0.3556695580482483,
2783,0.9186828136444092,0.350405752658844,
2784,0.9203947186470032,0.3448747396469116,
2785,0.9220361113548279,0.3403415381908417,
2786,0.9229797720909119,0.33836662769317627,
2787,0.9238861203193665,0.33381110429763794,
2788,0.9241504669189453,0.3319302797317505,
2789,0.925595223903656,0.3288378119468689,
2790,0.9269859790802002,0.3253709077835083,
2791,0.9277523159980774,0.323015958070755,
2792,0.9290540814399719,0.32043853402137756,
2793,0.928650438785553,0.32019147276878357,
2794,0.9298912882804871,0.31608930230140686,
2795,0.9310897588729858,0.31246450543403625,
2796,0.9322478771209717,0.31009170413017273,
2797,0.9323347210884094,0.30825525522232056,
2798,0.9334349632263184,0.3054916262626648,
2799,0.934499979019165,0.3021659553050995,
2800,0.7615740895271301,0.8514096736907959,
2801,0.7780172228813171,0.8048186302185059,
2802,0.7923387289047241,0.7606192827224731,
2803,0.8049242496490479,0.7224157452583313,
2804,0.8160714507102966,0.6887918710708618,
2805,0.8260135054588318,0.6594263315200806,
2806,0.8349359035491943,0.628938615322113,
2807,0.8429877758026123,0.6030175089836121,
2808,0.8488371968269348,0.581881046295166,
2809,0.855555534362793,0.5613948106765747,
2810,0.8617021441459656,0.5422059893608093,
2811,0.8673469424247742,0.5258808135986328,
2812,0.8725489974021912,0.5082167387008667,
2813,0.8773584961891174,0.4955369234085083,
2814,0.8818181753158569,0.4816649556159973,
2815,0.8859649300575256,0.46847423911094666,
2816,0.8887711763381958,0.4568588137626648,
2817,0.8924180269241333,0.4483415186405182,
2818,0.8958333134651184,0.43802180886268616,
2819,0.8980769515037537,0.429708331823349,
2820,0.9011194109916687,0.42020127177238464,
2821,0.9039855003356934,0.41089171171188354,
2822,0.9066901206970215,0.4012179970741272,
2823,0.9083904027938843,0.3931746780872345,
2824,0.9100000262260437,0.389218807220459,
2825,0.9123376607894897,0.38543835282325745,
2826,0.9145569801330566,0.3785371780395508,
2827,0.9166666865348816,0.37169334292411804,
2828,0.9179216623306274,0.36677315831184387,
2829,0.9198529124259949,0.3631207048892975,
2830,0.9216954112052917,0.35845834016799927,
2831,0.9227527976036072,0.3544357717037201,
2832,0.9244505763053894,0.35093382000923157,
2833,0.9240591526031494,0.35006922483444214,
2834,0.925000011920929,0.3460511565208435,
2835,0.9259020686149597,0.34187284111976624,
2836,0.9273989796638489,0.3363332152366638,
2837,0.9282178282737732,0.3334895670413971,
2838,0.9296116232872009,0.3298114240169525,
2839,0.9309523701667786,0.32626432180404663,
2840,0.9322429895401001,0.32298266887664795,
2841,0.9329128265380859,0.32066041231155396,
2842,0.9341216087341309,0.3173186779022217,
2843,0.935287594795227,0.3139469623565674,
2844,0.936413049697876,0.31090572476387024,
2845,0.9375,0.3088719844818115,
2846,0.9385504126548767,0.30602049827575684,
2847,0.9395661354064941,0.3041870892047882,
2848,0.9405487775802612,0.3016076982021332,
2849,0.9415000081062317,0.2979821264743805,
2850,0.7824074029922485,0.8291720747947693,
2851,0.795258641242981,0.7811502814292908,
2852,0.8084677457809448,0.7401028871536255,
2853,0.8200757503509521,0.7042086124420166,
2854,0.8303571343421936,0.6713387370109558,
2855,0.837837815284729,0.642817497253418,
2856,0.8429487347602844,0.621407687664032,
2857,0.8475610017776489,0.6025334596633911,
2858,0.8531976938247681,0.5837453603744507,
2859,0.8597221970558167,0.5635102391242981,
2860,0.8643617033958435,0.5450798869132996,
2861,0.8698979616165161,0.5276545286178589,
2862,0.8700980544090271,0.520440936088562,
2863,0.875,0.5052080154418945,
2864,0.8795454502105713,0.48956555128097534,
2865,0.8837719559669495,0.4791572690010071,
2866,0.8855932354927063,0.4740621745586395,
2867,0.8893442749977112,0.4615947902202606,
2868,0.8928571343421936,0.45027047395706177,
2869,0.8961538672447205,0.44146567583084106,
2870,0.8992537260055542,0.4325657784938812,
2871,0.9021739363670349,0.4231463074684143,
2872,0.904049277305603,0.4155169129371643,
2873,0.9066780805587769,0.40813881158828735,
2874,0.909166693687439,0.40040749311447144,
2875,0.9099025726318359,0.39673471450805664,
2876,0.9113923907279968,0.390611857175827,
2877,0.9120370149612427,0.38390204310417175,
2878,0.9141566157341003,0.37801069021224976,
2879,0.9161764979362488,0.37170177698135376,
2880,0.9181034564971924,0.36629483103752136,
2881,0.9199438095092773,0.3602929711341858,
2882,0.9217032790184021,0.35574430227279663,
2883,0.9227150678634644,0.35164716839790344,
2884,0.9243420958518982,0.3465918004512787,
2885,0.9252577424049377,0.34185555577278137,
2886,0.9267676472663879,0.33678138256073,
2887,0.9282178282737732,0.33139142394065857,
2888,0.9296116232872009,0.32704052329063416,
2889,0.9309523701667786,0.32291412353515625,
2890,0.9310747385025024,0.32027468085289,
2891,0.9323394298553467,0.31818023324012756,
2892,0.9335585832595825,0.31434422731399536,
2893,0.9347345232963562,0.31069281697273254,
2894,0.935869574546814,0.30697956681251526,
2895,0.936965823173523,0.3040839433670044,
2896,0.9380252361297607,0.3003065288066864,
2897,0.9380165338516235,0.29930585622787476,
2898,0.9390243887901306,0.29626697301864624,
2899,0.9399999976158142,0.2931727170944214,
2900,0.7916666865348816,0.8132167458534241,
2901,0.806034505367279,0.7650395631790161,
2902,0.8185483813285828,0.7231466770172119,
2903,0.8295454382896423,0.6826379299163818,
2904,0.8374999761581421,0.6556652784347534,
2905,0.8445945978164673,0.6289665699005127,
2906,0.8509615659713745,0.6047941446304321,
2907,0.8582317233085632,0.5836796760559082,
2908,0.8648256063461304,0.5617767572402954,
2909,0.8694444298744202,0.5438897609710693,
2910,0.875,0.5262640118598938,
2911,0.8801020383834839,0.5087946057319641,
2912,0.8848039507865906,0.4924558997154236,
2913,0.8891509175300598,0.4773201048374176,
2914,0.8931818008422852,0.4651592969894409,
2915,0.8969298005104065,0.4531494081020355,
2916,0.9004237055778503,0.4420515298843384,
2917,0.9036885499954224,0.43354466557502747,
2918,0.9067460298538208,0.4225233495235443,
2919,0.9096153974533081,0.4160401225090027,
2920,0.9123134613037109,0.40644028782844543,
2921,0.9148550629615784,0.39741164445877075,
2922,0.9172534942626953,0.38859015703201294,
2923,0.9195205569267273,0.383678138256073,
2924,0.92166668176651,0.37538060545921326,
2925,0.923701286315918,0.36919501423835754,
2926,0.925632894039154,0.3624296486377716,
2927,0.9266975522041321,0.35785752534866333,
2928,0.928463876247406,0.3522884249687195,
2929,0.9301470518112183,0.3477191627025604,
2930,0.9317528605461121,0.34247374534606934,
2931,0.9332864880561829,0.3373802900314331,
2932,0.9347527623176575,0.33290088176727295,
2933,0.9361559152603149,0.32902583479881287,
2934,0.9375,0.32495227456092834,
2935,0.938788652420044,0.3199402987957001,
2936,0.939393937587738,0.31778034567832947,
2937,0.9399752616882324,0.31414955854415894,
2938,0.9411407709121704,0.30967065691947937,
2939,0.9422619342803955,0.3056923747062683,
2940,0.9427570104598999,0.30197811126708984,
2941,0.9438073635101318,0.2996624708175659,
2942,0.9448198080062866,0.2964435815811157,
2943,0.9457964897155762,0.2934849262237549,
2944,0.946739137172699,0.29054194688796997,
2945,0.9471153616905212,0.28939390182495117,
2946,0.9474790096282959,0.28965574502944946,
2947,0.9483470916748047,0.2871265113353729,
2948,0.9486788511276245,0.2841125428676605,
2949,0.9490000009536743,0.28180956840515137,
2950,0.7777777910232544,0.8610069155693054,
2951,0.7931034564971924,0.8064348101615906,
2952,0.8064516186714172,0.7605037093162537,
2953,0.8181818127632141,0.7242828607559204,
2954,0.8267857432365417,0.6891322731971741,
2955,0.8361486196517944,0.6578778624534607,
2956,0.8445512652397156,0.6309504508972168,
2957,0.8521341681480408,0.603651225566864,
2958,0.8590116500854492,0.5794481039047241,
2959,0.8652777671813965,0.5588091015815735,
2960,0.8710106611251831,0.5437228083610535,
2961,0.875,0.5291121602058411,
2962,0.8799019455909729,0.5115538835525513,
2963,0.8844339847564697,0.49558398127555847,
2964,0.887499988079071,0.48457467555999756,
2965,0.890350878238678,0.4736938774585724,
2966,0.8940678238868713,0.4633137583732605,
2967,0.8975409865379333,0.45298704504966736,
2968,0.9007936716079712,0.4430330693721771,
2969,0.9038461446762085,0.433158278465271,
2970,0.9067164063453674,0.42380180954933167,
2971,0.907608687877655,0.41923487186431885,
2972,0.9102112650871277,0.41416269540786743,
2973,0.9118150472640991,0.4066421687602997,
2974,0.9141666889190674,0.40022996068000793,
2975,0.9163960814476013,0.39381372928619385,
2976,0.9185126423835754,0.3875657916069031,
2977,0.9182098507881165,0.383983850479126,
2978,0.9186747074127197,0.37838420271873474,
2979,0.9205882549285889,0.37246936559677124,
2980,0.9224137663841248,0.365689754486084,
2981,0.9234550595283508,0.3611742854118347,
2982,0.9251373410224915,0.35501915216445923,
2983,0.9267473220825195,0.3490626811981201,
2984,0.9282894730567932,0.34377312660217285,
2985,0.9297680258750916,0.34057629108428955,
2986,0.931186854839325,0.3359001874923706,
2987,0.9325494766235352,0.33123961091041565,
2988,0.9326456189155579,0.32903382182121277,
2989,0.9333333373069763,0.32573258876800537,
2990,0.9345794320106506,0.3210723102092743,
2991,0.9357798099517822,0.31716904044151306,
2992,0.9369369149208069,0.31406837701797485,
2993,0.9380530714988708,0.3096643090248108,
2994,0.938586950302124,0.3095531761646271,
2995,0.9391025900840759,0.30732476711273193,
2996,0.9396008253097534,0.304220974445343,
2997,0.9400826692581177,0.303555965423584,
2998,0.9405487775802612,0.3006739020347595,
2999,0.9415000081062317,0.2977164089679718,
3000,0.7523148059844971,0.9083671569824219,
3001,0.7693965435028076,0.8523872494697571,
3002,0.7822580933570862,0.8067363500595093,
3003,0.7954545617103577,0.7647886872291565,
3004,0.8071428537368774,0.726264476776123,
3005,0.8158783912658691,0.6937010884284973,
3006,0.8253205418586731,0.6612548232078552,
3007,0.8338414430618286,0.6339854001998901,
3008,0.8415697813034058,0.6118834018707275,
3009,0.8486111164093018,0.5876009464263916,
3010,0.855053186416626,0.5672585368156433,
3011,0.8609693646430969,0.5478021502494812,
3012,0.8651960492134094,0.533661425113678,
3013,0.8691037893295288,0.5193341970443726,
3014,0.8715909123420715,0.5083345174789429,
3015,0.8760964870452881,0.4957796037197113,
3016,0.8802965879440308,0.48235318064689636,
3017,0.8842213153839111,0.47056716680526733,
3018,0.8878968358039856,0.4582962095737457,
3019,0.8913461565971375,0.4494461417198181,
3020,0.8927238583564758,0.4399586021900177,
3021,0.8958333134651184,0.43134182691574097,
3022,0.8987675905227661,0.4222704768180847,
3023,0.9015411138534546,0.414275586605072,
3024,0.9041666388511658,0.40625396370887756,
3025,0.9066558480262756,0.39860478043556213,
3026,0.9090189933776855,0.39092859625816345,
3027,0.9112654328346252,0.38444218039512634,
3028,0.9126505851745605,0.37834984064102173,
3029,0.9147058725357056,0.37459203600883484,
3030,0.9166666865348816,0.3679647445678711,
3031,0.9185393452644348,0.3616289794445038,
3032,0.9203296899795532,0.356009840965271,
3033,0.9220430254936218,0.3503243923187256,
3034,0.9236842393875122,0.34533828496932983,
3035,0.9246134161949158,0.34223055839538574,
3036,0.9255050420761108,0.3385505974292755,
3037,0.9257425665855408,0.3370932638645172,
3038,0.9271844625473022,0.3337414264678955,
3039,0.9285714030265808,0.32943597435951233,
3040,0.9293224215507507,0.3251936733722687,
3041,0.9306192398071289,0.32124975323677063,
3042,0.931869387626648,0.3176693320274353,
3043,0.9330752491950989,0.3148673474788666,
3044,0.9326087236404419,0.3134302496910095,
3045,0.932692289352417,0.3109719455242157,
3046,0.9338235259056091,0.3071461319923401,
3047,0.9344007968902588,0.30430343747138977,
3048,0.9354674816131592,0.30118605494499207,
3049,0.9365000128746033,0.2979840040206909,
3050,0.7800925970077515,0.8378191590309143,
3051,0.795258641242981,0.7861722707748413,
3052,0.8084677457809448,0.7416913509368896,
3053,0.8200757503509521,0.7079042196273804,
3054,0.8285714387893677,0.67555832862854,
3055,0.8361486196517944,0.649759829044342,
3056,0.8445512652397156,0.6214576363563538,
3057,0.8521341681480408,0.5969875454902649,
3058,0.8590116500854492,0.5745636820793152,
3059,0.8638888597488403,0.5582545399665833,
3060,0.8696808218955994,0.5373169779777527,
3061,0.875,0.5207029581069946,
3062,0.8799019455909729,0.5041990876197815,
3063,0.8832547068595886,0.4914100468158722,
3064,0.8863636255264282,0.48222219944000244,
3065,0.890350878238678,0.4692358076572418,
3066,0.8919491767883301,0.4602164626121521,
3067,0.8954917788505554,0.44845494627952576,
3068,0.8978174328804016,0.43974804878234863,
3069,0.9009615182876587,0.4292159676551819,
3070,0.9039179086685181,0.4207307696342468,
3071,0.9067028760910034,0.41107177734375,
3072,0.9093309640884399,0.40264007449150085,
3073,0.9118150472640991,0.39480137825012207,
3074,0.9141666889190674,0.38686326146125793,
3075,0.9163960814476013,0.38179415464401245,
3076,0.9177215099334717,0.375395804643631,
3077,0.9197530746459961,0.36904338002204895,
3078,0.920933723449707,0.36419978737831116,
3079,0.9220588207244873,0.35979485511779785,
3080,0.9238505959510803,0.3537202477455139,
3081,0.925561785697937,0.34716975688934326,
3082,0.9265109896659851,0.3428616225719452,
3083,0.9280914068222046,0.33848100900650024,
3084,0.92960524559021,0.33379897475242615,
3085,0.9310566782951355,0.3292354643344879,
3086,0.9324495196342468,0.32420045137405396,
3087,0.9337871074676514,0.3197951316833496,
3088,0.9350728392601013,0.31579411029815674,
3089,0.9363095164299011,0.3115895688533783,
3090,0.9375,0.30721160769462585,
3091,0.9386467933654785,0.30383172631263733,
3092,0.9397522807121277,0.3000880479812622,
3093,0.9408186078071594,0.2957274615764618,
3094,0.9418478012084961,0.2930344343185425,
3095,0.9428418874740601,0.2898203730583191,
3096,0.9432772994041443,0.28799572587013245,
3097,0.9442148804664612,0.2848609387874603,
3098,0.9441056847572327,0.28401270508766174,
3099,0.9449999928474426,0.28117138147354126,
3100,0.7638888955116272,0.8133112788200378,
3101,0.7801724076271057,0.7631543874740601,
3102,0.7943548560142517,0.7186022400856018,
3103,0.8049242496490479,0.6845932006835938,
3104,0.8142856955528259,0.6527242064476013,
3105,0.8226351141929626,0.62865149974823,
3106,0.8301281929016113,0.6052219867706299,
3107,0.8368902206420898,0.58506178855896,
3108,0.8444767594337463,0.5621430277824402,
3109,0.8500000238418579,0.5427239537239075,
3110,0.8563829660415649,0.52610182762146,
3111,0.8622449040412903,0.5080536603927612,
3112,0.8676470518112183,0.49208012223243713,
3113,0.8726415038108826,0.47614482045173645,
3114,0.8772727251052856,0.4616800844669342,
3115,0.8815789222717285,0.44916099309921265,
3116,0.8855932354927063,0.43741098046302795,
3117,0.8893442749977112,0.4259980022907257,
3118,0.8928571343421936,0.41539326310157776,
3119,0.8961538672447205,0.40590032935142517,
3120,0.8992537260055542,0.3971141278743744,
3121,0.9012681245803833,0.3887763023376465,
3122,0.904049277305603,0.3796968460083008,
3123,0.9066780805587769,0.3716132640838623,
3124,0.909166693687439,0.36521250009536743,
3125,0.9099025726318359,0.36168554425239563,
3126,0.9121835231781006,0.3562299311161041,
3127,0.9112654328346252,0.352383017539978,
3128,0.9126505851745605,0.3476566970348358,
3129,0.9139705896377563,0.34438762068748474,
3130,0.9159482717514038,0.3393633961677551,
3131,0.9178370833396912,0.33413827419281006,
3132,0.9189560413360596,0.33126798272132874,
3133,0.9200268983840942,0.3282259404659271,
3134,0.9217105507850647,0.32361239194869995,
3135,0.9233247637748718,0.31951433420181274,
3136,0.9242424368858337,0.3162437677383423,
3137,0.9257425665855408,0.31183239817619324,
3138,0.9271844625473022,0.3078169822692871,
3139,0.9285714030265808,0.3055885434150696,
3140,0.9299065470695496,0.3010708689689636,
3141,0.9311926364898682,0.29673412442207336,
3142,0.9324324131011963,0.293392151594162,
3143,0.9336283206939697,0.28984662890434265,
3144,0.9347826242446899,0.2861657738685608,
3145,0.9358974099159241,0.2829822599887848,
3146,0.9369747638702393,0.27934518456459045,
3147,0.9375,0.2780844271183014,
3148,0.9385162591934204,0.27564185857772827,
3149,0.9384999871253967,0.2758238911628723,
3150,0.7731481194496155,0.8312233090400696,
3151,0.7887930870056152,0.782162070274353,
3152,0.8024193644523621,0.7408374547958374,
3153,0.814393937587738,0.7041587233543396,
3154,0.824999988079071,0.6693614721298218,
3155,0.8344594836235046,0.6396063566207886,
3156,0.8413461446762085,0.6120240688323975,
3157,0.8490853905677795,0.5865857005119324,
3158,0.8561046719551086,0.5646922588348389,
3159,0.862500011920929,0.5457188487052917,
3160,0.8670212626457214,0.5295807123184204,
3161,0.8724489808082581,0.5145363211631775,
3162,0.8774510025978088,0.4994373619556427,
3163,0.8820754885673523,0.48695576190948486,
3164,0.8863636255264282,0.47264862060546875,
3165,0.8892543911933899,0.46149536967277527,
3166,0.8930084705352783,0.4488475024700165,
3167,0.8965163826942444,0.43787530064582825,
3168,0.8998016119003296,0.4271869957447052,
3169,0.9028846025466919,0.4168149530887604,
3170,0.9057835936546326,0.4078225791454315,
3171,0.9085144996643066,0.3987661302089691,
3172,0.9110915660858154,0.39034709334373474,
3173,0.9135273694992065,0.3834758400917053,
3174,0.9158333539962769,0.3763461709022522,
3175,0.9163960814476013,0.37016603350639343,
3176,0.9185126423835754,0.3628614544868469,
3177,0.9205247163772583,0.3586186170578003,
3178,0.9224397540092468,0.35307106375694275,
3179,0.9235293865203857,0.3478538691997528,
3180,0.9252873659133911,0.342925488948822,
3181,0.9269663095474243,0.3378371596336365,
3182,0.9271978139877319,0.3334611654281616,
3183,0.9287634491920471,0.32899123430252075,
3184,0.9302631616592407,0.32466921210289,
3185,0.9317010045051575,0.3198340833187103,
3186,0.933080792427063,0.31475791335105896,
3187,0.9344059228897095,0.31064343452453613,
3188,0.9350728392601013,0.3071935474872589,
3189,0.9363095164299011,0.3027305006980896,
3190,0.9375,0.29893526434898376,
3191,0.9386467933654785,0.2949945628643036,
3192,0.9397522807121277,0.2910434603691101,
3193,0.9408186078071594,0.2878940999507904,
3194,0.9418478012084961,0.2859300673007965,
3195,0.9428418874740601,0.283779114484787,
3196,0.943802535533905,0.2807518243789673,
3197,0.9447314143180847,0.2780996561050415,
3198,0.9456300735473633,0.27506959438323975,
3199,0.9465000033378601,0.27362722158432007,
3200,0.7708333134651184,0.8162487149238586,
3201,0.7866379022598267,0.768513560295105,
3202,0.7983871102333069,0.7274669408798218,
3203,0.810606062412262,0.6900110840797424,
3204,0.8178571462631226,0.6601696610450745,
3205,0.8277027010917664,0.6317893862724304,
3206,0.8365384340286255,0.6036601662635803,
3207,0.8445122241973877,0.5798031091690063,
3208,0.8517441749572754,0.5594727396965027,
3209,0.8583333492279053,0.538585901260376,
3210,0.8643617033958435,0.5202750563621521,
3211,0.8698979616165161,0.5057166218757629,
3212,0.875,0.49161064624786377,
3213,0.8797169923782349,0.4790344536304474,
3214,0.8829545378684998,0.4678446054458618,
3215,0.8870614171028137,0.4537074565887451,
3216,0.8908898234367371,0.44116342067718506,
3217,0.8944672346115112,0.43063607811927795,
3218,0.8978174328804016,0.4212174415588379,
3219,0.9009615182876587,0.41113603115081787,
3220,0.9029850959777832,0.4043278098106384,
3221,0.9057971239089966,0.39605894684791565,
3222,0.908450722694397,0.3871605098247528,
3223,0.9101027250289917,0.3822460174560547,
3224,0.9125000238418579,0.3737080991268158,
3225,0.9147727489471436,0.36620017886161804,
3226,0.9169303774833679,0.3591504991054535,
3227,0.9189814925193787,0.35361629724502563,
3228,0.920933723449707,0.34750106930732727,
3229,0.9220588207244873,0.34202682971954346,
3230,0.9238505959510803,0.33687180280685425,
3231,0.9248595237731934,0.33238595724105835,
3232,0.9265109896659851,0.32708072662353516,
3233,0.9280914068222046,0.3220311105251312,
3234,0.928947389125824,0.3177611231803894,
3235,0.9304123520851135,0.3138037323951721,
3236,0.931186854839325,0.31082847714424133,
3237,0.9325494766235352,0.3063441812992096,
3238,0.9338592290878296,0.3028796315193176,
3239,0.9351190328598022,0.2989250719547272,
3240,0.9363317489624023,0.29544681310653687,
3241,0.9375,0.2913980185985565,
3242,0.9375,0.289178729057312,
3243,0.9386062026023865,0.2859334647655487,
3244,0.939130425453186,0.2841064929962158,
3245,0.939636766910553,0.28116196393966675,
3246,0.9396008253097534,0.2810608148574829,
3247,0.9405992031097412,0.27807050943374634,
3248,0.9415650367736816,0.276569128036499,
3249,0.9424999952316284,0.27412521839141846,
3250,0.8009259104728699,0.7909073233604431,
3251,0.8146551847457886,0.7392427325248718,
3252,0.8266128897666931,0.697659432888031,
3253,0.8371211886405945,0.659691333770752,
3254,0.8464285731315613,0.6266037821769714,
3255,0.8547297120094299,0.6002722382545471,
3256,0.8605769276618958,0.5766158103942871,
3257,0.8673780560493469,0.5549972057342529,
3258,0.8735465407371521,0.5310260653495789,
3259,0.8777777552604675,0.5136672258377075,
3260,0.8829787373542786,0.49649375677108765,
3261,0.8877550959587097,0.4849569499492645,
3262,0.8921568393707275,0.4709227681159973,
3263,0.8950471878051758,0.4585360884666443,
3264,0.8988636136054993,0.44555744528770447,
3265,0.9024122953414917,0.43266457319259644,
3266,0.9057203531265259,0.42059287428855896,
3267,0.9088114500045776,0.41040316224098206,
3268,0.9117063283920288,0.3998414874076843,
3269,0.9144230484962463,0.38936614990234375,
3270,0.9160447716712952,0.382841557264328,
3271,0.9175724387168884,0.3765627443790436,
3272,0.9190140962600708,0.3691862225532532,
3273,0.9212328791618347,0.3608366549015045,
3274,0.9233333468437195,0.3541644513607025,
3275,0.9245129823684692,0.3491801619529724,
3276,0.9264240264892578,0.3427007794380188,
3277,0.9274691343307495,0.3387026786804199,
3278,0.9292168617248535,0.33387619256973267,
3279,0.9308823347091675,0.32780587673187256,
3280,0.9324712753295898,0.32335466146469116,
3281,0.9332864880561829,0.3183501064777374,
3282,0.9347527623176575,0.3143779933452606,
3283,0.9361559152603149,0.3090238571166992,
3284,0.9375,0.30444398522377014,
3285,0.938788652420044,0.3016490638256073,
3286,0.940025269985199,0.29696252942085266,
3287,0.9412128925323486,0.2930164039134979,
3288,0.9417475461959839,0.2905948758125305,
3289,0.9422619342803955,0.2872978150844574,
3290,0.9427570104598999,0.2846621870994568,
3291,0.9438073635101318,0.2806629538536072,
3292,0.9448198080062866,0.2774914503097534,
3293,0.9457964897155762,0.27426666021347046,
3294,0.946739137172699,0.27048835158348083,
3295,0.9471153616905212,0.26881712675094604,
3296,0.9480041861534119,0.26504048705101013,
3297,0.9488636255264282,0.26198962330818176,
3298,0.9491869807243347,0.2599717378616333,
3299,0.949999988079071,0.2571489214897156,
3300,0.7754629850387573,0.8398584723472595,
3301,0.7887930870056152,0.792180597782135,
3302,0.8004032373428345,0.7515771985054016,
3303,0.8125,0.7114871740341187,
3304,0.8214285969734192,0.6819308996200562,
3305,0.8293918967247009,0.6563997864723206,
3306,0.8381410241127014,0.6277226805686951,
3307,0.8460366129875183,0.602417528629303,
3308,0.8531976938247681,0.5771685242652893,
3309,0.8597221970558167,0.5582984089851379,
3310,0.8656914830207825,0.5398378372192383,
3311,0.8711734414100647,0.5209572315216064,
3312,0.876225471496582,0.5065111517906189,
3313,0.8785377144813538,0.49822095036506653,
3314,0.8829545378684998,0.48318272829055786,
3315,0.8870614171028137,0.46940550208091736,
3316,0.8908898234367371,0.4576553404331207,
3317,0.8944672346115112,0.4451073110103607,
3318,0.8978174328804016,0.4338519871234894,
3319,0.8999999761581421,0.42753952741622925,
3320,0.9029850959777832,0.41829684376716614,
3321,0.9057971239089966,0.40932536125183105,
3322,0.9075704216957092,0.4044761061668396,
3323,0.909246563911438,0.39890265464782715,
3324,0.9116666913032532,0.39221152663230896,
3325,0.9139610528945923,0.3846323788166046,
3326,0.9153481125831604,0.3779701590538025,
3327,0.9166666865348816,0.37138596177101135,
3328,0.9186747074127197,0.3650437295436859,
3329,0.9205882549285889,0.35828909277915955,
3330,0.9216954112052917,0.35574468970298767,
3331,0.9234550595283508,0.3501746356487274,
3332,0.9251373410224915,0.344990998506546,
3333,0.9267473220825195,0.3405574560165405,
3334,0.9282894730567932,0.3368600010871887,
3335,0.9297680258750916,0.3330436050891876,
3336,0.931186854839325,0.3280331790447235,
3337,0.9325494766235352,0.3229976296424866,
3338,0.9320388436317444,0.32194921374320984,
3339,0.9333333373069763,0.3180176019668579,
3340,0.9339953064918518,0.3161361813545227,
3341,0.935206413269043,0.3120732009410858,
3342,0.9363738894462585,0.30891016125679016,
3343,0.9369469285011292,0.3069761395454407,
3344,0.9375,0.3044986128807068,
3345,0.9385683536529541,0.3009244203567505,
3346,0.9390756487846375,0.2986600995063782,
3347,0.9400826692581177,0.2953958511352539,
3348,0.9405487775802612,0.29352349042892456,
3349,0.9415000081062317,0.2903943359851837,
3350,0.7916666865348816,0.7664105296134949,
3351,0.8038793206214905,0.7223768830299377,
3352,0.8165322542190552,0.6822261214256287,
3353,0.8276515007019043,0.6456445455551147,
3354,0.8374999761581421,0.6140000224113464,
3355,0.8462837934494019,0.5873938202857971,
3356,0.8541666865348816,0.5617873072624207,
3357,0.8612805008888245,0.5387700796127319,
3358,0.867732584476471,0.5166131854057312,
3359,0.8736110925674438,0.4977915585041046,
3360,0.8789893388748169,0.4797584116458893,
3361,0.8839285969734192,0.4625438451766968,
3362,0.8872548937797546,0.45020413398742676,
3363,0.8903301954269409,0.4394018352031708,
3364,0.894318163394928,0.4268033504486084,
3365,0.8980262875556946,0.4154723286628723,
3366,0.9014830589294434,0.4048813283443451,
3367,0.9047130942344666,0.3946240544319153,
3368,0.9077380895614624,0.3843095302581787,
3369,0.9105769395828247,0.37537017464637756,
3370,0.9132462739944458,0.3676396608352661,
3371,0.9148550629615784,0.3615421652793884,
3372,0.9172534942626953,0.3547897934913635,
3373,0.9195205569267273,0.34807831048965454,
3374,0.92166668176651,0.3410836160182953,
3375,0.923701286315918,0.3349866271018982,
3376,0.9248417615890503,0.33135804533958435,
3377,0.9259259104728699,0.3263229429721832,
3378,0.9277108311653137,0.3207271993160248,
3379,0.929411768913269,0.31437769532203674,
3380,0.931034505367279,0.3096935749053955,
3381,0.932584285736084,0.305152028799057,
3382,0.9340659379959106,0.3004014790058136,
3383,0.9354838728904724,0.2969130277633667,
3384,0.9361842274665833,0.2940928637981415,
3385,0.936855673789978,0.29216766357421875,
3386,0.9381313323974609,0.28843042254447937,
3387,0.9393564462661743,0.28486645221710205,
3388,0.9405339956283569,0.28123709559440613,
3389,0.9416666626930237,0.2776564359664917,
3390,0.9427570104598999,0.27434536814689636,
3391,0.9432339668273926,0.272604763507843,
3392,0.9442567825317383,0.2696210443973541,
3393,0.9452433586120605,0.266051709651947,
3394,0.946195662021637,0.2636796236038208,
3395,0.9471153616905212,0.2603992223739624,
3396,0.9480041861534119,0.25814583897590637,
3397,0.9488636255264282,0.25599679350852966,
3398,0.9496951103210449,0.253573477268219,
3399,0.9505000114440918,0.25187909603118896,
3400,0.7731481194496155,0.8182223439216614,
3401,0.7887930870056152,0.7699846625328064,
3402,0.8024193644523621,0.7255715727806091,
3403,0.814393937587738,0.6863100528717041,
3404,0.824999988079071,0.6519181132316589,
3405,0.8327702879905701,0.6246200203895569,
3406,0.8413461446762085,0.5982540845870972,
3407,0.8490853905677795,0.5754565000534058,
3408,0.8561046719551086,0.5523834228515625,
3409,0.862500011920929,0.5326357483863831,
3410,0.8683510422706604,0.5151764750480652,
3411,0.8724489808082581,0.5014839768409729,
3412,0.8774510025978088,0.48499250411987305,
3413,0.8820754885673523,0.46934592723846436,
3414,0.8863636255264282,0.45666760206222534,
3415,0.890350878238678,0.44390368461608887,
3416,0.8940678238868713,0.43324676156044006,
3417,0.8965163826942444,0.4232049584388733,
3418,0.8998016119003296,0.41373977065086365,
3419,0.9028846025466919,0.4035557210445404,
3420,0.9057835936546326,0.39601999521255493,
3421,0.9085144996643066,0.3883349895477295,
3422,0.9110915660858154,0.38095763325691223,
3423,0.9135273694992065,0.3729517161846161,
3424,0.9158333539962769,0.3648392856121063,
3425,0.9180194735527039,0.35651203989982605,
3426,0.920094907283783,0.35071662068367004,
3427,0.9212962985038757,0.3451424241065979,
3428,0.9231927990913391,0.33864185214042664,
3429,0.925000011920929,0.3332523703575134,
3430,0.9267241358757019,0.32787641882896423,
3431,0.9276685118675232,0.3228934109210968,
3432,0.9292582273483276,0.3178631365299225,
3433,0.9307795763015747,0.31326961517333984,
3434,0.9322368502616882,0.3100530505180359,
3435,0.9336340427398682,0.30596303939819336,
3436,0.934974730014801,0.30276766419410706,
3437,0.9362623691558838,0.29789721965789795,
3438,0.9375,0.29388993978500366,
3439,0.9386904835700989,0.2899874150753021,
3440,0.9386682510375977,0.2883840799331665,
3441,0.939793586730957,0.2847265303134918,
3442,0.9408783912658691,0.28109607100486755,
3443,0.9419247508049011,0.27697861194610596,
3444,0.9429348111152649,0.2736380398273468,
3445,0.9439102411270142,0.2704293131828308,
3446,0.9448529481887817,0.26706957817077637,
3447,0.9457644820213318,0.26450684666633606,
3448,0.9466463327407837,0.2610539197921753,
3449,0.9474999904632568,0.2582184076309204,
3450,0.7847222089767456,0.76643967628479,
3451,0.7995689511299133,0.7169045209884644,
3452,0.8125,0.6779019832611084,
3453,0.8238636255264282,0.6414694786071777,
3454,0.8339285850524902,0.6111351847648621,
3455,0.8429054021835327,0.584250807762146,
3456,0.8509615659713745,0.5609057545661926,
3457,0.8582317233085632,0.5376763939857483,
3458,0.8648256063461304,0.5187146067619324,
3459,0.8708333373069763,0.500762939453125,
3460,0.876329779624939,0.4840031564235687,
3461,0.8813775777816772,0.4664474129676819,
3462,0.8860294222831726,0.45407387614250183,
3463,0.8903301954269409,0.43980464339256287,
3464,0.894318163394928,0.42644521594047546,
3465,0.8980262875556946,0.4144518971443176,
3466,0.9014830589294434,0.40464138984680176,
3467,0.9047130942344666,0.3928133249282837,
3468,0.9067460298538208,0.38341739773750305,
3469,0.9096153974533081,0.37388649582862854,
3470,0.9123134613037109,0.3656594753265381,
3471,0.9148550629615784,0.35719913244247437,
3472,0.9172534942626953,0.3499758541584015,
3473,0.9195205569267273,0.34322455525398254,
3474,0.92166668176651,0.3372379243373871,
3475,0.923701286315918,0.3314000964164734,
3476,0.9248417615890503,0.32790037989616394,
3477,0.9266975522041321,0.3222472667694092,
3478,0.9277108311653137,0.31786689162254333,
3479,0.929411768913269,0.3127639889717102,
3480,0.931034505367279,0.3076359033584595,
3481,0.9318820238113403,0.30402010679244995,
3482,0.9333791136741638,0.30015304684638977,
3483,0.9348118305206299,0.29581889510154724,
3484,0.9361842274665833,0.2920238971710205,
3485,0.9375,0.2889026403427124,
3486,0.9387626051902771,0.2842346429824829,
3487,0.9399752616882324,0.2804417312145233,
3488,0.9411407709121704,0.27663034200668335,
3489,0.9422619342803955,0.2739150822162628,
3490,0.9433411359786987,0.27031874656677246,
3491,0.9443807601928711,0.26792338490486145,
3492,0.9448198080062866,0.2659691274166107,
3493,0.9457964897155762,0.26277053356170654,
3494,0.946739137172699,0.2599174678325653,
3495,0.9476495981216431,0.25734153389930725,
3496,0.9485294222831726,0.25388240814208984,
3497,0.9488636255264282,0.2519674003124237,
3498,0.9496951103210449,0.24964110553264618,
3499,0.9505000114440918,0.24714024364948273,
3500,0.7754629850387573,0.8267146944999695,
3501,0.7909482717514038,0.7771602272987366,
3502,0.8044354915618896,0.730774462223053,
3503,0.814393937587738,0.6973550319671631,
3504,0.824999988079071,0.6615794897079468,
3505,0.8327702879905701,0.634770393371582,
3506,0.8413461446762085,0.6077067852020264,
3507,0.8490853905677795,0.5841512680053711,
3508,0.8561046719551086,0.5614759922027588,
3509,0.862500011920929,0.5387839674949646,
3510,0.8683510422706604,0.5192937850952148,
3511,0.8737244606018066,0.5024179220199585,
3512,0.8786764740943909,0.4858414828777313,
3513,0.8820754885673523,0.4745296239852905,
3514,0.8863636255264282,0.46479102969169617,
3515,0.8892543911933899,0.45052802562713623,
3516,0.8919491767883301,0.43913280963897705,
3517,0.8944672346115112,0.428428053855896,
3518,0.8978174328804016,0.4178164005279541,
3519,0.9009615182876587,0.4071228802204132,
3520,0.9039179086685181,0.3982952833175659,
3521,0.9067028760910034,0.3898325562477112,
3522,0.908450722694397,0.3825979232788086,
3523,0.9109588861465454,0.37516459822654724,
3524,0.9125000238418579,0.3674752712249756,
3525,0.9147727489471436,0.36098045110702515,
3526,0.9169303774833679,0.35502517223358154,
3527,0.9189814925193787,0.34820556640625,
3528,0.920933723449707,0.34135231375694275,
3529,0.9227941036224365,0.33539074659347534,
3530,0.9245689511299133,0.32947245240211487,
3531,0.9262640476226807,0.3238754868507385,
3532,0.9278846383094788,0.3184664845466614,
3533,0.9294354915618896,0.3136896789073944,
3534,0.9309210777282715,0.30820584297180176,
3535,0.9317010045051575,0.3039565682411194,
3536,0.9324495196342468,0.30058160424232483,
3537,0.9337871074676514,0.2964746952056885,
3538,0.9350728392601013,0.29222872853279114,
3539,0.9363095164299011,0.2881128489971161,
3540,0.9375,0.28408628702163696,
3541,0.9386467933654785,0.2804581820964813,
3542,0.9397522807121277,0.27692312002182007,
3543,0.9408186078071594,0.27561402320861816,
3544,0.9418478012084961,0.27216023206710815,
3545,0.9428418874740601,0.2691780626773834,
3546,0.943802535533905,0.2658626139163971,
3547,0.9447314143180847,0.26332831382751465,
3548,0.9456300735473633,0.2600346803665161,
3549,0.9465000033378601,0.25742146372795105,
3550,0.7916666865348816,0.7743205428123474,
3551,0.806034505367279,0.730934202671051,
3552,0.8185483813285828,0.6906275153160095,
3553,0.8295454382896423,0.6530864238739014,
3554,0.8392857313156128,0.621407687664032,
3555,0.8479729890823364,0.5946628451347351,
3556,0.8557692170143127,0.5752760767936707,
3557,0.8628048896789551,0.5517916083335876,
3558,0.8691860437393188,0.5301769375801086,
3559,0.8722222447395325,0.5139944553375244,
3560,0.8776595592498779,0.49554547667503357,
3561,0.8826530575752258,0.479159414768219,
3562,0.8872548937797546,0.4635712206363678,
3563,0.8915094137191772,0.4494988024234772,
3564,0.8954545259475708,0.4361245334148407,
3565,0.8991228342056274,0.42502084374427795,
3566,0.9025423526763916,0.4145684838294983,
3567,0.9057376980781555,0.4038429260253906,
3568,0.9067460298538208,0.3967072665691376,
3569,0.9086538553237915,0.3898354768753052,
3570,0.9113805890083313,0.38005393743515015,
3571,0.9139492511749268,0.3714832067489624,
3572,0.9154929518699646,0.3643184304237366,
3573,0.9178082346916199,0.357511967420578,
3574,0.9200000166893005,0.3496548533439636,
3575,0.9220778942108154,0.34378498792648315,
3576,0.9240506291389465,0.3382347822189331,
3577,0.9251543283462524,0.3342355191707611,
3578,0.9269578456878662,0.32918375730514526,
3579,0.9286764860153198,0.3236861824989319,
3580,0.9303160905838013,0.3182675242424011,
3581,0.9318820238113403,0.3125725984573364,
3582,0.9333791136741638,0.3080056309700012,
3583,0.9341397881507874,0.304440438747406,
3584,0.9355263113975525,0.2995966374874115,
3585,0.936855673789978,0.2947750985622406,
3586,0.9381313323974609,0.2910442650318146,
3587,0.9393564462661743,0.28751447796821594,
3588,0.9405339956283569,0.28357136249542236,
3589,0.9416666626930237,0.2811327874660492,
3590,0.9427570104598999,0.2773865759372711,
3591,0.9426605701446533,0.27518975734710693,
3592,0.943130612373352,0.27223557233810425,
3593,0.9441371560096741,0.2696985602378845,
3594,0.9451087117195129,0.2668319344520569,
3595,0.9460470080375671,0.2631741464138031,
3596,0.9469537734985352,0.260153591632843,
3597,0.9478305578231812,0.258065789937973,
3598,0.9486788511276245,0.255429744720459,
3599,0.9495000243186951,0.2527288794517517,
3600,0.7893518805503845,0.7875741124153137,
3601,0.8038793206214905,0.7420766949653625,
3602,0.8165322542190552,0.6989277005195618,
3603,0.8276515007019043,0.6613643169403076,
3604,0.8374999761581421,0.6294990181922913,
3605,0.8462837934494019,0.6003305315971375,
3606,0.8541666865348816,0.575383186340332,
3607,0.8612805008888245,0.5528868436813354,
3608,0.867732584476471,0.5309852957725525,
3609,0.8736110925674438,0.5116698741912842,
3610,0.8789893388748169,0.4946119487285614,
3611,0.8826530575752258,0.4788528382778168,
3612,0.8872548937797546,0.46240371465682983,
3613,0.8915094137191772,0.44854357838630676,
3614,0.8954545259475708,0.43400582671165466,
3615,0.8980262875556946,0.4234886169433594,
3616,0.9014830589294434,0.415338933467865,
3617,0.9047130942344666,0.40477266907691956,
3618,0.9077380895614624,0.3950091600418091,
3619,0.9096153974533081,0.38734301924705505,
3620,0.9123134613037109,0.37952521443367004,
3621,0.9148550629615784,0.3712589740753174,
3622,0.9163732528686523,0.3650657534599304,
3623,0.9186643958091736,0.3580070734024048,
3624,0.9200000166893005,0.35080286860466003,
3625,0.9220778942108154,0.3445618748664856,
3626,0.9240506291389465,0.3386658728122711,
3627,0.9251543283462524,0.3335241973400116,
3628,0.9269578456878662,0.32734549045562744,
3629,0.9286764860153198,0.321537047624588,
3630,0.9295976758003235,0.3169701099395752,
3631,0.9311797618865967,0.3112980127334595,
3632,0.932692289352417,0.3067416548728943,
3633,0.9341397881507874,0.3015969395637512,
3634,0.9355263113975525,0.2980820834636688,
3635,0.936855673789978,0.29328837990760803,
3636,0.9381313323974609,0.29079073667526245,
3637,0.9393564462661743,0.28658348321914673,
3638,0.9405339956283569,0.2835690975189209,
3639,0.9404761791229248,0.28275570273399353,
3640,0.9410046935081482,0.27993613481521606,
3641,0.9420871734619141,0.27632811665534973,
3642,0.943130612373352,0.2729414999485016,
3643,0.9441371560096741,0.2694713771343231,
3644,0.9445652365684509,0.26760584115982056,
3645,0.9455128312110901,0.26478496193885803,
3646,0.9464285969734192,0.26153063774108887,
3647,0.9473140239715576,0.25877341628074646,
3648,0.9481707215309143,0.25605472922325134,
3649,0.9490000009536743,0.25346964597702026,
3650,0.7986111044883728,0.7566532492637634,
3651,0.8125,0.7118329405784607,
3652,0.8245967626571655,0.6745520830154419,
3653,0.8352272510528564,0.638163149356842,
3654,0.8446428775787354,0.6072801947593689,
3655,0.849662184715271,0.5870538949966431,
3656,0.8573718070983887,0.5616255402565002,
3657,0.8643292784690857,0.5403017997741699,
3658,0.8691860437393188,0.5209301114082336,
3659,0.8736110925674438,0.5048733949661255,
3660,0.8789893388748169,0.48570579290390015,
3661,0.8839285969734192,0.4680359959602356,
3662,0.8884803652763367,0.4523901343345642,
3663,0.8926886916160583,0.4392814636230469,
3664,0.8954545259475708,0.4285290837287903,
3665,0.8991228342056274,0.41743332147598267,
3666,0.9025423526763916,0.4059848487377167,
3667,0.9057376980781555,0.39649632573127747,
3668,0.908730149269104,0.38630592823028564,
3669,0.9115384817123413,0.3767677843570709,
3670,0.9141790866851807,0.36934173107147217,
3671,0.9166666865348816,0.36055782437324524,
3672,0.9172534942626953,0.35670578479766846,
3673,0.9178082346916199,0.3513808846473694,
3674,0.9200000166893005,0.34393003582954407,
3675,0.9220778942108154,0.33788907527923584,
3676,0.9240506291389465,0.3310985863208771,
3677,0.9259259104728699,0.32574746012687683,
3678,0.9277108311653137,0.3198077976703644,
3679,0.929411768913269,0.3145270347595215,
3680,0.9295976758003235,0.3132303059101105,
3681,0.9311797618865967,0.30833274126052856,
3682,0.932692289352417,0.3043593764305115,
3683,0.9341397881507874,0.29950591921806335,
3684,0.9348683953285217,0.29707401990890503,
3685,0.9355670213699341,0.2930273711681366,
3686,0.9368686676025391,0.28857529163360596,
3687,0.9375,0.28543713688850403,
3688,0.9387136101722717,0.28089383244514465,
3689,0.9398809671401978,0.2766217589378357,
3690,0.9410046935081482,0.27244439721107483,
3691,0.9420871734619141,0.2695193886756897,
3692,0.943130612373352,0.2660451829433441,
3693,0.9441371560096741,0.26286008954048157,
3694,0.9445652365684509,0.26089808344841003,
3695,0.9455128312110901,0.2577388882637024,
3696,0.9459033608436584,0.2547917366027832,
3697,0.9467975497245789,0.2517203688621521,
3698,0.9476625919342041,0.2496742606163025,
3699,0.9484999775886536,0.24726267158985138,
3700,0.7939814925193787,0.7917168140411377,
3701,0.806034505367279,0.7464132905006409,
3702,0.8185483813285828,0.7038000822067261,
3703,0.8276515007019043,0.6714351177215576,
3704,0.8374999761581421,0.6353661417961121,
3705,0.8462837934494019,0.6055780053138733,
3706,0.8541666865348816,0.5786198973655701,
3707,0.8612805008888245,0.555270791053772,
3708,0.867732584476471,0.5348024964332581,
3709,0.8736110925674438,0.5149093866348267,
3710,0.8776595592498779,0.49879777431488037,
3711,0.8826530575752258,0.4823196530342102,
3712,0.8872548937797546,0.46545347571372986,
3713,0.8915094137191772,0.4498262107372284,
3714,0.8954545259475708,0.4353400468826294,
3715,0.8991228342056274,0.4227486550807953,
3716,0.9025423526763916,0.4108336269855499,
3717,0.9057376980781555,0.3997376561164856,
3718,0.908730149269104,0.3900047838687897,
3719,0.9115384817123413,0.3802812993526459,
3720,0.9141790866851807,0.3713526427745819,
3721,0.9166666865348816,0.3630095422267914,
3722,0.9190140962600708,0.3557770252227783,
3723,0.9212328791618347,0.34835347533226013,
3724,0.9233333468437195,0.340534508228302,
3725,0.9253246784210205,0.3331219553947449,
3726,0.9264240264892578,0.32820141315460205,
3727,0.9282407164573669,0.3220767378807068,
3728,0.9292168617248535,0.3164857029914856,
3729,0.9308823347091675,0.3120498061180115,
3730,0.9324712753295898,0.3069343864917755,
3731,0.9339887499809265,0.3022177219390869,
3732,0.9354395866394043,0.29847028851509094,
3733,0.9361559152603149,0.29546135663986206,
3734,0.9375,0.29141533374786377,
3735,0.938788652420044,0.28768190741539,
3736,0.939393937587738,0.28529542684555054,
3737,0.9405940771102905,0.28119492530822754,
3738,0.9411407709121704,0.27909478545188904,
3739,0.9422619342803955,0.2761712074279785,
3740,0.9433411359786987,0.27185970544815063,
3741,0.9443807601928711,0.26834481954574585,
3742,0.9453828930854797,0.26509442925453186,
3743,0.946349561214447,0.262346476316452,
3744,0.947282612323761,0.26079261302948,
3745,0.9481837749481201,0.2587643265724182,
3746,0.9490545988082886,0.25554585456848145,
3747,0.9498966932296753,0.2532164454460144,
3748,0.9507113695144653,0.25000253319740295,
3749,0.9509999752044678,0.24885298311710358,
3750,0.7800925970077515,0.8090797662734985,
3751,0.7931034564971924,0.7632114291191101,
3752,0.8064516186714172,0.7173281908035278,
3753,0.8181818127632141,0.6774837374687195,
3754,0.8285714387893677,0.642281711101532,
3755,0.837837815284729,0.6120020151138306,
3756,0.8461538553237915,0.5863357186317444,
3757,0.8536585569381714,0.5625598430633545,
3758,0.8590116500854492,0.5418267250061035,
3759,0.8652777671813965,0.5217222571372986,
3760,0.8710106611251831,0.5021241903305054,
3761,0.8762755393981934,0.48457223176956177,
3762,0.8799019455909729,0.4708426296710968,
3763,0.8820754885673523,0.46127286553382874,
3764,0.8863636255264282,0.44913819432258606,
3765,0.890350878238678,0.435911625623703,
3766,0.8930084705352783,0.4270516335964203,
3767,0.8965163826942444,0.4143393337726593,
3768,0.8998016119003296,0.40457072854042053,
3769,0.9028846025466919,0.39430856704711914,
3770,0.9057835936546326,0.3853146731853485,
3771,0.9085144996643066,0.3775610029697418,
3772,0.9110915660858154,0.3696945905685425,
3773,0.9135273694992065,0.362747460603714,
3774,0.9158333539962769,0.3557395040988922,
3775,0.9180194735527039,0.3480626046657562,
3776,0.920094907283783,0.34190067648887634,
3777,0.9220678806304932,0.3357846140861511,
3778,0.9231927990913391,0.33121299743652344,
3779,0.925000011920929,0.32649093866348267,
3780,0.9267241358757019,0.3204844295978546,
3781,0.9283707737922668,0.31440821290016174,
3782,0.9299450516700745,0.30885961651802063,
3783,0.9307795763015747,0.30399927496910095,
3784,0.9322368502616882,0.29981592297554016,
3785,0.9336340427398682,0.2956891655921936,
3786,0.934974730014801,0.2915275990962982,
3787,0.9362623691558838,0.2877194881439209,
3788,0.9375,0.28603583574295044,
3789,0.938095211982727,0.2832295298576355,
3790,0.9392523169517517,0.2792230546474457,
3791,0.9403669834136963,0.27513983845710754,
3792,0.9414414167404175,0.27213776111602783,
3793,0.9424778819084167,0.26920485496520996,
3794,0.9434782862663269,0.2658490240573883,
3795,0.9444444179534912,0.26215308904647827,
3796,0.9453781247138977,0.25920867919921875,
3797,0.9457644820213318,0.2572576105594635,
3798,0.9466463327407837,0.2544908821582794,
3799,0.9470000267028809,0.2534782588481903,
3800,0.7754629850387573,0.7844243049621582,
3801,0.7909482717514038,0.7360520362854004,
3802,0.8044354915618896,0.693123996257782,
3803,0.8162878751754761,0.6561135053634644,
3804,0.8267857432365417,0.6240602135658264,
3805,0.8361486196517944,0.5958652496337891,
3806,0.8429487347602844,0.5721039175987244,
3807,0.8490853905677795,0.5514105558395386,
3808,0.8561046719551086,0.5291696786880493,
3809,0.8611111044883728,0.5113619565963745,
3810,0.8670212626457214,0.4926699101924896,
3811,0.8711734414100647,0.477908730506897,
3812,0.876225471496582,0.4624879062175751,
3813,0.8808962106704712,0.44942790269851685,
3814,0.8840909004211426,0.43830105662345886,
3815,0.8881579041481018,0.425508052110672,
3816,0.8919491767883301,0.414421409368515,
3817,0.8954917788505554,0.4047660231590271,
3818,0.898809552192688,0.3962474465370178,
3819,0.9019230604171753,0.38677823543548584,
3820,0.9048507213592529,0.3778407573699951,
3821,0.907608687877655,0.3699714243412018,
3822,0.9075704216957092,0.3645442724227905,
3823,0.9101027250289917,0.35750913619995117,
3824,0.9116666913032532,0.3512675166130066,
3825,0.9139610528945923,0.3444935977458954,
3826,0.9161392450332642,0.3375585079193115,
3827,0.9182098507881165,0.3304242491722107,
3828,0.9194276928901672,0.3262139856815338,
3829,0.9213235378265381,0.32136771082878113,
3830,0.9231321811676025,0.31682607531547546,
3831,0.9241573214530945,0.3136249780654907,
3832,0.9258241653442383,0.30854424834251404,
3833,0.9274193644523621,0.3031793534755707,
3834,0.928947389125824,0.29944610595703125,
3835,0.9304123520851135,0.2943156957626343,
3836,0.9318181872367859,0.2906958758831024,
3837,0.9331682920455933,0.2866656184196472,
3838,0.9344660043716431,0.2817659080028534,
3839,0.9357143044471741,0.27805888652801514,
3840,0.9369158744812012,0.2746202349662781,
3841,0.9380733966827393,0.27045777440071106,
3842,0.9386261105537415,0.2687140703201294,
3843,0.939712405204773,0.2654138207435608,
3844,0.9402173757553101,0.26247265934944153,
3845,0.9412392973899841,0.25969406962394714,
3846,0.9422268867492676,0.25656282901763916,
3847,0.9431818127632141,0.25372856855392456,
3848,0.9435975551605225,0.25216275453567505,
3849,0.9434999823570251,0.25084322690963745,
3850,0.7662037014961243,0.8241410851478577,
3851,0.7823275923728943,0.7745291590690613,
3852,0.7963709831237793,0.7319200038909912,
3853,0.8087121248245239,0.6958900094032288,
3854,0.8196428418159485,0.661235511302948,
3855,0.8277027010917664,0.6368445754051208,
3856,0.8365384340286255,0.6069335341453552,
3857,0.8445122241973877,0.5805209279060364,
3858,0.8517441749572754,0.5601896643638611,
3859,0.8583333492279053,0.5390504598617554,
3860,0.8643617033958435,0.5198812484741211,
3861,0.8698979616165161,0.5013514161109924,
3862,0.873774528503418,0.4860411286354065,
3863,0.8773584961891174,0.47282934188842773,
3864,0.8806818127632141,0.4607832431793213,
3865,0.8848684430122375,0.447378933429718,
3866,0.8887711763381958,0.43507686257362366,
3867,0.8924180269241333,0.4229212701320648,
3868,0.8958333134651184,0.4124212861061096,
3869,0.8990384340286255,0.40412238240242004,
3870,0.9020522236824036,0.39471134543418884,
3871,0.904891312122345,0.3858918845653534,
3872,0.9075704216957092,0.37871116399765015,
3873,0.9101027250289917,0.3701946437358856,
3874,0.9116666913032532,0.3630124628543854,
3875,0.913149356842041,0.3566380739212036,
3876,0.9153481125831604,0.34974008798599243,
3877,0.917438268661499,0.3443136215209961,
3878,0.9194276928901672,0.33992230892181396,
3879,0.9205882549285889,0.3357902467250824,
3880,0.9224137663841248,0.3307945132255554,
3881,0.9234550595283508,0.32673418521881104,
3882,0.9251373410224915,0.3209904134273529,
3883,0.9267473220825195,0.31574547290802,
3884,0.9282894730567932,0.31054720282554626,
3885,0.9291236996650696,0.307025283575058,
3886,0.9305555820465088,0.30390116572380066,
3887,0.9319307208061218,0.2992701828479767,
3888,0.9320388436317444,0.2973202168941498,
3889,0.9333333373069763,0.2932995855808258,
3890,0.9345794320106506,0.2890528738498688,
3891,0.9357798099517822,0.28512224555015564,
3892,0.9369369149208069,0.28134095668792725,
3893,0.9380530714988708,0.2781214416027069,
3894,0.939130425453186,0.27434343099594116,
3895,0.94017094373703,0.27126526832580566,
3896,0.9411764740943909,0.2676847577095032,
3897,0.942148745059967,0.26427513360977173,
3898,0.9430894255638123,0.2623758614063263,
3899,0.9440000057220459,0.25917476415634155,
3900,0.7962962985038757,0.77733314037323,
3901,0.8103448152542114,0.7277024984359741,
3902,0.8225806355476379,0.6849696636199951,
3903,0.8333333134651184,0.6525297164916992,
3904,0.8428571224212646,0.6184883117675781,
3905,0.8513513803482056,0.5920863151550293,
3906,0.8573718070983887,0.5688389539718628,
3907,0.8643292784690857,0.546440601348877,
3908,0.8691860437393188,0.5291770100593567,
3909,0.875,0.5090236067771912,
3910,0.8789893388748169,0.4921136498451233,
3911,0.8839285969734192,0.4744713008403778,
3912,0.8872548937797546,0.46023234724998474,
3913,0.8903301954269409,0.44837436079978943,
3914,0.894318163394928,0.4360700845718384,
3915,0.8980262875556946,0.42340266704559326,
3916,0.9014830589294434,0.4112468361854553,
3917,0.9047130942344666,0.4008050262928009,
3918,0.9077380895614624,0.3920154571533203,
3919,0.9105769395828247,0.3833385705947876,
3920,0.9132462739944458,0.3760814070701599,
3921,0.91576087474823,0.3691670596599579,
3922,0.9181337952613831,0.3609801232814789,
3923,0.920376718044281,0.3536235988140106,
3924,0.9225000143051147,0.34572210907936096,
3925,0.9245129823684692,0.33866915106773376,
3926,0.9264240264892578,0.3324519991874695,
3927,0.9282407164573669,0.32675373554229736,
3928,0.9299699068069458,0.32009854912757874,
3929,0.9316176176071167,0.3151228129863739,
3930,0.9331896305084229,0.31022924184799194,
3931,0.9346910119056702,0.3040562868118286,
3932,0.9361263513565063,0.29893070459365845,
3933,0.9375,0.2940651774406433,
3934,0.9388157725334167,0.28974199295043945,
3935,0.9394329786300659,0.28672730922698975,
3936,0.9406565427780151,0.28256452083587646,
3937,0.9418317079544067,0.27882739901542664,
3938,0.9423543810844421,0.2755126357078552,
3939,0.9434523582458496,0.2713890075683594,
3940,0.9445093274116516,0.2682364881038666,
3941,0.9455274939537048,0.26530560851097107,
3942,0.9465090036392212,0.2624712884426117,
3943,0.9474557638168335,0.258897602558136,
3944,0.948369562625885,0.2552293837070465,
3945,0.9492521286010742,0.2526888847351074,
3946,0.9501050710678101,0.25003573298454285,
3947,0.9509297609329224,0.24844872951507568,
3948,0.9517276287078857,0.245374858379364,
3949,0.9520000219345093,0.24432575702667236,
3950,0.8055555820465088,0.7777397036552429,
3951,0.818965494632721,0.7293988466262817,
3952,0.8306451439857483,0.6872225403785706,
3953,0.8409090638160706,0.6516819000244141,
3954,0.8500000238418579,0.6182693839073181,
3955,0.8581081032752991,0.5895156264305115,
3956,0.8653846383094788,0.5632740259170532,
3957,0.8719512224197388,0.5390151143074036,
3958,0.8779069781303406,0.5180352926254272,
3959,0.8833333253860474,0.49911701679229736,
3960,0.8882978558540344,0.4829219579696655,
3961,0.8928571343421936,0.4670349955558777,
3962,0.8970588445663452,0.4511595368385315,
3963,0.8997641801834106,0.4379540979862213,
3964,0.9034090638160706,0.4267331063747406,
3965,0.906798243522644,0.41377124190330505,
3966,0.9099576473236084,0.4029461741447449,
3967,0.9129098653793335,0.39185550808906555,
3968,0.91567462682724,0.38212552666664124,
3969,0.9182692170143127,0.3736676871776581,
3970,0.920708954334259,0.3646002411842346,
3971,0.9230072498321533,0.3575058579444885,
3972,0.9251760840415955,0.34964266419410706,
3973,0.9272260069847107,0.34177112579345703,
3974,0.9291666746139526,0.3355187773704529,
3975,0.9301947951316833,0.3307670056819916,
3976,0.9319620132446289,0.32399946451187134,
3977,0.9336419701576233,0.3180147707462311,
3978,0.9352409839630127,0.3121042251586914,
3979,0.9367647171020508,0.3060927987098694,
3980,0.9382184147834778,0.3007335662841797,
3981,0.9396067261695862,0.2972384989261627,
3982,0.9409340620040894,0.2929023206233978,
3983,0.9422042965888977,0.28750360012054443,
3984,0.9434210658073425,0.2835477292537689,
3985,0.9445876479148865,0.28026148676872253,
3986,0.9457070827484131,0.27772828936576843,
3987,0.9467821717262268,0.2737060487270355,
3988,0.9478155374526978,0.2696104943752289,
3989,0.9488095045089722,0.26537618041038513,
3990,0.9491822719573975,0.2631297707557678,
3991,0.9495412707328796,0.26104411482810974,
3992,0.9504504799842834,0.25835660099983215,
3993,0.9513274431228638,0.2549322247505188,
3994,0.9521738886833191,0.2516351044178009,
3995,0.9529914259910583,0.2482343167066574,
3996,0.9537814855575562,0.24603410065174103,
3997,0.9545454382896423,0.24337194859981537,
3998,0.9552845358848572,0.24102546274662018,
3999,0.9559999704360962,0.2385643720626831,
4000,0.7754629850387573,0.7847581505775452,
4001,0.7909482717514038,0.7348858118057251,
4002,0.8044354915618896,0.6899877786636353,
4003,0.8162878751754761,0.6523913145065308,
4004,0.8267857432365417,0.6200888752937317,
4005,0.8361486196517944,0.5893307328224182,
4006,0.8445512652397156,0.5626156330108643,
4007,0.8521341681480408,0.5393876433372498,
4008,0.8590116500854492,0.5177048444747925,
4009,0.8638888597488403,0.5004700422286987,
4010,0.8683510422706604,0.4868136942386627,
4011,0.8737244606018066,0.4725813865661621,
4012,0.8786764740943909,0.4573450982570648,
4013,0.8832547068595886,0.44266456365585327,
4014,0.887499988079071,0.4309523403644562,
4015,0.8914473652839661,0.4179708659648895,
4016,0.8951271176338196,0.40692612528800964,
4017,0.8985655903816223,0.3948318064212799,
4018,0.9017857313156128,0.3849003314971924,
4019,0.9048076868057251,0.3743325173854828,
4020,0.9076492786407471,0.36568683385849,
4021,0.9103260636329651,0.35885053873062134,
4022,0.9119718074798584,0.3514648973941803,
4023,0.9135273694992065,0.3444405198097229,
4024,0.9158333539962769,0.3368687927722931,
4025,0.9180194735527039,0.3293495774269104,
4026,0.920094907283783,0.32403528690338135,
4027,0.9220678806304932,0.31742337346076965,
4028,0.9239457845687866,0.311368852853775,
4029,0.9257352948188782,0.30507346987724304,
4030,0.9274425506591797,0.30050790309906006,
4031,0.9290730357170105,0.29586201906204224,
4032,0.9299450516700745,0.29236069321632385,
4033,0.9314516186714172,0.28810277581214905,
4034,0.932894766330719,0.2838716506958008,
4035,0.9342783689498901,0.28084510564804077,
4036,0.935606062412262,0.27699175477027893,
4037,0.9368811845779419,0.27334272861480713,
4038,0.9381067752838135,0.2699957489967346,
4039,0.9392856955528259,0.26617535948753357,
4040,0.9404205679893494,0.2628820240497589,
4041,0.9415137767791748,0.2602507174015045,
4042,0.9420045018196106,0.2573983073234558,
4043,0.9430309534072876,0.2546859383583069,
4044,0.9440217614173889,0.25128039717674255,
4045,0.944978654384613,0.24855980277061462,
4046,0.9459033608436584,0.24568374454975128,
4047,0.9467975497245789,0.24274314939975739,
4048,0.9476625919342041,0.24051514267921448,
4049,0.9484999775886536,0.23775345087051392,
4050,0.7824074029922485,0.8039061427116394,
4051,0.7974137663841248,0.7530925273895264,
4052,0.8104838728904724,0.7126346230506897,
4053,0.8219696879386902,0.6772540211677551,
4054,0.8303571343421936,0.6501463055610657,
4055,0.8395270109176636,0.620474100112915,
4056,0.8477563858032227,0.5931921005249023,
4057,0.855182945728302,0.5720453858375549,
4058,0.8619186282157898,0.5478945374488831,
4059,0.8680555820465088,0.5283311009407043,
4060,0.873670220375061,0.509375274181366,
4061,0.8775510191917419,0.49374470114707947,
4062,0.8823529481887817,0.47887372970581055,
4063,0.8867924809455872,0.4641316831111908,
4064,0.8909090757369995,0.4490313231945038,
4065,0.8947368264198303,0.43767932057380676,
4066,0.8983050584793091,0.42559128999710083,
4067,0.9016393423080444,0.4141885042190552,
4068,0.903769850730896,0.4074113070964813,
4069,0.9067307710647583,0.3968598246574402,
4070,0.9095149040222168,0.38676050305366516,
4071,0.9121376872062683,0.3787834644317627,
4072,0.9146126508712769,0.36975163221359253,
4073,0.9169520735740662,0.3623344600200653,
4074,0.9191666841506958,0.3537771701812744,
4075,0.9212662577629089,0.34642037749290466,
4076,0.9232594966888428,0.34056976437568665,
4077,0.9251543283462524,0.33487632870674133,
4078,0.9269578456878662,0.32910552620887756,
4079,0.9286764860153198,0.3242148756980896,
4080,0.9303160905838013,0.31885114312171936,
4081,0.9318820238113403,0.3138425350189209,
4082,0.9333791136741638,0.30906543135643005,
4083,0.9348118305206299,0.30486127734184265,
4084,0.9361842274665833,0.3001985549926758,
4085,0.9375,0.29523804783821106,
4086,0.9387626051902771,0.29110583662986755,
4087,0.9399752616882324,0.2874351441860199,
4088,0.9411407709121704,0.2833987772464752,
4089,0.9422619342803955,0.27892976999282837,
4090,0.9433411359786987,0.2760756015777588,
4091,0.9443807601928711,0.27214908599853516,
4092,0.9453828930854797,0.2692123353481293,
4093,0.946349561214447,0.2655956447124481,
4094,0.947282612323761,0.2624308168888092,
4095,0.9476495981216431,0.2600724995136261,
4096,0.9485294222831726,0.25687605142593384,
4097,0.9493801593780518,0.2540859878063202,
4098,0.9502032399177551,0.25222840905189514,
4099,0.9509999752044678,0.2498113214969635,
4100,0.8009259104728699,0.7877423763275146,
4101,0.8146551847457886,0.7441990375518799,
4102,0.8266128897666931,0.7058019042015076,
4103,0.8371211886405945,0.6674356460571289,
4104,0.8464285731315613,0.6360167860984802,
4105,0.8547297120094299,0.605607807636261,
4106,0.8621794581413269,0.5793423056602478,
4107,0.8689024448394775,0.5547884106636047,
4108,0.875,0.5355868935585022,
4109,0.8805555701255798,0.5156004428863525,
4110,0.8843085169792175,0.49855366349220276,
4111,0.8890306353569031,0.4798872768878937,
4112,0.8933823704719543,0.46456781029701233,
4113,0.8974056839942932,0.45016250014305115,
4114,0.9011363387107849,0.4382185935974121,
4115,0.9046052694320679,0.42490437626838684,
4116,0.9078390002250671,0.4157184660434723,
4117,0.9108606576919556,0.4048052132129669,
4118,0.913690447807312,0.39480093121528625,
4119,0.9163461327552795,0.3858147859573364,
4120,0.9188432693481445,0.3762631118297577,
4121,0.9211956262588501,0.36678701639175415,
4122,0.922535240650177,0.36279749870300293,
4123,0.9238013625144958,0.3562944531440735,
4124,0.9258333444595337,0.3486335277557373,
4125,0.9277597665786743,0.34082815051078796,
4126,0.9295886158943176,0.33423909544944763,
4127,0.9313271641731262,0.3280736207962036,
4128,0.9329819083213806,0.32322439551353455,
4129,0.9345588088035583,0.317910760641098,
4130,0.9360632300376892,0.3116077482700348,
4131,0.9375,0.30639535188674927,
4132,0.9388736486434937,0.3018200397491455,
4133,0.9401881694793701,0.29652291536331177,
4134,0.941447377204895,0.29156336188316345,
4135,0.9426546096801758,0.2864935100078583,
4136,0.943813145160675,0.28330373764038086,
4137,0.9449257254600525,0.27921879291534424,
4138,0.9459951519966125,0.2752654552459717,
4139,0.9470238089561462,0.2714104950428009,
4140,0.947429895401001,0.26808881759643555,
4141,0.9483944773674011,0.2652653753757477,
4142,0.9493243098258972,0.2615765631198883,
4143,0.9502212405204773,0.25824984908103943,
4144,0.9510869383811951,0.25562697649002075,
4145,0.9519230723381042,0.2527841627597809,
4146,0.9527310729026794,0.2508266568183899,
4147,0.9535123705863953,0.24777334928512573,
4148,0.9542682766914368,0.2447843998670578,
4149,0.9549999833106995,0.24330516159534454,
4150,0.8009259104728699,0.762365460395813,
4151,0.8125,0.719577968120575,
4152,0.8245967626571655,0.6796855926513672,
4153,0.8352272510528564,0.642800509929657,
4154,0.8446428775787354,0.6104901432991028,
4155,0.8530405163764954,0.5824257731437683,
4156,0.8605769276618958,0.5583949685096741,
4157,0.8673780560493469,0.5366144180297852,
4158,0.8735465407371521,0.5140200257301331,
4159,0.8791666626930237,0.49361687898635864,
4160,0.8843085169792175,0.4765428304672241,
4161,0.8890306353569031,0.4619731903076172,
4162,0.8933823704719543,0.44695189595222473,
4163,0.8974056839942932,0.4353855550289154,
4164,0.8999999761581421,0.42352062463760376,
4165,0.9035087823867798,0.4117043614387512,
4166,0.9067796468734741,0.4000599980354309,
4167,0.9098360538482666,0.39192965626716614,
4168,0.9126983880996704,0.3831537067890167,
4169,0.9153845906257629,0.3744198977947235,
4170,0.91697758436203,0.36785709857940674,
4171,0.9193840622901917,0.3596399128437042,
4172,0.9216549396514893,0.3526700437068939,
4173,0.9238013625144958,0.3448490500450134,
4174,0.9258333444595337,0.338967889547348,
4175,0.9277597665786743,0.33212903141975403,
4176,0.9295886158943176,0.3244796693325043,
4177,0.9313271641731262,0.31780752539634705,
4178,0.9329819083213806,0.3120814263820648,
4179,0.9345588088035583,0.3071368634700775,
4180,0.9360632300376892,0.3018171489238739,
4181,0.9375,0.2961563766002655,
4182,0.9375,0.2959252595901489,
4183,0.9388440847396851,0.2914060652256012,
4184,0.9401316046714783,0.28636810183525085,
4185,0.9413659572601318,0.28208547830581665,
4186,0.9425504803657532,0.2780754864215851,
4187,0.9436880946159363,0.2738466262817383,
4188,0.9447815418243408,0.26956629753112793,
4189,0.9458333253860474,0.2659759521484375,
4190,0.9468457698822021,0.2620053291320801,
4191,0.9478210806846619,0.2588379979133606,
4192,0.9487612843513489,0.25534895062446594,
4193,0.9496681690216064,0.2523230016231537,
4194,0.9505434632301331,0.24914298951625824,
4195,0.9508547186851501,0.2463276982307434,
4196,0.9516806602478027,0.244913712143898,
4197,0.952479362487793,0.24172255396842957,
4198,0.9532520174980164,0.2383415848016739,
4199,0.9539999961853027,0.23593120276927948,
4200,0.7847222089767456,0.7695435881614685,
4201,0.7995689511299133,0.7236510515213013,
4202,0.8125,0.6839575171470642,
4203,0.8238636255264282,0.6485170125961304,
4204,0.8339285850524902,0.6144419312477112,
4205,0.8429054021835327,0.5845144391059875,
4206,0.8509615659713745,0.5587509870529175,
4207,0.8582317233085632,0.5343688130378723,
4208,0.8633720874786377,0.5134274363517761,
4209,0.8694444298744202,0.49654310941696167,
4210,0.875,0.4790808856487274,
4211,0.8801020383834839,0.4635784327983856,
4212,0.8848039507865906,0.4472768306732178,
4213,0.8891509175300598,0.4342955946922302,
4214,0.8931818008422852,0.4217722713947296,
4215,0.8947368264198303,0.41343453526496887,
4216,0.8972457647323608,0.40191277861595154,
4217,0.9006147384643555,0.3919452428817749,
4218,0.903769850730896,0.38225606083869934,
4219,0.9067307710647583,0.37519192695617676,
4220,0.9095149040222168,0.3655455410480499,
4221,0.9121376872062683,0.3569728434085846,
4222,0.9146126508712769,0.3493630886077881,
4223,0.9169520735740662,0.34206297993659973,
4224,0.9191666841506958,0.3344503939151764,
4225,0.9212662577629089,0.32757803797721863,
4226,0.9232594966888428,0.320943146944046,
4227,0.9251543283462524,0.31420013308525085,
4228,0.9269578456878662,0.30945712327957153,
4229,0.9286764860153198,0.30419647693634033,
4230,0.9303160905838013,0.2991439402103424,
4231,0.9318820238113403,0.2944718301296234,
4232,0.9333791136741638,0.28947481513023376,
4233,0.9348118305206299,0.2862323522567749,
4234,0.9355263113975525,0.28211328387260437,
4235,0.936855673789978,0.2774757444858551,
4236,0.9381313323974609,0.27317535877227783,
4237,0.9393564462661743,0.2698019742965698,
4238,0.9405339956283569,0.26600322127342224,
4239,0.9416666626930237,0.2621011734008789,
4240,0.9427570104598999,0.25936159491539,
4241,0.9438073635101318,0.255864679813385,
4242,0.9442567825317383,0.2535284757614136,
4243,0.9452433586120605,0.25015848875045776,
4244,0.946195662021637,0.24775712192058563,
4245,0.9465811848640442,0.2467389851808548,
4246,0.9474790096282959,0.2439357340335846,
4247,0.9483470916748047,0.24091283977031708,
4248,0.9491869807243347,0.23811572790145874,
4249,0.949999988079071,0.23523278534412384,
4250,0.7800925970077515,0.8107982873916626,
4251,0.795258641242981,0.7603407502174377,
4252,0.8084677457809448,0.7202288508415222,
4253,0.8200757503509521,0.6803889870643616,
4254,0.8285714387893677,0.6506474018096924,
4255,0.837837815284729,0.6192964315414429,
4256,0.8461538553237915,0.592545211315155,
4257,0.8536585569381714,0.5664712190628052,
4258,0.8604651093482971,0.5456708073616028,
4259,0.8666666746139526,0.5256426930427551,
4260,0.8723404407501221,0.5056247711181641,
4261,0.8775510191917419,0.48652520775794983,
4262,0.8823529481887817,0.46970295906066895,
4263,0.8867924809455872,0.4553092122077942,
4264,0.8909090757369995,0.4430941939353943,
4265,0.8947368264198303,0.42987334728240967,
4266,0.8983050584793091,0.4174562096595764,
4267,0.9016393423080444,0.406038761138916,
4268,0.903769850730896,0.39737290143966675,
4269,0.9067307710647583,0.38742271065711975,
4270,0.9095149040222168,0.3787968158721924,
4271,0.9121376872062683,0.37053442001342773,
4272,0.9146126508712769,0.36195987462997437,
4273,0.9169520735740662,0.35695087909698486,
4274,0.9191666841506958,0.3489550054073334,
4275,0.9212662577629089,0.3414357006549835,
4276,0.9232594966888428,0.33377805352211,
4277,0.9251543283462524,0.32749903202056885,
4278,0.9269578456878662,0.32210662961006165,
4279,0.9286764860153198,0.31623032689094543,
4280,0.9303160905838013,0.31060582399368286,
4281,0.9318820238113403,0.3052750825881958,
4282,0.9333791136741638,0.3004089891910553,
4283,0.9348118305206299,0.2949436902999878,
4284,0.9361842274665833,0.29044389724731445,
4285,0.9375,0.2860065996646881,
4286,0.9387626051902771,0.28183335065841675,
4287,0.9399752616882324,0.2780458331108093,
4288,0.9411407709121704,0.273644357919693,
4289,0.9422619342803955,0.2699624300003052,
4290,0.9433411359786987,0.2666465938091278,
4291,0.9443807601928711,0.26338812708854675,
4292,0.9453828930854797,0.2603555917739868,
4293,0.946349561214447,0.2568947970867157,
4294,0.947282612323761,0.253447562456131,
4295,0.9481837749481201,0.25103139877319336,
4296,0.9490545988082886,0.249934583902359,
4297,0.9498966932296753,0.24799928069114685,
4298,0.9507113695144653,0.2455429583787918,
4299,0.9514999985694885,0.24331404268741608,
4300,0.7824074029922485,0.8040317893028259,
4301,0.7974137663841248,0.7527788877487183,
4302,0.8104838728904724,0.7086028456687927,
4303,0.8200757503509521,0.6748292446136475,
4304,0.8303571343421936,0.6411572694778442,
4305,0.8395270109176636,0.6115029454231262,
4306,0.8477563858032227,0.5851361155509949,
4307,0.855182945728302,0.5605071187019348,
4308,0.8604651093482971,0.5399256348609924,
4309,0.8666666746139526,0.5184045433998108,
4310,0.8723404407501221,0.5003848671913147,
4311,0.8775510191917419,0.48261359333992004,
4312,0.8823529481887817,0.46628689765930176,
4313,0.8867924809455872,0.45172783732414246,
4314,0.8909090757369995,0.4399377405643463,
4315,0.8947368264198303,0.42781510949134827,
4316,0.8983050584793091,0.41593900322914124,
4317,0.9016393423080444,0.40460196137428284,
4318,0.9047619104385376,0.3957459330558777,
4319,0.9076923131942749,0.386624276638031,
4320,0.9104477763175964,0.37624722719192505,
4321,0.9130434989929199,0.3687778115272522,
4322,0.9154929518699646,0.3600219190120697,
4323,0.9178082346916199,0.3517976403236389,
4324,0.9200000166893005,0.3449397683143616,
4325,0.9220778942108154,0.3377429246902466,
4326,0.9240506291389465,0.3309687077999115,
4327,0.9259259104728699,0.32524895668029785,
4328,0.9277108311653137,0.31926101446151733,
4329,0.929411768913269,0.3133118748664856,
4330,0.931034505367279,0.3082605004310608,
4331,0.932584285736084,0.3042408227920532,
4332,0.9333791136741638,0.302039235830307,
4333,0.9348118305206299,0.29672542214393616,
4334,0.9361842274665833,0.29240089654922485,
4335,0.9375,0.2875300645828247,
4336,0.9387626051902771,0.2833951413631439,
4337,0.9393564462661743,0.2799304127693176,
4338,0.9405339956283569,0.2754533290863037,
4339,0.9416666626930237,0.2722928822040558,
4340,0.9427570104598999,0.26959657669067383,
4341,0.9438073635101318,0.2662098705768585,
4342,0.9448198080062866,0.2627888321876526,
4343,0.9457964897155762,0.259441077709198,
4344,0.946739137172699,0.2568804919719696,
4345,0.9476495981216431,0.2537676990032196,
4346,0.9485294222831726,0.25137513875961304,
4347,0.9493801593780518,0.24786534905433655,
4348,0.9502032399177551,0.24533264338970184,
4349,0.9509999752044678,0.2427246868610382,
4350,0.7870370149612427,0.7696288824081421,
4351,0.8017241358757019,0.7245662808418274,
4352,0.8145161271095276,0.6808745861053467,
4353,0.8257575631141663,0.6424353718757629,
4354,0.8321428298950195,0.6128395795822144,
4355,0.8412162065505981,0.5830696225166321,
4356,0.8477563858032227,0.5592911839485168,
4357,0.855182945728302,0.5359801054000854,
4358,0.8619186282157898,0.5150552988052368,
4359,0.8680555820465088,0.49492624402046204,
4360,0.873670220375061,0.4780605733394623,
4361,0.8788265585899353,0.463140070438385,
4362,0.8835784196853638,0.4477854371070862,
4363,0.8879716992378235,0.4345318377017975,
4364,0.8920454382896423,0.42096564173698425,
4365,0.8958333134651184,0.40857455134391785,
4366,0.8993644118309021,0.39647790789604187,
4367,0.9026639461517334,0.38558894395828247,
4368,0.9057539701461792,0.37568238377571106,
4369,0.9086538553237915,0.36629804968833923,
4370,0.9113805890083313,0.35969969630241394,
4371,0.9130434989929199,0.3537810146808624,
4372,0.9154929518699646,0.345986932516098,
4373,0.9178082346916199,0.33863893151283264,
4374,0.9200000166893005,0.33156201243400574,
4375,0.9220778942108154,0.32466253638267517,
4376,0.9240506291389465,0.3184736371040344,
4377,0.9259259104728699,0.31237977743148804,
4378,0.9277108311653137,0.3066534101963043,
4379,0.929411768913269,0.30059850215911865,
4380,0.931034505367279,0.29479745030403137,
4381,0.932584285736084,0.2895757555961609,
4382,0.9340659379959106,0.28462618589401245,
4383,0.9354838728904724,0.27982696890830994,
4384,0.9368420839309692,0.2762835919857025,
4385,0.938144326210022,0.2723490595817566,
4386,0.939393937587738,0.26829734444618225,
4387,0.9405940771102905,0.26433610916137695,
4388,0.9417475461959839,0.2614137828350067,
4389,0.9428571462631226,0.2581649124622345,
4390,0.9433411359786987,0.25570082664489746,
4391,0.9443807601928711,0.2530505061149597,
4392,0.9453828930854797,0.24990029633045197,
4393,0.946349561214447,0.24669937789440155,
4394,0.947282612323761,0.24324050545692444,
4395,0.9481837749481201,0.24041523039340973,
4396,0.9490545988082886,0.23738929629325867,
4397,0.9498966932296753,0.2343319207429886,
4398,0.9507113695144653,0.2314903438091278,
4399,0.9514999985694885,0.2287156730890274,
4400,0.8032407164573669,0.7604584097862244,
4401,0.8168103694915771,0.7111746668815613,
4402,0.8286290168762207,0.6690022945404053,
4403,0.8390151262283325,0.6344906091690063,
4404,0.8482142686843872,0.6014600396156311,
4405,0.8564189076423645,0.573826253414154,
4406,0.8637820482254028,0.5473451614379883,
4407,0.8689024448394775,0.5270190834999084,
4408,0.875,0.5043132901191711,
4409,0.8805555701255798,0.4845556914806366,
4410,0.8856382966041565,0.46641072630882263,
4411,0.8890306353569031,0.4525357186794281,
4412,0.8933823704719543,0.43789878487586975,
4413,0.8974056839942932,0.42542126774787903,
4414,0.9011363387107849,0.41574105620384216,
4415,0.9035087823867798,0.4071030914783478,
4416,0.9067796468734741,0.39631274342536926,
4417,0.9098360538482666,0.3863987624645233,
4418,0.9126983880996704,0.37579917907714844,
4419,0.9153845906257629,0.3674880862236023,
4420,0.9179104566574097,0.35923275351524353,
4421,0.9202898740768433,0.35131996870040894,
4422,0.922535240650177,0.3439555764198303,
4423,0.9246575236320496,0.3356718420982361,
4424,0.9266666769981384,0.3288423717021942,
4425,0.9285714030265808,0.3226906657218933,
4426,0.9303797483444214,0.31580227613449097,
4427,0.9313271641731262,0.3115931749343872,
4428,0.9329819083213806,0.3057296872138977,
4429,0.9345588088035583,0.2998659014701843,
4430,0.9360632300376892,0.2944926619529724,
4431,0.9375,0.28890684247016907,
4432,0.9388736486434937,0.2844223380088806,
4433,0.9401881694793701,0.28091734647750854,
4434,0.941447377204895,0.27644509077072144,
4435,0.9426546096801758,0.2725104093551636,
4436,0.943813145160675,0.2684475779533386,
4437,0.9449257254600525,0.2645670771598816,
4438,0.9453883767127991,0.26430150866508484,
4439,0.9464285969734192,0.2605304419994354,
4440,0.947429895401001,0.2580117881298065,
4441,0.9483944773674011,0.25537267327308655,
4442,0.9493243098258972,0.2519795894622803,
4443,0.9496681690216064,0.24897584319114685,
4444,0.9505434632301331,0.24615585803985596,
4445,0.9513888955116272,0.2429262399673462,
4446,0.9522058963775635,0.24089010059833527,
4447,0.9529958963394165,0.23804529011249542,
4448,0.9537601470947266,0.23541082441806793,
4449,0.9545000195503235,0.23341049253940582,
4450,0.7893518805503845,0.7925755381584167,
4451,0.8038793206214905,0.7474954128265381,
4452,0.8165322542190552,0.7026276588439941,
4453,0.8276515007019043,0.6641233563423157,
4454,0.8374999761581421,0.6292727589607239,
4455,0.8445945978164673,0.6023718118667603,
4456,0.8525640964508057,0.5751153826713562,
4457,0.855182945728302,0.5572722554206848,
4458,0.8619186282157898,0.5354205369949341,
4459,0.8680555820465088,0.5145178437232971,
4460,0.873670220375061,0.4962772727012634,
4461,0.8788265585899353,0.4827604591846466,
4462,0.8835784196853638,0.4691959321498871,
4463,0.8879716992378235,0.4557335376739502,
4464,0.8909090757369995,0.44255292415618896,
4465,0.8947368264198303,0.429309606552124,
4466,0.8983050584793091,0.41782230138778687,
4467,0.9016393423080444,0.4066670835018158,
4468,0.9047619104385376,0.3962247371673584,
4469,0.9076923131942749,0.38693079352378845,
4470,0.9104477763175964,0.37753820419311523,
4471,0.9130434989929199,0.3686460554599762,
4472,0.9154929518699646,0.36010685563087463,
4473,0.9169520735740662,0.35402652621269226,
4474,0.9191666841506958,0.3460654318332672,
4475,0.9212662577629089,0.3390084207057953,
4476,0.9232594966888428,0.3333042860031128,
4477,0.9251543283462524,0.32730844616889954,
4478,0.9269578456878662,0.3213830888271332,
4479,0.9286764860153198,0.3158908486366272,
4480,0.9303160905838013,0.31072157621383667,
4481,0.9318820238113403,0.30463334918022156,
4482,0.9333791136741638,0.3005538880825043,
4483,0.9348118305206299,0.2952998876571655,
4484,0.9361842274665833,0.29042482376098633,
4485,0.9375,0.28574055433273315,
4486,0.9387626051902771,0.28099775314331055,
4487,0.9399752616882324,0.2769850492477417,
4488,0.9405339956283569,0.2734439969062805,
4489,0.9416666626930237,0.26942306756973267,
4490,0.9427570104598999,0.26621726155281067,
4491,0.9438073635101318,0.26283660531044006,
4492,0.9448198080062866,0.2598048448562622,
4493,0.9457964897155762,0.25663429498672485,
4494,0.946739137172699,0.2536715567111969,
4495,0.9476495981216431,0.2501826882362366,
4496,0.9485294222831726,0.24835264682769775,
4497,0.9493801593780518,0.24507713317871094,
4498,0.9496951103210449,0.2438560128211975,
4499,0.9505000114440918,0.24081581830978394,
4500,0.8101851940155029,0.7513037323951721,
4501,0.8232758641242981,0.7054194211959839,
4502,0.8346773982048035,0.66329425573349,
4503,0.8446969985961914,0.6280871033668518,
4504,0.8535714149475098,0.5960109233856201,
4505,0.8614864945411682,0.5674136281013489,
4506,0.8669871687889099,0.5447173714637756,
4507,0.8734756112098694,0.5224102139472961,
4508,0.8793604373931885,0.5010973811149597,
4509,0.8847222328186035,0.4838230013847351,
4510,0.8869680762290955,0.4712793529033661,
4511,0.891581654548645,0.45395421981811523,
4512,0.8958333134651184,0.44116243720054626,
4513,0.8997641801834106,0.42782437801361084,
4514,0.9034090638160706,0.41505733132362366,
4515,0.906798243522644,0.40254050493240356,
4516,0.9088982939720154,0.39371728897094727,
4517,0.9118852615356445,0.3836677372455597,
4518,0.9146825671195984,0.37367305159568787,
4519,0.9173076748847961,0.3655240535736084,
4520,0.9197761416435242,0.356290340423584,
4521,0.9221014380455017,0.3488785922527313,
4522,0.9242957830429077,0.3407239615917206,
4523,0.926369845867157,0.33408600091934204,
4524,0.9283333420753479,0.32703202962875366,
4525,0.9301947951316833,0.3204728662967682,
4526,0.9319620132446289,0.31471356749534607,
4527,0.9336419701576233,0.30826297402381897,
4528,0.9352409839630127,0.3032257556915283,
4529,0.9367647171020508,0.29869750142097473,
4530,0.9382184147834778,0.2942819595336914,
4531,0.9396067261695862,0.2890528440475464,
4532,0.9409340620040894,0.28419724106788635,
4533,0.9422042965888977,0.2796289920806885,
4534,0.9434210658073425,0.2758283317089081,
4535,0.9445876479148865,0.2726154923439026,
4536,0.9457070827484131,0.26879438757896423,
4537,0.9467821717262268,0.2648596465587616,
4538,0.9478155374526978,0.2606281340122223,
4539,0.9482142925262451,0.25880637764930725,
4540,0.9485981464385986,0.2558319568634033,
4541,0.9495412707328796,0.25301316380500793,
4542,0.9498873949050903,0.24973174929618835,
4543,0.9507743120193481,0.2468462884426117,
4544,0.9516304135322571,0.24408961832523346,
4545,0.9524572491645813,0.24107399582862854,
4546,0.9532563090324402,0.2377912700176239,
4547,0.9540289044380188,0.23569783568382263,
4548,0.954776406288147,0.2329358011484146,
4549,0.9555000066757202,0.2311549186706543,
4550,0.7870370149612427,0.7537912726402283,
4551,0.8017241358757019,0.708705484867096,
4552,0.8145161271095276,0.6687599420547485,
4553,0.8257575631141663,0.6311787366867065,
4554,0.8357142806053162,0.5989953279495239,
4555,0.8445945978164673,0.5701188445091248,
4556,0.8525640964508057,0.5448912978172302,
4557,0.8597561120986938,0.5224637985229492,
4558,0.8648256063461304,0.5040330290794373,
4559,0.8708333373069763,0.48402804136276245,
4560,0.876329779624939,0.467937171459198,
4561,0.8813775777816772,0.45234084129333496,
4562,0.8860294222831726,0.43715083599090576,
4563,0.8903301954269409,0.4226219356060028,
4564,0.894318163394928,0.41019734740257263,
4565,0.8980262875556946,0.39777326583862305,
4566,0.9014830589294434,0.38791656494140625,
4567,0.9047130942344666,0.37852737307548523,
4568,0.9077380895614624,0.36869868636131287,
4569,0.9105769395828247,0.35936230421066284,
4570,0.9132462739944458,0.3509153127670288,
4571,0.9148550629615784,0.34633389115333557,
4572,0.9163732528686523,0.3399707078933716,
4573,0.9186643958091736,0.33387771248817444,
4574,0.9208333492279053,0.3281416594982147,
4575,0.9228895902633667,0.321842223405838,
4576,0.9248417615890503,0.3150629699230194,
4577,0.9266975522041321,0.30843886733055115,
4578,0.928463876247406,0.30297335982322693,
4579,0.9301470518112183,0.2971515953540802,
4580,0.9317528605461121,0.2922291159629822,
4581,0.9332864880561829,0.2880648076534271,
4582,0.9347527623176575,0.28391650319099426,
4583,0.9361559152603149,0.2789103388786316,
4584,0.9375,0.2741527855396271,
4585,0.938144326210022,0.27087506651878357,
4586,0.939393937587738,0.26650986075401306,
4587,0.9405940771102905,0.26224204897880554,
4588,0.9417475461959839,0.2585190236568451,
4589,0.9428571462631226,0.2545301616191864,
4590,0.9439252614974976,0.25141850113868713,
4591,0.9449541568756104,0.24811913073062897,
4592,0.9459459185600281,0.2446368932723999,
4593,0.9469026327133179,0.2419714331626892,
4594,0.947826087474823,0.2391955405473709,
4595,0.9487179517745972,0.23661163449287415,
4596,0.9495798349380493,0.234028622508049,
4597,0.9504132270812988,0.23128047585487366,
4598,0.9512194991111755,0.22855493426322937,
4599,0.9520000219345093,0.22577929496765137,
4600,0.8078703880310059,0.7559060454368591,
4601,0.8211206793785095,0.7087105512619019,
4602,0.8306451439857483,0.6729710698127747,
4603,0.8409090638160706,0.636048436164856,
4604,0.8500000238418579,0.6026492118835449,
4605,0.8581081032752991,0.5753499269485474,
4606,0.8653846383094788,0.5476669073104858,
4607,0.8719512224197388,0.5232301354408264,
4608,0.8779069781303406,0.502978503704071,
4609,0.8833333253860474,0.4835616648197174,
4610,0.8882978558540344,0.46722087264060974,
4611,0.8928571343421936,0.45091551542282104,
4612,0.8970588445663452,0.43734684586524963,
4613,0.900943398475647,0.4224548637866974,
4614,0.9045454263687134,0.40942323207855225,
4615,0.9078947305679321,0.3995893597602844,
4616,0.9110169410705566,0.3900681436061859,
4617,0.9139344096183777,0.381660521030426,
4618,0.9166666865348816,0.3716387450695038,
4619,0.9192307591438293,0.36281055212020874,
4620,0.9216417670249939,0.3538816571235657,
4621,0.9230072498321533,0.34784549474716187,
4622,0.9251760840415955,0.340265154838562,
4623,0.9272260069847107,0.3330596685409546,
4624,0.9291666746139526,0.32774674892425537,
4625,0.9310064911842346,0.32237306237220764,
4626,0.9327531456947327,0.31697678565979004,
4627,0.9336419701576233,0.3140682280063629,
4628,0.9352409839630127,0.3094150722026825,
4629,0.9367647171020508,0.3038441240787506,
4630,0.9382184147834778,0.29865527153015137,
4631,0.9396067261695862,0.2935563921928406,
4632,0.9409340620040894,0.28845372796058655,
4633,0.9422042965888977,0.28399142622947693,
4634,0.9434210658073425,0.279837965965271,
4635,0.9445876479148865,0.2759411633014679,
4636,0.9457070827484131,0.27210769057273865,
4637,0.9467821717262268,0.26828068494796753,
4638,0.9478155374526978,0.26501354575157166,
4639,0.9488095045089722,0.26187461614608765,
4640,0.9497663378715515,0.25790324807167053,
4641,0.9506880640983582,0.2549389600753784,
4642,0.9515765905380249,0.25230279564857483,
4643,0.9518805146217346,0.24903559684753418,
4644,0.9527173638343811,0.24641332030296326,
4645,0.9535256624221802,0.24311311542987823,
4646,0.9543067216873169,0.24007603526115417,
4647,0.9550619721412659,0.237637460231781,
4648,0.9557926654815674,0.23531202971935272,
4649,0.9564999938011169,0.23246999084949493,
4650,0.8032407164573669,0.7633341550827026,
4651,0.8168103694915771,0.7179598212242126,
4652,0.8286290168762207,0.6789548397064209,
4653,0.8390151262283325,0.6420984268188477,
4654,0.8464285731315613,0.6130744814872742,
4655,0.8547297120094299,0.5859774947166443,
4656,0.8605769276618958,0.5615273714065552,
4657,0.8673780560493469,0.5387530326843262,
4658,0.8735465407371521,0.5175277590751648,
4659,0.8791666626930237,0.4984130561351776,
4660,0.8843085169792175,0.479848712682724,
4661,0.8890306353569031,0.46318551898002625,
4662,0.8921568393707275,0.45034295320510864,
4663,0.8962264060974121,0.43628013134002686,
4664,0.8999999761581421,0.42229145765304565,
4665,0.9035087823867798,0.4096623659133911,
4666,0.9067796468734741,0.3977973759174347,
4667,0.9098360538482666,0.3866339921951294,
4668,0.9126983880996704,0.3775244951248169,
4669,0.9153845906257629,0.3678988516330719,
4670,0.9179104566574097,0.35869765281677246,
4671,0.9202898740768433,0.3495403230190277,
4672,0.922535240650177,0.3417557179927826,
4673,0.9246575236320496,0.33496785163879395,
4674,0.9266666769981384,0.3282725214958191,
4675,0.9285714030265808,0.32133278250694275,
4676,0.9303797483444214,0.3151145279407501,
4677,0.9320987462997437,0.30881813168525696,
4678,0.9337349534034729,0.3026982843875885,
4679,0.9352940917015076,0.29708316922187805,
4680,0.9353448152542114,0.2949230670928955,
4681,0.9367977380752563,0.2900795042514801,
4682,0.9381868243217468,0.28520283102989197,
4683,0.9395161271095276,0.2812197208404541,
4684,0.9407894611358643,0.2768805921077728,
4685,0.9420102834701538,0.2730439603328705,
4686,0.9431818127632141,0.2698419392108917,
4687,0.9443069100379944,0.26571476459503174,
4688,0.9453883767127991,0.2623574435710907,
4689,0.9464285969734192,0.25841450691223145,
4690,0.947429895401001,0.2548142671585083,
4691,0.9483944773674011,0.25122520327568054,
4692,0.9493243098258972,0.24802660942077637,
4693,0.9502212405204773,0.24488160014152527,
4694,0.9510869383811951,0.24135495722293854,
4695,0.9519230723381042,0.23807242512702942,
4696,0.9522058963775635,0.23572446405887604,
4697,0.9529958963394165,0.2330917865037918,
4698,0.9537601470947266,0.23043186962604523,
4699,0.9545000195503235,0.22903592884540558,
4700,0.8078703880310059,0.7590309977531433,
4701,0.8211206793785095,0.7176598310470581,
4702,0.8326612710952759,0.6744047403335571,
4703,0.8428030014038086,0.6374691128730774,
4704,0.8517857193946838,0.6087767481803894,
4705,0.8597972989082336,0.5787786245346069,
4706,0.8669871687889099,0.5522738695144653,
4707,0.8734756112098694,0.5304741263389587,
4708,0.8793604373931885,0.50986248254776,
4709,0.8833333253860474,0.49715089797973633,
4710,0.8882978558540344,0.48043254017829895,
4711,0.8928571343421936,0.46489015221595764,
4712,0.8970588445663452,0.4497222900390625,
4713,0.8997641801834106,0.4379907250404358,
4714,0.9034090638160706,0.424314022064209,
4715,0.906798243522644,0.4114797115325928,
4716,0.9099576473236084,0.4006112515926361,
4717,0.9129098653793335,0.3909655809402466,
4718,0.91567462682724,0.38421276211738586,
4719,0.9182692170143127,0.37498384714126587,
4720,0.920708954334259,0.3659815788269043,
4721,0.9230072498321533,0.3585565686225891,
4722,0.9251760840415955,0.35028931498527527,
4723,0.9272260069847107,0.3433256149291992,
4724,0.9291666746139526,0.3368276357650757,
4725,0.9310064911842346,0.33066123723983765,
4726,0.9327531456947327,0.3236570358276367,
4727,0.9344135522842407,0.3174441158771515,
4728,0.9359939694404602,0.31175607442855835,
4729,0.9375,0.30693209171295166,
4730,0.9389367699623108,0.3014034330844879,
4731,0.9403089880943298,0.2963693141937256,
4732,0.9409340620040894,0.2916633188724518,
4733,0.9422042965888977,0.28713420033454895,
4734,0.9434210658073425,0.2825024425983429,
4735,0.9426546096801758,0.28138482570648193,
4736,0.943813145160675,0.2767871618270874,
4737,0.9449257254600525,0.27317431569099426,
4738,0.9459951519966125,0.26958829164505005,
4739,0.9470238089561462,0.2662164866924286,
4740,0.9480140209197998,0.2635400891304016,
4741,0.9489678740501404,0.25968292355537415,
4742,0.9498873949050903,0.2560557723045349,
4743,0.9507743120193481,0.2527365982532501,
4744,0.9516304135322571,0.24958428740501404,
4745,0.9524572491645813,0.24646148085594177,
4746,0.9532563090324402,0.2440767139196396,
4747,0.9540289044380188,0.24166299402713776,
4748,0.954776406288147,0.23932544887065887,
4749,0.9549999833106995,0.23746100068092346,
4750,0.7962962985038757,0.7666781544685364,
4751,0.8103448152542114,0.7194371819496155,
4752,0.8225806355476379,0.68048495054245,
4753,0.8314393758773804,0.6473726034164429,
4754,0.8410714268684387,0.6134245991706848,
4755,0.8479729890823364,0.5856736898422241,
4756,0.8557692170143127,0.5582689642906189,
4757,0.8612805008888245,0.5359598398208618,
4758,0.867732584476471,0.5144358277320862,
4759,0.8736110925674438,0.49542176723480225,
4760,0.8789893388748169,0.47688618302345276,
4761,0.8839285969734192,0.46085280179977417,
4762,0.8860294222831726,0.4484264850616455,
4763,0.8903301954269409,0.4336690604686737,
4764,0.894318163394928,0.41942185163497925,
4765,0.8969298005104065,0.40863171219825745,
4766,0.9004237055778503,0.3964795768260956,
4767,0.9036885499954224,0.3848702907562256,
4768,0.9057539701461792,0.3783922493457794,
4769,0.9086538553237915,0.36805495619773865,
4770,0.9113805890083313,0.35945650935173035,
4771,0.9139492511749268,0.3515687882900238,
4772,0.9163732528686523,0.3434087336063385,
4773,0.9186643958091736,0.3369554877281189,
4774,0.9208333492279053,0.33025696873664856,
4775,0.9228895902633667,0.3245317339897156,
4776,0.9248417615890503,0.31857025623321533,
4777,0.9259259104728699,0.3131971061229706,
4778,0.9277108311653137,0.30744120478630066,
4779,0.929411768913269,0.3014374375343323,
4780,0.931034505367279,0.2960623800754547,
4781,0.932584285736084,0.2915710210800171,
4782,0.9340659379959106,0.28679439425468445,
4783,0.9354838728904724,0.2812744975090027,
4784,0.9368420839309692,0.2764461636543274,
4785,0.938144326210022,0.27280911803245544,
4786,0.939393937587738,0.26940712332725525,
4787,0.9405940771102905,0.26520490646362305,
4788,0.9417475461959839,0.2616836130619049,
4789,0.9428571462631226,0.2583720088005066,
4790,0.9427570104598999,0.25577306747436523,
4791,0.9438073635101318,0.2528908848762512,
4792,0.9448198080062866,0.24926939606666565,
4793,0.9457964897155762,0.24712702631950378,
4794,0.946739137172699,0.243584543466568,
4795,0.9476495981216431,0.2404569387435913,
4796,0.9480041861534119,0.2385140359401703,
4797,0.9488636255264282,0.23589791357517242,
4798,0.9496951103210449,0.2334837168455124,
4799,0.9505000114440918,0.23143146932125092,
4800,0.7939814925193787,0.7643899321556091,
4801,0.8081896305084229,0.7167017459869385,
4802,0.8205645084381104,0.674446702003479,
4803,0.8295454382896423,0.63996422290802,
4804,0.8392857313156128,0.6077000498771667,
4805,0.8479729890823364,0.5780719518661499,
4806,0.8557692170143127,0.556016743183136,
4807,0.8628048896789551,0.531754732131958,
4808,0.8691860437393188,0.5118812322616577,
4809,0.875,0.4936208128929138,
4810,0.8803191781044006,0.4748848080635071,
4811,0.8852040767669678,0.4586734473705292,
4812,0.8897058963775635,0.44217026233673096,
4813,0.8938679099082947,0.42805320024490356,
4814,0.8977272510528564,0.4149666726589203,
4815,0.9013158082962036,0.40250614285469055,
4816,0.9046609997749329,0.39154350757598877,
4817,0.9077869057655334,0.3802257478237152,
4818,0.9107142686843872,0.3702274560928345,
4819,0.9134615659713745,0.36206087470054626,
4820,0.9160447716712952,0.3532860577106476,
4821,0.91847825050354,0.3451787531375885,
4822,0.9207746386528015,0.3371656835079193,
4823,0.9229452013969421,0.3308810889720917,
4824,0.925000011920929,0.32498958706855774,
4825,0.926948070526123,0.3180086612701416,
4826,0.9287974834442139,0.31209635734558105,
4827,0.9305555820465088,0.30658867955207825,
4828,0.9322289228439331,0.3006870746612549,
4829,0.9338235259056091,0.2962445318698883,
4830,0.9353448152542114,0.2921810746192932,
4831,0.9367977380752563,0.28678226470947266,
4832,0.9381868243217468,0.2819559872150421,
4833,0.9395161271095276,0.27725136280059814,
4834,0.9407894611358643,0.2733643352985382,
4835,0.9420102834701538,0.26880690455436707,
4836,0.9431818127632141,0.2643396258354187,
4837,0.9443069100379944,0.26093459129333496,
4838,0.9453883767127991,0.2571949362754822,
4839,0.9464285969734192,0.2533223032951355,
4840,0.947429895401001,0.24973949790000916,
4841,0.9483944773674011,0.24639920890331268,
4842,0.9493243098258972,0.24447324872016907,
4843,0.9502212405204773,0.24180394411087036,
4844,0.9510869383811951,0.23870667815208435,
4845,0.9519230723381042,0.2368738204240799,
4846,0.9522058963775635,0.23571425676345825,
4847,0.9529958963394165,0.23332083225250244,
4848,0.9537601470947266,0.23097525537014008,
4849,0.9545000195503235,0.22801223397254944,
4850,0.7916666865348816,0.7597218155860901,
4851,0.806034505367279,0.7122839093208313,
4852,0.8185483813285828,0.6745177507400513,
4853,0.8295454382896423,0.6356939673423767,
4854,0.8392857313156128,0.6053692102432251,
4855,0.8462837934494019,0.5820077657699585,
4856,0.8541666865348816,0.5555508732795715,
4857,0.8612805008888245,0.530899167060852,
4858,0.867732584476471,0.5111573934555054,
4859,0.8722222447395325,0.4940508008003235,
4860,0.8776595592498779,0.4765135645866394,
4861,0.8826530575752258,0.4588162302970886,
4862,0.8872548937797546,0.4441596269607544,
4863,0.8915094137191772,0.42942771315574646,
4864,0.894318163394928,0.41819682717323303,
4865,0.8980262875556946,0.4070657193660736,
4866,0.9014830589294434,0.39678916335105896,
4867,0.9047130942344666,0.38697221875190735,
4868,0.9077380895614624,0.37742263078689575,
4869,0.9105769395828247,0.36905428767204285,
4870,0.9132462739944458,0.3603200912475586,
4871,0.91576087474823,0.35171589255332947,
4872,0.9181337952613831,0.3437502980232239,
4873,0.920376718044281,0.3375526964664459,
4874,0.9225000143051147,0.33129414916038513,
4875,0.9245129823684692,0.32437610626220703,
4876,0.925632894039154,0.3185032904148102,
4877,0.9274691343307495,0.31224408745765686,
4878,0.9292168617248535,0.306050568819046,
4879,0.9308823347091675,0.3002021014690399,
4880,0.9324712753295898,0.29599639773368835,
4881,0.9339887499809265,0.2901998460292816,
4882,0.9354395866394043,0.28606340289115906,
4883,0.9368279576301575,0.28137698769569397,
4884,0.9381579160690308,0.27667585015296936,
4885,0.9394329786300659,0.27247971296310425,
4886,0.9406565427780151,0.2683298587799072,
4887,0.9418317079544067,0.2641870081424713,
4888,0.9429611563682556,0.2604922652244568,
4889,0.9440476298332214,0.25670379400253296,
4890,0.9450934529304504,0.25366276502609253,
4891,0.9461008906364441,0.25068894028663635,
4892,0.9465090036392212,0.24826782941818237,
4893,0.9474557638168335,0.245323047041893,
4894,0.948369562625885,0.24168547987937927,
4895,0.9487179517745972,0.23879271745681763,
4896,0.9495798349380493,0.23566387593746185,
4897,0.9498966932296753,0.23500923812389374,
4898,0.9507113695144653,0.23222671449184418,
4899,0.9514999985694885,0.22945457696914673,
4900,0.8171296119689941,0.7442679405212402,
4901,0.829741358757019,0.6955109238624573,
4902,0.8407257795333862,0.6553805470466614,
4903,0.8503788113594055,0.6206474304199219,
4904,0.8589285612106323,0.5916648507118225,
4905,0.8665540814399719,0.5631731152534485,
4906,0.8733974099159241,0.5386252999305725,
4907,0.8795731663703918,0.5160762071609497,
4908,0.8851743936538696,0.4939335584640503,
4909,0.8902778029441833,0.4750349819660187,
4910,0.894946813583374,0.4602486193180084,
4911,0.8992347121238708,0.4440891444683075,
4912,0.9031862616539001,0.43000558018684387,
4913,0.9056603908538818,0.4196787476539612,
4914,0.9090909361839294,0.40679845213890076,
4915,0.9122806787490845,0.3946429193019867,
4916,0.9152542352676392,0.3843288719654083,
4917,0.9180327653884888,0.373735249042511,
4918,0.920634925365448,0.36417174339294434,
4919,0.9230769276618958,0.35429930686950684,
4920,0.9253731369972229,0.34570688009262085,
4921,0.9275362491607666,0.3380243182182312,
4922,0.9295774698257446,0.32925963401794434,
4923,0.931506872177124,0.3230741620063782,
4924,0.9325000047683716,0.3178808093070984,
4925,0.9342532753944397,0.31258130073547363,
4926,0.9359177350997925,0.30671918392181396,
4927,0.9375,0.3005949854850769,
4928,0.9390060305595398,0.29615870118141174,
4929,0.9404411911964417,0.29058730602264404,
4930,0.9410919547080994,0.2860933840274811,
4931,0.942415714263916,0.2810499966144562,
4932,0.9436812996864319,0.2760508060455322,
4933,0.9448924660682678,0.27108317613601685,
4934,0.946052610874176,0.26651087403297424,
4935,0.9471649527549744,0.2626103162765503,
4936,0.9476010203361511,0.25884824991226196,
4937,0.9486386179924011,0.25451263785362244,
4938,0.949635922908783,0.25049805641174316,
4939,0.9505952596664429,0.24701867997646332,
4940,0.9509345889091492,0.24497292935848236,
4941,0.9518348574638367,0.24167759716510773,
4942,0.9527027010917664,0.23853211104869843,
4943,0.9535398483276367,0.2349889576435089,
4944,0.9543478488922119,0.23219558596611023,
4945,0.9551281929016113,0.22996476292610168,
4946,0.9558823704719543,0.2270420789718628,
4947,0.9566115736961365,0.2244282066822052,
4948,0.957317054271698,0.2217884659767151,
4949,0.9580000042915344,0.22006282210350037,
4950,0.8078703880310059,0.7570011019706726,
4951,0.8211206793785095,0.7093988656997681,
4952,0.8326612710952759,0.6678427457809448,
4953,0.8428030014038086,0.6315531134605408,
4954,0.8517857193946838,0.5991595983505249,
4955,0.8597972989082336,0.5701155066490173,
4956,0.8669871687889099,0.5456990003585815,
4957,0.8734756112098694,0.5210829377174377,
4958,0.8793604373931885,0.5006267428398132,
4959,0.8847222328186035,0.48022979497909546,
4960,0.8896276354789734,0.46247315406799316,
4961,0.894132673740387,0.4452040493488312,
4962,0.8982843160629272,0.430753231048584,
4963,0.900943398475647,0.41867002844810486,
4964,0.9045454263687134,0.40836092829704285,
4965,0.9078947305679321,0.39712727069854736,
4966,0.9110169410705566,0.38531172275543213,
4967,0.9139344096183777,0.37536942958831787,
4968,0.9146825671195984,0.3678596019744873,
4969,0.9173076748847961,0.3597400486469269,
4970,0.9197761416435242,0.35071903467178345,
4971,0.9221014380455017,0.3431435227394104,
4972,0.9242957830429077,0.3350391685962677,
4973,0.926369845867157,0.32750898599624634,
4974,0.9283333420753479,0.32032454013824463,
4975,0.9301947951316833,0.3135596811771393,
4976,0.9319620132446289,0.307108074426651,
4977,0.9336419701576233,0.30107152462005615,
4978,0.9352409839630127,0.2957181930541992,
4979,0.9367647171020508,0.290000855922699,
4980,0.9382184147834778,0.28720423579216003,
4981,0.9396067261695862,0.2818831205368042,
4982,0.9409340620040894,0.277896523475647,
4983,0.9422042965888977,0.27319595217704773,
4984,0.9434210658073425,0.26816195249557495,
4985,0.9445876479148865,0.26334893703460693,
4986,0.9450757503509521,0.26030898094177246,
4987,0.9461633563041687,0.25680509209632874,
4988,0.9472087621688843,0.25292637944221497,
4989,0.9482142925262451,0.24927622079849243,
4990,0.9491822719573975,0.2472490668296814,
4991,0.9501146674156189,0.24335291981697083,
4992,0.9510135054588318,0.2398785650730133,
4993,0.9518805146217346,0.23685333132743835,
4994,0.9527173638343811,0.2352161854505539,
4995,0.9535256624221802,0.2327260673046112,
4996,0.9543067216873169,0.2298673391342163,
4997,0.9550619721412659,0.22801682353019714,
4998,0.9557926654815674,0.22522199153900146,
4999,0.9564999938011169,0.22257988154888153,
