batch,mean_loss,std_loss,mean_accuracy,std_accuracy
0,7.993824481964111,0.028779216862390794,0.140625,0.02209708691207961
1,7.994122505187988,0.017166242811093097,0.12890625,0.027621358640099514
2,8.00512957572937,0.018542253121276765,0.1119791679084301,0.018414237337280988
3,8.005301237106323,0.01765346037987903,0.107421875,0.01933495104806966
4,8.008983850479126,0.01692179108972991,0.10312499850988388,0.02209708691207961
5,8.004334688186646,0.01682468475076081,0.109375,0.011048543456039806
6,8.00472903251648,0.014349147456624939,0.1049107126891613,0.00947018085779927
7,8.007270574569702,0.014045690147346501,0.103515625,0.011048543456039806
8,8.007201433181763,0.014475250827369534,0.1041666679084301,0.00982092693110693
9,8.006412029266357,0.01367648375439107,0.10390625149011612,0.005524271728019903
10,8.005741596221924,0.012623149716406806,0.10440341010689735,0.003013241519081794
11,8.00507378578186,0.01258707201408148,0.10546875,0.0018414274215773434
12,8.005038738250732,0.01245591102151558,0.10697115212678909,0.005099326127908813
13,8.005450963973999,0.0109436820969447,0.1043526753783226,0.005524271728019903
14,8.005227088928223,0.009837411617230753,0.10572916641831398,0.005155987297375647
15,8.005705118179321,0.011160148310896652,0.10302734375,0.00621480569402239
16,8.005734205245972,0.009824261800495355,0.10064338520169258,0.004549399316894732
17,8.006659030914307,0.009125972814366863,0.0993923619389534,0.0018414274215773434
18,8.006775856018066,0.0072411657489596815,0.09950657933950424,0.0011630001378096098
19,8.005393028259277,0.007392220054022726,0.1015625,0.0022097065838655354
20,8.004565954208374,0.008238191597333392,0.1015625,0.004735093063077667
21,8.003569841384888,0.007800538722396267,0.10227272659540176,0.002008824167150487
22,8.001820802688599,0.008701469756165139,0.10495923832058907,0.004323344694906552
23,8.000481843948364,0.007359514099578272,0.1064453125,0.0004603594895723678
24,7.999714136123657,0.007107307358089082,0.10625000298023224,0.0
25,7.999451160430908,0.006622787187607845,0.10516826808452606,0.0
26,7.999056100845337,0.00648960314631342,0.1050347238779068,0.00040920375219227013
27,7.998567581176758,0.006415761867722333,0.1051897294819355,0.0011837732657694168
28,7.99788498878479,0.005348603663426496,0.10533405095338821,0.0019049216488590053
29,7.997443199157715,0.004390015740894722,0.10572916641831398,0.004419418436087135
30,7.996869325637817,0.004682346282166283,0.10483871027827263,0.005702473871880026
31,7.9960784912109375,0.004837109509898286,0.10498046875,0.005524271728019903
32,7.995820999145508,0.004868803939978478,0.10345644131302834,0.00569167374194911
33,7.99503493309021,0.004750455589359888,0.10340073332190514,0.005849229198394959
34,7.994495630264282,0.004514433237698881,0.10401785746216774,0.005682106407337137
35,7.994058847427368,0.0038630115471145034,0.1046006940305233,0.006751888252952777
36,7.993689060211182,0.0033049872728302663,0.10409628599882126,0.008062449775755091
37,7.9929444789886475,0.003547415945464929,0.10382401198148727,0.00901328267816086
38,7.992225408554077,0.0028137236065872854,0.10336538404226303,0.00963206163457355
39,7.991328954696655,0.0031542701425553094,0.10410156473517418,0.008562622232102062
40,7.99025559425354,0.003303975748466005,0.10556402429938316,0.008084297648351925
41,7.989495277404785,0.003493805154159072,0.1058407761156559,0.006576515216298946
42,7.988790512084961,0.003433113692303384,0.10592296719551086,0.007451341545771382
43,7.988197326660156,0.003304312923254092,0.10600142180919647,0.009290819675605097
44,7.987464904785156,0.0030129939063467926,0.10642361268401146,0.009084358069818419
45,7.986778974533081,0.0034233356234488568,0.10665760561823845,0.008166315415554124
46,7.986145496368408,0.0034209753999322468,0.10571808740496635,0.008462713127706988
47,7.985390901565552,0.003834014515339008,0.10693359375,0.007135514136454998
48,7.9848034381866455,0.0037611847611121836,0.10698341950774193,0.0069898915064937955
49,7.984405279159546,0.0035507876933458006,0.1067187488079071,0.007292036995112331
50,7.983485460281372,0.0037153289899323305,0.107077207416296,0.006715778940491068
51,7.983059883117676,0.003739942749462693,0.10697115585207939,0.006374157659886017
52,7.982322692871094,0.0038680691689358107,0.10760613158345222,0.0054200373032963975
53,7.981622219085693,0.0037797293744569766,0.10792823880910873,0.005319669851923768
54,7.9806718826293945,0.00430032724726354,0.10866476967930794,0.004620300852802184
55,7.980136871337891,0.0046199689463701605,0.1085379458963871,0.004340498462250486
56,7.979631423950195,0.004661104270516793,0.10827850922942162,0.0038766829311002245
57,7.979083061218262,0.004808786827698966,0.10816271603107452,0.0036193500791608974
58,7.978456497192383,0.004795974185751653,0.10805084928870201,0.004119796490023189
59,7.977589845657349,0.0050127775744916924,0.10833333432674408,0.0029462754451540472
60,7.976804256439209,0.005208676126370328,0.10899078100919724,0.002354607449045989
61,7.97591495513916,0.005021206944193871,0.10899697616696358,0.0037422450210626004
62,7.975101470947266,0.005046157878512321,0.1096230186522007,0.004208968684760113
63,7.974650144577026,0.004623677869039119,0.10986328125,0.005179004745018659
64,7.973951101303101,0.004670207989795146,0.10961538553237915,0.005099326127908813
65,7.97300124168396,0.004801031807572961,0.1106770858168602,0.004519859644444659
66,7.972445964813232,0.0052511601496693094,0.11089085787534714,0.0034629747344733525
67,7.971711158752441,0.005199235232303888,0.11121323332190514,0.004549399316894732
68,7.971091985702515,0.0053223040299556984,0.11107337102293968,0.004323344694906552
69,7.970579385757446,0.0047484325406313655,0.1104910708963871,0.004735087794721603
70,7.970045566558838,0.004951748937847918,0.11069542169570923,0.004357172809192608
71,7.969419717788696,0.004921066032131987,0.1107855886220932,0.0035293981677265215
72,7.968848466873169,0.005047169402876582,0.11087328568100929,0.003935098463136324
73,7.9681782722473145,0.004953771986576441,0.11106419190764427,0.004180530098727387
74,7.967597246170044,0.005011428875339344,0.11083333566784859,0.00412479089157173
75,7.9666588306427,0.004869141114766566,0.11153371632099152,0.004506646607436494
76,7.965920925140381,0.004786533291685213,0.11191152408719063,0.005022065686232281
77,7.965307235717773,0.004698193497206379,0.11207932606339455,0.005807567038641941
78,7.9648096561431885,0.004746409491902842,0.11155063286423683,0.005873906178198088
79,7.964191675186157,0.004824634042739062,0.11191406100988388,0.006352910379880462
80,7.963780879974365,0.005145287266209943,0.1111111082136631,0.006274480363157753
81,7.9630067348480225,0.005235987284205388,0.1111852154135704,0.005793748140686431
82,7.962507009506226,0.005230592487595993,0.11153990775346756,0.005990173528171453
83,7.961937427520752,0.005321966855167611,0.1115141361951828,0.006181920615471765
84,7.961233377456665,0.005487519676118403,0.11194853112101555,0.005719248317587362
85,7.960596561431885,0.005307805514067951,0.11228197813034058,0.00693745555859018
86,7.959951400756836,0.005491228598787362,0.11242815852165222,0.006603726275368793
87,7.959476470947266,0.005561360954709489,0.11168323829770088,0.0065286890799512096
88,7.958808660507202,0.005387041589268431,0.11148174107074738,0.006703614306339612
89,7.958121299743652,0.005552594410219223,0.1111111082136631,0.00662912501995267
90,7.957568407058716,0.005577208169749585,0.11109203100204468,0.0065562794606576534
91,7.956800222396851,0.005656107070161979,0.11124320700764656,0.0064850144081817955
92,7.956261157989502,0.005702974365706093,0.11164314672350883,0.007246892452001099
93,7.9555768966674805,0.005742086641124203,0.11170212924480438,0.007287337621503367
94,7.9549150466918945,0.0055343869716625175,0.11249999701976776,0.007443228277433035
95,7.954378843307495,0.005703985890070355,0.1124674491584301,0.00782605337081355
96,7.953754663467407,0.005832112309543473,0.1126771941781044,0.007403662923393434
97,7.953078746795654,0.005665210789440332,0.11248405650258064,0.007779080708148159
98,7.952373743057251,0.005652735322281108,0.11229482293128967,0.0077005031774556604
99,7.9517822265625,0.005643631603002754,0.11171875149011612,0.007733978311885438
100,7.8799145221710205,0.00805476851261398,0.26644475758075714,0.03253085536231526
101,7.8798956871032715,0.007935745812419216,0.2656496837735176,0.03232527357199125
102,7.880001544952393,0.00788314654547762,0.26442307978868484,0.03205292063691385
103,7.88006067276001,0.007935745812419216,0.26355303823947906,0.03157711432736224
104,7.880041837692261,0.007838976648238202,0.26264534145593643,0.03144979923472296
105,7.880143880844116,0.007963731319830449,0.26189329475164413,0.0311197683374584
106,7.880117416381836,0.007914166625981638,0.2613418847322464,0.03133523356375822
107,7.880041122436523,0.007904725731915198,0.26074961572885513,0.030942646206591366
108,7.880067825317383,0.007916864024286334,0.25978630781173706,0.03055482144330625
109,7.880058526992798,0.007930688190597909,0.2586936131119728,0.030238119486883264
110,7.879972219467163,0.007864601932132826,0.25789424777030945,0.030189450413565307
111,7.879919052124023,0.007981601583599068,0.2572901174426079,0.029878670089358104
112,7.879872560501099,0.008014981887619696,0.2565084919333458,0.02957158815110773
113,7.879807949066162,0.008031503452235966,0.25601138174533844,0.02926809923169291
114,7.87974739074707,0.008072638776382599,0.25529197603464127,0.029290742626055386
115,7.879668235778809,0.007937094511571563,0.2545355558395386,0.02950553350277903
116,7.879582405090332,0.007893261789120235,0.25387805700302124,0.029080145360758577
117,7.879445314407349,0.007867973680013698,0.2532281205058098,0.028913254377367564
118,7.879378795623779,0.00791281792682929,0.25258559733629227,0.028874373909616266
119,7.879232883453369,0.007928327967081298,0.25195035338401794,0.028585172771846638
120,7.879124402999878,0.007950918677883138,0.25158675014972687,0.02867323861181015
121,7.8790624141693115,0.007969800466016018,0.2510080561041832,0.028574351568491467
122,7.878938674926758,0.008030829102659792,0.25021791458129883,0.02829166211881677
123,7.87881875038147,0.007979915709658633,0.2498699650168419,0.028379886009462202
124,7.8786492347717285,0.007913492276405464,0.24948275834321976,0.028284275883615238
125,7.878506183624268,0.007866287806073262,0.24888545274734497,0.028250316060427584
126,7.8783628940582275,0.007884158069841881,0.2481667771935463,0.028277026625671362
127,7.8782103061676025,0.007908434654584157,0.2474135085940361,0.02824349880768095
128,7.878049612045288,0.007862578883404303,0.2468792200088501,0.028150680910547832
129,7.877922058105469,0.007901353984034326,0.2463926151394844,0.02823681853219197
130,7.87766432762146,0.007881460671537183,0.24611983448266983,0.02838104504779625
131,7.877565860748291,0.007797504149303483,0.24564243108034134,0.0285824226899813
132,7.877492427825928,0.007872356952258831,0.24496366828680038,0.02813948038555606
133,7.877328157424927,0.007942826482969045,0.2445795014500618,0.02775929473856354
134,7.877179861068726,0.007934734288054954,0.24407679587602615,0.027440833151215226
135,7.876997709274292,0.00790438855712711,0.24361996352672577,0.027527982297223627
136,7.8768298625946045,0.007916526849498248,0.24316785484552383,0.027842914086009155
137,7.876611709594727,0.007897982236153454,0.2424388751387596,0.02787020417041996
138,7.8764121532440186,0.00790438855712711,0.241957426071167,0.027784045475351564
139,7.876243352890015,0.007920572946955294,0.24156051129102707,0.028036557781492458
140,7.876034498214722,0.007920572946955294,0.2410091832280159,0.0280624570199024
141,7.87585973739624,0.007931025365385995,0.24050283432006836,0.02769798161069232
142,7.875611066818237,0.007824815307138543,0.24000155925750732,0.02800257688488055
143,7.875465393066406,0.00784875471709273,0.23946628719568253,0.027697212430706993
144,7.875229835510254,0.00788314654547762,0.2389751523733139,0.027559592433606797
145,7.874999284744263,0.007864601932132826,0.23848888278007507,0.02720482133626635
146,7.8747172355651855,0.007890564390815537,0.23808426409959793,0.027179691277841728
147,7.874442100524902,0.00786898520437796,0.23779834061861038,0.026992517123604846
148,7.874230146408081,0.00792933949144556,0.23728685081005096,0.026807186893990316
149,7.8739941120147705,0.008004866643977081,0.2367803007364273,0.026623637368725375
150,7.87381386756897,0.007884832419418055,0.23620326071977615,0.02686835250789175
151,7.873558521270752,0.007922933170471904,0.23570679128170013,0.026792393350162994
152,7.873224258422852,0.00791281792682929,0.23577509075403214,0.026875559618987115
153,7.872990131378174,0.00786898520437796,0.23524820804595947,0.02716811143121336
154,7.872766017913818,0.007752997077275979,0.23483727872371674,0.027196413039988425
155,7.872525215148926,0.0076343115518693015,0.234356589615345,0.027432656662604114
156,7.872298240661621,0.00763566025102165,0.23380715399980545,0.027459462058257042
157,7.872124195098877,0.007643752445935742,0.23315344750881195,0.02712501627861097
158,7.871847629547119,0.007608686267974678,0.23272357136011124,0.02720430503737209
159,7.871532201766968,0.007708152830460387,0.23262282460927963,0.026925229679957204
160,7.871302604675293,0.0077084900052484745,0.2320914790034294,0.026852147044639313
161,7.871027708053589,0.007715570675798305,0.23167239129543304,0.02683036766067131
162,7.8707404136657715,0.007746253581514236,0.23111458867788315,0.026607210634518253
163,7.870494842529297,0.007831221628112199,0.23081016540527344,0.02613526076160539
164,7.870185613632202,0.007932036889750256,0.23054378479719162,0.025917266724394917
165,7.8698484897613525,0.00797789266093011,0.23020950704813004,0.025402948732016477
166,7.869569301605225,0.00801329601367926,0.23008818924427032,0.025289162777749192
167,7.869248151779175,0.007971823514744542,0.22975891828536987,0.025274938216376764
168,7.868946075439453,0.007973509388684977,0.2292938381433487,0.025064625442307403
169,7.868629693984985,0.00807837074778008,0.22907458245754242,0.024709664684148654
170,7.868298053741455,0.008056454386554416,0.22892601788043976,0.02464956327817212
171,7.867977619171143,0.008039595647150058,0.22877874970436096,0.024686778945407238
172,7.867710828781128,0.008043304569819018,0.22839422523975372,0.02448270390491749
173,7.867421627044678,0.00806184918316381,0.2280469611287117,0.02432839375580698
174,7.867190599441528,0.008068255504137466,0.22766891866922379,0.024127627242925335
175,7.866865634918213,0.008155583774252038,0.22736141085624695,0.02373830626651808
176,7.866483688354492,0.008235157024240606,0.22729099541902542,0.023304962906841194
177,7.866150856018066,0.00811512279968158,0.2269543781876564,0.02325263759441492
178,7.865864515304565,0.008110739527436447,0.22655420005321503,0.023106841108703608
179,7.865484237670898,0.008026783005202747,0.22658729553222656,0.023102563203579753
180,7.865095138549805,0.007936420161995389,0.22632376104593277,0.02333117824661497
181,7.864792108535767,0.008000820546520036,0.22583289444446564,0.02323323950738778
182,7.864492416381836,0.007991716827241683,0.22554205358028412,0.023228497986930306
183,7.864070892333984,0.007921584471319555,0.22535119950771332,0.023361745248497497
184,7.863665819168091,0.00800149489609621,0.22529145330190659,0.02331071595166293
185,7.863346815109253,0.008072975951170687,0.22500645369291306,0.022940835209131327
186,7.8629469871521,0.007927653617505123,0.22501284629106522,0.023164466387330128
187,7.862628936767578,0.00783931382302629,0.22482727468013763,0.023114870083344934
188,7.862258195877075,0.007756031650368763,0.2244839444756508,0.02329090693286281
189,7.8618927001953125,0.00781436288870784,0.2244606614112854,0.023196339941516493
190,7.861548185348511,0.007890227216027449,0.2242479771375656,0.02292377627219654
191,7.861160516738892,0.00784639449357612,0.22413142025470734,0.02278692545508167
192,7.860818386077881,0.007881797846325271,0.22382773458957672,0.022562514560185414
193,7.860437631607056,0.007901691158822412,0.22368256747722626,0.022472362451220612
194,7.8600592613220215,0.007902702683186675,0.2236318364739418,0.022426896538389484
195,7.859604597091675,0.007828861404595587,0.223643459379673,0.02264458501094825
196,7.85921049118042,0.007823129433198107,0.22371668368577957,0.022773301486300523
197,7.8588547706604,0.007842011221330988,0.22345133125782013,0.022596822094873282
198,7.8584372997283936,0.007779633885534864,0.2234635129570961,0.02263815761655034
199,7.8580641746521,0.007796829799727309,0.22326219081878662,0.02254980728535938
200,7.746291399002075,0.009808751760243347,0.3785770982503891,0.01700315558078019
201,7.746280670166016,0.009770651009189498,0.3776165097951889,0.01612772339036041
202,7.746317386627197,0.009720074790976425,0.37647174298763275,0.016095818226037666
203,7.746412992477417,0.0096104929848481,0.37495124340057373,0.015926451115296638
204,7.74648118019104,0.009681299690346402,0.3736918568611145,0.016101739858253444
205,7.746475696563721,0.009620271053702629,0.3727850615978241,0.015525845320200588
206,7.746422290802002,0.009471239797368107,0.37179364264011383,0.015498428795244252
207,7.746428728103638,0.00944730038741392,0.3708143085241318,0.0152022628907582
208,7.746420621871948,0.009523501889521616,0.36975225806236267,0.015578275999748141
209,7.7463698387146,0.00943887101771174,0.3687969893217087,0.015285207888627639
210,7.746444225311279,0.009249378786806761,0.3676662892103195,0.01459926792911284
211,7.746442079544067,0.009280736042098866,0.3667347729206085,0.014446843851473191
212,7.746314525604248,0.009285119314343998,0.365952730178833,0.014492025273076869
213,7.746304988861084,0.00910506797750546,0.3647668808698654,0.013952650979258702
214,7.746218681335449,0.009094952733862845,0.3640967160463333,0.014000192624378991
215,7.746197462081909,0.009151935273049574,0.363071471452713,0.014047207433892893
216,7.7460198402404785,0.009145528952075918,0.36250902712345123,0.013583486733151783
217,7.745986223220825,0.008909169425626823,0.3615494966506958,0.012934867807993378
218,7.7459423542022705,0.00885050101249966,0.36060091853141785,0.0129241203616231
219,7.745848894119263,0.008799250444710412,0.35966311395168304,0.01253735980626288
220,7.74571681022644,0.008888938938341594,0.3589121997356415,0.012528951509984959
221,7.74572491645813,0.008886241540036898,0.3578190803527832,0.012520648580828311
222,7.74562668800354,0.009013693609933841,0.3566945642232895,0.012943908306998965
223,7.745548963546753,0.008996834870529484,0.35588590800762177,0.013055976777189433
224,7.745405197143555,0.009033586922430984,0.35517242550849915,0.012922982396713306
225,7.745182275772095,0.009085849014584492,0.3545096069574356,0.012973326807259569
226,7.745077848434448,0.009191047548467684,0.3535555899143219,0.013083393302145769
227,7.7449774742126465,0.009195430820712816,0.3526543527841568,0.013252254650704665
228,7.74478006362915,0.00901268208556958,0.35188934206962585,0.012763245840857017
229,7.744624614715576,0.008961431517780333,0.3512164354324341,0.012635372302474966
230,7.744423866271973,0.008920970543209875,0.3503004014492035,0.01203684490677176
231,7.744329452514648,0.008836676846188087,0.3496430963277817,0.011679460704823633
232,7.744247913360596,0.008800261969074673,0.34857992827892303,0.011325848645817232
233,7.744091749191284,0.008764184266749348,0.3475279211997986,0.011208237865047583
234,7.74397611618042,0.008885230015672636,0.3466503173112869,0.01120741600150162
235,7.743747711181641,0.008697760833496179,0.346025675535202,0.010631879711661107
236,7.743520021438599,0.008685285366336955,0.34544792771339417,0.010462533674344335
237,7.7433319091796875,0.008778682782637097,0.3446750193834305,0.010465547174012864
238,7.743117094039917,0.008706190203198358,0.3439900726079941,0.010129004588653375
239,7.74291467666626,0.008540637382247567,0.34335191547870636,0.009514419243667518
240,7.742632627487183,0.008652242237104413,0.3430766761302948,0.009858274307243647
241,7.742503643035889,0.008655951159773372,0.3421342968940735,0.010142934122086226
242,7.742244005203247,0.008541648906611828,0.341593474149704,0.009648425148507906
243,7.742065191268921,0.008537602809154781,0.340784952044487,0.009434719553133417
244,7.741826295852661,0.008542323256188002,0.34002329409122467,0.009058432489628156
245,7.7416605949401855,0.008585818803851245,0.33926916122436523,0.009122896094425568
246,7.741373777389526,0.008503885330346067,0.3387530744075775,0.008643138517826061
247,7.741080284118652,0.008481294619544227,0.33797429502010345,0.008438536641729926
248,7.74084997177124,0.008469156327173091,0.33746954798698425,0.008074451090868568
249,7.740507364273071,0.008570645938387323,0.33693182468414307,0.008517414468718064
250,7.740195274353027,0.008355865598375808,0.33628618717193604,0.007836616424721592
251,7.739980936050415,0.008326531391812225,0.33560924232006073,0.007639811715599973
252,7.739759683609009,0.00840880204010549,0.33497610688209534,0.007392093613477193
253,7.739490747451782,0.00846207565662326,0.334423303604126,0.007356943141819108
254,7.739206314086914,0.00842060315768854,0.3338017761707306,0.007112912888941031
255,7.738936424255371,0.008374073036932514,0.3332229107618332,0.006715025565573936
256,7.738665342330933,0.0084715165506897,0.33250293135643005,0.006631722319492154
257,7.738332033157349,0.00849039833882258,0.33186259865760803,0.006755465466720139
258,7.737989664077759,0.008533556711697737,0.331373393535614,0.006570103626969227
259,7.7376179695129395,0.00853659128479052,0.33078035712242126,0.006335345680763547
260,7.7373950481414795,0.008586155978639333,0.3300848752260208,0.006255329888865615
261,7.737094163894653,0.008639429595157103,0.3294673562049866,0.006277309470364046
262,7.736759185791016,0.008624931079269354,0.32899799942970276,0.006299057244195667
263,7.7364113330841064,0.00869405191082722,0.32846197485923767,0.006220284784328806
264,7.736001968383789,0.008720688719086106,0.3281426429748535,0.00624211685185745
265,7.7356438636779785,0.008787449327127363,0.3275449872016907,0.006164313769506339
266,7.735391139984131,0.008817120708479032,0.3268126994371414,0.00579028156239641
267,7.735044717788696,0.008702818455317486,0.3261914849281311,0.005271769958591136
268,7.734761953353882,0.008700795406588965,0.3254370093345642,0.00524837845766759
269,7.734426021575928,0.008597957096222382,0.3250345289707184,0.004736842157290869
270,7.733998775482178,0.008515686447929117,0.3247731029987335,0.004229815569704814
271,7.73357629776001,0.008488038115305971,0.32458242774009705,0.0038240257122419265
272,7.733207702636719,0.008471179375901612,0.32398445904254913,0.003807356633655868
273,7.732870578765869,0.008321473769990918,0.32342562079429626,0.003166998490805599
274,7.7323691844940186,0.008120854771079062,0.3232770264148712,0.002627771710957221
275,7.731974363327026,0.008014981887619696,0.32286059856414795,0.0023785995425608156
276,7.731600046157837,0.008012958838891174,0.32238075137138367,0.0023210269474949344
277,7.7312257289886475,0.008145131355821338,0.3219383656978607,0.0025940963789970167
278,7.730815649032593,0.008119506071926713,0.32176540791988373,0.0023952264742983635
279,7.730416536331177,0.00819907932191528,0.3214947134256363,0.0023383282288086562
280,7.7301108837127686,0.008139736559211942,0.3208969980478287,0.002002459993025342
281,7.729811668395996,0.008167722066623176,0.3204682469367981,0.0020868169103198963
282,7.729391098022461,0.008038921297573885,0.3199777901172638,0.0018010191305675239
283,7.729083061218262,0.007947209755214178,0.3193938583135605,0.0015635848594814023
284,7.728665351867676,0.008005878168341344,0.319041445851326,0.001373924041182379
285,7.728258371353149,0.007992728351605945,0.31856295466423035,0.0011858015828540036
286,7.727779150009155,0.00802172538338144,0.3184095472097397,0.0011809336218509953
287,7.727385997772217,0.007943838007333308,0.31793756783008575,0.0013570231549295106
288,7.726927280426025,0.007905400081491373,0.3174375593662262,0.0010361381237918188
289,7.726417303085327,0.00792461904441234,0.31729061901569366,0.0009422138718852915
290,7.725996017456055,0.007796155450151134,0.3168288767337799,0.000759654797560354
291,7.72549295425415,0.007690956916267943,0.3166225999593735,0.0007565991510433142
292,7.72497034072876,0.007681516022201503,0.3165120482444763,0.0009751937808450661
293,7.72453236579895,0.007681178847413416,0.3164023458957672,0.001103741668803293
294,7.724034070968628,0.007624533483014774,0.3163246214389801,0.001011397923715924
295,7.723593235015869,0.00760598886966998,0.31578294932842255,0.0010512056221344635
296,7.723190546035767,0.0075645163707352605,0.3153689503669739,0.0011779201221824665
297,7.7227301597595215,0.007426611882407615,0.3149889409542084,0.0009994703655873411
298,7.722245693206787,0.0074239144841029185,0.3146425038576126,0.001125426222362148
299,7.721720218658447,0.007432681028593184,0.31439024209976196,0.001379719232852627
300,7.569075345993042,0.004333707551284168,0.43302860856056213,0.10131634552000454
301,7.569079637527466,0.004326964055522425,0.4317239224910736,0.10018740003579174
302,7.569183349609375,0.004296281149806494,0.4308771789073944,0.09955831617491813
303,7.569302320480347,0.004422047345763002,0.42969968914985657,0.09873021489537609
304,7.569460391998291,0.00446486854385007,0.4281492233276367,0.09859753661626379
305,7.569401025772095,0.004121287434789262,0.4274846017360687,0.09819414912916602
306,7.569269895553589,0.003970233129726218,0.42668452858924866,0.098134089870038
307,7.569324493408203,0.003914599289691838,0.4255612641572952,0.09787292692324025
308,7.56944727897644,0.0037665795577215776,0.4242152124643326,0.09754810116176678
309,7.569622039794922,0.003842443885041187,0.42288532853126526,0.0965626024764608
310,7.569717168807983,0.0038414323606769255,0.4216180890798569,0.09618342835383255
311,7.569715261459351,0.003852896303471889,0.42045876383781433,0.095677434364035
312,7.569733619689941,0.0036306981181224553,0.41922082006931305,0.09556909588993776
313,7.569652557373047,0.003509989543987255,0.41850219666957855,0.09500774201462116
314,7.569588661193848,0.003453344179588613,0.4176551103591919,0.09451746879931819
315,7.569444417953491,0.003379502900997527,0.41668178141117096,0.09473846579948506
316,7.569386720657349,0.0032055207103445565,0.4158549904823303,0.09438293605887141
317,7.569275140762329,0.0031900106700925475,0.4149031639099121,0.09409490449614796
318,7.569195747375488,0.0033245434105393214,0.4139176160097122,0.09311669721563437
319,7.5691163539886475,0.003436822614972343,0.4130762368440628,0.09233761272091048
320,7.568953037261963,0.0036300237685462813,0.41228844225406647,0.09150500172857777
321,7.568975210189819,0.0038987520746517415,0.41129033267498016,0.09061974932245496
322,7.568711280822754,0.0037170148638727665,0.4105648547410965,0.09023747740646115
323,7.568615913391113,0.003516733039748998,0.4096307307481766,0.08992074383990178
324,7.568374872207642,0.0033869207463354443,0.408922404050827,0.0895465430453978
325,7.568187952041626,0.003419289525991811,0.40813614428043365,0.08893395967571623
326,7.5679686069488525,0.0033430880238841144,0.40744371712207794,0.0886898029822926
327,7.56780743598938,0.0033788285514213525,0.40667401254177094,0.08796858611057419
328,7.567564964294434,0.0032004630885232492,0.4059547781944275,0.08767265201375495
329,7.567344427108765,0.003158316240012355,0.4053691327571869,0.08732055724129494
330,7.566903829574585,0.003131342256965383,0.4047897160053253,0.0865002109818789
331,7.566616773605347,0.0031771980281452357,0.4040919542312622,0.08574725753323177
332,7.566194772720337,0.0030220976256251455,0.4033602923154831,0.08587797598388831
333,7.565835952758789,0.0031505612198863505,0.40275952219963074,0.08513621252352084
334,7.565385341644287,0.003064918823712214,0.4025735408067703,0.08440220408327936
335,7.564993143081665,0.0033363445281223716,0.4020237326622009,0.08373331252398722
336,7.564568996429443,0.0035990036880422633,0.40135833621025085,0.08289981644783577
337,7.564092397689819,0.003595969114949479,0.4009813368320465,0.08235928311568357
338,7.563544750213623,0.0037311762049724267,0.40048815310001373,0.08165452458830864
339,7.56295371055603,0.0037133059412038077,0.40003980696201324,0.08146364151140281
340,7.562589168548584,0.0036050728342278317,0.3991999328136444,0.08116269193961077
341,7.561962366104126,0.0033585980641361235,0.3989202380180359,0.08108767054926137
342,7.561638355255127,0.003468854219840622,0.39840810000896454,0.08045890278975161
343,7.560941696166992,0.003659020800321776,0.39809612929821014,0.07978122361254494
344,7.560517072677612,0.003763882159416881,0.39736025035381317,0.07949462504267085
345,7.559999465942383,0.0036037241350754833,0.3970179259777069,0.07942931850090323
346,7.559463977813721,0.0037608475863240964,0.3970249146223068,0.07887544569119731
347,7.55912446975708,0.003690040880825794,0.3963050842285156,0.07892203903222611
348,7.558561086654663,0.0037429773225554773,0.39604902267456055,0.0784298481353159
349,7.558036804199219,0.0037203866117536378,0.3957196921110153,0.07794244090571166
350,7.55728554725647,0.0038427810598292743,0.3954312354326248,0.07729982790646606
351,7.556582927703857,0.003724432709210684,0.39514556527137756,0.07698168242048156
352,7.55613374710083,0.003560565762200328,0.39448925852775574,0.07645539472312604
353,7.555482625961304,0.00328914005779017,0.39417360723018646,0.07630195912112213
354,7.554972410202026,0.0033626441615931695,0.39363904297351837,0.07594076062938376
355,7.554415464401245,0.0034233356234488568,0.393146350979805,0.07542682195864192
356,7.553534269332886,0.003321508837446537,0.39313453435897827,0.07486586847838618
357,7.5527777671813965,0.003195742641490029,0.39283108711242676,0.07451642895738235
358,7.551976442337036,0.0032028233120398593,0.39271196722984314,0.07401627230610358
359,7.551321268081665,0.0034226612738726824,0.392304927110672,0.07372507972974181
360,7.550679445266724,0.003060535551467081,0.3918296843767166,0.07364000631602256
361,7.549929618835449,0.0029799507771142517,0.3915378004312515,0.07310010518659801
362,7.54911994934082,0.0031687686584430568,0.3913198411464691,0.07266588727981453
363,7.548396110534668,0.003060198376678994,0.3908555656671524,0.07258679871858384
364,7.5478174686431885,0.0029971466913066964,0.39036016166210175,0.07245846156486817
365,7.547083139419556,0.0028042827125208452,0.3897637724876404,0.0720827434838178
366,7.546154499053955,0.0024195662793134046,0.3895226716995239,0.0720073006249833
367,7.545527219772339,0.0024219265028300146,0.38900502026081085,0.07163693519369382
368,7.544763088226318,0.00245328375812212,0.38870005309581757,0.0708774489835275
369,7.543996334075928,0.0023393186797486623,0.3881905972957611,0.07051534433454616
370,7.543045520782471,0.00246744509922178,0.38792629539966583,0.06981610704432617
371,7.542039632797241,0.002221644678706246,0.3878012001514435,0.06980066022434693
372,7.541160345077515,0.0021933219965069254,0.38743865489959717,0.06954436523855219
373,7.540204286575317,0.0018487293630818557,0.38718104362487793,0.06914637254806381
374,7.539220571517944,0.0018993055812949286,0.3870270252227783,0.06851290541494508
375,7.538413763046265,0.0018527754605389016,0.3867397755384445,0.0679800638826461
376,7.537433862686157,0.0015850586787977028,0.3866894394159317,0.06844650305511617
377,7.536452054977417,0.0015021136809282632,0.3864060789346695,0.06820146127787383
378,7.535545110702515,0.0015850586787977028,0.3860919177532196,0.06772370567657858
379,7.534581184387207,0.0012529415125318577,0.38581348955631256,0.06776439845881585
380,7.533935785293579,0.0008803633716955545,0.38540568947792053,0.06771160953105596
381,7.533039569854736,0.0009474611545248978,0.38539479672908783,0.06765928421862968
382,7.5322277545928955,0.000876991623814683,0.3850901275873184,0.06737647886512159
383,7.531245946884155,0.00039887777430710114,0.38504812121391296,0.06709605480855435
384,7.53001594543457,0.00018544613344793375,0.3851684033870697,0.06668052902908544
385,7.529011011123657,0.00046698708150070585,0.3848039209842682,0.06622285640110565
386,7.527939558029175,0.0003550450518557713,0.3847315013408661,0.06581432699848955
387,7.52692437171936,9.542046502866409e-05,0.38421186804771423,0.06586153146882176
388,7.525788307189941,2.2927885589926352e-05,0.3842061758041382,0.06536773899166812
389,7.524593114852905,0.0005141915518329072,0.3840736001729965,0.06577527794334422
390,7.523934841156006,0.0008483317668272751,0.38362613320350647,0.06573268855292395
391,7.522622346878052,0.0009666801174458655,0.383622869849205,0.06551240804918176
392,7.52164101600647,0.001306552303837715,0.38324348628520966,0.0653825536089197
393,7.5205371379852295,0.0013321775877323386,0.3830544352531433,0.06498883882355519
394,7.519265174865723,0.0015159378472398366,0.3829912841320038,0.06451030350556249
395,7.518221378326416,0.0013460017540439118,0.38268087804317474,0.06429836807782546
396,7.517287731170654,0.001267102853631518,0.3821878135204315,0.06417536250044642
397,7.516300678253174,0.001036475298579906,0.382005900144577,0.06379258482227047
398,7.515240669250488,0.001184832205338253,0.3817642033100128,0.06349936919718019
399,7.514218330383301,0.0012549645612603807,0.3814939111471176,0.06325156680136039
400,7.090826988220215,0.038104122801729076,0.5539050102233887,0.030844581026818644
401,7.0912110805511475,0.03822112245319532,0.5527251362800598,0.030440224162205126
402,7.09198784828186,0.03821775070531445,0.5514128804206848,0.030110298632061848
403,7.092733860015869,0.03720791221499343,0.5502144992351532,0.030336079299534708
404,7.09370231628418,0.03703325567476428,0.5487403273582458,0.03014797791463059
405,7.093807220458984,0.03753564610901414,0.5478139221668243,0.029485471602887846
406,7.093728303909302,0.037972961809163173,0.5471860766410828,0.02923718451831017
407,7.094197750091553,0.03869485303045777,0.5463280081748962,0.028521025268413058
408,7.094584941864014,0.03843860019151153,0.545480340719223,0.028749587627887634
409,7.094487905502319,0.037733567709621295,0.5446428656578064,0.028842521428854156
410,7.095047235488892,0.03745775873296601,0.5434884130954742,0.02886827315329431
411,7.095148086547852,0.03742437842894538,0.5428120195865631,0.028499656816218032
412,7.095386028289795,0.0376442163907782,0.5416820347309113,0.028396565624760388
413,7.094603538513184,0.03770018740560067,0.5413913428783417,0.028684007131604683
414,7.0947864055633545,0.037825953601557175,0.5407390296459198,0.028322977227260366
415,7.09466028213501,0.03803668784411165,0.539958268404007,0.028286815231238018
416,7.09510350227356,0.038830060120480715,0.5388708710670471,0.027549624703933972
417,7.094592094421387,0.039545882195589736,0.5386029183864594,0.0268208635463321
418,7.094506740570068,0.03970098259810983,0.5378031432628632,0.02635261205937607
419,7.094515085220337,0.04002028712242836,0.5369680821895599,0.02620307504085942
420,7.0945446491241455,0.04014436744444443,0.5360543131828308,0.025930595665236488
421,7.094457626342773,0.0399720711277319,0.5350192785263062,0.025847060611487897
422,7.094243288040161,0.039682437984765034,0.534344494342804,0.02613433353093815
423,7.09402060508728,0.03938302677294365,0.5337638854980469,0.026295840254431897
424,7.093705892562866,0.03959140079198151,0.5331465601921082,0.025906909136373366
425,7.093578100204468,0.039868558467789146,0.5326217412948608,0.024916036727882247
426,7.093386888504028,0.03972896810552106,0.5321879386901855,0.02490069527502428
427,7.092970132827759,0.039631187416975786,0.5318012237548828,0.02470555536641884
428,7.0933287143707275,0.03941134945514296,0.5306595861911774,0.024393289365801627
429,7.093147277832031,0.038943013674489914,0.5299077332019806,0.02426229696062977
430,7.092513561248779,0.038940316276185216,0.529664546251297,0.02401472637247678
431,7.092273473739624,0.038949419995463565,0.528801441192627,0.023828479448907137
432,7.091831207275391,0.03822887747332132,0.528236448764801,0.02428636281112949
433,7.091316223144531,0.03847501506862494,0.5280469954013824,0.024100621649741978
434,7.091299772262573,0.03764185616726159,0.5275326669216156,0.024147910413771203
435,7.0908119678497314,0.03786169412909442,0.5271456241607666,0.023677509437541114
436,7.08969259262085,0.03805084918521131,0.5267626345157623,0.023326299748899836
437,7.088760852813721,0.03757408403485607,0.5264237225055695,0.023035570787871686
438,7.087925672531128,0.037503614504145855,0.5261283814907074,0.022464902459034184
439,7.087059736251831,0.037542052429987795,0.5257563591003418,0.022237857386105998
440,7.085865259170532,0.038107157374821864,0.5256654024124146,0.021620996111300552
441,7.0856945514678955,0.03866754187262271,0.5250630378723145,0.02084313387518349
442,7.084790229797363,0.03853705522963298,0.5250156819820404,0.020405860321882966
443,7.083670616149902,0.039070465744386856,0.5248127579689026,0.01975220484832751
444,7.082309246063232,0.03894571107279461,0.5246894359588623,0.019983422459258274
445,7.0814597606658936,0.03867428536838445,0.5245673656463623,0.020103119509029214
446,7.080742597579956,0.03837285110783454,0.5241389870643616,0.020112981871580764
447,7.079928636550903,0.038428822122657004,0.5238678157329559,0.020014484686610802
448,7.079236268997192,0.03857178423280596,0.5238276422023773,0.019594027725866124
449,7.077903985977173,0.03873902292769718,0.5234469771385193,0.01933832279595053
450,7.076712608337402,0.03878386717451277,0.5233338475227356,0.01924500967334741
451,7.075074672698975,0.03826461800085856,0.5233718454837799,0.019470874634517292
452,7.073331832885742,0.03876026493934667,0.523708164691925,0.01884984082170927
453,7.071996212005615,0.03860921063428363,0.5234096050262451,0.018707637354833512
454,7.070003986358643,0.03812637633774283,0.5235207080841064,0.018619044679263612
455,7.068731069564819,0.037791561773172284,0.5233730971813202,0.018583430592271907
456,7.067184925079346,0.0383185659669525,0.5231902301311493,0.018081798801295245
457,7.065783739089966,0.03757037511218712,0.5232642889022827,0.018255233082917575
458,7.0644166469573975,0.037367395889758646,0.5234465897083282,0.01837573092281022
459,7.0631468296051025,0.037134070936402336,0.5233742594718933,0.01803531082738773
460,7.062196493148804,0.0372008315444436,0.5230149626731873,0.01790145243651713
461,7.060824632644653,0.03808018339177489,0.5226589441299438,0.0175663006971585
462,7.059235572814941,0.037791898947960374,0.522591233253479,0.017838906513326966
463,7.05757737159729,0.037500917105841164,0.5227014720439911,0.01775794241733754
464,7.056160926818848,0.03719375087389377,0.5225635468959808,0.01732812885622344
465,7.054880142211914,0.037418983632335985,0.5226729512214661,0.01695188393956669
466,7.053614377975464,0.037387626377043875,0.522466391324997,0.017123379466157516
467,7.0523505210876465,0.03777773760686071,0.5224707424640656,0.01670216386213964
468,7.050365686416626,0.03804714026254235,0.5228565633296967,0.016627985408760468
469,7.0487236976623535,0.03695435677435189,0.5228245854377747,0.01714053323350145
470,7.046875476837158,0.036195713501155795,0.5227241218090057,0.017356788713210846
471,7.0450122356414795,0.036346430631430754,0.5226587951183319,0.017135517758528652
472,7.043076276779175,0.03652985371615016,0.5227985382080078,0.016627016031244717
473,7.040758848190308,0.036782060457639355,0.5230048894882202,0.016506813219291646
474,7.0387864112854,0.037162056443813575,0.5232094526290894,0.01610102336182876
475,7.037369251251221,0.03811895849240491,0.5229077041149139,0.01593652421209074
476,7.035670757293701,0.03783438297125936,0.5230774283409119,0.01605769640155956
477,7.03382420539856,0.0372008315444436,0.5231790244579315,0.016177772772967097
478,7.031987190246582,0.03727130107515381,0.5232797563076019,0.015921182759232776
479,7.0299072265625,0.0379827398780177,0.5233796238899231,0.015386128517386976
480,7.027817010879517,0.03784416104011388,0.5235115885734558,0.015460981320342322
481,7.026054382324219,0.03801241125936937,0.5234785079956055,0.015025098613042657
482,7.02428412437439,0.03827776781759396,0.5234130024909973,0.014731419372618747
483,7.022036552429199,0.03819515999451261,0.5236082375049591,0.014440142502559958
484,7.020082235336304,0.03849693142985061,0.523866593837738,0.014059682901052119
485,7.017860174179077,0.03803365327101886,0.524251788854599,0.01395604380056383
486,7.015761852264404,0.037816175532702646,0.5244090259075165,0.01398950839828148
487,7.01335883140564,0.037038313296585586,0.524756908416748,0.014113209398660953
488,7.011940002441406,0.03669136043964391,0.5243692696094513,0.014371021671002092
489,7.010199069976807,0.03596036549907096,0.5244289338588715,0.014536995960437993
490,7.007732152938843,0.03660538086868168,0.5249305069446564,0.014075993731425835
491,7.005340814590454,0.0364212834343861,0.5251447558403015,0.014019306220178681
492,7.002927541732788,0.03683128797670008,0.5254513621330261,0.013741389901097847
493,7.001011610031128,0.036421957783962275,0.5256306231021881,0.013818982249206403
494,6.998971700668335,0.0372480360147758,0.5258706510066986,0.013192258611849408
495,6.997160196304321,0.03704977723938055,0.5260158777236938,0.013315200968955686
496,6.995131254196167,0.0365129949767458,0.5262524485588074,0.013480753789906479
497,6.993235111236572,0.036545026581614085,0.5264564752578735,0.013167012649591383
498,6.991666316986084,0.03638925182951782,0.5264446437358856,0.013158709720434737
499,6.989609241485596,0.03683701994809756,0.5265243947505951,0.01276244505073531
500,6.192949533462524,0.046619472074870105,0.7195945680141449,0.006604537602202628
501,6.194700002670288,0.04542654767461776,0.7186512649059296,0.006213752022809618
502,6.196460723876953,0.04509375615877574,0.717474490404129,0.0061747240410885305
503,6.198063135147095,0.04501452008357526,0.7165074050426483,0.006274022016180197
504,6.199237108230591,0.04419181360064261,0.715794563293457,0.006440712802040782
505,6.200496435165405,0.04506846804966921,0.7150905132293701,0.007150044262479129
506,6.202454328536987,0.04641446980371312,0.7139644026756287,0.007918381310832726
507,6.204571485519409,0.04609415375503032,0.7128995358943939,0.008072006573654936
508,6.205654144287109,0.04660969400601558,0.7123676240444183,0.008424269933508989
509,6.206918478012085,0.04780632732893688,0.7117011249065399,0.008838826335462142
510,6.2081544399261475,0.04655271146682885,0.7108557522296906,0.008455711482498116
511,6.209371089935303,0.04700756025595842,0.7100668549537659,0.008536759872184564
512,6.21023964881897,0.046697696625706324,0.7096565663814545,0.008486310094517025
513,6.210662603378296,0.046458976875740625,0.709342896938324,0.00817691007959855
514,6.211164236068726,0.046301179074915835,0.7088503539562225,0.008129157700235708
515,6.212042331695557,0.046311631493346536,0.7082274854183197,0.007889510719602765
516,6.213382720947266,0.04638108949969249,0.7076118290424347,0.00765264543097154
517,6.214176893234253,0.04644616423379331,0.7070032060146332,0.007798979289001365
518,6.2154622077941895,0.04703992903561478,0.7066690325737,0.008069688496986837
519,6.216147184371948,0.04633422220414837,0.7061170339584351,0.008023917019504006
520,6.217260122299194,0.04649808915115873,0.7053949236869812,0.007978651304203306
521,6.217618227005005,0.04605032103257899,0.7049000859260559,0.007747939455454672
522,6.21840500831604,0.044848630087836384,0.7041056454181671,0.007334858193199399
523,6.219731330871582,0.04502766990031066,0.7033200562000275,0.007416791666704578
524,6.22132420539856,0.045077908943735645,0.7026293277740479,0.0073758670768004995
525,6.221798419952393,0.04571011167139906,0.7020747661590576,0.00763852623672039
526,6.22230339050293,0.04510656880072306,0.7018673419952393,0.007295366596144692
527,6.22270131111145,0.04452494229127272,0.7014501392841339,0.007135840774530958
528,6.222865104675293,0.04437759690887863,0.7012061476707458,0.006978000826857659
529,6.224104404449463,0.04380642281785899,0.7004194557666779,0.00676258828411848
530,6.223942518234253,0.04255786457757227,0.7003921866416931,0.006313429319537882
531,6.223676919937134,0.042964497372005375,0.7001992166042328,0.006573348934304566
532,6.223159313201904,0.0430976814132998,0.7005036175251007,0.0067137822335428645
533,6.222663402557373,0.04387925257208582,0.700476348400116,0.007201126242874332
534,6.223002195358276,0.04374674288036757,0.7000817060470581,0.007163531254002615
535,6.222893714904785,0.04386374253183381,0.6997317969799042,0.0069538506826609175
536,6.222466945648193,0.043881949970390514,0.6997897922992706,0.006975008400613386
537,6.222142457962036,0.044546521477710294,0.6997667551040649,0.007109751875302714
538,6.22301721572876,0.04436613296608367,0.6990236937999725,0.007129940215739433
539,6.223093748092651,0.044457507333655284,0.6986066699028015,0.007262492054306194
540,6.222452163696289,0.04536686773712634,0.6985107958316803,0.007953826810430388
541,6.222035884857178,0.04591983438958926,0.6984552145004272,0.00847101078850757
542,6.222622632980347,0.04589926672751595,0.6978905200958252,0.00870576873471325
543,6.222632169723511,0.04559108897120429,0.6973314583301544,0.008827783861152287
544,6.221873760223389,0.0455907517964162,0.6973602473735809,0.008674116451481568
545,6.222524166107178,0.04584228418832922,0.6968865990638733,0.008685875422216107
546,6.222633361816406,0.04599064109508757,0.6966482102870941,0.008914943543872816
547,6.221887826919556,0.046171029606714195,0.696565181016922,0.009033544775582472
548,6.221583127975464,0.04659519549012783,0.6963687539100647,0.009097228663682433
549,6.221363544464111,0.046250265681914676,0.6962499916553497,0.009267375491120913
550,6.220712900161743,0.04624723110882189,0.6961700618267059,0.009382604974949697
551,6.2200682163238525,0.046177773102475936,0.6961284577846527,0.0091253406116392
552,6.220128774642944,0.046297807327034965,0.6956765353679657,0.009028908622246274
553,6.2195868492126465,0.04641278392977268,0.6956748068332672,0.009143632343892927
554,6.219468832015991,0.046527086182934226,0.69545117020607,0.009152651769474258
555,6.2186925411224365,0.047113095964629696,0.6954505145549774,0.009369792333002384
556,6.218194484710693,0.04695428663944065,0.6954498887062073,0.009481270747313699
557,6.217181444168091,0.04725133762774543,0.6956315636634827,0.009849549909601891
558,6.216293096542358,0.046506855695648996,0.6956663727760315,0.009598523279871006
559,6.21570348739624,0.04664408583440047,0.6957731246948242,0.009554100501540524
560,6.2156617641448975,0.04749747522304905,0.6955911815166473,0.009815284521762535
561,6.214948654174805,0.04678165314794003,0.6955899000167847,0.009517179862244981
562,6.214235305786133,0.046914500014446366,0.695695549249649,0.009876903214285462
563,6.21404767036438,0.04754670274210977,0.6955164670944214,0.010534351904206898
564,6.213559627532959,0.047674491986794805,0.6953742802143097,0.010836334073787453
565,6.212913513183594,0.047619869671124686,0.6954443156719208,0.010638412473180295
566,6.212172746658325,0.047606045504813115,0.6957586705684662,0.010689747334666565
567,6.211371183395386,0.04779149163826105,0.6958612203598022,0.010937697244456153
568,6.210847616195679,0.0475696306276997,0.6955812871456146,0.010643891563486711
569,6.210201978683472,0.046733437153243566,0.6957872807979584,0.01015734834427695
570,6.209417819976807,0.04594883142136476,0.6957851946353912,0.009966760295310687
571,6.2086310386657715,0.045564452162945406,0.6958173513412476,0.009923138307101913
572,6.208219766616821,0.045393504545385224,0.6957810819149017,0.010072633178770054
573,6.207744359970093,0.045184456176771186,0.6958129703998566,0.009836948001897135
574,6.20707631111145,0.045023286628065526,0.6958107948303223,0.009937721116686681
575,6.206802129745483,0.044982151303918895,0.695775032043457,0.009799816628359036
576,6.206175327301025,0.044546184302922204,0.6956725716590881,0.010041992419902633
577,6.205660581588745,0.04382833917908466,0.6956043243408203,0.009951966751483365
578,6.2048869132995605,0.04401344813774451,0.6957691311836243,0.010191445144722264
579,6.203426837921143,0.043954105375041165,0.6961640119552612,0.010195069773694202
580,6.202838659286499,0.04362940605411324,0.6961275041103363,0.0101521221350616
581,6.201584100723267,0.043652333939703164,0.6964519917964935,0.010341361484875513
582,6.201460123062134,0.04351881272362065,0.6962839663028717,0.01002104543619272
583,6.201011896133423,0.043550507153700846,0.696247398853302,0.010163291049916987
584,6.200082778930664,0.04361490753822549,0.696405440568924,0.010212729303220265
585,6.199494123458862,0.04397939348414771,0.696336418390274,0.01021618534479816
586,6.1983723640441895,0.04375786964837444,0.6965891718864441,0.010310467844917029
587,6.197451591491699,0.044359389470321926,0.6966159343719482,0.01063010954402365
588,6.196856260299683,0.04395646559855778,0.696451336145401,0.010406604806370378
589,6.195904970169067,0.04392477116847759,0.696414977312088,0.010543750651424827
590,6.194974422454834,0.04395747712292204,0.6964737176895142,0.01036711320931567
591,6.193726301193237,0.044040084946003394,0.6965634524822235,0.010503373970551391
592,6.192797660827637,0.04372617521829425,0.6965270638465881,0.010195238361088245
593,6.19204306602478,0.04413651693539632,0.6966471076011658,0.010375289697926783
594,6.1913001537323,0.043389337604995186,0.6967350542545319,0.0100701043678594
595,6.190088510513306,0.043207263219428124,0.6970081925392151,0.009942610151113945
596,6.188846588134766,0.04289200479256664,0.6972790956497192,0.009903329288301793
597,6.187729358673096,0.043148931981089045,0.697578638792038,0.010081652604351385
598,6.18717098236084,0.04268497947268113,0.6976003646850586,0.010128730634138054
599,6.185894727706909,0.04195971650350566,0.6979268193244934,0.009916731986128257
600,5.721781015396118,0.04362805735496089,0.8190083503723145,0.021710684604931734
601,5.722941875457764,0.04182855551093976,0.8187203705310822,0.021224352119964526
602,5.723280668258667,0.04189363024504058,0.8184851109981537,0.02095233635967522
603,5.725590467453003,0.04169132537218829,0.8175214529037476,0.020890506932909735
604,5.727119445800781,0.04032745335437576,0.817054271697998,0.02055543948724813
605,5.729314088821411,0.04235555970471998,0.8162076473236084,0.0213139984667472
606,5.730623960494995,0.04181068524717114,0.8156585097312927,0.021115739691351953
607,5.732177734375,0.03996195588408929,0.8151160478591919,0.020381794471383243
608,5.7334301471710205,0.03938370112251982,0.8143437802791595,0.01985727694166517
609,5.734687089920044,0.03921578807805242,0.8137218058109283,0.019671409339732125
610,5.7363197803497314,0.03795475437060647,0.8130605220794678,0.018893167781978467
611,5.7377119064331055,0.03721195831245047,0.8125928640365601,0.018518229417625553
612,5.738185405731201,0.036687988691763034,0.8123615086078644,0.01847410166723465
613,5.7393035888671875,0.03640206447146513,0.8120869994163513,0.018365573532319095
614,5.741159915924072,0.036819486859117026,0.8114963471889496,0.018839009081641968
615,5.741404294967651,0.0377254755147072,0.8115021884441376,0.019114480883509172
616,5.74165153503418,0.03774671752635669,0.811553031206131,0.019067866469056123
617,5.742162466049194,0.03747798922025124,0.8110204339027405,0.019085273117491124
618,5.7427802085876465,0.037367058714970564,0.8108951449394226,0.018661191527774505
619,5.744239330291748,0.038607861935131285,0.8101950287818909,0.019182126575369156
620,5.744897365570068,0.038898506602462406,0.8099876642227173,0.01901160042629408
621,5.746163845062256,0.03895919806431809,0.8096072971820831,0.019214874676662122
622,5.746962547302246,0.039268050170205925,0.809143990278244,0.01929259346531621
623,5.7480788230896,0.040306548517514355,0.8087292015552521,0.019553313870204602
624,5.7491724491119385,0.04059483296132887,0.8084913790225983,0.018957778900745667
625,5.750379323959351,0.04017538752494845,0.80782750248909,0.01873254614230345
626,5.751246690750122,0.04101023230025224,0.8072135150432587,0.019052356428804113
627,5.7518815994262695,0.04024788010438719,0.8069029748439789,0.018828978131696376
628,5.752987384796143,0.040820402894559175,0.8064271211624146,0.01872736207993661
629,5.753469228744507,0.0403763436986484,0.8061661124229431,0.018330170179569946
630,5.753555536270142,0.04023338158849944,0.8061164617538452,0.01858633872481916
631,5.753772258758545,0.0404077009539405,0.8058598935604095,0.018781015018090978
632,5.75421142578125,0.0402633901446392,0.8055234551429749,0.018740174721883922
633,5.754251718521118,0.03962511827079022,0.8054779767990112,0.018409406254770427
634,5.754347562789917,0.03903034194460448,0.8052695989608765,0.01819757619415467
635,5.754484415054321,0.0388489419086136,0.805063396692276,0.0178730876074693
636,5.755292892456055,0.03942517362145454,0.8045763373374939,0.017952112948427225
637,5.7548511028289795,0.03932503270939265,0.8046171069145203,0.01797343925377374
638,5.755351781845093,0.038689121059060284,0.8042573630809784,0.017655019813273935
639,5.755360841751099,0.038654729230675394,0.8041799366474152,0.017959151472128544
640,5.755119562149048,0.03860819910991937,0.8041825294494629,0.017812101117674034
641,5.755521059036255,0.03834452842563522,0.8038697838783264,0.017666525902917406
642,5.75549578666687,0.038745092073882756,0.8037170469760895,0.017744202544722986
643,5.755861759185791,0.038750824045280234,0.8036048710346222,0.017655609869153086
644,5.755769729614258,0.039038771314306664,0.803338497877121,0.017897279898514553
645,5.755987167358398,0.039381340899003206,0.8030747771263123,0.018245792188851136
646,5.755931854248047,0.039977465924341295,0.8028520941734314,0.01831912770526009
647,5.7551655769348145,0.039607922356597776,0.8030523359775543,0.018121248251501444
648,5.75549054145813,0.03947271526657483,0.8029080629348755,0.01776380082928055
649,5.7554755210876465,0.04040365485648346,0.802689403295517,0.0181597704710404
650,5.755374193191528,0.040186851467743416,0.8024351894855499,0.01785892626636964
651,5.755476951599121,0.04103349736063026,0.8022959232330322,0.01814455545872797
652,5.755510568618774,0.04103113713711364,0.8021206855773926,0.01816343724686085
653,5.756150960922241,0.040805904378671425,0.8019099533557892,0.0181295933275066
654,5.7563636302948,0.04166435138914132,0.8019230663776398,0.018409869870104047
655,5.756413698196411,0.04290245721099734,0.8016416132450104,0.018791636023915724
656,5.756795883178711,0.04337483908910744,0.8015460073947906,0.01891074301780751
657,5.756136417388916,0.04381316631362074,0.8015971183776855,0.018925620855331855
658,5.7561869621276855,0.04320692604464004,0.8014300167560577,0.018427065784296492
659,5.75616717338562,0.04238051063903843,0.8013728260993958,0.018086392807782934
660,5.756473779678345,0.0428458118465987,0.8011363744735718,0.018206595619736005
661,5.756487846374512,0.04320894909336856,0.8010094463825226,0.018274999954869184
662,5.756407737731934,0.04298708808280721,0.8008837103843689,0.018242083266182176
663,5.75642728805542,0.04337349038995509,0.8007945418357849,0.018460235354074563
664,5.756164312362671,0.04355859934861494,0.8005649745464325,0.018476630478145302
665,5.756103754043579,0.04346621345667906,0.8004429042339325,0.018642099005399072
666,5.755730867385864,0.043286836469416695,0.8006018996238708,0.0184100806043466
667,5.755440950393677,0.04338731455626667,0.8005156219005585,0.0186236386857513
668,5.755303859710693,0.04233768944095136,0.8004300594329834,0.018344752989154715
669,5.755202770233154,0.04228576452358594,0.8002417087554932,0.018117160007195886
670,5.75528621673584,0.04190543136262363,0.8000893592834473,0.01745402149272548
671,5.754954814910889,0.04188452652576223,0.8000068664550781,0.017377567109526718
672,5.754739046096802,0.0405887638151433,0.7999590933322906,0.016964401553574423
673,5.75422739982605,0.04062315564352819,0.8000814318656921,0.016986697236436688
674,5.754268169403076,0.04142934056184457,0.7998986542224884,0.017438806480413047
675,5.753923654556274,0.04197522654375767,0.7999865412712097,0.01760153546251361
676,5.753641843795776,0.042516054903849465,0.8000736832618713,0.017668211776857845
677,5.753598928451538,0.041741227240825185,0.7999599874019623,0.017451281947572273
678,5.7531397342681885,0.04066429096767482,0.8000465035438538,0.017048315928959615
679,5.7528955936431885,0.04056448723040103,0.8000992238521576,0.01716325038484882
680,5.752923011779785,0.041293121947457365,0.8000197410583496,0.01746346238679192
681,5.752776861190796,0.04180191870268087,0.7999409735202789,0.01757561515067941
682,5.7525954246521,0.042443562324410725,0.7998301982879639,0.017917805413739357
683,5.752328634262085,0.04309532118978319,0.7998178899288177,0.0181191409090759
684,5.751983165740967,0.0423970322036547,0.7997733354568481,0.0178150513970698
685,5.7520058155059814,0.04172234545269231,0.7997613549232483,0.01755905143921463
686,5.751528024673462,0.041057436770584446,0.7996531426906586,0.017168982356246303
687,5.75156569480896,0.04210672471111166,0.7994178533554077,0.017596224959601236
688,5.751011371612549,0.04169975474189047,0.7994711995124817,0.01725416113708682
689,5.750206232070923,0.041797198255647657,0.7997144758701324,0.017273843715341408
690,5.750308513641357,0.0416201814919019,0.7996397912502289,0.017293399853050465
691,5.750035524368286,0.04216809052254352,0.7996601164340973,0.017357210181695955
692,5.750343561172485,0.041980621340367064,0.7992728352546692,0.01719894876553755
693,5.750049829483032,0.04216202137635795,0.7992944419384003,0.017086037358376865
694,5.749471187591553,0.04210975928420445,0.7993158996105194,0.017237934600410128
695,5.749426603317261,0.04334550488254386,0.7991204261779785,0.01795801350721875
696,5.748762130737305,0.043457109737400704,0.7989881336688995,0.017974324337592468
697,5.748192071914673,0.043190404480023765,0.7990720272064209,0.017773241723346992
698,5.748384952545166,0.0440869522415475,0.7990022003650665,0.018223075037503762
699,5.748294353485107,0.044133482362303536,0.7990244030952454,0.018281279835297308
700,5.461276531219482,0.011180041623393795,0.8719694018363953,0.0021780648373459816
701,5.462496995925903,0.01114733566894934,0.8715442419052124,0.0020945297835973896
702,5.4636945724487305,0.011731659576704375,0.8710753619670868,0.0016650955441198905
703,5.466243028640747,0.012818373918709268,0.8702710568904877,0.0014478706868947427
704,5.467885732650757,0.0131009263911263,0.869718998670578,0.0015759128126708387
705,5.468535423278809,0.01384439679885847,0.8696070909500122,0.001634286197858427
706,5.469504117965698,0.013670077433417414,0.8690658509731293,0.0013535460399273617
707,5.4703357219696045,0.013980952588033769,0.8689593076705933,0.001143528293797577
708,5.471675395965576,0.013970500169603066,0.8684285283088684,0.0011366162106417903
709,5.473228693008423,0.013715258855021091,0.8674812018871307,0.001329185161488065
710,5.474654912948608,0.013298510816945372,0.8669189214706421,0.0016514821120508717
711,5.476073503494263,0.013330205247025564,0.8663632869720459,0.0015760392532163715
712,5.477024078369141,0.012498395044814559,0.8659065663814545,0.0016319681211903279
713,5.478057384490967,0.013227366936658982,0.8655469715595245,0.0014277244933065354
714,5.4783408641815186,0.01362422166223756,0.8655109405517578,0.0012903679140095316
715,5.4783899784088135,0.012764425952615323,0.8656567633152008,0.001667708648727566
716,5.479149341583252,0.011250173979315922,0.8651695549488068,0.0025508537124248397
717,5.480085372924805,0.011242756133978005,0.8647776246070862,0.00240945103567079
718,5.480956315994263,0.0111142925397168,0.8643455803394318,0.00233261733083543
719,5.481858491897583,0.011158125262168129,0.8641400635242462,0.0020686937654602116
720,5.482853651046753,0.01280623562633813,0.8638928234577179,0.0017453431436846327
721,5.4828667640686035,0.012374989072374661,0.863867461681366,0.0017355229279815945
722,5.483335733413696,0.01270912928736903,0.8637116551399231,0.0014176513965124316
723,5.48405909538269,0.01408143067488374,0.8633841872215271,0.0008581098356818025
724,5.484370946884155,0.013759091577472422,0.8631896376609802,0.0007315007027550768
725,5.485344886779785,0.014021750737392313,0.8624828457832336,0.0006062402689806998
726,5.486062288284302,0.01235509575987752,0.8621674478054047,0.0012661334761157677
727,5.486161231994629,0.012047929527930124,0.8619827032089233,0.0012592635398084918
728,5.486591100692749,0.011934301624344754,0.8617155849933624,0.001252477897198238
729,5.487353086471558,0.012212807999304742,0.8613674640655518,0.0011270910228783281
730,5.4875993728637695,0.012753299184608448,0.8611899018287659,0.0006490614670677681
731,5.487430095672607,0.012234050010954232,0.8610973060131073,0.0009977423447983945
732,5.488327980041504,0.012350712487632387,0.8609230518341064,0.0008757272183593562
733,5.4885170459747314,0.012501429617907345,0.8606274724006653,0.0009291694222711698
734,5.489612340927124,0.013784716861367046,0.8602532744407654,0.0006354901818472602
735,5.489861488342285,0.013907111309442681,0.8600861728191376,0.00040229166903648354
736,5.490169286727905,0.013661310888927148,0.8599207699298859,0.00040018432661093886
737,5.490462779998779,0.013772915743783995,0.8597570657730103,0.0002844069337515129
738,5.491037607192993,0.013651869994860708,0.8595550656318665,0.0003395350116037623
739,5.491408824920654,0.01449581848944285,0.8591958582401276,5.626604276204353e-05
740,5.492778778076172,0.015399446921516418,0.8586026430130005,0.0005601316167097817
741,5.492730617523193,0.01586474812907669,0.8586853742599487,0.0007802224596336703
742,5.49336838722229,0.015663454780588656,0.8584535717964172,0.0008871911611543193
743,5.493618726730347,0.015991863024185544,0.858302116394043,0.0008828078889091864
744,5.494508266448975,0.01586002768204347,0.8579192757606506,0.0007685899294446636
745,5.4949681758880615,0.01630138947964955,0.8575015366077423,0.00092870580693755
746,5.494959592819214,0.01683075389694638,0.8573185801506042,0.0011958746796481073
747,5.495194673538208,0.016247441513555606,0.8571756482124329,0.000973676494298674
748,5.4952287673950195,0.01672386948912275,0.857148289680481,0.0010227354259653547
749,5.4958815574646,0.017659866700852688,0.8568560779094696,0.001339216111433658
750,5.4959492683410645,0.017085995211528354,0.8568682074546814,0.0011195045901463672
751,5.496185064315796,0.017996029964575576,0.8568052351474762,0.0014324449403397554
752,5.495978593826294,0.017967707282376257,0.8568548560142517,0.0013728071496968404
753,5.496635675430298,0.018163268659466804,0.8564580678939819,0.0015239457484569063
754,5.497084140777588,0.016998329766625693,0.856139063835144,0.001359825920355485
755,5.496846675872803,0.017157476266602828,0.856264740228653,0.0014054709572927833
756,5.496870279312134,0.017203669212570768,0.8559496104717255,0.0013470554252566842
757,5.497077226638794,0.016534040083429687,0.8557467758655548,0.0012376422065224033
758,5.497424602508545,0.016975401881035766,0.8554732799530029,0.0016425469801665622
759,5.4971723556518555,0.017065764724243124,0.8553468286991119,0.0017370823613764976
760,5.497323274612427,0.017586699771837775,0.8552574813365936,0.001881646051768864
761,5.497105121612549,0.017626823571620147,0.8552047610282898,0.0018730902415211525
762,5.49686598777771,0.017522636562101214,0.8551524877548218,0.001662946054845835
763,5.496977090835571,0.018036490939146034,0.8551007211208344,0.0017557112684183126
764,5.49648380279541,0.01802401547198681,0.855155348777771,0.0016978436454128552
765,5.4965550899505615,0.018228680568355714,0.8551040291786194,0.0015907906501951843
766,5.496606349945068,0.01892764390406038,0.854913204908371,0.0019795953277081816
767,5.496406078338623,0.018334890626603165,0.8546892404556274,0.0017243961599747184
768,5.496730327606201,0.01835579546346457,0.8545019328594208,0.0017167675803942467
769,5.496589422225952,0.019217951396603417,0.8545234799385071,0.00200214389166151
770,5.496160984039307,0.018786030493063776,0.8545792102813721,0.001847464957626529
771,5.496263742446899,0.01910263761907761,0.8544975221157074,0.0018877994916514545
772,5.4961793422698975,0.01912151940721049,0.8543825149536133,0.0018795808561918302
773,5.496688365936279,0.01872399033205574,0.8539970219135284,0.0019673727416400226
774,5.497247934341431,0.018304207720887235,0.8537500202655792,0.0017677652670924284
775,5.496726751327515,0.017896900576877955,0.8538078665733337,0.001712595042391668
776,5.496797800064087,0.016687117437221254,0.8538317084312439,0.001421023144393303
777,5.496076822280884,0.016347245250829402,0.8540554940700531,0.0013206714980888645
778,5.496469736099243,0.017314262543063355,0.8537792265415192,0.0015498660602911063
779,5.496625661849976,0.016852333083383957,0.8536706268787384,0.0015432911519234068
780,5.495890378952026,0.01691504759396817,0.8536946773529053,0.0017230474608223697
781,5.495555400848389,0.017326063660646405,0.853685736656189,0.002040413230109402
782,5.495068073272705,0.017154104518721958,0.8536442220211029,0.0019395558216228324
783,5.494824171066284,0.016842892189317518,0.8536030352115631,0.0017475347798071993
784,5.49502420425415,0.017188496347106848,0.8534974157810211,0.0021982531777827
785,5.4949445724487305,0.016752192171322074,0.8534571826457977,0.0020067378981491976
786,5.494489669799805,0.017085995211528354,0.8533851504325867,0.0022256064824662703
787,5.494122505187988,0.017448120933933955,0.8533776998519897,0.002352215615392996
788,5.49342679977417,0.01780282881100164,0.8534339964389801,0.0024777710771069494
789,5.493119478225708,0.01778495854723302,0.8534898459911346,0.0024228115866487434
790,5.49278712272644,0.01819091699208995,0.8536400198936462,0.0025917783023289174
791,5.493090867996216,0.018180801748447335,0.8534428477287292,0.002714847099980728
792,5.493155241012573,0.01707217104521678,0.8531845510005951,0.0022163763226423845
793,5.493065118789673,0.017353374818481464,0.8531156182289124,0.0024282485301066487
794,5.492703199386597,0.01710656287360167,0.8531094789505005,0.0024625560647945164
795,5.4924445152282715,0.017179055453040406,0.853134274482727,0.0023651968447343514
796,5.492339611053467,0.01746767707164301,0.8528812825679779,0.0023994622325737083
797,5.491814613342285,0.017599175238996997,0.8529682755470276,0.002476970286985242
798,5.491558074951172,0.018299150099065926,0.8528403639793396,0.0027702280589240427
799,5.491201877593994,0.017812944054644255,0.8528658747673035,0.0025007411095453866
800,5.268600225448608,0.013065860213165238,0.89656201004982,0.007307125566879231
801,5.269224405288696,0.013957350352867668,0.896376371383667,0.007610034967127027
802,5.270867824554443,0.013201067303188185,0.895751565694809,0.007562282587764184
803,5.271403551101685,0.012352398361572823,0.8956220746040344,0.007239311287625202
804,5.27264404296875,0.012659564593520219,0.8952519297599792,0.0072629135227913035
805,5.273785352706909,0.01300854049919042,0.8949826657772064,0.007422439344405037
806,5.2747790813446045,0.012983589564871972,0.8946209847927094,0.007579984264138759
807,5.275597810745239,0.012708454937792855,0.8943588435649872,0.007735674722538001
808,5.276104927062988,0.01160083575892656,0.8941943943500519,0.0073545829183024975
809,5.2765233516693115,0.01214537304168731,0.8940789699554443,0.007576148900924268
810,5.27703595161438,0.012545262340358673,0.8939648568630219,0.007795101778938362
811,5.27777099609375,0.013317055430290166,0.8937592804431915,0.008142728985456217
812,5.278167963027954,0.013083393302145769,0.8936484456062317,0.008094639431305286
813,5.2784645557403564,0.013709864058411698,0.8934929966926575,0.008631168812848967
814,5.279353141784668,0.014271934430152981,0.8930200934410095,0.009096891488894346
815,5.2794036865234375,0.013958361877231928,0.8930061757564545,0.009172376494577358
816,5.280634164810181,0.015605460717037669,0.8927218616008759,0.0097571218708175
817,5.281145811080933,0.015314141700130368,0.8924408257007599,0.009574373135674264
818,5.282063961029053,0.015424397855834868,0.8921629786491394,0.009519708673155635
819,5.2830469608306885,0.014392305829500095,0.891799658536911,0.00921494481157336
820,5.284282207489014,0.0144708675551244,0.8912200331687927,0.009349941167353755
821,5.284744739532471,0.014499864586899896,0.8910852074623108,0.009111558592176137
822,5.286113739013672,0.015584218705388177,0.8905596435070038,0.009430568088555094
823,5.28624701499939,0.015586578928904787,0.8903866410255432,0.009500826885022755
824,5.286602735519409,0.015596694172547401,0.8903017044067383,0.009448396205475202
825,5.287788152694702,0.016280484642788147,0.8898319602012634,0.009820890052614484
826,5.287796258926392,0.016114594647049268,0.8897936344146729,0.009827633548376227
827,5.28919243812561,0.015501610882306826,0.8893741369247437,0.009414510139272443
828,5.289936304092407,0.01602288310468956,0.8890435099601746,0.009482956621254136
829,5.290044069290161,0.016408611062261266,0.8889681398868561,0.009550686606811142
830,5.290009021759033,0.016609904410749294,0.8888517916202545,0.00979471685968922
831,5.290924787521362,0.01675387804526251,0.8883632123470306,0.009977465594832455
832,5.2912211418151855,0.015672558499867012,0.8882513344287872,0.009516041897335186
833,5.291918754577637,0.015953762273131698,0.8878942131996155,0.009640248659896792
834,5.292130947113037,0.01559096220114992,0.8877042531967163,0.009763148870154559
835,5.2926976680755615,0.01642209805378475,0.887719452381134,0.009942272976325859
836,5.293779134750366,0.016859750928721873,0.887491911649704,0.010005113927455601
837,5.293460369110107,0.01614392885361285,0.8876287043094635,0.009669287838520798
838,5.2933738231658936,0.016194167897037835,0.8876440525054932,0.009846093868023998
839,5.294227838516235,0.01730077555153987,0.887340784072876,0.01002108758304123
840,5.294915437698364,0.017306844697725438,0.8870009481906891,0.01002627164540807
841,5.294947385787964,0.016997992591837607,0.8869404196739197,0.009975737574043509
842,5.2954511642456055,0.01645143226034833,0.8867628574371338,0.009870201865372229
843,5.295958042144775,0.016207317713773234,0.8865870833396912,0.009876102424163756
844,5.296673774719238,0.01620664336419706,0.8863742351531982,0.009717208805277685
845,5.296439170837402,0.016473685796362086,0.8862407207489014,0.009996979585692999
846,5.297175645828247,0.016413331509294485,0.8861085474491119,0.010056448788941871
847,5.297034740447998,0.016277450069695363,0.8860541582107544,0.00989903030975368
848,5.296540021896362,0.01649088171055453,0.886342853307724,0.009796992789508806
849,5.297262668609619,0.016174274584540693,0.8859469592571259,0.009695924646779683
850,5.2969300746917725,0.016690489185102124,0.8860072195529938,0.010022309841648046
851,5.2972190380096436,0.017449132458298218,0.8859543800354004,0.010292513287451389
852,5.297032594680786,0.016911001496511122,0.8859767019748688,0.010243327915239174
853,5.297252178192139,0.016363766815445675,0.8858130276203156,0.010142091185116007
854,5.29704213142395,0.01634859394998175,0.8856878578662872,0.009989435299809548
855,5.297254800796509,0.016635192519855832,0.885637491941452,0.010150604848515208
856,5.2976555824279785,0.01624710433876752,0.8854410648345947,0.009792145901930054
857,5.297729969024658,0.01547969452108116,0.8853558897972107,0.009488604298954595
858,5.29790472984314,0.015223778856923012,0.885307788848877,0.009341848972439662
859,5.297785997390747,0.015411248039099467,0.8853323757648468,0.009298648452715996
860,5.298027276992798,0.015862387905560077,0.8851409554481506,0.009459270092391014
861,5.297719478607178,0.015088571766900063,0.8851302862167358,0.009162809159965384
862,5.297729969024658,0.014565276495788803,0.8852266371250153,0.009121041633091088
863,5.297096490859985,0.014805682119694942,0.8855348825454712,0.009079611281004879
864,5.297196388244629,0.015358311597369785,0.8853107392787933,0.009088504266040678
865,5.29768967628479,0.014709250130302018,0.885158896446228,0.008997930688590767
866,5.297869443893433,0.015788209452180905,0.8850083947181702,0.00940304619647748
867,5.297752618789673,0.015480706045445422,0.8847547471523285,0.009361110082209141
868,5.297434091567993,0.01530335210691158,0.8849195241928101,0.009319511142728889
869,5.2974770069122314,0.015316164748858892,0.8848411440849304,0.009327181869157871
870,5.297489881515503,0.01545845250943167,0.8847978413105011,0.009383363618222893
871,5.297224283218384,0.015297282960726011,0.8848233819007874,0.00934227044092477
872,5.297496318817139,0.01417145634330301,0.884814590215683,0.009060518758629444
873,5.297661066055298,0.014127286446063592,0.8847380578517914,0.009069201009422689
874,5.297508478164673,0.013739535439763367,0.8846621513366699,0.008982167767247692
875,5.297076463699341,0.013664682636808019,0.8847214877605438,0.00908622833622109
876,5.297196388244629,0.013422253964173358,0.8845793008804321,0.008999869443622268
877,5.297569513320923,0.013585109386819451,0.884571760892868,0.008819944547329261
878,5.298101186752319,0.01430868648205448,0.884464681148529,0.008782475999003076
879,5.298792123794556,0.012928967249201853,0.8839946985244751,0.008324424049386681
880,5.298713207244873,0.013032479909144608,0.8838909566402435,0.008382460259786182
881,5.298745155334473,0.013020341616773472,0.8838208019733429,0.008486394388214046
882,5.2990429401397705,0.0136599621897748,0.8838165998458862,0.008681829324759062
883,5.299468517303467,0.013583423512879016,0.8834222257137299,0.008507720693560558
884,5.299208402633667,0.013492723494883571,0.8833549320697784,0.008335087202059936
885,5.30036473274231,0.014796241225628502,0.8829334378242493,0.00857427056735926
886,5.3004279136657715,0.014329254144127796,0.8829971551895142,0.008584470104698896
887,5.300261974334717,0.014007589396292654,0.8829644322395325,0.008458872496136432
888,5.300123453140259,0.013185220088148089,0.8828363716602325,0.008199121468763792
889,5.300158739089966,0.01403759795243241,0.8827093839645386,0.008569634414023062
890,5.299952983856201,0.013673112006510198,0.882678210735321,0.008356202773163894
891,5.300130367279053,0.013243551326487166,0.882521390914917,0.008144541299942184
892,5.299907684326172,0.013315706731137817,0.8825225830078125,0.008244850799398112
893,5.2997894287109375,0.013618489690840079,0.8824925124645233,0.008300189611492917
894,5.2992377281188965,0.013516662904837759,0.8826181590557098,0.008135226846421277
895,5.2995524406433105,0.012840964629511106,0.8824021220207214,0.008015403356104804
896,5.299447774887085,0.012728685425078086,0.8823728859424591,0.007983751072873123
897,5.299206495285034,0.013319415653806775,0.882436066865921,0.008169618674806166
898,5.298636436462402,0.013403372176040476,0.8824987709522247,0.008354053283889839
899,5.2984535694122314,0.012964033427162918,0.88246950507164,0.008235199171089117
900,5.119891166687012,0.012472769760919936,0.9154908657073975,0.0014754768726693783
901,5.120603084564209,0.012147058915627748,0.9152349829673767,0.0016057949282650627
902,5.121450424194336,0.012432308786349478,0.9150314033031464,0.0013876006935241642
903,5.122218370437622,0.011866866666727323,0.914830356836319,0.0011720617102394522
904,5.124344348907471,0.013189603360393222,0.9142926335334778,0.0014388934081619223
905,5.124662637710571,0.013407081098709434,0.9141949117183685,0.0014981097303197284
906,5.126617193222046,0.01385282616856065,0.9134762585163116,0.0020303401333152983
907,5.126665115356445,0.013652881519224969,0.9134322702884674,0.0020180332535501173
908,5.127415418624878,0.014184606160038409,0.9133415222167969,0.0023400773230218583
909,5.1284825801849365,0.014664068708698338,0.9128289520740509,0.002857682769584148
910,5.129903316497803,0.014996185874964183,0.9125093519687653,0.002840571149088725
911,5.1308064460754395,0.014901102584723607,0.9119149446487427,0.002561011102915965
912,5.1316447257995605,0.014373086866579126,0.9115583598613739,0.0022194951894321906
913,5.131514549255371,0.014814785838973296,0.9118025004863739,0.002336241959807367
914,5.132091760635376,0.01456089322354367,0.9115419685840607,0.002129048052527812
915,5.133059024810791,0.014621921860187445,0.9111483991146088,0.0019884461658954697
916,5.133973836898804,0.013991067831676383,0.9108495712280273,0.0019769400762519956
917,5.135018587112427,0.013612757719442597,0.9104196727275848,0.00164857397950362
918,5.136092662811279,0.012637985407082641,0.9098609089851379,0.0013869684907965008
919,5.136765480041504,0.01287603080747217,0.9094858169555664,0.0013791291769734745
920,5.1374192237854,0.013877439928091012,0.9093353152275085,0.0016830079547370204
921,5.138099431991577,0.014528524443887303,0.9091427028179169,0.002045428705082198
922,5.138036012649536,0.015168482191676718,0.9091701507568359,0.002218947280401549
923,5.13888692855835,0.014905823031756827,0.9088939130306244,0.0023292455829545585
924,5.139769077301025,0.014839062423715571,0.9086637794971466,0.0022554043043634723
925,5.1400487422943115,0.015095652437449893,0.9084790647029877,0.0023643117609156226
926,5.140325546264648,0.015098687010542677,0.9082537293434143,0.0025322669522315354
927,5.140941619873047,0.014454008815720043,0.9080732464790344,0.0025185270796169836
928,5.1414475440979,0.014640129298744151,0.9078525602817535,0.002445318003753561
929,5.14180326461792,0.014289467519133512,0.9076761901378632,0.0021948814299018286
930,5.1423022747039795,0.012990333060633715,0.9076268374919891,0.0018881366664395417
931,5.142509698867798,0.01303349143350887,0.9075780212879181,0.0018194373033667845
932,5.14330267906189,0.01274824156278714,0.9072820544242859,0.0019849479774690653
933,5.144197463989258,0.012422193542706864,0.9069481194019318,0.0016260675623988026
934,5.144816160202026,0.012693619247117021,0.9066585004329681,0.0015598127165396772
935,5.145268201828003,0.012333516573439942,0.9064938127994537,0.0014367439188878667
936,5.1453773975372314,0.012308565639121492,0.9062904417514801,0.0017151660001508326
937,5.0819573402404785,0.08328014960879808,0.9375,0.02209708691207961
938,5.1311445236206055,0.049572786043725475,0.91015625,0.016572815184059706
939,5.1676270961761475,0.028540834287213178,0.8828125,0.0036828759165789425
940,5.153938293457031,0.007543274359085771,0.884765625,0.0027621358640099515
941,5.159996271133423,0.010316536991102597,0.8812499940395355,0.004419392094306815
942,5.174502372741699,0.03537570441652784,0.8815104067325592,0.0018414379582894712
943,5.175968408584595,0.052172740834665506,0.8839285671710968,0.006313471466386393
944,5.170073509216309,0.025566615481496406,0.8857421875,0.0041432037960149265
945,5.179455280303955,0.029253958964017505,0.8810763955116272,0.006138098429732564
946,5.177772045135498,0.03660841544177447,0.8804687559604645,0.001104879633713087
947,5.170421123504639,0.03708315754340118,0.8835227489471436,0.0
948,5.1831114292144775,0.034393514258829964,0.8782552182674408,0.0009206979057204801
949,5.172554016113281,0.040100871896781194,0.8834134638309479,0.0016997402535958454
950,5.178897857666016,0.030126567315587053,0.8816964328289032,0.0015783573298844705
951,5.182374000549316,0.029097509862345064,0.8807291686534882,0.0022097171205776632
952,5.178868055343628,0.03359036391360637,0.87890625,0.0
953,5.186194181442261,0.031197097267763763,0.876838207244873,0.0
954,5.182480812072754,0.0298392943961368,0.8771701455116272,0.0006138267017126607
955,5.182220220565796,0.025248659656330222,0.8774670958518982,0.0023260002756192197
956,5.184818983078003,0.01802502699635107,0.8773437738418579,0.005524271728019903
957,5.180649518966675,0.0154051788929139,0.8802083432674408,0.006313471466386393
958,5.182466745376587,0.011688164029041133,0.87890625,0.009541962209169388
959,5.178799629211426,0.01234801508932769,0.8787364065647125,0.008166331220622316
960,5.17705225944519,0.008115459974469668,0.8785807490348816,0.00966747552403483
961,5.180126428604126,0.004701228070299164,0.8784374892711639,0.011932405016161763
962,5.177879333496094,0.002128247262406105,0.8804086446762085,0.012748325856484161
963,5.1746203899383545,0.00016487847137461746,0.8804976940155029,0.010230135951655265
964,5.17446231842041,0.0020115847857279504,0.8800223469734192,0.011048543456039806
965,5.174341678619385,0.00015577475209626435,0.880387932062149,0.00990556307127287
966,5.173177242279053,0.0013136329743875452,0.8812499940395355,0.008838826335462142
967,5.175681829452515,0.0030369333163009805,0.8802923262119293,0.008910138803142575
968,5.177443027496338,0.00329150028130678,0.8798828125,0.008286407592029853
969,5.178844690322876,0.003606758708168268,0.8787878751754761,0.0060264935748757156
970,5.177361011505127,0.004400805334113511,0.8786764740943909,0.0051993195260009095
971,5.1782448291778564,0.0019094208249375432,0.878125011920929,0.006313429319537882
972,5.177009105682373,0.00169194308662133,0.8793402910232544,0.006138098429732564
973,5.178829908370972,0.003499537125556553,0.8794341087341309,0.006867997552244226
974,5.176677942276001,0.0006032056958879154,0.8803454041481018,0.005233542766991756
975,5.1769609451293945,0.00619120345885629,0.8806089758872986,0.006799129601777425
976,5.1752824783325195,0.005021881293770045,0.8812499940395355,0.006076690471452191
977,5.178507566452026,0.0017597152190268477,0.8797637224197388,0.0035031617545284903
978,5.175735950469971,0.0021754517327383063,0.880952388048172,0.002630595549807451
979,5.173789978027344,0.0019556137709054833,0.8813590109348297,0.0023124711372472227
980,5.170905590057373,0.001780282881100164,0.8821022510528564,0.0025110249405820447
981,5.170686721801758,0.00214780340011516,0.8821180760860443,0.0022097171205776632
982,5.1699442863464355,0.004938936295900607,0.88230299949646,0.0012009323014694146
983,5.168862581253052,0.005961587428168939,0.8829787373542786,0.0
984,5.166084289550781,0.008736198759338116,0.88330078125,0.0011508618454384725
985,5.165212392807007,0.012328796126406721,0.8836096823215485,0.002705785527550886
986,5.169010162353516,0.012050626926234822,0.8818750083446503,0.002651668974062898
987,5.169469594955444,0.013895984541435806,0.8812806308269501,0.004116103372422422
988,5.167839050292969,0.014919310023280313,0.881760835647583,0.004886842791141141
989,5.16938042640686,0.014791520778595283,0.8814858496189117,0.005420042571652461
990,5.16968035697937,0.012465014740793931,0.8809317350387573,0.0047058642236353625
991,5.168747425079346,0.012392522161355194,0.8811079561710358,0.0046202639743097365
992,5.1689980030059814,0.01407536152869817,0.880580335855484,0.004340493193894422
993,5.1669487953186035,0.014992139777507138,0.8811677694320679,0.004458209341785349
994,5.166783571243286,0.015344487431058212,0.881196141242981,0.004190829734832237
995,5.166215181350708,0.015114534225582774,0.8808262646198273,0.0037452953992235766
996,5.166467905044556,0.015973655585628837,0.8812499940395355,0.0036828337697304312
997,5.165479421615601,0.017666273021826343,0.8811475336551666,0.005071488134467368
998,5.164815664291382,0.01735742091593851,0.8806703686714172,0.004811484226003662
999,5.165168046951294,0.0188221081953891,0.880332350730896,0.004735114136501923
1000,4.989567279815674,0.0026272659487750903,0.9279113411903381,0.0011944416867987369
1001,4.990203380584717,0.003409511457137284,0.9274782538414001,0.0013265299100318787
1002,4.990929365158081,0.0036809371615474412,0.9273940324783325,0.0015263059719735164
1003,4.991379976272583,0.00389065987973765,0.9271158576011658,0.0017236375167015224
1004,4.991655588150024,0.004347868892383829,0.926986426115036,0.0019870131730460993
1005,4.99330472946167,0.004791928088294608,0.9266660213470459,0.001974748440129429
1006,4.994322299957275,0.005151356412395512,0.9262538254261017,0.0022334036494407856
1007,4.99519681930542,0.004868803939978478,0.9258942008018494,0.00215252384714838
1008,4.995572090148926,0.0051722612492569155,0.9256807863712311,0.0024069643716086472
1009,4.99616003036499,0.004725841829829526,0.9256108999252319,0.0023260002756192197
1010,4.996335983276367,0.004966584628523753,0.9255885481834412,0.0023120918156106247
1011,4.9968578815460205,0.004805752254606181,0.9254271984100342,0.0019700279930962086
1012,4.997950553894043,0.004103417171020643,0.925129234790802,0.0016972535895337026
1013,4.998478412628174,0.00404340005874113,0.9249265789985657,0.0016873069332851316
1014,4.998697996139526,0.004295269625442233,0.924726277589798,0.0018064560740254291
1015,4.999331712722778,0.003802320085258816,0.9246189892292023,0.001667708648727566
1016,4.999801158905029,0.004884313980230487,0.9245129823684692,0.0021682867684914542
1017,4.999889850616455,0.005023904342498569,0.9245426952838898,0.0023460200286618943
1018,5.000729084014893,0.005255206247126355,0.9243491291999817,0.002332659477683941
1019,5.000746011734009,0.0057262394260841065,0.9243351221084595,0.0024447700947229194
1020,5.001415014266968,0.005746469913369336,0.9240127205848694,0.002617993642102694
1021,5.002304553985596,0.004772371950585553,0.9238253831863403,0.0021074267192417234
1022,5.0027313232421875,0.005389401812785042,0.9237273335456848,0.002095709895355695
1023,5.003122806549072,0.005009743001398908,0.9236303567886353,0.0018388670005303066
1024,5.004011154174805,0.005223511817046163,0.9231034517288208,0.001828751756887692
1025,5.004314422607422,0.00528420327890185,0.9228823781013489,0.001879327975100765
1026,5.00491738319397,0.006300785264984614,0.9226210713386536,0.002110208411243442
1027,5.005537748336792,0.006152428358226267,0.9222778081893921,0.0022186943993104838
1028,5.005803346633911,0.0070864025212276785,0.9220647811889648,0.002743506956968136
1029,5.005826473236084,0.006561421376175983,0.9221056997776031,0.002788056175844151
1030,5.005971908569336,0.006180413865637501,0.9220627546310425,0.002714172750404554
1031,5.006751775741577,0.006223909413300743,0.9216882586479187,0.0026410901150866637
1032,5.006653070449829,0.006079598603999442,0.9217717945575714,0.0026271395082295575
1033,5.007422685623169,0.005985864012911214,0.9215259552001953,0.0024972007742704713
1034,5.00803017616272,0.00501547497279639,0.9210784435272217,0.0021952607515384266
1035,5.0080246925354,0.005123033730196192,0.9209606647491455,0.0021263928010716257
1036,5.008675575256348,0.005464254615740389,0.9207632839679718,0.0024012324002111655
1037,5.009126424789429,0.004597378235568321,0.9205276668071747,0.002047620341204765
1038,5.009155511856079,0.004586588642349532,0.9205345511436462,0.002037125775925552
1039,5.009832143783569,0.004678300184709237,0.9202229082584381,0.0021393318835644702
1040,5.010479211807251,0.003902798172108787,0.919993668794632,0.0020164316733067033
1041,5.010494232177734,0.003952362865957599,0.9200031459331512,0.0020063164296640888
1042,5.0103185176849365,0.004415978199577433,0.9199733138084412,0.0022734853023746457
1043,5.010302305221558,0.0046027730321777155,0.9199438393115997,0.002206935428575944
1044,5.010101079940796,0.004494202750413652,0.9197981357574463,0.001976350020372843
1045,5.009812116622925,0.004257506049176471,0.9197697639465332,0.0016934603731677221
1046,5.010449409484863,0.00410139412229212,0.9194341897964478,0.0015220912871224271
1047,5.010857105255127,0.003392652717732926,0.919369637966156,0.001298207227832558
1048,5.010580062866211,0.003352866092738642,0.9193818271160126,0.0013995703985012582
1049,5.010963678359985,0.0029863570980879074,0.9190909266471863,0.0012856474669763116
1050,5.011745452880859,0.0022044487645138016,0.9189535677433014,0.0010661888267800863
1051,5.011677503585815,0.0023457250007223184,0.9189675748348236,0.0012732984403626196
1052,5.0120580196380615,0.002002481066449597,0.9185707867145538,0.0008976014327365102
1053,5.012213230133057,0.001548306626896203,0.9185121953487396,0.0006831582675130814
1054,5.012480735778809,0.0015907906501951843,0.9183802008628845,0.0006799129601777425
1055,5.012284755706787,0.002134990758167848,0.9182125926017761,0.0010411114519161043
1056,5.0122435092926025,0.0012775552720622199,0.9182664155960083,0.0006735066392040866
1057,5.012374639511108,0.001541225956346373,0.918137401342392,0.0008766965958751068
1058,5.013193845748901,0.0006827789458764834,0.9176103472709656,0.0005132643211656676
1059,5.01324200630188,0.0005512807785224939,0.9173410534858704,0.0005109040976490574
1060,5.013765811920166,0.0008024759956474223,0.9170742332935333,0.0005085860209809583
1061,5.013402700424194,0.0010765990983622772,0.9171678125858307,0.0008099359878338507
1062,5.013222694396973,0.0010513109892557407,0.9171892702579498,0.0009070423268029504
1063,5.013207674026489,0.0005782547615694661,0.9171396195888519,0.0010033057288018324
1064,5.012870788574219,0.0007937094511571564,0.9172316193580627,0.001098599753284964
1065,5.013219118118286,0.0006423179713060251,0.9171470701694489,0.0006462376282175382
1066,5.013327598571777,0.0008962105867356507,0.9169232845306396,0.0004948882952149177
1067,5.013314247131348,0.000343243934272721,0.9169105291366577,0.0006404635099715458
1068,5.013476133346558,0.0007717930899314915,0.9167244732379913,0.0005395218077879545
1069,5.01390814781189,0.00045956923616278855,0.9165745973587036,0.0004883133868472183
1070,5.013995170593262,0.00014431080930130116,0.9163228869438171,0.0006806716034509386
1071,5.014031887054443,0.0010627749320507038,0.9163472056388855,0.0009681131102952359
1072,5.014413356781006,0.0004491168177320868,0.9160646200180054,0.0007229027456588544
1073,5.015256881713867,0.0005563384003438013,0.9157505333423615,0.000815752252928354
1074,5.014886140823364,0.0004919380158191552,0.9158108234405518,0.0007644595382905959
1075,5.014477252960205,0.0006716521778696073,0.9158032834529877,0.0007135882921379469
1076,5.014409303665161,5.900558791525165e-05,0.915762335062027,0.0006158076035926727
1077,5.013729810714722,9.070001799544396e-05,0.9159885048866272,0.0005188277051691055
1078,5.013575315475464,4.2821198087068337e-05,0.915847510099411,0.0003757391544746203
1079,5.013837575912476,9.946656248570992e-05,0.9156745970249176,0.00037413757423120634
1080,5.013652324676514,0.0004079814935854542,0.9157007336616516,0.00046572267604537903
1081,5.013794898986816,0.0004808112478122791,0.9155626893043518,0.0004173380939548727
1082,5.013929605484009,0.001189215477583386,0.9153278470039368,4.619294596793986e-05
1083,5.013611793518066,0.0013102612265066737,0.9153551161289215,4.598221172538539e-05
1084,5.013072967529297,0.0013567913472627006,0.9155116677284241,4.5771477482830915e-05
1085,5.013238191604614,0.001109642227594818,0.9153444170951843,4.5602890088787345e-05
1086,5.013678312301636,0.0012667656788434311,0.9151785671710968,4.539215584623287e-05
1087,5.013739585876465,0.0005590357986484984,0.9151420295238495,4.5223568452189295e-05
1088,5.013652563095093,0.001082668244547846,0.9150420725345612,4.505498105814572e-05
1089,5.014017105102539,0.001186855254066776,0.9148794412612915,0.00022430552777497805
1090,5.013609170913696,0.0009316139394848017,0.9148761630058289,0.0
1091,5.013630628585815,0.000965331418293517,0.9147469997406006,4.45070720275041e-05
1092,5.014263868331909,0.00011632530189006753,0.914587527513504,0.0002216502763187917
1093,5.014348268508911,0.0003368376132990651,0.9143356680870056,0.000353190590521292
1094,5.014712333679199,0.00014026471184425533,0.9141169190406799,0.00017592094568447169
1095,5.0151402950286865,0.00014599668324173694,0.9139308631420135,4.37905756028189e-05
1096,5.01497220993042,0.000575894538052856,0.9140239357948303,4.366413505728622e-05
1097,5.01476263999939,0.0009174525983851413,0.914054811000824,0.00021730915092216962
1098,5.015045404434204,0.0005492577297939711,0.9139324426651001,0.000259708880524129
1099,5.015010118484497,0.0011757284860598998,0.9139024615287781,0.00043116226026644594
1100,4.878971338272095,0.018088415856511456,0.9334757626056671,0.005972166287145173
1101,4.8797736167907715,0.018165628882983415,0.933353066444397,0.00572497502062878
1102,4.880570888519287,0.016976750580188115,0.9332319498062134,0.005203365623457955
1103,4.88135838508606,0.017141629051562732,0.9327710568904877,0.005170954696953078
1104,4.88175892829895,0.017829465619260524,0.9326550364494324,0.005481450529932834
1105,4.881869792938232,0.01784396413514827,0.9326367378234863,0.005515758064620702
1106,4.88292384147644,0.01650032260462097,0.9323793947696686,0.0050758714067125005
1107,4.884003400802612,0.016546852725376995,0.931839793920517,0.004910487173155753
1108,4.885005950927734,0.016224850802753765,0.9316376745700836,0.004813886596368783
1109,4.885244846343994,0.016183041129030958,0.9314849674701691,0.0046520426980869506
1110,4.885679483413696,0.016701953127897087,0.9313807785511017,0.004954488483001126
1111,4.886213541030884,0.017342585225262677,0.9313242733478546,0.005187729142660413
1112,4.88702917098999,0.017067113423395473,0.9309453666210175,0.004961231978762869
1113,4.887051820755005,0.01688133011515945,0.9309379458427429,0.004867202359735065
1114,4.887309312820435,0.01723536364265096,0.9308850467205048,0.004967806887130569
1115,4.887432098388672,0.01720940118396825,0.930878072977066,0.004874830939315536
1116,4.8883960247039795,0.01790701582052057,0.9305555522441864,0.004974213208104225
1117,4.889260768890381,0.01789386600378517,0.9303712248802185,0.005262708386161294
1118,4.889366388320923,0.017637275990050848,0.9303673505783081,0.00516964814464924
1119,4.889765501022339,0.017884087934930643,0.9302748143672943,0.0052029863018213576
1120,4.889780282974243,0.01785846265103602,0.9302274286746979,0.005173652095257775
1121,4.890119314193726,0.017656157778183728,0.9300490915775299,0.004834707139533165
1122,4.890488147735596,0.01705362643187199,0.9300034940242767,0.004437936707651609
1123,4.8921778202056885,0.017128142060039247,0.9294382929801941,0.004290717765803056
1124,4.892101526260376,0.016593382846133025,0.9295689761638641,0.004145100404197917
1125,4.892456293106079,0.017983217322628267,0.9295267462730408,0.004607324891816892
1126,4.89251708984375,0.017686840683899658,0.9293997287750244,0.004702829650542578
1127,4.892685890197754,0.01729706662887091,0.9293588995933533,0.004677288660344976
1128,4.892891883850098,0.01740833430893967,0.9294028282165527,0.004652000551238439
1129,4.893213272094727,0.0180820095355378,0.9294043779373169,0.004804993611332985
1130,4.894195318222046,0.01877827547293777,0.9289052188396454,0.004838331768505102
1131,4.8942060470581055,0.018966081829902313,0.9288678765296936,0.004812664337761968
1132,4.8939714431762695,0.01878063569645438,0.9288721978664398,0.0047288342560738
1133,4.894346714019775,0.019240542107405258,0.9285479485988617,0.004878202687196408
1134,4.895212411880493,0.020011660847760574,0.9283088147640228,0.0052571028553093455
1135,4.895747184753418,0.01990679948866547,0.9280315339565277,0.005114815094736567
1136,4.89601731300354,0.019683926953739862,0.9279188215732574,0.0050883468738717255
1137,4.896412134170532,0.019843073453716997,0.9277268350124359,0.005062131534097949
1138,4.896432161331177,0.020198455680360855,0.9277368783950806,0.00509277229296537
1139,4.896942138671875,0.02040177207757741,0.9275875687599182,0.005235734403114322
1140,4.897479057312012,0.02058384646314447,0.9272021651268005,0.005377263520413904
1141,4.8974449634552,0.020511353883705733,0.9270176589488983,0.005573035631747007
1142,4.8985185623168945,0.0203626598021593,0.9264037013053894,0.005489627018543948
1143,4.898710250854492,0.020586543861449168,0.9262640476226807,0.0055173596448641156
1144,4.899025201797485,0.021224815735298146,0.926009327173233,0.0055997567337029135
1145,4.899574041366577,0.02228084717158711,0.925757110118866,0.006118373704629465
1146,4.899787187576294,0.022451457614359207,0.9255842566490173,0.006088280854792687
1147,4.899571895599365,0.022358060198059065,0.9254895746707916,0.006166631846174438
1148,4.9001686573028564,0.0223860457054703,0.9251294136047363,0.00640573091777674
1149,4.89997124671936,0.022765704516856434,0.9252272844314575,0.00653537462379625
1150,4.8996193408966064,0.02293766365878088,0.9253241717815399,0.006557164544476382
1151,4.900265216827393,0.021778119562549166,0.9251575767993927,0.006313471466386393
1152,4.9008753299713135,0.022966660690556376,0.9249551892280579,0.006547260035076322
1153,4.901101589202881,0.02344241431654735,0.9247176051139832,0.00683141408773677
1154,4.901434659957886,0.024186559073855692,0.9244082868099213,0.007112912888941031
1155,4.901624441146851,0.02369091213536758,0.9242491126060486,0.006871200712731054
1156,4.901719570159912,0.02408506946264146,0.9241647124290466,0.007046194427748286
1157,4.901798486709595,0.024806960683936053,0.924190491437912,0.007271132158250928
1158,4.901975154876709,0.024936772977349607,0.9241071343421936,0.0072373725325937015
1159,4.902088642120361,0.024981954398953284,0.9239884316921234,0.007152783807632337
1160,4.902080297470093,0.024566217885241826,0.9239067733287811,0.007018166773488542
1161,4.902123212814331,0.02415014419674228,0.923682689666748,0.006986008728074729
1162,4.9023590087890625,0.02418419885033908,0.923674464225769,0.007054960972238552
1163,4.902398586273193,0.0248450614349899,0.9236662685871124,0.007323900012586567
1164,4.902584791183472,0.024766499709365595,0.9235522747039795,0.007340716605142413
1165,4.9025609493255615,0.024398304840774425,0.9235095679759979,0.007257982341515528
1166,4.902635812759399,0.024479901139491514,0.9235022366046906,0.007225444974465118
1167,4.902026891708374,0.024113054970052693,0.9235994815826416,0.00704543578447509
1168,4.902328014373779,0.023412068585619505,0.9233837425708771,0.0070142049697285175
1169,4.902027606964111,0.023229319850476268,0.9234806597232819,0.007031990939800115
1170,4.901946306228638,0.022928897114290615,0.9233704507350922,0.006952417689811547
1171,4.902098894119263,0.02372867571163334,0.9232612252235413,0.007454428802424805
1172,4.902078866958618,0.024226345698849978,0.9232892692089081,0.0075664972726152725
1173,4.901950359344482,0.02407562856857502,0.9232831001281738,0.00743765435671747
1174,4.901542901992798,0.024373353906455977,0.9232770204544067,0.007596632269300562
1175,4.9014732837677,0.024748292270808887,0.9231364130973816,0.007849344772971882
1176,4.901686429977417,0.025105023196605094,0.9229300618171692,0.00791045770331268
1177,4.901705265045166,0.024557114165963474,0.9228588342666626,0.007876655930806942
1178,4.901614427566528,0.024258714478506343,0.9229210913181305,0.007937136658420075
1179,4.90170693397522,0.023715188720109855,0.9227843880653381,0.007809979616462708
1180,4.901826858520508,0.023149072250911524,0.9227805435657501,0.007683918392566624
1181,4.901870250701904,0.023496362282641292,0.9227767586708069,0.007744399120179757
1182,4.901723861694336,0.023069499000922956,0.9226750433444977,0.0075734936494680815
1183,4.901730537414551,0.022500347958631844,0.9227042198181152,0.007495985595056547
1184,4.902021884918213,0.02303847892041894,0.9226036071777344,0.0076939071956637056
1185,4.90228271484375,0.02299936664500083,0.9225361347198486,0.007570922691708917
1186,4.9024646282196045,0.02277649411007522,0.9224370718002319,0.007494384014813133
1187,4.902071237564087,0.022210040466088807,0.9224987328052521,0.007282764688439934
1188,4.902211427688599,0.021930859741552643,0.9223050475120544,0.007072831236007171
1189,4.901894807815552,0.021976715512732496,0.9223984777927399,0.007088973478986843
1190,4.901524066925049,0.021982447484129978,0.9224279522895813,0.007015680109426398
1191,4.9014856815338135,0.021041392650578736,0.9223942458629608,0.006764864213938068
1192,4.901146411895752,0.02076254910083066,0.9224548637866974,0.006560451998660232
1193,4.900800943374634,0.021061623137863965,0.9225150048732758,0.006622492159668268
1194,4.90081524848938,0.02086471306162107,0.9225435256958008,0.006552149069503586
1195,4.901034355163574,0.02004976159881442,0.9223860204219818,0.0062195682879041215
1196,4.900552272796631,0.0206040769504297,0.9225382506847382,0.006413190909963168
1197,4.90033483505249,0.02036333415173547,0.9225971102714539,0.0063010381460756795
1198,4.9001781940460205,0.021080504925996845,0.9226554930210114,0.006362951866538183
1199,4.9001853466033936,0.020970585945080434,0.9225914776325226,0.006165620321810177
1200,4.775356769561768,0.008089497515786958,0.9397356808185577,0.003442765320612379
1201,4.775794982910156,0.008214252187379202,0.9397709369659424,0.003490854874763309
1202,4.77610969543457,0.007613406715007898,0.9397566914558411,0.0034689385135376442
1203,4.777272701263428,0.008396326572946266,0.9395963549613953,0.0035162272775668673
1204,4.778213977813721,0.008254038812373488,0.9392926394939423,0.003357375805529308
1205,4.778383493423462,0.008268537328261235,0.9392334520816803,0.003268614542565365
1206,4.778647184371948,0.008687308415065478,0.9392706751823425,0.003316282628231186
1207,4.7788214683532715,0.008517035147081466,0.9390696287155151,0.003161519400499183
1208,4.779041051864624,0.00817682578590153,0.9390601515769958,0.0030086949277986813
1209,4.7794389724731445,0.008544683479704612,0.9388627707958221,0.0032563919564972056
1210,4.780357360839844,0.008509617301743549,0.9385276436805725,0.0034351367410319074
1211,4.7818615436553955,0.009220044580243178,0.9380572140216827,0.003808684259383961
1212,4.783150911331177,0.009920019440312107,0.9375,0.004177848505490881
1213,4.78394627571106,0.011023929696509442,0.9372246563434601,0.004542713773049691
1214,4.784281015396118,0.010552559342763604,0.9371806681156158,0.0044516765802661605
1215,4.784130096435547,0.010889396956062669,0.937273234128952,0.004554093422147633
1216,4.784671783447266,0.01140797178014071,0.9371843338012695,0.004655372299119311
1217,4.7846715450286865,0.012205390153966824,0.9371412992477417,0.004945679791662349
1218,4.785416841506958,0.012071868937884311,0.9368313252925873,0.004854431864636264
1219,4.785524845123291,0.012173358549098545,0.9367464482784271,0.004826867825710139
1220,4.785878658294678,0.012590106587174266,0.9367066323757172,0.004862018297368225
1221,4.786418914794922,0.012938070968480207,0.9364481270313263,0.005206610930793294
1222,4.787166118621826,0.012785667964264813,0.9360617101192474,0.005362469976586581
1223,4.787671089172363,0.012955604057460738,0.935852974653244,0.005393995819272729
1224,4.787198066711426,0.013095868769304993,0.9361637830734253,0.0054252266340193015
1225,4.78759503364563,0.013279629028812492,0.9359996616840363,0.005516727442136452
1226,4.78768253326416,0.0137203164768424,0.9359652101993561,0.005546904585670253
1227,4.7878100872039795,0.013508907884711756,0.9359311461448669,0.005336886839540467
1228,4.788608551025391,0.012296090171962268,0.9356865882873535,0.005069507232587356
1229,4.788915395736694,0.013169035698319906,0.9354446530342102,0.005279567125565651
1230,4.7893078327178955,0.01315554870679642,0.9353304207324982,0.005310376471827115
1231,4.789284706115723,0.01330356843876668,0.9352174699306488,0.0054582276164033315
1232,4.78979754447937,0.0136599621897748,0.9350231289863586,0.005487772557209468
1233,4.790133237838745,0.013162966552134336,0.934912919998169,0.005400865755580005
1234,4.790143013000488,0.013292104495971716,0.9347630739212036,0.005603676390614427
1235,4.790471792221069,0.013829223933394549,0.9346147775650024,0.005689487374182607
1236,4.790388822555542,0.013827200884666027,0.9345892667770386,0.005717220000502775
1237,4.790856599807739,0.013237819355089685,0.934362918138504,0.005346538467849463
1238,4.791287899017334,0.0129697653985604,0.9341389238834381,0.005319143016317382
1239,4.791960954666138,0.013517674429202022,0.9338774085044861,0.005348350782335431
1240,4.792608737945557,0.012970439748136572,0.9336581230163574,0.0050971555652105024
1241,4.793137550354004,0.013594213106097805,0.9334016442298889,0.0052386846825100844
1242,4.793116569519043,0.013408766972649871,0.9334222078323364,0.005101454543758614
1243,4.793315649032593,0.013744930236372762,0.9332865178585052,0.005186296149811043
1244,4.793175935745239,0.014167073071057877,0.9332686364650726,0.005325296456199972
1245,4.792987108230591,0.013880474501183796,0.9333281815052032,0.005244290213362033
1246,4.793540954589844,0.014895707788114212,0.9330027401447296,0.005707736959587824
1247,4.793672561645508,0.01461315531569718,0.9329482913017273,0.005463411678770172
1248,4.793338060379028,0.014626305132432578,0.9330085217952728,0.0053829533449628745
1249,4.793527841567993,0.014161003924872307,0.9328409135341644,0.005303295801277285
1250,4.7932069301605225,0.014049061895227373,0.9328633844852448,0.00506449175761456
1251,4.793446779251099,0.013606014223680855,0.9328106343746185,0.005040130879175262
1252,4.793457746505737,0.01372604844823988,0.9326837062835693,0.005121685031043843
1253,4.793776273727417,0.01291278285937367,0.9326322674751282,0.004992209912418376
1254,4.7941131591796875,0.012097157046990848,0.9325073957443237,0.004759390721244198
1255,4.794477939605713,0.011663550269510771,0.9323100745677948,0.004736926450987891
1256,4.794644355773926,0.011279171011091417,0.9322244822978973,0.004559319631362984
1257,4.794585227966309,0.011537446898766176,0.9321397244930267,0.0047958477452061206
1258,4.794563055038452,0.011402239808743228,0.9319831430912018,0.004619589624733562
1259,4.794650077819824,0.011532052102156782,0.9318641722202301,0.00459826331938705
1260,4.794511795043945,0.01145652494962526,0.9318541288375854,0.004526234355281932
1261,4.794599294662476,0.011423818995180806,0.9316652417182922,0.004404261375691405
1262,4.794508695602417,0.011035393639304406,0.9315849542617798,0.004132161321705073
1263,4.794759273529053,0.010816567201835844,0.9314699172973633,0.0039127448283573585
1264,4.794897556304932,0.010313502418009813,0.9313912391662598,0.0037452532523750653
1265,4.795027256011963,0.01058256789890336,0.9312078058719635,0.004026667759882305
1266,4.795590162277222,0.011019209249476223,0.9309210479259491,0.004256115203175612
1267,4.796013832092285,0.01198926111480296,0.9307413697242737,0.00453272496995261
1268,4.795677900314331,0.011707045817174013,0.9308407306671143,0.004414545206728062
1269,4.795203924179077,0.01191811723451657,0.9309046864509583,0.004541491514442875
1270,4.7954981327056885,0.012472432586131848,0.9305899441242218,0.0046187466877633445
1271,4.795243978500366,0.012401625880633546,0.9306544363498688,0.004646900782568622
1272,4.795349597930908,0.011933290099980492,0.9305820763111115,0.0045784543005869295
1273,4.795299530029297,0.012298113220690791,0.9305781722068787,0.0046065662485436955
1274,4.795330047607422,0.012747904387999052,0.9304392039775848,0.004825519126557791
1275,4.795992612838745,0.013753022431286854,0.930133193731308,0.005090201335206205
1276,4.7958314418792725,0.01391082023211164,0.9301312863826752,0.005115742325403807
1277,4.7959208488464355,0.014637431900439453,0.9300960600376129,0.005376884198777306
1278,4.795993328094482,0.014943586608022587,0.92999467253685,0.005447943785366674
1279,4.796076774597168,0.015163424569855411,0.9297618865966797,0.005705503176616747
1280,4.7962565422058105,0.015376519035926491,0.9297286570072174,0.00558829279090795
1281,4.796052932739258,0.015207931641882916,0.9297940731048584,0.005425732396201432
1282,4.796199321746826,0.015665815004105268,0.9296303689479828,0.00558778702872582
1283,4.7957985401153564,0.015609506814494713,0.9296956062316895,0.005610504180073192
1284,4.79590630531311,0.014911555003154308,0.9295660555362701,0.005449882540398175
1285,4.795931100845337,0.01454201143541079,0.9294375479221344,0.0054729790133821446
1286,4.7959840297698975,0.014123914698182721,0.9293101131916046,0.005132516771111142
1287,4.796367645263672,0.01419977902550233,0.929119735956192,0.005066261925252017
1288,4.796265363693237,0.014675532651493302,0.9290902316570282,0.005225829893714262
1289,4.795740604400635,0.014851875065662882,0.9291243851184845,0.005384049163024158
1290,4.7955162525177,0.014249343719351142,0.9291898608207703,0.005228232264079383
1291,4.795534610748291,0.014207196870840247,0.9292232990264893,0.005385187127933952
1292,4.795328617095947,0.014157969351779523,0.9292251765727997,0.005319227310014403
1293,4.795063734054565,0.01379618080416201,0.9291957914829254,0.005121390003104267
1294,4.795161724090576,0.013464737987472337,0.9292599558830261,0.005232952711112603
1295,4.794889450073242,0.013582749163302842,0.929292619228363,0.005212216461645243
1296,4.79487156867981,0.013133295170782667,0.9292941689491272,0.00506074068809709
1297,4.79470419883728,0.01301798139325686,0.9292342662811279,0.004910445026307242
1298,4.7944653034210205,0.01302405053944243,0.9292360246181488,0.0049345108768069626
1299,4.794266700744629,0.013174093320141213,0.9292073249816895,0.005001482219090773
1300,4.673373699188232,0.010238649615054465,0.9440083503723145,0.003302289874525569
1301,4.673766374588013,0.010854667952889693,0.9439178705215454,0.003490854874763309
1302,4.674008846282959,0.011142278047128033,0.9438284933567047,0.00367710179833295
1303,4.6742541790008545,0.011912722437907176,0.9436915218830109,0.003929898595701292
1304,4.674561262130737,0.011504066594745548,0.9435561895370483,0.003768518312753079
1305,4.674559593200684,0.01185776294744897,0.943615198135376,0.003881471866762275
1306,4.674703598022461,0.011844950305501659,0.9436255693435669,0.0037900132054936348
1307,4.675496339797974,0.011866866666727323,0.9432553350925446,0.003565159768688015
1308,4.675886154174805,0.01220707602790726,0.9430786669254303,0.0036104254839887154
1309,4.676371812820435,0.012255966372179898,0.9429981112480164,0.003655143290258774
1310,4.676636219024658,0.012775552720622198,0.9429652392864227,0.0038975298160449255
1311,4.676736354827881,0.01273171999817087,0.9428398907184601,0.003874349049363934
1312,4.676993370056152,0.01258606048971722,0.9426698684692383,0.003525078115754155
1313,4.677084922790527,0.012824780239682924,0.9425936341285706,0.0038288725998206793
1314,4.677281856536865,0.013105984012947608,0.9423814117908478,0.003935546273401752
1315,4.678236722946167,0.012725313677197213,0.9421262741088867,0.003976808038093917
1316,4.678832054138184,0.0128227571909544,0.941919207572937,0.004081416516097956
1317,4.679738998413086,0.014285421421676466,0.9417144954204559,0.0044384424698337395
1318,4.680385589599609,0.013785054036155132,0.9413783848285675,0.0040978959338657155
1319,4.6802661418914795,0.014064571935479381,0.9414007067680359,0.004262732258391823
1320,4.68107795715332,0.013284686650633799,0.9411583244800568,0.00392694831630553
1321,4.68113899230957,0.013506547661195144,0.9410501420497894,0.004028943689701893
1322,4.681599378585815,0.013538579266063425,0.94094318151474,0.003883157740702711
1323,4.681892156600952,0.01334841268558227,0.9408807158470154,0.003922944365696995
1324,4.682257890701294,0.013376061018205418,0.9408620595932007,0.003901280885562395
1325,4.682308197021484,0.014298908413199952,0.9408007562160492,0.004304246904175053
1326,4.682526350021362,0.013959373401596191,0.9406121969223022,0.004160146829116306
1327,4.682810068130493,0.01429452514095482,0.9404256939888,0.004257506049176471
1328,4.683550834655762,0.013087102224814727,0.9401990473270416,0.003817029335389118
1329,4.683438062667847,0.01340168630210004,0.9403523206710815,0.003915189345570991
1330,4.684221982955933,0.012889854973783744,0.94012850522995,0.0037172677449638317
1331,4.685250759124756,0.01398668455943125,0.9398240149021149,0.003873590406090738
1332,4.68609619140625,0.015425072205411042,0.93952277302742,0.004145016110500895
1333,4.686080694198608,0.015577138034838347,0.9393889605998993,0.004181346693917286
1334,4.686591148376465,0.015870817275262256,0.9392565190792084,0.004101689150231696
1335,4.686628341674805,0.01571976297019921,0.9392067492008209,0.004022874543516324
1336,4.687288045883179,0.015219732759465966,0.9390766322612762,0.00394490287377117
1337,4.687476634979248,0.014807367993635379,0.938947856426239,0.0037539355031683094
1338,4.687879323959351,0.014941900734082152,0.9387803971767426,0.0038478808284990924
1339,4.6884660720825195,0.01574741130282236,0.9386544525623322,0.003997164965924679
1340,4.688744306564331,0.01582192693098962,0.9384901821613312,0.004200987125323363
1341,4.688708543777466,0.016538760530462906,0.938603401184082,0.004458462222876414
1342,4.688552379608154,0.016956520092902886,0.9385978579521179,0.004768747321613616
1343,4.688502311706543,0.0173813603258927,0.9385923743247986,0.005075997847258033
1344,4.6885154247283936,0.018052000979398044,0.938586950302124,0.005380129506112645
1345,4.688348054885864,0.01798186862347592,0.9385043084621429,0.005244290213362033
1346,4.6882429122924805,0.01806919689359049,0.9384993612766266,0.005218496342073367
1347,4.689209699630737,0.017510498269730078,0.9383797347545624,0.005030689985108822
1348,4.689416170120239,0.01688739926134502,0.9382612705230713,0.004844695942630247
1349,4.69008731842041,0.015684696792238148,0.9379545450210571,0.004285491556587705
1350,4.690074443817139,0.015299643184242621,0.9379523396492004,0.004051576547352244
1351,4.689709186553955,0.01513645058680844,0.9380627274513245,0.004085209732463937
1352,4.6900060176849365,0.015256821986155552,0.937873363494873,0.004118421449090521
1353,4.689832925796509,0.015193433125995168,0.9378715753555298,0.004098865311381467
1354,4.690564393997192,0.015030240528560985,0.9376479387283325,0.003974869283062416
1355,4.690530061721802,0.015169156541252893,0.9376104176044464,0.0040082074402345335
1356,4.690591335296631,0.014934145713956147,0.9374633431434631,0.003885770845310386
1357,4.691285610198975,0.015258507860095989,0.9371353685855865,0.0037129266195672097
1358,4.691507577896118,0.015777419858962114,0.9368467032909393,0.0039009858576228187
1359,4.691605091094971,0.015433164400325133,0.9367052018642426,0.003678619084879342
1360,4.6918418407440186,0.015465870354769587,0.9366009831428528,0.0036108048056253134
1361,4.691488742828369,0.015172865463921851,0.9367125034332275,0.0035436227290989485
1362,4.691398859024048,0.014804333420542593,0.9366091787815094,0.003376257593662188
1363,4.691524028778076,0.015525550292261013,0.9365068078041077,0.003611816329989575
1364,4.692021131515503,0.015970283837747967,0.9363700449466705,0.003695309236889656
1365,4.692431688308716,0.01601951135680869,0.9362696707248688,0.0037284366598192187
1366,4.693002939224243,0.01493515723832041,0.936030238866806,0.003464260213352935
1367,4.693254709243774,0.015105767681092508,0.9358974397182465,0.0034488344667979475
1368,4.693465232849121,0.016003664141768594,0.9357311129570007,0.003678745525424875
1369,4.693412780761719,0.01612032661844675,0.9356353580951691,0.0037113250393237956
1370,4.693960189819336,0.015666489353681444,0.9354716539382935,0.003451911186739243
1371,4.694293260574341,0.01599118867460937,0.9352409541606903,0.003582018508092373
1372,4.69422721862793,0.01613448795954641,0.9351145029067993,0.003662729722990735
1373,4.693959951400757,0.015866434003017123,0.9351248741149902,0.0036468825079506387
1374,4.69408392906189,0.01597972473181441,0.9349324107170105,0.0035355305341848568
1375,4.69401741027832,0.01571639122231834,0.934909850358963,0.0034727738767521355
1376,4.693908452987671,0.015821252581413446,0.9349209368228912,0.003457853892379279
1377,4.693962574005127,0.015994223247702156,0.9348319172859192,0.0034902648188841565
1378,4.693670034408569,0.015917684570806372,0.9349761009216309,0.003475429128208322
1379,4.6936516761779785,0.01626733482605275,0.934887558221817,0.00369455059361646
1380,4.693274736404419,0.01609436415976404,0.9350961446762085,0.0035858538713068643
1381,4.69334602355957,0.016054240359981667,0.9349094927310944,0.0034780000859674864
1382,4.693084716796875,0.0166544114827768,0.9348223805427551,0.003879111643245665
1383,4.6927289962768555,0.016741402578103283,0.9348660111427307,0.003908951611991378
1384,4.692872762680054,0.01658933674867598,0.9347797930240631,0.0039385808464945365
1385,4.692209005355835,0.01665879475502193,0.9350167810916901,0.0039679150530581185
1386,4.692204713821411,0.01675252934611016,0.9349306225776672,0.0038153013146001715
1387,4.692132472991943,0.016846601111986475,0.9348771870136261,0.003980643401308408
1388,4.692012548446655,0.01704249966386511,0.9347923099994659,0.00400947184568986
1389,4.691598892211914,0.01725458260557193,0.9349302053451538,0.0039931610153161445
1390,4.691465377807617,0.01759310609281143,0.9349089860916138,0.004111087897449625
1391,4.691108465194702,0.017706059646820628,0.9349509179592133,0.004139031258012348
1392,4.690823078155518,0.016896502980623375,0.9349924921989441,0.0039007751233802643
1393,4.690465927124023,0.017056323830176683,0.9350025057792664,0.0038851807894312337
1394,4.690599203109741,0.01717264913206675,0.9348880648612976,0.003957673368869971
1395,4.690515995025635,0.017523648086465476,0.9348364770412445,0.004117199190483705
1396,4.690006971359253,0.017060707102421815,0.9349395334720612,0.003970022395483663
1397,4.6894755363464355,0.01711836399118472,0.9350110590457916,0.003954428061534633
1398,4.689669132232666,0.017670656294071475,0.9348677694797516,0.0041553842352345756
1399,4.689491033554077,0.017815304278160863,0.934908539056778,0.0041822739245845255
1400,4.579413652420044,0.012763077253462974,0.9480822682380676,0.00344280746746089
1401,4.579584360122681,0.01279679473227169,0.9480647444725037,0.003770119892996493
1402,4.580098628997803,0.013946223584860792,0.9479003250598907,0.004023970361577608
1403,4.58040976524353,0.014322173473577966,0.9477866590023041,0.004205707572356583
1404,4.580296039581299,0.014518746375032776,0.9477713108062744,0.004248149448807053
1405,4.581305980682373,0.013791123182340702,0.9474672675132751,0.004153824801839672
1406,4.581371545791626,0.01386833620881266,0.9474540650844574,0.004060722413479107
1407,4.582257986068726,0.012846022251332414,0.947155624628067,0.003968757990028337
1408,4.582671880722046,0.012924246802168632,0.9471917450428009,0.003944734286377127
1409,4.582776069641113,0.013149142385822763,0.9471334517002106,0.004053894624020342
1410,4.584197282791138,0.013345715287277573,0.9468890130519867,0.004161790556208231
1411,4.584326267242432,0.013184208563783828,0.9468796253204346,0.004202715146112309
1412,4.5847697257995605,0.012890866498148005,0.9469165503978729,0.004177890652339393
1413,4.585927486419678,0.013202416002340534,0.9466317892074585,0.004477849773191426
1414,4.586267948150635,0.01221179647494048,0.9464872479438782,0.004193611426833956
1415,4.586913347244263,0.01155936325999184,0.9463897049427032,0.003848555178075267
1416,4.5870654582977295,0.01166725919217973,0.9462030827999115,0.004017648334300974
1417,4.5874011516571045,0.010811509580014537,0.9462428092956543,0.003740954273826954
1418,4.588255405426025,0.011162508534413262,0.9460591971874237,0.0037826375070042282
1419,4.588463544845581,0.012115701660335642,0.9458776712417603,0.004325362475279011
1420,4.5890052318573,0.012369931450553354,0.9456540942192078,0.004301001596839714
1421,4.589458465576172,0.012530763824470926,0.9453891813755035,0.004462803348273037
1422,4.58964204788208,0.01269732816978598,0.9453016221523285,0.004499555400174536
1423,4.590036153793335,0.012701711442031112,0.9451716244220734,0.004474604465856086
1424,4.5904645919799805,0.012242142205868323,0.9449999928474426,0.004388919922833439
1425,4.5906407833099365,0.012467712139098629,0.9449588656425476,0.004486110555499561
1426,4.59163236618042,0.013417533517140137,0.9447049796581268,0.004401353243144153
1427,4.592556953430176,0.013178813767174433,0.9443266689777374,0.004377413833189965
1428,4.59282112121582,0.013139701491756323,0.9440789520740509,0.004174856079246609
1429,4.5931556224823,0.01300044830427633,0.9439597427845001,0.004033832724129157
1430,4.5939555168151855,0.013066197387953324,0.9437166154384613,0.0041892703014373344
1431,4.593690872192383,0.012746555688846703,0.9437665939331055,0.004049637792320742
1432,4.593392848968506,0.01257055044946521,0.943816065788269,0.0037947336525268553
1433,4.59349250793457,0.012407357852031028,0.9436185956001282,0.003658683625533689
1434,4.593250036239624,0.011989598289591046,0.9437091648578644,0.003466198968384436
1435,4.593577146530151,0.012211459300152393,0.9435955882072449,0.0035630945731109816
1436,4.594172954559326,0.011457873648777608,0.9434023499488831,0.0034303320003016653
1437,4.593868970870972,0.011571501552362978,0.9434121549129486,0.0034695707162653074
1438,4.594024896621704,0.011525645781183126,0.9432218372821808,0.0035649911812939716
1439,4.594252824783325,0.011228931967666432,0.9431130588054657,0.0034341673635161565
1440,4.594594717025757,0.01146832606720831,0.9429657757282257,0.0036968265234360483
1441,4.59498929977417,0.011460571047082304,0.9428593814373016,0.003678197616394233
1442,4.5950927734375,0.011922500506761703,0.9427932798862457,0.003715202549386798
1443,4.595135688781738,0.012031070788525767,0.9426888227462769,0.003696615789193494
1444,4.595052003860474,0.011479790010003273,0.9426242113113403,0.00362336456648156
1445,4.595914840698242,0.012368245576612919,0.942444384098053,0.0038239835653934157
1446,4.596254825592041,0.012038488633863684,0.9423431754112244,0.0036964472017994503
1447,4.595857620239258,0.01169457035001479,0.9423577189445496,0.0035160586901728237
1448,4.596428871154785,0.012232701311801883,0.9421056807041168,0.0038219183698163816
1449,4.596231698989868,0.011785270368010232,0.9421212077140808,0.0037498051120142422
1450,4.596223831176758,0.01104314865943041,0.9420612156391144,0.0033585559172876127
1451,4.596224308013916,0.011059333049258595,0.9419642686843872,0.0033424136743079405
1452,4.5967488288879395,0.010899512199705284,0.941569596529007,0.0033264400187223114
1453,4.596890211105347,0.011105525995226535,0.9415130913257599,0.0032580778304376412
1454,4.597101449966431,0.011176332700724836,0.9413091540336609,0.0030857393668765956
1455,4.597065210342407,0.010909290268559812,0.9412176311016083,0.002967095988318429
1456,4.597173690795898,0.01067023334380602,0.9410902559757233,0.0027977499510016567
1457,4.597038984298706,0.010553233692339778,0.9410370588302612,0.0027331388322344562
1458,4.597010612487793,0.010628423670083213,0.9409480392932892,0.0027204526308326773
1459,4.596777439117432,0.010775431877689211,0.9410043358802795,0.00270785072312792
1460,4.596500396728516,0.010953460165799228,0.9410241544246674,0.0027462465021213444
1461,4.596710443496704,0.011497323098983804,0.9409006237983704,0.002885541836449849
1462,4.59674072265625,0.01156779262969402,0.9407782256603241,0.0029227575036849685
1463,4.597089767456055,0.010300015426486326,0.9406923949718475,0.002809129600099598
1464,4.596937417984009,0.00985932797845642,0.9407132863998413,0.002646653499090102
1465,4.59726095199585,0.010747109195489891,0.9405582249164581,0.0028335747722359164
1466,4.597465991973877,0.010633144117116433,0.9404045343399048,0.0027219277705305585
1467,4.597802400588989,0.009711645421274246,0.94014772772789,0.0025619804804317154
1468,4.597879886627197,0.009340415979590292,0.9401359558105469,0.002452525114848924
1469,4.597484588623047,0.009384248702041622,0.9402278959751129,0.002490499425357239
1470,4.597752332687378,0.009230834173461967,0.9400439858436584,0.0023336710020482026
1471,4.597700357437134,0.009404816364114938,0.9401355385780334,0.0022750868826180598
1472,4.597755193710327,0.009092592510346234,0.940021812915802,0.0021205765359771224
1473,4.5972900390625,0.008889950462705857,0.9400787353515625,0.002015378002093931
1474,4.597280502319336,0.009141482854618872,0.9400675594806671,0.0021977474156005695
1475,4.5970563888549805,0.009308047199933925,0.940090149641037,0.002331015750592016
1476,4.5968029499053955,0.009414257258181378,0.9400455355644226,0.002368400005221179
1477,4.596615314483643,0.009654662882087517,0.9400346875190735,0.0024526094085459455
1478,4.596472501754761,0.009552498921297111,0.9399574995040894,0.0025361444622945374
1479,4.59626030921936,0.009648930910690036,0.9398478865623474,0.0026657038746170257
1480,4.596246242523193,0.009849549909601891,0.9397721290588379,0.002747553054425182
1481,4.596242427825928,0.009399084392717456,0.9397298097610474,0.0025969202178472467
1482,4.596011400222778,0.009095289908650932,0.9396551847457886,0.0024013588407566983
1483,4.596314430236816,0.009179920780460806,0.9394510686397552,0.002483334461110387
1484,4.596071004867554,0.00886601105275167,0.9394429922103882,0.0022898382795968728
1485,4.596110105514526,0.009075733770941877,0.9392737448215485,0.0025084539828228803
1486,4.596172094345093,0.009307710025145839,0.939202219247818,0.002588954463478688
1487,4.596036434173584,0.00918194382918933,0.9391952157020569,0.0025783756045024532
1488,4.596184253692627,0.009004589890655489,0.938997209072113,0.002657948854491021
1489,4.59605598449707,0.009578461379979822,0.938959389925003,0.0028715069358957214
1490,4.596269607543945,0.009742328326990178,0.9389218986034393,0.0029045500651282623
1491,4.596331834793091,0.00949113310986525,0.9388532042503357,0.0028928753880907445
1492,4.596078634262085,0.009690740584412843,0.9388477802276611,0.002881242857901738
1493,4.595958232879639,0.009516421218971786,0.9388736486434937,0.0030022043131280036
1494,4.59602165222168,0.008786100627975014,0.9388059675693512,0.002814355809314949
1495,4.595808506011963,0.008726083515695501,0.9388317763805389,0.002846977470062381
1496,4.596273183822632,0.009097312957379455,0.9387030899524689,0.0029230103847760337
1497,4.596660852432251,0.008946933001892586,0.9384525418281555,0.0029115042951325595
1498,4.596628189086914,0.009062583954206479,0.9384182095527649,0.003029936939448172
1499,4.596462965011597,0.00882555007818121,0.9383231699466705,0.002888787143785188
1500,4.483357906341553,0.010904906996314679,0.9510135054588318,0.0028104361524034357
1501,4.483964204788208,0.010489844832179393,0.9507800042629242,0.00286248751031439
1502,4.4843590259552,0.011229606317242605,0.950549453496933,0.003052654090795544
1503,4.484614610671997,0.010936938601182958,0.9503705203533173,0.0027577947386133294
1504,4.48596715927124,0.010697207326852993,0.949999988079071,0.002740725264966417
1505,4.486081123352051,0.010979759799270026,0.9499229788780212,0.0029962194606394568
1506,4.487088680267334,0.011896200873290906,0.9496554434299469,0.003248552642674179
1507,4.487329483032227,0.01192654660421875,0.9495338797569275,0.003026986660052409
1508,4.487995147705078,0.011424156169968893,0.9493192136287689,0.0028081180757353365
1509,4.4885053634643555,0.011002013335283778,0.9491071403026581,0.002857682769584148
1510,4.4888575077056885,0.011282879933760375,0.9490377604961395,0.002840571149088725
1511,4.488964319229126,0.011692210126498178,0.9490620195865631,0.0029550419896443134
1512,4.489159107208252,0.01212547972919017,0.9489937424659729,0.0030681219841990418
1513,4.48914098739624,0.012810618898583263,0.9490180015563965,0.0033097077198634864
1514,4.4899375438690186,0.012684852702626755,0.9486314058303833,0.003354889141467165
1515,4.490072965621948,0.012065799791698743,0.9485667645931244,0.0032071644374364813
1516,4.490663528442383,0.012076252210129446,0.9483675956726074,0.003379924369482636
1517,4.490734577178955,0.012660238943096393,0.9484397172927856,0.0036775654136665696
1518,4.49103045463562,0.012369931450553354,0.9484218955039978,0.003467421226991252
1519,4.4914257526397705,0.012315983484459411,0.9481382966041565,0.0036358400336407846
1520,4.49138617515564,0.012404997628514419,0.9481223821640015,0.0036776497073635916
1521,4.491966724395752,0.011689849902981568,0.9479750990867615,0.0034090899886521746
1522,4.4924421310424805,0.011993307212260006,0.9476987719535828,0.0035749799843910537
1523,4.493231296539307,0.011890806076681512,0.9475121200084686,0.0034938473010075826
1524,4.493726015090942,0.011214096276990597,0.9472413957118988,0.003291711015549335
1525,4.493575572967529,0.011384369544974609,0.9472736716270447,0.003273630017538161
1526,4.493439197540283,0.011560374784356103,0.9473482072353363,0.0033160718939886317
1527,4.493960618972778,0.011024604046085617,0.9471251666545868,0.003417982973687973
1528,4.49485182762146,0.011826405692156865,0.9468201994895935,0.0035188403821745425
1529,4.494779825210571,0.012470409537403327,0.9468120634555817,0.0037965459670128237
1530,4.4952850341796875,0.012806572801126216,0.9465954601764679,0.003894242361861076
1531,4.4952006340026855,0.012581340042683999,0.946547120809555,0.003638832459885058
1532,4.4949867725372314,0.012454225147575142,0.9465819001197815,0.0036195713501155796
1533,4.495301723480225,0.01210659794105729,0.9464109838008881,0.003658641478685178
1534,4.495960235595703,0.01199398156183618,0.946282684803009,0.003639548956309743
1535,4.495991230010986,0.011517890761057121,0.9463182985782623,0.0035056484185906327
1536,4.4962992668151855,0.011106537519590795,0.9461109340190887,0.0032588364737108372
1537,4.496069669723511,0.010907267219831289,0.9461872577667236,0.003298918126644698
1538,4.4963157176971436,0.010070399395798976,0.9461827874183655,0.0029990854463381976
1539,4.496376276016235,0.009871466270827557,0.9460191130638123,0.0029275200975666994
1540,4.496938467025757,0.009122938241274078,0.9457382559776306,0.0028006580835489084
1541,4.497053146362305,0.009757164017666011,0.9458149373531342,0.002842257023029161
1542,4.497392416000366,0.010046122811056702,0.9458124339580536,0.0029943228524564663
1543,4.497697830200195,0.009818529829097873,0.945653885602951,0.002924190496534339
1544,4.497760772705078,0.010433536642568839,0.9456133544445038,0.003129277061388349
1545,4.497642278671265,0.009714342819578944,0.9456891119480133,0.002840655442785747
1546,4.497930526733398,0.009411897034664768,0.9454566240310669,0.0027723354013495876
1547,4.49773383140564,0.009535640181892752,0.9455324411392212,0.0029210294828960217
1548,4.49790358543396,0.00972782981110243,0.9453791081905365,0.0029606053736477515
1549,4.49811053276062,0.009248367262442499,0.945265144109726,0.0028391381562393545
1550,4.498194456100464,0.009301640878960269,0.9452276825904846,0.002825440430473314
1551,4.4981653690338135,0.00983909749117119,0.9452655911445618,0.0029179949098032372
1552,4.4983861446380615,0.009476297419189414,0.9451164901256561,0.002956812157281771
1553,4.498258590698242,0.009325580288914457,0.9451174437999725,0.002890220136634558
1554,4.498644590377808,0.00906831592560396,0.9449334442615509,0.0028765645577170287
1555,4.498455047607422,0.008862976479658884,0.9449352025985718,0.00260273648294175
1556,4.498193740844727,0.008781380180941793,0.9449736177921295,0.0026941529973618793
1557,4.498444318771362,0.008116134324045841,0.9448657929897308,0.0023721510747386487
1558,4.498707056045532,0.007244200322052466,0.9447590112686157,0.0022584810243047675
1559,4.498506784439087,0.007163952722487724,0.9447254240512848,0.002350234713512984
1560,4.498122930526733,0.007355468002121226,0.9448000490665436,0.0024919324182066096
1561,4.498053789138794,0.007633974377081214,0.9446950256824493,0.0025817894992318357
1562,4.4980995655059814,0.007467410031766161,0.9446622133255005,0.0024692152668592377
1563,4.497955083847046,0.007379744586863501,0.9447006285190582,0.0024580463520038507
1564,4.498083114624023,0.007439424524354928,0.9447034001350403,0.0023969755685115655
1565,4.498290300369263,0.00778840043002513,0.9446007013320923,0.0023861859752927765
1566,4.497809410095215,0.007856846912006821,0.9447438418865204,0.002326042422467731
1567,4.497499465942383,0.007966765892923234,0.9447812139987946,0.0023156742977340507
1568,4.497670888900757,0.008614478660838653,0.944714218378067,0.0024524829680004127
1569,4.4978392124176025,0.008745976828192642,0.9446132779121399,0.0027346561187808482
1570,4.4978954792022705,0.008628640001938314,0.9445819556713104,0.002819834899621365
1571,4.498201847076416,0.008846792089830701,0.9445851445198059,0.002759101290917167
1572,4.498236417770386,0.008984022228582172,0.9445542693138123,0.0028434792816359766
1573,4.498349905014038,0.008774299510391962,0.9444218277931213,0.0027831249945683765
1574,4.4984612464904785,0.008870394324996802,0.9443581104278564,0.0029144545745283224
1575,4.498708724975586,0.008384862630151303,0.9442949295043945,0.0029494364587923645
1576,4.498799800872803,0.008722037418238454,0.9441988468170166,0.003031538519691586
1577,4.499004125595093,0.009066292876875437,0.9440034627914429,0.0032544110546171936
1578,4.498677968978882,0.009168794012453931,0.9440090358257294,0.0031935931522159735
1579,4.49875545501709,0.009732887432923738,0.9438822865486145,0.0033204130193852537
1580,4.498760223388672,0.009641175890564032,0.9438553750514984,0.0033995226540402016
1581,4.498705863952637,0.010186724697689043,0.9438287019729614,0.003478042232815997
1582,4.498477935791016,0.009806391536726735,0.9438675343990326,0.003463501570079739
1583,4.498785972595215,0.009660732028273087,0.943743497133255,0.003219134142413575
1584,4.4987592697143555,0.009476634593977502,0.9437175989151001,0.0032974008400983054
1585,4.498657464981079,0.009576775506039385,0.9437241852283478,0.003329390298118074
1586,4.498622179031372,0.009831005296257099,0.9436343610286713,0.003497387636282498
1587,4.498483419418335,0.00999419789369128,0.9435772597789764,0.0036187705599938723
1588,4.498337984085083,0.010029938421228518,0.9435206651687622,0.003558964181956914
1589,4.49799656867981,0.010031287120380867,0.9434961974620819,0.0035445078129176773
1590,4.4977195262908936,0.010059609802580187,0.9435351192951202,0.003530177884423973
1591,4.497989177703857,0.00976930231003715,0.9435423016548157,0.003471467324448298
1592,4.49775767326355,0.01022617414789524,0.9435807466506958,0.003546151540009602
1593,4.4979541301727295,0.010291586056784149,0.943431556224823,0.0035319901989099415
1594,4.4975197315216064,0.01045477865421833,0.9434701502323151,0.003517955298355814
1595,4.497767448425293,0.010765990983622771,0.9433225989341736,0.0036791669939099836
1596,4.498087406158447,0.01148484763182458,0.9430219531059265,0.0038828205659146237
1597,4.498013019561768,0.011272427515329675,0.9430924355983734,0.003911016807568411
1598,4.497939586639404,0.011080237886119997,0.9430705010890961,0.0038956753547104463
1599,4.497945308685303,0.011117327112809584,0.9429877996444702,0.0038804603423980137
1600,4.396773815155029,0.010552222167975517,0.9544912576675415,0.0029509537453387565
1601,4.397138357162476,0.010183015775020085,0.954433262348175,0.002722855001197798
1602,4.397886753082275,0.010260228801492043,0.9540325701236725,0.0025670381022530227
1603,4.3984363079071045,0.010027915372499994,0.9538319110870361,0.0026888846412980176
1604,4.398906946182251,0.01035632361609688,0.9536336958408356,0.002535175084778787
1605,4.399319648742676,0.010407237009098042,0.9535824358463287,0.0024514714436361515
1606,4.399094820022583,0.010355649266520708,0.9536753296852112,0.002436425018717762
1607,4.3987815380096436,0.010417689427528742,0.953814685344696,0.0026233884387120883
1608,4.3993964195251465,0.008920970543209875,0.9538105130195618,0.0023400773230218583
1609,4.399365425109863,0.009068653100392047,0.9538064002990723,0.0023260002756192197
1610,4.40027379989624,0.009531931259223794,0.9534753262996674,0.0023781359272271956
1611,4.400521755218506,0.009416617481697987,0.9533804059028625,0.002364016732976046
1612,4.401040554046631,0.010614936678559728,0.9531942307949066,0.0028722655791689174
1613,4.401249408721924,0.010358009490037318,0.9531479477882385,0.002790542839906294
1614,4.401909351348877,0.009865734299430075,0.952874094247818,0.00264517835939222
1615,4.402421712875366,0.00975143204626853,0.9527848362922668,0.0025015840465156046
1616,4.4025702476501465,0.009728166985890517,0.9527868032455444,0.0024870855306278567
1617,4.403228998184204,0.009512037946726653,0.9524300694465637,0.002219200161492614
1618,4.403395891189575,0.009507991849269606,0.9523448646068573,0.002206598253787857
1619,4.4036784172058105,0.009882593038834432,0.9523049592971802,0.00225671085666731
1620,4.403744697570801,0.010207629534550447,0.9522655308246613,0.002306317697364632
1621,4.40447211265564,0.009557893717906505,0.9520950019359589,0.0021694247334012487
1622,4.404197931289673,0.009493830508169945,0.9522750973701477,0.002157328587878622
1623,4.4042017459869385,0.00937379628361092,0.9522364735603333,0.0020840773651666883
1624,4.405188083648682,0.010682371636177157,0.9519827365875244,0.002316390794158736
1625,4.4054648876190186,0.011094062052431571,0.9519461691379547,0.002485526097232954
1626,4.4060378074646,0.011225223044997472,0.9518246948719025,0.002532309099080046
1627,4.406554698944092,0.010785547121331826,0.9515349268913269,0.002338644330172488
1628,4.407308578491211,0.011155090689075345,0.9510796368122101,0.002385638066262135
1629,4.407283306121826,0.011002013335283778,0.9510067105293274,0.002372867571163334
1630,4.407175779342651,0.010928846406268867,0.9510180056095123,0.002360181369761555
1631,4.40777063369751,0.009636455443530811,0.9508632123470306,0.0019955268364453
1632,4.407931566238403,0.009185652751858288,0.9507513344287872,0.001926574592281477
1633,4.407946825027466,0.009119566493393207,0.950722724199295,0.0019745377058868743
1634,4.408171653747559,0.009573740932946601,0.9505310356616974,0.0019064283986932697
1635,4.408286094665527,0.010070736570587064,0.950544536113739,0.0021263928010716257
1636,4.408259153366089,0.009759524241182623,0.9503961801528931,0.0018866615267416605
1637,4.409125566482544,0.009315127870483756,0.9498873949050903,0.001592560817832642
1638,4.408980131149292,0.0089570482455352,0.9499839842319489,0.0015844264760700394
1639,4.4090330600738525,0.009656348756027954,0.9498805701732635,0.0017452588499876109
1640,4.4090869426727295,0.009404816364114938,0.9497385919094086,0.0017364080118003231
1641,4.409356355667114,0.00924229811625693,0.9495586454868317,0.0017833596010414592
1642,4.409511566162109,0.009210940860964825,0.9495373070240021,0.001718959216516813
1643,4.409691572189331,0.009563962864092074,0.9494381844997406,0.001765573630969862
1644,4.409714221954346,0.009730864384195214,0.9493012428283691,0.001756764939631085
1645,4.409726142883301,0.010229208720988025,0.9492429196834564,0.0019666140983668266
1646,4.409455299377441,0.010071410920163238,0.9493004381656647,0.0019025508886302675
1647,4.409907579421997,0.009991500495386583,0.9491278827190399,0.0020555439487248126
1648,4.410163640975952,0.010369810607620367,0.9489570558071136,0.002207019722272966
1649,4.410377502441406,0.010173912055741733,0.9488257467746735,0.0020891771338365063
1650,4.410589218139648,0.009896754379934094,0.9487334191799164,0.002025788273676122
1651,4.410944700241089,0.009762895989063493,0.9486419856548309,0.002069115233945321
1652,4.411006212234497,0.009615213431881322,0.94855135679245,0.002006442870209621
1653,4.411416292190552,0.009920019440312107,0.948350191116333,0.002207061869121477
1654,4.411223411560059,0.009870454746463295,0.9483727812767029,0.002092000972686736
1655,4.411455392837524,0.009504620101388734,0.9481375217437744,0.002134232114894652
1656,4.411497354507446,0.010085909436050986,0.9480510056018829,0.002383277842745525
1657,4.411355495452881,0.010191445144722264,0.9480382204055786,0.0024236966704674723
1658,4.412018775939941,0.010200886038788704,0.9476988911628723,0.0023098158857910367
1659,4.41181492805481,0.010331372681778432,0.947651743888855,0.0024012745470596768
1660,4.411907911300659,0.010310467844917029,0.9474611580371857,0.0023902742195983334
1661,4.412203788757324,0.011265009669991756,0.9473797082901001,0.0026324078642934196
1662,4.412093877792358,0.01141033200365732,0.9472990334033966,0.0027716189049249024
1663,4.412081480026245,0.011620729071423702,0.9472545385360718,0.002859326496676073
1664,4.411824703216553,0.011896200873290906,0.9473163783550262,0.002896373576517149
1665,4.412016868591309,0.011720195633909412,0.9472370743751526,0.002932999187873116
1666,4.412142515182495,0.011362453183748945,0.9471584558486938,0.002870368970985927
1667,4.412241220474243,0.010868829293989354,0.9470457136631012,0.0026605198122501856
1668,4.412307977676392,0.0108229735228095,0.9468645751476288,0.0026487186946671354
1669,4.412543058395386,0.011275462088422459,0.9466850757598877,0.002832352513629101
1670,4.412628173828125,0.0113189576360857,0.94664466381073,0.0029170676791359976
1671,4.412592172622681,0.011782572969705536,0.9465703964233398,0.0031463465350352613
1672,4.41290807723999,0.012093110949533803,0.9464626610279083,0.0031326488092692207
1673,4.412836313247681,0.012047592353142038,0.9463897943496704,0.003166998490805599
1674,4.41260290145874,0.01212885147707104,0.9463513493537903,0.003057753859465362
1675,4.412599086761475,0.012182799443164985,0.9463468790054321,0.0030921456878502517
1676,4.412986516952515,0.01223910763277554,0.9460409879684448,0.002984165461965341
1677,4.41277813911438,0.012465014740793931,0.9459378123283386,0.0031600864076498127
1678,4.412991523742676,0.011974425424127124,0.9458355605602264,0.0030527383844925655
1679,4.4126691818237305,0.011612299701721524,0.9458333253860474,0.002805968586461281
1680,4.412619113922119,0.011656806773749027,0.9458311498165131,0.0028407397364827685
1681,4.412322998046875,0.01163050714027823,0.9458289444446564,0.0027824084981436913
1682,4.412169933319092,0.011467988892420223,0.9458267986774445,0.0027245830219867445
1683,4.4121928215026855,0.011138231949670988,0.9458571672439575,0.0026212810962865435
1684,4.412318229675293,0.010681022937024809,0.9457901418209076,0.0026562208337020748
1685,4.412119626998901,0.010692149705031686,0.94578817486763,0.0025996597630004547
1686,4.4120705127716064,0.01095919213719671,0.9457219839096069,0.0025435623076324547
1687,4.412008285522461,0.011282542758972289,0.9456563591957092,0.0026688227414068317
1688,4.411952972412109,0.01132030633523805,0.9456230998039246,0.002657948854491021
1689,4.41152811050415,0.011415389625478627,0.9457170069217682,0.0026472014081207434
1690,4.411407947540283,0.01141741267420715,0.9457153677940369,0.0025917783023289174
1691,4.411334753036499,0.011578245048124722,0.9457137584686279,0.00262583295592572
1692,4.41168999671936,0.011353686639258677,0.9455240666866302,0.002482322936746126
1693,4.411667823791504,0.011957566684722767,0.9454607665538788,0.0025165461777369716
1694,4.411639451980591,0.012119073408216514,0.9454602003097534,0.0024625560647945164
1695,4.4113898277282715,0.012194937735536123,0.9454905688762665,0.002540401293994138
1696,4.411279678344727,0.011977122822431822,0.9453973472118378,0.002530370344048545
1697,4.411256790161133,0.012060742169877436,0.945304811000824,0.0024334747393219996
1698,4.41094446182251,0.011735031324585248,0.9453354477882385,0.002250810297875785
1699,4.41074013710022,0.011450118628651603,0.9453963339328766,0.0021989275273588743
1700,4.30949592590332,0.014078396101790956,0.9554848968982697,0.0033725486709932297
1701,4.310156345367432,0.014653616290267638,0.9551244080066681,0.0037002825650139415
1702,4.310757637023926,0.0149563992499699,0.9547684490680695,0.0037464755109818814
1703,4.311310768127441,0.016108188326075613,0.9546606838703156,0.00413675532819276
1704,4.311535835266113,0.015926788290084724,0.9546996057033539,0.004042599268619423
1705,4.312331676483154,0.016202597266740015,0.9544973075389862,0.004290001269378371
1706,4.3130433559417725,0.017001364339718477,0.9542974829673767,0.004399119460173076
1707,4.313646078109741,0.016981808202009424,0.9540049433708191,0.004372314064520147
1708,4.314374685287476,0.01653673748173438,0.9538577795028687,0.004279000941917028
1709,4.314956903457642,0.017389115346018703,0.9537594020366669,0.004519111537883591
1710,4.31503701210022,0.017151069945629174,0.9538023173809052,0.004558139519604679
1711,4.315197706222534,0.016807826011356452,0.9537982940673828,0.004399709516052228
1712,4.3152265548706055,0.016900549078080418,0.9537020027637482,0.0045042758472077565
1713,4.315284729003906,0.01678118920309757,0.9536527097225189,0.004542713773049691
1714,4.31570291519165,0.016684757213704642,0.9535127878189087,0.004709741733698364
1715,4.316118478775024,0.017186810473166413,0.9532383978366852,0.004938978442749117
1716,4.317168712615967,0.018038176813086473,0.9528769850730896,0.005165517753495172
1717,4.317209243774414,0.018206089857553873,0.9528784155845642,0.005262708386161294
1718,4.318132162094116,0.01744508636084117,0.9526569247245789,0.005295751515393835
1719,4.318829298019409,0.01821721662556075,0.9524379372596741,0.005579146924781087
1720,4.319082975387573,0.0185334865767865,0.9523977339267731,0.0054852858931473255
1721,4.319169759750366,0.01829072072936375,0.9524018168449402,0.0054545608405828835
1722,4.319469213485718,0.018590806290761312,0.9522750973701477,0.0054857495084809456
1723,4.319317102432251,0.018036490939146034,0.952279806137085,0.0052101091192196984
1724,4.319547653198242,0.018273524815171305,0.952112078666687,0.0054252266340193015
1725,4.3201329708099365,0.01847751556196403,0.9518604278564453,0.005516685295287942
1726,4.320525169372559,0.017988274944449573,0.9516541659832001,0.005185116038052738
1727,4.320308685302734,0.017982880147840177,0.9517893493175507,0.005216979055526975
1728,4.32074761390686,0.01820170658530874,0.9516278803348541,0.0054273761232933575
1729,4.3205649852752686,0.01851325608950127,0.9516358971595764,0.005516853882681985
1730,4.320926666259766,0.018786030493063776,0.9515186846256256,0.005428387647657618
1731,4.321368455886841,0.018604967631860973,0.9512782096862793,0.005516938176379007
1732,4.321457624435425,0.01881131860217031,0.9512467086315155,0.00542939917202188
1733,4.321449518203735,0.018847733479283722,0.9511744379997253,0.005400865755580005
1734,4.322053670883179,0.018854476975045466,0.9508169889450073,0.005314886184617781
1735,4.321857452392578,0.01878670484263995,0.9507883489131927,0.005114815094736567
1736,4.321935415267944,0.018669030841597534,0.9506791532039642,0.0051454980004524975
1737,4.322032690048218,0.018113366790829907,0.9506515264511108,0.004948377189967047
1738,4.322065830230713,0.01831668318804646,0.9505841732025146,0.00503621122226375
1739,4.322221994400024,0.018267118494197647,0.9505175054073334,0.0051231601707417244
1740,4.322306394577026,0.017952871591700423,0.9503723084926605,0.004985171388717057
1741,4.321831941604614,0.017834186066293743,0.9505832195281982,0.005015727853887455
1742,4.321561574935913,0.01799333256627088,0.9506744146347046,0.005101454543758614
1743,4.322033405303955,0.018020643724105938,0.9505305886268616,0.005186338296659554
1744,4.321995258331299,0.017983554497416353,0.9505046606063843,0.005105669228609703
1745,4.322266340255737,0.017096447629959054,0.9503244757652283,0.004698024909812336
1746,4.322796821594238,0.01721884207803469,0.9501844942569733,0.004892364028296068
1747,4.323058605194092,0.01725323390641958,0.9500076472759247,0.004922456878132846
1748,4.323300123214722,0.017327075185010667,0.9499086439609528,0.0048446537957817365
1749,4.323765993118286,0.01740125363838984,0.9495833218097687,0.0048747466456185145
1750,4.323798179626465,0.017324714961494056,0.9495627284049988,0.004797912940783155
1751,4.323991537094116,0.01746396814897405,0.9493922591209412,0.0048279214969229114
1752,4.324183702468872,0.017716174890463243,0.9490367472171783,0.004910487173155753
1753,4.324220895767212,0.017553656642605234,0.9489075541496277,0.004781981432046037
1754,4.3242714405059814,0.018029747443384293,0.9488535523414612,0.004968607677252276
1755,4.324476718902588,0.01902002979599626,0.9488000571727753,0.005257524323794454
1756,4.3249523639678955,0.019499155169868103,0.9485639035701752,0.00528466689423547
1757,4.3245649337768555,0.019266841740876055,0.9486216604709625,0.005105289906973105
1758,4.324780225753784,0.019901741866844163,0.9484973847866058,0.005286858530358036
1759,4.324549674987793,0.019968839649673505,0.9485910534858704,0.005364619465860636
1760,4.324596405029297,0.020165749725916404,0.9485040307044983,0.005390750511937391
1761,4.32478141784668,0.020310060535217705,0.9484893977642059,0.005315434093648422
1762,4.3243842124938965,0.020081456028894613,0.9485105276107788,0.005291199655754659
1763,4.324403762817383,0.020293201795813346,0.9484250843524933,0.005317372848679924
1764,4.324259281158447,0.020277017405985164,0.9483757019042969,0.005493083060121841
1765,4.324272394180298,0.020764909324347273,0.9483619332313538,0.005617500556926
1766,4.324379920959473,0.020507644961036773,0.948313295841217,0.0054933359412129065
1767,4.324170827865601,0.020302305515091698,0.9483347237110138,0.0054688486222280765
1768,4.324419021606445,0.020296573543694216,0.9481478929519653,0.005444529890637291
1769,4.3242857456207275,0.02053765351717653,0.9482044279575348,0.005469354384410208
1770,4.323972702026367,0.02068702194829914,0.9482604563236237,0.005493883850243548
1771,4.324189186096191,0.021028242833843337,0.9481790661811829,0.005518202581834334
1772,4.324282169342041,0.020656676217371297,0.9480984210968018,0.005445962883486662
1773,4.324630975723267,0.02108927147048711,0.9479506015777588,0.005470323761925958
1774,4.324954032897949,0.021564350746901908,0.9477702677249908,0.0056377731910597405
1775,4.325042486190796,0.02096384244931869,0.9477260410785675,0.005518329022379867
1776,4.325139284133911,0.021290227644187056,0.94761523604393,0.005589388608969234
1777,4.325330972671509,0.021670560805149362,0.9475386738777161,0.005707020463163139
1778,4.325249433517456,0.021316527277657853,0.9474960267543793,0.005682786025269375
1779,4.325950622558594,0.02256373681879223,0.9473214149475098,0.005939333892155187
1780,4.326077699661255,0.021956485025447267,0.947148323059082,0.00582115412893064
1781,4.3260486125946045,0.022025268682217047,0.9470422267913818,0.005703985890070355
1782,4.326070070266724,0.02174541360810471,0.9469370245933533,0.005403057391702572
1783,4.326152324676514,0.021984470532858503,0.9469628036022186,0.005472557544897036
1784,4.3259453773498535,0.021527935869788496,0.9470207095146179,0.0053124416674041495
1785,4.325707197189331,0.02166246861023527,0.9469491839408875,0.005336128196267271
1786,4.326101779937744,0.021266288234232867,0.9466854929924011,0.005268777532346863
1787,4.326361894607544,0.02096181940059017,0.9464559853076935,0.005156709062156395
1788,4.32599663734436,0.020873479606111335,0.9465150237083435,0.0051807749126561164
1789,4.325874328613281,0.020679604102961224,0.9464784264564514,0.004980240207441282
1790,4.325561761856079,0.020748050584942914,0.9465368986129761,0.005004769673274623
1791,4.325349569320679,0.0209058483857677,0.9465948939323425,0.0051181446957689275
1792,4.325083255767822,0.02117120494399229,0.9465270936489105,0.005141957665177583
1793,4.324663877487183,0.021038020902697865,0.9465222358703613,0.005077262252713361
1794,4.324498414993286,0.021099386714129725,0.9464552104473114,0.005013072602431268
1795,4.3247292041778564,0.021350919106042743,0.9462338984012604,0.0049931792899341266
1796,4.324233770370483,0.02122683878402667,0.9463227987289429,0.004973496711679539
1797,4.324575662612915,0.021135127241666964,0.9462573826313019,0.004997393974785216
1798,4.324280738830566,0.020921695600807796,0.9462536871433258,0.0049345108768069626
1799,4.324381351470947,0.02039570293139184,0.9461585283279419,0.004829017314984195
1800,4.229712009429932,0.010304735873519547,0.9553855359554291,0.0029509958921872673
1801,4.229564905166626,0.010549187594882733,0.9555193483829498,0.003002162166279493
1802,4.230170965194702,0.011409657654081145,0.9554552733898163,0.003191401516093407
1803,4.230154275894165,0.011522948382878428,0.9554407298564911,0.0033094126919239104
1804,4.230388164520264,0.011510472915719204,0.9554747939109802,0.003220356401020391
1805,4.231233358383179,0.01033879052711635,0.9552677273750305,0.0029281101534458518
1806,4.231346130371094,0.010428141845959445,0.9551588892936707,0.0031809069508141946
1807,4.231768608093262,0.01099594418909821,0.9550513625144958,0.003296052140945957
1808,4.231829881668091,0.011690861427345831,0.9549451768398285,0.0036772703857269936
1809,4.233030080795288,0.011988923940014874,0.9547462463378906,0.003655143290258774
1810,4.233205080032349,0.01162814691676162,0.9547832608222961,0.0035672249642650492
1811,4.233508110046387,0.011366162106417903,0.9546805322170258,0.003677354679424015
1812,4.233603239059448,0.011199260586314761,0.954671323299408,0.003655649052440905
1813,4.233872175216675,0.011442026433737512,0.954616367816925,0.0036990603064071255
1814,4.233918190002441,0.01157588482460811,0.9546532928943634,0.003612954294899369
1815,4.23386549949646,0.011563409357448887,0.95473513007164,0.0034636701574737826
1816,4.234081745147705,0.011708731691114449,0.954725831747055,0.0034436925512796187
1817,4.234180450439453,0.011514519013176249,0.9548062980175018,0.0035507455464972894
1818,4.23458194732666,0.010863771672168046,0.9547521471977234,0.003215298779199084
1819,4.234687089920044,0.010897826325764848,0.9546099305152893,0.0030089478088897465
1820,4.235094785690308,0.010975376527024893,0.9544252455234528,0.003116633006835081
1821,4.235454320907593,0.011690861427345831,0.9542426466941833,0.003471045855963189
1822,4.235975742340088,0.012190217288502902,0.9541056454181671,0.0037598782088083455
1823,4.236109733581543,0.011514519013176249,0.9541869163513184,0.003616452483325773
1824,4.236313581466675,0.011069785467689296,0.9542241394519806,0.0035355726810333676
1825,4.236179351806641,0.011066750894596512,0.9542609751224518,0.003576792298877022
1826,4.236196994781494,0.010790267568365047,0.9542974233627319,0.0036175483013870567
1827,4.236172914505005,0.011362453183748945,0.9543334245681763,0.003777790619425476
1828,4.235970497131348,0.010919068337414338,0.9543269276618958,0.0035188403821745425
1829,4.236258506774902,0.010492205055696004,0.9541526734828949,0.0034999164471931515
1830,4.23637580871582,0.01047602066586782,0.9540220499038696,0.003540250981218077
1831,4.236308336257935,0.010899849374493372,0.9540587663650513,0.0036975430198607335
1832,4.236492395401001,0.011353686639258677,0.9540538191795349,0.0036779868821516784
1833,4.236352920532227,0.011201620809831373,0.954090029001236,0.003600563121437166
1834,4.236789226531982,0.01118071597296997,0.9539215862751007,0.003466198968384436
1835,4.236738920211792,0.011193865789705368,0.9537548720836639,0.0034481601172217735
1836,4.2369163036346436,0.010996281363886296,0.9536707699298859,0.0033159876002916097
1837,4.23778510093689,0.011082598109636608,0.9532657563686371,0.0031851637825137946
1838,4.237483739852905,0.011144638270644644,0.9533050656318665,0.0031122918814384588
1839,4.237953186035156,0.011207015606440766,0.9530653059482574,0.0030964025195498518
1840,4.237902402877808,0.010798696938067225,0.9530656039714813,0.0029686975685618427
1841,4.238027572631836,0.011033033415787796,0.9528688490390778,0.0030094114242233665
1842,4.238463878631592,0.010643259360759048,0.9527133107185364,0.0028834344940243044
1843,4.239022254943848,0.010865794720896568,0.9525202810764313,0.0030345309459358593
1844,4.239271402359009,0.010514795766497843,0.9523680210113525,0.0029096498337980803
1845,4.239678144454956,0.009681299690346402,0.9521785974502563,0.002512879401916524
1846,4.239755153656006,0.009896754379934094,0.9521064162254333,0.0027179659667705344
1847,4.239771604537964,0.009942272976325859,0.9520348906517029,0.002488265642386162
1848,4.239422798156738,0.009768627960460975,0.9521163105964661,0.002368484298918201
1849,4.239328622817993,0.00996924695937283,0.9520833194255829,0.002517726289495277
1850,4.239520311355591,0.010409597232614651,0.9520129561424255,0.002718808903740752
1851,4.239297866821289,0.01006399307482532,0.9520182907581329,0.0024935339984500236
1852,4.239364862442017,0.009710296722121897,0.9519489109516144,0.002376028584801651
1853,4.239074945449829,0.009855281880999373,0.9520660042762756,0.002417290349493816
1854,4.239163398742676,0.009223079153335962,0.9519600570201874,0.0021443052116887555
1855,4.239445924758911,0.009137099582373739,0.9516710638999939,0.002134232114894652
1856,4.239537477493286,0.008401384194767573,0.9516412615776062,0.0018651666340011046
1857,4.239372253417969,0.007882472195901446,0.9516846537590027,0.0017017211554758575
1858,4.239748954772949,0.008740919206371335,0.9516550600528717,0.0018478442792631271
1859,4.239707708358765,0.008787112152339275,0.9516257345676422,0.001992576557049537
1860,4.239819049835205,0.008566937015718364,0.9515966475009918,0.0019325594447700241
1861,4.239696741104126,0.008620547807024221,0.9516394734382629,0.00197432697164432
1862,4.240307569503784,0.008294162612155858,0.951325535774231,0.002015715176882018
1863,4.24005651473999,0.008227064829326515,0.9513691663742065,0.0019563724141786793
1864,4.240038156509399,0.007985310506268026,0.9513064920902252,0.0018476756918690835
1865,4.240153789520264,0.007928327967081298,0.9511389434337616,0.0018890638971067813
1866,4.240560293197632,0.008362271919349464,0.9509028494358063,0.0019301149275563923
1867,4.240583658218384,0.008386548504091738,0.9508779346942902,0.001970744489520894
1868,4.240931510925293,0.007860218659887694,0.9507838487625122,0.001814843296879097
1869,4.240562677383423,0.007940803434240523,0.9508977830410004,0.0018556835930861532
1870,4.240518808364868,0.0081329930634502,0.9508731961250305,0.0018961024208081008
1871,4.241050481796265,0.008745302478616468,0.9507119357585907,0.0020330375316199955
1872,4.240765333175659,0.008812737436233899,0.9507565498352051,0.0020723605412806597
1873,4.240959882736206,0.008972558285787208,0.9505632519721985,0.002159351636607145
1874,4.171254396438599,0.06229405362346564,0.96875,0.02209708691207961
1875,4.2259650230407715,0.055851654947484425,0.94921875,0.016572815184059706
1876,4.248372554779053,0.016989563222135427,0.9427083432674408,0.007365709686309374
1877,4.240525722503662,0.004265935418878651,0.943359375,0.0027621358640099515
1878,4.253263473510742,0.029585064605919087,0.9375,0.008838868482310653
1879,4.266141891479492,0.027403543726995213,0.9283854365348816,0.005524271728019903
1880,4.264638900756836,0.042416588341363755,0.9285714328289032,0.009470186126155335
1881,4.26643180847168,0.04099371073563597,0.9287109375,0.00966747552403483
1882,4.254863977432251,0.04038780764144336,0.9322916567325592,0.012276154712616616
1883,4.252537250518799,0.03370264311803939,0.9320312440395355,0.009943663822326717
1884,4.249170303344727,0.028477108252264707,0.9346590936183929,0.01004414190917669
1885,4.243335247039795,0.02862209341114218,0.9375,0.011048543456039806
1886,4.2432239055633545,0.038323623588773816,0.9362980723381042,0.016997739710746543
1887,4.24021315574646,0.031193725519882892,0.9375,0.014205258115808746
1888,4.243464231491089,0.02813689889108477,0.9348958432674408,0.013994818901193853
1889,4.238403558731079,0.02290799227742921,0.935546875,0.011048543456039806
1890,4.242818355560303,0.020082804728046962,0.9352021813392639,0.011048543456039806
1891,4.242995738983154,0.01973753774504572,0.9344618022441864,0.010434758901175656
1892,4.245797872543335,0.026809104575597563,0.9342105090618134,0.01163004352494461
1893,4.247339963912964,0.023410382711679067,0.934374988079071,0.009943705969175229
1894,4.2483789920806885,0.014527850094311128,0.9345237910747528,0.007365709686309374
1895,4.244937181472778,0.01679029292237592,0.9353693127632141,0.008035296668601947
1896,4.241586685180664,0.01687694684291432,0.93580162525177,0.009127068632428147
1897,4.240845680236816,0.015986805402364235,0.9348958134651184,0.008286407592029853
1898,4.23693585395813,0.015339766984024991,0.9356250166893005,0.0070710610683697135
1899,4.240643262863159,0.009174188809063327,0.93359375,0.005524271728019903
1900,4.145439863204956,0.00926252860354216,0.9589129388332367,0.0025996597630004547
1901,4.146240472793579,0.009479669167070286,0.9586789309978485,0.002583222492081206
1902,4.14635443687439,0.009714342819578944,0.9586440324783325,0.002566995955404512
1903,4.147208213806152,0.010074108318467934,0.9582683444023132,0.0026199323971341946
1904,4.147430658340454,0.009601726440357835,0.9581395387649536,0.0023296249045911565
1905,4.147884130477905,0.009725132412797733,0.9580123126506805,0.002315252829248942
1906,4.148147821426392,0.009321871366245498,0.957886666059494,0.0023010914881492813
1907,4.148731470108032,0.009607795586543403,0.9579052329063416,0.002219790217371767
1908,4.149503946304321,0.00846544740450413,0.9577344954013824,0.0018720365703083803
1909,4.149611711502075,0.008870057150208714,0.9577067494392395,0.002126645682162691
1910,4.149969816207886,0.009127658688307299,0.9574458301067352,0.00204787322229583
1911,4.150318145751953,0.009101021880048413,0.9573736786842346,0.0021013575730561545
1912,4.150695085525513,0.008356877122740069,0.9573024213314056,0.0017625390578770775
1913,4.151294231414795,0.008444205392854641,0.9570484459400177,0.0018170770798501745
1914,4.151716232299805,0.009223753502912137,0.9568887054920197,0.0022581017026681695
1915,4.151965141296387,0.008926365339819269,0.9568215012550354,0.0020525515224805394
1916,4.152212619781494,0.008648533314435455,0.9567550420761108,0.0018494037126580301
1917,4.152461528778076,0.008643138517826061,0.9565548896789551,0.0018387827068332848
1918,4.152871370315552,0.00860773516507691,0.9564461410045624,0.0018282881415540722
1919,4.15290379524231,0.008658985732866158,0.9562943279743195,0.0018806345274046026
1920,4.15306830406189,0.008597619921434296,0.956188291311264,0.0017453431436846327
1921,4.153652191162109,0.008258759259406707,0.9559519588947296,0.0017975209421411196
1922,4.153897762298584,0.007386150907837157,0.9559361934661865,0.0015409730752553076
1923,4.154753684997559,0.006975472015947006,0.9557038843631744,0.0013484884181060545
1924,4.154984951019287,0.0068466712468977136,0.9555172622203827,0.0013410705727681372
1925,4.15500283241272,0.006590081233163391,0.9554183781147003,0.0013337370211272417
1926,4.155131101608276,0.007029757156829037,0.9554058611392975,0.0015675677366656818
1927,4.154657602310181,0.007183508860196779,0.9556055068969727,0.0016190290386974833
1928,4.154814958572388,0.007273197353827961,0.9554655849933624,0.0015507089972613241
1929,4.154727935791016,0.007007840795603373,0.9554110765457153,0.0013643777799946617
1930,4.154780626296997,0.007084379472499156,0.955357164144516,0.0014160919631175286
1931,4.154571771621704,0.006919838175912626,0.9553867876529694,0.0013499214109554249
1932,4.154540061950684,0.00661739239099845,0.9554161131381989,0.0012843409146724737
1933,4.154276371002197,0.007004469047722501,0.9554862082004547,0.0015099108479027787
1934,4.154261827468872,0.0064349808306433005,0.9555555582046509,0.0012709803636945204
1935,4.1544880867004395,0.006627507634641065,0.9554616510868073,0.001379255617519007
1936,4.154497146606445,0.007127875020162398,0.9555303752422333,0.0014864772001307216
1937,4.154670000076294,0.007155186177997458,0.9554778039455414,0.001535704719191446
1938,4.155412435531616,0.008348784927825977,0.9552256464958191,0.001867358270123671
1939,4.155287027359009,0.008127598266840804,0.9553343951702118,0.0018015670395981655
1940,4.155402898788452,0.00823347115030017,0.955323189496994,0.001904405349964747
1941,4.155818462371826,0.008136701986119158,0.9551150798797607,0.001839119881621372
1942,4.155540704727173,0.00802172538338144,0.9552226960659027,0.0017744244691571497
1943,4.156382322311401,0.00850590837907459,0.9548220932483673,0.0018759140803713825
1944,4.15665340423584,0.008771939286875353,0.9548136591911316,0.0018665996268504748
1945,4.157019138336182,0.008584470104698896,0.9546894431114197,0.0018027050045079595
1946,4.157866716384888,0.008905123328169779,0.9545279741287231,0.0017938541663206718
1947,4.158081293106079,0.008240888995638088,0.9544828534126282,0.0017309710683424179
1948,4.158742666244507,0.007389859830506116,0.9543240070343018,0.0015072555964465923
1949,4.158456802368164,0.007553389602728385,0.954431802034378,0.0014463534003483504
1950,4.158797740936279,0.007632962852716953,0.9542747437953949,0.001652620076960666
1951,4.1588218212127686,0.007386488082625244,0.9541191458702087,0.0014324870871882665
1952,4.1590495109558105,0.007616778462888769,0.9540023803710938,0.001478427152065141
1953,4.158901691436768,0.00759182752857032,0.953923910856247,0.0014713886283638216
1954,4.158969402313232,0.007849429066668905,0.9538091719150543,0.0017259555933696216
1955,4.158863306045532,0.0077627751461305065,0.9537691473960876,0.0017698304626694622
1956,4.1589741706848145,0.007967440242499407,0.9536928534507751,0.0018651666340011046
1957,4.15886664390564,0.008249655540128355,0.9537266790866852,0.0019080299789366838
1958,4.158975124359131,0.008336983810242928,0.9536512792110443,0.001899179140749396
1959,4.158722162246704,0.008037235423633448,0.9537211060523987,0.001788206488620212
1960,4.158716678619385,0.007959348047585316,0.953718364238739,0.0016782875077038003
1961,4.158701419830322,0.0078076193929460976,0.9536798596382141,0.0017211929994878905
1962,4.158650159835815,0.007937431686359651,0.9536416828632355,0.0017637191696353825
1963,4.15872597694397,0.007999471847367687,0.9534619748592377,0.0018058660181462765
1964,4.15869665145874,0.007589130130265623,0.9534251391887665,0.0017477876608982647
1965,4.158376932144165,0.0076434152711476544,0.9534589350223541,0.0016902150658323833
1966,4.158323526382446,0.007747939455454672,0.9533874690532684,0.0016826286331004224
1967,4.158290147781372,0.007205762396210531,0.9532817602157593,0.0013302388327008374
1968,4.158366680145264,0.007618127162041118,0.9531770348548889,0.001373397205575993
1969,4.1580729484558105,0.007456957613335459,0.9532113373279572,0.001318479861966298
1970,4.158794403076172,0.006920175350700713,0.9529702961444855,0.0013613010600533662
1971,4.158884525299072,0.006992330755351364,0.9528682827949524,0.001500596394381871
1972,4.1588661670684814,0.00718688060807765,0.9527671635150909,0.0016386273232550492
1973,4.158610820770264,0.007011886893060418,0.9528026580810547,0.0015835413922513106
1974,4.1594343185424805,0.007544623058238119,0.9525337815284729,0.0016722183615182316
1975,4.1596360206604,0.00790674878064372,0.9525363147258759,0.0016650112504228687
1976,4.159590482711792,0.008109390828284099,0.9524718821048737,0.0017525924016285066
1977,4.159541368484497,0.0077054554321556905,0.9524413049221039,0.001603645438991007
1978,4.159298896789551,0.0076032914713652835,0.9524109959602356,0.001643811385621889
1979,4.159097671508789,0.007616778462888769,0.9523809552192688,0.0015900320069219883
1980,4.158937692642212,0.007551703728787949,0.9522852897644043,0.001629902925613294
1981,4.158736705780029,0.0076761212255921085,0.9522560238838196,0.0016694366695165126
1982,4.158684492111206,0.007648810067757049,0.9521943628787994,0.001662482439512215
1983,4.1588263511657715,0.0075769918378944855,0.9521006941795349,0.0017015525680818139
1984,4.158997297286987,0.0075739572648017015,0.9519430100917816,0.001831912770526009
1985,4.158810615539551,0.008038921297573885,0.9519156217575073,0.002052382935086496
1986,4.158949375152588,0.007630265454412256,0.9517600238323212,0.0019076928041485966
1987,4.158881187438965,0.0075871070815371,0.9517336189746857,0.00185458777502487
1988,4.1588664054870605,0.00810096145858192,0.9516437351703644,0.0019822084323158572
1989,4.1586830615997314,0.007981938758387156,0.9516180157661438,0.0019293141374346853
1990,4.1587605476379395,0.007523043871800541,0.9515925049781799,0.0017874478453470159
1991,4.159433364868164,0.006804187223598732,0.9514098465442657,0.0016022124461416366
1992,4.159386157989502,0.0068372303528312734,0.9513853788375854,0.0016401024629529304
1993,4.159548759460449,0.007158895100666416,0.951298713684082,0.0015011021565640018
1994,4.1592161655426025,0.0071383274385931,0.9513681530952454,0.0014071989780817299
1995,4.159121513366699,0.007248583594297599,0.9512512385845184,0.0015768400433380785
1996,4.159159183502197,0.007282301073106314,0.9511660933494568,0.0015269803215496908
1997,4.1589860916137695,0.007252629691754645,0.9512045383453369,0.0013905931197684377
1998,4.159256458282471,0.006948498032900033,0.9509671926498413,0.0011254051489378925
1999,4.159186840057373,0.007164289897275811,0.9509755969047546,0.0012072543287460487
2000,4.064387798309326,0.007929002316657472,0.9600556492805481,0.0016862954089208702
2001,4.0662736892700195,0.007809642441674621,0.9594194293022156,0.0018152647653642059
2002,4.066665410995483,0.007782331283839561,0.959330826997757,0.0018732166820666853
2003,4.067246437072754,0.00760126842263676,0.9591946005821228,0.0018615420050291675
2004,4.067617654800415,0.007259036012728301,0.9590116441249847,0.0015073820369921251
2005,4.0675201416015625,0.007485954645110955,0.959023505449295,0.0015662190375133331
2006,4.0681328773498535,0.007122480223553004,0.9589395225048065,0.0016242973947613452
2007,4.068998098373413,0.006870610656851901,0.9587613940238953,0.001547126515137898
2008,4.069281578063965,0.006391485282980058,0.9585854709148407,0.001337193062705135
2009,4.069964170455933,0.006526018023426832,0.9583646655082703,0.0014620741748429139
2010,4.070858001708984,0.005999688179222787,0.95814648270607,0.0013211772602709953
2011,4.071192979812622,0.006097131692979974,0.9580701887607574,0.001247673156467996
2012,4.071249961853027,0.005684766927149387,0.9581333100795746,0.0012403396048271005
2013,4.0716962814331055,0.006396880079589453,0.9580579996109009,0.0014276823464580244
2014,4.071652889251709,0.006141975939795565,0.9580748081207275,0.001225798942090842
2015,4.07227087020874,0.005866166963140275,0.9578646421432495,0.0012187182715410118
2016,4.072337627410889,0.006315958130448536,0.9577922224998474,0.0014029842932306404
2017,4.072800397872925,0.005461220042647605,0.9575860798358917,0.0008876547764879393
2018,4.0733091831207275,0.005442338254514725,0.9574714601039886,0.0008825971546666319
2019,4.073476076126099,0.005403225979096615,0.9572695195674896,0.0008776238265423464
2020,4.0737082958221436,0.005440989555362376,0.9570698142051697,0.0008726926452665718
2021,4.073991775512695,0.005294992872120639,0.9570038616657257,0.0006818095683607327
2022,4.074869871139526,0.006128151773483992,0.9567207098007202,0.0006779742051462414
2023,4.07497239112854,0.0064504908708953096,0.9565707147121429,0.0008581519825303134
2024,4.0748395919799805,0.006373277844423352,0.9565948247909546,0.0009143337315953351
2025,4.075212001800537,0.0064906146706776805,0.9565757811069489,0.0010306168866368918
2026,4.0759241580963135,0.006607614322143923,0.9563011527061462,0.0009043870753467642
2027,4.076247692108154,0.006324724674938802,0.9561567008495331,0.0008395230754884983
2028,4.076204061508179,0.0065293897713077035,0.9562668800354004,0.0008946090064922367
2029,4.0765321254730225,0.005939333892155187,0.9562080502510071,0.0007118602713490002
2030,4.076864957809448,0.0062198633158436975,0.9559829831123352,0.0006490614670677681
2031,4.076943874359131,0.005673977333930598,0.9558847844600677,0.00029346850618135515
2032,4.077269077301025,0.005249811450516961,0.9556638300418854,0.0003502824579740403
2033,4.077492713928223,0.005164169054342824,0.9556504786014557,0.000348427996639561
2034,4.077459812164307,0.005609914124194039,0.9556781053543091,0.00040435686461351737
2035,4.078024387359619,0.005553943109371572,0.9554210007190704,0.00040229166903648354
2036,4.078775882720947,0.005335453846691097,0.9550856947898865,0.00028583992660088334
2037,4.0789830684661865,0.004609516527939459,0.9550756216049194,5.689824548970694e-05
2038,4.079082489013672,0.004118252861696477,0.9550656080245972,0.00016976750580188115
2039,4.079097032546997,0.004533989375407936,0.9549761116504669,5.626604276204353e-05
2040,4.079416751861572,0.004671893863735582,0.9548083245754242,5.6013161670978167e-05
2041,4.079233884811401,0.004598052585144495,0.9549180269241333,0.00011143626746280383
2042,4.079390048980713,0.005096059747149219,0.9549874365329742,0.00011088835843216219
2043,4.079718351364136,0.005149670538455076,0.9548221230506897,0.0
2044,4.079578161239624,0.004929832576622253,0.9548524916172028,5.4917343609694926e-05
2045,4.079342365264893,0.00496456157979523,0.9548825621604919,0.0
2046,4.07931113243103,0.005701288491765657,0.9548354744911194,0.00038050174835635133
2047,4.0793845653533936,0.005886734625213591,0.9549036026000977,0.000378647287021872
2048,4.079564332962036,0.005950123485373976,0.954704612493515,0.00032297130013898096
2049,4.079794406890869,0.00628358935079217,0.9546969532966614,0.0004285491556587705
2050,4.080250978469849,0.00584425060191461,0.954613983631134,0.0005330733399657877
2051,4.079964876174927,0.005574510771444888,0.9546068608760834,0.0003183351468027826
2052,4.079944849014282,0.005979120517149471,0.9545997679233551,0.00042243786262469087
2053,4.080052137374878,0.006519948877241263,0.9545556008815765,0.0005780440273269117
2054,4.080596685409546,0.006218514616691349,0.9543639123439789,0.000523000243171684
2055,4.080794334411621,0.005917417530929522,0.9542844593524933,0.0005205557259580522
2056,4.080716609954834,0.005991595984308696,0.9542423784732819,0.00056995183241282
2057,4.081023454666138,0.006427562985305384,0.9541277587413788,0.000618842176685457
2058,4.081295967102051,0.0065634444249045056,0.954014241695404,0.0006672689056244743
2059,4.0811426639556885,0.005954169582831022,0.9540462493896484,0.0005109040976490574
2060,4.0809166431427,0.005923823851903178,0.9540060460567474,0.00045767262797979827
2061,4.080759525299072,0.005652398147493021,0.9539304077625275,0.0002530918253079187
2062,4.080854415893555,0.00622896703512205,0.9538911283016205,0.0004031346060067014
2063,4.080892562866211,0.005853354321192964,0.9538521468639374,0.0002508158954883304
2064,4.0814735889434814,0.006041160678157507,0.9536370038986206,0.0003495659615493551
2065,4.081515312194824,0.00569623086994435,0.9535995721817017,0.00019884883127439804
2066,4.0813024044036865,0.0056210408922009155,0.9536324143409729,0.00014844120045536877
2067,4.0811285972595215,0.005680046480116167,0.9536301791667938,0.00014780899772770536
2068,4.08121657371521,0.0055266319515365125,0.9535932540893555,0.0
2069,4.081277370452881,0.0050407630819029265,0.9534875750541687,0.00024419884027212
2070,4.081122875213623,0.0046786373594973245,0.9535203576087952,0.00019446555902926507
2071,4.080923795700073,0.004521176733460625,0.9535186290740967,0.0001936226220590472
2072,4.080947637557983,0.0045191536847321015,0.9534146785736084,0.00014456369039236652
2073,4.080780029296875,0.004662452969669141,0.9534133970737457,4.8005260453908304e-05
2074,4.080555200576782,0.0046911128266565495,0.9534797370433807,4.775237936284294e-05
2075,4.080370664596558,0.004315500112727462,0.9535118639469147,0.00019029302102668657
2076,4.080369234085083,0.0036795884623950924,0.953510195016861,0.00037894231496144826
2077,4.080667018890381,0.004151970340505193,0.9534751772880554,0.00033017841123434387
2078,4.080651760101318,0.00425177407777899,0.953473687171936,0.00032874541838497345
2079,4.080567359924316,0.004029913067217643,0.953472226858139,0.0003273545723841139
2080,4.080480337142944,0.004285828731375793,0.9533719718456268,0.00018624692356964073
2081,4.080670118331909,0.003849524555591017,0.953239768743515,0.0002782113470204115
2082,4.0808937549591064,0.003911564716599054,0.9532066583633423,0.0003232663280785572
2083,4.081203937530518,0.003909878842658618,0.9530111849308014,0.00013794663517615618
2084,4.081089735031128,0.003519093263265608,0.9529468715190887,0.0002289838279596873
2085,4.081082344055176,0.00393213237867237,0.952786386013031,9.120578017757469e-05
2086,4.081094264984131,0.003492456455006723,0.9527556598186493,4.539215584623287e-05
2087,4.081245183944702,0.003958769186931254,0.9526931941509247,0.0001356707053565679
2088,4.081554412841797,0.003971919003666654,0.9525038301944733,0.00013516494317443716
2089,4.081315994262695,0.003650928605407685,0.9524428844451904,0.00013461703414379553
2090,4.081392765045166,0.004185687819313908,0.9524140357971191,0.0
2091,4.081393003463745,0.003751743867045743,0.9523224830627441,0.0002225353601375205
2092,4.08126425743103,0.003465819646747838,0.9522317051887512,0.00026594661410374136
2093,4.081043481826782,0.0036661014708716066,0.9523289203643799,0.000309020693281875
2094,4.080965518951416,0.0036596951498979505,0.9523009955883026,0.00026388141852670753
2095,4.0808939933776855,0.0035470787706768417,0.9522733092308044,0.0002189950248626054
2096,4.08078145980835,0.0033757939783285685,0.9522766470909119,0.0002181520878923875
2097,4.080687046051025,0.003151235569462525,0.9522185325622559,0.00021730915092216962
2098,4.080497741699219,0.003002878662704178,0.9522526860237122,0.000259708880524129
2099,4.080511808395386,0.0028042827125208452,0.9522255957126617,0.00030181358218651217
2100,3.9876850843429565,0.013397471617248951,0.9614467322826385,0.0008431477044604351
2101,3.988078236579895,0.013573139681842358,0.9612460434436798,0.0009076323826821029
2102,3.9886800050735474,0.014314924215634092,0.9611950516700745,0.0011794374087288587
2103,3.989540219306946,0.013766678010204383,0.9607059359550476,0.0009652471245964951
2104,3.9902065992355347,0.01336442848801641,0.960513561964035,0.000753712091920318
2105,3.9906641244888306,0.01257948558134952,0.9604198634624481,0.0005447480170033054
2106,3.9907439947128296,0.012319186644946238,0.9602794945240021,0.000406084885402464
2107,3.99084210395813,0.011975774123279473,0.9602358937263489,0.0002690654808935475
2108,3.9908392429351807,0.011712777788571495,0.9601928889751434,0.00013373195032506677
2109,3.9907538890838623,0.011775829473943792,0.9601973593235016,0.00019939674030503967
2110,3.99138867855072,0.01190951927742035,0.959968239068985,0.0003303048517798765
2111,3.991348385810852,0.01223253272440784,0.9600668549537659,0.0003939887398798374
2112,3.9912750720977783,0.012247537002477719,0.9600720107555389,0.00032642734171687426
2113,3.992307424545288,0.011855402723932361,0.9596182107925415,0.0001298122934135536
2114,3.992354393005371,0.011587348767403074,0.9596715569496155,0.0
2115,3.992197275161743,0.011636239111675712,0.9596335291862488,0.0
2116,3.992190361022949,0.011772120551274834,0.9595959782600403,0.00012753636359396535
2117,3.992500066757202,0.011452816026956301,0.9594243168830872,6.338886016038462e-05
2118,3.992409586906433,0.011553125526412229,0.9595221281051636,0.0
2119,3.992405652999878,0.011616682973966657,0.959485799074173,0.00012538687431990975
2120,3.9929444789886475,0.01223438718574232,0.959273636341095,0.00037401113368567364
2121,3.992978811264038,0.012573585022557995,0.9593267738819122,0.0004958576727306683
2122,3.9930073022842407,0.01216037731975719,0.9593357741832733,0.0004314572882060222
2123,3.9933265447616577,0.0123805524563781,0.9592579901218414,0.000490378582424252
2124,3.9935222864151,0.012386284427775581,0.959181010723114,0.0004266946943242912
2125,3.9935812950134277,0.012015560748273757,0.9591478109359741,0.0003031201344903499
2126,3.993555784225464,0.012226294990828227,0.9592002034187317,0.0005425985277292498
2127,3.993425488471985,0.012633096372655377,0.9591672420501709,0.0006595981791954916
2128,3.9932966232299805,0.012345317691022992,0.9591768085956573,0.0005964200532776614
2129,3.9934803247451782,0.011729467940581809,0.9591023325920105,0.000415230751529328
2130,3.994012951850891,0.011327555593181923,0.958820104598999,0.00017701676374575493
2131,3.9938822984695435,0.01099644995128034,0.9588728547096252,5.866841312716449e-05
2132,3.9938465356826782,0.0112783280741212,0.9589250385761261,0.0001751201555627647
2133,3.994021415710449,0.010502994648914793,0.9588534832000732,0.00011615671449602395
2134,3.9943491220474243,0.009563457101909943,0.9588643908500671,0.0002888744996936677
2135,3.9945991039276123,0.009367727137425352,0.9586719870567322,0.0002873572131472755
2136,3.9945725202560425,0.009764750450397973,0.9587241411209106,0.0001715376734393387
2137,3.994528293609619,0.00979762499223647,0.9586952924728394,5.689824548970694e-05
2138,3.994415044784546,0.010065678948765757,0.9587067663669586,0.00011316428825175047
2139,3.9945366382598877,0.010234940692385506,0.9585987329483032,0.00011261637922110885
2140,3.995103120803833,0.010488496133027046,0.9584521353244781,5.6013161670978167e-05
2141,3.9950770139694214,0.010176778041440473,0.9583464860916138,5.571813373140191e-05
2142,3.9949816465377808,0.010020328939768034,0.9583202600479126,5.5465252640336547e-05
2143,3.9959217309951782,0.010030781358198735,0.95806023478508,5.5170224700760286e-05
2144,3.995979905128479,0.009895911442963876,0.958074539899826,0.0002196272275902688
2145,3.99651038646698,0.00997245011985966,0.95793417096138,0.0001639090938588669
2146,3.99649441242218,0.009854776118817243,0.957872062921524,0.0002174355914677023
2147,3.9964303970336914,0.009997906816360239,0.9579253196716309,0.00021638192025492996
2148,3.996310234069824,0.010004650312121981,0.9578258097171783,0.00021532824904215762
2149,3.996169090270996,0.00979290454520325,0.9578408896923065,0.00016070593337203895
2150,3.995934247970581,0.009811449158548043,0.9578558504581451,0.00021322090661661291
2151,3.995852828025818,0.009529402448313141,0.9578331410884857,0.00021220938225235145
2152,3.9957680702209473,0.009192733422408119,0.9578479528427124,0.00026400785907224023
2153,3.9960711002349854,0.009748734647963834,0.9577140212059021,0.0
2154,3.9961713552474976,0.01008371779992842,0.9576923251152039,0.00010460847800403899
2155,3.996006727218628,0.010203246262305314,0.9577076137065887,0.0002602567895547706
2156,3.9961602687835693,0.010497937027093486,0.957576185464859,0.0005181112087444203
2157,3.9958893060684204,0.010504849110249272,0.9575918912887573,0.00046412109580196506
2158,3.9957200288772583,0.010374025292471457,0.9576074182987213,0.00041063674504164055
2159,3.995808720588684,0.010650508618702922,0.957550585269928,0.000561986078044261
2160,3.99555242061615,0.010838314975667465,0.9576021432876587,0.0006611154657418837
2161,3.9954843521118164,0.011225223044997472,0.9576531946659088,0.0007593597696207777
2162,3.995402693748474,0.010929352168450996,0.9576325714588165,0.0007559037280428845
2163,3.9953140020370483,0.011360935897202551,0.9576830267906189,0.0008527993327694299
2164,3.9951415061950684,0.011140254998399511,0.9578036665916443,0.0008489218227064276
2165,3.9956376552581787,0.010903895471950417,0.957606852054596,0.0007953953250975921
2166,3.995344877243042,0.011069111118113121,0.957726776599884,0.0008908157901262563
2167,3.9954137802124023,0.011451804502592039,0.9576714038848877,0.0010346208372454266
2168,3.9954981803894043,0.011461919746234653,0.9575818479061127,0.0010300268307577392
2169,3.995366096496582,0.011142278047128033,0.9575621783733368,0.0008301664751190797
2170,3.995443105697632,0.010762956410529987,0.9575426280498505,0.0006320762871178778
2171,3.9958959817886353,0.010920248449172644,0.9574548304080963,0.0006292945951161588
2172,3.9957016706466675,0.010955651801921795,0.9574018716812134,0.0007711187403553172
2173,3.99551260471344,0.010688272194968682,0.9573493599891663,0.0005278471307504369
2174,3.99546480178833,0.010405213960369518,0.9572973251342773,0.00047777667471949475
2175,3.9952144622802734,0.010695858627700644,0.9573466181755066,0.0005708369162315488
2176,3.994877338409424,0.010929857930633127,0.9574289917945862,0.0006157654567441618
2177,3.99481999874115,0.010977905337935547,0.9573105871677399,0.0007546393225875577
2178,3.994920015335083,0.010640224787666264,0.9572595655918121,0.0007044845728595938
2179,3.994611382484436,0.01037942008908085,0.9573082029819489,0.0006079682897696464
2180,3.994602084159851,0.009730358622013083,0.9573234915733337,0.00046572267604537903
2181,3.9944790601730347,0.00956379427669803,0.9573058784008026,0.0002782113470204115
2182,3.9943121671676636,0.009722940776675166,0.9572557508945465,0.0002309225829911884
2183,3.9943411350250244,0.010120975614012049,0.9571735262870789,0.0003219176289262086
2184,3.9940351247787476,0.009999424102906631,0.9572539031505585,0.00036638255410520183
2185,3.99371600151062,0.009889673709384263,0.9572691023349762,0.0002280565972924476
2186,3.993489146232605,0.009596163056354396,0.9572520554065704,4.539215584623287e-05
2187,3.993749737739563,0.00996402075015748,0.9570432305335999,0.0001357128522050788
2188,3.9934147596359253,0.009971775770283485,0.9570909738540649,0.00013512279632592626
2189,3.993323564529419,0.010258542927551607,0.9570114016532898,0.00031407831510318234
2190,3.993369221687317,0.010572958417442877,0.9569641053676605,0.0004468830347610094
2191,3.993119239807129,0.010737668301423451,0.9569486379623413,0.000445070720275041
2192,3.992989182472229,0.011268212830478585,0.9569959938526154,0.0005319353750559936
2193,3.9927847385406494,0.011160822660472827,0.9570429623126984,0.0005298280326304489
2194,3.9927197694778442,0.010844046947064947,0.9569651782512665,0.00035179974452043247
2195,3.9925278425216675,0.010841686723548337,0.9569499492645264,0.0004379900497252108
2196,3.9928277730941772,0.011104008708680141,0.9566880762577057,0.0004362620289362641
2197,3.9923216104507446,0.011121204622872586,0.9567969441413879,0.000521440809776781
2198,3.9921590089797974,0.011014657389837047,0.9568131864070892,0.0004761329476275699
2199,3.9922364950180054,0.010458656164281332,0.9568292498588562,0.0003449298082131568
2200,3.9109110832214355,0.010408248533462302,0.9624404013156891,0.0016862532620723592
2201,3.911306381225586,0.010403190911640995,0.9624308943748474,0.0016057949282650627
2202,3.911284327507019,0.01031333383061577,0.9625196158885956,0.0015263481188220274
2203,3.91153085231781,0.01010495981157791,0.962460994720459,0.0015167807842100544
2204,3.911981701850891,0.009735753418622478,0.9622577428817749,0.0014388934081619223
2205,3.9122949838638306,0.00913996556807248,0.9622977674007416,0.001293781808738914
2206,3.9128315448760986,0.009228811124733444,0.9622415900230408,0.0014212760254843685
2207,3.9134451150894165,0.009134233596674998,0.9621385335922241,0.0014798601449145113
2208,3.9134591817855835,0.00928326485300952,0.9620366990566254,0.0016715018650935464
2209,3.9138541221618652,0.009921030964676367,0.9618421196937561,0.0019937145219593314
2210,3.9144880771636963,0.00934648512577586,0.9616498351097107,0.0016514821120508717
2211,3.91460120677948,0.009763401751245624,0.9616456031799316,0.001838698413136263
2212,3.9145902395248413,0.009855450468393416,0.9616875946521759,0.0019583533160586913
2213,3.9145721197128296,0.010199705927030399,0.9616832137107849,0.0021415656665355475
2214,3.9146798849105835,0.009879389878347605,0.9615419507026672,0.0020000365492359655
2215,3.915075421333313,0.01062825508268917,0.9614477753639221,0.002180846529347701
2216,3.915390968322754,0.011125756482511764,0.9613095223903656,0.0025508537124248397
2217,3.915628433227539,0.011330084404092578,0.961172878742218,0.0025362287559915595
2218,3.9158281087875366,0.011172792365449921,0.9611269533634186,0.0023956690162077274
2219,3.91566002368927,0.011164025820959655,0.9611701965332031,0.0025074846053071294
2220,3.9157493114471436,0.011813255875421466,0.9612570703029633,0.002680328831050306
2221,3.9166287183761597,0.012644223140662252,0.9608169794082642,0.0032231380930221104
2222,3.9173084497451782,0.01239471379747776,0.9605997204780579,0.0030818618568135936
2223,3.9180617332458496,0.012357118808606044,0.9604715704917908,0.0030647502363181705
2224,3.9180468320846558,0.012443941316538485,0.9605603516101837,0.002986905007118549
2225,3.917866587638855,0.012508678875851218,0.9605624377727509,0.003031159198054988
2226,3.9178621768951416,0.01235745598339413,0.9604791700839996,0.003074907626809296
2227,3.918121814727783,0.012263384217517815,0.9604817032814026,0.0029982425093679796
2228,3.918276309967041,0.01269260772275276,0.9604841470718384,0.003041738057031222
2229,3.9180703163146973,0.012737451969568351,0.9606543481349945,0.003084685695663823
2230,3.918130874633789,0.01289862151827401,0.9605724215507507,0.0031272118658113154
2231,3.918554186820984,0.012931833234900594,0.9603253602981567,0.0031692744206251876
2232,3.918954610824585,0.012756670932489318,0.9601221978664398,0.003035795351391186
2233,3.9193633794784546,0.01224804276465985,0.9600032866001129,0.00278755041366202
2234,3.9195326566696167,0.012945657401212167,0.9598856270313263,0.0031195832862308437
2235,3.9200013875961304,0.013431863445633841,0.9598504304885864,0.0031033567495541495
2236,3.920262575149536,0.01300516875130955,0.9597752094268799,0.002915803273680671
2237,3.9205219745635986,0.013525766624116113,0.9596605598926544,0.003128265537024088
2238,3.9207123517990112,0.013224500950960243,0.9595070481300354,0.003055646517039817
2239,3.921160936355591,0.013643440625158529,0.9593550860881805,0.0030964025195498518
2240,3.921507716178894,0.013917057965691253,0.9591650664806366,0.0031927502152457555
2241,3.921609878540039,0.013100589216338214,0.9591346085071564,0.0029536932904919645
2242,3.921438455581665,0.012981903690931535,0.9592220783233643,0.0029943649993049775
2243,3.921711564064026,0.01295610981964287,0.959113597869873,0.002979360721235099
2244,3.9224436283111572,0.01212547972919017,0.958967387676239,0.0027998994402757124
2245,3.9223471879959106,0.01205855053375487,0.9589771330356598,0.0027314108114455094
2246,3.9225895404815674,0.011715138012088105,0.9588714838027954,0.0027179659667705344
2247,3.9224525690078735,0.01159898129759208,0.9588050544261932,0.0026505731560016147
2248,3.922890543937683,0.011670462352666557,0.9587773978710175,0.0026376762203572813
2249,3.9228405952453613,0.011625786693245009,0.9586742222309113,0.0027320008673246622
2250,3.923721671104431,0.01201235758778693,0.958345890045166,0.002825440430473314
2251,3.9234575033187866,0.01192705236640088,0.9583583176136017,0.0028649320275280217
2252,3.923847794532776,0.012098674333537241,0.9581466615200043,0.002798424300577831
2253,3.924131155014038,0.012022978593611676,0.957899808883667,0.0027851480432968994
2254,3.9242016077041626,0.011898055334625386,0.957840234041214,0.0028242181718664983
2255,3.924295663833618,0.011758633559751347,0.9577444195747375,0.0028109419145855665
2256,3.9242424964904785,0.011485521981400754,0.9577593803405762,0.002745951474181768
2257,3.9246703386306763,0.011439160448038771,0.9575554132461548,0.002681551089657122
2258,3.9244338274002075,0.01137779463660691,0.9576074182987213,0.0025664480463738703
2259,3.924403429031372,0.011281868409396115,0.9576228260993958,0.0026056867623375124
2260,3.9245944023132324,0.011385718244126958,0.9575302004814148,0.0024919745650551204
2261,3.924911856651306,0.011057815762712201,0.9572594463825226,0.002328655527075406
2262,3.924932837486267,0.011468494654602352,0.9572406113147736,0.0024188497828887194
2263,3.9248982667922974,0.011388584229825699,0.9572219252586365,0.002407849455427376
2264,3.9250329732894897,0.011076360376056995,0.9571327567100525,0.0022970875375407465
2265,3.9248743057250977,0.011249499629739748,0.9571850597858429,0.0022867615596555775
2266,3.925362229347229,0.0112783280741212,0.9569918811321259,0.0019301149275563923
2267,3.925253987312317,0.011534243738279349,0.9569746255874634,0.0020200141554301294
2268,3.9253212213516235,0.011616514386572614,0.9568188190460205,0.0020110790235458196
2269,3.9254857301712036,0.01226085540660716,0.956802487373352,0.0020998402865097625
2270,3.92549204826355,0.012022641418823588,0.9567863047122955,0.0019933352003227334
2271,3.9250428676605225,0.011921488982397442,0.9569071829319,0.002081422113710502
2272,3.9250595569610596,0.011882713881767419,0.9568225145339966,0.0020723605412806597
2273,3.9254262447357178,0.011888783027952989,0.956670731306076,0.002159309489758634
2274,3.9255703687667847,0.011276642200180764,0.9565878212451935,0.001958859078240822
2275,3.925359010696411,0.01114160369755186,0.9565729200839996,0.0019504297085386432
2276,3.9252758026123047,0.011342559871251802,0.9565581381320953,0.002036830747985976
2277,3.9254175424575806,0.011550428128107531,0.9564767777919769,0.002028148497192732
2278,3.925323724746704,0.011646017180530238,0.956462562084198,0.0020195083932479986
2279,3.9255480766296387,0.011285577332065073,0.956250011920929,0.001917428726154613
2280,3.925614595413208,0.011722555857426022,0.9561380445957184,0.002142197869263211
2281,3.926100969314575,0.012359479032122653,0.9559614360332489,0.0022723473374648517
2282,3.9261051416397095,0.012250740162964546,0.9558842778205872,0.002262780002852879
2283,3.9262712001800537,0.012083670055467363,0.9556776881217957,0.0022534234024834602
2284,3.9263488054275513,0.011429045204396157,0.9556994736194611,0.0021982531777827
2285,3.92654025554657,0.011654952312414549,0.9556888341903687,0.0021891916053528577
2286,3.926697254180908,0.011716823886028542,0.9556462168693542,0.0022256064824662703
2287,3.92661452293396,0.011683106407219826,0.9555718898773193,0.0022165027631879173
2288,3.9268083572387695,0.01096627280774654,0.9555300772190094,0.0020723183944321485
2289,3.9267923831939697,0.011191505566188758,0.9554568529129028,0.0021536196652096632
2290,3.926540732383728,0.011162339947019219,0.9554790258407593,0.0022789643926810622
2291,3.9269962310791016,0.012039500158227946,0.9553751349449158,0.0024923117398432076
2292,3.9269673824310303,0.012447144477025312,0.9553034007549286,0.0027482695508498673
2293,3.926685333251953,0.012550994311756155,0.9553259313106537,0.0026931414729976177
2294,3.9266291856765747,0.012742678178783702,0.9553482532501221,0.002726395336472713
2295,3.9265286922454834,0.012996065032031196,0.9553394317626953,0.002803186894459562
2296,3.9266897439956665,0.012832366672414884,0.955176442861557,0.0027485224319409324
2297,3.9265544414520264,0.013050012998125141,0.9551376402378082,0.002868050894317828
2298,3.9263824224472046,0.01311357044567957,0.9551297724246979,0.00285683983261393
2299,3.926188349723816,0.012798649193606168,0.9551524221897125,0.002802554691731899
2300,3.8403234481811523,0.009389643498651016,0.9637817740440369,0.0013349592797340575
2301,3.841118812561035,0.007703432383427167,0.9636157155036926,0.0007679998735655111
2302,3.8418489694595337,0.006679263964612442,0.9631573855876923,0.00020816328479530562
2303,3.8418444395065308,0.006464146449812839,0.9632410407066345,0.0
2304,3.842298150062561,0.006415256105540203,0.963081419467926,0.0
2305,3.842945694923401,0.005446552939365814,0.9629718959331512,0.00020428577473230336
2306,3.8429677486419678,0.005641945729062319,0.9629594087600708,0.00013537567741699164
2307,3.8435134887695312,0.005855714544709573,0.9627093076705933,0.00013453274044677375
2308,3.8436678647994995,0.005522417266685423,0.9626512825489044,0.00026742175380162263
2309,3.8437042236328125,0.005828740561662601,0.9626409709453583,0.00019939674030503967
2310,3.843789219856262,0.006281060539881516,0.9626308083534241,0.0
2311,3.8439249992370605,0.006061728340230823,0.962527871131897,6.56647899799729e-05
2312,3.8440816402435303,0.005686115626301736,0.9624722898006439,6.528546834337486e-05
2313,3.844215154647827,0.005222500292681901,0.9625550508499146,0.0001298122934135536
2314,3.8445918560028076,0.00574006359239568,0.9624543786048889,6.448467822166787e-05
2315,3.844715118408203,0.005903930539406036,0.9624002277851105,0.00019240036345223124
2316,3.845035195350647,0.006282072064245778,0.9622564911842346,0.00031888305583342426
2317,3.845693826675415,0.006253580794652413,0.962069571018219,0.0003804174546593295
2318,3.8465256690979004,0.006627507634641065,0.9617956578731537,0.0005674230215021663
2319,3.846428632736206,0.0063729406696352645,0.9618794322013855,0.0005014632035826172
2320,3.8465532064437866,0.006345798099194249,0.9618300497531891,0.0004986393647323872
2321,3.846382975578308,0.006491120432859812,0.9618688523769379,0.0004958576727306683
2322,3.8461815118789673,0.00654574274852993,0.9619072675704956,0.0004931181275774602
2323,3.846498489379883,0.006392833982132406,0.9617285132408142,0.00042905491784090127
2324,3.846354126930237,0.006408175434990372,0.9618103504180908,0.00048763903727104394
2325,3.846240997314453,0.006269765184480596,0.9618055522441864,0.000424376617656192
2326,3.846705913543701,0.0061595090287760975,0.9616302847862244,0.0004823285343586713
2327,3.846808433532715,0.006829138157917182,0.9616265296936035,0.000779548110057496
2328,3.847197651863098,0.006245994361920452,0.9615384638309479,0.0007156956345634915
2329,3.8471685647964478,0.00643683529197778,0.9614932835102081,0.0007118181245004893
2330,3.847275733947754,0.0066888734460729266,0.9613651633262634,0.0007080670549830197
2331,3.8473310470581055,0.007241502923747769,0.9614458680152893,0.0008803633716955545
2332,3.8472652435302734,0.007261396236244911,0.9614844918251038,0.0008757272183593562
2333,3.8471990823745728,0.007145239521748887,0.9615226686000824,0.0008711332118716687
2334,3.8474212884902954,0.006578785877762471,0.96156045794487,0.0008665813522324921
2335,3.847385287284851,0.006679263964612442,0.9614759385585785,0.0009195177939621751
2336,3.847131371498108,0.006409186959354634,0.9615540206432343,0.0007432596734896162
2337,3.8477251529693604,0.006692245193953798,0.961349755525589,0.0008531786544060279
2338,3.847775459289551,0.006812953768088999,0.9613476097583771,0.001018562887962776
2339,3.8477160930633545,0.006381370039337444,0.9613057374954224,0.0007881460671537184
2340,3.847596764564514,0.006759848738965272,0.9613434672355652,0.0008962105867356507
2341,3.8475406169891357,0.006701348913232151,0.9613020122051239,0.000891700873944985
2342,3.848017454147339,0.0070277341081005145,0.961182564496994,0.0009980795195864815
2343,3.8487823009490967,0.007133269816771793,0.9607521891593933,0.0011034887877122276
2344,3.8486781120300293,0.006898258989475048,0.9607530832290649,0.0009332998134252374
2345,3.848821997642517,0.006767940933879364,0.9607926607131958,0.0008194190287488018
2346,3.8495330810546875,0.007028408457676689,0.9604858756065369,0.0008697423658708092
2347,3.8497878313064575,0.007523549633982672,0.9603733122348785,0.0008654855341712089
2348,3.8496512174606323,0.0073094436435473305,0.9603760838508606,0.0008074493237717078
2349,3.8494173288345337,0.007133775578953924,0.9604166448116302,0.000696392377945502
2350,3.8492062091827393,0.007393568753175075,0.9603814780712128,0.0007996521567971925
2351,3.8488932847976685,0.007386993844807375,0.9604216814041138,0.0007958167935827012
2352,3.84906542301178,0.007397783438026164,0.9602374732494354,0.0008976014327365102
2353,3.848893404006958,0.007070555306187583,0.960203617811203,0.000788272507699251
2354,3.8491334915161133,0.0064767905043661075,0.9601701200008392,0.0005753466290222144
2355,3.8489586114883423,0.006697808577957236,0.9601001143455505,0.0006246162949314495
2356,3.8490577936172485,0.007384633621290765,0.9600673913955688,0.0007253472628724862
2357,3.8493857383728027,0.007104609959784385,0.9599255919456482,0.00046412109580196506
2358,3.8492900133132935,0.007306746245242633,0.9599303305149078,0.0005133064680141785
2359,3.8497209548950195,0.007205762396210531,0.9597543478012085,0.00040874013685865033
2360,3.849721670150757,0.007322762047676772,0.9597238302230835,0.0006102863664377456
2361,3.849752902984619,0.007288370219291883,0.9597293734550476,0.000556844162525932
2362,3.8496164083480835,0.007248415006903555,0.959770530462265,0.00045354223682573066
2363,3.84961199760437,0.007370978042373235,0.9597403407096863,0.00035116754179276906
2364,3.8495945930480957,0.007867299330437524,0.9596398174762726,0.0006491879076133008
2365,3.8494958877563477,0.007835267725569244,0.9595402181148529,0.0006462376282175382
2366,3.849731922149658,0.008020039509441003,0.9592665433883667,0.0008908157901262563
2367,3.8494327068328857,0.00800621534312943,0.9592739641666412,0.0010346629840939376
2368,3.84921932220459,0.008016330586772044,0.9592120051383972,0.0009810100459395695
2369,3.8490755558013916,0.00781335136434358,0.9592196047306061,0.0010254749711185627
2370,3.849350929260254,0.008402058544343748,0.9591240286827087,0.0011182401846910404
2371,3.849527359008789,0.009011333386417231,0.9589950740337372,0.0012585470433838066
2372,3.8496073484420776,0.008869551388026583,0.9589694738388062,0.0011566781105329757
2373,3.8498315811157227,0.009355251670266126,0.9587744176387787,0.0013915624972841883
2374,3.849640130996704,0.009314116346119493,0.9588175714015961,0.0014810824035213271
2375,3.8497270345687866,0.00926067414220768,0.9586921334266663,0.001332009000338295
2376,3.8495877981185913,0.009334852595586854,0.9587017595767975,0.0013736922335155692
2377,3.8494991064071655,0.009888493597625957,0.9587446749210358,0.0015564409686588058
2378,3.8494839668273926,0.009711982596062334,0.9585879445075989,0.0015498239134425953
2379,3.8493149280548096,0.00967219597106805,0.9586309492588043,0.001449725148229222
2380,3.849428415298462,0.009622631277219238,0.9585089683532715,0.0013970837344391153
2381,3.849019169807434,0.009770482421795455,0.9585847556591034,0.0014375868558580845
2382,3.848799228668213,0.009842806413840149,0.9586272239685059,0.0015239457484569063
2383,3.849029541015625,0.009861688201973029,0.9585717916488647,0.001471599362606376
2384,3.8490501642227173,0.009887482073261697,0.9584520757198334,0.0014197165920894655
2385,3.849311113357544,0.010065341773977669,0.9583010673522949,0.0015050639603240259
2386,3.8491307497024536,0.00983016235928688,0.9582797884941101,0.001408041915051948
2387,3.8489108085632324,0.009856293405363635,0.958258718252182,0.0014022677968059554
2388,3.849171280860901,0.010043256825357961,0.9581422209739685,0.0014415908064666194
2389,3.8489391803741455,0.01014558937354241,0.9581535458564758,0.0014806187881877073
2390,3.849086880683899,0.010491362118725787,0.957880437374115,0.0017427721859254682
2391,3.849161744117737,0.010210495520249187,0.9578298032283783,0.001691226590196645
2392,3.849423408508301,0.010310467844917029,0.9576542377471924,0.0016401024629529304
2393,3.849248766899109,0.010256351291429041,0.9576049149036407,0.0015893998041943249
2394,3.8493294715881348,0.010787232995272261,0.957493782043457,0.0018029578855990249
2395,3.849162220954895,0.010756381502162288,0.9574764370918274,0.001795792921352173
2396,3.848841071128845,0.011015331739413221,0.9575518071651459,0.0019195782154286687
2397,3.8489606380462646,0.011202632334195634,0.9575651586055756,0.0019554873303599504
2398,3.848748803138733,0.011065570782838206,0.9575477540493011,0.0019478166039309677
2399,3.848807215690613,0.011034213527546102,0.9574694931507111,0.0018539977191457176
2400,3.7704862356185913,0.0072551585026652985,0.9645766913890839,7.025879646766036e-05
2401,3.7707728147506714,0.007553895364910516,0.9644549489021301,0.00027926501823318385
2402,3.771582841873169,0.007342318185385828,0.96413853764534,6.941585949744247e-05
2403,3.7721922397613525,0.007406044220334299,0.9639235734939575,0.00013790448832764527
2404,3.7722052335739136,0.007397109088449989,0.9638566076755524,0.00027408095586634387
2405,3.772303342819214,0.0073665947701281025,0.9638867676258087,0.00027239508192590815
2406,3.772456407546997,0.0077765993124420795,0.9637729525566101,6.768783870849582e-05
2407,3.772367000579834,0.007855498212854473,0.9638508558273315,0.0
2408,3.77265202999115,0.008217792522654118,0.9637859165668488,0.00013373195032506677
2409,3.7730427980422974,0.009011839148599363,0.963627815246582,0.0005316403471164173
2410,3.7730215787887573,0.008715799684658842,0.9636117219924927,0.00019817448169822373
2411,3.772946834564209,0.008518046671445727,0.9636887311935425,0.0001313295799599458
2412,3.7733802795410156,0.008937492107826146,0.9635801315307617,0.00032638519486836336
2413,3.7734934091567993,0.009019594168725366,0.9635646045207977,0.00038939473339214995
2414,3.773308038711548,0.008871068674572977,0.9636405110359192,0.00045164562864274043
2415,3.7733428478240967,0.008854209935168618,0.9635794460773468,0.0005772853840537156
2416,3.7740453481674194,0.009389137736468885,0.9633387327194214,0.0008290285102092856
2417,3.774543881416321,0.009537831818015319,0.9633249640464783,0.0008876969233364502
2418,3.7744444608688354,0.010024375037225081,0.9633559286594391,0.0011348038961558218
2419,3.7748968601226807,0.009220381755031266,0.9632092118263245,0.0007522369522224366
2420,3.775233268737793,0.009672870320644223,0.963108241558075,0.0009349856873656732
2421,3.7752679586410522,0.00981734971733957,0.9630522429943085,0.0009297173313018114
2422,3.7755059003829956,0.010309624907946811,0.9629968702793121,0.0009245754157834824
2423,3.775881290435791,0.010077480066348806,0.962812066078186,0.000980757164848504
2424,3.7756978273391724,0.009904677987454142,0.9628879129886627,0.000914375878443846
2425,3.7756104469299316,0.010059946977368275,0.9629200994968414,0.0009093182566225388
2426,3.7759586572647095,0.010188241984235437,0.9628240168094635,0.0009646992155658535
2427,3.77573025226593,0.010259385864521825,0.9628985822200775,0.001019405824932994
2428,3.775991201400757,0.009620945403278803,0.9628458023071289,0.0007753334252064066
2429,3.776078939437866,0.009348508174504383,0.9628775119781494,0.0006525175086456614
2430,3.7766828536987305,0.01040386526121717,0.9627420008182526,0.001003052847710767
2431,3.7766577005386353,0.010201728975758922,0.9627324044704437,0.0009390739316712299
2432,3.7768412828445435,0.009869948984281165,0.9625990688800812,0.000817353833171768
2433,3.776915431022644,0.009687537423926015,0.9625903367996216,0.0007549343505271339
2434,3.777265787124634,0.010095350330117426,0.962540864944458,0.0008665392053839812
2435,3.777871251106262,0.010715583352803742,0.9622074365615845,0.001034452249851383
2436,3.7778464555740356,0.010957674850650318,0.9622008502483368,0.001086250726671272
2437,3.7782795429229736,0.011542504520587483,0.9620736837387085,0.0011944416867987369
2438,3.778047204017639,0.011602015870684865,0.9621478915214539,0.001244933611314788
2439,3.77787709236145,0.01152395990724269,0.9621417224407196,0.0012948776268001973
2440,3.7785035371780396,0.01151030432832516,0.9618583619594574,0.0011762763950905416
2441,3.778544306755066,0.011323846670512965,0.9618931412696838,0.0011703336894505055
2442,3.778344750404358,0.011314742951234611,0.9620059430599213,0.0011644752775074913
2443,3.7781565189361572,0.011382009321458,0.9620396196842194,0.0012689994618145083
2444,3.7782875299453735,0.011489399491463756,0.9619565010070801,0.0013175947781475692
2445,3.778212308883667,0.011344245745192237,0.9619128406047821,0.0013110620166283807
2446,3.778201460838318,0.01147018052854279,0.9617927372455597,0.0014133102711158096
2447,3.77812397480011,0.011385886831521001,0.9617120623588562,0.001352323781320546
2448,3.7783730030059814,0.011745820917804036,0.9615941047668457,0.0013457488729528464
2449,3.7782299518585205,0.011331433103244927,0.9615908861160278,0.0010713728891469263
2450,3.7783167362213135,0.011156776563015782,0.9615877568721771,0.0010129152102623163
2451,3.7786296606063843,0.011013645865472784,0.9613970518112183,0.0007958167935827012
2452,3.7786736488342285,0.010715077590621612,0.9612455070018768,0.0007392135760325705
2453,3.7790582180023193,0.009930134683954721,0.9610210955142975,0.00047292978714074193
2454,3.7791048288345337,0.00972361512625134,0.9609467387199402,0.00041843391201615597
2455,3.7790216207504272,0.009892539695083004,0.9608730673789978,0.0005726070838690063
2456,3.7789316177368164,0.009901474826967313,0.9608367681503296,0.000569909685564309
2457,3.778740406036377,0.00967219597106805,0.9608736634254456,0.00046412109580196506
2458,3.7787431478500366,0.009727998398496474,0.9608376920223236,0.0005646413295004474
2459,3.778774619102478,0.010176778041440473,0.9607297480106354,0.0006641921856831791
2460,3.778643846511841,0.009728504160678605,0.9607666730880737,0.00045771477482830917
2461,3.77825129032135,0.009859496565850463,0.9608748555183411,0.000556844162525932
2462,3.7781509160995483,0.009857810691910027,0.9608751535415649,0.0006047229824343075
2463,3.7789652347564697,0.010432862292992664,0.9606626033782959,0.000752489833313502
2464,3.779109239578247,0.0099254142369215,0.9605225920677185,0.0006991319230987102
2465,3.779422402381897,0.009799816628359036,0.9603838622570038,0.00054685535942885
2466,3.7794498205184937,0.009374639220581137,0.9603513479232788,0.00044540789506312815
2467,3.779277205467224,0.00949399909556399,0.9602842926979065,0.0004926966590923513
2468,3.7792892456054688,0.009462136078089753,0.9602178335189819,0.0004414460913031041
2469,3.779294013977051,0.009193744946772381,0.9600828588008881,0.00039065913884747677
2470,3.779483199119568,0.009250558898565065,0.9599834978580475,0.0004861638975731627
2471,3.7795125246047974,0.009635612506560594,0.9598165452480316,0.0006776791772066652
2472,3.779430866241455,0.009980373727379708,0.9597532749176025,0.0007229027456588544
2473,3.779452681541443,0.009744519963112744,0.9596566259860992,0.0006238155048097425
2474,3.7793705463409424,0.009835051393714144,0.9595608115196228,0.0007166650120792421
2475,3.7793630361557007,0.009604592426056576,0.9595330953598022,0.0005232952711112603
2476,3.7793692350387573,0.009645727750203208,0.9595056176185608,0.0006157654567441618
2477,3.779133439064026,0.009779923315861895,0.9595450758934021,0.0006131523521364864
2478,3.779585838317871,0.009762558814275407,0.9593517780303955,0.000563587658287675
2479,3.7796629667282104,0.009364523976938523,0.9592592716217041,0.00046766143107688016
2480,3.7798413038253784,0.00934227044092477,0.9591675400733948,0.00046572267604537903
2481,3.7797489166259766,0.00940919963636007,0.9591749608516693,0.0005101033075273505
2482,3.7796417474746704,0.00954019204153193,0.9591496884822845,0.0005079959651018058
2483,3.779819369316101,0.0099687411971907,0.9589620232582092,0.0006438352578524172
2484,3.7797577381134033,0.00967556771894892,0.958873063325882,0.0006411800063962309
2485,3.779771089553833,0.009698158429750761,0.9588170647621155,0.0007753334252064066
2486,3.7795268297195435,0.009534797244922535,0.958857923746109,0.000681303806178602
2487,3.7793105840682983,0.009564468626274204,0.9588664174079895,0.0006332985457246938
2488,3.779255509376526,0.009393183833925931,0.9588430225849152,0.0006307275879655292
2489,3.779180407524109,0.009215492720604002,0.9587563574314117,0.0005384259897266712
2490,3.778964400291443,0.008839880006674914,0.9587335586547852,0.00035748956906940315
2491,3.7790838479995728,0.009253930646445937,0.9586480259895325,0.000445070720275041
2492,3.779141426086426,0.008720014369509931,0.9585631787776947,0.0002659887609522522
2493,3.7788525819778442,0.008774805272574094,0.9585726857185364,0.00022076519250006295
2494,3.7791277170181274,0.009165253677179016,0.9584577083587646,0.00026383927167819663
2495,3.7790926694869995,0.009561771227969508,0.9584055840969086,0.00039419947412239187
2496,3.778712511062622,0.00951102642236239,0.9584772884845734,0.0003490180525187135
2497,3.778252601623535,0.009535303007104666,0.9586098790168762,0.00039112275418109663
2498,3.7780990600585938,0.00906359547857074,0.9585271775722504,0.0001298544402620645
2499,3.7783182859420776,0.008951484861531762,0.958414614200592,8.62324520532892e-05
2500,3.6986619234085083,0.004528763166192586,0.9645270109176636,0.0
2501,3.698609948158264,0.004486616317681691,0.964553713798523,0.0
2502,3.6990164518356323,0.004903701530545499,0.9643838405609131,0.00013874742529786316
2503,3.6989972591400146,0.004764954105247635,0.9644598364830017,6.895224416382264e-05
2504,3.6989448070526123,0.0042949324506541455,0.9645348787307739,0.0001370615513574274
2505,3.699026346206665,0.004402491208053947,0.964560866355896,0.0
2506,3.6993452310562134,0.003838903549766272,0.9644429683685303,6.768783870849582e-05
2507,3.6992706060409546,0.0037492150561350894,0.9645167589187622,0.00013453274044677375
2508,3.699712038040161,0.0036215943988441024,0.9644477963447571,0.00026746390065013353
2509,3.6998109817504883,0.003527522632967787,0.9644266963005066,0.00019935459345652877
2510,3.700339436531067,0.0032370465530307054,0.9643124043941498,0.00039639111024495835
2511,3.7002424001693726,0.0031777037903273665,0.9643852114677429,0.0004596535298598103
2512,3.7007408142089844,0.0036859947833687485,0.964272528886795,0.000522241599898488
2513,3.7010345458984375,0.00421266180236088,0.9641611576080322,0.00045425873325041587
2514,3.7018531560897827,0.004162254171541851,0.9639598429203033,0.00025806515343220415
2515,3.702368140220642,0.004682514869560327,0.9638062119483948,0.0
2516,3.702518343925476,0.004547307779537379,0.963744580745697,0.0
2517,3.7027653455734253,0.0051151101226761435,0.9637284576892853,0.00019020872732966476
2518,3.7029097080230713,0.004940622169841042,0.9636234045028687,0.00012610337074459493
2519,3.70324444770813,0.006027336511845934,0.9635195136070251,0.0005641777141668275
2520,3.7028833627700806,0.006017389855597363,0.9636812508106232,0.0004986393647323872
2521,3.703410506248474,0.0056380682189993165,0.9634905159473419,0.00043390180541965403
2522,3.703486442565918,0.005793674383701537,0.963476300239563,0.0004931181275774602
2523,3.7038238048553467,0.0062353733560957065,0.9633321762084961,0.0006129837647424428
2524,3.703788161277771,0.005725396489113889,0.963318943977356,0.0004266946943242912
2525,3.704721212387085,0.005815253570139115,0.9631344377994537,0.0006061981221321889
2526,3.7046791315078735,0.005767206162836696,0.9631224274635315,0.0006632228081674285
2527,3.7047276496887207,0.005842901902762262,0.9630257785320282,0.0007195731446264938
2528,3.7048332691192627,0.006078249904847094,0.9628879725933075,0.0008349712158493217
2529,3.7048999071121216,0.006308371697716575,0.9628355801105499,0.0008305036499071669
2530,3.705134153366089,0.006430934733186255,0.9627837240695953,0.0009440472597955154
2531,3.7054123878479004,0.0058762822067828895,0.962649405002594,0.0005869370123627103
2532,3.7055351734161377,0.0056797093053280795,0.9625990688800812,0.0005837759987243933
2533,3.70625102519989,0.005146804552756336,0.9624671638011932,0.0004645847111355849
2534,3.706518769264221,0.004883808218048357,0.9623365998268127,0.00046218234077046393
2535,3.7063242197036743,0.004884819742412619,0.9623699486255646,0.000459779970405343
2536,3.706244707107544,0.005052901374274063,0.9623221457004547,0.0005717220000502776
2537,3.705917000770569,0.004869984051736783,0.962395429611206,0.00039811913103390503
2538,3.7062383890151978,0.004474478025310554,0.9621879160404205,0.00028293179405363165
2539,3.7061127424240112,0.004464025606879852,0.9621815383434296,0.0003378069908148157
2540,3.706153988838196,0.004721627144978436,0.9620960056781769,0.0003920921316968472
2541,3.706350326538086,0.004114206764239432,0.9621295630931854,0.00027863281550552044
2542,3.7063684463500977,0.003984394470825878,0.9621236026287079,0.00022181886371283528
2543,3.706366539001465,0.0033936642420971876,0.9621566534042358,0.0
2544,3.7069010734558105,0.003909878842658618,0.9618788957595825,0.0002195850807417579
2545,3.706762671470642,0.00432342372024751,0.961990088224411,0.0003277760408692229
2546,3.7064021825790405,0.004144383907773232,0.9620233476161957,0.0002174355914677023
2547,3.7064625024795532,0.0035711867680250733,0.9619798064231873,0.0
2548,3.7063803672790527,0.0035443813723721445,0.961974710226059,5.382152554841168e-05
2549,3.7066335678100586,0.002996472341730522,0.9617802798748016,0.00016070593337203895
2550,3.7067404985427856,0.0033800086631796578,0.9617762565612793,0.0001066315267325619
2551,3.7069376707077026,0.0026375497798117485,0.9616971611976624,0.00026527226452756705
2552,3.7073562145233154,0.0023281919117417865,0.9614695310592651,0.0005280157181444805
2553,3.7073997259140015,0.0026442932755734914,0.9613555371761322,0.00031530057370999826
2554,3.707436203956604,0.0023050954387578166,0.9612425863742828,0.00041839176516764506
2555,3.707615852355957,0.0022793015674691494,0.9611675441265106,0.0003643595053766789
2556,3.707537531852722,0.002417374643190838,0.9611664712429047,0.0003108330077678435
2557,3.7072696685791016,0.002451935058969771,0.9612018465995789,0.0002062666766123154
2558,3.707137107849121,0.002466433574857519,0.961200624704361,0.0002566321605828338
2559,3.706976532936096,0.002559662403763616,0.9611994326114655,0.00010220610763891803
2560,3.7069121599197388,0.0025087490107624563,0.9612341821193695,0.0002034428377620855
2561,3.707336187362671,0.0026980726542733926,0.9610896408557892,5.0618365061583734e-05
2562,3.707327961921692,0.0023448820637521003,0.9610889256000519,0.00020158837642760615
2563,3.707609176635742,0.0023848372761404277,0.9609463810920715,0.00035116754179276906
2564,3.707391381263733,0.002508411835974369,0.9610169529914856,0.0001997760619416377
2565,3.707486391067505,0.0028747522432310602,0.9609462916851044,0.00014915769688005398
2566,3.7071118354797363,0.002836988666965299,0.9610862135887146,9.896080030357919e-05
2567,3.7076189517974854,0.003538649400974663,0.960841715335846,0.0
2568,3.707635760307312,0.003415749190716896,0.9607380628585815,9.811786333336131e-05
2569,3.7075719833374023,0.0037618591106883576,0.9607734680175781,0.0
2570,3.7076090574264526,0.003968715843179826,0.9607398509979248,0.0
2571,3.7075905799865723,0.003912913415751402,0.9606722295284271,4.842672893901724e-05
2572,3.707807779312134,0.004197151762108871,0.9606393277645111,4.817384784795188e-05
2573,3.7077534198760986,0.004741351870081535,0.9606406092643738,0.000287947269026428
2574,3.7075605392456055,0.0047450607927504935,0.9606756865978241,0.0002866407167225903
2575,3.70739483833313,0.004861048919852474,0.9606095254421234,0.00033300225008457376
2576,3.707350015640259,0.004521851083036799,0.9605439305305481,0.00018949223090497958
2577,3.707235097885132,0.004537023948500721,0.9605122804641724,0.00028297394090214255
2578,3.7069075107574463,0.004461496795969198,0.9606137275695801,0.0002817938291438375
2579,3.7068482637405396,0.004326795468128381,0.9606481492519379,0.00018708986053985862
2580,3.7068129777908325,0.00462654385473786,0.960583508014679,0.0004191082615923303
2581,3.7066962718963623,0.004669533640218972,0.9605521857738495,0.0004173802408033836
2582,3.7067832946777344,0.004561300533242996,0.9604558646678925,0.000415610073165926
2583,3.706550717353821,0.004840312670385114,0.9604903757572174,0.000505888622676261
2584,3.706306576728821,0.0047745635867081195,0.9604922533035278,0.0004579676559193746
2585,3.7067060470581055,0.004696844798054031,0.9601715505123138,0.0005016739378251717
2586,3.7068251371383667,0.004892574762538623,0.9601104855537415,0.0006359116503323692
2587,3.7069923877716064,0.004575461874342656,0.9600179195404053,0.00045231997821891474
2588,3.7069132328033447,0.0042531227769313385,0.9600535333156586,0.00036039770161665484
2589,3.7070547342300415,0.0041834961831913415,0.9599302113056183,0.0004038089555828757
2590,3.707132577896118,0.003753766915774266,0.9598394930362701,0.00022342044395624926
2591,3.7068111896514893,0.003802320085258816,0.9598753750324249,0.0002224932132890096
2592,3.7064061164855957,0.003950676992017163,0.9600050151348114,0.0002659887609522522
2593,3.706443667411804,0.003937021413099633,0.9599150717258453,0.000264892942890969
2594,3.7063058614730835,0.004003782021140889,0.9598880708217621,0.00035179974452043247
2595,3.706041693687439,0.004103585758414687,0.9599232077598572,0.0004379900497252108
2596,3.7057982683181763,0.004249582441656423,0.9598963558673859,0.0006107499817713654
2597,3.7056254148483276,0.004628566903466382,0.9598389863967896,0.0008256567623284141
2598,3.7054606676101685,0.004660935683122749,0.9598432779312134,0.0008656962684137634
2599,3.7051106691360474,0.0046214862329165525,0.9598780274391174,0.0008623245205328919
2600,3.6303346157073975,0.009267923400151553,0.96522256731987,0.003653583856863871
2601,3.6309287548065186,0.009687031661743884,0.9650967717170715,0.0038399150741305335
2602,3.631787657737732,0.009633252283043984,0.9647763073444366,0.0038852229362797445
2603,3.631938338279724,0.009393858183502106,0.9645573198795319,0.003791994107373647
2604,3.6321710348129272,0.009256628044750635,0.9643895328044891,0.003768476165904568
2605,3.6322067975997925,0.009196610932471122,0.9645127058029175,0.0037452532523750653
2606,3.6328275203704834,0.008630663050666836,0.9642993807792664,0.0036546375280766433
2607,3.632994771003723,0.008381659469664474,0.9641838073730469,0.0034305848813927305
2608,3.633679509162903,0.007372495328919627,0.9639750421047211,0.003209271779862026
2609,3.6337519884109497,0.007736981274841839,0.963909775018692,0.003322899683447396
2610,3.633976101875305,0.00812978990296337,0.963845282793045,0.0033030063709502543
2611,3.633754849433899,0.008079888034326473,0.9639208614826202,0.0032177011495642047
2612,3.6339111328125,0.007555412651456908,0.9639032483100891,0.003002878662704178
2613,3.63405978679657,0.008372555750386122,0.9638858437538147,0.0033097077198634864
2614,3.6344603300094604,0.008740750618977292,0.9637317657470703,0.00354842746982919
2615,3.634845495223999,0.009472251321732367,0.9636248052120209,0.0037202601712081054
2616,3.6348923444747925,0.008788629438885667,0.9636994898319244,0.0035075028799251124
2617,3.6352577209472656,0.008980987655489388,0.963593989610672,0.0035507455464972894
2618,3.635446786880493,0.008790821075008233,0.9635788202285767,0.0035935245977358468
2619,3.6362392902374268,0.009271632322820514,0.9632978737354279,0.003635797886792274
2620,3.6367470026016235,0.009639658604017639,0.9631523191928864,0.0038646552742064282
2621,3.6370033025741577,0.009655505819057735,0.9631398916244507,0.0036569977515932533
2622,3.63723361492157,0.00912917597485369,0.9630404412746429,0.0034517004524966884
2623,3.6373404264450073,0.008828078889091864,0.9629854261875153,0.003187355418636361
2624,3.6374789476394653,0.008619030520477829,0.9628879129886627,0.002986905007118549
2625,3.637755870819092,0.00825842208461862,0.9627057611942291,0.0027886462317233034
2626,3.638146758079529,0.008076179111657514,0.9626961052417755,0.00283374335962996
2627,3.638180136680603,0.007961539683707882,0.9627289772033691,0.002818359759923484
2628,3.6385058164596558,0.008565419729171972,0.9625084400177002,0.003041738057031222
2629,3.6382890939712524,0.008630157288484706,0.9625838696956635,0.003084685695663823
2630,3.63839328289032,0.008661851718564898,0.9624916613101959,0.003009242836829323
2631,3.638878583908081,0.009188687324951074,0.9624004065990448,0.002817137501316668
2632,3.6385756731033325,0.00928326485300952,0.9625165164470673,0.0029190485810160097
2633,3.6392122507095337,0.01028838289629732,0.9623439311981201,0.003194056767549593
2634,3.6391268968582153,0.00995457985609104,0.9623365998268127,0.003004058774462483
2635,3.63965904712677,0.010233760580627202,0.9622074067592621,0.0029884222936649414
2636,3.640047073364258,0.010717774988926308,0.962119996547699,0.003144492073700782
2637,3.640292763710022,0.01090170383582785,0.9619932472705841,0.003014553339741696
2638,3.6404107809066772,0.010911481904682378,0.9619878232479095,0.002942482228788067
2639,3.640382170677185,0.010178126740592822,0.9619426727294922,0.0025897552536003946
2640,3.6406055688858032,0.01069096959327338,0.9618187546730042,0.0029126844068908648
2641,3.640751838684082,0.010441966012271018,0.9616961181163788,0.0028979751567605625
2642,3.640289068222046,0.010482764161629564,0.9618491232395172,0.00293885759981613
2643,3.640334963798523,0.010816398614441801,0.9617665410041809,0.002979360721235099
2644,3.640265107154846,0.01086495178392635,0.9616847932338715,0.003129277061388349
2645,3.6400145292282104,0.01073008186869149,0.9617583155632019,0.0031684314836549696
2646,3.639954090118408,0.010299003902122066,0.9617158472537994,0.0029354015582382367
2647,3.6399943828582764,0.009979362203015445,0.9617120623588562,0.00275876411612908
2648,3.63991117477417,0.009597005993324614,0.9616321623325348,0.0025838125479603585
2649,3.6397321224212646,0.009648256561113861,0.9616287648677826,0.0026248635784099695
2650,3.6400176286697388,0.00943229610934404,0.9614746570587158,0.00255890376049042
2651,3.640663981437683,0.00921212097272313,0.9612469971179962,0.0024935339984500236
2652,3.641066312789917,0.009294560208410439,0.9609468281269073,0.0026400364438738913
2653,3.641049861907959,0.008886915889613071,0.9608353078365326,0.0024172482026453054
2654,3.640993118286133,0.008892310686222466,0.9607618153095245,0.0024581306457008728
2655,3.640916347503662,0.008807005464836417,0.9607258439064026,0.002550642978182285
2656,3.6407909393310547,0.008634709148123882,0.9607634842395782,0.0024351184664139244
2657,3.641012191772461,0.008557158946863838,0.9607642889022827,0.0024752844130448066
2658,3.6413029432296753,0.00857148887535754,0.9606561958789825,0.0024637783234013324
2659,3.6410921812057495,0.008758958057533997,0.9607658982276917,0.0024523565274548803
2660,3.641479253768921,0.008741930730735597,0.9605868756771088,0.002237702627988897
2661,3.641456365585327,0.008705178678834097,0.9605168998241425,0.0022780793088623334
2662,3.6413758993148804,0.008561710806503014,0.960554450750351,0.0022676268904316317
2663,3.6412993669509888,0.008337826747213145,0.9604497849941254,0.0022573430593949735
2664,3.641133189201355,0.008643307105220105,0.9604872763156891,0.002446919583996975
2665,3.640929341316223,0.008696917896525961,0.9604190289974213,0.0024856103909299755
2666,3.6410529613494873,0.009072362023061005,0.9603163301944733,0.0025734444232266788
2667,3.6409151554107666,0.009441568416016437,0.9603887796401978,0.0026112501463409505
2668,3.640874981880188,0.0099923434323568,0.9603565335273743,0.0028939712061520277
2669,3.6408567428588867,0.009444602989109221,0.9604627192020416,0.0027835043162049745
2670,3.6408454179763794,0.009301472291566226,0.9604648053646088,0.0027226442669552437
2671,3.6413490772247314,0.01050097160018627,0.9603299796581268,0.0030495352240057375
2672,3.6409603357315063,0.010621511586927427,0.96040078997612,0.003084432814572758
2673,3.6408324241638184,0.010464556723072857,0.9604031145572662,0.0030230670031408963
2674,3.640884518623352,0.010642079249000742,0.9603378474712372,0.002962206953891165
2675,3.640945076942444,0.010753346929069504,0.9603067636489868,0.003044604042729963
2676,3.640869975090027,0.010835954752150856,0.9602760076522827,0.003031538519691586
2677,3.640555500984192,0.010823816459779718,0.9603455066680908,0.0030657617606824317
2678,3.640706777572632,0.011426179218697416,0.9602484107017517,0.0031466837098233485
2679,3.6404640674591064,0.011564420881813147,0.9602843821048737,0.0032268891625395796
2680,3.640149235725403,0.011427022155667634,0.9603859186172485,0.0031201311952614853
2681,3.639847755432129,0.01149192830237441,0.9603554606437683,0.003107065672223108
2682,3.6395081281661987,0.011604713268989562,0.9604558646678925,0.0031864281879691214
2683,3.639251947402954,0.01146697736805596,0.96045783162117,0.0031271697189628046
2684,3.6391801834106445,0.01144708405555882,0.9604922235012054,0.003205815738284133
2685,3.6389018297195435,0.011227414681120039,0.9604940712451935,0.0031469787377629245
2686,3.638995409011841,0.011216456500507207,0.9604316651821136,0.003179431811116313
2687,3.638917922973633,0.010919068337414338,0.9604017436504364,0.0030759191511735575
2688,3.6390397548675537,0.010765653808834685,0.9603083729743958,0.0029732915750495304
2689,3.6393508911132812,0.009598354692476963,0.9603109061717987,0.00282666268908013
2690,3.6390702724456787,0.009638141317471247,0.960313469171524,0.0028598744057067144
2691,3.63904345035553,0.00996166052664087,0.9602530002593994,0.002981889532145753
2692,3.6390639543533325,0.009857810691910027,0.9601617455482483,0.0029699198271686588
2693,3.6387195587158203,0.010062981550461059,0.9602584838867188,0.0030463742103674207
2694,3.638784646987915,0.01049153070611983,0.9601679146289825,0.0032101147168322438
2695,3.638799786567688,0.010334238667477173,0.9601399898529053,0.0030221819193221675
2696,3.6388524770736694,0.010504174760673097,0.9601123034954071,0.003097498337611135
2697,3.638959765434265,0.010284336798840275,0.960115522146225,0.003041864497576755
2698,3.638826847076416,0.010342499449785308,0.9600575566291809,0.003073263899717371
2699,3.6388264894485474,0.010107320035094519,0.95990851521492,0.002888787143785188
2700,3.5596262216567993,0.0031207212511406377,0.9678557515144348,0.0013349592797340575
2701,3.5603193044662476,0.0033358387659402407,0.9677626192569733,0.0011868974009152868
2702,3.5608787536621094,0.0035042575725897735,0.967474490404129,0.0010406478365824845
2703,3.561034679412842,0.0031353883544224287,0.9673849642276764,0.0011720617102394522
2704,3.5613152980804443,0.0033279151584201926,0.9672480523586273,0.0010962816766168647
2705,3.5615549087524414,0.002728418385201236,0.9671609997749329,0.0012257146483938203
2706,3.561873197555542,0.0029998440896113936,0.9670750498771667,0.0010828368319418895
2707,3.5623174905776978,0.0027815234143249625,0.966942548751831,0.001143528293797577
2708,3.5631598234176636,0.0031453350106709996,0.9666697978973389,0.0011366162106417903
2709,3.563676118850708,0.0029212823639870873,0.9665883481502533,0.0011297462743345146
2710,3.56406033039093,0.0030472171473376387,0.9664611220359802,0.0010569586669562005
2711,3.564206838607788,0.0024020331903328728,0.9664283096790314,0.001247673156467996
2712,3.5644500255584717,0.002017316757125432,0.9663958847522736,0.001436153863008714
2713,3.5649943351745605,0.002345050651146144,0.9661343395709991,0.0012979121998929817
2714,3.565556287765503,0.003454692878740962,0.9661040008068085,0.0010967874387989953
2715,3.565985083580017,0.0037650622711751856,0.9660286605358124,0.0009621704046551999
2716,3.566065192222595,0.0035260053464213946,0.9659541845321655,0.0010841012373972163
2717,3.5665369033813477,0.0039668613818453465,0.9657012224197388,0.0008243080631760654
2718,3.566545605659485,0.003944776433225638,0.9656740427017212,0.0008826393015151428
2719,3.5663537979125977,0.0038940316276185214,0.9657801389694214,0.0008775816796938355
2720,3.5663236379623413,0.0035981607510720453,0.9657969176769257,0.0009973208763132855
2721,3.5667247772216797,0.003463122248443141,0.9655943214893341,0.0009297173313018114
2722,3.5668174028396606,0.0036716648548750443,0.9655247330665588,0.0008012958838891173
2723,3.56693434715271,0.003009959333254008,0.9655859768390656,0.0009807150179999933
2724,3.5671592950820923,0.0028590736155850076,0.9655172526836395,0.0009753202213905988
2725,3.5669294595718384,0.002859410790373095,0.9654921293258667,0.0010305747397883808
2726,3.5672121047973633,0.002845755211455565,0.965339332818985,0.0010249692089364319
2727,3.5674551725387573,0.0025397690912664743,0.9652730524539948,0.001019405824932994
2728,3.5675476789474487,0.003225582610235742,0.9652496874332428,0.0007156956345634915
2729,3.568132519721985,0.0037249384713928147,0.9650587439537048,0.0006525175086456614
2730,3.568558692932129,0.0035861910460949515,0.9649532735347748,0.0005900137323040055
2731,3.5690455436706543,0.0035106638935634292,0.9645999372005463,0.0005282264523870349
2732,3.5691494941711426,0.003493805154159072,0.9645392894744873,0.000525402613536805
2733,3.569268226623535,0.003700830474044583,0.9645203649997711,0.0004645847111355849
2734,3.569742202758789,0.0033916411933686643,0.9645016193389893,0.0005199235232303887
2735,3.5697418451309204,0.0030964446663983626,0.9645643532276154,0.000689648882183759
2736,3.569948673248291,0.002998495390459045,0.9645456075668335,0.0007432175266411054
2737,3.569971442222595,0.0026685698603157665,0.9644465744495392,0.000796280408916321
2738,3.5700241327285767,0.0021297645489524973,0.9644286036491394,0.0009619596704126454
2739,3.570154070854187,0.0024561497438208607,0.9642516076564789,0.0007881882140022292
2740,3.5709978342056274,0.0014230461931218261,0.963878333568573,0.0012322895567615196
2741,3.571062445640564,0.0007928665141869385,0.9639029204845428,0.001337530237493222
2742,3.5707703828811646,0.0008252352938433052,0.9639272093772888,0.00133082888857999
2743,3.57055401802063,0.0007748276630242758,0.9640293121337891,0.0013241696865152687
2744,3.570425033569336,0.0002872729194502537,0.9640915989875793,0.0014823046621281432
2745,3.570258378982544,0.0002528810910653642,0.9641919136047363,0.0014749711104872474
2746,3.5700926780700684,0.00021376881564725452,0.964252769947052,0.0015220912871224271
2747,3.5703771114349365,0.0001298122934135536,0.9640070199966431,0.0015687057015754758
2748,3.5704962015151978,0.00028912738078473303,0.9639159440994263,0.0015072555964465923
2749,3.5705307722091675,0.00020112476109398632,0.9639014899730682,0.0016606279781777357
2750,3.5705373287200928,5.259926694159575e-05,0.9638118147850037,0.001492672786861823
2751,3.5706748962402344,0.000199270299759507,0.9637980163097382,0.0015385707048901865
2752,3.570735812187195,0.00039769766254879607,0.9638590216636658,0.001478427152065141
2753,3.5708507299423218,0.0006401263351834585,0.9637336432933807,0.001366274388177652
2754,3.5709056854248047,0.00056476777004598,0.9636834263801575,0.001464434398359524
2755,3.57090163230896,0.00046361533361983435,0.9636704921722412,0.0016137185357851106
2756,3.5708519220352173,0.0007291404792384667,0.9636210501194,0.0013988960489250838
2757,3.570708394050598,0.000802981757829553,0.9635720551013947,0.0012892299490997376
2758,3.5704243183135986,0.0008102310157734269,0.9635961055755615,0.0013858726727352176
2759,3.570726752281189,0.0007861230184251955,0.9634754359722137,0.0014816724594004797
2760,3.5706835985183716,0.0009796613467872208,0.9633558690547943,0.0013731021776364166
2761,3.5708186626434326,0.00019960747454759415,0.9632015824317932,0.0017211929994878905
2762,3.570747971534729,0.0007035151953438431,0.9631912708282471,0.0014613998252667397
2763,3.5707883834838867,0.0010307433271824244,0.963110089302063,0.0014045858734740544
2764,3.5706530809402466,0.0008768230364206394,0.9631355702877045,0.0014981097303197284
2765,3.570575475692749,0.0005951135009738237,0.9631257057189941,0.0016405239314380394
2766,3.5708988904953003,0.00021865785007451824,0.9628709554672241,0.001831111980404302
2767,3.5709164142608643,0.0006419807965179379,0.9628971517086029,0.0017244383068232294
2768,3.5708703994750977,0.0008736198759338114,0.9628537595272064,0.0016186497170608853
2769,3.5708889961242676,0.001018605034811287,0.9628107845783234,0.0016114847528140334
2770,3.5708088874816895,0.001552352724353249,0.962802529335022,0.0013613432069018772
2771,3.570621967315674,0.0016379951205273855,0.9627943634986877,0.0012101203144447895
2772,3.5705171823501587,0.0018010191305675239,0.9628203511238098,0.001108462115836513
2773,3.5704833269119263,0.0017875321390440377,0.9626085758209229,0.0010556942615008737
2774,3.570292830467224,0.002071770485401507,0.9626351594924927,0.0009555533494389895
2775,3.5707643032073975,0.0015004278069878276,0.9625605642795563,0.0009990067502537213
2776,3.570888876914978,0.0014874465776464722,0.96248659491539,0.001042080829431855
2777,3.5708929300308228,0.0014200116200290417,0.9623799324035645,0.001131980057305592
2778,3.570699691772461,0.0012050626926234822,0.962373822927475,0.0012680722311472687
2779,3.5706002712249756,0.00112953554009196,0.9623677432537079,0.0013094604363849667
2780,3.570733070373535,0.0011093050528067309,0.9622958600521088,0.0013505114668345775
2781,3.5709909200668335,0.001157015285321063,0.9620278179645538,0.001391225322496101
2782,3.5707908868789673,0.0012783982090324379,0.962055891752243,0.001293023165465718
2783,3.5707045793533325,0.0014061874537174685,0.9620512425899506,0.0012416883039794492
2784,3.570939540863037,0.0011035730814092494,0.9619494676589966,0.0013281314902752928
2785,3.570723295211792,0.0012859846417643988,0.9619453251361847,0.0011858015828540036
2786,3.570474624633789,0.0014346787233108329,0.9619732797145844,0.0010901282367342742
2787,3.57043719291687,0.001355105473322265,0.9619050621986389,0.0012213313761486873
2788,3.5704643726348877,0.0008914901397024306,0.9618692398071289,0.0012163580480244018
2789,3.5704352855682373,0.0013294801894276414,0.9618337452411652,0.0010319655857892404
2790,3.570216178894043,0.0010877258663691532,0.9617985486984253,0.0011171443666297572
2791,3.5701239109039307,0.0010523225136200023,0.9618265330791473,0.0011126346538390915
2792,3.569921851158142,0.0010427130321595183,0.961791604757309,0.0011081670878969369
2793,3.5698931217193604,0.001162578669324501,0.9616945385932922,0.001103741668803293
2794,3.5699658393859863,0.0008931760136428663,0.961629331111908,0.0012312780323972582
2795,3.570210099220276,0.0015788209452180905,0.9615956544876099,0.0011388078467643567
2796,3.5699453353881836,0.0017576921702983246,0.961623877286911,0.0010470541575561404
2797,3.5698577165603638,0.0014297896888835692,0.9615904688835144,0.0011298727148800472
2798,3.5698565244674683,0.0012402974579785895,0.9614960849285126,0.0012120169226277797
2799,3.569731116294861,0.0017248176284598274,0.9614938795566559,0.0010779056506661148
2800,3.4906994104385376,0.008547212290615266,0.969544917345047,0.0007728467611442638
2801,3.490705132484436,0.00861768182132548,0.9696386456489563,0.0007679998735655111
2802,3.4907495975494385,0.008566937015718364,0.9697311818599701,0.0006244055606888951
2803,3.4910566806793213,0.008479271570815705,0.9696275293827057,0.0006205280506258929
2804,3.4911439418792725,0.008651905062316327,0.9696221053600311,0.000753712091920318
2805,3.4914337396621704,0.008876632058576413,0.9695204198360443,0.0008852102592743073
2806,3.4914814233779907,0.008712765111566058,0.9695157110691071,0.0008798154626649129
2807,3.4914844036102295,0.00829281391300351,0.9694634675979614,0.0006726637022338687
2808,3.49213182926178,0.008167553479229133,0.9693173468112946,0.0006017305561900341
2809,3.493099570274353,0.008139230797029811,0.96903195977211,0.0005981059272180973
2810,3.4932496547698975,0.00813400458781446,0.9689368605613708,0.0005945234450946712
