batch,mean_loss,std_loss,mean_accuracy,std_accuracy
0,7.510850238800049,0.008358353266525266,0.0953125,0.03928754617842939
1,7.508983421325683,0.0049121927801678116,0.0953125,0.02676090120555235
2,7.5079326152801515,0.004308180699147986,0.09947916641831397,0.029813632644317894
3,7.506875801086426,0.003898374015367365,0.09765625,0.028047733370492208
4,7.505225753784179,0.0038239333464513046,0.1028124988079071,0.025019523237777945
5,7.503973007202148,0.003624307291172199,0.10781250074505806,0.02172568120578459
6,7.503363418579101,0.00387783468325445,0.1091517873108387,0.02190711745379252
7,7.502982807159424,0.004541552100317059,0.109375,0.018298788180410412
8,7.5019903659820555,0.003983951868548409,0.10850694328546524,0.016757445031572362
9,7.501352310180664,0.004244272083741583,0.10890625119209289,0.017724410570592743
10,7.500627040863037,0.004393599776966857,0.10894886329770088,0.015328773909404143
11,7.4997090816497805,0.004396125761237419,0.11028645858168602,0.015805405586174798
12,7.499056673049926,0.004577645278907225,0.11069711595773697,0.016010109423663113
13,7.49826865196228,0.004707828079121487,0.1113839291036129,0.014483151333743668
14,7.497764968872071,0.004912298523594547,0.11104166582226753,0.01395124729515299
15,7.497266101837158,0.00483916003100602,0.11171875,0.014213001547084646
16,7.496649122238159,0.004703595679428367,0.1120404414832592,0.013037583976594772
17,7.495855140686035,0.004814844221550214,0.11171874850988388,0.012249189161648287
18,7.495320272445679,0.004799554859487561,0.11126644760370255,0.011195827633052427
19,7.494773054122925,0.004877638947868413,0.11140624955296516,0.010573044274645381
20,7.494245910644532,0.004743423683367209,0.11130952388048172,0.010639852039998272
21,7.493525648117066,0.004672080184618493,0.11193181797862053,0.010433869900977218
22,7.492847013473511,0.004463300871551873,0.11270380541682243,0.00941032452821792
23,7.492129755020142,0.004511811237977904,0.11263020858168601,0.009434489155109235
24,7.491324329376221,0.004722189053404133,0.11362499892711639,0.01087252454319872
25,7.490764904022217,0.00463437329575965,0.11352163404226304,0.010962677290980417
26,7.489965581893921,0.004602077244514167,0.11417824178934097,0.011031016121725036
27,7.489274597167968,0.004565886215712196,0.11411830335855484,0.011102432443936867
28,7.488716650009155,0.004500735856494148,0.11390086337924003,0.010625751162841902
29,7.487975358963013,0.004434213470300205,0.11447916626930237,0.010355141592660917
30,7.48719744682312,0.004460310577654737,0.11537298336625099,0.00992671750604955
31,7.486473846435547,0.004410906580761886,0.115625,0.009386070214597303
32,7.485784006118775,0.00456972379505676,0.11562500074505806,0.009728677332739265
33,7.485066270828247,0.004520029660026936,0.11580882221460342,0.00898982845100128
34,7.484269762039185,0.00462667272868065,0.11656249910593033,0.009541114995842963
35,7.483661127090454,0.004522685319184536,0.11749132126569747,0.00889974581569976
36,7.482884168624878,0.00460253912064156,0.11841216161847115,0.009254641604759573
37,7.4821470260620115,0.004749903307333622,0.1187911182641983,0.009901585269770665
38,7.481439590454102,0.004767018565968288,0.11915064081549645,0.009888250735261539
39,7.48071060180664,0.004944399974037156,0.11957031115889549,0.010170345693892158
40,7.479975080490112,0.004884313287384274,0.12016006112098694,0.01009417014149208
41,7.479269695281983,0.004801731764097048,0.1211309514939785,0.010223249727257772
42,7.478498125076294,0.004848699119406658,0.12209302261471748,0.010135410150786556
43,7.477865171432495,0.00491992606526481,0.12265624925494194,0.009927952651080934
44,7.477133178710938,0.00497536652718313,0.12336805686354638,0.009884895441556482
45,7.4763991355896,0.005049824436593575,0.12421875149011612,0.010257990683709375
46,7.475705289840699,0.005046068476361105,0.12443484142422676,0.009999291021029926
47,7.47495846748352,0.00521001418399922,0.1257161445915699,0.01047392964316472
48,7.474163246154785,0.005394281799476702,0.12640306130051612,0.011143187549784963
49,7.4734110832214355,0.005503764578604268,0.12700000032782555,0.011487842782687128
50,7.472673606872559,0.0055558349634512805,0.12775735333561897,0.011435172878233821
51,7.471960067749023,0.0056546181718522244,0.12860576882958413,0.01146473939286927
52,7.471274137496948,0.005639675006202491,0.12906839400529863,0.011154278138922238
53,7.470535707473755,0.005722879748384376,0.12977430671453477,0.011479851353736
54,7.469747829437256,0.005814962127763076,0.13059659153223038,0.011934110364957461
55,7.468995428085327,0.005854397083558104,0.13127790316939353,0.011731477919678018
56,7.468242979049682,0.00597076629917499,0.13182565644383432,0.012005514470057559
57,7.4674577713012695,0.006132830011990009,0.13257004395127298,0.012573411009976705
58,7.466712474822998,0.006258854836085367,0.1334480933845043,0.012891712018994975
59,7.466004467010498,0.006343819162821426,0.13380208164453505,0.01293070548733933
60,7.465288352966309,0.006355894319768694,0.1347079925239086,0.012931688452162932
61,7.464487361907959,0.00645680567844203,0.13593750074505806,0.013166730363069118
62,7.463708162307739,0.0065423749227836005,0.1365823417901993,0.01315032432800499
63,7.462978315353394,0.00664453611117229,0.1375,0.012903216342341461
64,7.462269306182861,0.006719491972622249,0.13819711431860923,0.01277357659928728
65,7.461463165283203,0.00683516656609356,0.13932291716337203,0.012850289895095901
66,7.460705804824829,0.0069333128593530805,0.13990205228328706,0.012951647428863703
67,7.459972858428955,0.007116786330938801,0.14037224426865577,0.013249702313588786
68,7.459271478652954,0.00723689227958553,0.14087409377098084,0.013427274827305394
69,7.458460092544556,0.007424684399097115,0.14185267984867095,0.01335694872088362
70,7.457767152786255,0.007572044625985502,0.14247359037399293,0.013622735167646742
71,7.4570458889007565,0.007641494143686872,0.14327256977558137,0.01375403018244284
72,7.4563226222991945,0.007707512256142603,0.1439426377415657,0.013805325099520902
73,7.455624103546143,0.007818339864801582,0.14457347989082336,0.013850256649725473
74,7.454879665374756,0.007854699540670017,0.14529166668653487,0.013725495687917947
75,7.454105710983276,0.007974328124275004,0.14638157635927201,0.01363433768388211
76,7.4533812522888185,0.008179636308421508,0.1467735379934311,0.013824558093964984
77,7.452577066421509,0.008306893550632567,0.14729567468166352,0.014010045433658455
78,7.4518163204193115,0.00848390597127265,0.1480419307947159,0.014252175668380022
79,7.4510190963745115,0.00866357506470985,0.1490429684519768,0.014655074882131245
80,7.450208330154419,0.008795683058225626,0.14988425970077515,0.014385772088564423
81,7.44942536354065,0.009022884705414928,0.15072408467531204,0.014927536203829632
82,7.4485753059387205,0.009308902419190902,0.15143072307109834,0.015303834966547893
83,7.447848320007324,0.009353955746102467,0.15189732164144515,0.015084741788706774
84,7.447047424316406,0.00963562956245276,0.1525919109582901,0.015788015877345338
85,7.446319437026977,0.009851080476727909,0.1532885178923607,0.016513574701544347
86,7.445546817779541,0.00990965508694045,0.1541487067937851,0.01628309330249822
87,7.444749355316162,0.010114386458031687,0.15472300946712494,0.016557842075213908
88,7.443912410736084,0.010376062949431048,0.15551263839006424,0.017081558870107674
89,7.443155002593994,0.01061281358812782,0.1559722200036049,0.017718772350446475
90,7.442310857772827,0.010865357099934964,0.15695398449897766,0.0181140324948902
91,7.441481733322144,0.011141933446000661,0.15777853280305862,0.01872011046522953
92,7.44066014289856,0.011357473754965059,0.15866935402154922,0.018618510289630977
93,7.439879512786865,0.011668925450400967,0.1594248667359352,0.01902795526111199
94,7.439026117324829,0.011922913032829807,0.16018092036247253,0.019381620049525823
95,7.438145589828491,0.01221816206644097,0.1611328139901161,0.019704246692302623
96,7.437286043167115,0.012384322127668464,0.16206507682800292,0.020028634182146118
97,7.436450386047364,0.012584242810597451,0.16272321492433547,0.02015094385710999
98,7.435621833801269,0.012929970502361294,0.16333648860454558,0.020381988103556948
99,7.434786176681518,0.013177711359912046,0.1640312507748604,0.020772541144504282
100,7.342530155181885,0.048843372785715745,0.3047495998442173,0.11195926782832684
101,7.342573595046997,0.04883834734318082,0.3043147690594196,0.11167361454421434
102,7.342572641372681,0.04882808121563459,0.3037186019122601,0.11132224825355906
103,7.342555570602417,0.0488346428298276,0.30339313894510267,0.11113553047514003
104,7.342536544799804,0.04883104213171107,0.3029844954609871,0.11055634522221902
105,7.34245924949646,0.04890075004181584,0.3026964545249939,0.11027436537505024
106,7.342405509948731,0.04890303747228536,0.30237366184592246,0.10998401420407054
107,7.34235634803772,0.04891561119837959,0.30187404826283454,0.10954383004289116
108,7.3422324657440186,0.04899091485813138,0.3017397865653038,0.109402840709608
109,7.34212851524353,0.04912397571235481,0.30147556513547896,0.10911668084340566
110,7.3420548915863035,0.049155843135729765,0.3011771284043789,0.10881517655659553
111,7.341910028457642,0.049288269934755206,0.30104940161108973,0.10864380403854754
112,7.341786098480225,0.0493656267504603,0.3006462335586548,0.108283534699265
113,7.341603517532349,0.049516529395378955,0.3005231224000454,0.10805129812686458
114,7.341421365737915,0.04964964598410238,0.3003832116723061,0.1076834243817327
115,7.34120454788208,0.04988555471397739,0.3001088574528694,0.10765512898697947
116,7.34095139503479,0.05015839991623523,0.2999639257788658,0.1074283709333128
117,7.340695762634278,0.050414354817040166,0.2999103307723999,0.10733039167519022
118,7.34044303894043,0.05054824918116838,0.299741443246603,0.10690266057247892
119,7.340181732177735,0.050832905862997095,0.29951241314411164,0.10676750338466706
120,7.3399676322937015,0.05098411799706239,0.2992947854101658,0.10659207409721183
121,7.3396398544311525,0.0513145859872831,0.29932503774762154,0.10643028939241832
122,7.3393279075622555,0.051657377190611024,0.2991718962788582,0.10627249796620598
123,7.338967943191529,0.051973675125575214,0.29908980801701546,0.10613349969151538
124,7.338613700866699,0.052327549867199494,0.2989224150776863,0.10581328825424215
125,7.338223934173584,0.052626841594096016,0.29908264651894567,0.10570136094179797
126,7.337796926498413,0.053117315447933425,0.2990194447338581,0.10569656776301889
127,7.337423276901245,0.05338451771060669,0.2990078032016754,0.10554957225585868
128,7.336969661712646,0.053862906438797924,0.2990468919277191,0.10548249586927146
129,7.336544942855835,0.05426848574570242,0.29895973280072213,0.10530939783168887
130,7.336093902587891,0.05473446949994059,0.29883177727460863,0.10523278971974194
131,7.335603284835815,0.05524276496037857,0.2988794811069965,0.10505522518077334
132,7.33512544631958,0.05579152888586331,0.2986789919435978,0.1050682248986596
133,7.334543228149414,0.05645606832744124,0.2987844929099083,0.1049432892133074
134,7.334076166152954,0.05685216413068098,0.298782679438591,0.10481872957078804
135,7.33348126411438,0.05745780280839544,0.29884590655565263,0.104867105839948
136,7.3328691005706785,0.058243539953746176,0.2988357126712799,0.10499885546340636
137,7.33225998878479,0.05893820823654883,0.2988577879965305,0.10485578940836257
138,7.331606197357178,0.05959427342154587,0.298879636824131,0.10485071779923519
139,7.330917501449585,0.06037984094175969,0.29903662502765654,0.10480121960656903
140,7.330169343948365,0.06126675996227851,0.29924746677279473,0.10473611892623717
141,7.3294665813446045,0.06212657745141249,0.2994482934474945,0.10457639914799968
142,7.328749561309815,0.06298906434575376,0.29952948465943335,0.10459087521292726
143,7.328067255020142,0.06372599633667418,0.29962547570466996,0.10446959317573934
144,7.327175188064575,0.06489084544428211,0.2998757764697075,0.10462485111357085
145,7.326416397094727,0.06575338213916467,0.30012361258268355,0.1045382138932353
146,7.325549793243408,0.06685830530645588,0.30036131888628004,0.10469041020637883
147,7.324663925170898,0.0679470399033205,0.3005278453230858,0.10455361165315416
148,7.323767900466919,0.06890847484238534,0.30076126381754875,0.10459997413864716
149,7.322907829284668,0.0698469743487788,0.30098485127091407,0.10450844064716815
150,7.322135972976684,0.07051194366218248,0.30125904977321627,0.1042938406640496
151,7.321167039871216,0.07150419350504356,0.30155312120914457,0.10431898843388401
152,7.320091772079468,0.07274293642218607,0.3019713222980499,0.10445747099837806
153,7.319120931625366,0.07363245983194844,0.30223691612482073,0.10439774959806107
154,7.318065977096557,0.07475949916791713,0.30256656631827356,0.10434755177188317
155,7.317072486877441,0.07575374521193388,0.3028415784239769,0.10431523953675423
156,7.316045331954956,0.07672652471022144,0.3031140103936195,0.10425611726778042
157,7.315042018890381,0.07768336197786628,0.30352975353598594,0.10421243039783348
158,7.313939094543457,0.07894151146095377,0.3038545250892639,0.1042740304731447
159,7.312866449356079,0.07986982063496839,0.304169075191021,0.1041761890915578
160,7.31162576675415,0.08122194147921187,0.30463176071643827,0.10426343137960757
161,7.310451316833496,0.08249166348945054,0.30486110746860506,0.1043045045039141
162,7.309293985366821,0.08360431296342972,0.3052950367331505,0.10425247149144419
163,7.308143281936646,0.0845366009083351,0.3056398943066597,0.10412389366933819
164,7.306866884231567,0.08552828560927878,0.3062217503786087,0.10391535475716444
165,7.305445909500122,0.0869314208807819,0.3067350938916206,0.10400549539199891
166,7.304281711578369,0.08775898607671123,0.30720184892416,0.10400030485439202
167,7.303111362457275,0.08852215083046729,0.3075599178671837,0.10380109149580397
168,7.301819753646851,0.08947378535411099,0.30794950425624845,0.10380569622067949
169,7.300439453125,0.09058081135081228,0.308459946513176,0.10392793671637338
170,7.298951292037964,0.09191510207961094,0.30892464369535444,0.10404787161324808
171,7.297563886642456,0.0929910675660806,0.3094263419508934,0.10391938436268014
172,7.295994663238526,0.09418848535648207,0.3099441096186638,0.10391762608555226
173,7.294422340393067,0.09544826994948084,0.3104845255613327,0.10404823766229175
174,7.292807912826538,0.09692115986709399,0.3109121635556221,0.10418098765401379
175,7.291311120986938,0.09805241461608839,0.3112688422203064,0.10427786609736925
176,7.28968391418457,0.09932082576906416,0.3116894423961639,0.10438925914622886
177,7.287993049621582,0.10047277379652982,0.31229322254657743,0.10438648944961834
178,7.286322546005249,0.10145175519708739,0.3128387346863747,0.10435950853712102
179,7.284709024429321,0.10229843660982628,0.3133730158209801,0.10434808564045982
180,7.283125686645508,0.10347082153159398,0.3137908339500427,0.10447256774732565
181,7.281306457519531,0.10466504101548683,0.31452649980783465,0.10442635756736789
182,7.279564476013183,0.1057007102823341,0.3151058003306389,0.10433140700591188
183,7.277814865112305,0.10658499964791111,0.3157778337597847,0.10432389343549896
184,7.275878429412842,0.10745305228105693,0.31643135100603104,0.10426636328765743
185,7.274008131027221,0.10838497231182125,0.3169504627585411,0.10417347099076722
186,7.272012853622437,0.10979334601200703,0.3175102800130844,0.10436232187281023
187,7.270100116729736,0.11081890644607627,0.3181870549917221,0.10439165717325541
188,7.267924976348877,0.11197472592771415,0.3189283847808838,0.10435029354389048
189,7.2658251285552975,0.11326972401377532,0.31959390789270403,0.10442575419870832
190,7.263829183578491,0.1143196685074292,0.3201529338955879,0.10447680690057824
191,7.261708784103393,0.11543007775180539,0.3207766830921173,0.1045339965359844
192,7.259511137008667,0.11658895924246887,0.32149573415517807,0.10445538263228869
193,7.25724720954895,0.11765063869604962,0.32216533571481704,0.10432301189827582
194,7.254889631271363,0.11883338797031602,0.3228233799338341,0.1043513279428778
195,7.252574348449707,0.12006950980668325,0.3235939085483551,0.10431983155625323
196,7.250244283676148,0.12116628881870123,0.3242904722690582,0.10436700758790078
197,7.247926235198975,0.12222665677962762,0.3249692663550377,0.10439867190209817
198,7.245544576644898,0.12338535006711056,0.3256733611226082,0.10438410129334152
199,7.243145608901978,0.12440879979444722,0.32636585384607314,0.10430039601743334
200,6.487090682983398,0.535984824076908,0.6157690763473511,0.13705043031429004
201,6.48810772895813,0.5353084367234372,0.614978289604187,0.13691941614928474
202,6.488879013061523,0.5347355689918861,0.6143151521682739,0.13686613391553634
203,6.489573287963867,0.5342498190580414,0.6136700570583343,0.13692646937214875
204,6.489791822433472,0.5339359382447959,0.61330426633358,0.1367715642804616
205,6.489969205856323,0.5335373743662916,0.6129622519016266,0.13657992643970546
206,6.490035772323608,0.5331748283697151,0.6126052796840668,0.1365715744169929
207,6.490620708465576,0.5325867695399719,0.6119197070598602,0.1364497718637212
208,6.490986347198486,0.5320727064095059,0.6114126414060592,0.13613263890351743
209,6.491308212280273,0.5315798943891324,0.6108458638191223,0.1359405729840695
210,6.491322422027588,0.5309324285685799,0.6105941742658615,0.13553324523160523
211,6.491433715820312,0.5301983591942867,0.6102340281009674,0.1352701681670428
212,6.491676473617554,0.5293192681058263,0.609656572341919,0.13477843806971915
213,6.491589832305908,0.5289709699591516,0.6092694580554963,0.1349020880101221
214,6.490991878509521,0.5290153583315494,0.6091697096824646,0.13490919211371577
215,6.490452003479004,0.5284745974018809,0.6089803993701934,0.13458385495455244
216,6.490110683441162,0.5281797518357442,0.6087662369012833,0.13448375079470373
217,6.489742612838745,0.5278509177321611,0.608402082324028,0.1344507073589001
218,6.4891472339630125,0.5276392659797702,0.6083184659481049,0.13412465505203
219,6.488458299636841,0.5273752647368141,0.6081117033958435,0.1340275191276827
220,6.487842178344726,0.5270438563976995,0.6078896343708038,0.13387874709543363
221,6.486709880828857,0.5267872899012342,0.6080732822418213,0.13365329071162807
222,6.485868644714356,0.5263265057385058,0.6079323649406433,0.13338668981805168
223,6.485069036483765,0.5258211878515917,0.6078883528709411,0.13314285302769263
224,6.4840765476226805,0.5254189542346469,0.6078017264604568,0.13297940830440352
225,6.483239555358887,0.5247238683198046,0.607707467675209,0.132716018264769
226,6.4824056148529055,0.5239933449856173,0.607520467042923,0.1325114056537193
227,6.481371545791626,0.5234675749026814,0.6074711680412292,0.13240546998398922
228,6.48032774925232,0.5230466718070952,0.6072958886623383,0.1323127780344113
229,6.479506206512451,0.5224406626851932,0.6072567075490951,0.13209457400090016
230,6.478357553482056,0.5215846018401618,0.6072930604219436,0.13165950198926146
231,6.477209281921387,0.5206659053441843,0.6072460114955902,0.13127348030600527
232,6.475745296478271,0.5199616914408283,0.6073563367128372,0.131114073612288
233,6.47454514503479,0.519078976737991,0.6073669523000718,0.13087008956485766
234,6.473195552825928,0.5183592537792778,0.6073856145143509,0.13060649086044718
235,6.471985626220703,0.5176860863230053,0.6073553174734115,0.1304008583466683
236,6.470421028137207,0.5170361269750483,0.6074789762496948,0.1301219304087541
237,6.468828773498535,0.5163632328479176,0.6077300518751144,0.12991375610699937
238,6.46707968711853,0.515683568039454,0.6079465389251709,0.12975258611460055
239,6.465577554702759,0.5150298387555637,0.608041399717331,0.12960157159466643
240,6.463730764389038,0.514313563928295,0.6083333313465118,0.1291728404236347
241,6.461704874038697,0.5136404935543691,0.6086538463830948,0.12884632246023606
242,6.460128211975098,0.5130450626614295,0.608649629354477,0.12861944340215684
243,6.458467483520508,0.5123818075817723,0.608770290017128,0.1284384485088438
244,6.456575489044189,0.511766738884317,0.6090062111616135,0.12833620601077564
245,6.454763650894165,0.5108297418297536,0.6091857314109802,0.12813519632435244
246,6.4528483867645265,0.5100392261826245,0.6094403475522995,0.12799866067620366
247,6.450917387008667,0.5093232923569179,0.6095700740814209,0.12793646754430754
248,6.44865574836731,0.5088842838155003,0.6099269181489945,0.12789156031736823
249,6.4468104362487795,0.5081030774083924,0.6101969659328461,0.12768673367311298
250,6.4449268817901615,0.5073406651143247,0.6104568719863892,0.12751755961494018
251,6.443022203445435,0.506324617011989,0.6106317520141602,0.12717940333995112
252,6.44109263420105,0.5055533086512598,0.6109318971633911,0.1270429905609538
253,6.439162397384644,0.5046193123413997,0.6112068921327591,0.12680735153170306
254,6.437050724029541,0.5036801991895814,0.6114127218723298,0.12665148627860812
255,6.4351400375366214,0.5027880391564622,0.6116018891334534,0.12644719129414106
256,6.433173751831054,0.5016186654404978,0.6118991762399674,0.1261406182222265
257,6.431423664093018,0.5008149698575717,0.6120551377534866,0.12598939921749377
258,6.429472398757935,0.4996790723396314,0.6123765975236892,0.12570210963401288
259,6.427471590042114,0.49902199690357063,0.6126661866903305,0.12550333006830788
260,6.424984169006348,0.49816156794777067,0.6130394101142883,0.12524123593223707
261,6.422790288925171,0.4973215734273525,0.6132803529500961,0.12503333353706764
262,6.4205680847167965,0.49624772180970894,0.613604611158371,0.12493491723925182
263,6.418581914901734,0.4951513246948351,0.6138620883226394,0.12468094364916922
264,6.416359615325928,0.49402864343443925,0.6141525447368622,0.12444183804764862
265,6.414112854003906,0.49305206001153457,0.6144895911216736,0.12425985955570441
266,6.411859083175659,0.49202098137680045,0.6148656278848648,0.12406498140068593
267,6.409964323043823,0.49113935426259664,0.6151198446750641,0.12381024050547507
268,6.407953548431396,0.4897813119874223,0.615413424372673,0.12344897582747304
269,6.4058393955230715,0.48851777581094163,0.6157182306051254,0.12321612590098212
270,6.403580188751221,0.487450635421993,0.6159515976905823,0.12299259150505963
271,6.40120849609375,0.4861351347260317,0.6163745850324631,0.12268795535654549
272,6.398866319656372,0.4848898120679107,0.6167257308959961,0.12251017237071145
273,6.396376466751098,0.4838791805920028,0.6171349078416825,0.12244914562434725
274,6.39413366317749,0.48286351837088,0.61743243932724,0.12227537868995249
275,6.391728687286377,0.4818262258639054,0.6178215891122818,0.12207515923173592
276,6.389875888824463,0.48095544247430727,0.6180801182985306,0.12196519602755172
277,6.387720584869385,0.4798454195479564,0.6183764576911926,0.1218950103624724
278,6.38524374961853,0.4784416472428713,0.6187765777111054,0.12154332817687599
279,6.382974290847779,0.4772562178581081,0.6190740704536438,0.12128120629035428
280,6.380462026596069,0.4760628414524575,0.6194546908140183,0.1210539631665646
281,6.377788257598877,0.4749324286388554,0.6199567168951035,0.12081490344898428
282,6.375374889373779,0.4736997005680474,0.6203304618597031,0.12049629852245154
283,6.372853708267212,0.4723019255728885,0.620837664604187,0.12023578079676989
284,6.3702491283416744,0.4712068642277805,0.6212888538837433,0.12003208397857582
285,6.3677221775054935,0.4700700449105354,0.6216653853654861,0.11976805684537985
286,6.365310001373291,0.46912584899940235,0.6220580637454987,0.1195205195964107
287,6.363233423233032,0.46808203659575903,0.6224155515432358,0.1193709109865257
288,6.36049222946167,0.46675689476379545,0.6229739993810653,0.11905198874150756
289,6.358186483383179,0.4657209227363405,0.6233565926551818,0.11892277768503735
290,6.355759811401367,0.4644200173062345,0.6237740099430085,0.11858767993840769
291,6.353149271011352,0.4632092846156167,0.624219536781311,0.11842608638544641
292,6.350579404830933,0.46190945289570046,0.6246740281581878,0.11815885389126358
293,6.348351097106933,0.4606154640818102,0.624981266260147,0.11788860053807948
294,6.345866107940674,0.45946027250132376,0.6253731340169907,0.11765388261604545
295,6.3437121391296385,0.4582111584860416,0.6257371217012405,0.1174497364001206
296,6.341911458969117,0.4570003986033499,0.6259439796209335,0.11721680639001977
297,6.339571571350097,0.45563232399422826,0.6263704568147659,0.11685509842423494
298,6.337513160705567,0.4545176028170395,0.626658919453621,0.11663485978794204
299,6.335375881195068,0.4532391204562719,0.6269939064979553,0.11627624045119596
300,5.511221885681152,0.1199787939780427,0.8239964246749878,0.03836056969035794
301,5.512226247787476,0.12026228715786287,0.8235485792160034,0.038328366995221484
302,5.513168859481811,0.1202596553624161,0.8230867385864258,0.03833795905591864
303,5.514379978179932,0.12041916570236348,0.8225818991661071,0.03842086084075222
304,5.515624904632569,0.12043722162509951,0.8219961225986481,0.038461039379334615
305,5.517046117782593,0.12059727506036237,0.8214175701141357,0.038511269344548224
306,5.517755460739136,0.12077795953175595,0.8211045265197754,0.038692038687557107
307,5.518990898132325,0.12105393148014633,0.8206240415573121,0.03882747435538757
308,5.51954870223999,0.12123111563627426,0.8202439427375794,0.038910787053497084
309,5.520152378082275,0.12127171274658717,0.8199060082435607,0.038939241290445716
310,5.520932245254516,0.1215243123147419,0.8195908010005951,0.03898532368667476
311,5.5220215797424315,0.12124704955915197,0.8191214680671692,0.038820390040515074
312,5.522636222839355,0.12122784871375827,0.8187776982784272,0.03884732570185082
313,5.523323631286621,0.12137240029289913,0.8184012532234192,0.038958608547821426
314,5.524335718154907,0.1216473163256244,0.8179470837116242,0.03898674158659486
315,5.524823474884033,0.12168072583974837,0.8177793860435486,0.03888203733872918
316,5.52560772895813,0.12141187128518019,0.8173611164093018,0.038872099579319766
317,5.52636137008667,0.12133365409806951,0.8170821309089661,0.038893097672337264
318,5.527503585815429,0.1213788132589918,0.8165567100048066,0.0389636257073876
319,5.5281054973602295,0.12162202824011042,0.8162765979766846,0.03913394216576009
320,5.528533029556274,0.12136554015895203,0.8159996390342712,0.03894147171745156
321,5.528602933883667,0.1212617545973608,0.8159186542034149,0.03884909724421966
322,5.529332685470581,0.1211610126250803,0.815568345785141,0.0388552921251328
323,5.530242586135865,0.12106978806228134,0.8151438951492309,0.03887149470961726
324,5.530891227722168,0.12132452646408938,0.8147068858146668,0.03891751093638574
325,5.531389665603638,0.12131910206777875,0.8144290149211884,0.038975858701003605
326,5.532087564468384,0.12113875798305031,0.8140859425067901,0.03887659980237916
327,5.532444953918457,0.12118338626661634,0.8138059794902801,0.03891316818138477
328,5.532903051376342,0.1210544003899956,0.8134278059005737,0.03893934966135708
329,5.532932949066162,0.12087632154219762,0.8133305311203003,0.03883225325314551
330,5.533216571807861,0.1209769408405547,0.813109141588211,0.03887980804221419
331,5.533378839492798,0.12114465497700336,0.8129731118679047,0.03894436238911257
332,5.533730792999267,0.12152639695449176,0.8127559423446655,0.0391338379023415
333,5.533984994888305,0.12117210438879271,0.8126314043998718,0.03888672547059136
334,5.53373703956604,0.1211117785766818,0.8125,0.03890159648448981
335,5.534111642837525,0.12063600642587448,0.8122480511665344,0.03881203571515663
336,5.5345988273620605,0.12044773450130243,0.8119097650051117,0.03876548848497691
337,5.534978628158569,0.1204970881528277,0.8118001818656921,0.038774459106770874
338,5.535209131240845,0.11993372893797329,0.8115957260131836,0.0385795573485096
339,5.535205507278443,0.11963984552476908,0.8113694250583648,0.03858764115418358
340,5.535266542434693,0.11962546552093213,0.8110979080200196,0.03871621947634358
341,5.5355936050415036,0.11963551153631868,0.8109315931797028,0.03871978786566486
342,5.53572826385498,0.11945354848641446,0.8107747733592987,0.03865158686807881
343,5.535681104660034,0.11887276394692467,0.81072096824646,0.038445399674532185
344,5.535732889175415,0.11863791847967937,0.8106288909912109,0.038463481661530616
345,5.535901927947998,0.11883027932363685,0.8104449927806854,0.03849621765540841
346,5.535673141479492,0.11863512464188583,0.8104243457317353,0.03840722180173911
347,5.5356837749481205,0.1185107972282345,0.8103427231311798,0.03840442181860527
348,5.535693788528443,0.1180718347418742,0.8103075504302979,0.03830942016518071
349,5.536122560501099,0.11830731951693914,0.8101136386394501,0.03839463748092881
350,5.535901689529419,0.11822351083071736,0.8100799202919007,0.038363656842403844
351,5.535642480850219,0.11838931414416562,0.8100465178489685,0.03846982919863735
352,5.535844087600708,0.11820401839873063,0.8098491549491882,0.03841778781609176
353,5.535732173919678,0.11762552648709862,0.8098766326904296,0.038174062128905326
354,5.535339641571045,0.11736470717352057,0.8099038362503052,0.038091123827671755
355,5.535082530975342,0.1171438490471589,0.8098056554794312,0.03801914478023402
356,5.535064363479615,0.11706152536624098,0.8097376942634582,0.0380664750286545
357,5.534565830230713,0.1167771703210233,0.8098599731922149,0.037964093582756736
358,5.5340423583984375,0.11667368661723825,0.809886771440506,0.03795372340413402
359,5.534163522720337,0.11635182951951781,0.8097109854221344,0.03788294511983445
360,5.5340197563171385,0.11623529980454878,0.8096015632152558,0.03781472802600317
361,5.53345308303833,0.11611209980406292,0.8096864283084869,0.03783104590630442
362,5.532888317108155,0.11578009430990886,0.8096992552280426,0.037819514490158114
363,5.532786273956299,0.11556615406823693,0.8095629930496215,0.03775020364712145
364,5.5325836658477785,0.1151401292294764,0.8094844579696655,0.03758271761302323
365,5.5319843769073485,0.11495691392637841,0.8095542788505554,0.037496040539557365
366,5.531819868087768,0.1148136438488907,0.809448492527008,0.03743212977838341
367,5.531560897827148,0.11434417657987367,0.8094760239124298,0.03728988075445904
368,5.531031322479248,0.11390393156363601,0.8095380067825317,0.03723400882340502
369,5.530744457244873,0.11367079460923243,0.8094820559024811,0.037142028026196976
370,5.530429553985596,0.11323485103060489,0.8095365822315216,0.037082666337832006
371,5.530111694335938,0.11295204626347909,0.8094879567623139,0.03706610143500948
372,5.529857158660889,0.11267895180105714,0.8093715786933899,0.037029542652558506
373,5.529528999328614,0.11263626702123343,0.8092969596385956,0.037038615593134365
374,5.528976964950561,0.11227335894660498,0.8093378424644471,0.03691631610200913
375,5.528718137741089,0.11215356769506679,0.8092707097530365,0.03695467138779903
376,5.528373050689697,0.11203382889215852,0.8092108726501465,0.03697740148586951
377,5.5277551174163815,0.11213656562083259,0.8092716276645661,0.03700535919129373
378,5.527533054351807,0.1119317668386839,0.8092587709426879,0.03688913220736163
379,5.527307415008545,0.1117825363550119,0.8092592656612396,0.03684524006070854
380,5.526827573776245,0.11115588705404326,0.8093256056308746,0.03660425736893854
381,5.526496171951294,0.1110261453000758,0.8093061447143555,0.03660167118514766
382,5.526228570938111,0.1109454092616796,0.8092868387699127,0.03658917163137069
383,5.525750923156738,0.11086907086834323,0.8093717515468597,0.036591743014334634
384,5.525239086151123,0.11063281068315692,0.8093782305717468,0.03656709034942661
385,5.524542760848999,0.11022179577696348,0.8095394790172576,0.03644877517296629
386,5.524167728424072,0.11003619028894905,0.8095259547233582,0.03632374361645862
387,5.52338981628418,0.10992058546573442,0.8096212863922119,0.03631486194872704
388,5.522984790802002,0.10960226976014374,0.8096648752689362,0.03616226813503596
389,5.522283124923706,0.10922814067414927,0.8097525298595428,0.0360452469801306
390,5.521848058700561,0.10920835996649125,0.8097889304161072,0.036056720616631704
391,5.521220302581787,0.10883610776114844,0.809887957572937,0.03599096675441081
392,5.520902633666992,0.1083853160686302,0.8098671019077301,0.03582716152537737
393,5.520765542984009,0.10779928339810187,0.8097902119159699,0.03564195522244272
394,5.52025294303894,0.1074838637307302,0.809782338142395,0.03547917318561819
395,5.519860935211182,0.10761347308955119,0.8097993075847626,0.03554943695970961
396,5.519478178024292,0.10773261165072028,0.8098161399364472,0.035550624273251154
397,5.5188768863677975,0.10756453128193272,0.8098758578300476,0.03549562805681379
398,5.518347311019897,0.10775760917062056,0.8099412381649017,0.03549970881121197
399,5.5179461479187015,0.10795477678211328,0.8099573194980622,0.03560154244677915
400,5.2356363296508786,0.06074022690776717,0.8783286988735199,0.025548109823174316
401,5.2368003845214846,0.06090265205493387,0.8779818296432496,0.02572029035286932
402,5.2378520488739015,0.0609500082079076,0.8776785671710968,0.02571243863030726
403,5.238887166976928,0.06129844300988882,0.8772620975971221,0.02572683480186686
404,5.23953652381897,0.06111101697873977,0.8769864439964294,0.0256138837528176
405,5.240277528762817,0.061326242062482404,0.876694917678833,0.025707044495659626
406,5.2410900592803955,0.06180145673369115,0.8763303995132447,0.02577488190564408
407,5.242114877700805,0.06187391521155041,0.8759417831897736,0.025807186908475083
408,5.242486381530762,0.06184570848475127,0.875756424665451,0.025764420341234162
409,5.243477821350098,0.06202402463658702,0.8753759384155273,0.025699691174621998
410,5.243874502182007,0.06227259083911191,0.8751588106155396,0.02585371489650687
411,5.244845199584961,0.06206746496537033,0.8747956871986389,0.025825531150554012
412,5.245160150527954,0.06183086128225898,0.8746307253837585,0.025716342359746493
413,5.245762681961059,0.06155016500588662,0.8743759214878082,0.0256251339730394
414,5.246204233169555,0.061384839241993894,0.8742244422435761,0.025467127201653065
415,5.246598434448242,0.06121583230511666,0.874056601524353,0.025327254817516444
416,5.247221946716309,0.06104471258347128,0.8737914860248566,0.02526351401766953
417,5.247618818283081,0.06092268584931313,0.8735383689403534,0.025132532904990134
418,5.248263692855835,0.06076330128282667,0.8732346534729004,0.025171853356341103
419,5.248392915725708,0.06059993640755153,0.8731737554073333,0.02521931040233925
420,5.24890832901001,0.06044784448722523,0.8728578925132752,0.02519110702678675
421,5.249574613571167,0.06061807972550256,0.8726507723331451,0.02520319293880074
422,5.2495959281921385,0.060681590979622044,0.8725505590438842,0.025174070579740606
423,5.249826145172119,0.06077228115790765,0.8723734378814697,0.02523350163184119
424,5.250535583496093,0.06043899850787027,0.8721293091773987,0.025138726200913963
425,5.250978755950928,0.06054218675478744,0.8718707144260407,0.025093793778614298
426,5.25107970237732,0.06028990390418589,0.871708732843399,0.0249706161435402
427,5.251156663894653,0.06035502127454667,0.8716587543487548,0.02501950892225421
428,5.251476097106933,0.05991554188538666,0.8715924382209778,0.024951121102318133
429,5.251601696014404,0.059967971407927485,0.8715100586414337,0.024834526402305088
430,5.252094793319702,0.05973965618459557,0.8712867140769959,0.024823081742844935
431,5.25232515335083,0.0599068059949374,0.8711072444915772,0.024780794631988227
432,5.252861833572387,0.059866945376535356,0.8708140671253204,0.024882007515654676
433,5.25303463935852,0.059914381791780665,0.8706389605998993,0.024805092525432212
434,5.253068828582764,0.059616612836632825,0.8705392122268677,0.024665658535656224
435,5.2536399364471436,0.05934977899732804,0.8703023493289948,0.024549942447996225
436,5.254128074645996,0.05926607733655665,0.87013258934021,0.02443462185742447
437,5.2542808055877686,0.05928867690919865,0.869964599609375,0.024402266414858924
438,5.254474306106568,0.05885063649957851,0.869774341583252,0.024251060261851188
439,5.254306793212891,0.0585572205408817,0.8697850286960602,0.024155881919521338
440,5.254177188873291,0.0586726694659146,0.8697480976581573,0.024150531268025875
441,5.25417914390564,0.05830231686895784,0.8696878910064697,0.024042129713615565
442,5.254504108428955,0.0584167810491173,0.8695185005664825,0.0241276748294667
443,5.25486307144165,0.05821956113705561,0.8693820238113403,0.024126359226388092
444,5.254844093322754,0.05772438165371987,0.8693012416362762,0.02393843943336445
445,5.255203199386597,0.05793360719892028,0.8692135334014892,0.023995595495213465
446,5.255576419830322,0.05798431875257693,0.8689575612545013,0.023916812817067146
447,5.255849075317383,0.05802467123980208,0.8687958955764771,0.02394650355758728
448,5.256154537200928,0.05803018923720036,0.8686053574085235,0.02390987662007857
449,5.256098127365112,0.05786705539331997,0.8684621155261993,0.023840951891384285
450,5.256370401382446,0.0575797030948679,0.8682825684547424,0.023778257955818692
451,5.256070709228515,0.05750805845107623,0.8682548046112061,0.023731007846802304
452,5.256305837631226,0.05712414795313005,0.8680406212806702,0.023488175309410584
453,5.256416463851929,0.05715173584387935,0.867873078584671,0.023420867886318527
454,5.256373453140259,0.05671345833578579,0.8677884638309479,0.023277281516294577
455,5.256214189529419,0.056584834922543646,0.8677782714366913,0.023239955074461652
456,5.256387376785279,0.05627126473618108,0.8676362812519074,0.023120411740813005
457,5.256362009048462,0.05631510582494569,0.8676123201847077,0.023149386674372826
458,5.256564378738403,0.05621119597239839,0.86753049492836,0.02304560662519061
459,5.256577682495117,0.05591786262947588,0.8673916220664978,0.02292468449508198
460,5.256679439544678,0.05557668878767236,0.8672684073448181,0.02279755173058077
461,5.256696319580078,0.05538904214493003,0.867103374004364,0.022732244276999613
462,5.256452941894532,0.05544989745014723,0.8670895159244537,0.02275849934512541
463,5.2564935207366945,0.05503777358827843,0.8670048296451569,0.022671334569173078
464,5.256484603881836,0.055043774980217106,0.8669844627380371,0.022561668937425842
465,5.256510782241821,0.05511411915249891,0.8669080436229706,0.02255161585103746
466,5.256268072128296,0.054912030693075375,0.8668532967567444,0.02243939468702762
467,5.256512928009033,0.054916179096871735,0.8667015135288239,0.02244830650632349
468,5.256816244125366,0.05486386929256774,0.8664886355400085,0.022450078021004148
469,5.256857585906983,0.054827058127113436,0.8663466811180115,0.02240300843293418
470,5.256704568862915,0.05445206148215234,0.8662678837776184,0.022247414291969143
471,5.256492376327515,0.05447296398905643,0.8662650644779205,0.02228147078356362
472,5.256383943557739,0.05447772423468463,0.8662009239196777,0.022314270358562597
473,5.256248950958252,0.05439106092868534,0.8661780595779419,0.022255186608710065
474,5.256237459182739,0.05406899904825488,0.8660608053207397,0.02212748025917456
475,5.25632004737854,0.05400589892652299,0.8659714818000793,0.022065960164901945
476,5.256428813934326,0.05389191074881716,0.8658628106117249,0.02196739350564148
477,5.2562497615814205,0.05396137463370314,0.8658684611320495,0.022011196810580416
478,5.256006813049316,0.053936633478411836,0.8658143043518066,0.02191384099594407
479,5.255836296081543,0.05369167154464718,0.8657076716423034,0.021800087955639407
480,5.2558962345123295,0.05363705389137739,0.8656678080558777,0.021749570910007142
481,5.255668067932129,0.05350966234479857,0.8656282782554626,0.02171140301728614
482,5.255345106124878,0.0538027085449357,0.8656282603740693,0.021819850536592144
483,5.255107641220093,0.053629337848277135,0.8655957341194153,0.021736107777296704
484,5.254767847061157,0.053550813710791303,0.8655958533287048,0.021708237956957126
485,5.2547704696655275,0.05347855407471839,0.8655443847179413,0.02168112707111675
486,5.254599761962891,0.0534282269207577,0.865499746799469,0.021693750022044104
487,5.254579687118531,0.05364583725809783,0.865417093038559,0.02179375580717389
488,5.254449415206909,0.05347817202038075,0.8653669774532318,0.02171748300485828
489,5.254274940490722,0.05358876558711168,0.8653553366661072,0.02173953706857192
490,5.2542823314666744,0.05349529191120128,0.8651857972145081,0.021686457706785636
491,5.253993320465088,0.053238806673119886,0.86520015001297,0.021598602273048703
492,5.253706789016723,0.05330210471151193,0.8651391685009002,0.021611602651347137
493,5.253502988815308,0.05296565404125639,0.8651348650455475,0.02147564666559241
494,5.253191995620727,0.052603570264964955,0.865167909860611,0.021385462116029735
495,5.252787017822266,0.052587579559707394,0.8651883006095886,0.021340179857737774
496,5.2525646686553955,0.052494951856808164,0.8651345074176788,0.021340491417415244
497,5.252284574508667,0.0522245065179402,0.8651057064533234,0.02120290974633421
498,5.252091598510742,0.05222151031535669,0.8650097906589508,0.021149903554625128
499,5.251779460906983,0.05195942194984905,0.8650182902812957,0.021079423557387143
500,5.050057506561279,0.030436485842394306,0.9116454720497131,0.009985169141909646
501,5.0509387969970705,0.030775333099252275,0.9113052904605865,0.01023497377640285
502,5.051881408691406,0.03110806698635807,0.9109890103340149,0.010404826163106794
503,5.052676677703857,0.031476832567838814,0.9106474220752716,0.010587767920546262
504,5.053540802001953,0.03151751808808498,0.9103197574615478,0.010580442010431963
505,5.054266452789307,0.03172202176978338,0.9100442886352539,0.010639075700754215
506,5.05502028465271,0.03154831411327051,0.9097626328468322,0.010591158595438802
507,5.055840921401978,0.03133977551572997,0.909408301115036,0.010596198147199523
508,5.056751918792725,0.03124241413211238,0.9090298771858215,0.010499145206153597
509,5.057289075851441,0.031251909017514304,0.9087218165397644,0.010490340101757133
510,5.057923603057861,0.03173041192655876,0.9084267616271973,0.010683209339717125
511,5.058234405517578,0.031707738103728574,0.908190929889679,0.0105729894645415
512,5.058821725845337,0.03204361356752656,0.9079578995704651,0.01070644557850822
513,5.059147834777832,0.03243477222076114,0.9076908946037292,0.010952702342703097
514,5.059823274612427,0.03224678127840115,0.9074726283550263,0.010893549695772806
515,5.060769271850586,0.0322900306503444,0.9071752607822419,0.010859861053815393
516,5.061208868026734,0.03185808670853316,0.9069715023040772,0.010716379175313191
517,5.061862659454346,0.0318542102626649,0.906680417060852,0.010694705965576484
518,5.06226601600647,0.03148393052108809,0.9064372479915619,0.01059282062327759
519,5.062600374221802,0.031188286666070337,0.9062765896320343,0.010576949750056392
520,5.062847375869751,0.03096741056639273,0.906108957529068,0.01052848906045736
521,5.0633025646209715,0.031125928698709823,0.9058204770088196,0.010532588963099858
522,5.063762521743774,0.03092685617982449,0.9055875182151795,0.010461411423421395
523,5.064076614379883,0.031242059840782745,0.9054178297519684,0.010451247300602961
524,5.064349508285522,0.03136439478595507,0.9052844762802124,0.010439388465105073
525,5.064588642120361,0.03142653844285143,0.9051268935203552,0.010532695028510692
526,5.065070056915284,0.03144281195828507,0.9048601686954498,0.010540069971219328
527,5.065644550323486,0.03185624744938332,0.904570895433426,0.010727155506858852
528,5.066055822372436,0.03191401281749181,0.9043522238731384,0.01069832516923999
529,5.066367053985596,0.03197978919167113,0.9041694581508637,0.01065248544093002
530,5.066868448257447,0.0315227339248098,0.9039719641208649,0.010526276328831661
531,5.06708083152771,0.03187210177556845,0.9037931561470032,0.01066691902152519
532,5.067255020141602,0.03175929949221403,0.903674054145813,0.010565598278530689
533,5.067564630508423,0.03172752636464819,0.9034822702407836,0.010513179139307077
534,5.06794114112854,0.03164751164509945,0.9032434582710266,0.010517200823574943
535,5.067999649047851,0.0317791252213212,0.9031534492969513,0.010515344142113093
536,5.068170213699341,0.031535035249384336,0.9029673337936401,0.010469748682955074
537,5.0683629512786865,0.031520298382577666,0.9028314054012299,0.010487428059774085
538,5.068739414215088,0.03147254937723466,0.9026008248329163,0.010384737978436075
539,5.069238519668579,0.032035684711311595,0.9022929906845093,0.010627966518085246
540,5.069410371780395,0.03188871587980641,0.9021466970443726,0.010575679228920505
541,5.069540023803711,0.03195919602798956,0.9019624769687653,0.010590368923362774
542,5.0699012756347654,0.031834895918584474,0.9016781687736511,0.010582721696175449
543,5.070120191574096,0.03181561958483523,0.9014903247356415,0.0106189469329144
544,5.07017068862915,0.031971784618836194,0.9013819932937622,0.010658430562942358
545,5.070090961456299,0.03195794737989252,0.9013210833072662,0.010654531233278738
546,5.070262050628662,0.03176246435043846,0.9011992573738098,0.010562634470234223
547,5.070430707931519,0.031824868603391204,0.9010556936264038,0.010570917028900166
548,5.070515060424805,0.03188929552872211,0.9008754551410675,0.010579527151062196
549,5.070677375793457,0.03155490749099503,0.900780302286148,0.010510164584519774
550,5.070756626129151,0.031222588753372655,0.9006408452987671,0.010326384426546107
551,5.071080064773559,0.03101670749611477,0.9004501760005951,0.01030234468933202
552,5.0712655544281,0.030740286591690445,0.9003136098384857,0.010282401941685237
553,5.071238851547241,0.030675645515941,0.9001263439655304,0.010233098401617418
554,5.071508598327637,0.03055051246968244,0.9000000119209289,0.010253215551232977
555,5.0715748310089115,0.0304969865657667,0.8998674809932709,0.010260484997040735
556,5.0716594696044925,0.030123734788252882,0.8997801899909973,0.010068441602428285
557,5.071532154083252,0.030063800658571317,0.8997228682041168,0.010048306205911605
558,5.071452283859253,0.030406217669674728,0.8997096478939056,0.010084479102030674
559,5.071553325653076,0.030470899236173046,0.8995375752449035,0.010064745987248137
560,5.071733903884888,0.030599575688662187,0.8993455171585083,0.0100846860771608
561,5.072062635421753,0.030536038879070828,0.8992053270339966,0.010105717075623456
562,5.071932983398438,0.03039334426127275,0.8991946935653686,0.010079338027336699
563,5.072292613983154,0.0302412210224915,0.899056476354599,0.010033589918846798
564,5.072101974487305,0.03025845731953868,0.8990254342556,0.010050596971594775
565,5.072058773040771,0.03027591321368393,0.8989876329898834,0.010019572442399299
566,5.072126960754394,0.030573302158689787,0.8988031864166259,0.010073653771774665
567,5.072088432312012,0.03024991576275739,0.8987527847290039,0.00988970784153661
568,5.072023534774781,0.030227542543482554,0.8986750781536103,0.009835222221836195
569,5.072355508804321,0.030405465723548464,0.8984944820404053,0.009837541693146186
570,5.072494649887085,0.030596513406605318,0.8983979642391204,0.00992139097154941
571,5.072793340682983,0.030698363286358145,0.8982270002365113,0.009987853191856228
572,5.0726189613342285,0.030474492823683207,0.8981529355049134,0.009964506050583568
573,5.072529458999634,0.030434425383922842,0.8980320274829865,0.009962264454222908
574,5.072212648391724,0.030430266427065776,0.8979999959468842,0.010010907406410594
575,5.071894359588623,0.030487685264903717,0.8979480564594269,0.010065562305378375
576,5.07186541557312,0.030563233740260678,0.8978429853916168,0.01006438385526668
577,5.071905136108398,0.030544675466078836,0.8976987779140473,0.01003262855264594
578,5.071714782714844,0.03038625286036871,0.8976819813251495,0.010002936877502325
579,5.071600008010864,0.03056597620582531,0.8975793600082398,0.01006552148360943
580,5.071640110015869,0.030794657762517493,0.8974249184131622,0.010200310605144333
581,5.071634721755982,0.030810770437795874,0.8973045647144318,0.010146778835555413
582,5.071545505523682,0.031088549627366617,0.8972243964672089,0.010281756592861391
583,5.071659326553345,0.030756662880905623,0.8971188843250275,0.010192464321554755
584,5.071522331237793,0.03061759047856393,0.8970012903213501,0.010167450631576338
585,5.071551656723022,0.030568325660711878,0.8969362676143646,0.010119023694199118
586,5.071471881866455,0.030519891897213942,0.8968910574913025,0.01011580298057182
587,5.071432733535767,0.03058742045982534,0.896839827299118,0.010112840217078777
588,5.071474361419678,0.03056242629470627,0.8967698812484741,0.01011657751994422
589,5.071418428421021,0.031015818808206433,0.8966751277446747,0.01026304669913462
590,5.071316289901733,0.03101795174754354,0.8966190576553345,0.010300769219584118
591,5.071024751663208,0.030949484721974996,0.896563446521759,0.01026032887319181
592,5.070903968811035,0.031007639129597097,0.8964581251144409,0.010229574084559224
593,5.070844841003418,0.03082681303920403,0.8963911056518554,0.010150839750821839
594,5.070718574523926,0.030749475762209263,0.896330839395523,0.010130985489418522
595,5.070529365539551,0.030581220548447474,0.8962896406650543,0.01009153854587372
596,5.070443153381348,0.030732179391313678,0.8962364256381988,0.010150753959722062
597,5.070316934585572,0.030802255826579035,0.8961897790431976,0.010202181907068538
598,5.070207214355468,0.030773908937790785,0.8961190104484558,0.01018318036446852
599,5.070182752609253,0.03067459020585924,0.8959877908229827,0.010129326584870148
600,4.917772674560547,0.024278715237335595,0.9222476124763489,0.008836041056943127
601,4.9184181690216064,0.024048267764225507,0.9220280349254608,0.008728846946980999
602,4.9193016529083256,0.024312126853864583,0.9217327237129211,0.00883118529284492
603,4.919818544387818,0.0243939960125462,0.9215581059455872,0.008922333494913321
604,4.920398998260498,0.02391410790006788,0.9213468849658966,0.008767108824619597
605,4.921067523956299,0.02357584062940934,0.9211382865905762,0.008672343053162059
606,4.921693277359009,0.02318971460710945,0.9208843767642975,0.008488179761178103
607,4.922062063217163,0.02300135021220298,0.9206811308860778,0.008430122331205023
608,4.922476005554199,0.023049058856651282,0.920518159866333,0.00846103810185683
609,4.9229835033416744,0.023083427521218957,0.9203665375709533,0.008441000451208457
610,4.923724842071533,0.023784208352491662,0.9200859546661377,0.008712501552465786
611,4.924161052703857,0.02362219954593383,0.9199108421802521,0.008682039785163208
612,4.924590063095093,0.023667929427101938,0.9197839736938477,0.008636911193879847
613,4.925414562225342,0.023762854688419835,0.9195484578609466,0.008776753742018622
614,4.926032781600952,0.023501556697348013,0.9193339407444,0.00871150662072502
615,4.926404047012329,0.023647549461833645,0.9191763460636139,0.008680715313039905
616,4.926815700531006,0.02363094397697969,0.9189935028553009,0.008666868403846277
617,4.927676200866699,0.023358152626783726,0.9186244547367096,0.008499416182964003
618,4.928381824493409,0.023703814322024334,0.9183131217956543,0.008623740994535415
619,4.929020786285401,0.0234168531702709,0.9180407822132111,0.008502352975433936
620,4.9295484066009525,0.0232856784389968,0.9178596556186676,0.008431020556492846
621,4.930134201049805,0.023045574457840827,0.9176279783248902,0.008280041811780797
622,4.930485773086548,0.022939797296762873,0.9174250364303589,0.00820550482826111
623,4.9306646347045895,0.02316596466752865,0.9173023581504822,0.00823413087523924
624,4.930703449249267,0.022897520237435475,0.9172068953514099,0.008193055716732749
625,4.931182241439819,0.022902279693259486,0.9170353293418885,0.008212376410036712
626,4.9314697265625,0.023244866696148173,0.916891199350357,0.008335366778534681
627,4.931696128845215,0.02358692593611061,0.9168249666690826,0.008296268125478996
628,4.931930160522461,0.024015658897854387,0.9167678833007813,0.008477620537738383
629,4.932263469696045,0.02407855767892207,0.9165939629077912,0.008504321250133434
630,4.932300233840943,0.02438928201982817,0.9165053367614746,0.008580714667840944
631,4.932564163208008,0.02456104346890998,0.916342967748642,0.008606605644333479
632,4.933035230636596,0.02465653146423936,0.916099739074707,0.008604651991528274
633,4.933143281936646,0.02459189634614264,0.9159822583198547,0.008602676426508861
634,4.933272933959961,0.024511526367767194,0.9158905208110809,0.008574265408035612
635,4.9334546566009525,0.024530980277430434,0.9157753646373749,0.008640608235697183
636,4.933775234222412,0.024631086792051563,0.915685647726059,0.008718711703593406
637,4.934134864807129,0.024657482492921105,0.9155083656311035,0.008720806448776153
638,4.934320735931396,0.024909864777026988,0.9153809309005737,0.008755582865840647
639,4.93445930480957,0.02514397955794739,0.9153184771537781,0.008791057244239824
640,4.934971809387207,0.0250275592142749,0.9151219964027405,0.0086908197784591
641,4.9350690841674805,0.02498315672588588,0.9150063097476959,0.0086708275819932
642,4.935171508789063,0.025070271204190146,0.9148290514945984,0.008758129383152072
643,4.93528299331665,0.02476713663324901,0.9147315859794617,0.008645134136731668
644,4.935232734680175,0.02480603486118561,0.914673912525177,0.008700204019666804
645,4.935247564315796,0.02480747151158999,0.9146168112754822,0.008743133451139145
646,4.935702514648438,0.024560314655211787,0.9144680142402649,0.008702265113183226
647,4.935830307006836,0.02476229201694285,0.9143206894397735,0.008731591941497844
648,4.9359410285949705,0.02451677221399803,0.9141976237297058,0.008609498384233215
649,4.93602614402771,0.024670802095631283,0.9140151679515839,0.00869282095897033
650,4.936425256729126,0.02516133539391121,0.9138721346855163,0.00881898059425168
651,4.936441278457641,0.02526908424511437,0.9137680113315583,0.008807087059256974
652,4.936506128311157,0.02526742814604943,0.9136723399162292,0.008790564607789106
653,4.936590099334717,0.025415479272293786,0.9135998785495758,0.008847580597952013
654,4.93688998222351,0.025256350667861267,0.9134023666381836,0.00882497211740069
655,4.937170696258545,0.02505863400535074,0.9132067084312439,0.008797643713484637
656,4.937257766723633,0.02486745576996228,0.9130422055721283,0.008721230541596648
657,4.937277221679688,0.024940315026807044,0.9129521608352661,0.008764030004137337
658,4.937146711349487,0.02465316549073994,0.912899249792099,0.008692652330628199
659,4.937183046340943,0.02465397679703132,0.9128034710884094,0.008646869824102989
660,4.937397623062134,0.02447920723341997,0.9126366674900055,0.008607934875292543
661,4.937507009506225,0.02489821168492169,0.912521481513977,0.00874339653447418
662,4.937453269958496,0.0248368627509642,0.9124144792556763,0.008765579371022106
663,4.937555456161499,0.02484136831024444,0.9122800827026367,0.00879772705094522
664,4.937674856185913,0.02505969719248341,0.9121610164642334,0.008827754016134165
665,4.9376490116119385,0.025063204681704865,0.912071144580841,0.008774542790505258
666,4.937879419326782,0.02474201869659515,0.9119610905647277,0.008643817991939
667,4.937936544418335,0.02458870484635736,0.9118589639663697,0.008568871962576866
668,4.937895393371582,0.024439000616115283,0.9118132591247559,0.008534107813290299
669,4.938075971603394,0.024319034018730857,0.9116574585437774,0.008555857178292372
670,4.938199377059936,0.024249921956360755,0.9115236520767211,0.008619226027829338
671,4.938147830963135,0.024436429026453602,0.9114868521690369,0.008681615596396347
672,4.937925958633423,0.024252604629077357,0.9114912748336792,0.008621456984934757
673,4.937797403335571,0.024249251155597472,0.9114278018474579,0.00860244992569808
674,4.93771800994873,0.02466602097883666,0.9113378286361694,0.008739309499287164
675,4.937814474105835,0.024659967395894853,0.9111948370933532,0.008766809075641705
676,4.937600040435791,0.024618785425813167,0.911233925819397,0.008660837713202783
677,4.937482595443726,0.024543536758318336,0.9111526191234589,0.008621557716796192
678,4.9371155261993405,0.02459292484946822,0.9112513303756714,0.008662527605250894
679,4.936842966079712,0.024515821337934517,0.9112698435783386,0.008646266959814346
680,4.936703252792358,0.02457056468525174,0.9112355172634125,0.008686804104867484
681,4.936771726608276,0.024383977188534838,0.9111293196678162,0.008559066498224905
682,4.936769008636475,0.024366024953716345,0.9109979093074798,0.008588852264340197
683,4.936598300933838,0.024504480838408192,0.9109781444072723,0.008651871324534627
684,4.936473608016968,0.024755575977378156,0.9109196782112121,0.00861657182982174
685,4.9363714218139645,0.024996130688198406,0.910861712694168,0.008693487822076604
686,4.936186218261719,0.02483047489928788,0.9108363330364228,0.00864971098979766
687,4.936043691635132,0.02457580613752495,0.9107599794864655,0.008594784542778035
688,4.935816907882691,0.024563695147092803,0.9107543349266052,0.008646474104624711
689,4.935845375061035,0.02446637822805454,0.9105393469333649,0.008601575697751891
690,4.935733795166016,0.024564951235442924,0.9104840695858002,0.008657001581695014
691,4.935704708099365,0.02462639543217936,0.910435551404953,0.008640163995557667
692,4.9355189323425295,0.024511749540024382,0.9103874146938324,0.008582816841637725
693,4.9354071617126465,0.02452851631840036,0.9102834641933442,0.00857391593902243
694,4.935107278823852,0.02440342903203978,0.9102549731731415,0.008461792963233771
695,4.935027456283569,0.02419065175167996,0.9101709604263306,0.008494172566929758
696,4.934627389907837,0.02403497988718683,0.9101616561412811,0.008436682778876024
697,4.934316349029541,0.024063058424954598,0.9101339757442475,0.008471719324744777
698,4.934072399139405,0.02403835601532882,0.910137128829956,0.008454698995281309
699,4.934051752090454,0.023973741234214984,0.9100548982620239,0.008448960873941537
700,4.7949646472930905,0.022973881171728727,0.9317965030670166,0.008049956213848694
701,4.795582962036133,0.023145900905627296,0.9315758347511292,0.00809998192558855
702,4.796213006973266,0.022763029826045722,0.9314167976379395,0.008015296178205247
703,4.796712636947632,0.022618839187849172,0.9312110006809234,0.008012114014067585
704,4.797055435180664,0.022844110922402766,0.9311240255832672,0.007996357811086641
705,4.797711324691773,0.022833712023634295,0.9308647871017456,0.008093764155315895
706,4.798093032836914,0.02305040419890047,0.9307714343070984,0.008136598491678493
707,4.798726177215576,0.022900228986325235,0.9305365324020386,0.00811285824998238
708,4.7991846084594725,0.0232408477517759,0.9302855491638183,0.00829178711999962
709,4.79962158203125,0.023254912900323662,0.930122184753418,0.008313075775115128
710,4.800061416625977,0.02320277340930533,0.9299794554710388,0.008206261696481558
711,4.80056586265564,0.022812037167850525,0.9298198461532593,0.008055092932594375
712,4.800992631912232,0.02275865412803279,0.9296805620193481,0.008096286071835474
713,4.801633739471436,0.022728442481380052,0.9295154213905334,0.008099962724981797
714,4.802021217346192,0.022814704673664095,0.9293521821498871,0.00819692094674535
715,4.802588891983032,0.022738638972669274,0.9291636407375335,0.008086181709290038
716,4.80280647277832,0.02282470693782574,0.9290223717689514,0.00816439244014681
717,4.80311336517334,0.02305794667093459,0.9289185702800751,0.008174135560771935
718,4.803344631195069,0.023333295553104268,0.9287714064121246,0.00819043767907386
719,4.803278684616089,0.023165877789941048,0.9287500023841858,0.008161168421316282
720,4.803313207626343,0.023077965340416215,0.9287200152873993,0.00810162304162269
721,4.803539609909057,0.023062255627768643,0.9286202728748322,0.008113597717879421
722,4.803786134719848,0.023435824795925538,0.9285477697849274,0.008186853408015124
723,4.804124116897583,0.02341130710463386,0.9283373713493347,0.008106198006291936
724,4.804306173324585,0.023287545364828084,0.928284478187561,0.008043459426945157
725,4.804841613769531,0.023469818727827503,0.9280778348445893,0.00817094354746273
726,4.805464887619019,0.023046780736030097,0.9278649389743805,0.008060646016216226
727,4.805738496780395,0.02267004074652032,0.927739143371582,0.007932148973796615
728,4.8058287620544435,0.02250708728236253,0.927715927362442,0.00781683025214012
729,4.8059721946716305,0.02262476487316348,0.9276426196098327,0.007817203537698578
730,4.807020950317383,0.02313729026565545,0.9272446572780609,0.007899176904047763
731,4.8072265625,0.022955589448374773,0.9270999312400818,0.00783454595751105
732,4.807333469390869,0.023081840493480648,0.9270475566387176,0.007826510626450291
733,4.807500267028809,0.02310738634755849,0.9269464492797852,0.007828105838353422
734,4.807813596725464,0.023086465531664938,0.9267810404300689,0.007855028895452249
735,4.807868576049804,0.022737408698568797,0.9267717778682709,0.007747292541241299
736,4.808342933654785,0.02267900817079848,0.9265928208827973,0.007673449038326529
737,4.80860390663147,0.02272847239004477,0.9264398396015168,0.0077593604640724245
738,4.808867645263672,0.02274990852717589,0.926280426979065,0.007742228505028862
739,4.809078645706177,0.02258481008911202,0.9260987222194672,0.007662255163109514
740,4.809321069717408,0.02275482406224436,0.9259743392467499,0.007683574723018482
741,4.80942554473877,0.022737019539720637,0.9258748531341553,0.0076149619093321096
742,4.809689664840699,0.02284024755109127,0.9257528245449066,0.007673658769265438
743,4.80989556312561,0.02287626502918484,0.9256320238113404,0.007741943975103288
744,4.809881544113159,0.022809447711963055,0.9255434691905975,0.007743840393589347
745,4.809737682342529,0.02289003271894167,0.925579410791397,0.0077313506309218205
746,4.809872770309449,0.022778927110741164,0.9254381954669952,0.007653376856627717
747,4.810339546203613,0.02275481945328228,0.9252830445766449,0.007609201476488504
748,4.810522556304932,0.02252596709761727,0.9252664387226105,0.007563108720455898
749,4.810602188110352,0.022695354434949997,0.9252045571804046,0.007531687063707951
750,4.810457706451416,0.022814120325711357,0.9251432418823242,0.007567837156498329
751,4.811078310012817,0.022751838739566297,0.9248574435710907,0.007579335991331301
752,4.811479806900024,0.022609948524340014,0.9247311890125275,0.007574812717881189
753,4.8115111827850345,0.022774032137581415,0.9245838344097137,0.007665896282502738
754,4.811896562576294,0.022563970677026292,0.9244526624679565,0.007656601544917144
755,4.811988973617554,0.022627338652834388,0.9243301033973694,0.007686159113845878
756,4.811910820007324,0.022543145027228855,0.9242379844188691,0.007606605883625713
757,4.812122011184693,0.02251601227247477,0.9241467416286469,0.007585813043821232
758,4.812354898452758,0.022421346362271822,0.9240490853786468,0.007523566378797923
759,4.812640047073364,0.022429324904265618,0.9239017307758332,0.007532941010836365
760,4.812750768661499,0.022679276586427016,0.9238276839256286,0.007602597620092545
761,4.812697410583496,0.022868988834211845,0.9238258838653565,0.007630757135362207
762,4.812921762466431,0.0227385093148832,0.9236388325691223,0.007635764439386615
763,4.8129839420318605,0.023009759709234977,0.923524409532547,0.007767863985316433
764,4.8129234790802,0.023227595564961595,0.9235098838806153,0.0077941772378186825
765,4.812859678268433,0.02294802295906063,0.9233900487422944,0.00765518137936287
766,4.8128242015838625,0.02308240996815099,0.9233412623405457,0.007617324439604638
767,4.812911891937256,0.023051388218563545,0.9232650458812713,0.007624642249532106
768,4.813156795501709,0.023292749924214397,0.9230785250663758,0.007611775641460756
769,4.813102197647095,0.023199665264806466,0.923017942905426,0.007622661055026254
770,4.81296215057373,0.023203291031220125,0.9229510486125946,0.007633580480247706
771,4.812796401977539,0.023213450536985446,0.9228847086429596,0.007638201982707295
772,4.813014793395996,0.022843476924389986,0.9227167367935181,0.007510779017200672
773,4.812865591049194,0.022828919452211747,0.9226180791854859,0.007541839371727381
774,4.812909507751465,0.0225812151616389,0.922540545463562,0.007443624171048247
775,4.813081741333008,0.022697584160054313,0.9224098503589631,0.00749415958611848
776,4.813114023208618,0.0228397201546244,0.9223338723182678,0.007534661214850159
777,4.8127905368804935,0.022831779085862213,0.9223252415657044,0.007477881745295766
778,4.8127320289611815,0.022697455567137204,0.9222901225090027,0.007417581283807657
779,4.812885570526123,0.02272647946321271,0.9222288489341736,0.007413136819435458
780,4.812842178344726,0.02268045651231022,0.9221878290176392,0.0074324352683545454
781,4.812792158126831,0.02253038779935659,0.9221078217029571,0.00738454841443467
782,4.812835454940796,0.02245758531558156,0.9220350086688995,0.007368220306576537
783,4.812565422058105,0.022545799050322796,0.9220798671245575,0.007344698717573139
784,4.812600374221802,0.02261048873635368,0.9219948291778565,0.00740310312636237
785,4.8123222351074215,0.02251697102910757,0.9220201194286346,0.00737948189752794
786,4.8124861240386965,0.02253865934165509,0.921891063451767,0.007337905518462016
787,4.81237096786499,0.022517552193208203,0.9218206286430359,0.007341788806344674
788,4.812386512756348,0.022649328548843755,0.9217443943023682,0.00736383903724272
789,4.812417936325073,0.022636497598743772,0.9216624200344086,0.007401266023070188
790,4.812451028823853,0.02240774126348024,0.9215242683887481,0.007329049971564985
791,4.812476396560669,0.022288664090259265,0.9214438557624817,0.007247822279137006
792,4.812356901168823,0.022077020816889076,0.9213264882564545,0.007157060423441353
793,4.812014579772949,0.022076693964818973,0.9213536500930786,0.007147225389946582
794,4.811857604980469,0.022126886368968063,0.9213059663772583,0.007162413711969987
795,4.811613750457764,0.02220332566195954,0.9212834417819977,0.0071582699466767935
796,4.811464500427246,0.022119934155987103,0.9212672770023346,0.0071018691323891945
797,4.811263656616211,0.02208556508421381,0.9212389409542083,0.007088492999483653
798,4.8113117694854735,0.02225004712038758,0.9211251258850097,0.007163759145389827
799,4.8111433506011965,0.02221477863852428,0.9211036741733551,0.0071433956789067245
800,4.681927919387817,0.009833348990261536,0.9403815627098083,0.003067263256881397
801,4.6822713851928714,0.009940418453327897,0.9402646124362946,0.003094077193122593
802,4.682733678817749,0.010014761383427884,0.9400215804576874,0.0032041491710899095
803,4.68316912651062,0.010151849414046123,0.9398888409137726,0.0033617275588831296
804,4.683613538742065,0.009969831579743375,0.9397577464580535,0.0033591931475466545
805,4.684310388565064,0.010064683312205572,0.9394741892814636,0.0033205980873726526
806,4.684758281707763,0.010079810219852233,0.9392993927001954,0.003324692527295156
807,4.685483503341675,0.009899724534516801,0.9390696287155151,0.003319155948089993
808,4.685593748092652,0.009817504156025088,0.939050680398941,0.003213342169601252
809,4.686098384857178,0.009751819309709212,0.9388909876346588,0.0031975848592518167
810,4.686572027206421,0.009933091270478998,0.9386584460735321,0.003198958043265267
811,4.686807441711426,0.010001637328311353,0.9385029792785644,0.003285071348603502
812,4.687261152267456,0.010454369991301594,0.9383493304252625,0.003339348608396555
813,4.687736940383911,0.010440758561037974,0.9381699740886689,0.003387059449080304
814,4.688350820541382,0.010415167587960692,0.9379562079906464,0.00336342601284035
815,4.688807582855224,0.010313709120745662,0.9377902805805206,0.0032903657630477564
816,4.689097261428833,0.01076993918584938,0.9377254605293274,0.0034852466583517447
817,4.689626789093017,0.010634643002784359,0.9374731004238128,0.0034703488642032865
818,4.690068006515503,0.010221903771438265,0.9373127698898316,0.0034081554976622625
819,4.690437746047974,0.010210874226759188,0.937163108587265,0.0033419296513746244
820,4.690636777877808,0.010276958341495248,0.9370416045188904,0.0033930176602684704
821,4.691523551940918,0.01063164017680008,0.9367724359035492,0.003422523994255513
822,4.691875171661377,0.010610499445425251,0.9365149855613708,0.0033992238602721524
823,4.692219924926758,0.010545789061448001,0.936347097158432,0.0033637767017932227
824,4.69266185760498,0.01055038194180471,0.9362068891525268,0.0032617087296293113
825,4.692958736419678,0.010369093582675275,0.9360596716403962,0.0031914883728109585
826,4.69344744682312,0.010266608449743642,0.935837310552597,0.0031365493035274885
827,4.693490266799927,0.010335450355751511,0.9357615351676941,0.0031663093281671215
828,4.693756055831909,0.010199251578483212,0.93562753200531,0.0031435718057564815
829,4.693755102157593,0.01038479952497108,0.9355117380619049,0.0031908643362213553
830,4.693930053710938,0.010559057733811678,0.9354556143283844,0.003289752137841702
831,4.6940313339233395,0.010469437747809398,0.9353336691856384,0.0032916756506848046
832,4.694491958618164,0.010511359919580592,0.9351387083530426,0.0033657106975187073
833,4.694692182540893,0.01038719079542909,0.9350689947605133,0.0032639113896456282
834,4.694926595687866,0.010242908612421364,0.934910136461258,0.0032431496598622385
835,4.695073938369751,0.0100649743524475,0.9347773134708405,0.003188798450393426
836,4.695260620117187,0.010182680115657676,0.9346458613872528,0.0033754887487220035
837,4.695695304870606,0.010198110082743937,0.9344755411148071,0.0034705784636163287
838,4.695850610733032,0.010486984310674762,0.9343870162963868,0.003519399550642723
839,4.696009874343872,0.010351543387295525,0.9342834413051605,0.0034759769614009068
840,4.6963215351104735,0.01041558912758928,0.9341571509838105,0.003485787138536415
841,4.696504402160644,0.010400794804147845,0.9340085089206696,0.0035632715112816266
842,4.696937227249146,0.010492164033056505,0.9338221430778504,0.0036730629300537826
843,4.696887254714966,0.010460400163748152,0.9337468802928924,0.0037134691594858434
844,4.696917295455933,0.010457286865237229,0.933711177110672,0.0037070333405911254
845,4.697161293029785,0.010309072217617612,0.9334904193878174,0.003635948289271838
846,4.697290515899658,0.010260187503253035,0.933394831418991,0.0036422493598823437
847,4.697459411621094,0.010421740634949593,0.9333001852035523,0.0036948260456452216
848,4.69769287109375,0.010298951639621265,0.9331151068210601,0.0036024663917785795
849,4.6975822925567625,0.010362847882725814,0.9330757617950439,0.0035842898807463474
850,4.697715330123901,0.010361061239266113,0.9329915463924408,0.0035969020542894977
851,4.697735786437988,0.010283590331577117,0.9329156696796417,0.003539501267503701
852,4.697801971435547,0.010285705982068714,0.9328479647636414,0.003499394770711388
853,4.698070430755616,0.010198189224625993,0.9326991736888885,0.0034521637481435686
854,4.698151874542236,0.01025719929472049,0.9326257467269897,0.003502456995262579
855,4.698398160934448,0.010217090545117652,0.9324057698249817,0.003444828340567353
856,4.6983283996582035,0.010406331957045488,0.9323490619659424,0.0035398244675660683
857,4.6984968185424805,0.010387862712064499,0.9322053670883179,0.003535898344193354
858,4.6984264850616455,0.010279705654429724,0.9321501195430756,0.0034999213357502297
859,4.6984984397888185,0.010163282240638038,0.9320881545543671,0.003478138231006087
860,4.698345708847046,0.010117885899797018,0.9320267558097839,0.0034961559292509665
861,4.698344802856445,0.010089307499999983,0.9319301307201385,0.003508881388560551
862,4.69823055267334,0.010320720801402372,0.9318771362304688,0.0035843576868667577
863,4.698311805725098,0.010241505938149948,0.931782066822052,0.0035436610349122194
864,4.698125696182251,0.010261189065243356,0.9317867219448089,0.003576984520025832
865,4.69820647239685,0.010466301024114411,0.9317632019519806,0.003591562696138059
866,4.698238658905029,0.01063055165751805,0.9316629350185395,0.003596426943467659
867,4.6982685089111325,0.011008770430018643,0.9315914154052735,0.003651341665681266
868,4.698117685317993,0.010992011049096629,0.9315274596214295,0.0036599975549563065
869,4.69819655418396,0.010765559409664826,0.9314364671707154,0.0035852189300308256
870,4.6981768131256105,0.011010928255344603,0.9313325107097625,0.0035878425486237696
871,4.698491001129151,0.01088038012592552,0.9311747014522552,0.003589152851452019
872,4.698461723327637,0.010868668042900854,0.9311545729637146,0.0035496232963141664
873,4.698605585098266,0.01074605451477256,0.9309989094734192,0.003516399821381206
874,4.698649835586548,0.010487551903324488,0.9308851420879364,0.003507078881409182
875,4.6986095905303955,0.010391178908003597,0.930839604139328,0.0035124396026291957
876,4.698712778091431,0.01051194287872374,0.930781078338623,0.003504514026127789
877,4.698548650741577,0.010396487922192206,0.9307697534561157,0.003406453483394352
878,4.698536014556884,0.010265335621636824,0.9306787967681884,0.0033501890042432164
879,4.698405408859253,0.010504834157369894,0.9306349098682404,0.0034558979566616157
880,4.698238229751587,0.010506648107940624,0.9305980026721954,0.0034449856275393996
881,4.6981201171875,0.010555025803521126,0.9305417001247406,0.003469664079907544
882,4.698013830184936,0.010539554611392889,0.9305054783821106,0.0034961956230945388
883,4.698038768768311,0.01047135491911988,0.9304370403289794,0.003480672645070379
884,4.697872066497803,0.010598879188383495,0.9303432583808899,0.003470140281912501
885,4.697901916503906,0.010644455825705345,0.9302502632141113,0.0034934735191038085
886,4.697816705703735,0.010673855633789866,0.930170863866806,0.0034361784487294583
887,4.697685241699219,0.010698972000243787,0.9301304996013642,0.0034376656114300705
888,4.697680997848511,0.010533277375722103,0.930045872926712,0.003382593313284735
889,4.697808647155762,0.01050165854307945,0.9299428880214691,0.0033151023595379184
890,4.697622871398925,0.01040875130474221,0.929922902584076,0.003295650708865087
891,4.697562646865845,0.010588989234519902,0.9298464298248291,0.00337216320232253
892,4.697359657287597,0.010734652260907633,0.92977055311203,0.003478049050572705
893,4.697129106521606,0.010789322602305458,0.9297889590263366,0.0035098846157949307
894,4.697160959243774,0.010611956670941202,0.929726368188858,0.0034566998856854518
895,4.696920680999756,0.010672172365294236,0.9297509908676147,0.003465645531529365
896,4.696760559082032,0.010770410729916175,0.9296643614768982,0.003465836484739897
897,4.696453523635864,0.010839741730939515,0.9296398758888245,0.0035189641196820536
898,4.69653468132019,0.010998928894171547,0.9295482337474823,0.00359905191569483
899,4.696613693237305,0.010890588061803319,0.9293841540813446,0.003586280637194691
900,4.581550645828247,0.017315783141377796,0.943571138381958,0.005516358790895887
901,4.582075119018555,0.017329699720802335,0.9434241712093353,0.005567495498805539
902,4.582473516464233,0.017521340524959655,0.9432594180107117,0.005724298228431116
903,4.58285665512085,0.017554546407545817,0.9431649744510651,0.005782751937279275
904,4.583255910873413,0.017577688634098674,0.9430135726928711,0.005775325119891133
905,4.583666181564331,0.017415707843473977,0.9429025530815125,0.005740281469581689
906,4.583938646316528,0.0173945844038403,0.9428311645984649,0.0057143070256505755
907,4.584663677215576,0.017706456408416282,0.9426179707050324,0.005748632302440715
908,4.585298871994018,0.017759298962220553,0.9424262583255768,0.005753454890191405
909,4.585807514190674,0.01798842554813648,0.9422274351119995,0.005828753617546065
910,4.586110925674438,0.017983950688810958,0.9420964062213898,0.00581592036415794
911,4.586322593688965,0.017878669179730602,0.9419297993183136,0.005787023610840072
912,4.586686372756958,0.017799468706437675,0.9417743742465973,0.005765989479170316
913,4.58717098236084,0.01798557720452991,0.9416116058826447,0.0058242463459338
914,4.587376546859741,0.017932721301209723,0.941532838344574,0.005835271472024644
915,4.587801361083985,0.017748004792002666,0.9413733661174775,0.005753482205005065
916,4.588242435455323,0.01797988983797763,0.9412157356739044,0.005765074787423303
917,4.588605451583862,0.017979328694825204,0.9410868048667907,0.00574416650972167
918,4.588895273208618,0.01784959464647555,0.9409682631492615,0.005726909588600334
919,4.589384269714356,0.017958833520629918,0.940789008140564,0.005760729141498633
920,4.5900593280792235,0.017463481152005873,0.9405765116214753,0.005626037227191463
921,4.590292310714721,0.017296585434319407,0.9404715955257416,0.005605603621545652
922,4.59063720703125,0.01714719821172483,0.9403417110443115,0.0055827636303633285
923,4.591275596618653,0.017203931636858055,0.9401438951492309,0.005562762781949983
924,4.591712951660156,0.01746242748000283,0.9399568974971771,0.0055978083270431574
925,4.592036247253418,0.01697300884841734,0.9398490965366364,0.005445610314921799
926,4.592405986785889,0.016909539727761626,0.9396998643875122,0.005447076420051924
927,4.59253044128418,0.01693289278214296,0.9396031200885773,0.00548813124181769
928,4.592994594573975,0.016852832553535563,0.939414644241333,0.005503262978433386
929,4.593560981750488,0.016914548387447798,0.9391526877880096,0.005542695037644344
930,4.593879461288452,0.01702888559218117,0.9389686286449432,0.005621108865219687
931,4.594378852844239,0.017067750837201825,0.9387533128261566,0.005526422837885952
932,4.594564008712768,0.017464973102369684,0.9385980904102326,0.0056678472398574665
933,4.594556427001953,0.017529290898623408,0.9385266065597534,0.005667368349273809
934,4.594801568984986,0.017544230354205766,0.9384477138519287,0.005699497857276777
935,4.594967317581177,0.017427980201468962,0.9383777678012848,0.005616207071329449
936,4.595035982131958,0.017521885828664905,0.9383328020572662,0.005601988284153043
937,4.609984016418457,0.061181544298041055,0.9125,0.030547663122114963
938,4.644026756286621,0.06378017695118757,0.9109375,0.016552342272990326
939,4.642527008056641,0.05443744623061652,0.9135416686534882,0.015372180527198756
940,4.659504699707031,0.0506276021279148,0.909375,0.014937114999687483
941,4.652865552902222,0.03995583746727243,0.9131250023841858,0.014037406514272205
942,4.65227255821228,0.03745761259268205,0.9124999940395355,0.013290040771316491
943,4.648520469665527,0.03332839444568337,0.912500011920929,0.009803378078582342
944,4.640258932113648,0.027703179967367098,0.9142578125,0.007997484447435891
945,4.635214853286743,0.02532582532367782,0.915625,0.007900943697534458
946,4.631747913360596,0.025289219209630193,0.9167187452316284,0.007831579699034048
947,4.628860282897949,0.02535485158616156,0.9171875,0.00772376136323567
948,4.625230169296264,0.028254131592307177,0.9182291626930237,0.008869470898893735
949,4.622444581985474,0.02347181986671362,0.9177884697914124,0.007238199362023204
950,4.620010614395142,0.022368127136473417,0.9185267865657807,0.007678486423635436
951,4.61908860206604,0.02311892803526245,0.9186458349227905,0.008966806745216424
952,4.617697763442993,0.02193899996768393,0.91875,0.009065623713326731
953,4.61844482421875,0.019986572604936737,0.9187500059604645,0.008976253425073128
954,4.6200666427612305,0.016762802451557198,0.9181423604488372,0.007601205440263942
955,4.617045164108276,0.015902767669161152,0.9189967095851899,0.007765473753359375
956,4.618824052810669,0.017336987842086003,0.9179687440395355,0.007725214794498794
957,4.616647672653198,0.017991108605235194,0.9182291746139526,0.0076157446770512525
958,4.6174181461334225,0.019595959775137926,0.9183238685131073,0.007901657445240785
959,4.617692708969116,0.01870053926387371,0.9182065188884735,0.007518664876929251
960,4.615963983535766,0.018070399285599493,0.9182942688465119,0.006697600016939616
961,4.615993499755859,0.01574264803988496,0.9181874990463257,0.005647723787046819
962,4.614712858200074,0.01439559658746282,0.9185697078704834,0.0054878363409642215
963,4.612950611114502,0.016037841133460157,0.9195601880550385,0.0054492566452314095
964,4.614639949798584,0.013515849333190976,0.9188058018684387,0.004550641098897017
965,4.614683485031128,0.013373768283219897,0.9188577651977539,0.004251568531981504
966,4.617755174636841,0.014120383725963775,0.9175000011920929,0.0042681547447627035
967,4.6157890319824215,0.014890379335364742,0.9180947542190552,0.004870874960764269
968,4.6155096054077145,0.015208387854283712,0.91826171875,0.005132504641537042
969,4.613458633422852,0.015673399156723077,0.9189867377281189,0.005340338059463379
970,4.611662912368774,0.014687334678065244,0.91925550699234,0.005076223783903693
971,4.610612440109253,0.013665536328499437,0.9194196403026581,0.004640613144750661
972,4.610196495056153,0.01314492261501707,0.9194444417953491,0.004603336913492882
973,4.608699941635132,0.012665789929371353,0.919847971200943,0.004516810676236587
974,4.608506441116333,0.01366638616539423,0.9195723593235016,0.004799885554962124
975,4.607222652435302,0.013262728933941365,0.9199919819831848,0.0050041735895912124
976,4.605545616149902,0.01271866490007535,0.9203906297683716,0.004947231960621215
977,4.604573488235474,0.012668907693199827,0.9203125,0.005205079766252778
978,4.602791023254395,0.01239317909627609,0.9208705246448516,0.0051520848581921505
979,4.602905559539795,0.012428088213791766,0.920784878730774,0.00498526134156222
980,4.602509069442749,0.011940178601666155,0.9209161937236786,0.005240657319211876
981,4.602594232559204,0.011089925496871999,0.9206944465637207,0.004624419041826784
982,4.60239052772522,0.010411337700064933,0.920754075050354,0.0043323752845460875
983,4.6012622833251955,0.009607628440504553,0.9209441423416138,0.004498076075680489
984,4.601152420043945,0.009715884580859301,0.9207682311534882,0.004662522162386745
985,4.601240348815918,0.010677968125334135,0.9207908153533936,0.004674937064385163
986,4.601482486724853,0.01020440988853225,0.9205000042915344,0.004439513662270701
987,4.601683282852173,0.009398300680517096,0.9201286792755127,0.004402133906560938
988,4.600973749160767,0.00978286640613728,0.9200120329856872,0.004840549700924275
989,4.599540710449219,0.009173937940656953,0.9201061248779296,0.004651006712859453
990,4.598988151550293,0.00969214218651707,0.9199942111968994,0.004739349819785036
991,4.5973817825317385,0.009928474162150713,0.9203693091869354,0.004763277841245844
992,4.596616506576538,0.009229490302880913,0.9206194162368775,0.004598380481415142
993,4.596481370925903,0.009316500902473674,0.9205318033695221,0.004354329242065741
994,4.59570837020874,0.009655044209447843,0.9204741299152375,0.004496770534050779
995,4.595859718322754,0.00984326850575779,0.9204713940620423,0.004518610154970661
996,4.595103120803833,0.009813596044618211,0.9204687535762787,0.004572274208842876
997,4.594337081909179,0.009890947951904974,0.9204661965370178,0.004678531812300026
998,4.593502473831177,0.009951912887523442,0.9206149220466614,0.004701295975012724
999,4.592859506607056,0.010881975190100462,0.9207341372966766,0.004856154050937601
1000,4.478481578826904,0.008334500683457088,0.9495131134986877,0.0024792166279827845
1001,4.478808355331421,0.008569979221607895,0.9493680834770203,0.00253819556151889
1002,4.479409122467041,0.008676459604337093,0.9491267740726471,0.0026369031954175527
1003,4.480029487609864,0.009009036543899005,0.9489372193813324,0.002738233189948271
1004,4.4800902843475345,0.008954567944573751,0.9488856613636016,0.0027370030614648775
1005,4.480349683761597,0.008985147735415065,0.9487865924835205,0.0027313151487742228
1006,4.480782079696655,0.008942090976790319,0.9486217439174652,0.0027658413404410193
1007,4.4814019203186035,0.009000146954343868,0.9484303772449494,0.0027681945792800457
1008,4.481778812408447,0.009035797901419373,0.9482791304588318,0.0027065024852729936
1009,4.4818929672241214,0.00892850757830414,0.9481766939163208,0.0026605952918249145
1010,4.482379484176636,0.008738085495113972,0.9479820549488067,0.0026072365172211884
1011,4.4830235004425045,0.008638668279727556,0.9477525949478149,0.0025959513449878334
1012,4.483464622497559,0.00870542377595345,0.9476458668708801,0.002627980827894129
1013,4.484072256088257,0.009011751031552313,0.9474118888378144,0.002781026131300302
1014,4.484407663345337,0.009224921558327982,0.9472536504268646,0.002770628757939789
1015,4.484878826141357,0.008924219801471484,0.9471335291862488,0.0026666186097206624
1016,4.485165071487427,0.008738705365499243,0.9470328271389008,0.0026208103171529618
1017,4.48551459312439,0.008923623293495272,0.9469243109226226,0.0027038405166311913
1018,4.485509872436523,0.00889362185964625,0.9468794584274292,0.0026280527324251974
1019,4.48591251373291,0.008663340806413155,0.946702116727829,0.002565586664078048
1020,4.486321830749512,0.008486353535014124,0.9465444266796113,0.0025267506968078106
1021,4.486429738998413,0.008202724137666671,0.9464147984981537,0.0024429334864188804
1022,4.486740398406982,0.008394123553078427,0.9463301956653595,0.0024713339687353914
1023,4.486991500854492,0.008909798958950227,0.9462291955947876,0.002589954999860467
1024,4.487306070327759,0.00872380757699803,0.9461120545864106,0.0025535737201930744
1025,4.487252283096313,0.00866300201782469,0.9461333990097046,0.002537825606770648
1026,4.487363576889038,0.00862790242224979,0.9460692405700684,0.002515393727410369
1027,4.487519073486328,0.00861995510806478,0.9459548890590668,0.0025324678343193875
1028,4.487641763687134,0.008803577718844786,0.9459092438220977,0.0025629762662709157
1029,4.48810567855835,0.00858582348477338,0.9457130849361419,0.002554846815937998
1030,4.488152694702149,0.008744549286135514,0.9456775665283204,0.0025929068835270257
1031,4.4881223201751705,0.008670156789097931,0.9457005262374878,0.0025323389222422464
1032,4.487981367111206,0.008625909204012381,0.9456159174442291,0.002489701401208132
1033,4.488340044021607,0.008951028085191626,0.9454582750797271,0.0026256825388839894
1034,4.488413619995117,0.009212881682421592,0.945400333404541,0.0026299468122247633
1035,4.4883404731750485,0.00927566224665925,0.9453836143016815,0.0026083858072602347
1036,4.4883513927459715,0.009315806467473278,0.9453428208827972,0.002546282928207912
1037,4.488353300094604,0.009327944838277667,0.9453024327754974,0.0025260784782491995
1038,4.488583898544311,0.009071976523712413,0.9451744556427002,0.0024876590485966295
1039,4.488797187805176,0.008936778955043134,0.9449840784072876,0.002480825035682125
1040,4.488859510421753,0.008934695353310932,0.9449144423007965,0.0025313192376873145
1041,4.488978290557862,0.008966952118502488,0.9447667062282562,0.0025351141270528346
1042,4.48911075592041,0.008994777999213147,0.9446439862251281,0.002570867424336881
1043,4.4893570899963375,0.008990358636967812,0.9445536851882934,0.0026183363071709486
1044,4.489281034469604,0.008854862769743815,0.9445729851722717,0.0025917307815016884
1045,4.4892641544342045,0.008828220490099138,0.9445843636989594,0.0026408113553307347
1046,4.489247798919678,0.00898205379333746,0.9445341229438782,0.0026507550887062453
1047,4.489357995986938,0.009231819457895122,0.9444308400154113,0.002724117227645714
1048,4.4894811630249025,0.009131225404882492,0.9443361759185791,0.002719054692041922
1049,4.4895165920257565,0.009081430732182597,0.9442575693130493,0.002749810701973887
1050,4.48938889503479,0.008828871553231752,0.9442626714706421,0.002688640995311093
1051,4.489350414276123,0.008801819216520334,0.9441626667976379,0.00265124307693338
1052,4.489527225494385,0.009002637456125175,0.9440785467624664,0.0026815854245496574
1053,4.489608907699585,0.00886410669737268,0.9439357995986939,0.002695763550758953
1054,4.489870548248291,0.0088669455007687,0.9438017785549164,0.0027718499270429236
1055,4.490081882476806,0.008948542306930828,0.9436542987823486,0.0028338135315243655
1056,4.490240383148193,0.00884901307129061,0.9435594975948334,0.0028306195900012505
1057,4.490357160568237,0.008716385846467148,0.9434655785560608,0.002788049237132751
1058,4.49026460647583,0.008707288212025236,0.9434451162815094,0.0028287310598471924
1059,4.4903215885162355,0.008773555986649377,0.9433598160743714,0.002816245273479614
1060,4.490561771392822,0.009010869179702974,0.9432393550872803,0.0028698284953174477
1061,4.490524482727051,0.00886703820257403,0.9431772530078888,0.002810712667580035
1062,4.490486431121826,0.00881255031974863,0.9431014835834504,0.0028059752748486083
1063,4.490607118606567,0.008657976645155583,0.9430476725101471,0.0027873429084128813
1064,4.490737342834473,0.008817780328062429,0.9428813576698303,0.0028193210676493168
1065,4.490839290618896,0.008767655212558153,0.9428290367126465,0.002785619179104606
1066,4.490781164169311,0.008639492602882255,0.9428051471710205,0.0027246375358640686
1067,4.490846920013428,0.0085314279377552,0.94267697930336,0.002808852918264981
1068,4.490857648849487,0.00868199419747454,0.9426331937313079,0.002823590950743942
1069,4.490904235839844,0.008610028696317072,0.9425414383411408,0.0028156282148826045
1070,4.490636205673217,0.00879997751771146,0.9425330042839051,0.0028698668631679312
1071,4.490636968612671,0.008670815270406989,0.9424767255783081,0.002813835594043114
1072,4.490465593338013,0.00863814877261699,0.9424754619598389,0.002787311212197343
1073,4.490493488311768,0.009001008831061284,0.9423927783966064,0.002882561004292176
1074,4.490513753890991,0.009193058527956405,0.9422973036766052,0.0028846361067272584
1075,4.4905171394348145,0.008987890781654725,0.942202627658844,0.0028303269704790797
1076,4.490551137924195,0.009114644531692499,0.9421087861061096,0.0028339404803436785
1077,4.490622425079346,0.009252107010284833,0.9420557618141174,0.0028372809973135726
1078,4.4905900955200195,0.00924746365949854,0.9419965624809266,0.0028383718258331463
1079,4.490579462051391,0.009276638134802336,0.941917997598648,0.0028444827894836444
1080,4.4906786441802975,0.009469808257571878,0.9418532729148865,0.0029343926515153274
1081,4.490502977371216,0.009694813556061409,0.941861230134964,0.003029317363619611
1082,4.490426921844483,0.009711513911329748,0.941823410987854,0.003018936654554642
1083,4.490453100204467,0.009840922239597344,0.941720849275589,0.0031033932148722535
1084,4.490422582626342,0.009698142895578273,0.9416386008262634,0.003085096368497229
1085,4.490174722671509,0.009799527773923468,0.9416473150253296,0.003076513773200097
1086,4.490205478668213,0.0098030938998589,0.9415403425693512,0.003087183259182544
1087,4.490436220169068,0.010156135728689062,0.9414278388023376,0.003087938825960383
1088,4.490263986587524,0.010131163583699832,0.9414118230342865,0.0030978392995089123
1089,4.490116214752197,0.010226075981078385,0.9413515150547027,0.003164697255893104
1090,4.490110254287719,0.010222008521262777,0.9412790596485138,0.003132795542186761
1091,4.490077304840088,0.010062411202211864,0.941194599866867,0.0031345564826836736
1092,4.4899509906768795,0.01023600898388778,0.9411359071731568,0.0031520407057380167
1093,4.489845180511475,0.010117055484631196,0.94110888838768,0.0031536063764194718
1094,4.48954963684082,0.010157472518937873,0.9410820841789246,0.0031297364040534428
1095,4.489449596405029,0.010212982705987176,0.9409873604774475,0.003135578056185713
1096,4.4892596244812015,0.010193535543919526,0.9409735918045044,0.003106223797127075
1097,4.489088678359986,0.01026343354840373,0.940978366136551,0.0030983534690294696
1098,4.488897228240967,0.010194193059269916,0.9409586191177368,0.003070536306969498
1099,4.48880352973938,0.01015070755660097,0.9408536553382874,0.0029748460149854362
1100,4.384018993377685,0.009396710004598581,0.9519872844219208,0.003435939964330238
1101,4.384886741638184,0.009800802781369584,0.9518167436122894,0.0035278943821780736
1102,4.385125780105591,0.01005069709353289,0.9517660915851593,0.003546751148049679
1103,4.385638999938965,0.010167722626431343,0.9515990674495697,0.0036503500638256545
1104,4.385977268218994,0.009940963698464427,0.9514922440052033,0.003605497745064674
1105,4.386420869827271,0.009655518353415129,0.9513193488121032,0.0035436798717269047
1106,4.387002468109131,0.009237831057921756,0.9511485397815704,0.003466910322080462
1107,4.387354516983033,0.009341077920672652,0.9509893476963043,0.0035372555521093803
1108,4.387624597549438,0.009371191818092733,0.9508888125419617,0.0035683963649317135
1109,4.388093662261963,0.009439073511519156,0.9507424771785736,0.003572110779762923
1110,4.388359546661377,0.009455952867806209,0.9506072521209716,0.0036289726984514575
1111,4.388978338241577,0.009249134389079327,0.9504086077213287,0.003592752816359123
1112,4.389081764221191,0.00941942951369069,0.9503877341747284,0.0036333634025901866
1113,4.389114856719971,0.009368225994419114,0.9503487586975098,0.003570000055081067
1114,4.389382219314575,0.009281632057739414,0.9502189815044403,0.0035632525600164636
1115,4.3896214962005615,0.009174553237705876,0.9501814186573029,0.0034572945763809175
1116,4.390172338485717,0.009354705694178168,0.9500270664691925,0.0035538523389330497
1117,4.390591955184936,0.009389715794834528,0.9499192953109741,0.0035985457121335464
1118,4.39086332321167,0.009712016295273601,0.9498573362827301,0.003681423321719272
1119,4.391318225860596,0.009341600425847413,0.9497872233390808,0.003600405602142398
1120,4.391371536254883,0.009368680456034577,0.9497708082199097,0.00361909213492093
1121,4.391635322570801,0.00937675522222955,0.9495704770088196,0.0036546311379528104
1122,4.391962289810181,0.009371060743339208,0.9494159698486329,0.0036599542114128226
1123,4.392560958862305,0.00911733063963988,0.9491851627826691,0.0035393278465694184
1124,4.393063259124756,0.00899865361106398,0.9490086138248444,0.0035097974011526934
1125,4.393351745605469,0.009242588389206123,0.948911166191101,0.003594118897182958
1126,4.393458032608033,0.009218661339345081,0.9488403737545014,0.0036605945711775537
1127,4.39362211227417,0.0092307003632571,0.9488042771816254,0.0036706808726471693
1128,4.393710803985596,0.009420038802759502,0.948768550157547,0.0037193318330584523
1129,4.394379806518555,0.009603914516370179,0.9486493349075318,0.0037970551287810797
1130,4.394396352767944,0.009529877701334724,0.948648202419281,0.0037145538629086363
1131,4.394520473480225,0.009459085814336151,0.948580676317215,0.003700844144359077
1132,4.394699335098267,0.009513113890688988,0.9485303819179535,0.0037440946724985767
1133,4.394696760177612,0.009537538761357914,0.9484641849994659,0.0037398934244783377
1134,4.394946527481079,0.009702820173279765,0.9482843220233917,0.0038069878956960884
1135,4.394968938827515,0.009900855730059097,0.9482444703578949,0.0038724403920167455
1136,4.394994258880615,0.009824633361029254,0.9481727004051208,0.0038297279101209354
1137,4.395033740997315,0.009781998148014882,0.9480855762958527,0.0038829528243364015
1138,4.395092439651489,0.009858297404240254,0.9480393707752228,0.00393295254693721
1139,4.395345211029053,0.009694016854411664,0.9478742063045502,0.0039053492855038985
1140,4.39536943435669,0.009721612579457766,0.9477899253368378,0.003867807259892802
1141,4.395518970489502,0.00996627784123528,0.9476907312870025,0.003898472058252449
1142,4.395718145370483,0.009912172714851312,0.94760822057724,0.003848381741837323
1143,4.39585018157959,0.010188374040668783,0.9474406957626342,0.003939184576717921
1144,4.395883369445801,0.010055666947106958,0.9474146008491516,0.003883712078552658
1145,4.395813798904419,0.010192459994966062,0.9473810255527496,0.003932467337690657
1146,4.395922613143921,0.010171700922091067,0.9472632348537445,0.0038896380439928098
1147,4.396218633651733,0.010210060080176197,0.9471083343029022,0.00384501502638474
1148,4.396526241302491,0.010314387770147338,0.9469625413417816,0.0037951628187506982
1149,4.396645212173462,0.010320634305326922,0.946840900182724,0.0037988105585647037
1150,4.3966145515441895,0.010328985179092047,0.946810919046402,0.003779842890608985
1151,4.396685695648193,0.010408767564297965,0.9467136859893799,0.0038388190720034616
1152,4.396654891967773,0.010261923144219653,0.946714460849762,0.0037715823823597666
1153,4.396723461151123,0.010113791347025863,0.9466409087181091,0.0037575338205889652
1154,4.396582365036011,0.010037041363296643,0.9466420114040375,0.0036632378959795234
1155,4.39640736579895,0.00999645928947382,0.9466872751712799,0.0036470743001473433
1156,4.396277999877929,0.009995729057831772,0.9466881573200225,0.0036796605389976807
1157,4.39618992805481,0.00991036686097347,0.9466598629951477,0.00369317425977922
1158,4.3962297439575195,0.010078815520539883,0.9465664863586426,0.0036993951745635835
1159,4.396267938613891,0.00986328303214044,0.9464739918708801,0.0036152414428475945
1160,4.396364688873291,0.009784640048556647,0.9463679492473602,0.0036400978844951543
1161,4.39658374786377,0.00977679125377025,0.9462557256221771,0.0035750048553221787
1162,4.396762752532959,0.009621725473999584,0.9461587846279145,0.003531031269821327
1163,4.39665584564209,0.00969316086408665,0.9461691200733184,0.003546754642802102
1164,4.396932220458984,0.009684503314493019,0.9459957599639892,0.003563579267323005
1165,4.396944189071656,0.009683443255114284,0.9458731770515442,0.0035424962379779954
1166,4.396953678131103,0.00954197107655498,0.9458216667175293,0.0034923415237206805
1167,4.396917819976807,0.009590461000781723,0.9457915246486663,0.003486939527735535
1168,4.396899127960205,0.009813590609496471,0.9457130908966065,0.0035443284951638325
1169,4.396771240234375,0.00979860625243863,0.9456906020641327,0.003545289766199216
1170,4.396928882598877,0.009753062525441007,0.9456064403057098,0.0035002967369186793
1171,4.3968933582305905,0.009727276112371279,0.9455572187900543,0.0035457765326665303
1172,4.396857118606567,0.009681321333327534,0.9454743683338165,0.0035319144276787593
1173,4.3970057487487795,0.009184415790181128,0.9453718841075898,0.0033876216264257172
1174,4.397151470184326,0.00940113852288563,0.9452702641487122,0.003449988243284526
1175,4.39706449508667,0.009255879957569324,0.9452031672000885,0.00346650228229848
1176,4.397076845169067,0.009238820373509026,0.9451701462268829,0.003468638886747246
1177,4.397144889831543,0.009386683332329839,0.9450840413570404,0.0035027057366107737
1178,4.397134304046631,0.009479273804113864,0.9450053036212921,0.003457185429676796
1179,4.397218704223633,0.009376567059422997,0.9449404716491699,0.003366334927123252
1180,4.3971724033355715,0.009380254446377924,0.9449486315250397,0.0033719625334467304
1181,4.397173738479614,0.009499298181179205,0.9448714554309845,0.003454165195018568
1182,4.397173595428467,0.009558742345617802,0.9448275923728943,0.0034672678812263207
1183,4.39716272354126,0.009769335745322499,0.9447775840759277,0.0035018475223819743
1184,4.397100114822388,0.00950222504088027,0.9447538912296295,0.003440841675890784
1185,4.397042465209961,0.009531113640430725,0.9446916878223419,0.0034442905644560527
1186,4.396961832046509,0.009686168718344683,0.9446364402770996,0.003480984489033066
1187,4.397004556655884,0.00961135659099261,0.9445368528366089,0.0034636451625414564
1188,4.396793842315674,0.009472243018280972,0.94453364610672,0.0033846099691475957
1189,4.396563148498535,0.009552845000030124,0.9445177733898162,0.003447640479559483
1190,4.39639105796814,0.009489482796313148,0.9445209681987763,0.0034326916323994153
1191,4.396255016326904,0.00936248916977031,0.9445241630077362,0.003392347335677265
1192,4.395997524261475,0.009452583856154377,0.9445085167884827,0.003449777618569985
1193,4.395977115631103,0.009468627571674871,0.9444555461406707,0.0034821181038077013
1194,4.395861721038818,0.009407939277505873,0.9443967819213868,0.0034519072912991967
1195,4.395994043350219,0.00941912492505202,0.9443322539329528,0.0034847213105192775
1196,4.395864772796631,0.009410027918904867,0.9443114519119262,0.0034717201083003203
1197,4.3957818984985355,0.009257412053449253,0.9442723751068115,0.003407520837217811
1198,4.39575343132019,0.00927622806862243,0.9441417634487153,0.0034567003668673642
1199,4.395724105834961,0.009101231391028228,0.9441341400146485,0.0034052781753740797
1200,4.2930436611175535,0.008779618205488284,0.9555743217468262,0.002819963321594152
1201,4.293677043914795,0.008539554083371521,0.9553811192512512,0.0026820653531372156
1202,4.294021844863892,0.008604270029354218,0.9552786469459533,0.0027588400163576217
1203,4.294553184509278,0.008909260262737372,0.9551579535007477,0.002861393846130705
1204,4.294726419448852,0.008762069397263195,0.9551162779331207,0.0028856645478426467
1205,4.295196056365967,0.008783626514345975,0.9549595534801483,0.002848490426489949
1206,4.2957099914550785,0.008576983642981859,0.9547664582729339,0.0028116174306532216
1207,4.295861148834229,0.008585989319241287,0.954689872264862,0.0027940700915339077
1208,4.296116781234741,0.008711537863389318,0.9546331405639649,0.0029064196361831807
1209,4.296327018737793,0.008617701306991467,0.954567676782608,0.002856966808352553
1210,4.29656081199646,0.008635445210826858,0.954493647813797,0.0029091285618320635
1211,4.296911907196045,0.008633606444136467,0.9543183445930481,0.002845399428421471
1212,4.297263288497925,0.008544853066393696,0.9541820585727692,0.002815024876638764
1213,4.297274160385132,0.008510244047883312,0.9541574835777282,0.0028125772464353584
1214,4.297713804244995,0.008452649791129174,0.9539963483810425,0.0028337993411231325
1215,4.297777938842773,0.008446216094800223,0.9539459228515625,0.0028468034725402103
1216,4.297944355010986,0.008596057039893145,0.9538600325584412,0.0028567830396845403
1217,4.298361015319824,0.0088373470597296,0.9536944031715393,0.00286514878998564
1218,4.298391962051392,0.008890032673812753,0.9536198198795318,0.0029188069238075985
1219,4.298731517791748,0.008727750221170626,0.9534485816955567,0.0028961220726923696
1220,4.2989624500274655,0.008786148955193245,0.9533321678638458,0.0029325936318026183
1221,4.299184560775757,0.008740626060871783,0.9531819760799408,0.002933432180302674
1222,4.299594402313232,0.0087723135143373,0.9530421912670135,0.002907378359950782
1223,4.299948215484619,0.008803294435013122,0.9528606057167053,0.0028656651555199913
1224,4.300195550918579,0.008914479621146314,0.9527500033378601,0.0028170971521614073
1225,4.300522947311402,0.008822183733457209,0.9525891661643981,0.002727060712458721
1226,4.300721645355225,0.009022340731700284,0.952472722530365,0.002792071578933653
1227,4.3009035110473635,0.00916733204589825,0.9523320913314819,0.0028311440401426547
1228,4.301254749298096,0.008950435889277438,0.9521845400333404,0.002778273842480113
1229,4.301326131820678,0.008962773643770886,0.9520889222621918,0.0027712603516981214
1230,4.301369047164917,0.00910755175784541,0.9520193636417389,0.0028231770329401663
1231,4.301730346679688,0.009306815601973245,0.9518675327301025,0.0028724395423103716
1232,4.3016807556152346,0.009218834249984164,0.9518906772136688,0.0028619235824144515
1233,4.30180025100708,0.009231343296184458,0.9518725395202636,0.0028468670043890133
1234,4.3020415782928465,0.009311965357914022,0.951723861694336,0.0029045087005391164
1235,4.302242088317871,0.009216707128695776,0.951633620262146,0.002858996448430383
1236,4.302194976806641,0.00921586112261713,0.9516089856624603,0.0028525637519563932
1237,4.302390146255493,0.00932729048379626,0.951496136188507,0.0029310453037178575
1238,4.302279233932495,0.009309039173429325,0.9515444934368134,0.0029272840558896103
1239,4.302193689346313,0.009344916348694617,0.9515127420425415,0.002964329556778119
1240,4.302342653274536,0.009482963986171688,0.9513862490653991,0.0029829316107046282
1241,4.302498769760132,0.009270381245179083,0.9512767910957336,0.002926827064254958
1242,4.30258207321167,0.00923081104660861,0.9512154936790467,0.0028844860175672037
1243,4.302600717544555,0.009124424830110304,0.9511626183986663,0.0028658406181853303
1244,4.302928829193116,0.009198802732829373,0.9510636687278747,0.0029584939215021723
1245,4.30303955078125,0.00932631513309131,0.950957977771759,0.002978290793362905
1246,4.303015184402466,0.009490034774914754,0.9508994519710541,0.003056613334517672
1247,4.303166770935059,0.009411022714079568,0.9507726430892944,0.0029742540615332034
1248,4.3031346797943115,0.00964844290325827,0.9507612586021423,0.0030191143508717646
1249,4.303160095214844,0.009610590000430812,0.9506893813610077,0.0030544985330251133
1250,4.303440856933594,0.00946247700193354,0.9505352795124054,0.003004662020579545
1251,4.303391218185425,0.009413271375958408,0.9505177080631256,0.0029964485696409413
1252,4.303697824478149,0.009610450835114056,0.9504480242729187,0.0030434078225045646
1253,4.303669118881226,0.00964139682460778,0.9503790199756622,0.003058527774079689
1254,4.3036261081695555,0.00973829363510858,0.950347626209259,0.0031027988708657393
1255,4.303752279281616,0.009647056691783281,0.9502282083034516,0.0030690957426569255
1256,4.303724241256714,0.009690937059349862,0.9501905024051667,0.0030461579774197075
1257,4.303623485565185,0.009626948961758853,0.9501750349998475,0.0029992196512704295
1258,4.303717947006225,0.009742426051123769,0.9501306593418122,0.0029800339442153595
1259,4.303697347640991,0.009815111462338598,0.9501228332519531,0.0029983554183649007
1260,4.303713607788086,0.009787707863686206,0.9500431656837464,0.0030028212663234795
1261,4.303785753250122,0.009946199586461486,0.9499284148216247,0.003024840312151506
1262,4.303722715377807,0.009950858646631316,0.9499144732952118,0.00302631259588097
1263,4.30373249053955,0.010146655310312332,0.9498297333717346,0.0030976730038168245
1264,4.3037214279174805,0.010054935322515484,0.9497669517993927,0.003058275439927592
1265,4.303640460968017,0.009994374314065349,0.9496836423873901,0.0030472161927602697
1266,4.30342321395874,0.009907270959504914,0.9497060477733612,0.003009111308497293
1267,4.303469657897949,0.00989093633833177,0.9496237456798553,0.0030030182076080944
1268,4.303580951690674,0.009862877375387054,0.9495283007621765,0.0030039913075256244
1269,4.303493881225586,0.010077208386487783,0.9494820535182953,0.0031201206880098298
1270,4.303382730484008,0.010158352410191725,0.9494499444961548,0.0031532970750279303
1271,4.3032361507415775,0.010079179853531873,0.9494318187236785,0.0031423483891170993
1272,4.303055238723755,0.010157345002615899,0.9494274854660034,0.0031945767544869375
1273,4.302763032913208,0.010204094012038303,0.9494638919830323,0.003203652415635716
1274,4.302631187438965,0.01012505266149758,0.9494256854057312,0.0031328553675318937
1275,4.302578496932983,0.010309294959643061,0.9494012415409088,0.0031704027687673416
1276,4.30244026184082,0.010448232672901745,0.9493435144424438,0.0032260802905909707
1277,4.302295827865601,0.010622651769181979,0.9493196427822113,0.0032678531461909624
1278,4.30215163230896,0.010665880812422262,0.9492627561092377,0.0032665292569444638
1279,4.301959276199341,0.010823239532942397,0.9492724895477295,0.003318613563073749
1280,4.301930093765259,0.01087035056517057,0.9492031097412109,0.003319473888615699
1281,4.301901006698609,0.010878373757041492,0.9491474270820618,0.0033235913886993074
1282,4.301905488967895,0.010981863315186418,0.9490530371665955,0.003377759605075645
1283,4.30179009437561,0.010936627772229106,0.9490634799003601,0.0034121632990128303
1284,4.3016753673553465,0.010751104424050414,0.9490155458450318,0.0033585682163678383
1285,4.30159592628479,0.010793251079250707,0.9489615678787231,0.003364441101525215
1286,4.301484823226929,0.010815762586936273,0.9489337146282196,0.00335278527127022
1287,4.301265287399292,0.01088580981829877,0.9489252805709839,0.00336323534437401
1288,4.301146697998047,0.011062059861363176,0.9488786935806275,0.003386217198375529
1289,4.30102310180664,0.011043647210415175,0.9488134503364563,0.0033579574930688114
1290,4.30094428062439,0.011138905281907412,0.9487550616264343,0.00337361671830886
1291,4.3007584571838375,0.01110354331140455,0.9487097084522247,0.0033399290445077774
1292,4.300652170181275,0.011218256943860099,0.9486772835254669,0.0033583484331978684
1293,4.3005143165588375,0.011131564184357802,0.94866384267807,0.0033777556232078053
1294,4.300402545928955,0.01140272542180416,0.9486567139625549,0.003458338063399083
1295,4.300343990325928,0.01153296585040154,0.9486000955104827,0.003525070903651468
1296,4.300161743164063,0.011427477177700186,0.948580938577652,0.003475739006806569
1297,4.300096702575684,0.011410514143721039,0.9485250771045685,0.0034470007034253704
1298,4.300154972076416,0.011296670067212066,0.9484818875789642,0.003411838003670862
1299,4.3000006675720215,0.01125257212969809,0.9484512090682984,0.003407873338656888
1300,4.208226108551026,0.00688765961825351,0.9570349752902985,0.002953260730284478
1301,4.208827877044678,0.006831441535638572,0.956872034072876,0.0030001691711158164
1302,4.209241199493408,0.006511691713335619,0.9567111551761627,0.0029314052559872516
1303,4.209650278091431,0.006503015769104438,0.9565912663936615,0.002923242531114028
1304,4.210150241851807,0.0061748518601779405,0.9563565790653229,0.0028144244938943857
1305,4.210617542266846,0.006303505419114668,0.9561440706253052,0.002813591152796471
1306,4.21124267578125,0.006382517202273816,0.9560394406318664,0.0028310304647295535
1307,4.211494827270508,0.006294304637162223,0.9559550881385803,0.0029138409920097356
1308,4.211831092834473,0.006115807789900864,0.9558434128761292,0.0027946197310886245
1309,4.2122802734375,0.006167331069141977,0.955742472410202,0.002786444018256412
1310,4.212682294845581,0.005708280679857344,0.955586701631546,0.002576330310167178
1311,4.212994813919067,0.005516990233026936,0.9554699063301086,0.0024973816499009767
1312,4.213319873809814,0.005470351429326963,0.9552991032600403,0.0024339047583153786
1313,4.213749599456787,0.0055693430395177155,0.9551394999027252,0.0024419463877485446
1314,4.213941621780395,0.005467245138635839,0.9550456225872039,0.0024289246529344576
1315,4.21426911354065,0.00539208193368874,0.9549165427684784,0.00237124737635083
1316,4.214364290237427,0.0054494798898513525,0.9548791468143463,0.0024367509875701673
1317,4.214657306671143,0.005643686108657104,0.9547435462474823,0.00250686123830814
1318,4.214883947372437,0.005469359342840109,0.9546718955039978,0.0024790987108980677
1319,4.214983415603638,0.00537974972341992,0.954636526107788,0.002456829062823483
1320,4.215032768249512,0.005332457710698661,0.9545662879943848,0.002439122095900821
1321,4.215322113037109,0.0050628865545595285,0.9544530153274536,0.0023554331368726656
1322,4.215599155426025,0.005023635967331008,0.9543410003185272,0.002278945749781528
1323,4.215796422958374,0.00502494959352998,0.9542042255401612,0.0023281821821033418
1324,4.215894794464111,0.004826912250154712,0.95418102145195,0.002312907999474621
1325,4.215837574005127,0.004806274557353912,0.9540980875492096,0.0022959223312704353
1326,4.215771913528442,0.004793076351840201,0.9541268706321716,0.002286158619505975
1327,4.215805530548096,0.004630279728054256,0.9540366411209107,0.002240830865226373
1328,4.216164922714233,0.0047023716111628,0.9539136290550232,0.0022443602630640236
1329,4.2165826797485355,0.004750377919742245,0.9538003265857696,0.0022535276330952316
1330,4.216790866851807,0.0048740509376360205,0.9537049353122711,0.002267126066884335
1331,4.217099332809449,0.004490633858221162,0.9534943521022796,0.002142751281814475
1332,4.217118597030639,0.004519630740620083,0.9534758925437927,0.0021576201112849087
1333,4.2175713062286375,0.004064662010876306,0.9533180058002472,0.002070189608162958
1334,4.217524719238281,0.00393383319670748,0.9533088266849518,0.0019942607681279288
1335,4.2177934646606445,0.0040290084540699255,0.9532265841960907,0.002055470864773539
1336,4.217987108230591,0.0038257495753201702,0.9530562698841095,0.0019606701737515313
1337,4.218311595916748,0.00392192544024563,0.9528877139091492,0.002031397128221122
1338,4.21835355758667,0.004044504805682875,0.9528168976306916,0.0020838122787415255
1339,4.218668985366821,0.004500944956311325,0.9526592373847962,0.0022325232236338876
1340,4.21877965927124,0.004843770784738572,0.952598226070404,0.002323366235503601
1341,4.218832349777221,0.00488352766740367,0.9524826586246491,0.002362230821888475
1342,4.218774652481079,0.004981268757630613,0.9524545192718505,0.0023595505830034864
1343,4.2187721729278564,0.004932493220302649,0.952418851852417,0.0023227782857113744
1344,4.2190086364746096,0.0052457149155415396,0.9522748470306397,0.0024161579171342712
1345,4.219070672988892,0.0053022203608708435,0.9522404313087464,0.0024386512085040014
1346,4.2190436840057375,0.005346494639668895,0.9521525204181671,0.0024313452250764853
1347,4.219065237045288,0.005301486897319572,0.952057832479477,0.002467042324428351
1348,4.219070625305176,0.005234053589761739,0.9520173490047454,0.002424943147598838
1349,4.219283723831177,0.005315257567531284,0.9519318044185638,0.002456706289469169
1350,4.219382381439209,0.005254336472163075,0.9518621861934662,0.002416791049700572
1351,4.219562673568726,0.005268850912747395,0.9517256855964661,0.002375869841354956
1352,4.219586563110352,0.005097913899433814,0.9516875743865967,0.002382732957183523
1353,4.219582033157349,0.0051696454216935426,0.9516126692295075,0.002363996513164221
1354,4.2194441795349125,0.005176712594603457,0.9516050338745117,0.002352715727284321
1355,4.219308519363404,0.0049350746169925155,0.9515827536582947,0.0022310147278507895
1356,4.219337129592896,0.004961669720208887,0.9515020430088044,0.0021706580015733866
1357,4.219165277481079,0.004794758512827551,0.9514658689498902,0.0021087177404069267
1358,4.219236707687378,0.004772992147419785,0.9513792097568512,0.0020419611225071716
1359,4.219337892532349,0.004758515181865868,0.9512788951396942,0.0020176785427123084
1360,4.219218826293945,0.004400020433454157,0.9512010872364044,0.0018511893963732453
1361,4.219234657287598,0.0044178734750348865,0.951131159067154,0.0018760794237081715
1362,4.219205904006958,0.004482306974277304,0.951083242893219,0.001865105917195329
1363,4.2194495677948,0.004738796303732708,0.9509789943695068,0.0019436931748901473
1364,4.219429683685303,0.004543691710800044,0.9509392738342285,0.0018687830119060334
1365,4.2195038318634035,0.0043301494992915865,0.9508717775344848,0.0017917318120688013
1366,4.21944375038147,0.004260728906645586,0.9508188605308533,0.0018086192621519814
1367,4.219271993637085,0.004366394082624207,0.950801283121109,0.0018479929125789338
1368,4.219053459167481,0.0043163619733491785,0.9508115947246552,0.001869766943077026
1369,4.218978691101074,0.004459176044319679,0.9508080065250397,0.0019099889660182463
1370,4.218823766708374,0.004430602899322605,0.9507838249206543,0.001925957160570546
1371,4.218850898742676,0.004356271852880552,0.9507324695587158,0.0019303064444990356
1372,4.218859672546387,0.00418015291915869,0.9506611227989197,0.0018196349552767022
1373,4.219059705734253,0.004183289464432139,0.9505021750926972,0.0018198308799773865
1374,4.218838500976562,0.004334130881030866,0.9504932463169098,0.0018711456149777671
1375,4.218662166595459,0.004429693462129618,0.9505112946033478,0.0018679841251324593
1376,4.218586587905884,0.004454178726762665,0.950455516576767,0.0018714688470306453
1377,4.218462419509888,0.004293214006889011,0.9504602491855622,0.0017967073464260567
1378,4.218401288986206,0.004216941496095587,0.9503985166549682,0.0017322131488818567
1379,4.218199443817139,0.0042930197864968645,0.9504431188106537,0.0017512345636981842
1380,4.217957925796509,0.0042061366596438795,0.9504676043987275,0.0017099160811243211
1381,4.217849349975586,0.004165067960132059,0.9504328489303588,0.0016867647608259544
1382,4.217744493484497,0.004232080188579644,0.9503918528556824,0.0017039173381680557
1383,4.2176906108856205,0.004250027552662301,0.9503512024879456,0.0016845967921566192
1384,4.217457818984985,0.004217231189855793,0.9503756403923035,0.0017066967119187555
1385,4.2173747539520265,0.004016969135766474,0.9503547430038453,0.0016614868877845984
1386,4.2172003269195555,0.004145753557066489,0.9503211736679077,0.0016990009222936488
1387,4.2172157764434814,0.004253807818365477,0.9502686858177185,0.0017016966264697957
1388,4.217061710357666,0.004294001583601723,0.9501911342144013,0.001658043480768561
1389,4.217011499404907,0.0042722519048696995,0.9501459419727325,0.0016592286693000184
1390,4.216890907287597,0.004222123464557639,0.9500821590423584,0.001604400223863767
1391,4.216816329956055,0.0040983370834554575,0.9500063002109528,0.0016008417654827696
1392,4.216696166992188,0.004028132800603225,0.9499874591827393,0.0015611417403760344
1393,4.216501903533936,0.00405074829690377,0.9499375700950623,0.0015654611480838626
1394,4.216293144226074,0.003916552700680474,0.9499191403388977,0.0015468406351870536
1395,4.2161030769348145,0.004045014618927835,0.9499132752418518,0.0016028612602098835
1396,4.215912580490112,0.004049996111922298,0.9498951137065887,0.0016507779988760513
1397,4.215708875656128,0.004088911672087176,0.9498463571071625,0.0016848821825702495
1398,4.215503454208374,0.0039819314424075864,0.9498408496379852,0.0016821737405982055
1399,4.215173768997192,0.004008245120248663,0.949847549200058,0.0017107599924833866
1400,4.117346143722534,0.004077234531755263,0.9605325818061828,0.0019232198377426557
1401,4.117559576034546,0.004123267733622272,0.9604561626911163,0.0019113187894079708
1402,4.118004083633423,0.0042744197679346445,0.960302197933197,0.0018473198412420177
1403,4.118441820144653,0.004313563259605532,0.9601891577243805,0.0017580995523823397
1404,4.118929719924926,0.00454647666767469,0.9600193798542023,0.0017763093333426619
1405,4.119554948806763,0.004753135549674261,0.9598131656646729,0.0018789494260758846
1406,4.119696998596192,0.0046761571471539715,0.9597434878349305,0.0018455869697500764
1407,4.120051097869873,0.004673413948549999,0.9596936762332916,0.0018397564926196529
1408,4.120459079742432,0.00467969422007475,0.9595310091972351,0.0019114490871847104
1409,4.120716333389282,0.004698108089625517,0.9593891024589538,0.001912535798793675
1410,4.121250629425049,0.004688175307250683,0.9591648042201996,0.001975647914855369
1411,4.121431732177735,0.004813053046183662,0.9590824723243714,0.002025285098822742
1412,4.121484804153442,0.004844576450433893,0.9590565025806427,0.0019877757209759562
1413,4.121380996704102,0.004781799309880312,0.9591226220130921,0.001950339011961036
1414,4.1218177318573,0.004676296816286653,0.9589963495731354,0.0019907358564380004
1415,4.122218036651612,0.004669743775881389,0.9588987708091736,0.001963522023230777
1416,4.122350788116455,0.004636262630219856,0.9589105367660522,0.0019315943057019109
1417,4.122523212432862,0.005041254983763892,0.9588773369789123,0.001985475629862352
1418,4.1227199077606205,0.0051529292134969255,0.9587107598781586,0.002031144509960323
1419,4.12294921875,0.005052775385519127,0.9586258888244629,0.002022044033439015
1420,4.122898387908935,0.005231522864733743,0.9586389243602753,0.002055962471308903
1421,4.123003625869751,0.005235882820522098,0.9585729360580444,0.0021611215780775817
1422,4.123196125030518,0.005165692666679988,0.9584553658962249,0.0021639374073478016
1423,4.123202180862426,0.00507645753609182,0.9584257960319519,0.002107244310305066
1424,4.123158264160156,0.005138304174102074,0.9583793103694915,0.0021037190783647426
1425,4.123526477813721,0.005332141233300868,0.9582476019859314,0.0020805121147998047
1426,4.123795127868652,0.005380409479325527,0.9581173241138459,0.0021192158349443934
1427,4.123776054382324,0.005297758425036657,0.9579884648323059,0.00211959785448171
1428,4.124194860458374,0.00528436798753841,0.957810389995575,0.0021355681798071804
1429,4.124228572845459,0.005265215886520259,0.9577852368354798,0.002093318119412918
1430,4.124174451828003,0.005341090128639861,0.9577770352363586,0.0021627648831290705
1431,4.124597454071045,0.005145379622892777,0.9576527237892151,0.0021336939414423493
1432,4.124745178222656,0.005324068851229769,0.9575462341308594,0.0021940262041257644
1433,4.124785089492798,0.005388331488046415,0.957522988319397,0.002207413451184466
1434,4.125165176391602,0.005462321193717977,0.9573856234550476,0.002157173149286256
1435,4.125197029113769,0.005399627967419968,0.9573390781879425,0.0021091286166778573
1436,4.125259780883789,0.005435795506845226,0.957268762588501,0.002112628874905708
1437,4.125249242782592,0.005584430211556829,0.9572232842445374,0.0021772129286977983
1438,4.125319290161133,0.0054666066451712625,0.9571302771568299,0.002130696510804008
1439,4.125447416305542,0.0055067105114773056,0.9570859909057617,0.002106152808392426
1440,4.125515270233154,0.005554367728495095,0.9570262849330902,0.002068424499311711
1441,4.1252827644348145,0.00576307120541432,0.957077544927597,0.0021184745331835576
1442,4.125465679168701,0.0057906377347602955,0.9570028245449066,0.002095752010598191
1443,4.125622081756592,0.005727150076349206,0.9568976163864136,0.002100857867946919
1444,4.125674867630005,0.005699325324620928,0.95682452917099,0.0021210326737017443
1445,4.125791788101196,0.005520188593339122,0.9567676186561584,0.002144751988351992
1446,4.125932693481445,0.0057429049229909,0.9566651344299316,0.002200802552208916
1447,4.126184415817261,0.005602073078345709,0.9566018998622894,0.002238195234710673
1448,4.126190423965454,0.005420910217065166,0.9565316677093506,0.0022275628079543963
1449,4.126305150985718,0.0055401322641374685,0.9564545273780822,0.0022605714079742905
1450,4.126349258422851,0.005678793129059513,0.9563630878925323,0.002304033751831903
1451,4.126412105560303,0.005664259767813839,0.9562800049781799,0.002310168780763248
1452,4.126539707183838,0.005576588522947375,0.9561454594135285,0.00228750644414049
1453,4.126497364044189,0.005636789038447014,0.9561385333538055,0.002287318651534402
1454,4.126472282409668,0.005710462383246402,0.9561390519142151,0.0022644800967428
1455,4.126296043395996,0.005612996208252527,0.9561322152614593,0.0022881438862254327
1456,4.126560688018799,0.005730119422512993,0.9560082077980041,0.0023163019123641072
1457,4.126381158828735,0.005585023403373478,0.9560239315032959,0.002216575672448106
1458,4.126449155807495,0.005511568159939416,0.9559306025505065,0.002175124673380868
1459,4.126475477218628,0.005481451662813144,0.9558598220348358,0.002118490799421756
1460,4.126510190963745,0.005514319351281593,0.9558184683322907,0.0020990735089211673
1461,4.1264573097229,0.005656166536561115,0.9557631731033325,0.0020865632544322527
1462,4.126406240463257,0.005543215055223439,0.9557297587394714,0.0020256958788784814
1463,4.126382780075073,0.005290651555609156,0.9556966543197631,0.0019226361497177713
1464,4.126242637634277,0.0053856701943257165,0.9556709110736847,0.0019179556385277902
1465,4.1261474132537845,0.005508476796574718,0.9556102395057678,0.001904181374836641
1466,4.126130199432373,0.005571168624315065,0.955522108078003,0.0019438639932083644
1467,4.126112699508667,0.005617008355391947,0.9554696202278137,0.001873213019663652
1468,4.126050519943237,0.00568085093530586,0.9554037153720856,0.0019074136610440354
1469,4.126108646392822,0.0055714660683168485,0.9553245961666107,0.00190539258472997
1470,4.126102685928345,0.005819915371743777,0.955259895324707,0.0019571249218831464
1471,4.126044797897339,0.005650823303564473,0.9552505552768707,0.0018680852017647707
1472,4.126076412200928,0.005541527251038835,0.9552003800868988,0.0019027187717250858
1473,4.126204204559326,0.005620938704202827,0.9550760090351105,0.0018778977229759045
1474,4.125963306427002,0.005527535241427938,0.9550675630569458,0.0018937634846300704
1475,4.125902843475342,0.005519364385084915,0.9549852013587952,0.0018523670738864416
1476,4.125681686401367,0.005503021379098915,0.9549839317798614,0.0018263739425539234
1477,4.125600290298462,0.005499148564952592,0.9549893379211426,0.0018158003166055445
1478,4.125576782226562,0.005425303687270472,0.9549149870872498,0.001864678061660316
1479,4.125562858581543,0.005285227451099743,0.9548941850662231,0.001840788375603539
1480,4.125406789779663,0.005284365100863829,0.954893308877945,0.0018286803226876117
1481,4.1255663394927975,0.005249163206461714,0.9547743976116181,0.0018159389453960787
1482,4.125493860244751,0.0055497437313773625,0.954708731174469,0.001834128969939834
1483,4.125573301315308,0.00538679964938247,0.9546306014060975,0.0017911454764570464
1484,4.125401782989502,0.00540270031831289,0.9546567261219024,0.0017733062350079698
1485,4.125400829315185,0.005378454678323499,0.9545988142490387,0.0017596842722241548
1486,4.125431823730469,0.005411917399041043,0.9545477867126465,0.0017244472151584642
1487,4.125355577468872,0.005478588899607048,0.9544971823692322,0.0017027089082488605
1488,4.125126314163208,0.0055716736281093944,0.9545106947422027,0.001701065798666884
1489,4.125075817108154,0.00538075097353442,0.9544543087482452,0.0015725013241846516
1490,4.124992418289184,0.005358083297597141,0.9543731093406678,0.0015990049640944907
1491,4.125027275085449,0.0054044128748875165,0.9543051362037659,0.0015955995220093896
1492,4.12497878074646,0.005375534432319746,0.9542439818382263,0.0016348246909014584
1493,4.12482213973999,0.005416585406580447,0.9542519986629486,0.0016108101285740547
1494,4.124816036224365,0.005638623806804467,0.9541355729103088,0.001660502897952792
1495,4.124645137786866,0.005824052646482145,0.9541315555572509,0.0016812736271643919
1496,4.12464075088501,0.005831221958533171,0.9540905773639679,0.0017119198818537566
1497,4.124389600753784,0.005901247685890755,0.9540867686271668,0.001744343448217176
1498,4.124383592605591,0.005897330064553359,0.9540217816829681,0.0017454087189182183
1499,4.124168634414673,0.0058590578038570885,0.9540182769298553,0.0017438131243123602
1500,4.036101627349853,0.007244406967414976,0.9620826661586761,0.002659723243689078
1501,4.036257791519165,0.007374846432940457,0.9620161950588226,0.002764627733428406
1502,4.036446189880371,0.007109998735558889,0.961940735578537,0.002666821459905511
1503,4.036711835861206,0.0072754278296444435,0.9618369758129119,0.002790278592711493
1504,4.037020969390869,0.007097826947908142,0.9617151141166687,0.002716813070636314
1505,4.037291049957275,0.006979246388309794,0.9616236388683319,0.002626473236875222
1506,4.0379791259765625,0.0069973934200710354,0.961361026763916,0.002658606469283606
1507,4.038240575790406,0.00718780749661153,0.9612062454223633,0.0026263069796541
1508,4.038657903671265,0.007185741064333201,0.9610060453414917,0.0026052187439141367
1509,4.038951063156128,0.007582138897315223,0.9608928620815277,0.00270747531096552
1510,4.039333534240723,0.007543571750536482,0.9607997000217438,0.0026435694944617768
1511,4.0395160675048825,0.0075944889991359866,0.9606890738010406,0.0026539372863656936
1512,4.03946623802185,0.007425750810095917,0.9607459366321563,0.002613286352682822
1513,4.0397834300994875,0.00729900059090389,0.9606736481189728,0.0025879910768935328
1514,4.0400947570800785,0.007342402429739616,0.9605748176574707,0.002571863262054909
1515,4.0404102325439455,0.007144639833025462,0.9604408621788025,0.002502003924470928
1516,4.040604972839356,0.006981886585407183,0.9603535234928131,0.002414829291107363
1517,4.04088864326477,0.006912867502467491,0.9602582454681396,0.002466887395959345
1518,4.041445207595825,0.006952578983110662,0.9601283848285675,0.0024625249503554014
1519,4.041613626480102,0.006854309948005015,0.9600797951221466,0.002514431771492487
1520,4.041850852966308,0.00665429239058706,0.9600141167640686,0.0024377199978261373
1521,4.042202758789062,0.006656085807147808,0.9598702609539032,0.0024899173416898794
1522,4.042254018783569,0.006769808980749276,0.9598500728607178,0.002498908677327897
1523,4.042447423934936,0.006867307842725938,0.9597867608070374,0.0025151799188941164
1524,4.042568683624268,0.006736514911899853,0.9596810281276703,0.002457191462148075
1525,4.042828750610352,0.006626194428841217,0.9595679044723511,0.0024557640996626046
1526,4.043084573745728,0.006815673056235255,0.9594560086727142,0.002573797445708002
1527,4.043261337280273,0.006733074039823126,0.9593453228473663,0.0025381798121718226
1528,4.043457746505737,0.006442479018775808,0.9592358291149139,0.0024426448208970278
1529,4.043812227249146,0.006720947520504922,0.959102350473404,0.002549579197626425
1530,4.043925762176514,0.006712245421678441,0.9590537369251251,0.00252091820428338
1531,4.044155788421631,0.006766380747822866,0.9589392364025116,0.002449467797789323
1532,4.04433126449585,0.006723144307546121,0.9588176965713501,0.0024935817966596032
1533,4.044527959823609,0.006657397975819908,0.9587138712406158,0.0024125594664016043
1534,4.044438600540161,0.006638131314790632,0.9586764693260192,0.002359974655417637
1535,4.044677352905273,0.006927685098415135,0.9586069583892822,0.0024643012685692956
1536,4.044775676727295,0.0070132371635335386,0.9585624098777771,0.002475789367523422
1537,4.044783687591552,0.006918940878150054,0.9585505187511444,0.002419091389482049
1538,4.045038652420044,0.007101627885891703,0.9585147261619568,0.0024232364359610824
1539,4.045080280303955,0.007125872594079431,0.9584792912006378,0.002428090036906145
1540,4.045277309417725,0.006973852900110601,0.9583808541297912,0.0023564428279571554
1541,4.045323419570923,0.007119001585390795,0.9583622276782989,0.002418136197014594
1542,4.045295906066895,0.006968954398908031,0.9583202540874481,0.0023714491681178715
1543,4.045445537567138,0.007026790434711173,0.9582553088665009,0.0024046914381084593
1544,4.045485401153565,0.0071822430926998665,0.9582065224647522,0.002447820821836937
1545,4.045686388015747,0.006989736505891279,0.9580886900424957,0.0024585360444839034
1546,4.045938301086426,0.007019432793177855,0.957979702949524,0.002496108250236221
1547,4.045915746688843,0.007079334740869449,0.9579406440258026,0.002503347249187508
1548,4.0457839012146,0.007058188367788652,0.9578943371772766,0.002454883538335676
1549,4.045846748352051,0.007000073695756868,0.9578636169433594,0.0023677637105251484
1550,4.045742416381836,0.006979068329100315,0.9578332304954529,0.0023410836627634304
1551,4.0458899974823,0.007046796714293026,0.9577581107616424,0.002401217433129051
1552,4.045956134796143,0.006958666032174343,0.9576538145542145,0.0024317566810749844
1553,4.045913219451904,0.006981739207942338,0.9576025545597077,0.002472072684098712
1554,4.0460289478302,0.00700630665345248,0.957522189617157,0.002456121084079529
1555,4.046037483215332,0.00696192410799904,0.9574941098690033,0.0024354354459002604
1556,4.04602952003479,0.007153541777827207,0.957473623752594,0.002435307147338376
1557,4.045940256118774,0.00702798375540217,0.9574824929237366,0.0024023549502026117
1558,4.04583773612976,0.0068545420828142745,0.9574767589569092,0.002319541726014802
1559,4.045870304107666,0.006819192740692601,0.9573699355125427,0.002259094553829628
1560,4.0459095478057865,0.006787996931143574,0.9572497129440307,0.002264797933863539
1561,4.045777034759522,0.0067705658672814585,0.9572522938251495,0.0023014754945223496
1562,4.04582953453064,0.006734776536458033,0.9572120845317841,0.0023564908766209912
1563,4.045795631408692,0.006425777206423278,0.9571580588817596,0.002251211045594919
1564,4.04593939781189,0.006349466811021067,0.9570833265781402,0.002201025235818775
1565,4.0457123756408695,0.006180807711338576,0.9570866167545319,0.0021524564017538542
1566,4.0458455085754395,0.006088175424677069,0.9569918811321259,0.0021630685684290007
1567,4.045843696594238,0.006223516957043676,0.9569537341594696,0.0022035561396130123
1568,4.045948457717896,0.006054267249177927,0.9568326830863952,0.0021554954807390466
1569,4.045871829986572,0.006053975333826504,0.9568370163440705,0.002173415913480433
1570,4.045966672897339,0.005792206957401265,0.9567519307136536,0.002096545494873755
1571,4.045958518981934,0.005706470909130497,0.9567155063152313,0.0020853885206242842
1572,4.045793056488037,0.005654113890347801,0.956693023443222,0.0021858002864570967
1573,4.045717859268189,0.0055193418915402545,0.956623238325119,0.002191912544161577
1574,4.045640134811402,0.005601530897119196,0.9565810799598694,0.0022276051511253025
1575,4.045590162277222,0.0056494732258549245,0.9565460205078125,0.002248477920643581
1576,4.0455597877502445,0.0057149873961048,0.9565380454063416,0.0023138201938055244
1577,4.045412302017212,0.0056402978664389074,0.9565434873104095,0.002284002192803492
1578,4.045290088653564,0.005481990274075428,0.956495749950409,0.0022342336422108526
1579,4.045509338378906,0.0052670104908942245,0.9563690543174743,0.002224357581095334
1580,4.045572566986084,0.005164737170585438,0.9563092708587646,0.002210215034799763
1581,4.045493841171265,0.005375653715699224,0.9562631070613861,0.0022626581017564746
1582,4.0452728271484375,0.005491296951628238,0.9562630653381348,0.002298310009424191
1583,4.045174217224121,0.005625267111322955,0.9562760174274445,0.002327027834310945
1584,4.044986534118652,0.005613596471510612,0.9562953352928162,0.002309067636108292
1585,4.044975709915161,0.005604246063473732,0.9562435448169708,0.002300408701792083
1586,4.04478178024292,0.005570739844622771,0.9562371492385864,0.002328057478064377
1587,4.044620370864868,0.005595872225769354,0.9561988115310669,0.002319109924862296
1588,4.044711923599243,0.005524969919661745,0.9561098337173461,0.0023654897102068904
1589,4.04450831413269,0.005618276505956243,0.9560977101325989,0.002401769827902856
1590,4.044352436065674,0.0056582721835402895,0.9560730636119843,0.0024595521153208165
1591,4.044201993942261,0.005781403677434019,0.9560548782348632,0.002482565060150139
1592,4.044101190567017,0.005919390885625227,0.9560117900371552,0.0025489720873048093
1593,4.043834018707275,0.005903498173023544,0.9560127437114716,0.00253011970475983
1594,4.043744659423828,0.005881166613612723,0.9559639275074006,0.0025682181122283886
1595,4.04352388381958,0.005816012523059094,0.9559712529182434,0.0025751886919691772
1596,4.043445444107055,0.005785387107904961,0.9559661865234375,0.002582333793764325
1597,4.043125629425049,0.00579594482401001,0.9560287714004516,0.0026059137656031634
1598,4.043013191223144,0.005734573689468732,0.9559867739677429,0.002597435323060951
1599,4.043158721923828,0.0056353995711426646,0.9558658361434936,0.0025564201504139766
1600,3.9542614221572876,0.004055006526282095,0.9642388701438904,0.0016256193380165679
1601,3.954416012763977,0.0040304627700259105,0.9642180144786835,0.0016191898068267372
1602,3.9547175407409667,0.0041355851925085965,0.9641189217567444,0.0016509310276961362
1603,3.955054521560669,0.0042205898435142206,0.9639430582523346,0.001683047372733868
1604,3.95530846118927,0.004167121502470065,0.963846892118454,0.0016396406525343713
1605,3.955561637878418,0.004152148588192637,0.9638193368911743,0.0016686515277194672
1606,3.9557089805603027,0.004316515028796347,0.9637825429439545,0.0017446625670590175
1607,3.9560791015625,0.00442258526044483,0.9636510848999024,0.0017184476874436618
1608,3.9562668323516847,0.004576916192004101,0.963587361574173,0.0017959394287492816
1609,3.956218433380127,0.004521853494959314,0.9635620296001435,0.0018197631303262165
1610,3.9563135147094726,0.004650814158537374,0.9634996235370636,0.0018444532723997287
1611,3.9565439939498903,0.004584206385819488,0.963419395685196,0.0018131983806284437
1612,3.956865739822388,0.004602612268743226,0.9633308708667755,0.0017953070267668159
1613,3.9572317838668822,0.0043546344740026865,0.9632525682449341,0.0017633527440531478
1614,3.9576339960098266,0.004199400960346344,0.9631021857261658,0.0016180551502956663
1615,3.9577768087387084,0.004211495003668506,0.9630805432796479,0.0016383981697172445
1616,3.9582285404205324,0.004364183074933187,0.9629148721694947,0.0017231940879710625
1617,3.958507037162781,0.0046056216993599465,0.9628407418727875,0.0018083873752979254
1618,3.958665704727173,0.0045381639685687855,0.962776392698288,0.0017653737776475442
1619,3.958683633804321,0.004567289893365315,0.9627571046352387,0.0017298930952370675
1620,3.959062337875366,0.004554444569613213,0.9626410484313965,0.0017283312448527018
1621,3.9592942714691164,0.00470392164971026,0.9625087678432465,0.0017424356172110488
1622,3.9595440864562987,0.004676878955912675,0.9624215602874756,0.0017513164192275862
1623,3.9597782373428343,0.0046576826551409265,0.9623266339302063,0.0017376455041886582
1624,3.9599892854690553,0.004817263399293323,0.9621638000011444,0.0018053025096983145
1625,3.9603695392608644,0.004715688762960367,0.9619855999946594,0.0018034512861078635
1626,3.9605132579803466,0.004732421851022499,0.9619628190994263,0.001865686004354139
1627,3.9605528593063353,0.004953042332286089,0.961897897720337,0.001988831469927878
1628,3.9607839822769164,0.0052792653542329294,0.9617661952972412,0.002099077076617818
1629,3.960926389694214,0.005070277211485509,0.9617030203342438,0.0020420714548252403
1630,3.96110417842865,0.005144540622319964,0.9616071462631226,0.0020063205029197573
1631,3.96158127784729,0.005000303265352262,0.9613462746143341,0.0019402670587784871
1632,3.9618507385253907,0.00488783065834747,0.9611872494220733,0.0018459430031564181
1633,3.961931037902832,0.004871485818810772,0.9611777245998383,0.0018278965016002516
1634,3.961958622932434,0.00485659200216438,0.9611437916755676,0.0018208264429754569
1635,3.9619038581848143,0.004773471273279011,0.961150848865509,0.0018302396301467625
1636,3.9618234872817992,0.004750387777458102,0.9611012399196625,0.0018743980389275903
1637,3.9616466522216798,0.004751071604114627,0.9611486494541168,0.0018745692327231437
1638,3.9616663455963135,0.004719745573248653,0.9611315667629242,0.001837708205007347
1639,3.961705803871155,0.0047052140792117865,0.9610668838024139,0.0018062187369840667
1640,3.9616633892059325,0.00465144214565262,0.9610662162303925,0.0018022161625895928
1641,3.961620497703552,0.0046348859852619025,0.9610104084014892,0.0017991810509988717
1642,3.9617748498916625,0.0045601866094286654,0.9609472990036011,0.0017346914182354912
1643,3.961757755279541,0.004358068547312041,0.9608848333358765,0.0016912123337923038
1644,3.9617130756378174,0.004308724273148085,0.960869562625885,0.001719404766249153
1645,3.961605668067932,0.004387320587268656,0.9608467280864715,0.0017518264643558354
1646,3.961730122566223,0.004446393208783455,0.9607549250125885,0.0017769467845035758
1647,3.961948585510254,0.004500746667594748,0.9606410682201385,0.0017682331564327484
1648,3.9619213342666626,0.004614908635604913,0.9606120526790619,0.001848132612703277
1649,3.9619388580322266,0.004688021905189762,0.9605302810668945,0.001958982207849972
1650,3.961864542961121,0.00489735898091198,0.9605021178722382,0.0020268718982802167
1651,3.961880421638489,0.004695283911119416,0.9604141592979432,0.0019479460468603584
1652,3.96195650100708,0.004656480201738565,0.9603345274925232,0.0018814258574988633
1653,3.9620147228240965,0.0047015584554284595,0.9602259218692779,0.0019036954274239386
1654,3.9620667934417724,0.004808865914629052,0.960155326128006,0.0019519601710155938
1655,3.9620980501174925,0.004725794753920122,0.960070675611496,0.0019665173133027094
1656,3.961996006965637,0.004723996899637224,0.9600380957126617,0.0019361541519201417
1657,3.9619457483291627,0.0045341387164054905,0.9600350022315979,0.0018817605702623982
1658,3.962037992477417,0.004461349003215876,0.9599448263645172,0.0017960332941619694
1659,3.962107300758362,0.004404083836151085,0.9598771691322326,0.001783587234401294
1660,3.9620747804641723,0.004347890919526543,0.9598460853099823,0.0017278055788653125
1661,3.962077260017395,0.004477457686610992,0.9597795009613037,0.001757475630748523
1662,3.9622126817703247,0.004458181966406727,0.9596850097179412,0.0017107339764229526
1663,3.9621732234954834,0.004385093908719041,0.9596126556396485,0.0016884409984242355
1664,3.9621532440185545,0.004434615602528348,0.9595903873443603,0.0016420442904800903
1665,3.961950492858887,0.004299340417365407,0.9596034944057464,0.0015770020537910104
1666,3.9618441343307493,0.004308328056775633,0.9595604658126831,0.0015993247861931334
1667,3.9616725206375123,0.00430308860322357,0.959538733959198,0.0015993789424576716
1668,3.9618759393692016,0.004174124987159986,0.9594339609146119,0.0015340363428231229
1669,3.961652398109436,0.004116600327745503,0.9594198882579803,0.0014596311153274063
1670,3.9616180896759032,0.0041006899946568615,0.959378445148468,0.0014799292224255383
1671,3.9616291999816893,0.00419794833358481,0.9593099653720856,0.0015043624517849302
1672,3.9616044759750366,0.004248286867149128,0.9592080175876617,0.0014998903579999225
1673,3.9615534067153932,0.004353081741338365,0.9591883838176727,0.0015181554270364962
1674,3.9616593599319456,0.00434293111262919,0.9590946018695832,0.0015279538876382726
1675,3.9617865324020385,0.004275392015608845,0.9589814424514771,0.0014763695803500466
1676,3.961695122718811,0.004232245279843286,0.9589697241783142,0.0014568179121247468
1677,3.9615259885787966,0.0043129718726417,0.9589714467525482,0.001511413204668327
1678,3.9613481998443603,0.004450008303743515,0.9589665293693542,0.0015657560603258558
1679,3.9613503932952883,0.004417774723497042,0.9589021146297455,0.001570755070552384
1680,3.961305046081543,0.004268820742270915,0.9588580131530762,0.0015625404878755024
1681,3.9612797260284425,0.004362728977211395,0.9588339447975158,0.0015824664270351874
1682,3.961025357246399,0.00426055068829929,0.9588361978530884,0.001511697876574955
1683,3.960935115814209,0.004131376573192959,0.958805936574936,0.001447516558585673
1684,3.960833287239075,0.004208409841376499,0.9587823808193207,0.0014776091679392382
1685,3.9608588218688965,0.00418597213848572,0.9587138772010804,0.0014417561542643168
1686,3.960706901550293,0.004186073536609376,0.9587101757526397,0.001453400157692342
1687,3.960642671585083,0.0040690473608237365,0.9586553275585175,0.001388199258282443
1688,3.96047956943512,0.004031662723612787,0.9586709976196289,0.0013740223182221098
1689,3.960321044921875,0.003886983445656748,0.9586357831954956,0.0013474905024476373
1690,3.9604385614395143,0.003742519814344405,0.958556616306305,0.0013117278924648721
1691,3.960308790206909,0.003793482902860212,0.9584844052791596,0.0013136344520776454
1692,3.960194778442383,0.003587683245530483,0.958444082736969,0.0012708618605577864
1693,3.960129809379578,0.0034758947407893064,0.9583978593349457,0.0012270724832862444
1694,3.9599981784820555,0.003580710566272099,0.9583644270896912,0.0013085061780930382
1695,3.960073447227478,0.0036024385696448273,0.958269327878952,0.0013387710534200565
1696,3.9601943492889404,0.0033979572270117033,0.9581503033638,0.0012909334741837619
1697,3.959977412223816,0.003548713076611272,0.9581428229808807,0.0013437395395136192
1698,3.9597851991653443,0.003639592553356174,0.9581598937511444,0.0013158235224885705
1699,3.9596206665039064,0.003609326906845024,0.958134126663208,0.0013616963078561326
1700,3.8782695531845093,0.005754612396009694,0.9647555708885193,0.0024697250815071303
1701,3.878665637969971,0.0059346893576533305,0.9646721959114075,0.0024742308593433617
1702,3.8791873693466186,0.006045272798760645,0.9645015716552734,0.0024932517800150293
1703,3.87935094833374,0.006262174445646738,0.9644793272018433,0.0024611256066283385
1704,3.8796766996383667,0.006329932978861724,0.9643507719039917,0.0023596169580299003
1705,3.879799222946167,0.006551108434101984,0.9643682599067688,0.0024197117964207143
1706,3.8801306962966917,0.006986017149596417,0.9643089652061463,0.002521621527118215
1707,3.8805028915405275,0.007024530391549494,0.9641457438468933,0.0025385580642914977
1708,3.880619668960571,0.006863513523788263,0.9641168713569641,0.002491813663438311
1709,3.8810959100723266,0.006902048848305801,0.9640413522720337,0.0025246827029936796
1710,3.8814929962158202,0.006974866420899897,0.9639013409614563,0.0025414604647162223
1711,3.8818044900894164,0.006747477126873486,0.9637815713882446,0.0025144853150852035
1712,3.88196542263031,0.0066088026147644715,0.9636816799640655,0.002503876585869479
1713,3.8819881677627563,0.00656424498120328,0.9636839210987092,0.002472885490172747
1714,3.8822130441665648,0.00637328832332662,0.9635583996772766,0.00239522685996534
1715,3.8824633836746214,0.006414482104399885,0.9634978294372558,0.002450953149640476
1716,3.8827250719070436,0.006255912735501595,0.9633928596973419,0.002481728537903885
1717,3.8830901622772216,0.006201640209985856,0.9632622003555298,0.002381488958309836
1718,3.883280038833618,0.006139786067619143,0.9631419360637665,0.0023094209501922465
1719,3.8834274053573608,0.0060010150673374466,0.963076239824295,0.0022494569649501653
1720,3.8835691452026366,0.0058989336766162,0.9629760265350342,0.0022730507108359088
1721,3.8838351011276244,0.005944464543043363,0.9628506243228913,0.0022670015638900686
1722,3.8839463233947753,0.0056332956586082426,0.9627789437770844,0.0021634856315077104
1723,3.8840924501419067,0.005616659039356617,0.9627340495586395,0.0021897284178259797
1724,3.8841520309448243,0.005614301858307035,0.9627155125141144,0.0021768015247405977
1725,3.884125518798828,0.005687976044442088,0.9626628935337067,0.0021959611449060895
1726,3.884288763999939,0.0056863136393427195,0.9625852644443512,0.0021626115139207246
1727,3.884461498260498,0.005938356078367099,0.9624660730361938,0.0022276724774949763
1728,3.8845773458480837,0.0059667597608573176,0.96244096159935,0.002139349603562086
1729,3.884631633758545,0.006022148443631923,0.962390947341919,0.0021599657348217102
1730,3.8848393678665163,0.006096240965643139,0.9623331129550934,0.0021909230770048153
1731,3.884884476661682,0.006153635714132435,0.962292492389679,0.0022388413232041554
1732,3.884944796562195,0.006228226953324122,0.9622358024120331,0.0022460257666358963
1733,3.885105586051941,0.006229324228914927,0.9621386408805848,0.0022146129175894783
1734,3.8852795600891112,0.0061346884786074645,0.962058824300766,0.0021353966304023878
1735,3.8851537704467773,0.006212922722502031,0.962052983045578,0.0020983139332929287
1736,3.8851524114608766,0.006267346300001711,0.9619825422763825,0.0020644750021658683
1737,3.8853976249694826,0.006210600480691078,0.9618725836277008,0.0020920704347995134
1738,3.885442876815796,0.00622824217158964,0.9617877662181854,0.0020732160925545392
1739,3.885425162315369,0.006265122248568064,0.9617675244808197,0.0020662502307892293
1740,3.885559892654419,0.006235527917896984,0.9616603255271912,0.0020288830069418564
1741,3.8854830265045166,0.006226350037737842,0.9616803348064422,0.0020427011414839804
1742,3.885843873023987,0.00644767922593928,0.9615197658538819,0.002104212846152715
1743,3.885791206359863,0.006492782782479368,0.9614856481552124,0.0021752078201993717
1744,3.88570032119751,0.006661569404036136,0.9614518642425537,0.002195742367738978
1745,3.8856821775436403,0.0064444455245501655,0.9614184141159058,0.0021506141397422893
1746,3.8857510089874268,0.006440007939937347,0.961385303735733,0.002196327155439163
1747,3.8858361721038817,0.006346285383992756,0.9613295733928681,0.0021862225514130873
1748,3.885857605934143,0.006419251492916294,0.9612819790840149,0.0022296428632476183
1749,3.8858762979507446,0.006456330928836333,0.9612120985984802,0.0022569577437068613
1750,3.886024737358093,0.0064747271251820015,0.9610901772975922,0.0023349734903701557
1751,3.8860522985458372,0.006392587189145028,0.9610294103622437,0.002332037672059644
1752,3.8861576318740845,0.006384064117704406,0.9609318852424622,0.0023049709220545078
1753,3.8863211154937742,0.006528409213090147,0.9608055830001831,0.0023984772606107695
1754,3.886414575576782,0.006558631095447364,0.9607322454452515,0.0024190556448852782
1755,3.8862130403518678,0.00656766268063598,0.9607626676559449,0.0023770932828864255
1756,3.886342763900757,0.006343937368657725,0.9606462478637695,0.0023107047041972047
1757,3.8862066507339477,0.006400811941678235,0.9606184363365173,0.0023121006287328844
1758,3.886473608016968,0.006449884657446294,0.9604892611503602,0.0022978092946900285
1759,3.886365008354187,0.006540728424623542,0.9604624271392822,0.00228990428676288
1760,3.886354184150696,0.006516176021288485,0.9603423476219177,0.0023082681139926352
1761,3.8862937450408936,0.006469801229148161,0.9603236019611359,0.0023222603881536946
1762,3.8862287998199463,0.006496164882326829,0.9603050172328949,0.002342027628740059
1763,3.8862816095352173,0.006636360848016244,0.9601943850517273,0.002413066777673237
1764,3.8864160060882567,0.006550838795888847,0.9600917935371399,0.0023973081136953868
1765,3.8863988637924196,0.006608279117032126,0.9599971890449523,0.002376039598745498
1766,3.8864731073379515,0.006651668269010265,0.9598964214324951,0.0023619391440526448
1767,3.8864157676696776,0.006593171705616289,0.9598801553249359,0.002342856635629181
1768,3.886303424835205,0.006496526941352247,0.9598848402500153,0.0023306847328529163
1769,3.8861716270446776,0.006497929340659993,0.9598618865013122,0.0023572474972950058
1770,3.8860913515090942,0.00660534725586857,0.9598116099834442,0.0024081843894588582
1771,3.8861273527145386,0.006557428114971688,0.9597275495529175,0.0023502038155054444
1772,3.886001634597778,0.006536387878018971,0.9596851110458374,0.002347716798114996
1773,3.885968780517578,0.006687111552336162,0.9596362590789795,0.0023687161275391267
1774,3.885828733444214,0.006863831718750245,0.9596351325511933,0.002452826933004115
1775,3.885788822174072,0.006938139257296787,0.9595532834529876,0.002493130584761814
1776,3.88583357334137,0.006622175821519023,0.9595190227031708,0.0024617130169313772
1777,3.8856945991516114,0.0066865044079345405,0.959545087814331,0.002517514125049874
1778,3.8854705095291138,0.006688923399516639,0.9595443785190583,0.0025510391258835377
1779,3.8853609561920166,0.006601387125118537,0.9595171809196472,0.0025421499770929175
1780,3.88524649143219,0.006556237152866868,0.9594770848751069,0.00254540929017894
1781,3.885206437110901,0.006544600086488114,0.9594176352024079,0.0024805694260391603
1782,3.8852351903915405,0.006386285499477093,0.9593260169029236,0.0024443554870779093
1783,3.8852784872055053,0.006373142652831821,0.9592351734638214,0.002444390722668977
1784,3.885152816772461,0.006534254794512932,0.9592033743858337,0.002491150925298198
1785,3.885154390335083,0.006549471410312658,0.9591331362724305,0.0024335980263356493
1786,3.8849984407424927,0.006572464940405,0.9591148555278778,0.0024069080303706207
1787,3.8848503828048706,0.0064982186558556155,0.9590967237949372,0.002365912875521889
1788,3.884675121307373,0.006644383538656087,0.9590787351131439,0.002391954498376917
1789,3.8845279932022097,0.006657897759181083,0.9590736031532288,0.0023962822047424595
1790,3.884638476371765,0.006465858693657945,0.958967387676239,0.0023529014082443165
1791,3.884444236755371,0.006508339596587708,0.9589501559734345,0.0023871033470934297
1792,3.8843228101730345,0.006714196817787879,0.9589267849922181,0.002477179904570111
1793,3.8841538190841676,0.0067274538544406,0.9589285731315613,0.002467983059190357
1794,3.884187030792236,0.0067718832777199055,0.9588495016098022,0.0024320192213686037
1795,3.884295177459717,0.006753940225620324,0.9587648630142211,0.0024260705822950215
1796,3.884164595603943,0.006652372974442287,0.9587179183959961,0.0023901661046658025
1797,3.884117841720581,0.006639867671076053,0.9586590528488159,0.0023667278285957687
1798,3.883927345275879,0.006670095471544575,0.9586740970611572,0.0023955278525709793
1799,3.8837114334106446,0.006653632128026651,0.9586524188518524,0.002416295950598629
1800,3.7996373891830446,0.004448177267000672,0.967180049419403,0.0018777587455917181
1801,3.7999208688735964,0.004554831927439358,0.9670912325382233,0.0019100653024377457
1802,3.800100541114807,0.004578479415608821,0.9670035243034363,0.0018788138892542527
1803,3.800335240364075,0.004676959381631752,0.9669169247150421,0.0018653917751303797
1804,3.800586533546448,0.0045145379011768735,0.966792631149292,0.0018750836689735264
1805,3.8007848501205443,0.0044011109881825754,0.9667469203472138,0.0018518832385009997
1806,3.8011908531188965,0.0041393390568030064,0.9666060507297516,0.0018268782061875613
1807,3.801529955863953,0.0038835605683655724,0.9664288520812988,0.0016978448774680368
1808,3.801820421218872,0.003783332216241641,0.9663388907909394,0.0017297510420386756
1809,3.8019402503967283,0.0038899865884497904,0.9662781894207001,0.0018099022611046682
1810,3.802436184883118,0.00387083479958034,0.9661154627799988,0.0018391897384352812
1811,3.802635979652405,0.003948993718746932,0.9660475432872773,0.0019188748012464538
1812,3.8028076171875,0.004061070475786315,0.9660265803337097,0.0019222565991300104
1813,3.8029878616333006,0.00418446609205957,0.9659508109092713,0.0019090215829063058
1814,3.8032146692276,0.0041263631444881516,0.9658759117126465,0.0018529883152081932
1815,3.8033411502838135,0.003950106108830768,0.9658381700515747,0.0018253781019039214
1816,3.8035595655441283,0.004055125281382793,0.9657467544078827,0.0018695981457874848
1817,3.8037548780441286,0.004239828722680189,0.9656743109226227,0.0019439103981368797
1818,3.8040244817733764,0.004187253252163623,0.9655848741531372,0.001847874534047558
1819,3.80412380695343,0.00412893136362222,0.9655230522155762,0.0017982135883626966
1820,3.8043060064315797,0.004341220484617825,0.9654795467853546,0.0018181200064735685
1821,3.804212784767151,0.004500372170267009,0.9655066549777984,0.001813590139265832
1822,3.804515075683594,0.0044411567255258685,0.9654114365577697,0.0018079420959932284
1823,3.8045109033584597,0.004247540833887694,0.9653952777385711,0.0017669859192044975
1824,3.804656147956848,0.004457417035104164,0.9653706848621368,0.0018178802673228388
1825,3.804790210723877,0.004471270512447617,0.9653120696544647,0.001834436409264082
1826,3.80488064289093,0.004307252903259178,0.9652881979942322,0.0017774342325707123
1827,3.8050119400024416,0.00450296842219636,0.9652221858501434,0.0018155053463424036
1828,3.8050950527191163,0.00445493689289989,0.9651906251907348,0.0018590238052685795
1829,3.8052255153656005,0.004409776123555893,0.9651174426078797,0.0018670378437175164
1830,3.8053958654403686,0.004390004372884487,0.9649949908256531,0.0018861772414067478
1831,3.805471968650818,0.004515144495718016,0.9649568378925324,0.0019539242152337506
1832,3.80549418926239,0.004458901658976575,0.9649273455142975,0.0019105970111862425
1833,3.805741548538208,0.004535884671197097,0.9648571014404297,0.0019704951752284932
1834,3.80583336353302,0.00453758662811929,0.9647875905036927,0.001987091734865556
1835,3.8058855295181275,0.0045021837187373326,0.9647350549697876,0.0019813701244219177
1836,3.8059298038482665,0.004489954797602835,0.9646668910980225,0.001984899072784414
1837,3.8061646699905394,0.004386498601506712,0.9645109355449677,0.002024229573140441
1838,3.8062792778015138,0.0044940522659270765,0.9644446253776551,0.002039925415826373
1839,3.806314206123352,0.00448729686905248,0.9643949091434478,0.0020245865038553868
1840,3.806362175941467,0.004441229672971077,0.9642664849758148,0.00201282274407831
1841,3.806597185134888,0.004659447888263368,0.9641866326332093,0.0021112965898228845
1842,3.8064848661422728,0.004716884360435826,0.9641546428203582,0.002196179451310425
1843,3.806331467628479,0.004715895494741877,0.9641463816165924,0.002217122403004276
1844,3.8063153505325316,0.004526456942282903,0.964145964384079,0.0021602619204387392
1845,3.806377720832825,0.00479496362827962,0.9640914618968963,0.002265534551623601
1846,3.8064053058624268,0.004642345778441681,0.9640452027320862,0.002184034404242028
1847,3.8063661575317385,0.004631481150369042,0.9639764368534088,0.002231903221959225
1848,3.8065752506256105,0.004609121040974992,0.9639692425727844,0.0022203407717827322
1849,3.8066741466522216,0.004670035259816222,0.9638560354709625,0.00216802686536317
1850,3.806564974784851,0.004794438411340289,0.9638193666934967,0.002236337323790857
1851,3.806778383255005,0.00493316267749634,0.9637229859828949,0.0021926871986354445
1852,3.806923747062683,0.004927499670645347,0.9636499464511872,0.0021993406182392147
1853,3.8068576097488402,0.004952143321352276,0.9636370360851287,0.0021808047064696915
1854,3.8071032762527466,0.005076532476453279,0.963513320684433,0.0022010673149973434
1855,3.807008647918701,0.0051312020994298295,0.9634717285633088,0.002167692687393689
1856,3.806918501853943,0.0048795989814659204,0.9634085536003113,0.002077923250353859
1857,3.806801962852478,0.004936287490408312,0.9634043216705322,0.0020885826505844876
1858,3.8068928956985473,0.00468437020654824,0.9633420586585999,0.0019929588627759206
1859,3.8067267656326296,0.004619838962605379,0.9633092641830444,0.001945006202926983
1860,3.806732678413391,0.004425633515130392,0.9632551848888398,0.0018981690645875368
1861,3.8067703008651734,0.004437558923809482,0.9631944417953491,0.001943842053095862
1862,3.8067216157913206,0.004456585275796488,0.9631556391716003,0.0019196253507900818
1863,3.8068307399749757,0.004701287664954622,0.9630533516407013,0.001987721444484248
1864,3.806820821762085,0.004891294631799591,0.963001412153244,0.0020628298400300594
1865,3.806941843032837,0.004931601333737444,0.9629147946834564,0.00208376832848594
1866,3.8068543910980224,0.005086682719806044,0.9628779411315918,0.0020851523696804658
1867,3.806761693954468,0.005055411551977776,0.9628762483596802,0.002057210456576003
1868,3.8069603204727174,0.005353027959638717,0.9627635955810547,0.0021429971006249465
1869,3.806878113746643,0.005322608124672056,0.9627348124980927,0.0020889401413988298
1870,3.8067841053009035,0.005332362358304091,0.9627200245857239,0.002066473715972152
1871,3.8067869424819945,0.005428404557706587,0.9626916706562042,0.002163560179848553
1872,3.806752324104309,0.005462764158403068,0.9626226842403411,0.00214768653960643
1873,3.806611919403076,0.0053178314087765745,0.9626221537590027,0.002094016593099681
1874,3.7647939920425415,0.050602263907292055,0.9671875,0.008869472065586704
1875,3.7909576177597044,0.038816859291566634,0.95546875,0.008276171136495147
1876,3.785407829284668,0.031408716291153556,0.9583333253860473,0.010123175829847158
1877,3.780064249038696,0.01983883598622744,0.95859375,0.00785578287968667
1878,3.7774493217468263,0.02313780076502629,0.9584375023841858,0.008721429448827006
1879,3.781890106201172,0.02875094897478783,0.9572916686534881,0.009603697171385657
1880,3.7867849111557006,0.025674829376211076,0.9542410671710968,0.008944062884157347
1881,3.7875338315963747,0.02363842274097407,0.953515625,0.0074685574998437304
1882,3.7875446557998655,0.024695264591505974,0.9538194477558136,0.00794322026297283
1883,3.7892375230789184,0.024468280766386668,0.9528124988079071,0.008162312023388425
1884,3.7924851179122925,0.02051818957099439,0.9512784123420716,0.005915718263108238
1885,3.7909706115722654,0.01929695606264256,0.9516927123069763,0.005366868734612424
1886,3.788209319114685,0.018263848413549093,0.9526442229747772,0.0051056241551385
1887,3.7873766660690307,0.016424107176114686,0.953125,0.0038302165140596217
1888,3.7856603622436524,0.016187945770351337,0.9536458313465118,0.0037797812510323857
1889,3.7861281633377075,0.01603210504620437,0.95341796875,0.004014610310760635
1890,3.786476802825928,0.01676445202068598,0.9532169044017792,0.005522356195172819
1891,3.789253330230713,0.019850938020125466,0.9522569477558136,0.00643116591374356
1892,3.7898295640945436,0.01907576464948562,0.9517269670963288,0.006590921210279759
1893,3.7879333019256594,0.01871150868374595,0.9520312547683716,0.0069604851846812605
1894,3.787026047706604,0.018106301687050123,0.9524553537368774,0.0065941307449086505
1895,3.7871304035186766,0.01766867063188463,0.9521306931972504,0.005944071452749072
1896,3.787518572807312,0.016369854880312833,0.9519021689891816,0.0055634739394063906
1897,3.788083028793335,0.015889443319856054,0.9515625,0.005228185678608689
1898,3.7887561082839967,0.014842456786260252,0.951687502861023,0.005204589604563581
1899,3.788830280303955,0.014317915965522484,0.9511418163776397,0.005360586939792248
1900,3.7275951862335206,0.006217275260716955,0.966832286119461,0.002346624322644023
1901,3.728178596496582,0.0063379104129956095,0.9666666686534882,0.002371586255184942
1902,3.7283844709396363,0.006325481996098003,0.9666404962539673,0.002380089601142633
1903,3.728507733345032,0.0063178275745121686,0.9666146636009216,0.0023715759078762346
1904,3.7289050817489624,0.006181578199782492,0.9665503859519958,0.0023015955942258023
1905,3.729141592979431,0.006127772782301621,0.9664772808551788,0.0022921975410377664
1906,3.7294691801071167,0.005992390911056219,0.9663859069347381,0.0022033643675791062
1907,3.730031228065491,0.006176816713330954,0.9662481069564819,0.0022439157750993094
1908,3.7302852392196657,0.00631760123686354,0.9661214113235473,0.0021478728621150095
1909,3.730513644218445,0.0063093085970232846,0.9660620272159577,0.002107831121914613
1910,3.7306520700454713,0.006437030624102728,0.9660033643245697,0.002164897540074095
1911,3.730854344367981,0.006319511146357161,0.9659453928470612,0.0021082045473513767
1912,3.731288957595825,0.006365570992735742,0.9657680928707123,0.002050423284015591
1913,3.731471037864685,0.006162517818068531,0.9657213747501373,0.0020463833774436386
1914,3.731581211090088,0.006185396356074514,0.9656660556793213,0.002042040501742448
1915,3.7316694021224976,0.0061243313393698805,0.9655841767787934,0.0021458552851766734
1916,3.731857085227966,0.006131113644995309,0.9655483424663543,0.0021615714074174996
1917,3.7320086002349853,0.0058780629583302215,0.9655039489269257,0.0020734565870466964
1918,3.7322374820709228,0.006027076929410785,0.9653887331485749,0.002137244633073053
1919,3.732477569580078,0.0059597775500027945,0.9653280258178711,0.0021604219661168723
1920,3.732499599456787,0.006003228092346676,0.9652679800987244,0.0021225836912547908
1921,3.7327521085739135,0.005920526829069532,0.9651472628116607,0.002044178261958055
1922,3.732795524597168,0.005939972253387124,0.9650976240634919,0.0019814589393911475
1923,3.7330367803573608,0.005889593841139173,0.9650138676166534,0.0019530109849326092
1924,3.7333436489105223,0.006011549772413384,0.9648965477943421,0.002056469179729532
1925,3.7336050033569337,0.006133032331395592,0.9648491144180298,0.0020564211951159183
1926,3.733804154396057,0.00620205954228907,0.9647765994071961,0.002096863141196833
1927,3.7337783098220827,0.0062219577227971765,0.9647812128067017,0.0020780385568616626
1928,3.7340487957000734,0.00600647509539283,0.9647098481655121,0.0020019873946583075
1929,3.7341871738433836,0.005803263901250582,0.964647650718689,0.001981004785595316
1930,3.7341070413589477,0.005723682336732279,0.964619493484497,0.0018959095201806215
1931,3.7342373847961428,0.005521074485914651,0.9645833253860474,0.0018314917659853984
1932,3.7342260122299193,0.0054010217277741905,0.9645640671253204,0.001792366754119015
1933,3.734289264678955,0.005446098562417924,0.9645203709602356,0.0017914235385098022
1934,3.7345917940139772,0.0052880593150689045,0.9643790781497955,0.0017300958020473492
1935,3.7349458932876587,0.005167721114096626,0.9642717778682709,0.001717354975727311
1936,3.7350804805755615,0.0051239648756100055,0.9641979336738586,0.0016730692792183903
1937,3.7351953268051146,0.005258215879543553,0.9641811490058899,0.0016485051183866832
1938,3.735433745384216,0.0053372682829912485,0.9640845000743866,0.001641254383600718
1939,3.7355885744094848,0.005465538747064769,0.9639570116996765,0.001668410065277343
1940,3.7358752965927122,0.005379755238083987,0.9638070404529572,0.0016368669200008575
1941,3.735891270637512,0.005339282991939972,0.9637767970561981,0.0016662077362538939
1942,3.735954189300537,0.005354249483990833,0.9637390196323394,0.001654950862501694
1943,3.7359734058380125,0.00528045605113962,0.9636938214302063,0.001594015800789084
1944,3.7361552715301514,0.005534520312110432,0.9635714292526245,0.0017294336015061989
1945,3.73610372543335,0.005617978639129938,0.9635197818279266,0.0017676480842354722
1946,3.736010217666626,0.005696477300518505,0.9634686291217804,0.0017962416618812335
1947,3.7359540462493896,0.005724769278643565,0.9634791910648346,0.0017381868472670326
1948,3.735900115966797,0.00562749083046224,0.9634287476539611,0.0016756335482990986
1949,3.7359598159790037,0.005697037398956444,0.9633787631988525,0.0016838704072747771
1950,3.7358744621276854,0.005738219854486927,0.9633594691753388,0.0017077766133461688
1951,3.7360408544540404,0.005805013548365062,0.9633178234100341,0.0017008452190983426
1952,3.7360180854797362,0.005793648491867744,0.9632392466068268,0.001665633467287022
1953,3.736037826538086,0.005710617166993089,0.9631688475608826,0.0016477506263902993
1954,3.7360604763031007,0.005673354672496994,0.9630917131900787,0.001592100429892447
1955,3.7360289096832275,0.005618915033277611,0.9630153119564057,0.0015281951486875271
1956,3.736090135574341,0.005655787569517714,0.9629982352256775,0.001510710008621391
1957,3.7360008001327514,0.005588202728180586,0.9630032122135163,0.0015064327325329436
1958,3.7358868598937987,0.005505519712517075,0.9629936218261719,0.0014863903329617916
1959,3.735726499557495,0.005384771754720317,0.9629913210868836,0.0014466109910068047
1960,3.735801267623901,0.005488304388202085,0.9629171431064606,0.0014579634077499075
1961,3.735780215263367,0.005425922623985018,0.9628722846508027,0.001451676717688685
1962,3.7358713865280153,0.005509447026638064,0.9628206968307496,0.00142493456794865
1963,3.7358313322067263,0.0055947959867394615,0.9627412021160126,0.001461849418235499
1964,3.735798382759094,0.005525682483437573,0.9627401173114777,0.0014531250231303156
1965,3.7357810974121093,0.005730533778490795,0.9626898169517517,0.0014928478267633883
1966,3.735638475418091,0.005662937778543071,0.962695974111557,0.0014996431855940245
1967,3.735485482215881,0.0054852380909782466,0.9627229690551757,0.0014407370121239567
1968,3.735788655281067,0.005517471470741753,0.9625763058662414,0.0014213296370620741
1969,3.735807728767395,0.005553017265166262,0.9625207304954528,0.0014063231096200488
1970,3.7358366012573243,0.005675379084980208,0.9624243676662445,0.0014564785340947669
1971,3.735831379890442,0.00559344883328827,0.9623494029045105,0.0014518088749019584
1972,3.7356428861618043,0.005599777930535084,0.9623568773269653,0.0014504863174535753
1973,3.735617661476135,0.005540470510421854,0.9623303532600402,0.0014429063065577053
1974,3.7356679439544678,0.0055442384526202815,0.9622567534446717,0.0014579587442487374
1975,3.735629153251648,0.005541608203496125,0.9622241616249084,0.0014634272106777936
1976,3.7355650901794433,0.00551808203642193,0.9621516585350036,0.0014841985802164493
1977,3.7357336044311524,0.005475502132613406,0.9620931148529053,0.0014808848094558622
1978,3.735561203956604,0.005548792414492473,0.9620749115943908,0.0014891225663402014
1979,3.7355595588684083,0.0056007366812901,0.9619973480701447,0.0014640910965185872
1980,3.7354879856109617,0.005556214094103695,0.9619863033294678,0.0014138201397844883
1981,3.7353514432907104,0.005593333185111046,0.9619425475597382,0.0014461417474290058
1982,3.7353187799453735,0.005669298411665599,0.9619122207164764,0.001448540861907441
1983,3.735105538368225,0.0057836037768274695,0.9619211733341217,0.001487566146828778
1984,3.7350819587707518,0.0057703914492624785,0.9618911921977997,0.001442488476009395
1985,3.7350265979766846,0.005562097696396951,0.9618485510349274,0.001365628435155356
1986,3.7349942445755007,0.005490201676380172,0.9618062794208526,0.0013663804121074007
1987,3.7349733114242554,0.005553048425189166,0.9617707312107087,0.0013419397017125066
1988,3.7348445892333983,0.005438916913642133,0.9617291033267975,0.0013008474582129968
1989,3.7347842693328857,0.005360575241714323,0.9617005109786987,0.0012577882035047043
1990,3.734626841545105,0.005417290307864328,0.9616847813129425,0.0012951389886516793
1991,3.734620761871338,0.00534437670161448,0.9615999460220337,0.001300917129912288
1992,3.7344840288162233,0.005251779676607932,0.9615596771240235,0.0012730411464999516
1993,3.734405779838562,0.005223167375421532,0.9615322172641754,0.001264073184311481
1994,3.7344146966934204,0.005121194354529334,0.9614490091800689,0.0012286315260769914
1995,3.7344295501708986,0.00501581132381253,0.9613726496696472,0.0012222809377239812
1996,3.7343169927597044,0.004990964366974029,0.9613400757312774,0.0011978505735053633
1997,3.7342024564743044,0.0049842696033233136,0.9613261997699738,0.0011678410479064715
1998,3.7339825868606566,0.005068362318294048,0.9613552987575531,0.0011799928919339895
1999,3.733844494819641,0.005078550199820621,0.9613475382328034,0.0011445262454489794
2000,3.6519341468811035,0.005093165307570791,0.9693262994289398,0.0013405223816483243
2001,3.6521836280822755,0.005047405405695017,0.9692239403724671,0.0013271767825110336
2002,3.652768635749817,0.005514363107273586,0.9690541565418244,0.0014686064950636245
2003,3.6531999349594115,0.005565837457398214,0.968974256515503,0.0014927933715051518
2004,3.6534859418869017,0.005498871913081514,0.9688759684562683,0.0015079614470474114
2005,3.6537097454071046,0.005142746921930108,0.9687885284423828,0.0013757972584628817
2006,3.654113245010376,0.00495598616003594,0.9686638593673706,0.0013461786466844553
2007,3.654230833053589,0.005215355493811621,0.9686358451843262,0.0014462182690311942
2008,3.6545931100845337,0.005243405686345807,0.9685325205326081,0.0014261908101494854
2009,3.654757833480835,0.005141075395847127,0.9684492528438569,0.0013777670966725467
2010,3.654936170578003,0.005253021805770693,0.968404334783554,0.001459181249379489
2011,3.6551435947418214,0.005412759002495361,0.9682949423789978,0.001522963109999565
2012,3.6553569078445434,0.00576883206866196,0.9681683897972106,0.0015750171502621176
2013,3.65554461479187,0.00554122445706858,0.9681259214878082,0.0015136400715255825
2014,3.655772852897644,0.005464437804463695,0.9680109560489655,0.001498747996273602
2015,3.656064343452454,0.00556520735824901,0.9679245352745056,0.0014515149132418264
2016,3.656217432022095,0.005650371760146923,0.967839115858078,0.0014826669924482404
2017,3.6564551115036013,0.005701293290845136,0.9676918983459473,0.0015497029764018622
2018,3.6565013885498048,0.005712072040253648,0.9676444411277771,0.001589065396131088
2019,3.6567403078079224,0.005604386882003597,0.9675620555877685,0.0015910563846151411
2020,3.6569226026535033,0.005586646533043047,0.9675334930419922,0.001627596626622847
2021,3.6572381258010864,0.005472242833301935,0.9674439132213593,0.0016132630027583235
2022,3.65738422870636,0.005462823473321957,0.9673814415931702,0.0016098325324778355
2023,3.657471466064453,0.0053913804819968845,0.9673283576965332,0.0016059284017011107
2024,3.6576805830001833,0.00534063250985264,0.9672500014305114,0.0015924059850278506
2025,3.657750105857849,0.00519661164114258,0.9672325074672699,0.0015859191662914792
2026,3.6578085899353026,0.0053093883236694644,0.9671725749969482,0.0015157151524290413
2027,3.657883644104004,0.005452368877723725,0.9671217679977417,0.0015059342268468887
2028,3.6581300020217897,0.005148751297841379,0.967012494802475,0.0014890208821460923
2029,3.6581636905670165,0.005261101648526352,0.9669798672199249,0.0014976951015178615
2030,3.6583087682724,0.0052646586371331,0.9669225752353668,0.0015230691688610776
2031,3.6584694147109986,0.005189054638817149,0.9668741703033448,0.0014239435954270278
2032,3.6586448669433596,0.005141886898067322,0.9668015241622925,0.0014308017686174151
2033,3.6589712381362913,0.005172597883186542,0.9666885673999787,0.00149555099162051
2034,3.6590633153915406,0.005334303167684272,0.966642153263092,0.00156729309676028
2035,3.6591781616210937,0.00519068828411045,0.9665555894374848,0.0016037851130936915
2036,3.6590579748153687,0.0053009530667878545,0.9665669500827789,0.0016176291927444174
2037,3.659063768386841,0.0053740895810632135,0.9664897084236145,0.0016244022856165485
2038,3.659110188484192,0.005397112202641877,0.9664132416248321,0.001619972385844944
2039,3.6592103481292724,0.0053649751364505125,0.9662977755069733,0.0016230571204322555
2040,3.6595362186431886,0.005556587556978784,0.96615971326828,0.001652699424229166
2041,3.6595181941986086,0.00544344461983289,0.9661412298679352,0.0016216982676486532
2042,3.6594996452331543,0.005419944127550811,0.9661151051521302,0.0016038983069271277
2043,3.659694457054138,0.005442890380948237,0.9659956455230713,0.001643233568104575
2044,3.659746217727661,0.005589048562325798,0.9659316837787628,0.0017166086397183726
2045,3.6597530364990236,0.005307091505724107,0.9658992528915405,0.0016299902804774136
2046,3.6598366022109987,0.005422852037081823,0.9658671498298645,0.0016587253861509838
2047,3.6597485303878785,0.005338780746642188,0.9658124208450317,0.0015844578986839014
2048,3.659796404838562,0.005362772258272282,0.9657506048679352,0.0015566111886865445
2049,3.659769296646118,0.005385978159587368,0.9657272458076477,0.0015819437369552648
2050,3.6596753120422365,0.005347264643592068,0.9657117068767548,0.0015235923105983847
2051,3.6597004175186156,0.005185096425324367,0.965651273727417,0.0014803761721857455
2052,3.659564208984375,0.005230447021544401,0.9656436681747437,0.001489051462669963
2053,3.659600853919983,0.005101224474100222,0.9655841231346131,0.001492285978927415
2054,3.6595033407211304,0.005196440436334473,0.9655843138694763,0.0015250393400029279
2055,3.6597479343414308,0.0052863203941194365,0.9654814541339874,0.0014839121049872585
2056,3.659840989112854,0.005091121304195249,0.9654088497161866,0.0014521046775700427
2057,3.6598199367523194,0.004820919182916357,0.9653369307518005,0.0014191649145819474
2058,3.6597597360610963,0.0047645833298456996,0.9653164863586425,0.0014379457364943546
2059,3.6598368883132935,0.004864284828163346,0.9652023136615753,0.0015328136795533472
2060,3.6599221229553223,0.004881852682925041,0.9651467263698578,0.001532148617384136
2061,3.659932804107666,0.004575993298641591,0.9650558352470398,0.0015478291836748385
2062,3.6600390672683716,0.004475968693736709,0.9650014221668244,0.0015546345511325951
2063,3.659979510307312,0.004436036562518374,0.9649546027183533,0.0015528259914983423
2064,3.659943389892578,0.00432811933413758,0.9648516833782196,0.001633318539002515
2065,3.6599995851516725,0.004295719610049209,0.964841115474701,0.0015826307046625662
2066,3.6600739479064943,0.004140614449348893,0.9647746384143829,0.0015334008817148633
2067,3.6599461793899537,0.004180401680175322,0.964743584394455,0.001510912599223565
2068,3.660014295578003,0.004143214054052436,0.9646989405155182,0.0015748570620873444
2069,3.6599063873291016,0.004107702792507793,0.9646547019481659,0.0015774626813926968
2070,3.659926009178162,0.003977572099221762,0.964562714099884,0.0014488681963659015
2071,3.659909725189209,0.004039335651482046,0.9645194470882416,0.0014264916802936138
2072,3.6596718788146974,0.003983838257033203,0.9645447075366974,0.0014081478045365912
2073,3.6595801591873167,0.004058673101615399,0.9645358324050903,0.0014307048179073958
2074,3.6596257209777834,0.003935094562154587,0.9644527018070221,0.0014023690429881951
2075,3.6597354888916014,0.003973390140118504,0.9643837451934815,0.0014798212212262522
2076,3.6597140312194822,0.00384436707559877,0.9643622696399688,0.00142733968733106
2077,3.659574604034424,0.0037597755992096315,0.9643409848213196,0.0014299748049263017
2078,3.6597346544265745,0.0035422880167748872,0.964226883649826,0.0013637672851678471
2079,3.6596360206604004,0.003744136307376979,0.9641865074634552,0.0014352644765844554
2080,3.659626507759094,0.003890786661070861,0.9641332924365997,0.0014452941377996332
2081,3.659640741348267,0.004093329230236092,0.964080536365509,0.0014655163759395894
2082,3.6595092535018923,0.0041184381893267655,0.9640804648399353,0.0014427042421231444
2083,3.659617710113525,0.004292582735310722,0.9639828324317932,0.001502823068098305
2084,3.6593250274658202,0.00423451810314643,0.9639896392822266,0.0014960350732819716
2085,3.659242367744446,0.004144950088416788,0.9639447867870331,0.0015248187297080978
2086,3.659463715553284,0.004036541126576072,0.9638232171535492,0.0015918903815368892
2087,3.6593755960464476,0.004043675886179565,0.9637986063957215,0.0016218595698273093
2088,3.659228706359863,0.004020201036720644,0.9637805819511414,0.0015787479167445582
2089,3.6592347621917725,0.0038432465013496873,0.9637309610843658,0.001582821353689274
2090,3.659160089492798,0.003899364364266113,0.9636691033840179,0.0015669025662991354
2091,3.6590314626693727,0.0038981854505089563,0.9636203408241272,0.0015817529730277353
2092,3.658976173400879,0.0038362014657178233,0.9636346518993377,0.0015716443635258193
2093,3.6590269088745115,0.003975797777537166,0.963580173254013,0.0016081114301834255
2094,3.658812975883484,0.003979111288763142,0.9635634243488311,0.0016066349193388696
2095,3.658607006072998,0.003923486483939086,0.9635592043399811,0.0016009603095250666
2096,3.658536672592163,0.003918652032450263,0.9634871661663056,0.001603298692575783
2097,3.65843780040741,0.003924112535623842,0.9634525537490845,0.0015528255149536959
2098,3.658261775970459,0.003962968367525662,0.9634794414043426,0.001547865048727537
2099,3.658126473426819,0.003794602629096469,0.9634816825389863,0.0014814953881768143
2100,3.58443284034729,0.005781378458881061,0.9687301218509674,0.0017229799103698463
2101,3.5846413373947144,0.005612993224411866,0.968680876493454,0.0016598909715893043
2102,3.5849828004837034,0.005498847401021515,0.9686028242111206,0.0016874286288603509
2103,3.5849413871765137,0.005491484368940458,0.9686134874820709,0.0017027900621204585
2104,3.5852358102798463,0.0053912532026416755,0.9685465097427368,0.0016445594329814674
2105,3.5856382846832275,0.005601484504176516,0.9684610962867737,0.0017210510404627565
2106,3.5861037969589233,0.005576554602341341,0.9683384358882904,0.0017084664313733134
2107,3.586379599571228,0.00531111921791038,0.9682267904281616,0.0017310111622869226
2108,3.5867751836776733,0.005126487136098678,0.9680881142616272,0.001654765985159744
2109,3.5870123624801638,0.005195407614820405,0.9679793238639831,0.0017027485909661213
2110,3.587124538421631,0.0051715369111432746,0.9679372072219848,0.0017083896324885744
2111,3.587422323226929,0.005252512062757581,0.9678677558898926,0.0016989131775038875
2112,3.5877936601638796,0.005228174348974134,0.9676883339881897,0.0017144705255153858
2113,3.5882215023040773,0.00521874894137153,0.9675569057464599,0.0017569925704903884
2114,3.5885246992111206,0.00531265705239891,0.9674543857574462,0.0017444973925889956
2115,3.588642644882202,0.005491538858274333,0.9673893451690674,0.001774602366159413
2116,3.588840365409851,0.0054868997415986435,0.9673520863056183,0.0017544748648346397
2117,3.589240026473999,0.005758877583035793,0.9671897411346435,0.0018557976588244069
2118,3.589075970649719,0.0058112100790122245,0.9672253847122192,0.0019150937102331686
2119,3.5892195463180543,0.005853292156365397,0.9671542584896088,0.0018913732383882384
2120,3.5894104480743407,0.005977602370477851,0.9671015501022339,0.001962711189464567
2121,3.5896374702453615,0.006100672367362562,0.9669530272483826,0.0020048823851244544
2122,3.589946985244751,0.006172999782441581,0.966832286119461,0.0019874292662875126
2123,3.5901896476745607,0.006204813544076482,0.9666868865489959,0.0019981791548465107
2124,3.5904472351074217,0.00607055488591377,0.9666465580463409,0.0019810749655615172
2125,3.5904010057449343,0.006016115221583674,0.9666238069534302,0.001959633225093197
2126,3.590339994430542,0.005987535014788337,0.9666098296642304,0.00198108127865753
2127,3.5905925750732424,0.005732901285159829,0.9664687812328339,0.0018524438179639297
2128,3.590891456604004,0.005764807166033734,0.966346150636673,0.001883082503937101
2129,3.5914042472839354,0.005524069727003278,0.9661325514316559,0.0018566337234647054
2130,3.591334581375122,0.005411792651539935,0.966113156080246,0.0018258210965023604
2131,3.5912713766098023,0.005399546654355911,0.9661105573177338,0.00180707312924437
2132,3.5915072441101072,0.005553885892984383,0.9659758925437927,0.0018086238171073398
2133,3.5917431831359865,0.005514609917098719,0.9659083425998688,0.0017264209465461988
2134,3.5918646574020388,0.005293997953724055,0.965816992521286,0.0016968624089664347
2135,3.5919909954071043,0.00520502623716707,0.9657428443431855,0.0016573349124074548
2136,3.5919644832611084,0.005177905140667224,0.9657260835170746,0.0016100773429397698
2137,3.5919812440872194,0.005109848814049243,0.9656692445278168,0.0016220153116471702
2138,3.592208218574524,0.005140243117416444,0.9656129896640777,0.0016287302709469297
2139,3.5922374725341797,0.005176240676612829,0.9656050980091095,0.0016073251794241855
2140,3.59243586063385,0.004736696088910717,0.9655339181423187,0.001553831085165874
2141,3.5924849271774293,0.004728855876486041,0.9655028223991394,0.0015368451319802802
2142,3.5925378084182737,0.00476696554097199,0.9654799222946167,0.0014992473526286934
2143,3.592743229866028,0.004695774384882875,0.965394812822342,0.001508633028293568
2144,3.592907500267029,0.0045990695011848045,0.9653338491916656,0.001542080339691682
2145,3.592812442779541,0.004732248974554363,0.9653430223464966,0.001543056207547504
2146,3.5928491353988647,0.004366165109258202,0.965375155210495,0.0014779325641095524
2147,3.592839574813843,0.004276149248778301,0.9653228163719177,0.001457763431707601
2148,3.5929136514663695,0.004264958644410715,0.965225338935852,0.001469515970813339
2149,3.5927988290786743,0.004135536687893046,0.9651893675327301,0.0014015706887748087
2150,3.5928776979446413,0.003904035078330843,0.9651311755180358,0.00138206344736319
2151,3.5927650928497314,0.0038224455453828928,0.9651335537433624,0.0013996893404580714
2152,3.5927301406860352,0.0038797457216436355,0.9651209652423859,0.0013905149916212593
2153,3.592697525024414,0.0038085372634076935,0.9650861978530884,0.001381379140738977
2154,3.5926254272460936,0.0039036747633932477,0.9650665640830993,0.001399056519844247
2155,3.592578101158142,0.003910583074786087,0.9650765657424927,0.0013459227389944776
2156,3.5925899744033813,0.0037752731633229476,0.9650278329849243,0.0013413214217299141
2157,3.5926119804382326,0.004062543253404938,0.9650160551071167,0.0013118388869384598
2158,3.5926175117492676,0.004114275245294212,0.9649898409843445,0.001287676641949465
2159,3.592522716522217,0.004162359123289779,0.9650000035762787,0.0012872185478993898
2160,3.592537522315979,0.0042646614798167795,0.9649237632751465,0.001261783153092689
2161,3.5925609350204466,0.004284100434026958,0.9649054944515228,0.001281934053294609
2162,3.592544507980347,0.004437619909039652,0.9648802757263184,0.0013591564834300627
2163,3.5923625469207763,0.004382447374874629,0.9648694694042206,0.0013636917142986114
2164,3.5924975872039795,0.004421847267341966,0.9648022651672363,0.001335883198800005
2165,3.592449116706848,0.004307118436382153,0.9647708117961884,0.0013225305308570802
2166,3.5923332929611207,0.00438024045991213,0.9647326469421387,0.0013248502252305252
2167,3.5922614097595216,0.0044374667445107666,0.9646669387817383,0.001354047390372712
2168,3.5921197175979613,0.004440438429206426,0.9646781325340271,0.001369428803711419
2169,3.5919912099838256,0.0044597707593635235,0.9647099494934082,0.0013727492385548368
2170,3.5919154405593874,0.004284575193055264,0.964638352394104,0.0013041881664285137
2171,3.591948127746582,0.004295709799923679,0.9645810544490814,0.0012896760606855365
2172,3.592155623435974,0.004587898277884012,0.9645106315612793,0.0013015656202415488
2173,3.592063236236572,0.004712649131689637,0.9645018935203552,0.0013027575176487827
2174,3.5920273780822756,0.004409720732936421,0.9644594550132751,0.0012953813448170373
2175,3.5921016454696657,0.004236249135818938,0.9643770217895508,0.001218947728164707
2176,3.5920910120010374,0.004398377161117075,0.9643555819988251,0.0012301272198059871
2177,3.5920520305633543,0.004375157060810913,0.9643209755420685,0.0011593558458787383
2178,3.5920416831970217,0.004415176058749916,0.9642866730690003,0.0011414422273624113
2179,3.5919578790664675,0.004375564601008426,0.964252644777298,0.0011889485120838538
2180,3.591787576675415,0.004330490488220028,0.9642452478408814,0.0012085849898193098
2181,3.5917123794555663,0.004273952094591238,0.9642379283905029,0.0012596139361277278
2182,3.5916251659393312,0.004376170276212758,0.9641784131526947,0.001243815706695266
2183,3.5915088415145875,0.004364354283048293,0.9641454219818115,0.0012814568837669423
2184,3.5915005445480346,0.004352027940826108,0.9640608847141265,0.001295142998468318
2185,3.591392087936401,0.004271478799360923,0.9640673398971558,0.001272837831748744
2186,3.5912214279174806,0.004306844707746074,0.9640737414360047,0.0012703547302550045
2187,3.591219091415405,0.004348306564514266,0.9640097200870514,0.001241618571748714
2188,3.591171646118164,0.00433063466273156,0.9639526009559631,0.001268457944877957
2189,3.591089153289795,0.004348763011925709,0.9639086246490478,0.0012752871421762247
2190,3.590923571586609,0.004340034997836841,0.9638713300228119,0.001285842526199823
2191,3.5907899379730224,0.004313436393564444,0.963840639591217,0.0012320378451981717
2192,3.59072060585022,0.004376119656590881,0.9638039171695709,0.001234174290391388
2193,3.590691590309143,0.004460239717018357,0.9637737274169922,0.0012248673990495021
2194,3.590531063079834,0.004465830053603317,0.9637748718261718,0.0013140899854201277
2195,3.59032621383667,0.004529431643795193,0.9637698233127594,0.0012948666520836282
2196,3.590175986289978,0.004463675114479262,0.9637586295604705,0.0012844182358304256
2197,3.590098476409912,0.004512743166706286,0.9637291014194489,0.0012896708894284817
2198,3.590061092376709,0.004569686476665044,0.9636753261089325,0.0013126522106702123
2199,3.5900397062301637,0.00464862273887854,0.9636219263076782,0.0013163440217660925
2200,3.5119986057281496,0.004408285916508576,0.9706279873847962,0.001975772264044289
2201,3.5123329401016234,0.004439223326394102,0.9705568730831147,0.001959744536925777
2202,3.5127750873565673,0.0042379172198043075,0.9704179763793945,0.0019267092315643187
2203,3.5132532835006716,0.00407398409010777,0.9702710509300232,0.0018238226284808883
2204,3.5133623838424684,0.004188372337246251,0.9702422499656678,0.0018613515905471657
2205,3.5136985778808594,0.0038701237948281743,0.9701560080051422,0.0018201079044271344
2206,3.5139764547348022,0.003998837482711647,0.9701186835765838,0.0017733640706341892
2207,3.5141315937042235,0.003791252204433314,0.9700913190841675,0.0016666139744279556
2208,3.514320993423462,0.0038600437594598636,0.9700264811515809,0.0017025575128396901
2209,3.514764928817749,0.004268329115586965,0.9699248135089874,0.0018056610080277784
2210,3.514845609664917,0.0042325053995123565,0.9698897659778595,0.001727723838644449
2211,3.5151140213012697,0.004401660755505625,0.969808691740036,0.0017215811950491815
2212,3.5153796434402467,0.004602387750310192,0.9696731925010681,0.0017711271474947562
2213,3.5154886722564695,0.004574570801609337,0.9696494162082672,0.001726257561058283
2214,3.5155264377593993,0.004579806760238313,0.969607675075531,0.0017494815776398966
2215,3.515721583366394,0.004648727223357287,0.96949383020401,0.0018016155662303327
2216,3.5160503149032594,0.004632413385483534,0.9693722903728486,0.0017385378201841294
2217,3.516378903388977,0.00435211171125153,0.9692342221736908,0.0016900128217265998
2218,3.5165407180786135,0.0042930579186303145,0.9691779553890228,0.0017020952587873655
2219,3.516634464263916,0.0042445148631133816,0.9691489279270172,0.001642132639735605
2220,3.5167609214782716,0.004139548421884187,0.9690761625766754,0.0016338070248232183
2221,3.5168514251708984,0.004161486231442526,0.9690129697322846,0.0016720256494688823
2222,3.5171778917312624,0.004034783249604758,0.9688894748687744,0.0016964695372915827
2223,3.517404890060425,0.004122608639104758,0.9687673389911652,0.0017835786690778342
2224,3.517468786239624,0.0039746720796610705,0.9687155187129974,0.0017836775403179694
2225,3.5175723791122437,0.003958327454108214,0.9686642646789551,0.001803020114888483
2226,3.5175502777099608,0.00402637457125291,0.9686903059482574,0.0017929755682804453
2227,3.517455887794495,0.004035852571402108,0.9686991155147553,0.0018225322838511329
2228,3.517505979537964,0.003972900397850186,0.9686572134494782,0.0017906468722140925
2229,3.5178257703781126,0.004128141203214536,0.9685570418834686,0.0018590468278958713
2230,3.5179989099502564,0.004283954566046238,0.968533045053482,0.0018648134101311342
2231,3.518255519866943,0.0043158455453630685,0.9684096932411194,0.00188266440962362
2232,3.5183533906936644,0.0042939812358498836,0.9683784723281861,0.0018951590654716515
2233,3.5183825492858887,0.004287486934526764,0.9683393597602844,0.001842265687998944
2234,3.5183157920837402,0.004399630282349966,0.9683006525039672,0.0018398097401184968
2235,3.5185209989547728,0.004225811260464853,0.9681810796260834,0.0018299299745380686
2236,3.5185160875320434,0.004158094261056044,0.9681435942649841,0.0017499599653100495
2237,3.5184863328933718,0.004158235763381322,0.968106496334076,0.0017240543859520475
2238,3.5185029029846193,0.004167439427640834,0.9680617868900299,0.0016923271512514627
2239,3.518625593185425,0.004147268538860802,0.9679617822170258,0.00170851721833593
2240,3.518776559829712,0.004323647455981142,0.9678707242012023,0.0017858498490211058
2241,3.5188792943954468,0.004320020036222273,0.9678278744220734,0.0018097953945774318
2242,3.5188436985015867,0.004246862507195289,0.9678403377532959,0.0018514896075147275
2243,3.5189324855804442,0.004096169906692953,0.9677668511867523,0.001875357435403478
2244,3.5189818859100344,0.0042978866930272865,0.9677329182624816,0.0018912400250536902
2245,3.519026446342468,0.004243314841144167,0.9677070558071137,0.0018458956222891267
2246,3.5190625905990602,0.004279851132123159,0.9676660537719727,0.0017769288449819992
2247,3.5193106889724732,0.00428070573828412,0.9675413131713867,0.0018207123517561949
2248,3.519491124153137,0.004379207862874466,0.9674406290054322,0.0018636829899444463
2249,3.519698405265808,0.004374716688166147,0.9673181653022767,0.0018684302729320697
2250,3.519823145866394,0.004541081829271127,0.967196923494339,0.001964845635162126
2251,3.5199877262115478,0.004765721513478182,0.9671218574047089,0.001974934165550483
2252,3.5201021432876587,0.0049335631490794365,0.9670773625373841,0.0020179564053414787
2253,3.5200295448303223,0.0050231572122104926,0.9670555830001831,0.002092047213322917
2254,3.5202383279800413,0.00487991551720949,0.9669674575328827,0.0020701857514440905
2255,3.5202810049057005,0.004953283689224202,0.9669243216514587,0.0020798793082746478
2256,3.520180511474609,0.0049150216777773285,0.9669255614280701,0.0021270181745499973
2257,3.520089602470398,0.004854847889195617,0.9669194877147674,0.0021689277304119963
2258,3.520223021507263,0.00488137364071091,0.9668553948402405,0.0022361177264559632
2259,3.520270895957947,0.005055981437276591,0.966813576221466,0.002240282336356453
2260,3.5204522132873537,0.00510323158366013,0.9667074263095856,0.002273715907337603
2261,3.52050199508667,0.005025679377636823,0.9666308641433716,0.0021763213665755635
2262,3.5203630447387697,0.0050013705088606236,0.9666262865066528,0.002181879514022678
2263,3.5202467918395994,0.004919979792309276,0.9665933668613433,0.0021764444345937547
2264,3.5204673767089845,0.004902901884103077,0.9664618670940399,0.0021408783376278217
2265,3.52048807144165,0.004911639033392756,0.9664229452610016,0.002125751467820979
2266,3.5202221632003785,0.004940011213149676,0.9664543688297271,0.002182043161204596
2267,3.52027006149292,0.005032958831452084,0.9664227962493896,0.002210808011792339
2268,3.5201833963394167,0.005039299406839033,0.9663776338100434,0.002217833619205572
2269,3.5200600385665894,0.004929407382041405,0.9663466870784759,0.002222879994008228
2270,3.5200396537780763,0.004896573853486136,0.9662953734397888,0.002256041292218593
2271,3.5200780630111694,0.005042908047349276,0.9662513673305512,0.0022977782690730246
2272,3.519983673095703,0.005087959239172866,0.9662418127059936,0.002324474151266883
2273,3.5199289560317992,0.005071070095185485,0.9662120044231415,0.0023456328716780885
2274,3.519942355155945,0.00516752832938886,0.9661351323127747,0.0024173282356526275
2275,3.5198240518569945,0.005055301199749807,0.966112744808197,0.002388520474787836
2276,3.519848942756653,0.005011091617680571,0.9660436749458313,0.002353912546379936
2277,3.519854211807251,0.0051508389743320235,0.965968519449234,0.0023797198118775398
2278,3.519958424568176,0.005125337123035635,0.9659139275550842,0.0023640339092843798
2279,3.5198909759521486,0.0052950747220658154,0.9658597886562348,0.0024215888191293344
2280,3.5198174953460692,0.005272180152875156,0.9658192813396453,0.002403424894307009
2281,3.5199135065078737,0.005278913991995492,0.9657135367393493,0.002368797480953262
2282,3.5198972702026365,0.0050942974420356705,0.9656478643417359,0.002347050235865648
2283,3.5199016332626343,0.0050629540088264645,0.9656282484531402,0.0023363418977736528
2284,3.5196999073028565,0.00512421203741488,0.9655829012393952,0.0023167976978047946
2285,3.519499683380127,0.005180653171050898,0.9655766248703003,0.002345949764933853
2286,3.519377589225769,0.0052284052002903245,0.9655703961849212,0.0023736757552631723
2287,3.5192563056945803,0.005125853611352538,0.9655578315258027,0.0023510676734739776
2288,3.5190397024154665,0.005143691509881031,0.965577220916748,0.0023426132225472184
2289,3.519067311286926,0.005172720747882228,0.9655330002307891,0.0023589930039370935
2290,3.519122815132141,0.0052527412726575224,0.9654764890670776,0.0023587408431169836
2291,3.519151210784912,0.005156584363012152,0.9654141426086426,0.0023344161180319663
2292,3.5189720392227173,0.005265434544793798,0.9654149889945984,0.0023679967146159916
2293,3.5188453674316404,0.005277182254098215,0.9653846204280854,0.002346787157790378
2294,3.5187915563583374,0.005271388995783441,0.9653358221054077,0.0023293308500648455
2295,3.5187567710876464,0.005388058419291762,0.965262633562088,0.0023344954075629164
2296,3.518630313873291,0.00537479654555994,0.9652825772762299,0.002340919766087461
2297,3.5186089515686034,0.005416031479744979,0.9652716279029846,0.0022905650289717847
2298,3.5183773040771484,0.005384895025185741,0.9652913749217987,0.0023105164193393006
2299,3.518235206604004,0.005286906079359394,0.9652926564216614,0.0023156085125673616
2300,3.4422746896743774,0.004040248126423796,0.9718600928783416,0.001231118847502896
2301,3.4427393198013307,0.004038314372627308,0.9716627061367035,0.0011701190476945018
2302,3.4431394577026366,0.004079881681674152,0.9715364933013916,0.0011668479339779277
2303,3.443748211860657,0.004103209425165306,0.971343594789505,0.0011253534999131937
2304,3.44414746761322,0.0040756690739062705,0.9711821734905243,0.0011701278789504838
2305,3.4446961164474486,0.004147147337232995,0.971061247587204,0.0011038584500346847
2306,3.4449893951416017,0.00385331811983331,0.9709705173969269,0.001067753856837218
2307,3.4453012466430666,0.003913279762922294,0.9708999156951904,0.001061634860716669
2308,3.4456746578216553,0.0037813827483963195,0.9708112716674805,0.001030066946216593
2309,3.4458378076553347,0.003819730750937877,0.9707518815994263,0.001064977420080796
2310,3.4461212396621703,0.003862447421574533,0.970665168762207,0.0010449588199351722
2311,3.4464514017105103,0.0036838401054871254,0.9705702066421509,0.0010252465605124013
2312,3.4466930866241454,0.0035774914278260393,0.9705040693283081,0.0010392344551948022
2313,3.447060561180115,0.00366783934105459,0.9704203486442566,0.0009645630107279546
2314,3.4471126794815063,0.0036150735290295354,0.9704288303852081,0.0009593089911139745
2315,3.4474554300308227,0.0034977280933103927,0.970382809638977,0.0009611948718490365
2316,3.4476677656173704,0.0034571439600719358,0.9702741742134094,0.00092872494967457
2317,3.448208522796631,0.003730305349131751,0.9701667785644531,0.0009222871833728309
2318,3.4483465433120726,0.0037681994235645457,0.9700784623622895,0.0009659456654480564
2319,3.4482847452163696,0.0038144981747073206,0.9700975239276886,0.000985471323041068
2320,3.448368787765503,0.003613692924824016,0.9700370192527771,0.0009855261141525555
2321,3.448455333709717,0.0037518332126038564,0.9699596762657166,0.0009866001718791904
2322,3.4488653182983398,0.0036960499777095096,0.9698047399520874,0.0010133941194600455
2323,3.4490710258483888,0.0035963219503438097,0.9697382152080536,0.0010292942581448896
2324,3.449194860458374,0.0036225467417430822,0.9696982800960541,0.0010669111010698144
2325,3.4495118141174315,0.003751585248817974,0.9695387482643127,0.0011460126447830098
2326,3.4497278213500975,0.0035738085071300527,0.969491821527481,0.00109769995273561
2327,3.4498125314712524,0.0037097743994138083,0.9694708287715912,0.001077886173308535
2328,3.4499237298965455,0.0036197178269392126,0.9693910241127014,0.0010325932027002397
2329,3.449960398674011,0.0038190083267818768,0.9693708002567292,0.001097711927027307
2330,3.449923801422119,0.003779792027824327,0.9693424522876739,0.0011078567670416938
2331,3.450041913986206,0.0037992488198099975,0.96928950548172,0.0010255545573607074
2332,3.450027084350586,0.0036445209659718906,0.9692536413669586,0.0010379449959095303
2333,3.45009708404541,0.0034310769241002654,0.9692099213600158,0.0009934643785781193
2334,3.4499680519104006,0.0034075988405003416,0.9692156910896301,0.0010332853262339044
2335,3.449956274032593,0.0034253024781310524,0.969164502620697,0.001056363352909425
2336,3.450228190422058,0.003687693160857325,0.9690410733222962,0.0010957277578314052
2337,3.450391483306885,0.003988043761901991,0.9689350128173828,0.00117412927806832
2338,3.4506107330322267,0.0038967534326295704,0.9688620388507843,0.0012290585453772812
2339,3.4507883310317995,0.003871233553320227,0.968742036819458,0.0012058319877785255
2340,3.450815510749817,0.003913009088755125,0.9686787068843842,0.0012335072974101807
2341,3.450922465324402,0.003967463188415964,0.9686160206794738,0.0012543418498892395
2342,3.45093777179718,0.003953379846862186,0.9685696303844452,0.001278862391762682
2343,3.4510008811950685,0.003936893391778133,0.9684847116470336,0.0012975669418647208
2344,3.4508080959320067,0.003991872748379888,0.9685403764247894,0.0013108528830640923
2345,3.4508342504501344,0.0040086985482758394,0.9684718728065491,0.0012950204842937319
2346,3.450940251350403,0.004082299543342041,0.968388682603836,0.0013789124888868895
2347,3.45093629360199,0.004098203621116963,0.968352210521698,0.0013694462320148568
2348,3.4508357286453246,0.004151111864742793,0.9683160781860352,0.0014394069791342295
2349,3.450720524787903,0.004094222571550591,0.968295443058014,0.0013869574714263793
2350,3.4508031845092773,0.004169785897341176,0.968244868516922,0.001447484582947977
2351,3.4507839918136596,0.0039109035038203495,0.9682172954082489,0.0013676620751599824
2352,3.4508432388305663,0.00394199749565621,0.968182498216629,0.0013438190416007797
2353,3.450679349899292,0.003951822972929594,0.9681926310062409,0.0013631503845323689
2354,3.450888967514038,0.003878529957859144,0.9681213021278381,0.0013771314571119236
2355,3.4510199069976806,0.004063568624176257,0.9680506467819214,0.0013828981343832806
2356,3.4511768579483033,0.0040161253336500145,0.9679806590080261,0.0014136138879052408
2357,3.451002502441406,0.004127145258981327,0.9679915368556976,0.001435478841130948
2358,3.451208162307739,0.0039845931774845555,0.9678861677646637,0.0014001485441789401
2359,3.4510868549346925,0.003991624127241839,0.9678540527820587,0.001399589741216129
2360,3.4512580394744874,0.00410218833262258,0.9677718579769135,0.0014690617970733613
2361,3.45113091468811,0.004013487559142511,0.967747712135315,0.0014696270173493579
2362,3.451071286201477,0.003955277632466773,0.9677166521549225,0.0014647515871402468
2363,3.4510982275009154,0.003922711315302917,0.9676787793636322,0.0013724456153712966
2364,3.451034903526306,0.0038793202385421868,0.9676412403583526,0.0013769947409906205
2365,3.451075220108032,0.0037999564564182727,0.9675970256328583,0.0013196256720236854
2366,3.4509764909744263,0.003668261478051039,0.9675671815872192,0.0012332572352563415
2367,3.450864052772522,0.0036464912681432714,0.9675585329532623,0.0012211500127940627
2368,3.4508477687835692,0.003772187032376528,0.9675430059432983,0.001275494490904486
2369,3.4508065462112425,0.003830724090074529,0.9675138175487519,0.001333665426404196
2370,3.450803112983704,0.003856491865084121,0.9674848794937134,0.0012828316593624482
2371,3.450766158103943,0.003954464706929716,0.9674630284309387,0.0012770559426444985
2372,3.4508299112319945,0.003935052525053187,0.9674277544021607,0.0013206142955444877
2373,3.450764870643616,0.00411562831785667,0.9673927843570709,0.0013505231380122617
2374,3.4507116794586183,0.0039961218545300475,0.9673648655414582,0.0013000804874753534
2375,3.4506885051727294,0.004028084896123287,0.9672968268394471,0.0012954360471473614
2376,3.4506030797958376,0.0039723494968388435,0.967249459028244,0.0012844519236692997
2377,3.450630450248718,0.003687079500213401,0.9672225177288055,0.0012324203553996434
2378,3.4505351066589354,0.0037684005214048168,0.9672157168388367,0.0012434494775995725
2379,3.4505229711532595,0.0036683152674087966,0.9671296298503875,0.0011810489077403214
2380,3.4505498886108397,0.003543510452890724,0.9670903563499451,0.0011785525036180982
2381,3.4503588914871215,0.003549801077400492,0.9671038687229156,0.0011761019390589859
2382,3.4503454685211183,0.0036001744378570317,0.9670389235019684,0.0011863972708767076
2383,3.450237989425659,0.003684881118936563,0.9670395493507385,0.0011478673073190319
2384,3.4503021240234375,0.003681610456069084,0.9669624388217926,0.0010692268757117457
2385,3.450288271903992,0.003575747944072847,0.9669053196907044,0.0010459847251502023
2386,3.4503432512283325,0.003606328780136617,0.966842246055603,0.0010704767402920567
2387,3.450396466255188,0.003421211734350444,0.9668052732944489,0.0011028608852243075
2388,3.45020911693573,0.003471620596765053,0.9668132066726685,0.001074696634092771
2389,3.4500812768936155,0.0034678861566572127,0.9667829871177673,0.0011331881276229528
2390,3.4500319957733154,0.003403374337890331,0.966727751493454,0.001144224685698259
2391,3.4497955322265623,0.003347542962362898,0.9667673826217651,0.0011391302724510376
2392,3.449661612510681,0.0033484836584413515,0.9667377054691315,0.0011653812365910205
2393,3.4497963190078735,0.0034889984722830582,0.9666645765304566,0.0012015250678511862
2394,3.4497923374176027,0.0037120637190299287,0.966604471206665,0.0011752165693429014
2395,3.4498491287231445,0.0038359218399094267,0.9665696263313294,0.0011929282659573594
2396,3.4497466802597048,0.003918117700137771,0.9665535628795624,0.0012203261141140581
2397,3.44957230091095,0.003874856327931378,0.9665806293487549,0.0012118544958336572
2398,3.449303412437439,0.0038351002592863686,0.9665891230106354,0.0011932226755586887
2399,3.4491230249404907,0.003784550035752766,0.9665731430053711,0.0011435693363742124
2400,3.3760311603546143,0.003909136127554582,0.9726848185062409,0.0010170422203322575
2401,3.3764575958251952,0.0038261892518015165,0.9726007103919982,0.0010358207576654128
2402,3.376864528656006,0.003992906790713161,0.9724686086177826,0.001034442555836196
2403,3.3770282745361326,0.004025903802470579,0.9724258959293366,0.0010224224040465842
2404,3.3772587299346926,0.004081322388762798,0.972306203842163,0.001123362434389326
2405,3.3776038885116577,0.004190656321838602,0.9721590876579285,0.0012518854135849682
2406,3.3778288841247557,0.0044596464071092815,0.9720903515815735,0.0013031553514493996
2407,3.377948021888733,0.004286685382924756,0.9720795154571533,0.0012890283541754032
2408,3.378088927268982,0.004214906888250731,0.9720310151576996,0.0012855471271220132
2409,3.37827353477478,0.004305643379011866,0.9719830870628356,0.0012851855681722613
2410,3.3785918235778807,0.004471379846037677,0.9718609869480133,0.0013107349804995405
2411,3.378669190406799,0.004483569159135429,0.9718703508377076,0.001287887931974017
2412,3.3790191650390624,0.0043095587322279985,0.9717503726482392,0.0012200992443000393
2413,3.3792383909225463,0.004351339578653564,0.9716684997081757,0.0011528466181991315
2414,3.3793449878692625,0.004453938335266048,0.9716605901718139,0.0011043050005783868
2415,3.3795789957046507,0.004654979598527348,0.9715983390808105,0.0011580812043013621
2416,3.379721832275391,0.004564604156043845,0.9715368032455445,0.0011377784586462222
2417,3.379870367050171,0.004605317084727354,0.9714849352836609,0.0011622609453962607
2418,3.379910182952881,0.004591444036275865,0.9714604258537293,0.001160551160460904
2419,3.380008602142334,0.004569112089146481,0.9714095771312714,0.0011621001008218462
2420,3.380216145515442,0.004515869604536135,0.9713152289390564,0.0011144199947806745
2421,3.3803044319152833,0.004461541057868199,0.9712131798267365,0.0011204291657753286
2422,3.3803455114364622,0.004511580658951023,0.971182006597519,0.0011536477040935051
2423,3.3806928634643554,0.004310704548597813,0.970969146490097,0.001162606529362077
2424,3.3808470010757445,0.004525676848430497,0.9709224224090576,0.0012171432411452589
2425,3.380977725982666,0.004761914725753094,0.9708761990070343,0.0012619910967305934
2426,3.3810418128967283,0.0046026037470618545,0.9708560705184937,0.0012282654987919794
2427,3.3812097549438476,0.00461282977283452,0.9707598388195038,0.0012229264519894223
2428,3.3811092376708984,0.0045451269364970475,0.9707742869853974,0.0012140115551923687
2429,3.381464433670044,0.004291612443096993,0.9706207990646363,0.0011723720311103314
2430,3.3815847396850587,0.004397861709982838,0.9705941259860993,0.0011489967448948307
2431,3.381675910949707,0.00441113125298541,0.9705428361892701,0.0011007534195454317
2432,3.381828951835632,0.004409254902585633,0.970508587360382,0.001115739611358665
2433,3.381795644760132,0.004410266468072661,0.9704747021198272,0.0011355383091865181
2434,3.3818708181381227,0.004292574388643986,0.9704983770847321,0.0010997820500204564
2435,3.3818957090377806,0.004157775537680556,0.9704730212688446,0.0010631741472221085
2436,3.3822195768356322,0.004075750850945067,0.9703832387924194,0.0010583666620177384
2437,3.3821859836578367,0.003956489780645921,0.9703989684581756,0.001029405240787897
2438,3.3822245597839355,0.003929982718617185,0.9703585147857666,0.0010144955284187443
2439,3.3822551488876345,0.0039648293726351515,0.9703423500061035,0.001043680923461048
2440,3.3824405431747437,0.003794199725673296,0.9702471315860748,0.0010510210661816926
2441,3.382572078704834,0.003699318336705954,0.9701923131942749,0.001024112938415116
2442,3.3826709747314454,0.0036983691288141832,0.970122343301773,0.001077765463411623
2443,3.3827523231506347,0.0036565894728410034,0.9700608551502228,0.0011379155453111478
2444,3.3828961133956907,0.0035488616899184977,0.9699999988079071,0.0010833808947435324
2445,3.383097767829895,0.00342558895021478,0.9698701977729798,0.001188506269428521
2446,3.3833881855010985,0.0032407134510188604,0.9697647631168366,0.0011193578828330734
2447,3.3833529710769654,0.003382538813725713,0.9697291910648346,0.0011840560953291274
2448,3.383403277397156,0.0032304551443512962,0.9696711301803589,0.0011668427998411625
2449,3.3835339546203613,0.003255969965205363,0.9696136474609375,0.0011646288025725468
2450,3.3837026357650757,0.0032851995869901006,0.9695265471935273,0.0011678660836172243
2451,3.383756971359253,0.003241045479679093,0.9694927930831909,0.0011990159204454936
2452,3.3838759899139403,0.003350061229558198,0.9693697690963745,0.0011625816722428282
2453,3.3839357137680053,0.0032810407779013543,0.9693148076534271,0.001183085810216429
2454,3.3839109182357787,0.003322255230798341,0.9692899465560914,0.0011620757040885722
2455,3.3839574098587035,0.0033252208721942303,0.9692211508750915,0.0011396396897211515
2456,3.383987045288086,0.0033819016978817607,0.9691896259784698,0.0011739791050245517
2457,3.383932328224182,0.003459804124571177,0.9691729843616486,0.001164855779208489
2458,3.384048342704773,0.0036076949123081763,0.9691056907176971,0.0011864802875249934
2459,3.3840047121047974,0.0035688160339399813,0.9690606951713562,0.0012416133097501929
2460,3.3839863777160644,0.003508199626975331,0.9690232992172241,0.0012617962142916616
2461,3.383890080451965,0.003462301298279309,0.9689647793769837,0.0012651254722759707
2462,3.3837552070617676,0.0035148931724725894,0.9689780473709106,0.0012730844448024434
2463,3.383700895309448,0.0034930273919351984,0.9689415514469146,0.0012729212830029494
2464,3.383653163909912,0.003520407085435402,0.968933618068695,0.0012718148335869623
2465,3.38365375995636,0.003463062198956285,0.9689046680927277,0.0013148691791045712
2466,3.383520722389221,0.0035179092034991377,0.968861973285675,0.001261706413596815
2467,3.3833818674087524,0.003436897331379493,0.9688823878765106,0.00128359400538993
2468,3.3835777282714843,0.0034541276992789208,0.968805480003357,0.0013177953509499495
2469,3.3836395025253294,0.0035258181274494594,0.9687845289707184,0.0013119579344045022
2470,3.3837539672851564,0.003558752604320289,0.9686468601226806,0.0012414349122038255
2471,3.383846616744995,0.0034909899568944143,0.9685856997966766,0.0012479373962997957
2472,3.383803153038025,0.0034119315457675965,0.9685864210128784,0.0012349868448558148
2473,3.3839661121368407,0.0034917077199093003,0.9684853374958038,0.0012517871540936552
2474,3.383927249908447,0.0034959244018179774,0.9684391796588898,0.0012525642100017166
2475,3.3838950872421263,0.003456732695267587,0.9683665096759796,0.001265325933523621
2476,3.3838050603866576,0.0034714920332227805,0.9683279871940613,0.001270146249026198
2477,3.3838648557662965,0.003538509975980114,0.9682163715362548,0.0012625556131224142
2478,3.383915090560913,0.003560667229292329,0.9681854367256164,0.0012810418566061958
2479,3.3838251352310182,0.0034812587953015244,0.9681481540203094,0.0012893365820449173
2480,3.3838253736495973,0.00355688154494522,0.9681309342384339,0.001297061031665455
2481,3.383908772468567,0.0035524376508105854,0.9680548131465911,0.0012298287019747362
2482,3.383904957771301,0.0037013346905753167,0.9679924190044403,0.001297231464074706
2483,3.383827781677246,0.0037601616975775068,0.9679630637168884,0.001295728808874613
2484,3.3836865425109863,0.00379256267676379,0.9679727911949157,0.0012946947026967728
2485,3.3836337089538575,0.003950698373252632,0.9679566562175751,0.001294916704327911
2486,3.383634328842163,0.003855085830643831,0.9679021060466766,0.0012932356719423852
2487,3.3835224390029905,0.0038665023938338782,0.967879980802536,0.0012947729473854006
2488,3.3833557605743407,0.003921684613346985,0.9678516864776612,0.0012467343198608446
2489,3.383208990097046,0.003783716479720738,0.9678616762161255,0.001256735422817196
2490,3.3831936836242678,0.003775726484653642,0.9678083956241608,0.00123232568501941
2491,3.383166217803955,0.003941411253734485,0.9677240669727325,0.0013583052429141141
2492,3.383059930801392,0.0038311966373100466,0.9676843047142029,0.0013338287724618822
2493,3.3831437826156616,0.003909330430341676,0.9676011443138123,0.001339282987317552
2494,3.3829623222351075,0.003998769801352649,0.9675870478153229,0.0013954674162140026
2495,3.3827972412109375,0.004082823097904224,0.9675854623317719,0.0013967444468100786
2496,3.3826162338256838,0.004124173160144191,0.9675777375698089,0.0013991623306446844
2497,3.382611536979675,0.004214201460756891,0.9675086081027985,0.001413630170154613
2498,3.382501411437988,0.00414224957983725,0.9674767255783081,0.0013896452043986479
2499,3.3824100732803344,0.004149552370499486,0.9674207091331481,0.0013910800456916567
2500,3.31173722743988,0.0017944787152687075,0.9736486494541168,0.0018121949995366523
2501,3.3120153665542604,0.0016827068801491764,0.9735485792160035,0.001773861488529605
2502,3.312239098548889,0.0017253899268897465,0.9734595775604248,0.0017227011893320818
2503,3.312542128562927,0.0017698983268854818,0.973391181230545,0.0016524246215161105
2504,3.3127844095230103,0.00177751359666201,0.9733430206775665,0.00160296007795767
2505,3.3129751682281494,0.0017150840080107832,0.9732858240604401,0.0015641899393678167
2506,3.3133373498916625,0.001764971853548399,0.9731719017028808,0.0015367317419927799
2507,3.3134602546691894,0.0016636215631135767,0.9731259346008301,0.001486131844210546
2508,3.3136794328689576,0.0017977940742783935,0.9731089293956756,0.0015325678505186562
2509,3.313978838920593,0.0017447304992367094,0.9730075240135193,0.0015410331275485189
2510,3.314417290687561,0.0017627201462936208,0.9728699564933777,0.0015739037103619448
2511,3.3146835565567017,0.0016173341758548385,0.9727154552936554,0.0015825756703740851
2512,3.3149410486221313,0.0016903147910006641,0.9726274073123932,0.0016658646076230285
2513,3.315173697471619,0.0018490088554949428,0.9725220203399658,0.0016475566408433054
2514,3.3155317544937133,0.0020094431862980404,0.9723722636699677,0.001685581373598594
2515,3.315549921989441,0.0020822514642599376,0.9723603069782257,0.0017131698965842477
2516,3.315800404548645,0.0018088930338885415,0.9722943663597107,0.0016999578640795004
2517,3.3157604455947878,0.0018497126324351543,0.9722829937934876,0.0017846264569905082
2518,3.3158268690109254,0.001907297194800524,0.9722360908985138,0.001778804520554391
2519,3.315815281867981,0.001869918535647618,0.9722163021564484,0.0017912727852712916
2520,3.3159573793411257,0.0018572911066822345,0.9721350491046905,0.0017710813785700224
2521,3.3160492181777954,0.0017063268021763028,0.9720722317695618,0.0017586028987315358
2522,3.316088104248047,0.0015789425528820985,0.9720711231231689,0.001715164406025559
2523,3.3161744356155394,0.0016636390984744438,0.9720266938209534,0.0016991965236079697
2524,3.3164116859436037,0.0017519676786796304,0.9719137966632843,0.0016833263559928044
2525,3.316636800765991,0.001671224583548788,0.9718021273612976,0.0016067005633580722
2526,3.316686201095581,0.0016907834028003477,0.971751356124878,0.0016233097978633256
2527,3.316803455352783,0.001582653264945806,0.9717181146144866,0.0015856590563379754
2528,3.3170250177383425,0.0013799517421443366,0.9716261863708496,0.001505776686698091
2529,3.3170042753219606,0.0015575200615944738,0.971635901927948,0.0015410472701513668
2530,3.3172037601470947,0.0016785178551530226,0.9715287089347839,0.0015767856489864993
2531,3.317157173156738,0.0016449469514924187,0.9715222418308258,0.0016082376959555883
2532,3.317241334915161,0.0015200447649185691,0.9714580535888672,0.0015352866309944703
2533,3.317457890510559,0.0016970329780117905,0.9713534712791443,0.0015858348463826234
2534,3.317584204673767,0.0018447273063688624,0.9712745070457458,0.0015964224848984908
2535,3.317758297920227,0.002027441139145569,0.9712126314640045,0.001623584753800199
2536,3.317998695373535,0.00198305183360321,0.9711271047592163,0.0016014775099609457
2537,3.318268346786499,0.0019638323341127583,0.9710022568702698,0.001578639385847345
2538,3.3183661699295044,0.002096034670540957,0.9709747076034546,0.0016102877468175934
2539,3.3183513879776,0.0021026393684076814,0.9709474503993988,0.0016533136903695653
2540,3.318459391593933,0.002276475317591841,0.97086501121521,0.0016959885742663596
2541,3.318448066711426,0.002273218312554825,0.9708307147026062,0.0016315591348744355
2542,3.3185776710510253,0.002260389373829725,0.970773208141327,0.001661897034555318
2543,3.3187000513076783,0.002294144981750538,0.9707006871700287,0.0016776452267849057
2544,3.3187127828598024,0.0020063455779163585,0.970652174949646,0.0015019349857943113
2545,3.3186482906341555,0.0021412972256726493,0.9706273198127746,0.0015561537610100406
2546,3.318750834465027,0.002098904005666564,0.9705796480178833,0.0015759275960921444
2547,3.318764805793762,0.002257404778160415,0.9705324292182922,0.0015837896934883782
2548,3.318796992301941,0.0022305102361825807,0.9704704642295837,0.0016122903236504506
2549,3.3189030647277833,0.0023536792906556194,0.9704091012477875,0.0016552473207711988
2550,3.3189138889312746,0.0024045041395865307,0.9703633904457092,0.001658038780682099
2551,3.319008541107178,0.002156379980500952,0.9703106224536896,0.0016065145895610873
2552,3.3191186428070067,0.0022080610484318066,0.9702508866786956,0.0015868400089486135
2553,3.319211316108704,0.0020671606297425473,0.9701843082904815,0.0015764194364525073
2554,3.3191633224487305,0.0019648237099401744,0.9701553225517273,0.0015095019116771512
2555,3.3192567825317383,0.001910147011499391,0.9700382769107818,0.0014669864563718442
2556,3.3191472768783568,0.001979498649956178,0.9700102567672729,0.001507575155469365
2557,3.3190939903259276,0.0021258414275553616,0.969946026802063,0.0015594013057597194
2558,3.319053530693054,0.0021477214728130014,0.9699114382266998,0.0015418552342517397
2559,3.3190390825271607,0.002092798014711529,0.9698771655559539,0.0015000172786825729
2560,3.3191306829452514,0.001990335184981571,0.9698216378688812,0.0014090434277952083
2561,3.3193454504013062,0.0020703443897829746,0.9697308123111725,0.0014157695415943352
2562,3.3192528009414675,0.002084875600089829,0.9697263360023498,0.0014366698117250188
2563,3.3191768407821653,0.0022352304368179914,0.96969353556633,0.0015192557644005701
2564,3.3190244674682616,0.002173458110322608,0.9696892678737641,0.0014887511852707748
2565,3.3190639495849608,0.002117904324386124,0.9696287989616394,0.0014514261453510108
2566,3.319025087356567,0.002031693567137362,0.9696038663387299,0.001525913414788955
2567,3.3189929485321046,0.0019103426421983281,0.969551283121109,0.0014915085671089313
2568,3.3187875747680664,0.0017902331173863164,0.9695824027061463,0.0014705095856212451
2569,3.3188959836959837,0.0018329918521680217,0.9694958686828613,0.001410844284607746
2570,3.318751263618469,0.0017491690375028596,0.9694650709629059,0.0014032906554205416
2571,3.318906784057617,0.0018608470091441348,0.9693455696105957,0.0014223837826881649
2572,3.3188041925430296,0.001869504588887619,0.9693361580371856,0.0014225994827117433
2573,3.3188561677932737,0.0020025545578943827,0.9692928910255432,0.0014544838225125398
2574,3.3188939571380613,0.0018119655463451354,0.9692432463169098,0.0014032023709589759
2575,3.3188159227371217,0.0017313598566835863,0.9692276597023011,0.0013846495433438495
2576,3.318967318534851,0.0014309652299812315,0.9691050350666046,0.0012495761374754061
2577,3.318946361541748,0.0013580090979402966,0.9690835058689118,0.0012404251096612697
2578,3.318963646888733,0.0013127219925759563,0.9689691841602326,0.0012821046670674664
2579,3.3189483165740965,0.0014039740030911258,0.9689153552055358,0.0013098187670948119
2580,3.318919634819031,0.001538042125992038,0.9688619673252106,0.0012811144784833023
2581,3.318815803527832,0.001510628116296965,0.9688287019729614,0.0012470467579796072
2582,3.3187224864959717,0.0015429499854847126,0.9688022494316101,0.0013127067069596528
2583,3.3185787916183473,0.0016751035580837887,0.968782514333725,0.001320457785522454
2584,3.318628525733948,0.0016198867369033945,0.9687305688858032,0.0013426216612657366
2585,3.318668794631958,0.0017201846519856406,0.968717759847641,0.001313076157873331
2586,3.3186259269714355,0.0017343963315961306,0.9686472237110137,0.0013102849653919672
2587,3.3185779333114622,0.0015979585550573128,0.9686284601688385,0.0012770052932375953
2588,3.3187145948410035,0.001617086106275508,0.9685270249843597,0.0012324629175958421
2589,3.318506193161011,0.001670947981025842,0.9685469508171082,0.0012827215871156563
2590,3.3183250427246094,0.0016462877832595772,0.9685351371765136,0.0012731503534859432
2591,3.3183168888092043,0.001620107589762234,0.9684982419013977,0.0012634428675638455
2592,3.3184690475463867,0.0016938131522345372,0.9684177458286285,0.0012727096104918068
2593,3.318427324295044,0.001734301414971441,0.9683753848075867,0.0012820357322314711
2594,3.3183367252349854,0.0016306114385301483,0.9683209002017975,0.0012859790389477665
2595,3.318178820610046,0.001711163747595769,0.968316400051117,0.0013121442036676818
2596,3.3180114030838013,0.001640125605732883,0.9683181166648864,0.0012867342208486294
2597,3.3178778648376466,0.0017057198251972353,0.9682890832424164,0.001245713818195227
2598,3.317759108543396,0.001655867650167913,0.9682419180870057,0.0012215125426086782
2599,3.3175544261932375,0.0016571565824681275,0.9682560920715332,0.0012233244035310053
2600,3.2472719669342043,0.0028304493691287185,0.974364060163498,0.0010701882294151602
2601,3.247528004646301,0.0027202490791283667,0.974308842420578,0.0011100726329531573
2602,3.2477841138839723,0.002755850605662401,0.9742543220520019,0.0010898321825874003
2603,3.2480591535568237,0.0027837575605606252,0.9741224646568298,0.0010692941500073797
2604,3.248362398147583,0.002896789471414992,0.9740310072898865,0.00102650421161961
2605,3.2485128164291384,0.002959829115811795,0.974036979675293,0.0011140276190862459
2606,3.2487138748168944,0.002865029717534725,0.9739471495151519,0.0010187273834005026
2607,3.24907066822052,0.0027760256594530656,0.9738869667053223,0.0010423273222674614
2608,3.249290180206299,0.0026579616096638107,0.9737802565097808,0.0009296984802087255
2609,3.2496024131774903,0.00277549921610774,0.9736654102802277,0.00098751656641536
2610,3.2498888254165648,0.0029435885443072503,0.9735799670219422,0.000949460629312432
2611,3.2503400564193727,0.0031001118360019352,0.9734212458133698,0.0009835910257975388
2612,3.2505388975143434,0.0033239466177272586,0.9733751893043519,0.0010309640639229562
2613,3.25096538066864,0.00355713934763915,0.9732378900051117,0.0010330981860596636
2614,3.2512903690338133,0.0034225585240536044,0.9731113076210022,0.00101697719000971
2615,3.251415324211121,0.003346878833215952,0.9730950653553009,0.0010273460552085163
2616,3.2514703035354615,0.003439209592818687,0.9730609655380249,0.0010881279116735684
2617,3.251677393913269,0.0034709567778341945,0.9729734480381012,0.001150046048735134
2618,3.251990628242493,0.0033420670920586253,0.9728156208992005,0.001102786977680023
2619,3.2524552822113035,0.0033688349549640863,0.9726773023605346,0.0011047475921539891
2620,3.252494764328003,0.003422631061647132,0.9726551413536072,0.0011016423970319734
2621,3.2527966260910035,0.003515086497166802,0.9724929928779602,0.0011254518501243157
2622,3.2527027130126953,0.0036168131838421073,0.9725069761276245,0.0011602121892928508
2623,3.253120493888855,0.0035365023968804356,0.9723647713661194,0.0011196988276408644
2624,3.25331506729126,0.0035401359529773553,0.972284483909607,0.001076145711170642
2625,3.253413271903992,0.003533558746182997,0.9722393691539765,0.001074471619122487
2626,3.2534080266952516,0.003731407836682548,0.9722373843193054,0.0010771879068866058
2627,3.253473997116089,0.0037050202699828246,0.9721930086612701,0.0010610510673244487
2628,3.2534648895263674,0.0037006069295970746,0.9721406936645508,0.0010361145261949397
2629,3.253532385826111,0.0038119159606727214,0.972147649526596,0.0010589613443256257
2630,3.2538957357406617,0.0037133930419683036,0.9720210254192352,0.0010708158123638204
2631,3.2540834665298464,0.003799779229843436,0.971904045343399,0.0010887249295796332
2632,3.2542160511016847,0.0038123452435922453,0.9718213379383087,0.0011192952620146068
2633,3.2542879581451416,0.0037376217504241625,0.9717394888401032,0.0010570459597934625
2634,3.254269599914551,0.0037971863224076042,0.9717238545417786,0.0010841693142049245
2635,3.2545008182525637,0.003853967934746939,0.971635240316391,0.001099796927469734
2636,3.2545632123947144,0.0038772638414400814,0.971563708782196,0.0011345518311550395
2637,3.2545684576034546,0.0038829214919739352,0.9715331435203552,0.0011296018649826903
2638,3.254784274101257,0.0038106002977435034,0.9714148581027985,0.0011397504328614784
2639,3.254904842376709,0.0036523139627268066,0.9713773846626281,0.0011103759202022666
2640,3.2550013065338135,0.0036376798999468545,0.9712927579879761,0.0010996600880766704
2641,3.2551113843917845,0.003478506771497183,0.9712247788906098,0.0011204489462133588
2642,3.2551312685012816,0.003484564074545187,0.9711731433868408,0.0010904982156038653
2643,3.2553430795669556,0.0035407108092862013,0.9710596203804016,0.001126197622751107
2644,3.255411458015442,0.003614071145396978,0.9710015535354615,0.00115231056019178
2645,3.2555948972702025,0.003698085663305552,0.9709440648555756,0.0011304291048956658
2646,3.255550265312195,0.0037495834874579025,0.9709486484527587,0.0011018506718562925
2647,3.2554773330688476,0.0037542703848522274,0.9709225773811341,0.0010596742404142465
2648,3.2555591821670533,0.003611786382642731,0.9708967745304108,0.0010307880713150176
2649,3.2555272817611693,0.003622836456815595,0.9708788156509399,0.001017772917514803
2650,3.2556357860565184,0.003347112522656825,0.9708534479141235,0.0009786109577312502
2651,3.2555182695388796,0.003364064457102698,0.9708658516407013,0.0009660744056440502
2652,3.255416250228882,0.0034102969874596186,0.9708930671215057,0.0009772861625920676
2653,3.255444645881653,0.003407767420948449,0.9708828806877137,0.0009464010731196107
2654,3.2555800437927247,0.003555145706882811,0.9707840204238891,0.000985580948858771
2655,3.255568528175354,0.003659931580618743,0.9707597196102142,0.00105076576592594
2656,3.2555657625198364,0.003629817076768168,0.9707209885120391,0.0010528782884433043
2657,3.255591297149658,0.0035824078634573027,0.9706899106502533,0.0009653390614585535
2658,3.255626344680786,0.0036101762756017538,0.9706373393535614,0.0010007184605629815
2659,3.255497431755066,0.003583841654708721,0.9706502854824066,0.001016011754593596
2660,3.255522894859314,0.003736680420108473,0.9705911874771118,0.0010654018217095367
2661,3.255426025390625,0.003745534138852813,0.970575612783432,0.0010645538708546573
2662,3.2554310083389284,0.0038206198218976475,0.9705245077610016,0.00104910059546567
2663,3.2553278684616087,0.0038858221341722308,0.9705093681812287,0.0010421145720473821
2664,3.2553572177886965,0.003818792374948619,0.970416659116745,0.0010498351950041077
2665,3.2553831815719603,0.003569088330323877,0.9703951001167297,0.0010190358187838536
2666,3.2552239418029787,0.0035741524924515202,0.9703947365283966,0.0010375823088877802
2667,3.255101943016052,0.003489934257318961,0.9703664958477021,0.0010397598769297507
2668,3.255030083656311,0.0033243494477819603,0.9703246355056763,0.0009960338523651096
2669,3.255025100708008,0.0032514704716154297,0.9702693343162536,0.0009520797987744001
2670,3.2550472736358644,0.0032742268571592384,0.9702145278453826,0.0009108909960973214
2671,3.255032753944397,0.003185832253831491,0.970160186290741,0.0009067105773847263
2672,3.254885530471802,0.00315006808521708,0.9701472222805023,0.0009411272497396911
2673,3.2548043012619017,0.003134349006183694,0.9701275765895844,0.000933093472237417
2674,3.2548399448394774,0.003204507531956527,0.9700675666332245,0.000981213695718855
2675,3.2547714948654174,0.0032795034392290967,0.9700753509998321,0.0009613255918618715
2676,3.2547389030456544,0.0031490621687168133,0.9700562655925751,0.0009635317365742148
2677,3.2547522306442263,0.003289209270257028,0.9700039863586426,0.0009747817593539528
2678,3.2548335552215577,0.003264084675361334,0.9699588119983673,0.0009901346367859776
2679,3.254835605621338,0.0031805387797192897,0.9698875665664672,0.0009243706728873035
2680,3.2547598600387575,0.0032240555287856598,0.9698827803134918,0.0009141661798762185
2681,3.254706025123596,0.003238149253722888,0.969825541973114,0.0008839243702693592
2682,3.2545993089675904,0.0032836269558064713,0.9697753429412842,0.0008552971866950818
2683,3.2545114040374754,0.003364040376096587,0.9697060346603393,0.0008533846548629135
2684,3.2546481132507323,0.003355392336066252,0.9695984482765198,0.0008362502797561007
2685,3.254583549499512,0.0035256831040323794,0.9696078360080719,0.0008534160514702228
2686,3.2546514511108398,0.00316440118245701,0.969591474533081,0.0008216085725884883
2687,3.2544395208358763,0.0031594614060929315,0.9696136236190795,0.0007863762543165382
2688,3.2544565916061403,0.0032742534138742187,0.9695272624492646,0.000846307919122659
2689,3.254387044906616,0.003259297005875193,0.9694796919822692,0.0008196990290842243
2690,3.254277753829956,0.003136859495967492,0.9694893836975098,0.0008047862540868141
2691,3.254006838798523,0.003171061040865982,0.9695367515087128,0.0008049385051677874
2692,3.254024028778076,0.0029734144597610653,0.9694521069526673,0.0007160176816042294
2693,3.253869366645813,0.002913699993035035,0.9694368124008179,0.0007330175233725031
2694,3.2538455724716187,0.0029104359564919823,0.969371896982193,0.0007927609518676894
2695,3.2537063121795655,0.002895690375976771,0.9693508386611939,0.0008232143359111378
2696,3.2535980463027956,0.0029110526763784852,0.9693114519119262,0.0008217054352592462
2697,3.2536142587661745,0.0029230115184408633,0.96921706199646,0.0008693353984833612
2698,3.253535437583923,0.0028538360420349343,0.9691785037517547,0.0009039541602272178
2699,3.253347396850586,0.0028509771599865476,0.969146341085434,0.0008906330478532465
2700,3.1857855796813963,0.003908353375154469,0.9745528638362885,0.001195535587965525
2701,3.185891270637512,0.003871127809493356,0.9744865655899048,0.001124029207803117
2702,3.1860237598419188,0.0038895438698606666,0.9744407415390015,0.0011170286191832701
2703,3.186303162574768,0.004150343152310278,0.9743759751319885,0.0011580711679148765
2704,3.1865588665008544,0.0040914079534306895,0.9743023216724396,0.0011857262935407744
2705,3.186861038208008,0.0039036296373207973,0.9742103219032288,0.0011256305696822713
2706,3.187137579917908,0.003903559675005039,0.9741290092468262,0.001107998190388148
2707,3.1874053955078123,0.003992567841052449,0.974058198928833,0.0010603080535521085
2708,3.1875858306884766,0.004077919910921796,0.9740071952342987,0.0011454957771697047
2709,3.1878080129623414,0.004122043457004537,0.9739191651344299,0.0011375649338298763
2710,3.188120126724243,0.003953363783800104,0.9738415539264679,0.0010859166734554803
2711,3.1882508754730225,0.0037538681778937783,0.9738205790519714,0.0010327015099703709
2712,3.1885159969329835,0.0037217929422934475,0.9737075388431549,0.0010470018035755803
2713,3.1885475873947144,0.0037234375189778113,0.9737151384353637,0.0010722026506544808
2714,3.188745212554932,0.003868124485544171,0.9736131370067597,0.0011131532122599201
2715,3.18894624710083,0.004001803902520022,0.9734941959381104,0.0011376551553186464
2716,3.189375138282776,0.003917000703974831,0.9733044803142548,0.0011612009728605834
2717,3.1894970178604125,0.003931118653919944,0.9732245326042175,0.0011776890002203435
2718,3.1896109580993652,0.0038616023322073606,0.9731454968452453,0.0012070556275632696
2719,3.189761161804199,0.003973182492594474,0.9730851113796234,0.00124619119007759
2720,3.1898119926452635,0.003945698282675406,0.9730694651603699,0.0012857048673027831
2721,3.1900861740112303,0.0037811031326227744,0.9729838728904724,0.0012429684829260163
2722,3.1902831554412843,0.0038715760483368487,0.9728905200958252,0.0013013913074875925
2723,3.1904260873794557,0.0039072284281975005,0.972850215435028,0.0013588591746240518
2724,3.190549111366272,0.003931318985332822,0.9727931082248688,0.0013613477841695077
2725,3.1905781507492064,0.003884717715558734,0.9727194845676422,0.0013415162544809327
2726,3.190899896621704,0.0038790929690484814,0.9726125478744507,0.0014351309299356185
2727,3.190923237800598,0.003995237583753491,0.9725322306156159,0.0014647306845445795
2728,3.1912140607833863,0.004168664338139291,0.9723768591880798,0.0015497838152179846
2729,3.191396450996399,0.004154316408929461,0.9723070502281189,0.001531895256651658
2730,3.191471242904663,0.004265137765795007,0.9722630202770233,0.0015916327950237983
2731,3.19163122177124,0.00408872884173865,0.9721862554550171,0.0015881229507241712
2732,3.191750240325928,0.003967605384244933,0.9721268117427826,0.0015510657648421142
2733,3.191737961769104,0.004026109846964339,0.9721172749996185,0.001516979527376562
2734,3.1917734861373903,0.004147784549157983,0.9720833361148834,0.0015362182480472965
2735,3.1920789957046507,0.0041029434059366016,0.9719603300094605,0.0015301277968372633
2736,3.192160153388977,0.004129361421511899,0.9718871176242828,0.0015958443393768562
2737,3.192336177825928,0.004107171764843188,0.9717985808849334,0.001552913138099683
2738,3.19244863986969,0.004248720953253677,0.9717589557170868,0.0015756174037815976
2739,3.1924290657043457,0.0041968150899692235,0.9717038214206696,0.0015719720510429924
2740,3.192435050010681,0.004187904999136175,0.9716492235660553,0.0016037337596226753
2741,3.1924777746200563,0.0040682806507530605,0.9715952098369598,0.001572431349502418
2742,3.1926804065704344,0.0040517464468621065,0.9714711427688598,0.0015795856308999877
2743,3.1927099227905273,0.00391927775241191,0.9714185416698455,0.0015549272798802377
2744,3.1926717519760133,0.0039053500551289484,0.9713664531707764,0.001554436809337479
2745,3.192662167549133,0.003997462233475673,0.9713148951530457,0.00160161831384005
2746,3.1927188634872437,0.003963375521706397,0.9712407708168029,0.0016159939134957693
2747,3.1927276611328126,0.003940441041522749,0.9712132811546326,0.0015777163103536307
2748,3.192755126953125,0.0038708183084740647,0.9711479842662811,0.0014978127911952385
2749,3.1927486181259157,0.003954758470693096,0.971106082201004,0.001541117758899591
2750,3.1928789377212525,0.003916426976148325,0.9710193037986755,0.0014778898082421288
2751,3.192980337142944,0.003780280356906551,0.9709633767604828,0.0014604677243132082
2752,3.193226194381714,0.003791763244276607,0.9708407998085022,0.0015030523979525532
2753,3.1932043075561523,0.0038255407048342982,0.9707713961601258,0.0014937661925281407
2754,3.19316885471344,0.0037796652533044193,0.9707618355751038,0.0014552905526993099
2755,3.193147611618042,0.0037347212104172005,0.970796525478363,0.0014388329445584388
2756,3.1931766748428343,0.0038034779633992965,0.9707502961158753,0.0014547242555166397
2757,3.1931222438812257,0.0036680249650607516,0.9707555413246155,0.0014573634017714826
2758,3.1930628776550294,0.003581637837350743,0.9707244455814361,0.0013946353740463295
2759,3.1930654525756834,0.003670405517508967,0.9706791937351227,0.0014046988499393787
2760,3.1930895805358888,0.0037549065626227302,0.9706415414810181,0.001442340166614689
2761,3.193105149269104,0.003677840594731523,0.970575600862503,0.0013947808847063299
2762,3.1932926893234255,0.0037724347497545925,0.9704959988594055,0.001395711305387218
2763,3.193242907524109,0.003691872279374473,0.9704597115516662,0.0013724399326187926
2764,3.1932896614074706,0.0037634941875538943,0.9703884184360504,0.0013596779752232495
2765,3.1932636976242064,0.003648571688324142,0.9703599512577057,0.0014092680948831742
2766,3.1931751489639284,0.003630035001511787,0.9703387439250946,0.001436926453875128
2767,3.1931143522262575,0.003580153443177208,0.970352566242218,0.0014170552113747764
2768,3.193098950386047,0.0035538478282370004,0.97033851146698,0.0014254380566927417
2769,3.193161654472351,0.003577635703737333,0.9702555298805237,0.0014563088692878105
2770,3.193313980102539,0.003577696840827904,0.9702145278453826,0.0014649545963811962
2771,3.193415307998657,0.0037172615503465295,0.9701464951038361,0.001489154582547202
2772,3.1932480335235596,0.0037904712427697758,0.9701472163200379,0.0014877010694026777
2773,3.1931912183761595,0.0036592941966641325,0.9701004385948181,0.0014723128639323206
2774,3.1931069135665893,0.0036521175391406825,0.9701013565063477,0.001497453256810339
2775,3.193012499809265,0.0036271312597618024,0.9700888097286224,0.0015306005623785311
2776,3.1930115938186647,0.003476426417691692,0.9700428664684295,0.0015058013677677086
2777,3.193080282211304,0.0037170824643970126,0.9699773132801056,0.0015957264114642325
2778,3.193029356002808,0.0036679742526396345,0.9699853897094727,0.0016210273970974317
2779,3.193070721626282,0.0037640507364075718,0.96994047164917,0.0016931606741403852
2780,3.1930994749069215,0.003868065502311773,0.9698827743530274,0.0017199304557950876
2781,3.19305477142334,0.003992583649811795,0.9698189914226532,0.0017545494326296981
2782,3.192997169494629,0.004090386973475397,0.9698014676570892,0.001770747405557192
2783,3.1928744316101074,0.0040931336482094875,0.9698100924491883,0.0017770802328936877
2784,3.192780113220215,0.0041441924524531866,0.9697733044624328,0.0018319022500903346
2785,3.192965769767761,0.004096014880265887,0.9696529984474183,0.0018139659291669893
2786,3.1928776264190675,0.004198023889453516,0.9696364343166352,0.0018646499721601884
2787,3.1928055763244627,0.0043623727243844255,0.9696328103542328,0.0019137016342683692
2788,3.1927220582962037,0.004402883538914746,0.969584608078003,0.0019331804000967902
2789,3.192751908302307,0.004348280472005962,0.9695241093635559,0.0018737343881931707
2790,3.192765164375305,0.004383079206947287,0.9694893836975098,0.001892058507698791
2791,3.1927113771438598,0.004403773979158698,0.9694612145423889,0.0018764797671933606
2792,3.1926934719085693,0.004349208692443163,0.9694082319736481,0.0018603275476221175
2793,3.1926732063293457,0.004358699989235445,0.9693743765354157,0.0018527264720203502
2794,3.1925542831420897,0.004281556500670239,0.9693781197071075,0.0018256742346000618
2795,3.1925381422042847,0.0042359630803129366,0.9693260669708252,0.0018376975531660218
2796,3.1924804210662843,0.004286744828785193,0.9692559242248535,0.0018768195616101423
2797,3.1924455642700194,0.004331265013221266,0.9692416369915009,0.0018753126823242514
2798,3.192239761352539,0.004349171049717217,0.9692397117614746,0.0018938699259044756
2799,3.1923811197280885,0.004522039375406189,0.969170731306076,0.0019368350248305036
2800,3.1260669469833373,0.004558420944478769,0.97422496676445,0.002215022920239083
2801,3.1263729095458985,0.004541904059438384,0.9741508722305298,0.0022267617739740817
2802,3.126722049713135,0.004554776792362707,0.9740384578704834,0.002201349486941845
2803,3.126957726478577,0.004498245840384286,0.9739372134208679,0.002171544883211259
2804,3.127319025993347,0.004712483036979318,0.9738372027873993,0.0022167130691905586
2805,3.127529668807983,0.0047985197134829795,0.973786598443985,0.0021599817914276244
2806,3.127943181991577,0.004698208525747198,0.9736791670322418,0.00212108350339014
2807,3.128081440925598,0.004514710452067714,0.9736681759357453,0.0020922709428986288
2808,3.1283191204071046,0.004596049953366497,0.973553329706192,0.0020643810810547646
2809,3.1285695314407347,0.004529311654842903,0.9734868407249451,0.0020339076686150723
2810,3.1287872791290283,0.004734307142400069,0.9734118163585663,0.002059165655740154
