train_batch,acc,loss,std_acc
0,0.03125,4.215902328491211,
1,0.046875,4.084655284881592,
2,0.0520833320915699,4.128238201141357,
3,0.0546875,4.022360324859619,
4,0.0625,3.9406707286834717,
5,0.078125,3.9284965991973877,
6,0.0714285746216774,3.930222988128662,
7,0.0703125,3.9087839126586914,
8,0.0729166641831398,3.878591299057007,
9,0.07187499850988388,3.8543670177459717,
10,0.07670454680919647,3.8218343257904053,
11,0.0859375,3.7869088649749756,
12,0.09134615212678909,3.7598330974578857,
13,0.0915178582072258,3.732499599456787,
14,0.08749999850988388,3.7280733585357666,
15,0.08203125,3.709434747695923,
16,0.07904411852359772,3.692901372909546,
17,0.0763888880610466,3.695284843444824,
18,0.07565789669752121,3.6786186695098877,
19,0.07968749850988388,3.66186785697937,
20,0.0818452388048172,3.6463184356689453,
21,0.07954545319080353,3.6511855125427246,
22,0.08288043737411499,3.640707015991211,
23,0.0833333358168602,3.63140606880188,
24,0.08500000089406967,3.6156399250030518,
25,0.08293269574642181,3.6050639152526855,
26,0.08796296268701553,3.5836868286132812,
27,0.0904017835855484,3.5775864124298096,
28,0.09590516984462738,3.559572458267212,
29,0.0989583358168602,3.553053617477417,
30,0.10080645233392715,3.5420267581939697,
31,0.1015625,3.5350170135498047,
32,0.10227272659540176,3.529528856277466,
33,0.10018382221460342,3.5281929969787598,
34,0.10000000149011612,3.512786865234375,
35,0.1024305522441864,3.4984312057495117,
36,0.10388513654470444,3.486178398132324,
37,0.10444078594446182,3.4801604747772217,
38,0.10256410390138626,3.479457378387451,
39,0.1015625,3.477146625518799,
40,0.10213414579629898,3.4712610244750977,
41,0.1026785746216774,3.4651424884796143,
42,0.10537790507078171,3.458120346069336,
43,0.10369317978620529,3.449359655380249,
44,0.10625000298023224,3.44206166267395,
45,0.10869564861059189,3.4358325004577637,
46,0.10704787075519562,3.4349894523620605,
47,0.107421875,3.4291131496429443,
48,0.10969387739896774,3.4258453845977783,
49,0.11124999821186066,3.4180002212524414,
50,0.039351850748062134,3.875157117843628,
51,0.047413792461156845,3.8155360221862793,
52,0.05645161122083664,3.768235206604004,
53,0.07386363297700882,3.707054615020752,
54,0.07857143133878708,3.6780683994293213,
55,0.07770270109176636,3.6499452590942383,
56,0.07852564007043839,3.627397298812866,
57,0.08231707662343979,3.6028735637664795,
58,0.09011627733707428,3.58205246925354,
59,0.09583333134651184,3.558673143386841,
60,0.0970744714140892,3.5411317348480225,
61,0.0982142835855484,3.5273733139038086,
62,0.10049019753932953,3.5113348960876465,
63,0.10259433835744858,3.490858554840088,
64,0.10454545170068741,3.4733452796936035,
65,0.1107456162571907,3.4557363986968994,
66,0.11228813230991364,3.4449880123138428,
67,0.11270491778850555,3.4277265071868896,
68,0.1130952388048172,3.4136996269226074,
69,0.11634615063667297,3.3987808227539062,
70,0.12033581733703613,3.3776843547821045,
71,0.12409420311450958,3.3643643856048584,
72,0.128521129488945,3.351857900619507,
73,0.13184931874275208,3.341717004776001,
74,0.1341666728258133,3.3285279273986816,
75,0.13798701763153076,3.3175594806671143,
76,0.1376582235097885,3.3131191730499268,
77,0.1427469104528427,3.3034324645996094,
78,0.14909638464450836,3.286871910095215,
79,0.15294118225574493,3.272388458251953,
80,0.1551724076271057,3.261725425720215,
81,0.15800562500953674,3.2570924758911133,
82,0.1586538404226303,3.2528645992279053,
83,0.16129031777381897,3.2409684658050537,
84,0.16381579637527466,3.2305097579956055,
85,0.1630154699087143,3.224249839782715,
86,0.16287878155708313,3.2211484909057617,
87,0.16274753212928772,3.216120958328247,
88,0.1650485396385193,3.204746961593628,
89,0.16547618806362152,3.197598934173584,
90,0.1699766367673874,3.181640148162842,
91,0.17029815912246704,3.176325798034668,
92,0.17060810327529907,3.167527198791504,
93,0.1720132678747177,3.157971143722534,
94,0.17010869085788727,3.15425705909729,
95,0.17040598392486572,3.1495699882507324,
96,0.17331932485103607,3.1435306072235107,
97,0.17252066731452942,3.142075777053833,
98,0.17327235639095306,3.140193223953247,
99,0.17299999296665192,3.1345317363739014,
100,0.08101851493120193,3.5381581783294678,
101,0.10129310190677643,3.487253427505493,
102,0.11088709533214569,3.4437501430511475,
103,0.11742424219846725,3.3861310482025146,
104,0.11964285373687744,3.3715600967407227,
105,0.125,3.341477394104004,
106,0.1330128163099289,3.312995672225952,
107,0.13719512522220612,3.2851402759552,
108,0.14680232107639313,3.249584913253784,
109,0.15833333134651184,3.2155864238739014,
110,0.16489361226558685,3.1955249309539795,
111,0.16836734116077423,3.173849105834961,
112,0.17401960492134094,3.151632070541382,
113,0.1804245263338089,3.124906063079834,
114,0.1818181872367859,3.1092405319213867,
115,0.18530701100826263,3.0937016010284424,
116,0.18855932354927063,3.07704496383667,
117,0.19364753365516663,3.0614752769470215,
118,0.1984127014875412,3.0466034412384033,
119,0.20000000298023224,3.0391416549682617,
120,0.19869403541088104,3.032961368560791,
121,0.19927535951137543,3.0217368602752686,
122,0.20334507524967194,3.006268262863159,
123,0.204623281955719,2.99515438079834,
124,0.20499999821186066,2.9878766536712646,
125,0.20454545319080353,2.9836220741271973,
126,0.2056961953639984,2.9753620624542236,
127,0.20601852238178253,2.9705352783203125,
128,0.20858433842658997,2.9604332447052,
129,0.21102941036224365,2.952932357788086,
130,0.21120689809322357,2.9422810077667236,
131,0.21348313987255096,2.934356451034546,
132,0.21497252583503723,2.9241020679473877,
133,0.21438172459602356,2.918084144592285,
134,0.21250000596046448,2.917527437210083,
135,0.2164948433637619,2.90531587600708,
136,0.21906565129756927,2.8952434062957764,
137,0.22091583907604218,2.8876683712005615,
138,0.22633494436740875,2.8749561309814453,
139,0.22857142984867096,2.8680734634399414,
140,0.22955606877803802,2.8652474880218506,
141,0.2305045872926712,2.8634018898010254,
142,0.23254504799842834,2.852497100830078,
143,0.23506636917591095,2.846625566482544,
144,0.239673912525177,2.8347480297088623,
145,0.24038460850715637,2.8314242362976074,
146,0.2421218454837799,2.8253791332244873,
147,0.24483470618724823,2.818246603012085,
148,0.24542683362960815,2.8113157749176025,
149,0.24500000476837158,2.807926654815674,
150,0.0833333358168602,3.524120807647705,
151,0.09698276221752167,3.436774730682373,
152,0.11491935700178146,3.3752167224884033,
153,0.13257575035095215,3.3090600967407227,
154,0.14107142388820648,3.2612876892089844,
155,0.15540540218353271,3.1979994773864746,
156,0.16826923191547394,3.1560585498809814,
157,0.17225609719753265,3.131728410720825,
158,0.17296510934829712,3.1017279624938965,
159,0.17777778208255768,3.071808099746704,
160,0.18484042584896088,3.0297441482543945,
161,0.18877550959587097,3.0164012908935547,
162,0.19117647409439087,2.9976086616516113,
163,0.1945754736661911,2.9729809761047363,
164,0.20113636553287506,2.949589967727661,
165,0.20285087823867798,2.9293503761291504,
166,0.20550847053527832,2.9114363193511963,
167,0.21413934230804443,2.8856046199798584,
168,0.2192460298538208,2.8646206855773926,
169,0.22403846681118011,2.847978115081787,
170,0.22481343150138855,2.8358147144317627,
171,0.2291666716337204,2.8194727897644043,
172,0.23591549694538116,2.8018200397491455,
173,0.23715753853321075,2.7911198139190674,
174,0.2383333295583725,2.787794828414917,
175,0.24188311398029327,2.7819137573242188,
176,0.24683544039726257,2.7677841186523438,
177,0.25154322385787964,2.754964828491211,
178,0.2560240924358368,2.739297866821289,
179,0.25808823108673096,2.729426145553589,
180,0.2579022943973541,2.725407361984253,
181,0.2570224702358246,2.719395399093628,
182,0.26442307233810425,2.7036352157592773,
183,0.2715053856372833,2.6890931129455566,
184,0.2723684310913086,2.6838669776916504,
185,0.27512887120246887,2.6753292083740234,
186,0.2752525210380554,2.6690902709960938,
187,0.2766089141368866,2.664585590362549,
188,0.27730581164360046,2.657893419265747,
189,0.2767857015132904,2.6536903381347656,
190,0.27862149477005005,2.648452043533325,
191,0.28096330165863037,2.6435227394104004,
192,0.28378379344940186,2.6349751949310303,
193,0.2837389409542084,2.630366325378418,
194,0.2858695685863495,2.623119592666626,
195,0.2889957129955292,2.6128454208374023,
196,0.2909663915634155,2.606147050857544,
197,0.29235535860061646,2.5997958183288574,
198,0.29573169350624084,2.5882198810577393,
199,0.2980000078678131,2.583592414855957,
200,0.17824074625968933,3.002507209777832,
201,0.19612069427967072,2.932154655456543,
202,0.20766128599643707,2.899960517883301,
203,0.21969696879386902,2.851036548614502,
204,0.22857142984867096,2.8160059452056885,
205,0.24155405163764954,2.780716896057129,
206,0.2532051205635071,2.7394092082977295,
207,0.25609755516052246,2.7161967754364014,
208,0.2616279125213623,2.696052312850952,
209,0.2666666805744171,2.677389621734619,
210,0.269946813583374,2.669945478439331,
211,0.27551019191741943,2.654573678970337,
212,0.2769607901573181,2.6360955238342285,
213,0.2771226465702057,2.626030206680298,
214,0.28295454382896423,2.6131324768066406,
215,0.2916666567325592,2.5918595790863037,
216,0.2955508530139923,2.5683720111846924,
217,0.30327868461608887,2.548877477645874,
218,0.3055555522441864,2.538706064224243,
219,0.3105769157409668,2.51826548576355,
220,0.31529849767684937,2.5018560886383057,
221,0.3170289993286133,2.4857378005981445,
222,0.31954225897789,2.479788303375244,
223,0.32619863748550415,2.4616029262542725,
224,0.3308333456516266,2.449319362640381,
225,0.33441558480262756,2.436246633529663,
226,0.33702531456947327,2.424978256225586,
227,0.3402777910232544,2.419023036956787,
228,0.34262049198150635,2.408463954925537,
229,0.3441176414489746,2.4034652709960938,
230,0.3469827473163605,2.3975863456726074,
231,0.34691011905670166,2.3931939601898193,
232,0.34890109300613403,2.3843681812286377,
233,0.34610214829444885,2.3855316638946533,
234,0.34671053290367126,2.37951922416687,
235,0.34922680258750916,2.366379976272583,
236,0.35101011395454407,2.3570749759674072,
237,0.35210394859313965,2.3533010482788086,
238,0.3507281541824341,2.3489978313446045,
239,0.3559523820877075,2.3385870456695557,
240,0.35864487290382385,2.3278989791870117,
241,0.3612385392189026,2.321065902709961,
242,0.3609234094619751,2.317685127258301,
243,0.36172565817832947,2.3147854804992676,
244,0.364673912525177,2.3045871257781982,
245,0.3643162250518799,2.3039698600769043,
246,0.36659663915634155,2.3006863594055176,
247,0.36880165338516235,2.2981910705566406,
248,0.372459352016449,2.2918570041656494,
249,0.37450000643730164,2.285733222961426,
250,0.1944444477558136,3.0609140396118164,
251,0.22629310190677643,2.977307081222534,
252,0.23790322244167328,2.916715145111084,
253,0.2613636255264282,2.8477206230163574,
254,0.2750000059604645,2.8021795749664307,
255,0.29054054617881775,2.757335901260376,
256,0.30288460850715637,2.717085123062134,
257,0.31707316637039185,2.6745142936706543,
258,0.3241279125213623,2.6494953632354736,
259,0.32777777314186096,2.63034725189209,
260,0.33111703395843506,2.5954501628875732,
261,0.3341836631298065,2.568655252456665,
262,0.343137264251709,2.5385851860046387,
263,0.3419811427593231,2.5134642124176025,
264,0.3431818187236786,2.4917399883270264,
265,0.35087719559669495,2.4692587852478027,
266,0.34533897042274475,2.4658994674682617,
267,0.3442623019218445,2.4548239707946777,
268,0.3432539701461792,2.448047637939453,
269,0.3461538553237915,2.433283805847168,
270,0.3526119291782379,2.4093167781829834,
271,0.3596014380455017,2.389984607696533,
272,0.36707746982574463,2.3703229427337646,
273,0.37243151664733887,2.353353500366211,
274,0.3766666650772095,2.339203119277954,
275,0.3814935088157654,2.328827381134033,
276,0.38132911920547485,2.320322275161743,
277,0.38657405972480774,2.305150270462036,
278,0.3870481848716736,2.3031468391418457,
279,0.3948529362678528,2.284844160079956,
280,0.395114928483963,2.2768075466156006,
281,0.3967696726322174,2.2651607990264893,
282,0.39835163950920105,2.261096715927124,
283,0.3985215127468109,2.2507777214050293,
284,0.40328946709632874,2.2388737201690674,
285,0.40721648931503296,2.2289602756500244,
286,0.407196968793869,2.22361159324646,
287,0.4115099012851715,2.213740110397339,
288,0.4126213490962982,2.2046821117401123,
289,0.4166666567325592,2.1961898803710938,
290,0.4170560836791992,2.19038987159729,
291,0.4168578088283539,2.1851634979248047,
292,0.41779279708862305,2.1790332794189453,
293,0.41980087757110596,2.1703546047210693,
294,0.41956523060798645,2.170541286468506,
295,0.4209401607513428,2.1644275188446045,
296,0.4227941036224365,2.1605827808380127,
297,0.42407023906707764,2.158043384552002,
298,0.4258130192756653,2.1528632640838623,
299,0.429500013589859,2.1444852352142334,
300,0.35185185074806213,2.361395835876465,
301,0.3642241358757019,2.3138651847839355,
302,0.38104838132858276,2.2799248695373535,
303,0.3920454680919647,2.261127471923828,
304,0.4089285731315613,2.219013214111328,
305,0.4189189076423645,2.182694673538208,
306,0.42628204822540283,2.168219566345215,
307,0.4283536672592163,2.155500888824463,
308,0.427325576543808,2.146235466003418,
309,0.4277777671813965,2.1335623264312744,
310,0.43218085169792175,2.116807460784912,
311,0.4426020383834839,2.1013200283050537,
312,0.44485294818878174,2.0984296798706055,
313,0.44693395495414734,2.0820724964141846,
314,0.4545454680919647,2.0613980293273926,
315,0.45614033937454224,2.052574396133423,
316,0.4618644118309021,2.033311367034912,
317,0.46721312403678894,2.016406297683716,
318,0.4672619104385376,2.0063652992248535,
319,0.4644230902194977,2.0040342807769775,
320,0.4636194109916687,2.0022647380828857,
321,0.46648550033569336,1.994016170501709,
322,0.46830984950065613,1.9841669797897339,
323,0.4726027250289917,1.9760279655456543,
324,0.47833332419395447,1.9636147022247314,
325,0.4821428656578064,1.956153154373169,
326,0.484968364238739,1.944485068321228,
327,0.4861111044883728,1.9365652799606323,
328,0.4871987998485565,1.9306390285491943,
329,0.489705890417099,1.9249687194824219,
330,0.49425286054611206,1.9150025844573975,
331,0.4929775297641754,1.9084070920944214,
332,0.4931318759918213,1.9044721126556396,
333,0.4926075339317322,1.9023033380508423,
334,0.4914473593235016,1.9010154008865356,
335,0.4929123818874359,1.8952374458312988,
336,0.4930555522441864,1.893438458442688,
337,0.4931930601596832,1.8870832920074463,
338,0.49150484800338745,1.8885600566864014,
339,0.4958333373069763,1.8791569471359253,
340,0.49707943201065063,1.8729082345962524,
341,0.49942660331726074,1.86727774143219,
342,0.5022522807121277,1.8605026006698608,
343,0.5,1.8590199947357178,
344,0.501630425453186,1.853829264640808,
345,0.5032051205635071,1.8486268520355225,
346,0.5042017102241516,1.8445439338684082,
347,0.5005165338516235,1.8513476848602295,
348,0.5015243887901306,1.8482240438461304,
349,0.5009999871253967,1.84938645362854,
350,0.29629629850387573,2.416452407836914,
351,0.3125,2.384232997894287,
352,0.33669355511665344,2.325594902038574,
353,0.34659090638160706,2.2812535762786865,
354,0.36250001192092896,2.239182710647583,
355,0.37331080436706543,2.2085089683532715,
356,0.3910256326198578,2.1674230098724365,
357,0.3978658616542816,2.152524709701538,
358,0.4011628031730652,2.1286754608154297,
359,0.4097222089767456,2.1080386638641357,
360,0.41489362716674805,2.0922412872314453,
361,0.42091837525367737,2.0832579135894775,
362,0.43014705181121826,2.0594072341918945,
363,0.4304245412349701,2.0506787300109863,
364,0.4375,2.0279734134674072,
365,0.4364035129547119,2.0333874225616455,
366,0.4375,2.016634702682495,
367,0.43647539615631104,2.00642466545105,
368,0.4404761791229248,1.9955977201461792,
369,0.4442307651042938,1.9809633493423462,
370,0.4458955228328705,1.9721007347106934,
371,0.45108696818351746,1.958099603652954,
372,0.45686620473861694,1.9398939609527588,
373,0.45976027846336365,1.9312858581542969,
374,0.46166667342185974,1.9283623695373535,
375,0.4634740352630615,1.9189244508743286,
376,0.46044304966926575,1.9230810403823853,
377,0.4645061790943146,1.9113976955413818,
378,0.46159639954566956,1.9107129573822021,
379,0.4639706015586853,1.89935302734375,
380,0.46479883790016174,1.8932178020477295,
381,0.46699437499046326,1.8867406845092773,
382,0.4690934121608734,1.8774715662002563,
383,0.4697580635547638,1.8736271858215332,
384,0.473026305437088,1.8653380870819092,
385,0.4710051417350769,1.8666839599609375,
386,0.47285354137420654,1.8637348413467407,
387,0.47834157943725586,1.8505587577819824,
388,0.48361650109291077,1.841254472732544,
389,0.4821428656578064,1.840676188468933,
390,0.4842289686203003,1.8347126245498657,
391,0.4873853325843811,1.8265749216079712,
392,0.48930180072784424,1.8214333057403564,
393,0.49059733748435974,1.814795732498169,
394,0.490760862827301,1.8146345615386963,
395,0.49145299196243286,1.8108398914337158,
396,0.4910714328289032,1.8153300285339355,
397,0.4927685856819153,1.8119151592254639,
398,0.49542683362960815,1.8053356409072876,
399,0.49799999594688416,1.7965010404586792,
400,0.31712964177131653,2.3632452487945557,
401,0.33836206793785095,2.3044469356536865,
402,0.3568548262119293,2.2429141998291016,
403,0.36742424964904785,2.2097396850585938,
404,0.3839285671710968,2.172727346420288,
405,0.39695945382118225,2.133265495300293,
406,0.4086538553237915,2.0896341800689697,
407,0.416158527135849,2.0703980922698975,
408,0.41715115308761597,2.0531201362609863,
409,0.4277777671813965,2.029149055480957,
410,0.4308510720729828,2.0110905170440674,
411,0.43112245202064514,2.0081753730773926,
412,0.43504902720451355,1.9966493844985962,
413,0.4363207519054413,1.9837729930877686,
414,0.4431818127632141,1.9618946313858032,
415,0.44736841320991516,1.941236972808838,
416,0.4512711763381958,1.926615595817566,
417,0.45696720480918884,1.9070510864257812,
418,0.4613095223903656,1.8976763486862183,
419,0.4682692289352417,1.8848953247070312,
420,0.46828359365463257,1.8833422660827637,
421,0.4746376872062683,1.8700263500213623,
422,0.4815140962600708,1.8510404825210571,
423,0.4803082048892975,1.8536312580108643,
424,0.48249998688697815,1.8399522304534912,
425,0.4845779240131378,1.8287016153335571,
426,0.4873417615890503,1.8211694955825806,
427,0.49074074625968933,1.8097254037857056,
428,0.4947289228439331,1.8035695552825928,
429,0.49632352590560913,1.7976716756820679,
430,0.4992816150188446,1.789963960647583,
431,0.5028089880943298,1.7836076021194458,
432,0.5027472376823425,1.7849986553192139,
433,0.5013440847396851,1.7803109884262085,
434,0.503947377204895,1.7720415592193604,
435,0.5109536051750183,1.7615232467651367,
436,0.5101010203361511,1.7590959072113037,
437,0.5099009871482849,1.7573741674423218,
438,0.5097087621688843,1.750334620475769,
439,0.5107142925262451,1.7503435611724854,
440,0.5128504633903503,1.7453229427337646,
441,0.5166284441947937,1.7364442348480225,
442,0.5191441178321838,1.7313188314437866,
443,0.5171459913253784,1.7290539741516113,
444,0.5168478488922119,1.726995587348938,
445,0.5208333134651184,1.716973900794983,
446,0.5210084319114685,1.71426260471344,
447,0.52324378490448,1.7104490995407104,
448,0.5228658318519592,1.7083120346069336,
449,0.5260000228881836,1.7054194211959839,
450,0.41898149251937866,2.0134317874908447,
451,0.44396552443504333,1.9452476501464844,
452,0.4556451737880707,1.9063917398452759,
453,0.46590909361839294,1.8657995462417603,
454,0.4714285731315613,1.8522220849990845,
455,0.47804054617881775,1.8394216299057007,
456,0.4871794879436493,1.81517493724823,
457,0.49542683362960815,1.7864025831222534,
458,0.4985465109348297,1.7748935222625732,
459,0.49861112236976624,1.7652795314788818,
460,0.5026595592498779,1.7596887350082397,
461,0.5038265585899353,1.7562074661254883,
462,0.5098039507865906,1.747458815574646,
463,0.5176886916160583,1.7267602682113647,
464,0.5272727012634277,1.708613395690918,
465,0.531798243522644,1.7073062658309937,
466,0.5317796468734741,1.705397605895996,
467,0.5389344096183777,1.6822412014007568,
468,0.5416666865348816,1.673629641532898,
469,0.5403845906257629,1.6826927661895752,
470,0.5429104566574097,1.6790533065795898,
471,0.5443840622901917,1.675089955329895,
472,0.547535240650177,1.670583963394165,
473,0.5462328791618347,1.6665222644805908,
474,0.5491666793823242,1.660534381866455,
475,0.5543830990791321,1.646431803703308,
476,0.5530063509941101,1.6498007774353027,
477,0.5524691343307495,1.6484040021896362,
478,0.5489457845687866,1.6532500982284546,
479,0.5522058606147766,1.6462956666946411,
480,0.5545976758003235,1.6393948793411255,
481,0.5547752976417542,1.6358338594436646,
482,0.5597527623176575,1.6266001462936401,
483,0.5625,1.6202585697174072,
484,0.5651316046714783,1.6211544275283813,
485,0.563788652420044,1.617475986480713,
486,0.5631313323974609,1.6189123392105103,
487,0.5668317079544067,1.6097854375839233,
488,0.5655339956283569,1.610769510269165,
489,0.5660714507102966,1.607011318206787,
490,0.5665887594223022,1.6055065393447876,
491,0.5676605701446533,1.6008158922195435,
492,0.5703828930854797,1.5921255350112915,
493,0.5702433586120605,1.5911425352096558,
494,0.571195662021637,1.5893757343292236,
495,0.569978654384613,1.5904077291488647,
496,0.5677521228790283,1.5931313037872314,
497,0.5686983466148376,1.5877184867858887,
498,0.5701219439506531,1.5847407579421997,
499,0.5699999928474426,1.5825146436691284,
500,0.40740740299224854,2.1568832397460938,
501,0.42025861144065857,2.1240291595458984,
502,0.4354838728904724,2.06844162940979,
503,0.4469696879386902,2.0151052474975586,
504,0.45892858505249023,1.9707870483398438,
505,0.47128379344940186,1.9314967393875122,
506,0.4743589758872986,1.9179192781448364,
507,0.48475611209869385,1.8805603981018066,
508,0.49127906560897827,1.8673094511032104,
509,0.5013889074325562,1.8378121852874756,
510,0.5039893388748169,1.8200395107269287,
511,0.5063775777816772,1.8034772872924805,
512,0.5134803652763367,1.7839206457138062,
513,0.5188679099082947,1.76627779006958,
514,0.5284090638160706,1.7482715845108032,
515,0.5328947305679321,1.7324004173278809,
516,0.5360169410705566,1.7224369049072266,
517,0.5389344096183777,1.7112905979156494,
518,0.5426587462425232,1.6941192150115967,
519,0.5461538434028625,1.6773393154144287,
520,0.5447761416435242,1.6704583168029785,
521,0.5489130616188049,1.6542280912399292,
522,0.5519366264343262,1.6398873329162598,
523,0.5530821681022644,1.642444372177124,
524,0.5533333420753479,1.6400563716888428,
525,0.5535714030265808,1.6385968923568726,
526,0.5553797483444214,1.6299089193344116,
527,0.5578703880310059,1.6242825984954834,
528,0.5587349534034729,1.62107515335083,
529,0.5602940917015076,1.6174157857894897,
530,0.5639367699623108,1.606580376625061,
531,0.5610954761505127,1.6085928678512573,
532,0.5659340620040894,1.5970286130905151,
533,0.5685483813285828,1.5883997678756714,
534,0.5717105269432068,1.5809814929962158,
535,0.5740979313850403,1.5724776983261108,
536,0.5782828330993652,1.5640069246292114,
537,0.5767326951026917,1.5636444091796875,
538,0.5800970792770386,1.560868740081787,
539,0.5857142806053162,1.5497565269470215,
540,0.5852803587913513,1.545296549797058,
541,0.58600914478302,1.5437893867492676,
542,0.5867117047309875,1.5458264350891113,
543,0.5862832069396973,1.5475125312805176,
544,0.5891304612159729,1.5394459962844849,
545,0.5924145579338074,1.5307785272598267,
546,0.5924369692802429,1.5280218124389648,
547,0.5934917330741882,1.5246273279190063,
548,0.5945122241973877,1.520583987236023,
549,0.593500018119812,1.5182392597198486,
550,0.4791666567325592,1.7964377403259277,
551,0.4913793206214905,1.7572311162948608,
552,0.4979838728904724,1.7420309782028198,
553,0.5056818127632141,1.7136424779891968,
554,0.512499988079071,1.6978075504302979,
555,0.5304054021835327,1.6579926013946533,
556,0.5384615659713745,1.6317452192306519,
557,0.5503048896789551,1.6040698289871216,
558,0.5595930218696594,1.5887444019317627,
559,0.5652777552604675,1.5725563764572144,
560,0.5704787373542786,1.558176875114441,
561,0.5752550959587097,1.5418787002563477,
562,0.5698529481887817,1.553996205329895,
563,0.5707547068595886,1.5462292432785034,
564,0.5772727131843567,1.5327039957046509,
565,0.5767543911933899,1.5236644744873047,
566,0.5805084705352783,1.5125455856323242,
567,0.5860655903816223,1.4999301433563232,
568,0.5882936716079712,1.4900619983673096,
569,0.5923076868057251,1.476176381111145,
570,0.5970149040222168,1.4661866426467896,
571,0.6041666865348816,1.4505915641784668,
572,0.6047534942626953,1.4452153444290161,
573,0.6104452013969421,1.4300906658172607,
574,0.6108333468437195,1.4270051717758179,
575,0.614448070526123,1.4228918552398682,
576,0.613132894039154,1.4174200296401978,
577,0.6141975522041321,1.4128289222717285,
578,0.6106927990913391,1.422967791557312,
579,0.6095588207244873,1.4244840145111084,
580,0.6142241358757019,1.4127720594406128,
581,0.6151685118675232,1.410262942314148,
582,0.6140109896659851,1.4093177318572998,
583,0.6115591526031494,1.411759853363037,
584,0.6144737005233765,1.4103806018829346,
585,0.6140463948249817,1.405833125114441,
586,0.6148989796638489,1.4025793075561523,
587,0.614480197429657,1.4009621143341064,
588,0.6171116232872009,1.3944083452224731,
589,0.6166666746139526,1.3979113101959229,
590,0.6156542301177979,1.4002948999404907,
591,0.6169725060462952,1.3974053859710693,
592,0.6182432174682617,1.3918014764785767,
593,0.6200221180915833,1.38808012008667,
594,0.6211956739425659,1.38373601436615,
595,0.6239316463470459,1.377045750617981,
596,0.6255252361297607,1.3708217144012451,
597,0.6260330677032471,1.3678401708602905,
598,0.6285569071769714,1.363827109336853,
599,0.6305000185966492,1.3608801364898682,
600,0.32870370149612427,2.39024019241333,
601,0.3469827473163605,2.331514596939087,
602,0.36895161867141724,2.2562992572784424,
603,0.38257575035095215,2.194329023361206,
604,0.4000000059604645,2.13535213470459,
605,0.4138513505458832,2.087851047515869,
606,0.42788460850715637,2.03767728805542,
607,0.44054877758026123,2.002444267272949,
608,0.45348837971687317,1.9626446962356567,
609,0.45972222089767456,1.9439114332199097,
610,0.4694148898124695,1.9066911935806274,
611,0.4808673560619354,1.8659942150115967,
612,0.4828431308269501,1.8478494882583618,
613,0.48820754885673523,1.8264317512512207,
614,0.4897727370262146,1.8188865184783936,
615,0.492324560880661,1.798704981803894,
616,0.4968220293521881,1.7823984622955322,
617,0.5030737519264221,1.7634825706481934,
618,0.5069444179534912,1.7414559125900269,
619,0.5115384459495544,1.7243988513946533,
620,0.5195895433425903,1.7005393505096436,
621,0.52173912525177,1.6923834085464478,
622,0.5255281925201416,1.6767053604125977,
623,0.5299657583236694,1.6624337434768677,
624,0.5366666913032532,1.6460109949111938,
625,0.5389610528945923,1.6339727640151978,
626,0.5435126423835754,1.621490478515625,
627,0.5509259104728699,1.602258563041687,
628,0.5564758777618408,1.5867903232574463,
629,0.5595588088035583,1.578736424446106,
630,0.5625,1.5670021772384644,
631,0.5639045238494873,1.5573410987854004,
632,0.5645604133605957,1.5482401847839355,
633,0.5698924660682678,1.5355948209762573,
634,0.5730262994766235,1.527538776397705,
635,0.5786082744598389,1.5144175291061401,
636,0.5776515007019043,1.5154588222503662,
637,0.5779703259468079,1.5133634805679321,
638,0.5782766938209534,1.5073392391204834,
639,0.5797619223594666,1.5015244483947754,
640,0.5817757248878479,1.4947134256362915,
641,0.5848624110221863,1.4847934246063232,
642,0.5884009003639221,1.4741029739379883,
643,0.591261088848114,1.4648854732513428,
644,0.592934787273407,1.462386131286621,
645,0.5961538553237915,1.452957272529602,
646,0.598739504814148,1.446984887123108,
647,0.6022727489471436,1.4363404512405396,
648,0.6046748161315918,1.427618145942688,
649,0.6054999828338623,1.425209641456604,
650,0.4027777910232544,2.232762098312378,
651,0.4267241358757019,2.14570951461792,
652,0.4495967626571655,2.0759477615356445,
653,0.467803031206131,2.0231435298919678,
654,0.4749999940395355,1.975396752357483,
655,0.49155405163764954,1.9232124090194702,
656,0.49839743971824646,1.8919808864593506,
657,0.5076219439506531,1.8514072895050049,
658,0.5159883499145508,1.8134511709213257,
659,0.5319444537162781,1.7683933973312378,
660,0.5332446694374084,1.762526273727417,
661,0.5395408272743225,1.7366846799850464,
662,0.5441176295280457,1.712681770324707,
663,0.5507075190544128,1.6872316598892212,
664,0.5613636374473572,1.6564910411834717,
665,0.5668859481811523,1.6360377073287964,
666,0.5730932354927063,1.6160720586776733,
667,0.5778688788414001,1.595284342765808,
668,0.5853174328804016,1.5698426961898804,
669,0.5942307710647583,1.5501974821090698,
670,0.5960820913314819,1.5376253128051758,
671,0.6005434989929199,1.5240050554275513,
672,0.6021126508712769,1.5142573118209839,
673,0.6087328791618347,1.4989964962005615,
674,0.612500011920929,1.4852780103683472,
675,0.614448070526123,1.477966070175171,
676,0.6186708807945251,1.4605902433395386,
677,0.6242284178733826,1.4459367990493774,
678,0.6272590160369873,1.4366071224212646,
679,0.6272059082984924,1.434599757194519,
680,0.631465494632721,1.4261800050735474,
681,0.6334269642829895,1.4226778745651245,
682,0.6339285969734192,1.4191302061080933,
683,0.6377688050270081,1.4071359634399414,
684,0.6394736766815186,1.3975539207458496,
685,0.6404638886451721,1.3924251794815063,
686,0.6414141654968262,1.3850364685058594,
687,0.6429455280303955,1.3841036558151245,
688,0.6456310749053955,1.3791353702545166,
689,0.6434524059295654,1.37933349609375,
690,0.6466121673583984,1.3695650100708008,
691,0.646789014339447,1.363821268081665,
692,0.6469594836235046,1.360323429107666,
693,0.6487832069396973,1.352555513381958,
694,0.6516304612159729,1.348170280456543,
695,0.6538461446762085,1.340423345565796,
696,0.6559873819351196,1.3324055671691895,
697,0.6559917330741882,1.330086588859558,
698,0.6554877758026123,1.327743411064148,
699,0.6589999794960022,1.3203411102294922,
700,0.5324074029922485,1.6730384826660156,
701,0.5409482717514038,1.6392076015472412,
702,0.5504032373428345,1.6149890422821045,
703,0.5625,1.5696927309036255,
704,0.5696428418159485,1.5523496866226196,
705,0.5760135054588318,1.5275565385818481,
706,0.5897436141967773,1.4970139265060425,
707,0.5914633870124817,1.4865199327468872,
708,0.6002907156944275,1.4612202644348145,
709,0.6138888597488403,1.4314945936203003,
710,0.625,1.4043470621109009,
711,0.6326530575752258,1.3767552375793457,
712,0.6360294222831726,1.3588926792144775,
713,0.6415094137191772,1.3412110805511475,
714,0.6465908885002136,1.3267782926559448,
715,0.6480262875556946,1.317204236984253,
716,0.6493644118309021,1.3152258396148682,
717,0.6536885499954224,1.304262638092041,
718,0.6567460298538208,1.2916898727416992,
719,0.6605769395828247,1.2796345949172974,
720,0.6576492786407471,1.2797341346740723,
721,0.6621376872062683,1.267344355583191,
722,0.6646126508712769,1.2608166933059692,
723,0.6652397513389587,1.2541236877441406,
724,0.6700000166893005,1.2432187795639038,
725,0.6696428656578064,1.2346398830413818,
726,0.6685126423835754,1.2285010814666748,
727,0.6689814925193787,1.2273832559585571,
728,0.6716867685317993,1.2181696891784668,
729,0.6705882549285889,1.2165387868881226,
730,0.670258641242981,1.2127833366394043,
731,0.6720505356788635,1.2086565494537354,
732,0.6723901033401489,1.2102981805801392,
733,0.6727150678634644,1.206653356552124,
734,0.6723684072494507,1.2069430351257324,
735,0.6752577424049377,1.1995199918746948,
736,0.6736111044883728,1.2079209089279175,
737,0.6738861203193665,1.2076832056045532,
738,0.675364077091217,1.202055811882019,
739,0.6761904954910278,1.1977745294570923,
740,0.6758177280426025,1.1965762376785278,
741,0.6754587292671204,1.1960481405258179,
742,0.6768018007278442,1.192270040512085,
743,0.6792035102844238,1.1876158714294434,
744,0.6804347634315491,1.1832956075668335,
745,0.6816239356994629,1.1808217763900757,
746,0.6822478771209717,1.180508017539978,
747,0.6807851195335388,1.180513620376587,
748,0.6829268336296082,1.1781538724899292,
749,0.684499979019165,1.1735659837722778,
750,0.4027777910232544,2.125372886657715,
751,0.4267241358757019,2.041677474975586,
752,0.4375,1.975948452949524,
753,0.46022728085517883,1.9111857414245605,
754,0.4803571403026581,1.8491086959838867,
755,0.4881756901741028,1.8047412633895874,
756,0.49839743971824646,1.752299189567566,
757,0.5106707215309143,1.7225120067596436,
758,0.5247092843055725,1.675234079360962,
759,0.5305555462837219,1.6443755626678467,
760,0.542553186416626,1.607103705406189,
761,0.5471938848495483,1.5878020524978638,
762,0.5563725233078003,1.5626726150512695,
763,0.5601415038108826,1.541195034980774,
764,0.5636363625526428,1.5192325115203857,
765,0.5701754093170166,1.5015604496002197,
766,0.5794491767883301,1.4811618328094482,
767,0.5850409865379333,1.461958646774292,
768,0.5902777910232544,1.445670247077942,
769,0.5951923131942749,1.4305704832077026,
770,0.5998134613037109,1.4161854982376099,
771,0.60597825050354,1.398469090461731,
772,0.610035240650177,1.3884408473968506,
773,0.6121575236320496,1.3819143772125244,
774,0.6158333420753479,1.366745948791504,
775,0.6193181872367859,1.3581123352050781,
776,0.6210442781448364,1.3470654487609863,
777,0.6273148059844971,1.3320279121398926,
778,0.6302710771560669,1.3228697776794434,
779,0.6338235139846802,1.3116285800933838,
780,0.6386494040489197,1.2983009815216064,
781,0.6376404762268066,1.2965149879455566,
782,0.6428571343421936,1.2867486476898193,
783,0.649193525314331,1.2752078771591187,
784,0.6526315808296204,1.2644457817077637,
785,0.657216489315033,1.2558505535125732,
786,0.6584596037864685,1.2531429529190063,
787,0.6615098714828491,1.2461377382278442,
788,0.6620145440101624,1.2385658025741577,
789,0.6642857193946838,1.229720950126648,
790,0.6641355156898499,1.2274196147918701,
791,0.6674311757087708,1.2181422710418701,
792,0.667792797088623,1.2125152349472046,
793,0.669800877571106,1.2082511186599731,
794,0.6695652008056641,1.2089097499847412,
795,0.6677350401878357,1.213111400604248,
796,0.6664915680885315,1.2135635614395142,
797,0.6658057570457458,1.211362361907959,
798,0.6656504273414612,1.2105003595352173,
799,0.6675000190734863,1.205123782157898,
800,0.5486111044883728,1.5303916931152344,
801,0.5603448152542114,1.4998610019683838,
802,0.5645161271095276,1.4709612131118774,
803,0.5719696879386902,1.4380214214324951,
804,0.5803571343421936,1.4252926111221313,
805,0.5861486196517944,1.4006640911102295,
806,0.5913461446762085,1.3843930959701538,
807,0.6097561120986938,1.3398481607437134,
808,0.6191860437393188,1.3142145872116089,
809,0.6263889074325562,1.2954726219177246,
810,0.6316489577293396,1.2800753116607666,
811,0.6377550959587097,1.269343614578247,
812,0.6421568393707275,1.2508777379989624,
813,0.6462264060974121,1.2376078367233276,
814,0.6454545259475708,1.2300983667373657,
815,0.6458333134651184,1.2268545627593994,
816,0.6525423526763916,1.2115812301635742,
817,0.6588114500045776,1.1966991424560547,
818,0.6607142686843872,1.1890530586242676,
819,0.6634615659713745,1.1808745861053467,
820,0.6688432693481445,1.1695358753204346,
821,0.6721014380455017,1.1680783033370972,
822,0.67341548204422,1.1616542339324951,
823,0.6746575236320496,1.1551251411437988,
824,0.6741666793823242,1.1538171768188477,
825,0.6785714030265808,1.1404266357421875,
826,0.6795886158943176,1.133962631225586,
827,0.6844135522842407,1.1251505613327026,
828,0.6837349534034729,1.121313452720642,
829,0.6845588088035583,1.1204673051834106,
830,0.6839080452919006,1.1199432611465454,
831,0.6867977380752563,1.1127852201461792,
832,0.6895604133605957,1.1022576093673706,
833,0.6928763389587402,1.0938597917556763,
834,0.6927631497383118,1.0910857915878296,
835,0.6926546096801758,1.0888888835906982,
836,0.693813145160675,1.0895628929138184,
837,0.6955445408821106,1.0847645998001099,
838,0.6917475461959839,1.0898643732070923,
839,0.6934523582458496,1.0875697135925293,
840,0.6968457698822021,1.0802923440933228,
841,0.6978210806846619,1.0765409469604492,
842,0.6987612843513489,1.0761654376983643,
843,0.6996681690216064,1.0749233961105347,
844,0.7032608985900879,1.0688282251358032,
845,0.7029914259910583,1.0645326375961304,
846,0.7037814855575562,1.0635432004928589,
847,0.7055785059928894,1.0598667860031128,
848,0.7083333134651184,1.0547834634780884,
849,0.7095000147819519,1.0506534576416016,
850,0.5810185074806213,1.5580642223358154,
851,0.6012930870056152,1.4953421354293823,
852,0.6149193644523621,1.4649689197540283,
853,0.6212121248245239,1.4399025440216064,
854,0.6339285969734192,1.3997185230255127,
855,0.6452702879905701,1.3650431632995605,
856,0.6490384340286255,1.3448041677474976,
857,0.6539633870124817,1.328431248664856,
858,0.6656976938247681,1.2934383153915405,
859,0.6694444417953491,1.276656150817871,
860,0.6742021441459656,1.2587695121765137,
861,0.6798469424247742,1.2437890768051147,
862,0.6850489974021912,1.230392336845398,
863,0.6886792182922363,1.2201683521270752,
864,0.6897727251052856,1.2071479558944702,
865,0.6951754093170166,1.1869069337844849,
866,0.6980932354927063,1.1741832494735718,
867,0.7008196711540222,1.162050485610962,
868,0.704365074634552,1.1504302024841309,
869,0.7057692408561707,1.1441988945007324,
870,0.70802241563797,1.1341358423233032,
871,0.7110507488250732,1.127335786819458,
872,0.7112675905227661,1.124694585800171,
873,0.7131849527359009,1.116929531097412,
874,0.7141666412353516,1.1068300008773804,
875,0.7159090638160706,1.09630286693573,
876,0.7191455960273743,1.0859225988388062,
877,0.7199074029922485,1.0835384130477905,
878,0.7221385836601257,1.0729628801345825,
879,0.7250000238418579,1.0643671751022339,
880,0.727011501789093,1.0564368963241577,
881,0.7289325594902039,1.0483542680740356,
882,0.728708803653717,1.0486531257629395,
883,0.7325268983840942,1.0386745929718018,
884,0.7348684072494507,1.0300613641738892,
885,0.7364690899848938,1.025829792022705,
886,0.7380050420761108,1.0198549032211304,
887,0.7376237511634827,1.0183476209640503,
888,0.7384708523750305,1.0144517421722412,
889,0.7422618865966797,1.0064224004745483,
890,0.7429906725883484,1.0012619495391846,
891,0.7413991093635559,1.0010151863098145,
892,0.7426801919937134,0.9953946471214294,
893,0.7439159154891968,0.9934882521629333,
894,0.7429347634315491,0.9932229518890381,
895,0.7462607026100159,0.9875410199165344,
896,0.7452731132507324,0.9848915934562683,
897,0.74638432264328,0.9816792607307434,
898,0.7464430928230286,0.9809530377388,
899,0.746999979019165,0.9802597761154175,
900,0.48148149251937866,2.074108362197876,
901,0.5021551847457886,1.9872539043426514,
902,0.5221773982048035,1.9083319902420044,
903,0.5359848737716675,1.8340123891830444,
904,0.550000011920929,1.777910828590393,
905,0.5540540814399719,1.7354724407196045,
906,0.5625,1.6926406621932983,
907,0.5762194991111755,1.64580500125885,
908,0.5886628031730652,1.598336100578308,
909,0.6000000238418579,1.5632750988006592,
910,0.605053186416626,1.5404623746871948,
911,0.6135203838348389,1.5086658000946045,
912,0.6176470518112183,1.4866865873336792,
913,0.6261792182922363,1.4595880508422852,
914,0.637499988079071,1.43012273311615,
915,0.640350878238678,1.4071205854415894,
916,0.6483050584793091,1.3790661096572876,
917,0.6547130942344666,1.3597317934036255,
918,0.6617063283920288,1.3342974185943604,
919,0.6682692170143127,1.315481424331665,
920,0.6725746393203735,1.2977848052978516,
921,0.6757246255874634,1.281864881515503,
922,0.6804577708244324,1.2693527936935425,
923,0.6866438388824463,1.2534126043319702,
924,0.690833330154419,1.234371542930603,
925,0.6907467246055603,1.2291409969329834,
926,0.6930379867553711,1.219956398010254,
927,0.6975308656692505,1.2072360515594482,
928,0.7010542154312134,1.1982693672180176,
929,0.7044117450714111,1.187584638595581,
930,0.7068965435028076,1.1766068935394287,
931,0.7078651785850525,1.1695533990859985,
932,0.7115384340286255,1.1546649932861328,
933,0.7163978219032288,1.1398869752883911,
934,0.7184210419654846,1.136206030845642,
935,0.718427836894989,1.132591724395752,
936,0.7209596037864685,1.127579927444458,
937,0.7233911156654358,1.1174170970916748,
938,0.7251213788986206,1.1072179079055786,
939,0.7273809313774109,1.096500039100647,
940,0.7283878326416016,1.0909523963928223,
941,0.7276375889778137,1.0869876146316528,
942,0.7286036014556885,1.0862232446670532,
943,0.7273229956626892,1.0851984024047852,
944,0.728804349899292,1.0805768966674805,
945,0.7297008633613586,1.0753324031829834,
946,0.7295168042182922,1.076270341873169,
947,0.7324380278587341,1.067812442779541,
948,0.7322154641151428,1.0644276142120361,
949,0.7329999804496765,1.0608782768249512,
950,0.5740740895271301,1.4722663164138794,
951,0.5926724076271057,1.4335764646530151,
952,0.6028226017951965,1.3904314041137695,
953,0.6022727489471436,1.3730744123458862,
954,0.6089285612106323,1.3492908477783203,
955,0.6148648858070374,1.3202717304229736,
956,0.6266025900840759,1.2942672967910767,
957,0.6356707215309143,1.2687969207763672,
958,0.6468023061752319,1.2445478439331055,
959,0.6555555462837219,1.2257065773010254,
960,0.6595744490623474,1.2110157012939453,
961,0.6696428656578064,1.1804490089416504,
962,0.6715686321258545,1.16606867313385,
963,0.676886796951294,1.1549500226974487,
964,0.6806818246841431,1.1425371170043945,
965,0.6896929740905762,1.1220053434371948,
966,0.6927965879440308,1.1096553802490234,
967,0.6987704634666443,1.0949217081069946,
968,0.704365074634552,1.0783621072769165,
969,0.7057692408561707,1.0730551481246948,
970,0.7070895433425903,1.0656367540359497,
971,0.7128623127937317,1.0483715534210205,
972,0.7156690359115601,1.0410301685333252,
973,0.7166095972061157,1.029935359954834,
974,0.721666693687439,1.0152045488357544,
975,0.7280844449996948,0.9988415241241455,
976,0.732594907283783,0.9930329322814941,
977,0.7330247163772583,0.9899366497993469,
978,0.7356927990913391,0.9845041632652283,
979,0.737500011920929,0.9787946939468384,
980,0.7399425506591797,0.9749606847763062,
981,0.7436797618865967,0.9642754197120667,
982,0.7438187003135681,0.9596702456474304,
983,0.7419354915618896,0.9647517800331116,
984,0.741447389125824,0.9644113779067993,
985,0.7422680258750916,0.9572813510894775,
986,0.7424242496490479,0.9543851613998413,
987,0.7438119053840637,0.9486526846885681,
988,0.7445388436317444,0.9465762376785278,
989,0.7470238208770752,0.9367212057113647,
990,0.7488317489624023,0.9311070442199707,
991,0.75,0.9260031580924988,
992,0.7516891956329346,0.9219986796379089,
993,0.7516592741012573,0.9214617013931274,
994,0.7538043260574341,0.914833128452301,
995,0.7553418874740601,0.908616304397583,
996,0.7542017102241516,0.9083247184753418,
997,0.7582644820213318,0.9005468487739563,
998,0.7591463327407837,0.8966130018234253,
999,0.7599999904632568,0.8931970000267029,
1000,0.5509259104728699,1.6143683195114136,
1001,0.5711206793785095,1.5639357566833496,
1002,0.586693525314331,1.5058633089065552,
1003,0.5909090638160706,1.4843575954437256,
1004,0.6071428656578064,1.433275580406189,
1005,0.6233108043670654,1.3864914178848267,
1006,0.6346153616905212,1.3474012613296509,
1007,0.6432926654815674,1.3148189783096313,
1008,0.6540697813034058,1.2823565006256104,
1009,0.6611111164093018,1.2638212442398071,
1010,0.6715425252914429,1.2335047721862793,
1011,0.6798469424247742,1.2065578699111938,
1012,0.6838235259056091,1.1857494115829468,
1013,0.6910377144813538,1.1631978750228882,
1014,0.6977272629737854,1.1446881294250488,
1015,0.7039473652839661,1.1243326663970947,
1016,0.7076271176338196,1.1195652484893799,
1017,0.7079917788505554,1.1134625673294067,
1018,0.7083333134651184,1.1072355508804321,
1019,0.7086538672447205,1.1032754182815552,
1020,0.7126865386962891,1.0876307487487793,
1021,0.7192028760910034,1.0708391666412354,
1022,0.7227112650871277,1.0601654052734375,
1023,0.721746563911438,1.05837881565094,
1024,0.721666693687439,1.0578975677490234,
1025,0.7224025726318359,1.055838942527771,
1026,0.7262658476829529,1.0432735681533813,
1027,0.7268518805503845,1.0345044136047363,
1028,0.7304216623306274,1.023368239402771,
1029,0.7330882549285889,1.0132185220718384,
1030,0.7341954112052917,1.007792353630066,
1031,0.7352527976036072,1.0020065307617188,
1032,0.7390109896659851,0.9941831231117249,
1033,0.738575279712677,0.992391049861908,
1034,0.74210524559021,0.9860470294952393,
1035,0.7474226951599121,0.9748313426971436,
1036,0.7493686676025391,0.9659122228622437,
1037,0.7512376308441162,0.9595338702201843,
1038,0.7512136101722717,0.9566652774810791,
1039,0.7529761791229248,0.9531667828559875,
1040,0.7552570104598999,0.9481624960899353,
1041,0.7545871734619141,0.9461444020271301,
1042,0.7539414167404175,0.9459199905395508,
1043,0.7560840845108032,0.939742386341095,
1044,0.7576087117195129,0.9365519881248474,
1045,0.7585470080375671,0.9343110918998718,
1046,0.7605041861534119,0.9277247190475464,
1047,0.7613636255264282,0.9227597117424011,
1048,0.7621951103210449,0.919514536857605,
1049,0.7634999752044678,0.9140492081642151,
1050,0.5856481194496155,1.5108920335769653,
1051,0.5926724076271057,1.4742674827575684,
1052,0.5967742204666138,1.4526808261871338,
1053,0.6079545617103577,1.413079023361206,
1054,0.6160714030265808,1.3893349170684814,
1055,0.6317567825317383,1.343245029449463,
1056,0.6394230723381042,1.3097718954086304,
1057,0.6478658318519592,1.2841665744781494,
1058,0.6555232405662537,1.2616550922393799,
1059,0.6569444537162781,1.2429860830307007,
1060,0.6688829660415649,1.209111213684082,
1061,0.6785714030265808,1.1813135147094727,
1062,0.6825980544090271,1.1604909896850586,
1063,0.6922169923782349,1.1350634098052979,
1064,0.6954545378684998,1.1203813552856445,
1065,0.7017543911933899,1.0999176502227783,
1066,0.7055084705352783,1.0848103761672974,
1067,0.7120901346206665,1.0640623569488525,
1068,0.7172619104385376,1.0535279512405396,
1069,0.7221153974533081,1.0370103120803833,
1070,0.7229477763175964,1.0298349857330322,
1071,0.7264492511749268,1.0187492370605469,
1072,0.7306337952613831,1.005282998085022,
1073,0.732876718044281,0.9999550580978394,
1074,0.7383333444595337,0.9856967926025391,
1075,0.7410714030265808,0.9746426939964294,
1076,0.7452531456947327,0.96153724193573,
1077,0.7461419701576233,0.9559277892112732,
1078,0.7462349534034729,0.9524305462837219,
1079,0.7477940917015076,0.943975031375885,
1080,0.7471264600753784,0.9465866684913635,
1081,0.7514045238494873,0.9357618093490601,
1082,0.7520604133605957,0.9316969513893127,
1083,0.7540322542190552,0.9281679391860962,
1084,0.7559210658073425,0.9205178618431091,
1085,0.7557989954948425,0.9196271896362305,
1086,0.7601010203361511,0.912409245967865,
1087,0.7611386179924011,0.9074516892433167,
1088,0.7645630836486816,0.898989200592041,
1089,0.7678571343421936,0.8932555913925171,
1090,0.7657710313796997,0.8996760249137878,
1091,0.7683486342430115,0.8926214575767517,
1092,0.7691441178321838,0.8889821767807007,
1093,0.7715708017349243,0.8824642896652222,
1094,0.773369550704956,0.8781509399414062,
1095,0.7756410241127014,0.8711684942245483,
1096,0.7778361439704895,0.8637352585792542,
1097,0.7799586653709412,0.8566269278526306,
1098,0.7815040946006775,0.8517613410949707,
1099,0.7825000286102295,0.8494913578033447,
1100,0.6412037014961243,1.326523780822754,
1101,0.6508620977401733,1.2870113849639893,
1102,0.663306474685669,1.2373672723770142,
1103,0.6704545617103577,1.2029653787612915,
1104,0.6767857074737549,1.1811059713363647,
1105,0.6841216087341309,1.1541147232055664,
1106,0.6955128312110901,1.1250824928283691,
1107,0.7027438879013062,1.098055362701416,
1108,0.6991279125213623,1.0932366847991943,
1109,0.706944465637207,1.0765951871871948,
1110,0.7180851101875305,1.0535281896591187,
1111,0.7257652878761292,1.031934380531311,
1112,0.7328431606292725,1.0147305727005005,
1113,0.7382075190544128,0.9968227744102478,
1114,0.7454545497894287,0.9787440896034241,
1115,0.7489035129547119,0.9628695845603943,
1116,0.7552965879440308,0.9454454779624939,
1117,0.7581967115402222,0.9364054799079895,
1118,0.761904776096344,0.9262381196022034,
1119,0.7663461565971375,0.9089797735214233,
1120,0.7686567306518555,0.8967121839523315,
1121,0.7726449370384216,0.884943425655365,
1122,0.7737675905227661,0.8812684416770935,
1123,0.7748287916183472,0.8776538968086243,
1124,0.7791666388511658,0.8654826879501343,
1125,0.7808441519737244,0.8599480986595154,
1126,0.7816455960273743,0.8556773662567139,
1127,0.783178985118866,0.8531068563461304,
1128,0.7838855385780334,0.8474225997924805,
1129,0.783823549747467,0.8431061506271362,
1130,0.7852011322975159,0.8376672863960266,
1131,0.7879213690757751,0.8302212953567505,
1132,0.7884615659713745,0.8258680701255798,
1133,0.7909946441650391,0.8203302025794983,
1134,0.7914473414421082,0.817349910736084,
1135,0.7918814420700073,0.8145697116851807,
1136,0.7922979593276978,0.8109315037727356,
1137,0.7951732873916626,0.8031864166259766,
1138,0.7985436916351318,0.7948971390724182,
1139,0.800595223903656,0.7884882092475891,
1140,0.802570104598999,0.789045512676239,
1141,0.8044725060462952,0.7834652662277222,
1142,0.806869387626648,0.7752591967582703,
1143,0.8091813921928406,0.7703343629837036,
1144,0.811413049697876,0.7679599523544312,
1145,0.8108974099159241,0.7659538984298706,
1146,0.8098739385604858,0.7663166522979736,
1147,0.8109503984451294,0.7625960111618042,
1148,0.8119918704032898,0.7583021521568298,
1149,0.8140000104904175,0.7514087557792664,
1150,0.5833333134651184,1.3565828800201416,
1151,0.6034482717514038,1.302582859992981,
1152,0.6229838728904724,1.2531254291534424,
1153,0.6382575631141663,1.21504807472229,
1154,0.6446428298950195,1.1970247030258179,
1155,0.650337815284729,1.1747024059295654,
1156,0.6602563858032227,1.1446447372436523,
1157,0.6692073345184326,1.1170660257339478,
1158,0.6787790656089783,1.0909639596939087,
1159,0.6888889074325562,1.0661604404449463,
1160,0.6968085169792175,1.043995976448059,
1161,0.7002550959587097,1.0339957475662231,
1162,0.7095588445663452,1.0089770555496216,
1163,0.713443398475647,0.9963176846504211,
1164,0.7181817889213562,0.9834661483764648,
1165,0.7247806787490845,0.9658476114273071,
1166,0.7330508232116699,0.9493857026100159,
1167,0.7356557250022888,0.9413299560546875,
1168,0.7371031641960144,0.9352644085884094,
1169,0.7394230961799622,0.9260852336883545,
1170,0.7453358173370361,0.914630115032196,
1171,0.7472826242446899,0.9088726043701172,
1172,0.7526408433914185,0.8996292352676392,
1173,0.7534246444702148,0.8996409773826599,
1174,0.7574999928474426,0.8881509304046631,
1175,0.7597402334213257,0.8799248337745667,
1176,0.761867105960846,0.8766999244689941,
1177,0.7646604776382446,0.8684908151626587,
1178,0.766566276550293,0.8617720007896423,
1179,0.7676470875740051,0.8551368117332458,
1180,0.7701149582862854,0.8475924134254456,
1181,0.771769642829895,0.842390239238739,
1182,0.7740384340286255,0.8345404267311096,
1183,0.7782257795333862,0.8249027132987976,
1184,0.7796052694320679,0.825552225112915,
1185,0.782216489315033,0.8176050782203674,
1186,0.7853535413742065,0.8100851774215698,
1187,0.7852723002433777,0.8085417151451111,
1188,0.7894417643547058,0.7997991442680359,
1189,0.7928571701049805,0.7925207018852234,
1190,0.7949766516685486,0.7868830561637878,
1191,0.795298159122467,0.7843390107154846,
1192,0.7967342138290405,0.7845170497894287,
1193,0.7970132827758789,0.7830871343612671,
1194,0.7983695864677429,0.7824690937995911,
1195,0.7991452813148499,0.7790911793708801,
1196,0.7988445162773132,0.7780187129974365,
1197,0.7985537052154541,0.7777198553085327,
1198,0.7967479825019836,0.7816709280014038,
1199,0.7979999780654907,0.7810567021369934,
1200,0.5370370149612427,1.6041662693023682,
1201,0.556034505367279,1.5428695678710938,
1202,0.5766128897666931,1.4809725284576416,
1203,0.5909090638160706,1.4234296083450317,
1204,0.6107142567634583,1.3660242557525635,
1205,0.6216216087341309,1.3262587785720825,
1206,0.6314102411270142,1.2955849170684814,
1207,0.6387194991111755,1.2676783800125122,
1208,0.6424418687820435,1.2545642852783203,
1209,0.6499999761581421,1.2307071685791016,
1210,0.6582446694374084,1.2001097202301025,
1211,0.668367326259613,1.1737115383148193,
1212,0.6764705777168274,1.1518025398254395,
1213,0.6863207817077637,1.120212435722351,
1214,0.6931818127632141,1.099848747253418,
1215,0.6995614171028137,1.0800886154174805,
1216,0.7086864113807678,1.056820034980774,
1217,0.7151639461517334,1.0405819416046143,
1218,0.7222222089767456,1.023846983909607,
1219,0.7259615659713745,1.008847713470459,
1220,0.72947758436203,1.0006701946258545,
1221,0.7355072498321533,0.9883520007133484,
1222,0.7376760840415955,0.9756835103034973,
1223,0.7405821681022644,0.9633328318595886,
1224,0.7441666722297668,0.9511603713035583,
1225,0.7475649118423462,0.9375826120376587,
1226,0.7523733973503113,0.9249067902565002,
1227,0.7569444179534912,0.9156099557876587,
1228,0.7597891688346863,0.906937301158905,
1229,0.762499988079071,0.8981112241744995,
1230,0.7658045887947083,0.8878508806228638,
1231,0.7682584524154663,0.8816013932228088,
1232,0.7706043720245361,0.8725507259368896,
1233,0.774193525314331,0.8629484176635742,
1234,0.7769736647605896,0.8543305397033691,
1235,0.780283510684967,0.8503175973892212,
1236,0.7828282713890076,0.8429598808288574,
1237,0.7852723002433777,0.8350657820701599,
1238,0.7876213788986206,0.8275454640388489,
1239,0.7904762029647827,0.8181347846984863,
1240,0.7914719581604004,0.8146060705184937,
1241,0.7924311757087708,0.8117981553077698,
1242,0.7933558821678162,0.807846188545227,
1243,0.7953540086746216,0.8012298941612244,
1244,0.7967391014099121,0.7988895773887634,
1245,0.7991452813148499,0.7939226031303406,
1246,0.8004201650619507,0.7909688949584961,
1247,0.8026859760284424,0.7857373952865601,
1248,0.8028455376625061,0.7831660509109497,
1249,0.8050000071525574,0.7765897512435913,
1250,0.6435185074806213,1.2805612087249756,
1251,0.6573275923728943,1.2327758073806763,
1252,0.663306474685669,1.1983366012573242,
1253,0.6818181872367859,1.1480602025985718,
1254,0.6964285969734192,1.1046861410140991,
1255,0.7077702879905701,1.0713025331497192,
1256,0.7147436141967773,1.0413494110107422,
1257,0.7240853905677795,1.0130242109298706,
1258,0.7325581312179565,0.9873693585395813,
1259,0.7388888597488403,0.9677776098251343,
1260,0.7433510422706604,0.9524809122085571,
1261,0.7538265585899353,0.9286913871765137,
1262,0.7585784196853638,0.913872241973877,
1263,0.7653301954269409,0.8906440734863281,
1264,0.7715908885002136,0.8725701570510864,
1265,0.7785087823867798,0.8520667552947998,
1266,0.7838982939720154,0.8421114087104797,
1267,0.7848360538482666,0.835096001625061,
1268,0.7896825671195984,0.8220533728599548,
1269,0.7932692170143127,0.8089271187782288,
1270,0.795708954334259,0.7987969517707825,
1271,0.7980072498321533,0.7930476069450378,
1272,0.8001760840415955,0.7826820015907288,
1273,0.801369845867157,0.7772976160049438,
1274,0.7983333468437195,0.7824216485023499,
1275,0.798701286315918,0.7846589088439941,
1276,0.7990506291389465,0.7837138175964355,
1277,0.8016975522041321,0.7745311260223389,
1278,0.8049699068069458,0.76325523853302,
1279,0.8080882430076599,0.7538473010063171,
1280,0.8096264600753784,0.7486239671707153,
1281,0.8132022619247437,0.7389975786209106,
1282,0.8152472376823425,0.7306919097900391,
1283,0.8158602118492126,0.7272269129753113,
1284,0.8177631497383118,0.7202840447425842,
1285,0.8202319741249084,0.7119342684745789,
1286,0.8226010203361511,0.7040978670120239,
1287,0.8242574334144592,0.6992185711860657,
1288,0.8258495330810547,0.6942852139472961,
1289,0.8267857432365417,0.6923025250434875,
1290,0.8276869058609009,0.6894510388374329,
1291,0.8291284441947937,0.6846057772636414,
1292,0.8316441178321838,0.6792673468589783,
1293,0.8318583965301514,0.6754994988441467,
1294,0.83152174949646,0.6750234365463257,
1295,0.8306623697280884,0.6758175492286682,
1296,0.831932783126831,0.6721646785736084,
1297,0.8326446413993835,0.6715127229690552,
1298,0.8328251838684082,0.6703739762306213,
1299,0.8335000276565552,0.6682007908821106,
1300,0.5625,1.602144718170166,
1301,0.5905172228813171,1.5165647268295288,
1302,0.6108871102333069,1.4390636682510376,
1303,0.626893937587738,1.3816397190093994,
1304,0.6464285850524902,1.3242160081863403,
1305,0.6587837934494019,1.282772421836853,
1306,0.6698718070983887,1.2349931001663208,
1307,0.6814024448394775,1.2007079124450684,
1308,0.6875,1.176119327545166,
1309,0.6972222328186035,1.1455308198928833,
1310,0.7034574747085571,1.131052017211914,
1311,0.7130101919174194,1.1030982732772827,
1312,0.718137264251709,1.0815098285675049,
1313,0.7252358198165894,1.0561132431030273,
1314,0.7284091114997864,1.0428680181503296,
1315,0.7291666865348816,1.035996913909912,
1316,0.7330508232116699,1.0199573040008545,
1317,0.7418032884597778,0.9954541325569153,
1318,0.7480158805847168,0.9774525165557861,
1319,0.7528846263885498,0.9611115455627441,
1320,0.7583954930305481,0.9486353993415833,
1321,0.7617753744125366,0.9384021759033203,
1322,0.764964759349823,0.9254196882247925,
1323,0.7705479264259338,0.9124422669410706,
1324,0.7758333086967468,0.8982831835746765,
1325,0.7775974273681641,0.8883357644081116,
1326,0.7808544039726257,0.877898097038269,
1327,0.7847222089767456,0.8673698306083679,
1328,0.7884036302566528,0.8596276044845581,
1329,0.7904411554336548,0.8506265878677368,
1330,0.7945402264595032,0.8381982445716858,
1331,0.7984550595283508,0.8253723382949829,
1332,0.8001373410224915,0.8182274699211121,
1333,0.8030914068222046,0.8083623051643372,
1334,0.80460524559021,0.802212119102478,
1335,0.8060566782951355,0.7986782193183899,
1336,0.8087121248245239,0.7897840738296509,
1337,0.8118811845779419,0.7823315858840942,
1338,0.8149271607398987,0.7745842337608337,
1339,0.8154761791229248,0.7702406644821167,
1340,0.8154205679893494,0.766605794429779,
1341,0.8170871734619141,0.7641556859016418,
1342,0.818130612373352,0.7594070434570312,
1343,0.8196902871131897,0.7540158033370972,
1344,0.821195662021637,0.748166024684906,
1345,0.8221153616905212,0.7456202507019043,
1346,0.8224790096282959,0.745829164981842,
1347,0.8212810158729553,0.7451827526092529,
1348,0.8221544623374939,0.7427449822425842,
1349,0.8234999775886536,0.7407713532447815,
1350,0.5972222089767456,1.4823318719863892,
1351,0.6163793206214905,1.4217307567596436,
1352,0.6330645084381104,1.3657772541046143,
1353,0.6458333134651184,1.3113617897033691,
1354,0.6607142686843872,1.2592437267303467,
1355,0.6773648858070374,1.2089877128601074,
1356,0.6907051205635071,1.1668764352798462,
1357,0.7042682766914368,1.1285159587860107,
1358,0.707848846912384,1.1102454662322998,
1359,0.7152777910232544,1.0841591358184814,
1360,0.7127659320831299,1.0832277536392212,
1361,0.7155612111091614,1.0692213773727417,
1362,0.720588207244873,1.0479451417922974,
1363,0.7275943160057068,1.0262861251831055,
1364,0.7352272868156433,1.0087904930114746,
1365,0.7379385828971863,0.9911225438117981,
1366,0.742584764957428,0.9753998517990112,
1367,0.7479507923126221,0.9575695991516113,
1368,0.7529761791229248,0.9399637579917908,
1369,0.7567307949066162,0.9244468212127686,
1370,0.7639925479888916,0.9091840982437134,
1371,0.7663043737411499,0.8983901739120483,
1372,0.7702465057373047,0.8877427577972412,
1373,0.7722602486610413,0.8794471025466919,
1374,0.7758333086967468,0.8695926070213318,
1375,0.7792207598686218,0.8579327464103699,
1376,0.782436728477478,0.8465279936790466,
1377,0.7870370149612427,0.833257794380188,
1378,0.7914156913757324,0.8212401866912842,
1379,0.7933823466300964,0.8129369616508484,
1380,0.795976996421814,0.8069490194320679,
1381,0.7977527976036072,0.798896074295044,
1382,0.8001373410224915,0.7909842729568481,
1383,0.8030914068222046,0.7812511324882507,
1384,0.803947389125824,0.7749339938163757,
1385,0.8054123520851135,0.7715739607810974,
1386,0.8087121248245239,0.7632424831390381,
1387,0.8112623691558838,0.7560475468635559,
1388,0.8125,0.7519919872283936,
1389,0.8136904835700989,0.7469993233680725,
1390,0.8160046935081482,0.7427678108215332,
1391,0.8170871734619141,0.738050639629364,
1392,0.8175675868988037,0.7327680587768555,
1393,0.8185840845108032,0.72967529296875,
1394,0.8201087117195129,0.7274618148803711,
1395,0.8221153616905212,0.7226116061210632,
1396,0.8235294222831726,0.7174488306045532,
1397,0.8259297609329224,0.7108246088027954,
1398,0.8277438879013062,0.7053222060203552,
1399,0.828499972820282,0.7017998099327087,
1400,0.6597222089767456,1.2760964632034302,
1401,0.670258641242981,1.225190281867981,
1402,0.6895161271095276,1.166866660118103,
1403,0.7007575631141663,1.1349154710769653,
1404,0.7089285850524902,1.097347378730774,
1405,0.7162162065505981,1.0671327114105225,
1406,0.7259615659713745,1.0344995260238647,
1407,0.7332317233085632,1.0094255208969116,
1408,0.7369186282157898,0.9942327737808228,
1409,0.7388888597488403,0.9833474159240723,
1410,0.7433510422706604,0.9748741984367371,
1411,0.7512755393981934,0.9533801674842834,
1412,0.7561274766921997,0.9346522092819214,
1413,0.760613203048706,0.9127888679504395,
1414,0.7613636255264282,0.9027501344680786,
1415,0.7642543911933899,0.8876764178276062,
1416,0.7690678238868713,0.8691683411598206,
1417,0.7715163826942444,0.8586302399635315,
1418,0.7757936716079712,0.8439967036247253,
1419,0.7769230604171753,0.8343626260757446,
1420,0.7779850959777832,0.8268540501594543,
1421,0.7835144996643066,0.8181094527244568,
1422,0.7869718074798584,0.8073326349258423,
1423,0.7919520735740662,0.7965444326400757,
1424,0.7941666841506958,0.7886494398117065,
1425,0.7970778942108154,0.7846103310585022,
1426,0.800632894039154,0.775763213634491,
1427,0.8040123581886292,0.7645512819290161,
1428,0.8042168617248535,0.7580359578132629,
1429,0.8066176176071167,0.7526480555534363,
1430,0.8089080452919006,0.7448635697364807,
1431,0.8096910119056702,0.7378743290901184,
1432,0.8097527623176575,0.7351028919219971,
1433,0.8104838728904724,0.729484498500824,
1434,0.8125,0.7219099998474121,
1435,0.8144329786300659,0.7154873013496399,
1436,0.8156565427780151,0.7108173370361328,
1437,0.8162128925323486,0.7076848745346069,
1438,0.8197815418243408,0.7003858089447021,
1439,0.8220238089561462,0.6940698623657227,
1440,0.822429895401001,0.6906148791313171,
1441,0.8228210806846619,0.6881506443023682,
1442,0.8248873949050903,0.6813008189201355,
1443,0.8274336457252502,0.6774861812591553,
1444,0.8288043737411499,0.6737377643585205,
1445,0.8295940160751343,0.6683643460273743,
1446,0.8308823704719543,0.6657084226608276,
1447,0.83212810754776,0.6625084280967712,
1448,0.832317054271698,0.6610450148582458,
1449,0.8345000147819519,0.6555438041687012,
1450,0.6550925970077515,1.26064133644104,
1451,0.670258641242981,1.2110316753387451,
1452,0.6875,1.1548271179199219,
1453,0.7007575631141663,1.1096593141555786,
1454,0.7107142806053162,1.0752031803131104,
1455,0.7212837934494019,1.0492274761199951,
1456,0.7291666865348816,1.020153522491455,
1457,0.7393292784690857,0.9859909415245056,
1458,0.7485465407371521,0.9575275778770447,
1459,0.7583333253860474,0.9356938600540161,
1460,0.7646276354789734,0.9155229330062866,
1461,0.7729591727256775,0.8901368975639343,
1462,0.779411792755127,0.8727737665176392,
1463,0.7841981053352356,0.8541226387023926,
1464,0.7875000238418579,0.8396589159965515,
1465,0.7894737124443054,0.8250714540481567,
1466,0.7944915294647217,0.8129568696022034,
1467,0.7991803288459778,0.798582911491394,
1468,0.800595223903656,0.7924584746360779,
1469,0.8038461804389954,0.7802985310554504,
1470,0.8069030046463013,0.770532488822937,
1471,0.8088768124580383,0.766409695148468,
1472,0.8125,0.7602647542953491,
1473,0.8142123222351074,0.7520686984062195,
1474,0.815833330154419,0.7462506294250488,
1475,0.8181818127632141,0.7387737035751343,
1476,0.8212025165557861,0.7337275743484497,
1477,0.8240740895271301,0.7248370051383972,
1478,0.8260542154312134,0.718830943107605,
1479,0.8286764621734619,0.7111626267433167,
1480,0.8318965435028076,0.700901985168457,
1481,0.8335674405097961,0.696571946144104,
1482,0.8365384340286255,0.6871776580810547,
1483,0.8387096524238586,0.6800082921981812,
1484,0.8414473533630371,0.6750248670578003,
1485,0.842783510684967,0.669450044631958,
1486,0.8459596037864685,0.6616775989532471,
1487,0.8471534848213196,0.6585245132446289,
1488,0.8495145440101624,0.6516371965408325,
1489,0.8494047522544861,0.6491150856018066,
1490,0.851051390171051,0.6472356915473938,
1491,0.8503440618515015,0.6457874178886414,
1492,0.8519144058227539,0.6394175887107849,
1493,0.8512167930603027,0.637258768081665,
1494,0.852717399597168,0.6327225565910339,
1495,0.8547008633613586,0.628013014793396,
1496,0.855042040348053,0.6246225237846375,
1497,0.8558884263038635,0.6205175518989563,
1498,0.8561992049217224,0.6186527013778687,
1499,0.8569999933242798,0.6180725693702698,
1500,0.6574074029922485,1.1277884244918823,
1501,0.6745689511299133,1.0821070671081543,
1502,0.6955645084381104,1.0265552997589111,
1503,0.7083333134651184,0.9884798526763916,
1504,0.7214285731315613,0.9460229277610779,
1505,0.7314189076423645,0.9173980951309204,
1506,0.7435897588729858,0.8959968686103821,
1507,0.7545731663703918,0.86810302734375,
1508,0.7587209343910217,0.855156660079956,
1509,0.769444465637207,0.8291019201278687,
1510,0.7765957713127136,0.8090899586677551,
1511,0.7818877696990967,0.7971919178962708,
1512,0.7855392098426819,0.7827884554862976,
1513,0.7900943160057068,0.7711116671562195,
1514,0.7965909242630005,0.7531958222389221,
1515,0.8004385828971863,0.7411168217658997,
1516,0.805084764957428,0.7267001271247864,
1517,0.8094262480735779,0.7148565649986267,
1518,0.8105158805847168,0.709770917892456,
1519,0.8163461685180664,0.6966568231582642,
1520,0.8218283653259277,0.6833202242851257,
1521,0.8251811861991882,0.6750995516777039,
1522,0.827464759349823,0.6684897541999817,
1523,0.8287671208381653,0.6629892587661743,
1524,0.8333333134651184,0.6513312458992004,
1525,0.8360389471054077,0.6444688439369202,
1526,0.8370253443717957,0.6385185718536377,
1527,0.8402777910232544,0.6309639811515808,
1528,0.8418674468994141,0.6291120052337646,
1529,0.8441176414489746,0.6220716238021851,
1530,0.8469827771186829,0.6152112483978271,
1531,0.8483145833015442,0.6139283180236816,
1532,0.8516483306884766,0.6053034663200378,
1533,0.8534946441650391,0.5989544987678528,
1534,0.8546052575111389,0.5971022248268127,
1535,0.8556700944900513,0.5955550670623779,
1536,0.8573232293128967,0.5905396342277527,
1537,0.8582921028137207,0.5871255993843079,
1538,0.8592233061790466,0.583446741104126,
1539,0.8589285612106323,0.5816808342933655,
1540,0.860397219657898,0.5769567489624023,
1541,0.8618119359016418,0.5751785635948181,
1542,0.8631756901741028,0.5695670247077942,
1543,0.8644911646842957,0.5678303837776184,
1544,0.865760862827301,0.5628687739372253,
1545,0.8653846383094788,0.5644254684448242,
1546,0.8671218752861023,0.5604444742202759,
1547,0.8682851195335388,0.5572386980056763,
1548,0.8694105744361877,0.5524284839630127,
1549,0.8709999918937683,0.5495452880859375,
1550,0.6087962985038757,1.3225876092910767,
1551,0.6336206793785095,1.2520142793655396,
1552,0.6532257795333862,1.195051908493042,
1553,0.6685606241226196,1.147547960281372,
1554,0.6803571581840515,1.1032886505126953,
1555,0.6942567825317383,1.0591285228729248,
1556,0.7067307829856873,1.021126627922058,
1557,0.7164633870124817,0.991548478603363,
1558,0.729651153087616,0.9588578939437866,
1559,0.7402777671813965,0.9296901226043701,
1560,0.7460106611251831,0.9090554118156433,
1561,0.7525510191917419,0.8860719799995422,
1562,0.7573529481887817,0.8753266930580139,
1563,0.7629716992378235,0.8540695905685425,
1564,0.7681818008422852,0.8368773460388184,
1565,0.7763158082962036,0.8137502670288086,
1566,0.7786017060279846,0.8079264760017395,
1567,0.7827869057655334,0.7961049675941467,
1568,0.783730149269104,0.7921751141548157,
1569,0.7894230484962463,0.7789628505706787,
1570,0.7947761416435242,0.765756368637085,
1571,0.7961956262588501,0.7556360960006714,
1572,0.7966549396514893,0.7517729997634888,
1573,0.7988013625144958,0.7451282739639282,
1574,0.8008333444595337,0.7350041270256042,
1575,0.8043830990791321,0.7228207588195801,
1576,0.8069620132446289,0.7136895060539246,
1577,0.8109567761421204,0.7041074633598328,
1578,0.8147590160369873,0.693255603313446,
1579,0.8176470398902893,0.685123085975647,
1580,0.8204023241996765,0.6773450374603271,
1581,0.8223314881324768,0.670364499092102,
1582,0.8234890103340149,0.6652873754501343,
1583,0.8266128897666931,0.6568925380706787,
1584,0.8302631378173828,0.649352490901947,
1585,0.8324742317199707,0.642634928226471,
1586,0.8320707082748413,0.647057831287384,
1587,0.8341584205627441,0.6409110426902771,
1588,0.833737850189209,0.6409540772438049,
1589,0.8357142806053162,0.635353147983551,
1590,0.8370327353477478,0.6319071650505066,
1591,0.838302731513977,0.6279719471931458,
1592,0.8406531810760498,0.622650146484375,
1593,0.8423672318458557,0.6205968260765076,
1594,0.845108687877655,0.6137545108795166,
1595,0.8472222089767456,0.6082962155342102,
1596,0.8492646813392639,0.6030286550521851,
1597,0.8496900796890259,0.600777268409729,
1598,0.8506097793579102,0.5981976985931396,
1599,0.8525000214576721,0.5918741226196289,
1600,0.7199074029922485,1.0144844055175781,
1601,0.7370689511299133,0.962295413017273,
1602,0.7540322542190552,0.9168358445167542,
1603,0.7613636255264282,0.8913344740867615,
1604,0.7660714387893677,0.8763183355331421,
1605,0.775337815284729,0.8493902087211609,
1606,0.7868589758872986,0.8162592649459839,
1607,0.792682945728302,0.7943329215049744,
1608,0.7994186282157898,0.7819798588752747,
1609,0.8027777671813965,0.7687779068946838,
1610,0.8045212626457214,0.756791353225708,
1611,0.8073979616165161,0.7499356865882874,
1612,0.813725471496582,0.7335710525512695,
1613,0.8195754885673523,0.7173503637313843,
1614,0.8238636255264282,0.7040813565254211,
1615,0.8289473652839661,0.6904813647270203,
1616,0.8273305296897888,0.6871153712272644,
1617,0.8309426307678223,0.6774114966392517,
1618,0.8333333134651184,0.6675496697425842,
1619,0.8365384340286255,0.6590833067893982,
1620,0.8386194109916687,0.6527004837989807,
1621,0.8432971239089966,0.6418644189834595,
1622,0.8477112650871277,0.6280885338783264,
1623,0.851883590221405,0.6173941493034363,
1624,0.8533333539962769,0.6092361211776733,
1625,0.8538960814476013,0.6028452515602112,
1626,0.8568037748336792,0.5976754426956177,
1627,0.8587962985038757,0.592651903629303,
1628,0.8606927990913391,0.5844435095787048,
1629,0.8610293865203857,0.5820605754852295,
1630,0.8606321811676025,0.5818387866020203,
1631,0.8609550595283508,0.5796956419944763,
1632,0.8626373410224915,0.5772026181221008,
1633,0.863575279712677,0.5740413665771484,
1634,0.8651315569877625,0.5679532289505005,
1635,0.8653350472450256,0.5645167827606201,
1636,0.8674242496490479,0.5591539740562439,
1637,0.8688119053840637,0.5539624691009521,
1638,0.8695388436317444,0.5519335269927979,
1639,0.8684523701667786,0.5507400631904602,
1640,0.8679906725883484,0.5500665903091431,
1641,0.8698394298553467,0.5456636548042297,
1642,0.872184693813324,0.5411835312843323,
1643,0.8733407258987427,0.5371291041374207,
1644,0.874456524848938,0.531760573387146,
1645,0.8766025900840759,0.5265935063362122,
1646,0.8765756487846375,0.5265748500823975,
1647,0.8760330677032471,0.5248011350631714,
1648,0.8780487775802612,0.5208472013473511,
1649,0.8790000081062317,0.520937442779541,
1650,0.6504629850387573,1.2574385404586792,
1651,0.6681034564971924,1.1941887140274048,
1652,0.6834677457809448,1.145566701889038,
1653,0.6969696879386902,1.1012091636657715,
1654,0.7089285850524902,1.0631561279296875,
1655,0.7229729890823364,1.0200203657150269,
1656,0.7371794581413269,0.980207085609436,
1657,0.75,0.9438499808311462,
1658,0.7601743936538696,0.910160481929779,
1659,0.7708333134651184,0.8799534440040588,
1660,0.7805851101875305,0.8513697385787964,
1661,0.7869898080825806,0.8260498642921448,
1662,0.7928921580314636,0.8045701384544373,
1663,0.7983490824699402,0.7888286709785461,
1664,0.8056818246841431,0.7704809308052063,
1665,0.8103070259094238,0.7535478472709656,
1666,0.8167372941970825,0.737420380115509,
1667,0.8217213153839111,0.7192814350128174,
1668,0.8273809552192688,0.7033475637435913,
1669,0.829807698726654,0.6904617547988892,
1670,0.83302241563797,0.6807323098182678,
1671,0.8378623127937317,0.668545126914978,
1672,0.8424295783042908,0.6547923684120178,
1673,0.8433219194412231,0.648548424243927,
1674,0.8450000286102295,0.6390044093132019,
1675,0.8482142686843872,0.631080687046051,
1676,0.8504746556282043,0.6243048906326294,
1677,0.8541666865348816,0.6156558394432068,
1678,0.8539156913757324,0.6150768399238586,
1679,0.8536764979362488,0.611556351184845,
1680,0.852729856967926,0.6133674383163452,
1681,0.8539325594902039,0.6078723669052124,
1682,0.853708803653717,0.6082245707511902,
1683,0.8561828136444092,0.6019453406333923,
1684,0.8578947186470032,0.596504807472229,
1685,0.8569587469100952,0.5954042077064514,
1686,0.8592171669006348,0.5912659764289856,
1687,0.8607673048973083,0.5878121852874756,
1688,0.8616504669189453,0.5822614431381226,
1689,0.862500011920929,0.5753515958786011,
1690,0.8639018535614014,0.5723857283592224,
1691,0.8658257126808167,0.5668937563896179,
1692,0.8676801919937134,0.561747670173645,
1693,0.8672566413879395,0.5591856837272644,
1694,0.8679347634315491,0.5578481554985046,
1695,0.8680555820465088,0.5551281571388245,
1696,0.8702731132507324,0.5496459603309631,
1697,0.8708677887916565,0.5474643707275391,
1698,0.8719512224197388,0.5437720417976379,
1699,0.8734999895095825,0.538718044757843,
1700,0.6435185074806213,1.278088092803955,
1701,0.6616379022598267,1.2144439220428467,
1702,0.6774193644523621,1.1597578525543213,
1703,0.6969696879386902,1.1032772064208984,
1704,0.7089285850524902,1.0605469942092896,
1705,0.7212837934494019,1.024093747138977,
1706,0.7307692170143127,1.001360297203064,
1707,0.7423780560493469,0.9648911356925964,
1708,0.7529069781303406,0.9327479600906372,
1709,0.7611111402511597,0.90955650806427,
1710,0.771276593208313,0.8798288106918335,
1711,0.7767857313156128,0.8594734072685242,
1712,0.781862735748291,0.8407874703407288,
1713,0.786556601524353,0.8239441514015198,
1714,0.7920454740524292,0.807487964630127,
1715,0.7982456088066101,0.7890161275863647,
1716,0.805084764957428,0.7715535759925842,
1717,0.8104507923126221,0.7569431066513062,
1718,0.8144841194152832,0.7414047122001648,
1719,0.8153846263885498,0.7385660409927368,
1720,0.8199626803398132,0.724459171295166,
1721,0.823369562625885,0.7132735848426819,
1722,0.82658451795578,0.700408399105072,
1723,0.8304794430732727,0.6921478509902954,
1724,0.8349999785423279,0.6821963787078857,
1725,0.836850643157959,0.6735296249389648,
1726,0.8393987417221069,0.6656700372695923,
1727,0.8433641791343689,0.6549205183982849,
1728,0.8448795080184937,0.6481621861457825,
1729,0.846323549747467,0.6420712471008301,
1730,0.8477011322975159,0.6359825730323792,
1731,0.8497191071510315,0.6272070407867432,
1732,0.8523351550102234,0.6185389757156372,
1733,0.8548387289047241,0.6127769947052002,
1734,0.8565789461135864,0.6066101789474487,
1735,0.8576030731201172,0.6028614640235901,
1736,0.8598484992980957,0.5973799228668213,
1737,0.8595296740531921,0.593879222869873,
1738,0.8616504669189453,0.5880075693130493,
1739,0.8642857074737549,0.5813801288604736,
1740,0.8656542301177979,0.5770265460014343,
1741,0.8675458431243896,0.570834755897522,
1742,0.8676801919937134,0.5689302086830139,
1743,0.8700221180915833,0.5632455348968506,
1744,0.8717391490936279,0.5583456158638,
1745,0.8733974099159241,0.5534282326698303,
1746,0.8739495873451233,0.5494875311851501,
1747,0.8744834661483765,0.5467178225517273,
1748,0.8755081295967102,0.5450984835624695,
1749,0.8774999976158142,0.5399468541145325,
1750,0.6990740895271301,1.1098486185073853,
1751,0.7155172228813171,1.0569489002227783,
1752,0.7298387289047241,1.0136924982070923,
1753,0.7424242496490479,0.9633427858352661,
1754,0.7553571462631226,0.927933394908905,
1755,0.7652027010917664,0.8941529989242554,
1756,0.7756410241127014,0.8621942400932312,
1757,0.7820122241973877,0.8352010846138,
1758,0.7892441749572754,0.8076026439666748,
1759,0.7972221970558167,0.783450722694397,
1760,0.8018617033958435,0.770479142665863,
1761,0.8086734414100647,0.7531273365020752,
1762,0.8161764740943909,0.7351868748664856,
1763,0.8207547068595886,0.7222147583961487,
1764,0.8238636255264282,0.7115737199783325,
1765,0.827850878238678,0.6977382302284241,
1766,0.8294491767883301,0.690320611000061,
1767,0.8329917788505554,0.6817622184753418,
1768,0.836309552192688,0.6735902428627014,
1769,0.8394230604171753,0.6612448692321777,
1770,0.8432835936546326,0.6527935266494751,
1771,0.845108687877655,0.6440560221672058,
1772,0.8485915660858154,0.635932207107544,
1773,0.8501712083816528,0.6289623379707336,
1774,0.8500000238418579,0.6250661611557007,
1775,0.8522727489471436,0.618374228477478,
1776,0.8552215099334717,0.6120385527610779,
1777,0.8557098507881165,0.6057747006416321,
1778,0.8576807379722595,0.6020227074623108,
1779,0.8580882549285889,0.5949667096138,
1780,0.8613505959510803,0.5852630138397217,
1781,0.8637640476226807,0.577564537525177,
1782,0.8660714030265808,0.5698704719543457,
1783,0.8676075339317322,0.5633319616317749,
1784,0.8690789341926575,0.5612473487854004,
1785,0.8711340427398682,0.5536826252937317,
1786,0.872474730014801,0.5474152565002441,
1787,0.8743811845779419,0.5435602068901062,
1788,0.8762136101722717,0.538469672203064,
1789,0.8779761791229248,0.5337730646133423,
1790,0.8785046935081482,0.5350678563117981,
1791,0.8784403800964355,0.5325736403465271,
1792,0.877815306186676,0.5333126187324524,
1793,0.8788716793060303,0.5291118025779724,
1794,0.8798912763595581,0.5248875021934509,
1795,0.8808760643005371,0.5220750570297241,
1796,0.881302535533905,0.5206769704818726,
1797,0.8822314143180847,0.5196951031684875,
1798,0.8821138143539429,0.5199992656707764,
1799,0.8830000162124634,0.5165393352508545,
1800,0.7083333134651184,1.0572450160980225,
1801,0.7262930870056152,0.998407781124115,
1802,0.7419354915618896,0.9500157833099365,
1803,0.7556818127632141,0.9087926149368286,
1804,0.7660714387893677,0.8814530372619629,
1805,0.7736486196517944,0.8566884994506836,
1806,0.7836538553237915,0.8274755477905273,
1807,0.792682945728302,0.8033808469772339,
1808,0.8008720874786377,0.7772409319877625,
1809,0.8083333373069763,0.7554066777229309,
1810,0.8151595592498779,0.7352520823478699,
1811,0.8214285969734192,0.7187435626983643,
1812,0.8259803652763367,0.7045915722846985,
1813,0.8301886916160583,0.6950618028640747,
1814,0.8340908885002136,0.6805301308631897,
1815,0.8388158082962036,0.6666866540908813,
1816,0.8389830589294434,0.6596844792366028,
1817,0.8432376980781555,0.6435381770133972,
1818,0.8442460298538208,0.6355035901069641,
1819,0.8471153974533081,0.6253576278686523,
1820,0.8516790866851807,0.6115333437919617,
1821,0.85597825050354,0.6012378931045532,
1822,0.8573943376541138,0.5953745245933533,
1823,0.8570205569267273,0.5917496085166931,
1824,0.8600000143051147,0.5839926600456238,
1825,0.8636363744735718,0.5732610821723938,
1826,0.8623417615890503,0.5717194676399231,
1827,0.8641975522041321,0.5667199492454529,
1828,0.8652108311653137,0.5617864727973938,
1829,0.8676470518112183,0.5538126826286316,
1830,0.8699712753295898,0.5462795495986938,
1831,0.8721910119056702,0.5398187041282654,
1832,0.8743131756782532,0.53313148021698,
1833,0.8756720423698425,0.5271079540252686,
1834,0.8769736886024475,0.5226777195930481,
1835,0.8795102834701538,0.5168613791465759,
1836,0.8800504803657532,0.5121148824691772,
1837,0.8805692791938782,0.512628436088562,
1838,0.8816747665405273,0.5084088444709778,
1839,0.8839285969734192,0.5020080804824829,
1840,0.8855140209197998,0.4977606236934662,
1841,0.8858944773674011,0.4949037730693817,
1842,0.8873873949050903,0.48976925015449524,
1843,0.8882743120193481,0.4853682816028595,
1844,0.8891304135322571,0.4823560416698456,
1845,0.8894230723381042,0.47825029492378235,
1846,0.8902310729026794,0.4749070405960083,
1847,0.8904958963394165,0.4717821478843689,
1848,0.8907520174980164,0.4704570174217224,
1849,0.8920000195503235,0.46662530303001404,
1850,0.7037037014961243,1.0853546857833862,
1851,0.7219827771186829,1.0278255939483643,
1852,0.7399193644523621,0.9792273640632629,
1853,0.751893937587738,0.943021833896637,
1854,0.7660714387893677,0.9033225178718567,
1855,0.7787162065505981,0.8680142760276794,
1856,0.7836538553237915,0.8505555391311646,
1857,0.7911585569381714,0.8246965408325195,
1858,0.7994186282157898,0.7997171878814697,
1859,0.8069444298744202,0.7734426856040955,
1860,0.811170220375061,0.7588478922843933,
1861,0.8176020383834839,0.7413061261177063,
1862,0.8235294222831726,0.7222311496734619,
1863,0.8266509175300598,0.7088663578033447,
1864,0.8306818008422852,0.6912684440612793,
1865,0.8344298005104065,0.6819236874580383,
1866,0.8389830589294434,0.670592188835144,
1867,0.8442623019218445,0.650822639465332,
1868,0.8472222089767456,0.6381093859672546,
1869,0.8509615659713745,0.6288830637931824,
1870,0.8535447716712952,0.6194780468940735,
1871,0.8550724387168884,0.6114665269851685,
1872,0.8582746386528015,0.6012643575668335,
1873,0.8613013625144958,0.5906739830970764,
1874,0.8633333444595337,0.5824793577194214,
1875,0.8652597665786743,0.5757853388786316,
1876,0.8662974834442139,0.5714296698570251,
1877,0.8680555820465088,0.5673412084579468,
1878,0.8697289228439331,0.5592050552368164,
1879,0.8720588088035583,0.551275908946991,
1880,0.8742815852165222,0.5454297065734863,
1881,0.8757022619247437,0.5384695529937744,
1882,0.8777472376823425,0.5317515134811401,
1883,0.8803763389587402,0.523273229598999,
1884,0.8815789222717285,0.5173165798187256,
1885,0.8833763003349304,0.5141078233718872,
1886,0.8857323527336121,0.5072523355484009,
1887,0.885519802570343,0.5041174292564392,
1888,0.8877426981925964,0.4989033043384552,
1889,0.8880952596664429,0.49651435017585754,
1890,0.889602780342102,0.4920385777950287,
1891,0.8910550475120544,0.488618940114975,
1892,0.892454981803894,0.4839251637458801,
1893,0.8938053250312805,0.4805190861225128,
1894,0.89402174949646,0.4783197045326233,
1895,0.8958333134651184,0.4735926687717438,
1896,0.8970588445663452,0.4695167541503906,
1897,0.8987603187561035,0.4656650125980377,
1898,0.8993902206420898,0.4638025760650635,
1899,0.9004999995231628,0.4600464701652527,
1900,0.6967592835426331,1.1186918020248413,
1901,0.7112069129943848,1.0687192678451538,
1902,0.7278226017951965,1.0130516290664673,
1903,0.7405303120613098,0.9644067883491516,
1904,0.7535714507102966,0.9302558898925781,
1905,0.7668918967247009,0.8897804021835327,
1906,0.7740384340286255,0.8589598536491394,
1907,0.7850610017776489,0.8273446559906006,
1908,0.792151153087616,0.8032019138336182,
1909,0.8013888597488403,0.7764146327972412,
1910,0.8058510422706604,0.7565686106681824,
1911,0.8099489808082581,0.744836151599884,
1912,0.8149510025978088,0.7305713891983032,
1913,0.8183962106704712,0.7131081819534302,
1914,0.8227272629737854,0.6963184475898743,
1915,0.8267543911933899,0.6852025985717773,
1916,0.8326271176338196,0.6679834127426147,
1917,0.8360655903816223,0.6563113331794739,
1918,0.841269850730896,0.6417686343193054,
1919,0.8451923131942749,0.6303848028182983,
1920,0.8470149040222168,0.6189771890640259,
1921,0.8505434989929199,0.6093944311141968,
1922,0.8521126508712769,0.601887047290802,
1923,0.8553082346916199,0.5928077101707458,
1924,0.8575000166893005,0.5832390189170837,
1925,0.861201286315918,0.5731076598167419,
1926,0.863132894039154,0.5693068504333496,
1927,0.8657407164573669,0.5616077184677124,
1928,0.8667168617248535,0.5559960603713989,
1929,0.8698529601097107,0.5477036833763123,
1930,0.8721264600753784,0.541742742061615,
1931,0.875,0.5340992212295532,
1932,0.8777472376823425,0.524880051612854,
1933,0.8783602118492126,0.5201811194419861,
1934,0.8802631497383118,0.5140282511711121,
1935,0.8814433217048645,0.5084723234176636,
1936,0.8825757503509521,0.5038832426071167,
1937,0.8836633563041687,0.5001161098480225,
1938,0.8859223127365112,0.49595823884010315,
1939,0.887499988079071,0.49102887511253357,
1940,0.8884345889091492,0.4872299134731293,
1941,0.8899082541465759,0.48465976119041443,
1942,0.8879504799842834,0.4868756830692291,
1943,0.8888274431228638,0.4834718406200409,
1944,0.8902173638343811,0.47837451100349426,
1945,0.8915598392486572,0.476279616355896,
1946,0.8928571343421936,0.4733944237232208,
1947,0.89462810754776,0.46979156136512756,
1948,0.894817054271698,0.46730750799179077,
1949,0.8960000276565552,0.46370282769203186,
1950,0.6828703880310059,1.0677263736724854,
1951,0.7004310488700867,1.01210355758667,
1952,0.7157257795333862,0.96640545129776,
1953,0.7310606241226196,0.921259343624115,
1954,0.7446428537368774,0.8799848556518555,
1955,0.7584459185600281,0.8401113152503967,
1956,0.7676281929016113,0.814853310585022,
1957,0.7774389982223511,0.78298020362854,
1958,0.7848837375640869,0.7582177519798279,
1959,0.7875000238418579,0.7436690330505371,
1960,0.7938829660415649,0.7254274487495422,
1961,0.8022959232330322,0.7069770097732544,
1962,0.8088235259056091,0.6902445554733276,
1963,0.8160377144813538,0.6708592772483826,
1964,0.8215909004211426,0.6551982760429382,
1965,0.8256579041481018,0.6409512162208557,
1966,0.8315678238868713,0.6236597299575806,
1967,0.8360655903816223,0.609927237033844,
1968,0.841269850730896,0.5972356796264648,
1969,0.8461538553237915,0.5847233533859253,
1970,0.8498134613037109,0.5736283659934998,
1971,0.8505434989929199,0.5690271258354187,
1972,0.8529929518699646,0.5624152421951294,
1973,0.8561643958091736,0.5524272918701172,
1974,0.85916668176651,0.5426164269447327,
1975,0.861201286315918,0.5375199913978577,
1976,0.8647152185440063,0.5296230316162109,
1977,0.8680555820465088,0.5203946232795715,
1978,0.8704819083213806,0.5114970803260803,
1979,0.8713235259056091,0.5065701603889465,
1980,0.8735632300376892,0.4986315667629242,
1981,0.8757022619247437,0.49279361963272095,
1982,0.8777472376823425,0.4869839549064636,
1983,0.8756720423698425,0.490086168050766,
1984,0.8776316046714783,0.48548707365989685,
1985,0.8795102834701538,0.4798770844936371,
1986,0.881313145160675,0.47588491439819336,
1987,0.8830445408821106,0.4706067442893982,
1988,0.884101927280426,0.46712571382522583,
1989,0.8863095045089722,0.4625326991081238,
1990,0.8878504633903503,0.4581317603588104,
1991,0.8887614607810974,0.4539925158023834,
1992,0.8896396160125732,0.4519670307636261,
1993,0.8904867172241211,0.4483189582824707,
1994,0.8918478488922119,0.44481930136680603,
1995,0.8936966061592102,0.43967726826667786,
1996,0.8939075469970703,0.4381272494792938,
1997,0.89462810754776,0.43451154232025146,
1998,0.8958333134651184,0.4308737516403198,
1999,0.8970000147819519,0.42692074179649353,
2000,0.7129629850387573,0.9974690675735474,
2001,0.732758641242981,0.9439133405685425,
2002,0.75,0.8975447416305542,
2003,0.7556818127632141,0.8648459911346436,
2004,0.7678571343421936,0.8351829051971436,
2005,0.7787162065505981,0.8128735423088074,
2006,0.7884615659713745,0.7845311760902405,
2007,0.7972561120986938,0.7602094411849976,
2008,0.8066860437393188,0.7353915572166443,
2009,0.8125,0.7132681012153625,
2010,0.8191489577293396,0.6902421116828918,
2011,0.8265306353569031,0.6723271012306213,
2012,0.8321078419685364,0.6558976769447327,
2013,0.8372641801834106,0.6382611393928528,
2014,0.8420454263687134,0.628993034362793,
2015,0.8453947305679321,0.6147263646125793,
2016,0.8495762944221497,0.599581241607666,
2017,0.8534836173057556,0.5883215069770813,
2018,0.858134925365448,0.5761101245880127,
2019,0.8615384697914124,0.5657168626785278,
2020,0.8638059496879578,0.5584673285484314,
2021,0.8659420013427734,0.5553866624832153,
2022,0.8661971688270569,0.5523425936698914,
2023,0.8672945499420166,0.547297477722168,
2024,0.8700000047683716,0.53853440284729,
2025,0.8725649118423462,0.5304390788078308,
2026,0.8742088675498962,0.5253434181213379,
2027,0.8765432238578796,0.5164861083030701,
2028,0.8780120611190796,0.5104483962059021,
2029,0.8794117569923401,0.5061766505241394,
2030,0.8821839094161987,0.5001402497291565,
2031,0.8848314881324768,0.49306872487068176,
2032,0.8859890103340149,0.4892542064189911,
2033,0.8877688050270081,0.4819662570953369,
2034,0.8901315927505493,0.47477754950523376,
2035,0.8911082744598389,0.4696556627750397,
2036,0.8926767706871033,0.4659508466720581,
2037,0.8935643434524536,0.4637046754360199,
2038,0.8956310749053955,0.4591341018676758,
2039,0.8970237970352173,0.4553022086620331,
2040,0.8983644843101501,0.45058390498161316,
2041,0.9002293348312378,0.44545596837997437,
2042,0.900337815284729,0.4426618218421936,
2043,0.9021017551422119,0.43706777691841125,
2044,0.9032608866691589,0.4350188076496124,
2045,0.9043803215026855,0.43244993686676025,
2046,0.9049369692802429,0.4302644729614258,
2047,0.9059917330741882,0.427775114774704,
2048,0.9075203537940979,0.42531895637512207,
2049,0.9085000157356262,0.42258232831954956,
2050,0.7037037014961243,1.1008799076080322,
2051,0.7219827771186829,1.0398437976837158,
2052,0.7318548560142517,0.9900612235069275,
2053,0.7443181872367859,0.9441999197006226,
2054,0.7535714507102966,0.9133027195930481,
2055,0.7652027010917664,0.8832299709320068,
2056,0.7772436141967773,0.8535460233688354,
2057,0.7820122241973877,0.8320820331573486,
2058,0.7906976938247681,0.8014903664588928,
2059,0.7972221970558167,0.7799785137176514,
2060,0.8005319237709045,0.7612371444702148,
2061,0.8061224222183228,0.7422134876251221,
2062,0.813725471496582,0.71840500831604,
2063,0.8195754885673523,0.6968215107917786,
2064,0.8261363506317139,0.6780473589897156,
2065,0.8311403393745422,0.6600667834281921,
2066,0.8358050584793091,0.6500256061553955,
2067,0.8391393423080444,0.6380457878112793,
2068,0.8432539701461792,0.6284307241439819,
2069,0.8480769395828247,0.615287184715271,
2070,0.8488805890083313,0.6084030270576477,
2071,0.85326087474823,0.5978862643241882,
2072,0.8573943376541138,0.5858696699142456,
2073,0.8613013625144958,0.573503315448761,
2074,0.862500011920929,0.5648763179779053,
2075,0.8652597665786743,0.5562050342559814,
2076,0.8686708807945251,0.5467297434806824,
2077,0.8695987462997437,0.5445606112480164,
2078,0.8727409839630127,0.534523606300354,
2079,0.8757352828979492,0.5267278552055359,
2080,0.8764367699623108,0.5216490030288696,
2081,0.8771067261695862,0.5168238282203674,
2082,0.879807710647583,0.5093910098075867,
2083,0.8823924660682678,0.5018426179885864,
2084,0.8842105269432068,0.4978947639465332,
2085,0.8865979313850403,0.4902952015399933,
2086,0.8882575631141663,0.48554527759552,
2087,0.8886138796806335,0.4825965464115143,
2088,0.8895630836486816,0.4809308350086212,
2089,0.8910714387893677,0.4751468896865845,
2090,0.8919392228126526,0.470846563577652,
2091,0.8927752375602722,0.4694521129131317,
2092,0.8930180072784424,0.4679991602897644,
2093,0.8938053250312805,0.4636642038822174,
2094,0.895108699798584,0.46015116572380066,
2095,0.8958333134651184,0.4607151448726654,
2096,0.8970588445663452,0.45558637380599976,
2097,0.8977272510528564,0.4512757360935211,
2098,0.8983739614486694,0.4484309256076813,
2099,0.8999999761581421,0.4450663924217224,
2100,0.7361111044883728,1.0643523931503296,
2101,0.75,1.0122718811035156,
2102,0.7600806355476379,0.968312680721283,
2103,0.7727272510528564,0.9237061142921448,
2104,0.7803571224212646,0.8854715824127197,
2105,0.7905405163764954,0.8476068377494812,
2106,0.7996794581413269,0.8142314553260803,
2107,0.8018292784690857,0.7893208861351013,
2108,0.8110465407371521,0.7613146305084229,
2109,0.8194444179534912,0.7337313890457153,
2110,0.8257978558540344,0.7133272886276245,
2111,0.8329081535339355,0.6942801475524902,
2112,0.8382353186607361,0.6758206486701965,
2113,0.8431603908538818,0.6577446460723877,
2114,0.8477272987365723,0.6402797102928162,
2115,0.8530701994895935,0.6260609030723572,
2116,0.8548728823661804,0.611833393573761,
2117,0.8596311211585999,0.5987637042999268,
2118,0.8621031641960144,0.5909115672111511,
2119,0.8653846383094788,0.5783367156982422,
2120,0.8675373196601868,0.5679261088371277,
2121,0.8704710006713867,0.5585561394691467,
2122,0.8723591566085815,0.5486692786216736,
2123,0.875,0.5391741991043091,
2124,0.878333330154419,0.5292685031890869,
2125,0.8806818127632141,0.5212610960006714,
2126,0.8821202516555786,0.5139936804771423,
2127,0.8842592835426331,0.5054595470428467,
2128,0.8870481848716736,0.4960620403289795,
2129,0.8889706134796143,0.4896320104598999,
2130,0.891523003578186,0.4816018044948578,
2131,0.8925561904907227,0.47756245732307434,
2132,0.8949176073074341,0.4692672789096832,
2133,0.8958333134651184,0.46521705389022827,
2134,0.8967105150222778,0.4638182520866394,
2135,0.8981958627700806,0.46071723103523254,
2136,0.9002525210380554,0.4556306302547455,
2137,0.9009901285171509,0.4518086612224579,
2138,0.9029126167297363,0.4460691511631012,
2139,0.9041666388511658,0.44379767775535583,
2140,0.9053738117218018,0.4385901689529419,
2141,0.9071100950241089,0.43527036905288696,
2142,0.9082207083702087,0.433147668838501,
2143,0.908738911151886,0.4302769601345062,
2144,0.9097825884819031,0.4286143183708191,
2145,0.9107906222343445,0.42395713925361633,
2146,0.9117646813392639,0.4199850559234619,
2147,0.9121900796890259,0.4167206883430481,
2148,0.9120935201644897,0.41552767157554626,
2149,0.9129999876022339,0.41385772824287415,
2150,0.7407407164573669,0.9481400847434998,
2151,0.7521551847457886,0.9054062366485596,
2152,0.7661290168762207,0.8650426268577576,
2153,0.7765151262283325,0.8292486667633057,
2154,0.7875000238418579,0.791689395904541,
2155,0.7956081032752991,0.7653090953826904,
2156,0.8060897588729858,0.7401188611984253,
2157,0.8155487775802612,0.7141163349151611,
2158,0.8241279125213623,0.689941942691803,
2159,0.8305555582046509,0.6690095067024231,
2160,0.8364361524581909,0.6498041152954102,
2161,0.8418367505073547,0.6292011737823486,
2162,0.8468137383460999,0.6132727861404419,
2163,0.8514150977134705,0.5976147651672363,
2164,0.8534091114997864,0.5873217582702637,
2165,0.8574561476707458,0.5726009607315063,
2166,0.8622881174087524,0.5579527616500854,
2167,0.8657786846160889,0.5471984148025513,
2168,0.8680555820465088,0.5397663712501526,
2169,0.8721153736114502,0.5277557373046875,
2170,0.8759328126907349,0.5191594362258911,
2171,0.8786231875419617,0.5105201601982117,
2172,0.8820422291755676,0.5022331476211548,
2173,0.8852739930152893,0.4921354055404663,
2174,0.8866666555404663,0.4866965711116791,
2175,0.8879870176315308,0.48079434037208557,
2176,0.8908227682113647,0.47357475757598877,
2177,0.8927469253540039,0.4686315655708313,
2178,0.8953313231468201,0.46172910928726196,
2179,0.8977941274642944,0.454473614692688,
2180,0.9001436829566956,0.44816967844963074,
2181,0.898876428604126,0.44889119267463684,
2182,0.8983516693115234,0.44735798239707947,
2183,0.8985214829444885,0.44605863094329834,
2184,0.8973684310913086,0.4436069428920746,
2185,0.8975515365600586,0.44044843316078186,
2186,0.8989899158477783,0.4374743700027466,
2187,0.9009901285171509,0.43254414200782776,
2188,0.9029126167297363,0.42929258942604065,
2189,0.9041666388511658,0.42603155970573425,
2190,0.9047897458076477,0.42397817969322205,
2191,0.9065366983413696,0.41911882162094116,
2192,0.9076576828956604,0.4148959815502167,
2193,0.908738911151886,0.41185829043388367,
2194,0.9097825884819031,0.40872496366500854,
2195,0.9113247990608215,0.4056551158428192,
2196,0.9128151535987854,0.4024021625518799,
2197,0.9137396812438965,0.4000486135482788,
2198,0.915142297744751,0.39613446593284607,
2199,0.9164999723434448,0.39239269495010376,
2200,0.7453703880310059,0.944288969039917,
2201,0.7607758641242981,0.8951180577278137,
2202,0.7762096524238586,0.8496208190917969,
2203,0.7897727489471436,0.8075047135353088,
2204,0.8017857074737549,0.7724829316139221,
2205,0.8108108043670654,0.7411065101623535,
2206,0.8205128312110901,0.7141032814979553,
2207,0.8292682766914368,0.6866828203201294,
2208,0.8343023061752319,0.6690177321434021,
2209,0.8416666388511658,0.6466616988182068,
2210,0.8470744490623474,0.627579927444458,
2211,0.8533163070678711,0.6107947826385498,
2212,0.8590686321258545,0.5919881463050842,
2213,0.8608490824699402,0.5823609828948975,
2214,0.862500011920929,0.574057400226593,
2215,0.8673245906829834,0.562254786491394,
2216,0.867584764957428,0.5542775392532349,
2217,0.868852436542511,0.5446279644966125,
2218,0.8730158805847168,0.532872200012207,
2219,0.8759615421295166,0.5211995244026184,
2220,0.878731369972229,0.5132589340209961,
2221,0.8813405632972717,0.5042402148246765,
2222,0.8838028311729431,0.4971674978733063,
2223,0.8835616707801819,0.4904206693172455,
2224,0.8866666555404663,0.4819941222667694,
2225,0.888798713684082,0.4751640558242798,
2226,0.890031635761261,0.46949028968811035,
2227,0.8912037014961243,0.4667591452598572,
2228,0.8938252925872803,0.4602809250354767,
2229,0.8963235020637512,0.45381903648376465,
2230,0.897988498210907,0.4485502541065216,
2231,0.8995786309242249,0.4438392221927643,
2232,0.8997252583503723,0.44058865308761597,
2233,0.9005376100540161,0.43748268485069275,
2234,0.9019736647605896,0.4330064058303833,
2235,0.9033505320549011,0.4291099011898041,
2236,0.9034090638160706,0.42739319801330566,
2237,0.9040841460227966,0.4241688847541809,
2238,0.905339777469635,0.42142000794410706,
2239,0.9059523940086365,0.4173067510128021,
2240,0.9077102541923523,0.41413262486457825,
2241,0.9088302850723267,0.4100222587585449,
2242,0.9099099040031433,0.4067510962486267,
2243,0.9115044474601746,0.4020823836326599,
2244,0.9114130139350891,0.39994746446609497,
2245,0.9107906222343445,0.399876207113266,
2246,0.9122899174690247,0.39644041657447815,
2247,0.913223147392273,0.39299193024635315,
2248,0.9136179089546204,0.3905448317527771,
2249,0.9139999747276306,0.38780826330184937,
2250,0.7361111044883728,1.0062886476516724,
2251,0.7543103694915771,0.943620502948761,
2252,0.7681451439857483,0.9003854393959045,
2253,0.7803030014038086,0.8623504638671875,
2254,0.7910714149475098,0.8257222771644592,
2255,0.8006756901741028,0.7896715402603149,
2256,0.8092948794364929,0.7570134997367859,
2257,0.8185975551605225,0.7286674976348877,
2258,0.8255813717842102,0.7028927803039551,
2259,0.831944465637207,0.680065929889679,
2260,0.8390957713127136,0.6614084243774414,
2261,0.8431122303009033,0.6459236145019531,
2262,0.8492646813392639,0.6254097819328308,
2263,0.8549528121948242,0.6077443361282349,
2264,0.8602272868156433,0.5904574394226074,
2265,0.8640350699424744,0.5802866220474243,
2266,0.8654661178588867,0.5696656107902527,
2267,0.8698770403862,0.5567269921302795,
2268,0.8740079402923584,0.5467100739479065,
2269,0.8769230842590332,0.5366073846817017,
2270,0.8805969953536987,0.5250326991081238,
2271,0.883152186870575,0.5157041549682617,
2272,0.8864436745643616,0.5055491328239441,
2273,0.8895547986030579,0.4959440231323242,
2274,0.8924999833106995,0.48798638582229614,
2275,0.8936688303947449,0.48447102308273315,
2276,0.8947784900665283,0.4796731173992157,
2277,0.8966049551963806,0.47367575764656067,
2278,0.8975903391838074,0.4678550958633423,
2279,0.8999999761581421,0.4614756107330322,
2280,0.9008620977401733,0.45943713188171387,
2281,0.9030898809432983,0.4531630277633667,
2282,0.9052197933197021,0.44754812121391296,
2283,0.9065860509872437,0.4435046315193176,
2284,0.9072368144989014,0.44090691208839417,
2285,0.9085051417350769,0.4355834126472473,
2286,0.9084596037864685,0.43199461698532104,
2287,0.9096534848213196,0.4277694523334503,
2288,0.9114077687263489,0.42260828614234924,
2289,0.913095235824585,0.4176523983478546,
2290,0.9147196412086487,0.4115673303604126,
2291,0.915710985660553,0.40800049901008606,
2292,0.9172297120094299,0.4037807285785675,
2293,0.9186946749687195,0.39880767464637756,
2294,0.9201086759567261,0.3943687379360199,
2295,0.9214743375778198,0.39056187868118286,
2296,0.9222689270973206,0.3871155083179474,
2297,0.9220041036605835,0.3853026330471039,
2298,0.9222561120986938,0.3824906051158905,
2299,0.9235000014305115,0.3783058226108551,
2300,0.7384259104728699,0.9932298064231873,
2301,0.75,0.9445043206214905,
2302,0.7661290168762207,0.8910366892814636,
2303,0.7784090638160706,0.8462483286857605,
2304,0.7875000238418579,0.8070306777954102,
2305,0.7989864945411682,0.7717187404632568,
2306,0.8092948794364929,0.7444168925285339,
2307,0.8170731663703918,0.7160903215408325,
2308,0.8226743936538696,0.6937568783760071,
2309,0.8291666507720947,0.66981041431427,
2310,0.833776593208313,0.6511473059654236,
2311,0.8392857313156128,0.636201024055481,
2312,0.845588207244873,0.6189554333686829,
2313,0.8502358198165894,0.6076780557632446,
2314,0.855681836605072,0.5924135446548462,
2315,0.8585526347160339,0.5811281204223633,
2316,0.8601694703102112,0.573989748954773,
2317,0.8637295365333557,0.5606420040130615,
2318,0.8660714030265808,0.5492889881134033,
2319,0.870192289352417,0.539563000202179,
2320,0.8740671873092651,0.5283247828483582,
2321,0.8768116235733032,0.5189499258995056,
2322,0.8794013857841492,0.5118740200996399,
2323,0.8827054500579834,0.5023218989372253,
2324,0.8858333230018616,0.4918789267539978,
2325,0.8871753215789795,0.48496320843696594,
2326,0.890031635761261,0.47638314962387085,
2327,0.8912037014961243,0.47071197628974915,
2328,0.8930723071098328,0.46444228291511536,
2329,0.895588219165802,0.4571842551231384,
2330,0.8965517282485962,0.45537689328193665,
2331,0.8981741666793823,0.44807133078575134,
2332,0.8997252583503723,0.4417652487754822,
2333,0.9012096524238586,0.4366929233074188,
2334,0.9032894968986511,0.43116578459739685,
2335,0.905283510684967,0.4255850613117218,
2336,0.9071969985961914,0.4216756224632263,
2337,0.9090346693992615,0.4158569872379303,
2338,0.9101941585540771,0.41165846586227417,
2339,0.9107142686843872,0.4105905294418335,
2340,0.9123831987380981,0.4054794907569885,
2341,0.91399085521698,0.4009106755256653,
2342,0.9144144058227539,0.3983917534351349,
2343,0.9159291982650757,0.3949856758117676,
2344,0.917391300201416,0.39112797379493713,
2345,0.9182692170143127,0.38739103078842163,
2346,0.9196428656578064,0.38495340943336487,
2347,0.9204545617103577,0.38190147280693054,
2348,0.9212398529052734,0.3783188760280609,
2349,0.921999990940094,0.3750874102115631,
2350,0.7592592835426331,0.9870033860206604,
2351,0.7758620977401733,0.9291539192199707,
2352,0.7903226017951965,0.8796197772026062,
2353,0.8011363744735718,0.8368504643440247,
2354,0.8125,0.7979066371917725,
2355,0.8192567825317383,0.7714016437530518,
2356,0.8237179517745972,0.7461087107658386,
2357,0.8307926654815674,0.7175224423408508,
2358,0.8372092843055725,0.6949039697647095,
2359,0.8430555462837219,0.6707581877708435,
2360,0.8497340679168701,0.6523495316505432,
2361,0.8545918464660645,0.6325772404670715,
2362,0.8602941036224365,0.6125226020812988,
2363,0.864386796951294,0.5999947190284729,
2364,0.8693181872367859,0.5821601152420044,
2365,0.8728070259094238,0.5677485466003418,
2366,0.8760592937469482,0.5529336929321289,
2367,0.8780737519264221,0.5430738925933838,
2368,0.8819444179534912,0.5303418040275574,
2369,0.8836538195610046,0.5231053829193115,
2370,0.8861940503120422,0.5126772522926331,
2371,0.8885869383811951,0.5030673146247864,
2372,0.8917253613471985,0.49327588081359863,
2373,0.8938356041908264,0.4858359694480896,
2374,0.8966666460037231,0.4767223000526428,
2375,0.8977272510528564,0.4708714783191681,
2376,0.9003164768218994,0.461296409368515,
2377,0.9027777910232544,0.45413726568222046,
2378,0.9043674468994141,0.44967201352119446,
2379,0.9066176414489746,0.44374367594718933,
2380,0.9087643623352051,0.43657350540161133,
2381,0.9108145833015442,0.43166813254356384,
2382,0.9120879173278809,0.4270073473453522,
2383,0.913306474685669,0.42244163155555725,
2384,0.9138157963752747,0.41958191990852356,
2385,0.9149484634399414,0.4153091311454773,
2386,0.9166666865348816,0.41135552525520325,
2387,0.9176980257034302,0.40995439887046814,
2388,0.919296145439148,0.4046410024166107,
2389,0.9202380776405334,0.40057089924812317,
2390,0.9217289686203003,0.39722031354904175,
2391,0.9225917458534241,0.393026202917099,
2392,0.9239864945411682,0.3885776102542877,
2393,0.9253318309783936,0.38493597507476807,
2394,0.925000011920929,0.3819745182991028,
2395,0.9257478713989258,0.377931147813797,
2396,0.9269958138465881,0.37333256006240845,
2397,0.9261363744735718,0.3728768825531006,
2398,0.9268292784690857,0.3698820173740387,
2399,0.9279999732971191,0.36742115020751953,
2400,0.7546296119689941,0.9521315693855286,
2401,0.7715517282485962,0.895937979221344,
2402,0.7842742204666138,0.8593965768814087,
2403,0.7973484992980957,0.8149831891059875,
2404,0.8089285492897034,0.778701663017273,
2405,0.8192567825317383,0.7451739311218262,
2406,0.8269230723381042,0.7156041264533997,
2407,0.832317054271698,0.6955500245094299,
2408,0.8386628031730652,0.6713730692863464,
2409,0.8444444537162781,0.6517177820205688,
2410,0.8510638475418091,0.6365230679512024,
2411,0.855867326259613,0.6201802492141724,
2412,0.8602941036224365,0.6049727201461792,
2413,0.864386796951294,0.5907232761383057,
2414,0.8681818246841431,0.5749491453170776,
2415,0.8717105388641357,0.5652763843536377,
2416,0.8760592937469482,0.551750659942627,
2417,0.8790983557701111,0.541193425655365,
2418,0.8829365372657776,0.5276395082473755,
2419,0.8865384459495544,0.5165836811065674,
2420,0.888059675693512,0.5084747076034546,
2421,0.8903985619544983,0.5003629326820374,
2422,0.8934859037399292,0.49104711413383484,
2423,0.8955479264259338,0.4825558066368103,
2424,0.8974999785423279,0.475861519575119,
2425,0.9001623392105103,0.46735164523124695,
2426,0.9018987417221069,0.45975828170776367,
2427,0.904321014881134,0.4538840651512146,
2428,0.9066265225410461,0.44762733578681946,
2429,0.9058823585510254,0.44359296560287476,
2430,0.9080459475517273,0.43581467866897583,
2431,0.9080055952072144,0.4342477321624756,
2432,0.9100274443626404,0.4294309616088867,
2433,0.9112903475761414,0.42383086681365967,
2434,0.9111841917037964,0.4202098250389099,
2435,0.9130154848098755,0.41765689849853516,
2436,0.9141414165496826,0.41348177194595337,
2437,0.9152227640151978,0.41140487790107727,
2438,0.9156553149223328,0.4091503322124481,
2439,0.9166666865348816,0.40798065066337585,
2440,0.917640209197998,0.40359222888946533,
2441,0.9191513657569885,0.3987421989440918,
2442,0.9206081032752991,0.39406874775886536,
2443,0.9220132827758789,0.39025405049324036,
2444,0.9228261113166809,0.3864441514015198,
2445,0.9236111044883728,0.3846251666545868,
2446,0.924369752407074,0.38129764795303345,
2447,0.9251033067703247,0.37826022505760193,
2448,0.9263211488723755,0.37616798281669617,
2449,0.9269999861717224,0.37324628233909607,
2450,0.7384259104728699,0.95634526014328,
2451,0.756465494632721,0.904029130935669,
2452,0.7721773982048035,0.8570196032524109,
2453,0.7840909361839294,0.8123172521591187,
2454,0.7964285612106323,0.7723132967948914,
2455,0.8057432174682617,0.741304337978363,
2456,0.8125,0.7144078612327576,
2457,0.8216463327407837,0.68683260679245,
2458,0.8299418687820435,0.6646243929862976,
2459,0.8374999761581421,0.6413523554801941,
2460,0.8444148898124695,0.6221063733100891,
2461,0.8494898080825806,0.6056662201881409,
2462,0.8553921580314636,0.5873017311096191,
2463,0.8584905862808228,0.575485348701477,
2464,0.862500011920929,0.5664175152778625,
2465,0.8662280440330505,0.5536871552467346,
2466,0.8707627058029175,0.5411689281463623,
2467,0.873975396156311,0.528705894947052,
2468,0.8759920597076416,0.5244052410125732,
2469,0.879807710647583,0.5134243369102478,
2470,0.8815298676490784,0.5080088376998901,
2471,0.8849637508392334,0.49739593267440796,
2472,0.8864436745643616,0.48954105377197266,
2473,0.8878424763679504,0.4820121228694916,
2474,0.89083331823349,0.4731805920600891,
2475,0.8928571343421936,0.4654921591281891,
2476,0.8955696225166321,0.4577766954898834,
2477,0.8981481194496155,0.45061078667640686,
2478,0.8998494148254395,0.4445156753063202,
2479,0.9022058844566345,0.4369487464427948,
2480,0.9044540524482727,0.4295503497123718,
2481,0.9051966071128845,0.424625962972641,
2482,0.906593382358551,0.4185981750488281,
2483,0.9086021780967712,0.4117579758167267,
2484,0.9105263352394104,0.4060556888580322,
2485,0.9104381203651428,0.4035981595516205,
2486,0.9116161465644836,0.40003257989883423,
2487,0.9133663177490234,0.39738407731056213,
2488,0.9150485396385193,0.3928242623806,
2489,0.9166666865348816,0.3886980712413788,
2490,0.9182242751121521,0.3839680254459381,
2491,0.9197247624397278,0.3791971206665039,
2492,0.9211711883544922,0.3752017319202423,
2493,0.9220132827758789,0.3728737235069275,
2494,0.9222826361656189,0.3708634376525879,
2495,0.9236111044883728,0.36684951186180115,
2496,0.924369752407074,0.36391502618789673,
2497,0.9251033067703247,0.3612716495990753,
2498,0.9258130192756653,0.3592277765274048,
2499,0.9265000224113464,0.35758712887763977,
2500,0.7731481194496155,0.8873427510261536,
2501,0.7866379022598267,0.8369935154914856,
2502,0.8004032373428345,0.7898274660110474,
2503,0.810606062412262,0.7549601197242737,
2504,0.8214285969734192,0.720073401927948,
2505,0.8310810923576355,0.6890066266059875,
2506,0.8381410241127014,0.6625807285308838,
2507,0.8460366129875183,0.6392672657966614,
2508,0.8531976938247681,0.6167282462120056,
2509,0.8583333492279053,0.6034945249557495,
2510,0.8643617033958435,0.5848018527030945,
2511,0.8698979616165161,0.5691208839416504,
2512,0.8713235259056091,0.563520073890686,
2513,0.875,0.5514816045761108,
2514,0.8784090876579285,0.5388365387916565,
2515,0.8815789222717285,0.5258204936981201,
2516,0.8845338821411133,0.5152915120124817,
2517,0.8872950673103333,0.5079005360603333,
2518,0.8898809552192688,0.4971744418144226,
2519,0.8932692408561707,0.48596644401550293,
2520,0.89552241563797,0.4782685935497284,
2521,0.8976449370384216,0.4706770181655884,
2522,0.9005281925201416,0.46107181906700134,
2523,0.903253436088562,0.451584130525589,
2524,0.9058333039283752,0.4438862204551697,
2525,0.9066558480262756,0.43843865394592285,
2526,0.9082278609275818,0.4349924325942993,
2527,0.9104938507080078,0.42791739106178284,
2528,0.9126505851745605,0.4211040139198303,
2529,0.9147058725357056,0.41416746377944946,
2530,0.9166666865348816,0.40929293632507324,
2531,0.9178370833396912,0.4043910503387451,
2532,0.9189560413360596,0.39856380224227905,
2533,0.9193548560142517,0.39464396238327026,
2534,0.9210526347160339,0.3895026445388794,
2535,0.9226804375648499,0.385312020778656,
2536,0.9242424368858337,0.3828542232513428,
2537,0.9251237511634827,0.3793911039829254,
2538,0.9259708523750305,0.3775002062320709,
2539,0.9273809790611267,0.37255674600601196,
2540,0.9281542301177979,0.36939436197280884,
2541,0.9294725060462952,0.36577844619750977,
2542,0.9307432174682617,0.3617021441459656,
2543,0.9314159154891968,0.35797014832496643,
2544,0.9326087236404419,0.3538670837879181,
2545,0.933226466178894,0.3515128195285797,
2546,0.9343487620353699,0.3471603989601135,
2547,0.9354338645935059,0.3433217406272888,
2548,0.9359756112098694,0.3422425389289856,
2549,0.9369999766349792,0.33916762471199036,
2550,0.7245370149612427,1.0176748037338257,
2551,0.7392241358757019,0.9663887619972229,
2552,0.7520161271095276,0.9228075742721558,
2553,0.7651515007019043,0.8778951168060303,
2554,0.7767857313156128,0.8392866849899292,
2555,0.7854729890823364,0.8067221641540527,
2556,0.7964743375778198,0.7736533284187317,
2557,0.8064024448394775,0.7435183525085449,
2558,0.8154069781303406,0.7194870114326477,
2559,0.8222222328186035,0.6962080001831055,
2560,0.8271276354789734,0.6795568466186523,
2561,0.8329081535339355,0.6575846076011658,
2562,0.8382353186607361,0.6392422914505005,
2563,0.8419811129570007,0.6267755627632141,
2564,0.8477272987365723,0.6106939315795898,
2565,0.8519737124443054,0.5934228897094727,
2566,0.8569915294647217,0.5805798172950745,
2567,0.8616803288459778,0.5661624670028687,
2568,0.8650793433189392,0.5543058514595032,
2569,0.8692307472229004,0.5394755601882935,
2570,0.8722015023231506,0.5285236835479736,
2571,0.8759058117866516,0.5188323855400085,
2572,0.8785211443901062,0.5117241740226746,
2573,0.880993127822876,0.5028834939002991,
2574,0.8841666579246521,0.49305206537246704,
2575,0.8863636255264282,0.4839437007904053,
2576,0.8884493708610535,0.4739396870136261,
2577,0.8912037014961243,0.46526968479156494,
2578,0.8930723071098328,0.45767855644226074,
2579,0.895588219165802,0.45036378502845764,
2580,0.897988498210907,0.44320371747016907,
2581,0.8995786309242249,0.43872541189193726,
2582,0.901098906993866,0.43395212292671204,
2583,0.9032257795333862,0.4266807734966278,
2584,0.9046052694320679,0.4210101366043091,
2585,0.906572163105011,0.4149880111217499,
2586,0.9071969985961914,0.41404062509536743,
2587,0.9090346693992615,0.41045814752578735,
2588,0.9101941585540771,0.4058443605899811,
2589,0.911309540271759,0.40120580792427063,
2590,0.9129672646522522,0.39613229036331177,
2591,0.9122706651687622,0.3942873477935791,
2592,0.9127252101898193,0.39092499017715454,
2593,0.9137167930603027,0.38732630014419556,
2594,0.915217399597168,0.3821589946746826,
2595,0.9166666865348816,0.3782118856906891,
2596,0.918067216873169,0.3746020495891571,
2597,0.9194214940071106,0.36998096108436584,
2598,0.9207317233085632,0.3667435944080353,
2599,0.9210000038146973,0.3651927411556244,
2600,0.7847222089767456,0.8559397459030151,
2601,0.7995689511299133,0.805426299571991,
2602,0.8104838728904724,0.7654479742050171,
2603,0.8219696879386902,0.7273336052894592,
2604,0.8285714387893677,0.7021559476852417,
2605,0.8310810923576355,0.6888437271118164,
2606,0.8397436141967773,0.6628621220588684,
2607,0.8475610017776489,0.637280285358429,
2608,0.8517441749572754,0.6191112399101257,
2609,0.8569444417953491,0.5997400879859924,
2610,0.8617021441459656,0.5818910598754883,
2611,0.8660714030265808,0.5680379867553711,
2612,0.8700980544090271,0.5521227717399597,
2613,0.8738207817077637,0.5379225015640259,
2614,0.8772727251052856,0.5315406918525696,
2615,0.8815789222717285,0.5170727372169495,
2616,0.8845338821411133,0.5056717395782471,
2617,0.8872950673103333,0.49743151664733887,
2618,0.8908730149269104,0.4868300259113312,
2619,0.8942307829856873,0.47675037384033203,
2620,0.8973880410194397,0.46604061126708984,
2621,0.9003623127937317,0.45591339468955994,
2622,0.9014084339141846,0.45042046904563904,
2623,0.9041095972061157,0.4433486759662628,
2624,0.9058333039283752,0.43660324811935425,
2625,0.9066558480262756,0.43133917450904846,
2626,0.9082278609275818,0.4254642426967621,
2627,0.9104938507080078,0.41723647713661194,
2628,0.911897599697113,0.41115307807922363,
2629,0.9132353067398071,0.40567734837532043,
2630,0.9123563170433044,0.40646472573280334,
2631,0.9143258333206177,0.4015451967716217,
2632,0.9155219793319702,0.39600422978401184,
2633,0.9166666865348816,0.39010000228881836,
2634,0.9184210300445557,0.3851725161075592,
2635,0.9194587469100952,0.38114312291145325,
2636,0.9204545617103577,0.3759539723396301,
2637,0.9220296740531921,0.3705682158470154,
2638,0.9235436916351318,0.36619704961776733,
2639,0.9244047403335571,0.3631499111652374,
2640,0.9252336621284485,0.3610391318798065,
2641,0.9260321259498596,0.35844385623931885,
2642,0.9273648858070374,0.35519254207611084,
2643,0.9280973672866821,0.3517690896987915,
2644,0.928804337978363,0.3486979901790619,
2645,0.930021345615387,0.3447088301181793,
2646,0.930672287940979,0.3418419063091278,
2647,0.9313016533851624,0.33800339698791504,
2648,0.932418704032898,0.3346119821071625,
2649,0.9334999918937683,0.3320576250553131,
2650,0.7592592835426331,0.8793347477912903,
2651,0.7737069129943848,0.8328009247779846,
2652,0.788306474685669,0.7881497144699097,
2653,0.8011363744735718,0.7502855658531189,
2654,0.8107143044471741,0.7212535738945007,
2655,0.8192567825317383,0.6945142149925232,
2656,0.8285256624221802,0.6658843159675598,
2657,0.8368902206420898,0.6379646062850952,
2658,0.8444767594337463,0.6153332591056824,
2659,0.8500000238418579,0.5928135514259338,
2660,0.853723406791687,0.5777336955070496,
2661,0.858418345451355,0.56297767162323,
2662,0.8639705777168274,0.5449497103691101,
2663,0.8691037893295288,0.528288722038269,
2664,0.8738636374473572,0.5119937658309937,
2665,0.8771929740905762,0.501501202583313,
2666,0.8813559412956238,0.49134963750839233,
2667,0.8842213153839111,0.4799959659576416,
2668,0.886904776096344,0.4698786437511444,
2669,0.8903846144676208,0.4627579152584076,
2670,0.8908582329750061,0.4562203884124756,
2671,0.8922101259231567,0.45140209794044495,
2672,0.8952465057373047,0.44516730308532715,
2673,0.8972602486610413,0.438504159450531,
2674,0.8983333110809326,0.4308583438396454,
2675,0.9009740352630615,0.42229655385017395,
2676,0.9034810066223145,0.41374775767326355,
2677,0.9058641791343689,0.4067186415195465,
2678,0.9081325531005859,0.39876022934913635,
2679,0.9095588326454163,0.3917025029659271,
2680,0.9109195470809937,0.3883855640888214,
2681,0.9122191071510315,0.38321682810783386,
2682,0.9141483306884766,0.3793512284755707,
2683,0.9159946441650391,0.37289097905158997,
2684,0.9171052575111389,0.3684385120868683,
2685,0.9188144207000732,0.36361274123191833,
2686,0.9204545617103577,0.3605524003505707,
2687,0.9207921028137207,0.35898858308792114,
2688,0.9223300814628601,0.354953795671463,
2689,0.9238095283508301,0.34964507818222046,
2690,0.9252336621284485,0.3466363251209259,
2691,0.9266055226325989,0.34261342883110046,
2692,0.9273648858070374,0.3384966552257538,
2693,0.928650438785553,0.336301326751709,
2694,0.9298912882804871,0.3328581750392914,
2695,0.930021345615387,0.3318662941455841,
2696,0.930672287940979,0.3291303515434265,
2697,0.9313016533851624,0.3267284333705902,
2698,0.9308943152427673,0.3249697685241699,
2699,0.9319999814033508,0.3222438395023346,
2700,0.7106481194496155,1.03407621383667,
2701,0.7306034564971924,0.9752042889595032,
2702,0.7479838728904724,0.9226778149604797,
2703,0.7632575631141663,0.876316487789154,
2704,0.7767857313156128,0.8291033506393433,
2705,0.787162184715271,0.7942073941230774,
2706,0.7900640964508057,0.7704187035560608,
2707,0.7987805008888245,0.7426027655601501,
2708,0.8081395626068115,0.7141935229301453,
2709,0.8152777552604675,0.6910279393196106,
2710,0.8231382966041565,0.6667701005935669,
2711,0.829081654548645,0.6465247273445129,
2712,0.8357843160629272,0.624370813369751,
2713,0.8408018946647644,0.6108825206756592,
2714,0.8454545736312866,0.5932344794273376,
2715,0.8508771657943726,0.5768686532974243,
2716,0.8548728823661804,0.565698504447937,
2717,0.8586065769195557,0.5531532168388367,
2718,0.863095223903656,0.5399130582809448,
2719,0.8663461804389954,0.5275411009788513,
2720,0.8703358173370361,0.516155481338501,
2721,0.8740941882133484,0.5051444172859192,
2722,0.8776408433914185,0.49385136365890503,
2723,0.8801369667053223,0.4884973168373108,
2724,0.8824999928474426,0.4828866720199585,
2725,0.885551929473877,0.4740186333656311,
2726,0.8884493708610535,0.46523332595825195,
2727,0.8912037014961243,0.4563371241092682,
2728,0.8938252925872803,0.44702956080436707,
2729,0.8941176533699036,0.442243367433548,
2730,0.8965517282485962,0.43606987595558167,
2731,0.898876428604126,0.42998817563056946,
2732,0.9004120826721191,0.42408692836761475,
2733,0.9018816947937012,0.41940638422966003,
2734,0.9039473533630371,0.4155130982398987,
2735,0.905927836894989,0.40888673067092896,
2736,0.9071969985961914,0.40328139066696167,
2737,0.9090346693992615,0.39780157804489136,
2738,0.9108009934425354,0.3930010497570038,
2739,0.9125000238418579,0.3875280022621155,
2740,0.9141355156898499,0.38283607363700867,
2741,0.915710985660553,0.3781086504459381,
2742,0.9172297120094299,0.3738219738006592,
2743,0.9181416034698486,0.37045836448669434,
2744,0.9195652008056641,0.366372674703598,
2745,0.9209401607513428,0.3629031777381897,
2746,0.9217436909675598,0.360115647315979,
2747,0.9230371713638306,0.35816800594329834,
2748,0.9232723712921143,0.356898695230484,
2749,0.9244999885559082,0.353454053401947,
2750,0.7685185074806213,0.8721303343772888,
2751,0.7801724076271057,0.8366882801055908,
2752,0.7943548560142517,0.7908111810684204,
2753,0.8068181872367859,0.7556065320968628,
2754,0.8160714507102966,0.7237094044685364,
2755,0.8260135054588318,0.6940659284591675,
2756,0.8349359035491943,0.6627979278564453,
2757,0.8429877758026123,0.6354155540466309,
2758,0.8488371968269348,0.6134033203125,
2759,0.855555534362793,0.591951310634613,
2760,0.8603723645210266,0.5770260691642761,
2761,0.8647959232330322,0.5607498288154602,
2762,0.8700980544090271,0.548211932182312,
2763,0.8738207817077637,0.5359846949577332,
2764,0.8772727251052856,0.5242513418197632,
2765,0.8804824352264404,0.5135294198989868,
2766,0.8845338821411133,0.5011509656906128,
2767,0.8883196711540222,0.4892036020755768,
2768,0.8908730149269104,0.4794629216194153,
2769,0.8942307829856873,0.4675579071044922,
2770,0.8973880410194397,0.45790085196495056,
2771,0.9003623127937317,0.4487299919128418,
2772,0.9022887349128723,0.4397689700126648,
2773,0.9041095972061157,0.43360424041748047,
2774,0.9058333039283752,0.42640677094459534,
2775,0.9074675440788269,0.4191243052482605,
2776,0.9098101258277893,0.4127899706363678,
2777,0.9120370149612427,0.404250830411911,
2778,0.9141566157341003,0.39774417877197266,
2779,0.9154411554336548,0.39164337515830994,
2780,0.9166666865348816,0.3857555091381073,
2781,0.9171348214149475,0.38111376762390137,
2782,0.9189560413360596,0.37554553151130676,
2783,0.9200268983840942,0.3705858290195465,
2784,0.9217105507850647,0.36610570549964905,
2785,0.9233247637748718,0.36034566164016724,
2786,0.9242424368858337,0.3560338616371155,
2787,0.9257425665855408,0.3517909646034241,
2788,0.9271844625473022,0.34756872057914734,
2789,0.9285714030265808,0.3424089848995209,
2790,0.9299065470695496,0.3397732675075531,
2791,0.9300458431243896,0.34159332513809204,
2792,0.9307432174682617,0.3391386568546295,
2793,0.9308628439903259,0.33585411310195923,
2794,0.9320651888847351,0.33297020196914673,
2795,0.933226466178894,0.33006083965301514,
2796,0.9343487620353699,0.32859641313552856,
2797,0.9354338645935059,0.3251040577888489,
2798,0.9359756112098694,0.3224577009677887,
2799,0.9369999766349792,0.31988245248794556,
2800,0.7731481194496155,0.8832512497901917,
2801,0.7844827771186829,0.8368262052536011,
2802,0.7983871102333069,0.7903193831443787,
2803,0.810606062412262,0.7491855621337891,
2804,0.8214285969734192,0.7198222279548645,
2805,0.8310810923576355,0.6863139271736145,
2806,0.8381410241127014,0.6630251407623291,
2807,0.8460366129875183,0.6369485855102539,
2808,0.8531976938247681,0.6138100624084473,
2809,0.8597221970558167,0.5919138789176941,
2810,0.8617021441459656,0.579185962677002,
2811,0.8660714030265808,0.5617378950119019,
2812,0.8713235259056091,0.5457258224487305,
2813,0.8761792182922363,0.5300313830375671,
2814,0.8795454502105713,0.516636848449707,
2815,0.8837719559669495,0.5022262334823608,
2816,0.8866525292396545,0.49282658100128174,
2817,0.8903688788414001,0.4797869026660919,
2818,0.8938491940498352,0.470115065574646,
2819,0.8971154093742371,0.4595355689525604,
2820,0.9001865386962891,0.4486958384513855,
2821,0.9021739363670349,0.4408714473247528,
2822,0.904049277305603,0.43563637137413025,
2823,0.9066780805587769,0.42556601762771606,
2824,0.9075000286102295,0.41825953125953674,
2825,0.9099025726318359,0.41018936038017273,
2826,0.9121835231781006,0.4022955894470215,
2827,0.9135802388191223,0.3963537812232971,
2828,0.9149096608161926,0.38993096351623535,
2829,0.9161764979362488,0.38640791177749634,
2830,0.9173850417137146,0.3828890919685364,
2831,0.9192415475845337,0.37604084610939026,
2832,0.9210164546966553,0.37062153220176697,
2833,0.9227150678634644,0.3650831878185272,
2834,0.9236842393875122,0.36075153946876526,
2835,0.9252577424049377,0.3557988107204437,
2836,0.9261363744735718,0.35275372862815857,
2837,0.926980197429657,0.35070475935935974,
2838,0.9277912378311157,0.3463229537010193,
2839,0.9291666746139526,0.342843234539032,
2840,0.9304906725883484,0.33860665559768677,
2841,0.9317660331726074,0.3353855311870575,
2842,0.931869387626648,0.33368077874183655,
2843,0.9325221180915833,0.3304651975631714,
2844,0.9336956739425659,0.3268052041530609,
2845,0.9342948794364929,0.3257979154586792,
2846,0.9353991746902466,0.3227653503417969,
2847,0.9359503984451294,0.32175740599632263,
2848,0.9369918704032898,0.31859302520751953,
2849,0.9380000233650208,0.3150080442428589,
2850,0.7592592835426331,0.8545393943786621,
2851,0.7758620977401733,0.8014602065086365,
2852,0.7903226017951965,0.7592864632606506,
2853,0.8030303120613098,0.7217908501625061,
2854,0.8142856955528259,0.6877253651618958,
2855,0.8226351141929626,0.6608273983001709,
2856,0.8317307829856873,0.6357375979423523,
2857,0.8399389982223511,0.6134455800056458,
2858,0.8473837375640869,0.5903522372245789,
2859,0.8527777791023254,0.5718016028404236,
2860,0.8590425252914429,0.5532618165016174,
2861,0.8647959232330322,0.5395843982696533,
2862,0.8700980544090271,0.5236325263977051,
2863,0.8726415038108826,0.511224627494812,
2864,0.8772727251052856,0.49860262870788574,
2865,0.8815789222717285,0.4856123924255371,
2866,0.8845338821411133,0.4738100469112396,
2867,0.8883196711540222,0.4624326825141907,
2868,0.891865074634552,0.45127660036087036,
2869,0.8932692408561707,0.44489315152168274,
2870,0.89552241563797,0.4372883141040802,
2871,0.8985507488250732,0.4277517795562744,
2872,0.9014084339141846,0.4181130826473236,
2873,0.9041095972061157,0.41055363416671753,
2874,0.9058333039283752,0.40638619661331177,
2875,0.9082792401313782,0.3987358510494232,
2876,0.9106012582778931,0.3907070755958557,
2877,0.9112654328346252,0.387790322303772,
2878,0.9134036302566528,0.3815765082836151,
2879,0.9154411554336548,0.375138521194458,
2880,0.9173850417137146,0.3698520362377167,
2881,0.9192415475845337,0.36523839831352234,
2882,0.9203296899795532,0.36015719175338745,
2883,0.9220430254936218,0.3559582531452179,
2884,0.9236842393875122,0.3532884418964386,
2885,0.9239690899848938,0.35176724195480347,
2886,0.9255050420761108,0.34664106369018555,
2887,0.9263613820075989,0.34135353565216064,
2888,0.9277912378311157,0.33709263801574707,
2889,0.9291666746139526,0.33349257707595825,
2890,0.9299065470695496,0.33002424240112305,
2891,0.9300458431243896,0.3284277319908142,
2892,0.9313063025474548,0.32428911328315735,
2893,0.9314159154891968,0.3212587237358093,
2894,0.9326087236404419,0.3180210292339325,
2895,0.9337607026100159,0.3146442770957947,
2896,0.9343487620353699,0.3119097352027893,
2897,0.9349173307418823,0.3092743754386902,
2898,0.9354674816131592,0.30587586760520935,
2899,0.9365000128746033,0.302386999130249,
2900,0.7731481194496155,0.8548949956893921,
2901,0.7887930870056152,0.8020032644271851,
2902,0.8004032373428345,0.7734800577163696,
2903,0.8125,0.7365302443504333,
2904,0.8232142925262451,0.6991851329803467,
2905,0.8327702879905701,0.6692788600921631,
2906,0.8413461446762085,0.6407777070999146,
2907,0.8490853905677795,0.6152857542037964,
2908,0.8561046719551086,0.5917491316795349,
2909,0.862500011920929,0.5696108937263489,
2910,0.8683510422706604,0.5500723123550415,
2911,0.8737244606018066,0.5310996770858765,
2912,0.8786764740943909,0.51605224609375,
2913,0.8832547068595886,0.5021966099739075,
2914,0.887499988079071,0.48849210143089294,
2915,0.8914473652839661,0.4766620695590973,
2916,0.8930084705352783,0.4687259793281555,
2917,0.8965163826942444,0.45790475606918335,
2918,0.8998016119003296,0.44892680644989014,
2919,0.9028846025466919,0.43866413831710815,
2920,0.9057835936546326,0.4301929175853729,
2921,0.907608687877655,0.42333984375,
2922,0.9093309640884399,0.41491493582725525,
2923,0.9118150472640991,0.4074349105358124,
2924,0.9141666889190674,0.39945295453071594,
2925,0.9163960814476013,0.392666220664978,
2926,0.9185126423835754,0.38668665289878845,
2927,0.9205247163772583,0.378839910030365,
2928,0.9216867685317993,0.37408700585365295,
2929,0.9227941036224365,0.3693493902683258,
2930,0.9245689511299133,0.36302247643470764,
2931,0.9262640476226807,0.35790181159973145,
2932,0.9271978139877319,0.3529699444770813,
2933,0.9287634491920471,0.34759682416915894,
2934,0.928947389125824,0.34337925910949707,
2935,0.9304123520851135,0.33843910694122314,
2936,0.9318181872367859,0.3338421583175659,
2937,0.9319307208061218,0.33095186948776245,
2938,0.9314320683479309,0.32884031534194946,
2939,0.9321428537368774,0.3269211947917938,
2940,0.9334112405776978,0.32311901450157166,
2941,0.9346330165863037,0.32096099853515625,
2942,0.9358108043670654,0.3167259991168976,
2943,0.9363937973976135,0.313810259103775,
2944,0.9375,0.3099142611026764,
2945,0.9385683536529541,0.30679285526275635,
2946,0.9396008253097534,0.30335620045661926,
2947,0.9405992031097412,0.3004726469516754,
2948,0.9415650367736816,0.2984091341495514,
2949,0.9424999952316284,0.2959749698638916,
2950,0.7453703880310059,0.9290640354156494,
2951,0.7607758641242981,0.8704864382743835,
2952,0.7762096524238586,0.8227388262748718,
2953,0.7897727489471436,0.7816019058227539,
2954,0.8017857074737549,0.7475243806838989,
2955,0.8108108043670654,0.7133046388626099,
2956,0.8205128312110901,0.6813415884971619,
2957,0.8277438879013062,0.6539108157157898,
2958,0.8343023061752319,0.6289879083633423,
2959,0.8402777910232544,0.6075197458267212,
2960,0.8470744490623474,0.5853978991508484,
2961,0.8533163070678711,0.5664688348770142,
2962,0.8590686321258545,0.551226794719696,
2963,0.864386796951294,0.5343210697174072,
2964,0.8693181872367859,0.5207103490829468,
2965,0.8739035129547119,0.5060204863548279,
2966,0.8771186470985413,0.49428725242614746,
2967,0.881147563457489,0.4809804856777191,
2968,0.8839285969734192,0.4735584259033203,
2969,0.887499988079071,0.4623635411262512,
2970,0.8908582329750061,0.4522136151790619,
2971,0.8922101259231567,0.44736477732658386,
2972,0.8943662047386169,0.4387684464454651,
2973,0.8972602486610413,0.42994242906570435,
2974,0.8991666436195374,0.422258198261261,
2975,0.9017857313156128,0.4156569838523865,
2976,0.9026898741722107,0.40948212146759033,
2977,0.904321014881134,0.4030817747116089,
2978,0.9066265225410461,0.3952547609806061,
2979,0.908823549747467,0.3882159888744354,
2980,0.9109195470809937,0.38346484303474426,
2981,0.9129213690757751,0.3781679570674896,
2982,0.9148351550102234,0.3721466362476349,
2983,0.9159946441650391,0.3686031997203827,
2984,0.9171052575111389,0.36366361379623413,
2985,0.9188144207000732,0.3585980534553528,
2986,0.9204545617103577,0.35349246859550476,
2987,0.9220296740531921,0.34817367792129517,
2988,0.9235436916351318,0.3438895642757416,
2989,0.925000011920929,0.33990660309791565,
2990,0.9258177280426025,0.33698758482933044,
2991,0.9271789193153381,0.332646906375885,
2992,0.9284909963607788,0.32878854870796204,
2993,0.9297566413879395,0.3246857523918152,
2994,0.9309782385826111,0.3219512701034546,
2995,0.9321581125259399,0.3189448416233063,
2996,0.9332982897758484,0.3160560131072998,
2997,0.9344007968902588,0.3122733235359192,
2998,0.9354674816131592,0.3092489540576935,
2999,0.9359999895095825,0.30685698986053467,
3000,0.7523148059844971,0.8859410881996155,
3001,0.767241358757019,0.8379122614860535,
3002,0.7822580933570862,0.7910248637199402,
3003,0.7935606241226196,0.7516199350357056,
3004,0.8035714030265808,0.7194008827209473,
3005,0.8108108043670654,0.6979339122772217,
3006,0.8205128312110901,0.6680004596710205,
3007,0.8292682766914368,0.6420884132385254,
3008,0.8372092843055725,0.6167454123497009,
3009,0.8444444537162781,0.5933864116668701,
3010,0.8510638475418091,0.5725566148757935,
3011,0.8545918464660645,0.5629384517669678,
3012,0.8602941036224365,0.546069324016571,
3013,0.8655660152435303,0.5304848551750183,
3014,0.8704545497894287,0.5163045525550842,
3015,0.8739035129547119,0.5039113759994507,
3016,0.8771186470985413,0.4920443594455719,
3017,0.881147563457489,0.47947993874549866,
3018,0.8849206566810608,0.46719861030578613,
3019,0.887499988079071,0.45810848474502563,
3020,0.8908582329750061,0.4466524124145508,
3021,0.89402174949646,0.43744027614593506,
3022,0.8970070481300354,0.4297531843185425,
3023,0.8989726305007935,0.421050488948822,
3024,0.9016666412353516,0.41256943345069885,
3025,0.9042207598686218,0.40402036905288696,
3026,0.9066455960273743,0.39631813764572144,
3027,0.9089506268501282,0.3885733187198639,
3028,0.9111445546150208,0.38311484456062317,
3029,0.9132353067398071,0.37594956159591675,
3030,0.915229856967926,0.3698523938655853,
3031,0.9171348214149475,0.36384373903274536,
3032,0.9189560413360596,0.35886499285697937,
3033,0.9200268983840942,0.3565617501735687,
3034,0.9217105507850647,0.3505670130252838,
3035,0.9233247637748718,0.34592151641845703,
3036,0.9248737096786499,0.34122568368911743,
3037,0.9263613820075989,0.33783966302871704,
3038,0.9277912378311157,0.3342745900154114,
3039,0.9291666746139526,0.33112916350364685,
3040,0.9304906725883484,0.32834240794181824,
3041,0.9311926364898682,0.32550695538520813,
3042,0.931869387626648,0.32257387042045593,
3043,0.9325221180915833,0.3191649615764618,
3044,0.9331521987915039,0.31628647446632385,
3045,0.9337607026100159,0.31524595618247986,
3046,0.9343487620353699,0.31479933857917786,
3047,0.9349173307418823,0.31142446398735046,
3048,0.9354674816131592,0.30927029252052307,
3049,0.9359999895095825,0.30804088711738586,
3050,0.7685185074806213,0.872403085231781,
3051,0.7844827771186829,0.822540283203125,
3052,0.7983871102333069,0.7793043255805969,
3053,0.810606062412262,0.738111138343811,
3054,0.8214285969734192,0.7005500197410583,
3055,0.8310810923576355,0.6688013076782227,
3056,0.8381410241127014,0.6487112641334534,
3057,0.8445122241973877,0.6260550618171692,
3058,0.8517441749572754,0.6031884551048279,
3059,0.8583333492279053,0.5818579196929932,
3060,0.8643617033958435,0.5644994974136353,
3061,0.8698979616165161,0.5470369458198547,
3062,0.875,0.5280621647834778,
3063,0.8773584961891174,0.5175172686576843,
3064,0.8818181753158569,0.5038512945175171,
3065,0.8837719559669495,0.49087485671043396,
3066,0.883474588394165,0.4832395017147064,
3067,0.8862704634666443,0.4729507565498352,
3068,0.8898809552192688,0.46216854453086853,
3069,0.8932692408561707,0.4504334032535553,
3070,0.8964552283287048,0.44193655252456665,
3071,0.8994565010070801,0.43221136927604675,
3072,0.9022887349128723,0.4243273437023163,
3073,0.9049657583236694,0.41495034098625183,
3074,0.9075000286102295,0.4071708023548126,
3075,0.9099025726318359,0.3983268141746521,
3076,0.9121835231781006,0.3905051648616791,
3077,0.9143518805503845,0.3842131197452545,
3078,0.9164156913757324,0.3777790069580078,
3079,0.9183823466300964,0.3718756139278412,
3080,0.920258641242981,0.3654406666755676,
3081,0.9220505356788635,0.36114412546157837,
3082,0.9237637519836426,0.35673943161964417,
3083,0.9254032373428345,0.35266345739364624,
3084,0.925000011920929,0.35052254796028137,
3085,0.9265463948249817,0.3449704647064209,
3086,0.9280303120613098,0.3405229449272156,
3087,0.9294554591178894,0.33588406443595886,
3088,0.9308252334594727,0.33210110664367676,
3089,0.9321428537368774,0.3283449113368988,
3090,0.9334112405776978,0.3240843117237091,
3091,0.9340596199035645,0.32279452681541443,
3092,0.934684693813324,0.3187781572341919,
3093,0.9358407258987427,0.315304160118103,
3094,0.936956524848938,0.3121102452278137,
3095,0.9375,0.3098919093608856,
3096,0.9385504126548767,0.306707501411438,
3097,0.9395661354064941,0.30300477147102356,
3098,0.9405487775802612,0.29930540919303894,
3099,0.9415000081062317,0.29643532633781433,
3100,0.7708333134651184,0.8416801691055298,
3101,0.7844827771186829,0.7917782068252563,
3102,0.7983871102333069,0.753311812877655,
3103,0.810606062412262,0.7130759954452515,
3104,0.8214285969734192,0.6780396103858948,
3105,0.8293918967247009,0.6478725671768188,
3106,0.8365384340286255,0.6203524470329285,
3107,0.8445122241973877,0.5969937443733215,
3108,0.8517441749572754,0.5762671828269958,
3109,0.8583333492279053,0.5554235577583313,
3110,0.8630319237709045,0.5410647392272949,
3111,0.8686224222183228,0.5246508121490479,
3112,0.873774528503418,0.5091738104820251,
3113,0.8785377144813538,0.49436885118484497,
3114,0.8829545378684998,0.48194995522499084,
3115,0.8859649300575256,0.46943747997283936,
3116,0.8898305296897888,0.45616522431373596,
3117,0.8934426307678223,0.4447231590747833,
3118,0.89682537317276,0.43397876620292664,
3119,0.8990384340286255,0.42506858706474304,
3120,0.9020522236824036,0.41665151715278625,
3121,0.904891312122345,0.4069291949272156,
3122,0.9075704216957092,0.4010206162929535,
3123,0.9101027250289917,0.39254143834114075,
3124,0.9116666913032532,0.38975921273231506,
3125,0.9123376607894897,0.38417914509773254,
3126,0.9145569801330566,0.376777708530426,
3127,0.9166666865348816,0.3705788254737854,
3128,0.9186747074127197,0.3643215000629425,
3129,0.9205882549285889,0.35869836807250977,
3130,0.9224137663841248,0.3521468937397003,
3131,0.9241573214530945,0.34784337878227234,
3132,0.9251373410224915,0.34296512603759766,
3133,0.926075279712677,0.338175505399704,
3134,0.9276315569877625,0.33413779735565186,
3135,0.9284793734550476,0.3299870193004608,
3136,0.9286616444587708,0.3282703459262848,
3137,0.9300742745399475,0.3243843615055084,
3138,0.9308252334594727,0.32186952233314514,
3139,0.9321428537368774,0.31810423731803894,
3140,0.9334112405776978,0.31487780809402466,
3141,0.9346330165863037,0.3120516240596771,
3142,0.9352477192878723,0.30946606397628784,
3143,0.9363937973976135,0.30592474341392517,
3144,0.936956524848938,0.3029228150844574,
3145,0.938034176826477,0.30014926195144653,
3146,0.9390756487846375,0.2967543303966522,
3147,0.9395661354064941,0.29546239972114563,
3148,0.940040647983551,0.29323962330818176,
3149,0.9409999847412109,0.2896324396133423,
3150,0.7685185074806213,0.8631912469863892,
3151,0.7844827771186829,0.8138508200645447,
3152,0.7983871102333069,0.7677881717681885,
3153,0.8087121248245239,0.7314496636390686,
3154,0.8178571462631226,0.7043666839599609,
3155,0.8277027010917664,0.6743535995483398,
3156,0.8365384340286255,0.6462426781654358,
3157,0.8445122241973877,0.6198751926422119,
3158,0.8502907156944275,0.5961387157440186,
3159,0.8569444417953491,0.5755130052566528,
3160,0.8630319237709045,0.5575648546218872,
3161,0.8673469424247742,0.5392224192619324,
3162,0.8725489974021912,0.5222156047821045,
3163,0.8761792182922363,0.5070938467979431,
3164,0.8784090876579285,0.49773895740509033,
3165,0.8826754093170166,0.48816412687301636,
3166,0.8866525292396545,0.4748532772064209,
3167,0.8903688788414001,0.46246492862701416,
3168,0.8938491940498352,0.45040595531463623,
3169,0.8951923251152039,0.4419163465499878,
3170,0.8983209133148193,0.43106046319007874,
3171,0.9003623127937317,0.4220578968524933,
3172,0.9022887349128723,0.4142519533634186,
3173,0.9049657583236694,0.40580034255981445,
3174,0.9075000286102295,0.39799821376800537,
3175,0.9099025726318359,0.39070186018943787,
3176,0.9121835231781006,0.3852231502532959,
3177,0.9135802388191223,0.38080647587776184,
3178,0.9156626462936401,0.3745434582233429,
3179,0.9176470637321472,0.36890166997909546,
3180,0.9195402264595032,0.36247676610946655,
3181,0.9213483333587646,0.35599154233932495,
3182,0.9230769276618958,0.3509824872016907,
3183,0.9247311949729919,0.34530168771743774,
3184,0.9263157844543457,0.34093478322029114,
3185,0.9259020686149597,0.33789071440696716,
3186,0.9273989796638489,0.33337923884391785,
3187,0.9288366436958313,0.32939159870147705,
3188,0.9296116232872009,0.3254053294658661,
3189,0.9303571581840515,0.3210722804069519,
3190,0.9316588640213013,0.3187682032585144,
3191,0.9329128265380859,0.3147105574607849,
3192,0.9335585832595825,0.3122597634792328,
3193,0.9347345232963562,0.3094663619995117,
3194,0.935326099395752,0.30691081285476685,
3195,0.9364316463470459,0.30325260758399963,
3196,0.9375,0.29961690306663513,
3197,0.9385330677032471,0.2979603111743927,
3198,0.9395325183868408,0.2945845425128937,
3199,0.940500020980835,0.29158249497413635,
3200,0.8078703880310059,0.829444944858551,
3201,0.818965494632721,0.7836891412734985,
3202,0.8286290168762207,0.7409446239471436,
3203,0.8390151262283325,0.7025940418243408,
3204,0.8482142686843872,0.6679722666740417,
3205,0.8564189076423645,0.636881411075592,
3206,0.8605769276618958,0.6198108196258545,
3207,0.8673780560493469,0.5981050729751587,
3208,0.8720930218696594,0.581658661365509,
3209,0.8777777552604675,0.5589439868927002,
3210,0.8829787373542786,0.5442533493041992,
3211,0.8864796161651611,0.5294299125671387,
3212,0.8909313678741455,0.5118945837020874,
3213,0.8915094137191772,0.5038022994995117,
3214,0.8954545259475708,0.48931342363357544,
3215,0.8980262875556946,0.47716060280799866,
3216,0.9014830589294434,0.4642651081085205,
3217,0.9047130942344666,0.45232826471328735,
3218,0.9057539701461792,0.4431713819503784,
3219,0.9086538553237915,0.432953417301178,
3220,0.9113805890083313,0.4227801263332367,
3221,0.9139492511749268,0.41323018074035645,
3222,0.9163732528686523,0.4040610194206238,
3223,0.9186643958091736,0.39621293544769287,
3224,0.9208333492279053,0.38767382502555847,
3225,0.9228895902633667,0.3813098669052124,
3226,0.9248417615890503,0.37381473183631897,
3227,0.9259259104728699,0.3676804006099701,
3228,0.9269578456878662,0.36293384432792664,
3229,0.9286764860153198,0.357952743768692,
3230,0.9303160905838013,0.3523885905742645,
3231,0.9318820238113403,0.3467229902744293,
3232,0.9333791136741638,0.34164008498191833,
3233,0.9341397881507874,0.33935868740081787,
3234,0.9355263113975525,0.334682822227478,
3235,0.936855673789978,0.33024144172668457,
3236,0.9375,0.32571277022361755,
3237,0.9387376308441162,0.32171162962913513,
3238,0.9399271607398987,0.31835293769836426,
3239,0.9410714507102966,0.3140733242034912,
3240,0.9410046935081482,0.3128218948841095,
3241,0.9420871734619141,0.30959850549697876,
3242,0.943130612373352,0.30593371391296387,
3243,0.9441371560096741,0.30210211873054504,
3244,0.9451087117195129,0.2990000247955322,
3245,0.9460470080375671,0.29562512040138245,
3246,0.9469537734985352,0.292624831199646,
3247,0.9473140239715576,0.290107399225235,
3248,0.9481707215309143,0.28655239939689636,
3249,0.9490000009536743,0.28331443667411804,
3250,0.7777777910232544,0.8248424530029297,
3251,0.7931034564971924,0.7753642797470093,
3252,0.8064516186714172,0.7313562631607056,
3253,0.8087121248245239,0.7081385850906372,
3254,0.8178571462631226,0.6757373213768005,
3255,0.8277027010917664,0.6488170027732849,
3256,0.8349359035491943,0.6242972612380981,
3257,0.8429877758026123,0.599045991897583,
3258,0.8488371968269348,0.5815994143486023,
3259,0.855555534362793,0.560119092464447,
3260,0.8617021441459656,0.5419480800628662,
3261,0.8660714030265808,0.5301601886749268,
3262,0.8713235259056091,0.5129100680351257,
3263,0.875,0.4980398714542389,
3264,0.8795454502105713,0.48496612906455994,
3265,0.8837719559669495,0.4731716215610504,
3266,0.8877118825912476,0.4631267488002777,
3267,0.8913934230804443,0.4545331597328186,
3268,0.8948412537574768,0.4445728361606598,
3269,0.8980769515037537,0.43469828367233276,
3270,0.9001865386962891,0.42645224928855896,
3271,0.9012681245803833,0.41937053203582764,
3272,0.904049277305603,0.41418322920799255,
3273,0.9066780805587769,0.4050167500972748,
3274,0.909166693687439,0.39629918336868286,
3275,0.9115259647369385,0.3895006477832794,
3276,0.9137658476829529,0.3838721811771393,
3277,0.915123462677002,0.3774356245994568,
3278,0.9171686768531799,0.37080782651901245,
3279,0.9191176295280457,0.3648410141468048,
3280,0.920976996421814,0.3593294322490692,
3281,0.9227527976036072,0.35544848442077637,
3282,0.9237637519836426,0.3509204387664795,
3283,0.9247311949729919,0.34895414113998413,
3284,0.9256578683853149,0.34452277421951294,
3285,0.9265463948249817,0.34205490350723267,
3286,0.9273989796638489,0.33936426043510437,
3287,0.9288366436958313,0.33456435799598694,
3288,0.9302184581756592,0.3300623595714569,
3289,0.9315476417541504,0.32578280568122864,
3290,0.9328271150588989,0.3216549754142761,
3291,0.9340596199035645,0.31868791580200195,
3292,0.9352477192878723,0.31575268507003784,
3293,0.9363937973976135,0.31183573603630066,
3294,0.936956524848938,0.30901286005973816,
3295,0.938034176826477,0.30548542737960815,
3296,0.9390756487846375,0.30244046449661255,
3297,0.9400826692581177,0.2993150055408478,
3298,0.9410569071769714,0.29605159163475037,
3299,0.9419999718666077,0.2942255139350891,
3300,0.7754629850387573,0.849555253982544,
3301,0.7909482717514038,0.7991763949394226,
3302,0.8044354915618896,0.7538880705833435,
3303,0.8162878751754761,0.716647744178772,
3304,0.8267857432365417,0.6825457215309143,
3305,0.8361486196517944,0.6509245038032532,
3306,0.8381410241127014,0.6296722292900085,
3307,0.8460366129875183,0.6041708588600159,
3308,0.8531976938247681,0.5810755491256714,
3309,0.8583333492279053,0.5601848363876343,
3310,0.8643617033958435,0.5430828928947449,
3311,0.8673469424247742,0.5305334329605103,
3312,0.8725489974021912,0.5133465528488159,
3313,0.8761792182922363,0.4984917640686035,
3314,0.8806818127632141,0.4845868945121765,
3315,0.8837719559669495,0.4753163456916809,
3316,0.8877118825912476,0.46313029527664185,
3317,0.8913934230804443,0.45104268193244934,
3318,0.8938491940498352,0.44340357184410095,
3319,0.8971154093742371,0.43595126271247864,
3320,0.9001865386962891,0.4266799986362457,
3321,0.9021739363670349,0.41873985528945923,
3322,0.9049295783042908,0.41009876132011414,
3323,0.9066780805587769,0.40234115719795227,
3324,0.9075000286102295,0.39529862999916077,
3325,0.9099025726318359,0.38898608088493347,
3326,0.9121835231781006,0.38366401195526123,
3327,0.9143518805503845,0.3758693337440491,
3328,0.9164156913757324,0.37259456515312195,
3329,0.9183823466300964,0.3657313585281372,
3330,0.920258641242981,0.3598877191543579,
3331,0.9220505356788635,0.3547160029411316,
3332,0.9237637519836426,0.3485938608646393,
3333,0.9254032373428345,0.34330686926841736,
3334,0.9263157844543457,0.33920589089393616,
3335,0.9278350472450256,0.3349502682685852,
3336,0.9292929172515869,0.3299546241760254,
3337,0.9306930899620056,0.32580000162124634,
3338,0.9314320683479309,0.32249271869659424,
3339,0.9327380657196045,0.3188841640949249,
3340,0.9339953064918518,0.3160863518714905,
3341,0.935206413269043,0.3114924728870392,
3342,0.9358108043670654,0.30801352858543396,
3343,0.9369469285011292,0.30479657649993896,
3344,0.938043475151062,0.3012712597846985,
3345,0.9391025900840759,0.29722532629966736,
3346,0.9401260614395142,0.2939038574695587,
3347,0.94111567735672,0.2916632890701294,
3348,0.9415650367736816,0.29085132479667664,
3349,0.9415000081062317,0.2887119948863983,
3350,0.7777777910232544,0.82533860206604,
3351,0.7931034564971924,0.7788711190223694,
3352,0.8044354915618896,0.7379949688911438,
3353,0.8162878751754761,0.6997108459472656,
3354,0.8267857432365417,0.6655923128128052,
3355,0.8361486196517944,0.6333163976669312,
3356,0.8445512652397156,0.6077203750610352,
3357,0.8521341681480408,0.5852562189102173,
3358,0.8590116500854492,0.5618778467178345,
3359,0.8652777671813965,0.5425077080726624,
3360,0.8710106611251831,0.5244117975234985,
3361,0.8762755393981934,0.5062073469161987,
3362,0.8799019455909729,0.49134665727615356,
3363,0.8832547068595886,0.47977980971336365,
3364,0.887499988079071,0.4657852053642273,
3365,0.8914473652839661,0.45445582270622253,
3366,0.8951271176338196,0.4434816539287567,
3367,0.8985655903816223,0.43254491686820984,
3368,0.9017857313156128,0.4217645525932312,
3369,0.9048076868057251,0.4135463237762451,
3370,0.9076492786407471,0.40438807010650635,
3371,0.9103260636329651,0.39477816224098206,
3372,0.9128521084785461,0.38737964630126953,
3373,0.9152397513389587,0.37983179092407227,
3374,0.9158333539962769,0.374534010887146,
3375,0.9180194735527039,0.3682915270328522,
3376,0.920094907283783,0.36156874895095825,
3377,0.9220678806304932,0.3537442088127136,
3378,0.9216867685317993,0.3518800437450409,
3379,0.9235293865203857,0.34651029109954834,
3380,0.9252873659133911,0.34111103415489197,
3381,0.9269663095474243,0.33700329065322876,
3382,0.9278846383094788,0.33191636204719543,
3383,0.9294354915618896,0.32853347063064575,
3384,0.928947389125824,0.32665500044822693,
3385,0.9297680258750916,0.32349511981010437,
3386,0.931186854839325,0.318918377161026,
3387,0.9319307208061218,0.3148786723613739,
3388,0.9332524538040161,0.31135234236717224,
3389,0.9345238208770752,0.30806395411491394,
3390,0.9351635575294495,0.3062771260738373,
3391,0.9363532066345215,0.3017919063568115,
3392,0.9375,0.2980068325996399,
3393,0.9386062026023865,0.2948002815246582,
3394,0.939130425453186,0.2933746874332428,
3395,0.939636766910553,0.29167449474334717,
3396,0.9406512379646301,0.289218008518219,
3397,0.9416322112083435,0.28659823536872864,
3398,0.942581295967102,0.2842605412006378,
3399,0.9434999823570251,0.28078892827033997,
3400,0.7754629850387573,0.8309934139251709,
3401,0.7909482717514038,0.7783427238464355,
3402,0.8024193644523621,0.737191915512085,
3403,0.8125,0.6994357109069824,
3404,0.8214285969734192,0.6670278310775757,
3405,0.8310810923576355,0.6394418478012085,
3406,0.8381410241127014,0.6126142144203186,
3407,0.8460366129875183,0.5886526703834534,
3408,0.8531976938247681,0.5658441781997681,
3409,0.8597221970558167,0.5445823073387146,
3410,0.8643617033958435,0.5257018208503723,
3411,0.8698979616165161,0.5097922086715698,
3412,0.873774528503418,0.49980628490448,
3413,0.8773584961891174,0.48833167552948,
3414,0.8818181753158569,0.47652214765548706,
3415,0.8859649300575256,0.46222034096717834,
3416,0.8898305296897888,0.4486815333366394,
3417,0.8934426307678223,0.43692952394485474,
3418,0.8948412537574768,0.4298398494720459,
3419,0.8980769515037537,0.4205542802810669,
3420,0.8992537260055542,0.414421021938324,
3421,0.9021739363670349,0.4058775007724762,
3422,0.9031690359115601,0.3991624712944031,
3423,0.9058219194412231,0.39039433002471924,
3424,0.9075000286102295,0.3845827877521515,
3425,0.9099025726318359,0.37746909260749817,
3426,0.9121835231781006,0.3713679909706116,
3427,0.9135802388191223,0.36637088656425476,
3428,0.9149096608161926,0.3608197569847107,
3429,0.916911780834198,0.3543895184993744,
3430,0.9188218116760254,0.3484393060207367,
3431,0.920646071434021,0.34370914101600647,
3432,0.9223901033401489,0.33884677290916443,
3433,0.9233871102333069,0.33569803833961487,
3434,0.925000011920929,0.3307684361934662,
3435,0.9265463948249817,0.32646483182907104,
3436,0.9273989796638489,0.322943776845932,
3437,0.9288366436958313,0.3183075785636902,
3438,0.9302184581756592,0.3141314387321472,
3439,0.9315476417541504,0.3101012408733368,
3440,0.9328271150588989,0.3070075213909149,
3441,0.9340596199035645,0.3029470145702362,
3442,0.9352477192878723,0.3008783757686615,
3443,0.9363937973976135,0.2971327304840088,
3444,0.9375,0.2942131757736206,
3445,0.9385683536529541,0.2909586429595947,
3446,0.9396008253097534,0.28771430253982544,
3447,0.9405992031097412,0.28475865721702576,
3448,0.9415650367736816,0.2819935381412506,
3449,0.9424999952316284,0.2797984182834625,
3450,0.7870370149612427,0.8383379578590393,
3451,0.8017241358757019,0.7874481678009033,
3452,0.8145161271095276,0.7425822615623474,
3453,0.8257575631141663,0.7023908495903015,
3454,0.8339285850524902,0.6692095994949341,
3455,0.8429054021835327,0.6398898959159851,
3456,0.8509615659713745,0.6107046604156494,
3457,0.8582317233085632,0.5877046585083008,
3458,0.8648256063461304,0.5643693804740906,
3459,0.8708333373069763,0.5437172651290894,
3460,0.876329779624939,0.5246561169624329,
3461,0.8813775777816772,0.5090733170509338,
3462,0.8835784196853638,0.4993855655193329,
3463,0.885613203048706,0.4899550974369049,
3464,0.8897727131843567,0.477247953414917,
3465,0.8936403393745422,0.4637354612350464,
3466,0.8972457647323608,0.45112109184265137,
3467,0.9006147384643555,0.4403984248638153,
3468,0.903769850730896,0.42931613326072693,
3469,0.9057692289352417,0.42037421464920044,
3470,0.9085820913314819,0.41012340784072876,
3471,0.9094203114509583,0.4033679962158203,
3472,0.9102112650871277,0.4003431797027588,
3473,0.9126712083816528,0.3918907046318054,
3474,0.9141666889190674,0.38725948333740234,
3475,0.9163960814476013,0.3797065317630768,
3476,0.9185126423835754,0.373735636472702,
3477,0.9205247163772583,0.36750543117523193,
3478,0.9224397540092468,0.36142465472221375,
3479,0.9235293865203857,0.35672527551651,
3480,0.9252873659133911,0.35073423385620117,
3481,0.9269663095474243,0.34507566690444946,
3482,0.9285714030265808,0.3397548496723175,
3483,0.9301075339317322,0.3346883952617645,
3484,0.9315789341926575,0.3295152485370636,
3485,0.9329897165298462,0.32464486360549927,
3486,0.9343434572219849,0.320780873298645,
3487,0.9337871074676514,0.3191850483417511,
3488,0.9344660043716431,0.315782755613327,
3489,0.9351190328598022,0.3123571574687958,
3490,0.9363317489624023,0.30836910009384155,
3491,0.9369266033172607,0.30506032705307007,
3492,0.9380630850791931,0.3014729917049408,
3493,0.9391592741012573,0.29877620935440063,
3494,0.9402173757553101,0.295144259929657,
3495,0.9412392973899841,0.29147201776504517,
3496,0.9417017102241516,0.2891386151313782,
3497,0.942148745059967,0.2869545519351959,
3498,0.9430894255638123,0.28333547711372375,
3499,0.9430000185966492,0.28106287121772766,
3500,0.7800925970077515,0.8111168146133423,
3501,0.795258641242981,0.7598395347595215,
3502,0.8084677457809448,0.7170238494873047,
3503,0.8200757503509521,0.6806824207305908,
3504,0.8303571343421936,0.6460210680961609,
3505,0.8395270109176636,0.6210146546363831,
3506,0.8477563858032227,0.5932013392448425,
3507,0.855182945728302,0.5702993273735046,
3508,0.8619186282157898,0.5480205416679382,
3509,0.8666666746139526,0.5331798791885376,
3510,0.8723404407501221,0.5151914358139038,
3511,0.8775510191917419,0.497305691242218,
3512,0.8823529481887817,0.4809487760066986,
3513,0.8867924809455872,0.4656115770339966,
3514,0.8909090757369995,0.4527888000011444,
3515,0.8947368264198303,0.44033101201057434,
3516,0.8983050584793091,0.4301958382129669,
3517,0.9006147384643555,0.42349761724472046,
3518,0.903769850730896,0.41374894976615906,
3519,0.9067307710647583,0.40410590171813965,
3520,0.9095149040222168,0.3939899504184723,
3521,0.9112318754196167,0.38718780875205994,
3522,0.9137324094772339,0.37924209237098694,
3523,0.9160959124565125,0.3726758658885956,
3524,0.9183333516120911,0.3643728792667389,
3525,0.9204545617103577,0.36002153158187866,
3526,0.9208860993385315,0.355442613363266,
3527,0.9228395223617554,0.34922462701797485,
3528,0.9246987700462341,0.34367284178733826,
3529,0.9264705777168274,0.3406980037689209,
3530,0.9281609058380127,0.3340631127357483,
3531,0.9297752976417542,0.3285531997680664,
3532,0.9313187003135681,0.32393354177474976,
3533,0.9327957034111023,0.3198571503162384,
3534,0.9342105388641357,0.3155297040939331,
3535,0.9355670213699341,0.3110973834991455,
3536,0.9368686676025391,0.3072524070739746,
3537,0.9381188154220581,0.30252599716186523,
3538,0.9393203854560852,0.2994411885738373,
3539,0.9404761791229248,0.29508858919143677,
3540,0.9415887594223022,0.29200032353401184,
3541,0.9420871734619141,0.2890925407409668,
3542,0.943130612373352,0.2855483293533325,
3543,0.9441371560096741,0.2830800712108612,
3544,0.9440217614173889,0.28081846237182617,
3545,0.944978654384613,0.2781650125980377,
3546,0.9459033608436584,0.27467218041419983,
3547,0.9467975497245789,0.2726905047893524,
3548,0.9476625919342041,0.2702866494655609,
3549,0.9484999775886536,0.26852864027023315,
3550,0.7708333134651184,0.8231196403503418,
3551,0.7866379022598267,0.7722105979919434,
3552,0.8004032373428345,0.7303923964500427,
3553,0.8125,0.6917941570281982,
3554,0.8232142925262451,0.6573622822761536,
3555,0.8327702879905701,0.6273103952407837,
3556,0.8413461446762085,0.5991862416267395,
3557,0.8490853905677795,0.5749444365501404,
3558,0.854651153087616,0.5567317605018616,
3559,0.8611111044883728,0.5372209548950195,
3560,0.8670212626457214,0.5188257098197937,
3561,0.8724489808082581,0.50093013048172,
3562,0.876225471496582,0.4866831600666046,
3563,0.8797169923782349,0.47367244958877563,
3564,0.8829545378684998,0.46633097529411316,
3565,0.8870614171028137,0.45443055033683777,
3566,0.8908898234367371,0.4414823055267334,
3567,0.8934426307678223,0.43209168314933777,
3568,0.89682537317276,0.42336487770080566,
3569,0.8999999761581421,0.414283812046051,
3570,0.9020522236824036,0.40553560853004456,
3571,0.904891312122345,0.3957543671131134,
3572,0.9075704216957092,0.38931789994239807,
3573,0.9101027250289917,0.38228920102119446,
3574,0.9125000238418579,0.3767617344856262,
3575,0.9139610528945923,0.3713201880455017,
3576,0.9153481125831604,0.36583033204078674,
3577,0.917438268661499,0.3593926727771759,
3578,0.9194276928901672,0.3532717227935791,
3579,0.9213235378265381,0.3466590940952301,
3580,0.9231321811676025,0.34115907549858093,
3581,0.9248595237731934,0.3356102406978607,
3582,0.9265109896659851,0.3295893967151642,
3583,0.9274193644523621,0.3251091241836548,
3584,0.928947389125824,0.3207874000072479,
3585,0.9304123520851135,0.31531861424446106,
3586,0.9318181872367859,0.3110588490962982,
3587,0.9325494766235352,0.30679720640182495,
3588,0.9338592290878296,0.30306747555732727,
3589,0.9345238208770752,0.2991951107978821,
3590,0.9357476830482483,0.2958207428455353,
3591,0.9369266033172607,0.2916555106639862,
3592,0.9380630850791931,0.28775545954704285,
3593,0.9380530714988708,0.2853322923183441,
3594,0.939130425453186,0.2819366455078125,
3595,0.9391025900840759,0.28149786591529846,
3596,0.9401260614395142,0.27816545963287354,
3597,0.9405992031097412,0.2762269675731659,
3598,0.9415650367736816,0.27286025881767273,
3599,0.9424999952316284,0.2696879506111145,
3600,0.7847222089767456,0.8337334394454956,
3601,0.7995689511299133,0.784954845905304,
3602,0.8125,0.7428255677223206,
3603,0.8238636255264282,0.7028965353965759,
3604,0.8339285850524902,0.6684795022010803,
3605,0.8429054021835327,0.6369359493255615,
3606,0.8509615659713745,0.6105158925056458,
3607,0.8582317233085632,0.5867963433265686,
3608,0.8648256063461304,0.5660808682441711,
3609,0.8694444298744202,0.5455528497695923,
3610,0.875,0.5256358981132507,
3611,0.8801020383834839,0.5080348253250122,
3612,0.8848039507865906,0.4925393760204315,
3613,0.885613203048706,0.4841022789478302,
3614,0.8897727131843567,0.46911385655403137,
3615,0.8925438523292542,0.45786622166633606,
3616,0.8961864113807678,0.44611069560050964,
3617,0.8995901346206665,0.4359355866909027,
3618,0.9027777910232544,0.42604589462280273,
3619,0.9048076868057251,0.4175257682800293,
3620,0.9067164063453674,0.41278907656669617,
3621,0.9094203114509583,0.4035484194755554,
3622,0.9119718074798584,0.39451834559440613,
3623,0.9135273694992065,0.38988474011421204,
3624,0.9158333539962769,0.3825078308582306,
3625,0.9180194735527039,0.37416815757751465,
3626,0.920094907283783,0.3683096170425415,
3627,0.9220678806304932,0.36173880100250244,
3628,0.9239457845687866,0.3544046878814697,
3629,0.9257352948188782,0.34809795022010803,
3630,0.9274425506591797,0.3427656888961792,
3631,0.9283707737922668,0.3372640311717987,
3632,0.9299450516700745,0.3317704498767853,
3633,0.9314516186714172,0.3269904553890228,
3634,0.932894766330719,0.32237836718559265,
3635,0.9342783689498901,0.31762346625328064,
3636,0.935606062412262,0.31306809186935425,
3637,0.9362623691558838,0.30950936675071716,
3638,0.9368932247161865,0.3058913052082062,
3639,0.938095211982727,0.3030649721622467,
3640,0.9386682510375977,0.3001704812049866,
3641,0.939793586730957,0.29804807901382446,
3642,0.9408783912658691,0.29425591230392456,
3643,0.9408186078071594,0.2928575575351715,
3644,0.9418478012084961,0.2898865342140198,
3645,0.9428418874740601,0.2867567539215088,
3646,0.943802535533905,0.28314870595932007,
3647,0.9447314143180847,0.28020963072776794,
3648,0.9456300735473633,0.2773354947566986,
3649,0.9465000033378601,0.27362728118896484,
3650,0.7708333134651184,0.8515143394470215,
3651,0.7866379022598267,0.7975322604179382,
3652,0.8004032373428345,0.7506662607192993,
3653,0.8125,0.7101418972015381,
3654,0.8232142925262451,0.6737425327301025,
3655,0.8327702879905701,0.6431366801261902,
3656,0.8413461446762085,0.6142318844795227,
3657,0.8490853905677795,0.5891422033309937,
3658,0.8561046719551086,0.5641199946403503,
3659,0.862500011920929,0.5444784760475159,
3660,0.8683510422706604,0.5254120230674744,
3661,0.8737244606018066,0.509080708026886,
3662,0.8786764740943909,0.4937228858470917,
3663,0.8832547068595886,0.48001477122306824,
3664,0.887499988079071,0.4653591811656952,
3665,0.890350878238678,0.4545237123966217,
3666,0.8930084705352783,0.44455984234809875,
3667,0.8965163826942444,0.43390923738479614,
3668,0.898809552192688,0.4254332184791565,
3669,0.9019230604171753,0.4158974885940552,
3670,0.9048507213592529,0.40804579854011536,
3671,0.907608687877655,0.39926624298095703,
3672,0.9102112650871277,0.3893139958381653,
3673,0.9118150472640991,0.38179323077201843,
3674,0.9141666889190674,0.3742532730102539,
3675,0.9155844449996948,0.36902332305908203,
3676,0.9169303774833679,0.3621528148651123,
3677,0.9189814925193787,0.35590213537216187,
3678,0.9201807379722595,0.35010308027267456,
3679,0.9220588207244873,0.3441573977470398,
3680,0.9238505959510803,0.3380223512649536,
3681,0.925561785697937,0.33265721797943115,
3682,0.9271978139877319,0.3276345729827881,
3683,0.9287634491920471,0.32218286395072937,
3684,0.9302631616592407,0.31747907400131226,
3685,0.9317010045051575,0.31302008032798767,
3686,0.933080792427063,0.30790087580680847,
3687,0.9337871074676514,0.3043515086174011,
3688,0.9350728392601013,0.3009725511074066,
3689,0.9363095164299011,0.29799938201904297,
3690,0.9369158744812012,0.29479387402534485,
3691,0.9380733966827393,0.2911767363548279,
3692,0.9386261105537415,0.28854677081108093,
3693,0.939712405204773,0.28492578864097595,
3694,0.9407608509063721,0.2821689546108246,
3695,0.941773533821106,0.27920156717300415,
3696,0.9427521228790283,0.27654173970222473,
3697,0.9431818127632141,0.27427878975868225,
3698,0.9441056847572327,0.2713954746723175,
3699,0.9449999928474426,0.26938092708587646,
3700,0.7847222089767456,0.8465156555175781,
3701,0.7995689511299133,0.7947593331336975,
3702,0.8125,0.7518194913864136,
3703,0.8238636255264282,0.7120004296302795,
3704,0.8321428298950195,0.6833500266075134,
3705,0.8395270109176636,0.6541357636451721,
3706,0.8461538553237915,0.6284019351005554,
3707,0.8536585569381714,0.60312819480896,
3708,0.8604651093482971,0.5807336568832397,
3709,0.8666666746139526,0.5580211281776428,
3710,0.8723404407501221,0.5387464761734009,
3711,0.875,0.5250369906425476,
3712,0.8786764740943909,0.5087866187095642,
3713,0.8832547068595886,0.49355024099349976,
3714,0.887499988079071,0.4798513650894165,
3715,0.8914473652839661,0.4653347432613373,
3716,0.8951271176338196,0.4525164067745209,
3717,0.8985655903816223,0.44024378061294556,
3718,0.9017857313156128,0.42926862835884094,
3719,0.9048076868057251,0.41867104172706604,
3720,0.9076492786407471,0.4112882614135742,
3721,0.9103260636329651,0.40206238627433777,
3722,0.9119718074798584,0.39540883898735046,
3723,0.914383590221405,0.38699963688850403,
3724,0.9166666865348816,0.3790002167224884,
3725,0.9180194735527039,0.3725978434085846,
3726,0.920094907283783,0.3659733533859253,
3727,0.9212962985038757,0.35972192883491516,
3728,0.9231927990913391,0.3533313572406769,
3729,0.9242647290229797,0.347892165184021,
3730,0.9260057210922241,0.34247851371765137,
3731,0.9276685118675232,0.3371729552745819,
3732,0.9292582273483276,0.3313237726688385,
3733,0.9307795763015747,0.32594412565231323,
3734,0.9322368502616882,0.3213835656642914,
3735,0.9329897165298462,0.317522257566452,
3736,0.9337121248245239,0.3138599395751953,
3737,0.9350247383117676,0.30927470326423645,
3738,0.9362863898277283,0.30468547344207764,
3739,0.9375,0.30001553893089294,
3740,0.9386682510375977,0.29586857557296753,
3741,0.939793586730957,0.29347190260887146,
3742,0.9408783912658691,0.2898227274417877,
3743,0.9419247508049011,0.2863117456436157,
3744,0.9429348111152649,0.28223752975463867,
3745,0.9439102411270142,0.27952006459236145,
3746,0.9448529481887817,0.27725887298583984,
3747,0.9457644820213318,0.2744447588920593,
3748,0.9466463327407837,0.2708633542060852,
3749,0.9474999904632568,0.26773858070373535,
3750,0.7893518805503845,0.7951509952545166,
3751,0.8038793206214905,0.7452489733695984,
3752,0.8165322542190552,0.7031718492507935,
3753,0.8257575631141663,0.6710360646247864,
3754,0.8357142806053162,0.6382824778556824,
3755,0.8445945978164673,0.6079134941101074,
3756,0.8525640964508057,0.5825974345207214,
3757,0.8597561120986938,0.5620149970054626,
3758,0.8662790656089783,0.5407249331474304,
3759,0.8694444298744202,0.52857506275177,
3760,0.875,0.5126343965530396,
3761,0.8788265585899353,0.49619799852371216,
3762,0.8835784196853638,0.48428964614868164,
3763,0.8879716992378235,0.47115498781204224,
3764,0.8920454382896423,0.4562395513057709,
3765,0.8947368264198303,0.4447176456451416,
3766,0.8983050584793091,0.4347415566444397,
3767,0.9006147384643555,0.42434221506118774,
3768,0.903769850730896,0.41500940918922424,
3769,0.9067307710647583,0.4056454002857208,
3770,0.9095149040222168,0.39695292711257935,
3771,0.9121376872062683,0.38809704780578613,
3772,0.9146126508712769,0.379391074180603,
3773,0.9169520735740662,0.37027716636657715,
3774,0.9191666841506958,0.3626454770565033,
3775,0.9212662577629089,0.35570260882377625,
3776,0.9232594966888428,0.34892165660858154,
3777,0.9251543283462524,0.3422732949256897,
3778,0.9269578456878662,0.33661413192749023,
3779,0.9279412031173706,0.33171728253364563,
3780,0.9295976758003235,0.32586249709129333,
3781,0.9311797618865967,0.32286229729652405,
3782,0.9320054650306702,0.3178929388523102,
3783,0.9334677457809448,0.31292834877967834,
3784,0.9348683953285217,0.3082962930202484,
3785,0.936211347579956,0.30365610122680664,
3786,0.9375,0.2996808588504791,
3787,0.9387376308441162,0.29620927572250366,
3788,0.9399271607398987,0.29290255904197693,
3789,0.9404761791229248,0.29184484481811523,
3790,0.9415887594223022,0.287763386964798,
3791,0.9420871734619141,0.2848253846168518,
3792,0.943130612373352,0.2820582389831543,
3793,0.9435840845108032,0.27939093112945557,
3794,0.9445652365684509,0.27725452184677124,
3795,0.9455128312110901,0.2743037939071655,
3796,0.9464285969734192,0.27105632424354553,
3797,0.9473140239715576,0.2678805887699127,
3798,0.9481707215309143,0.2658807933330536,
3799,0.9490000009536743,0.26284950971603394,
3800,0.7638888955116272,0.8256747722625732,
3801,0.7780172228813171,0.7756167054176331,
3802,0.7923387289047241,0.7329006791114807,
3803,0.8049242496490479,0.6964311599731445,
3804,0.8160714507102966,0.6648920178413391,
3805,0.8260135054588318,0.6357870697975159,
3806,0.8333333134651184,0.6109573245048523,
3807,0.8414633870124817,0.5862526297569275,
3808,0.8488371968269348,0.5622814893722534,
3809,0.855555534362793,0.5415029525756836,
3810,0.8617021441459656,0.5223754048347473,
3811,0.8673469424247742,0.5053220987319946,
3812,0.8725489974021912,0.4879915714263916,
3813,0.8773584961891174,0.4750383794307709,
3814,0.8818181753158569,0.46171438694000244,
3815,0.8859649300575256,0.448851615190506,
3816,0.8898305296897888,0.4365944564342499,
3817,0.8934426307678223,0.42515039443969727,
3818,0.89682537317276,0.41437774896621704,
3819,0.8999999761581421,0.40446484088897705,
3820,0.9020522236824036,0.39623355865478516,
3821,0.9030796885490417,0.3901900053024292,
3822,0.9058098793029785,0.3819262683391571,
3823,0.9083904027938843,0.37421008944511414,
3824,0.9108333587646484,0.36658555269241333,
3825,0.913149356842041,0.3594047427177429,
3826,0.9153481125831604,0.35261809825897217,
3827,0.917438268661499,0.34605565667152405,
3828,0.9194276928901672,0.3421841859817505,
3829,0.9213235378265381,0.33625999093055725,
3830,0.9231321811676025,0.32989099621772766,
3831,0.9241573214530945,0.3260243833065033,
3832,0.9251373410224915,0.32082438468933105,
3833,0.926075279712677,0.31672927737236023,
3834,0.9276315569877625,0.3112632632255554,
3835,0.9291236996650696,0.30615538358688354,
3836,0.9305555820465088,0.30238521099090576,
3837,0.9319307208061218,0.2986218333244324,
3838,0.9332524538040161,0.294136106967926,
3839,0.9345238208770752,0.29028141498565674,
3840,0.9357476830482483,0.2879568040370941,
3841,0.9369266033172607,0.28474801778793335,
3842,0.9375,0.2831457853317261,
3843,0.9386062026023865,0.27962639927864075,
3844,0.939673900604248,0.27606210112571716,
3845,0.9407051205635071,0.2733917832374573,
3846,0.9417017102241516,0.27074143290519714,
3847,0.9426652789115906,0.2686697840690613,
3848,0.9435975551605225,0.26557421684265137,
3849,0.9445000290870667,0.2633931040763855,
3850,0.7986111044883728,0.8125618696212769,
3851,0.806034505367279,0.7745939493179321,
3852,0.8185483813285828,0.7296384572982788,
3853,0.8295454382896423,0.6905520558357239,
3854,0.8392857313156128,0.6595281958580017,
3855,0.8445945978164673,0.6307831406593323,
3856,0.8525640964508057,0.6039770841598511,
3857,0.8582317233085632,0.5816773176193237,
3858,0.8648256063461304,0.559317409992218,
3859,0.8708333373069763,0.5407227277755737,
3860,0.873670220375061,0.5241690874099731,
3861,0.8788265585899353,0.5063563585281372,
3862,0.8835784196853638,0.4934646487236023,
3863,0.8879716992378235,0.4798053801059723,
3864,0.8920454382896423,0.46835780143737793,
3865,0.8947368264198303,0.4570145308971405,
3866,0.8983050584793091,0.4443492293357849,
3867,0.9016393423080444,0.43214207887649536,
3868,0.9047619104385376,0.42223429679870605,
3869,0.9057692289352417,0.41617298126220703,
3870,0.9076492786407471,0.4098997116088867,
3871,0.9103260636329651,0.4024830460548401,
3872,0.9128521084785461,0.39467760920524597,
3873,0.9152397513389587,0.3855033218860626,
3874,0.9175000190734863,0.37801143527030945,
3875,0.9196428656578064,0.3714410066604614,
3876,0.9216772317886353,0.36390793323516846,
3877,0.9228395223617554,0.3579731583595276,
3878,0.9246987700462341,0.35097721219062805,
3879,0.9264705777168274,0.34546464681625366,
3880,0.9281609058380127,0.34083279967308044,
3881,0.9290730357170105,0.33638691902160645,
3882,0.9306318759918213,0.33059096336364746,
3883,0.9321236610412598,0.3258025348186493,
3884,0.932894766330719,0.3228503465652466,
3885,0.9336340427398682,0.3192194402217865,
3886,0.934974730014801,0.31450384855270386,
3887,0.9362623691558838,0.31053057312965393,
3888,0.9375,0.30590230226516724,
3889,0.9386904835700989,0.3013126850128174,
3890,0.9392523169517517,0.2988683581352234,
3891,0.939793586730957,0.29515135288238525,
3892,0.9408783912658691,0.2912476062774658,
3893,0.9413716793060303,0.2874857187271118,
3894,0.9423912763595581,0.28544265031814575,
3895,0.9433760643005371,0.28240370750427246,
3896,0.943802535533905,0.28084903955459595,
3897,0.9447314143180847,0.2782325744628906,
3898,0.9456300735473633,0.2760469615459442,
3899,0.9465000033378601,0.27324798703193665,
3900,0.7916666865348816,0.8216977119445801,
3901,0.806034505367279,0.7716920375823975,
3902,0.8185483813285828,0.7278183698654175,
3903,0.8295454382896423,0.6905384659767151,
3904,0.8392857313156128,0.6552489399909973,
3905,0.8479729890823364,0.6235170364379883,
3906,0.8557692170143127,0.595434308052063,
3907,0.8612805008888245,0.5713136792182922,
3908,0.867732584476471,0.5500794053077698,
3909,0.8736110925674438,0.5319706201553345,
3910,0.8789893388748169,0.5139379501342773,
3911,0.8813775777816772,0.49865421652793884,
3912,0.8860294222831726,0.48246657848358154,
3913,0.8903301954269409,0.4673446714878082,
3914,0.8920454382896423,0.4585494101047516,
3915,0.8958333134651184,0.44629254937171936,
3916,0.8983050584793091,0.4343772828578949,
3917,0.9016393423080444,0.42399898171424866,
3918,0.9047619104385376,0.41319578886032104,
3919,0.9076923131942749,0.402006596326828,
3920,0.9104477763175964,0.39279067516326904,
3921,0.9130434989929199,0.38347044587135315,
3922,0.9154929518699646,0.375901997089386,
3923,0.9178082346916199,0.36787524819374084,
3924,0.9200000166893005,0.36019811034202576,
3925,0.9220778942108154,0.3546912670135498,
3926,0.9240506291389465,0.34762415289878845,
3927,0.9251543283462524,0.34362080693244934,
3928,0.9269578456878662,0.3390496075153351,
3929,0.9286764860153198,0.33456888794898987,
3930,0.9303160905838013,0.3281255066394806,
3931,0.9318820238113403,0.32269197702407837,
3932,0.9333791136741638,0.3171096444129944,
3933,0.9348118305206299,0.31163471937179565,
3934,0.9361842274665833,0.3075498342514038,
3935,0.9375,0.3038867712020874,
3936,0.9387626051902771,0.2993931770324707,
3937,0.9399752616882324,0.29514747858047485,
3938,0.9411407709121704,0.291255921125412,
3939,0.9422619342803955,0.2882424592971802,
3940,0.9427570104598999,0.28662988543510437,
3941,0.9432339668273926,0.28496885299682617,
3942,0.9442567825317383,0.28213149309158325,
3943,0.9452433586120605,0.27886494994163513,
3944,0.946195662021637,0.27588263154029846,
3945,0.9471153616905212,0.2722611427307129,
3946,0.9480041861534119,0.2693372368812561,
3947,0.9488636255264282,0.2661295235157013,
3948,0.9496951103210449,0.26280346512794495,
3949,0.9505000114440918,0.2605092525482178,
3950,0.7893518805503845,0.7719928026199341,
3951,0.8038793206214905,0.7265164852142334,
3952,0.8145161271095276,0.6873034834861755,
3953,0.8257575631141663,0.6515605449676514,
3954,0.8357142806053162,0.6171016693115234,
3955,0.8445945978164673,0.5868767499923706,
3956,0.8509615659713745,0.5634962916374207,
3957,0.8582317233085632,0.542661726474762,
3958,0.8648256063461304,0.5222840905189514,
3959,0.8708333373069763,0.5012670755386353,
3960,0.876329779624939,0.48576244711875916,
3961,0.8801020383834839,0.4724380671977997,
3962,0.8848039507865906,0.4567902982234955,
3963,0.8891509175300598,0.4416101276874542,
3964,0.8931818008422852,0.4274647831916809,
3965,0.8969298005104065,0.4148610532283783,
3966,0.9004237055778503,0.40474364161491394,
3967,0.9036885499954224,0.3960208296775818,
3968,0.9067460298538208,0.38684725761413574,
3969,0.9096153974533081,0.3779467046260834,
3970,0.9123134613037109,0.36984848976135254,
3971,0.9139492511749268,0.3637775778770447,
3972,0.9163732528686523,0.3551776111125946,
3973,0.9186643958091736,0.3479484021663666,
3974,0.9208333492279053,0.34148454666137695,
3975,0.9228895902633667,0.3347660303115845,
3976,0.9232594966888428,0.3297816812992096,
3977,0.9251543283462524,0.32292523980140686,
3978,0.9269578456878662,0.31794944405555725,
3979,0.9286764860153198,0.3131895065307617,
3980,0.9303160905838013,0.3081147074699402,
3981,0.9318820238113403,0.3029208779335022,
3982,0.9333791136741638,0.29783234000205994,
3983,0.9348118305206299,0.2939150035381317,
3984,0.9361842274665833,0.2913305461406708,
3985,0.9375,0.287248820066452,
3986,0.9387626051902771,0.28328582644462585,
3987,0.9399752616882324,0.27982085943222046,
3988,0.9411407709121704,0.2771070599555969,
3989,0.9422619342803955,0.27432218194007874,
3990,0.9433411359786987,0.27101075649261475,
3991,0.9438073635101318,0.26948079466819763,
3992,0.9448198080062866,0.26685142517089844,
3993,0.9457964897155762,0.2648440897464752,
3994,0.946739137172699,0.26171091198921204,
3995,0.9476495981216431,0.2591610252857208,
3996,0.9485294222831726,0.25618550181388855,
3997,0.9493801593780518,0.2527860999107361,
3998,0.9496951103210449,0.2508543133735657,
3999,0.9505000114440918,0.24842073023319244,
4000,0.7824074029922485,0.8227807283401489,
4001,0.7974137663841248,0.7708683013916016,
4002,0.8104838728904724,0.7273176908493042,
4003,0.8219696879386902,0.6920744180679321,
4004,0.8321428298950195,0.6592081189155579,
4005,0.8412162065505981,0.6276906728744507,
4006,0.8493589758872986,0.6011201739311218,
4007,0.8567073345184326,0.5761997699737549,
4008,0.8633720874786377,0.5556747317314148,
4009,0.8694444298744202,0.5356888771057129,
4010,0.875,0.5160139203071594,
4011,0.8801020383834839,0.49840328097343445,
4012,0.8848039507865906,0.4821215867996216,
4013,0.8891509175300598,0.4663745164871216,
4014,0.8931818008422852,0.45239493250846863,
4015,0.8958333134651184,0.43999144434928894,
4016,0.8993644118309021,0.426447331905365,
4017,0.9026639461517334,0.4142723083496094,
4018,0.903769850730896,0.40889278054237366,
4019,0.9067307710647583,0.3984975814819336,
4020,0.9085820913314819,0.39106568694114685,
4021,0.9112318754196167,0.38254213333129883,
4022,0.9137324094772339,0.37435832619667053,
4023,0.9160959124565125,0.3657289743423462,
4024,0.9183333516120911,0.3588237166404724,
4025,0.9204545617103577,0.35212576389312744,
4026,0.922468364238739,0.3450954258441925,
4027,0.9243826866149902,0.3391317129135132,
4028,0.9262048006057739,0.3338296115398407,
4029,0.9279412031173706,0.32893994450569153,
4030,0.9295976758003235,0.3224038779735565,
4031,0.930477499961853,0.3194621801376343,
4032,0.9313187003135681,0.3148118257522583,
4033,0.9321236610412598,0.3104667663574219,
4034,0.933552622795105,0.30618274211883545,
4035,0.9349226951599121,0.3016781806945801,
4036,0.9362373948097229,0.2973865568637848,
4037,0.9375,0.2929583191871643,
4038,0.9381067752838135,0.2891295254230499,
4039,0.9392856955528259,0.28510430455207825,
4040,0.9404205679893494,0.28213945031166077,
4041,0.9415137767791748,0.27845948934555054,
4042,0.9425675868988037,0.2747206687927246,
4043,0.9435840845108032,0.2716488838195801,
4044,0.9445652365684509,0.2680356502532959,
4045,0.9455128312110901,0.2655177116394043,
4046,0.9464285969734192,0.26380598545074463,
4047,0.9473140239715576,0.26018857955932617,
4048,0.9481707215309143,0.2578257918357849,
4049,0.9490000009536743,0.25586986541748047,
4050,0.7939814925193787,0.8041480183601379,
4051,0.806034505367279,0.7595546245574951,
4052,0.8185483813285828,0.7150118947029114,
4053,0.8295454382896423,0.6761876940727234,
4054,0.8374999761581421,0.6485006213188171,
4055,0.8462837934494019,0.618606448173523,
4056,0.8541666865348816,0.5929663777351379,
4057,0.8597561120986938,0.5698883533477783,
4058,0.8662790656089783,0.5470262765884399,
4059,0.8722222447395325,0.5252642631530762,
4060,0.8776595592498779,0.5086090564727783,
4061,0.8826530575752258,0.49204039573669434,
4062,0.8872548937797546,0.4743547737598419,
4063,0.8915094137191772,0.4610482454299927,
4064,0.8954545259475708,0.4463035464286804,
4065,0.8991228342056274,0.43581128120422363,
4066,0.9025423526763916,0.424234002828598,
4067,0.9057376980781555,0.4124095141887665,
4068,0.908730149269104,0.40243610739707947,
4069,0.9115384817123413,0.3924013376235962,
4070,0.9141790866851807,0.38494887948036194,
4071,0.9166666865348816,0.37587863206863403,
4072,0.9190140962600708,0.3684442341327667,
4073,0.920376718044281,0.36255842447280884,
4074,0.9225000143051147,0.3577210307121277,
4075,0.9245129823684692,0.35240814089775085,
4076,0.9264240264892578,0.34601739048957825,
4077,0.9282407164573669,0.34017428755760193,
4078,0.9292168617248535,0.3357340097427368,
4079,0.9308823347091675,0.3303276002407074,
4080,0.9324712753295898,0.3239383399486542,
4081,0.9332864880561829,0.3194812834262848,
4082,0.9347527623176575,0.3140605092048645,
4083,0.9361559152603149,0.3104122281074524,
4084,0.9375,0.30589333176612854,
4085,0.938788652420044,0.3021582067012787,
4086,0.940025269985199,0.2994067668914795,
4087,0.9412128925323486,0.29467517137527466,
4088,0.9417475461959839,0.29142752289772034,
4089,0.9428571462631226,0.28752321004867554,
4090,0.9439252614974976,0.2840728163719177,
4091,0.9449541568756104,0.28084099292755127,
4092,0.9459459185600281,0.2774352729320526,
4093,0.9469026327133179,0.2741144001483917,
4094,0.947826087474823,0.2711280584335327,
4095,0.9487179517745972,0.2680971622467041,
4096,0.9495798349380493,0.2656126618385315,
4097,0.9498966932296753,0.26294460892677307,
4098,0.9507113695144653,0.2596849203109741,
4099,0.9514999985694885,0.2565613090991974,
4100,0.7824074029922485,0.778154730796814,
4101,0.7974137663841248,0.7299777269363403,
4102,0.8104838728904724,0.6895544528961182,
4103,0.8219696879386902,0.6545214653015137,
4104,0.8321428298950195,0.6223271489143372,
4105,0.8412162065505981,0.5927658081054688,
4106,0.8493589758872986,0.5686189532279968,
4107,0.855182945728302,0.5497897267341614,
4108,0.8619186282157898,0.5277904868125916,
4109,0.8680555820465088,0.5074698328971863,
4110,0.873670220375061,0.4898822009563446,
4111,0.8775510191917419,0.4765091836452484,
4112,0.8799019455909729,0.46494776010513306,
4113,0.8832547068595886,0.45158106088638306,
4114,0.887499988079071,0.4389241933822632,
4115,0.8914473652839661,0.427601158618927,
4116,0.8951271176338196,0.41651076078414917,
4117,0.8985655903816223,0.4059180021286011,
4118,0.9017857313156128,0.39505720138549805,
4119,0.9038461446762085,0.38637012243270874,
4120,0.9067164063453674,0.3773486018180847,
4121,0.9094203114509583,0.36813944578170776,
4122,0.9119718074798584,0.35941335558891296,
4123,0.914383590221405,0.3542032241821289,
4124,0.9166666865348816,0.34742727875709534,
4125,0.9188311696052551,0.3415406346321106,
4126,0.9208860993385315,0.33461031317710876,
4127,0.9220678806304932,0.330512672662735,
4128,0.9231927990913391,0.3254113793373108,
4129,0.925000011920929,0.3226488530635834,
4130,0.9260057210922241,0.31868505477905273,
4131,0.9269663095474243,0.31460192799568176,
4132,0.9285714030265808,0.310843288898468,
4133,0.9301075339317322,0.30764859914779663,
4134,0.9315789341926575,0.303317129611969,
4135,0.9329897165298462,0.2990860641002655,
4136,0.9343434572219849,0.29656344652175903,
4137,0.9356435537338257,0.29295238852500916,
4138,0.9368932247161865,0.28945234417915344,
4139,0.938095211982727,0.28568294644355774,
4140,0.9392523169517517,0.28279635310173035,
4141,0.9403669834136963,0.2790089249610901,
4142,0.9414414167404175,0.27642881870269775,
4143,0.9424778819084167,0.27411186695098877,
4144,0.9434782862663269,0.27131763100624084,
4145,0.9444444179534912,0.26826485991477966,
4146,0.9448529481887817,0.26832520961761475,
4147,0.9452479481697083,0.2663939297199249,
4148,0.9456300735473633,0.2638707458972931,
4149,0.9465000033378601,0.2617940306663513,
4150,0.7962962985038757,0.8400875926017761,
4151,0.8103448152542114,0.7913571000099182,
4152,0.8225806355476379,0.744843602180481,
4153,0.8333333134651184,0.7035311460494995,
4154,0.8428571224212646,0.6684648394584656,
4155,0.849662184715271,0.6371220946311951,
4156,0.8573718070983887,0.6102593541145325,
4157,0.8643292784690857,0.5861501097679138,
4158,0.8691860437393188,0.5686237812042236,
4159,0.875,0.5464563369750977,
4160,0.8803191781044006,0.5269099473953247,
4161,0.8839285969734192,0.513192355632782,
4162,0.8884803652763367,0.4969935715198517,
4163,0.8926886916160583,0.4801701605319977,
4164,0.8965908885002136,0.4655819833278656,
4165,0.9002193212509155,0.4528821110725403,
4166,0.9036017060279846,0.4407823383808136,
4167,0.9067623019218445,0.4280211925506592,
4168,0.9097222089767456,0.41641461849212646,
4169,0.9125000238418579,0.405548632144928,
4170,0.9151119589805603,0.3950555622577667,
4171,0.9175724387168884,0.385154664516449,
4172,0.9198943376541138,0.37744081020355225,
4173,0.9220890402793884,0.36996152997016907,
4174,0.9241666793823242,0.3649442493915558,
4175,0.9261363744735718,0.3580792546272278,
4176,0.9280063509941101,0.3514177203178406,
4177,0.9297839403152466,0.3439248502254486,
4178,0.9307228922843933,0.33832383155822754,
4179,0.9323529601097107,0.33136236667633057,
4180,0.9339080452919006,0.3257601857185364,
4181,0.9353932738304138,0.32102862000465393,
4182,0.9368131756782532,0.31746840476989746,
4183,0.9381720423698425,0.31334465742111206,
4184,0.9388157725334167,0.3098646104335785,
4185,0.9400773048400879,0.30501317977905273,
4186,0.9412878751754761,0.3005824387073517,
4187,0.9424505233764648,0.2965899109840393,
4188,0.9429611563682556,0.29378435015678406,
4189,0.9440476298332214,0.29027795791625977,
4190,0.9450934529304504,0.2866292893886566,
4191,0.9455274939537048,0.2847394049167633,
4192,0.9465090036392212,0.28219902515411377,
4193,0.9474557638168335,0.27871212363243103,
4194,0.948369562625885,0.27530285716056824,
4195,0.9492521286010742,0.2727656364440918,
4196,0.9501050710678101,0.2696743309497833,
4197,0.9504132270812988,0.26671910285949707,
4198,0.9512194991111755,0.2640179395675659,
4199,0.9520000219345093,0.260518342256546,
4200,0.8009259104728699,0.8214054703712463,
4201,0.8146551847457886,0.7721800804138184,
4202,0.8266128897666931,0.7274281978607178,
4203,0.8371211886405945,0.68817138671875,
4204,0.8464285731315613,0.6551019549369812,
4205,0.8547297120094299,0.6249418258666992,
4206,0.8605769276618958,0.5983782410621643,
4207,0.8673780560493469,0.5714511871337891,
4208,0.8720930218696594,0.5515158176422119,
4209,0.8777777552604675,0.5313723683357239,
4210,0.8829787373542786,0.5127722024917603,
4211,0.8877550959587097,0.4961314797401428,
4212,0.8921568393707275,0.4793112576007843,
4213,0.8962264060974121,0.4651031196117401,
4214,0.8999999761581421,0.4514450430870056,
4215,0.9035087823867798,0.43808114528656006,
4216,0.9067796468734741,0.4268118441104889,
4217,0.9098360538482666,0.4159654974937439,
4218,0.9126983880996704,0.40688464045524597,
4219,0.9144230484962463,0.39987123012542725,
4220,0.91697758436203,0.38993918895721436,
4221,0.9193840622901917,0.38101282715797424,
4222,0.9216549396514893,0.373677521944046,
4223,0.9238013625144958,0.3657970428466797,
4224,0.9258333444595337,0.3583831191062927,
4225,0.926948070526123,0.35203999280929565,
4226,0.9287974834442139,0.34486255049705505,
4227,0.9305555820465088,0.3376576602458954,
4228,0.9322289228439331,0.3310888111591339,
4229,0.9338235259056091,0.3258515000343323,
4230,0.9346264600753784,0.32060685753822327,
4231,0.9360954761505127,0.31514689326286316,
4232,0.9375,0.3099985718727112,
4233,0.9388440847396851,0.3059786558151245,
4234,0.9401316046714783,0.30193454027175903,
4235,0.9413659572601318,0.2972103953361511,
4236,0.941919207572937,0.2944028079509735,
4237,0.9430692791938782,0.28958454728126526,
4238,0.9441747665405273,0.28516730666160583,
4239,0.9446428418159485,0.2830201983451843,
4240,0.9456775784492493,0.2799571454524994,
4241,0.9466742873191833,0.2767181098461151,
4242,0.9476351141929626,0.27325183153152466,
4243,0.94856196641922,0.2699331045150757,
4244,0.949456512928009,0.26786601543426514,
4245,0.9503205418586731,0.26492220163345337,
4246,0.9511554837226868,0.2618582546710968,
4247,0.9514462947845459,0.26015377044677734,
4248,0.952235758304596,0.25709831714630127,
4249,0.9524999856948853,0.2553389072418213,
4250,0.7939814925193787,0.7821293473243713,
4251,0.8081896305084229,0.7347660064697266,
4252,0.8205645084381104,0.6928005814552307,
4253,0.8314393758773804,0.6545156240463257,
4254,0.8410714268684387,0.6217040419578552,
4255,0.849662184715271,0.5926636457443237,
4256,0.8573718070983887,0.5653142333030701,
4257,0.8628048896789551,0.5501553416252136,
4258,0.8691860437393188,0.5297605991363525,
4259,0.875,0.510112464427948,
4260,0.8803191781044006,0.49084797501564026,
4261,0.8852040767669678,0.4737985134124756,
4262,0.8897058963775635,0.45973408222198486,
4263,0.8938679099082947,0.4452905058860779,
4264,0.8977272510528564,0.4319753348827362,
4265,0.9013158082962036,0.4193618595600128,
4266,0.9036017060279846,0.41236597299575806,
4267,0.9067623019218445,0.4026913344860077,
4268,0.9097222089767456,0.3929220139980316,
4269,0.9125000238418579,0.3834907114505768,
4270,0.9151119589805603,0.3744964301586151,
4271,0.9175724387168884,0.3659966289997101,
4272,0.9198943376541138,0.35858631134033203,
4273,0.9220890402793884,0.35116860270500183,
4274,0.9241666793823242,0.3442167043685913,
4275,0.9261363744735718,0.3371565043926239,
4276,0.9280063509941101,0.33144065737724304,
4277,0.9297839403152466,0.32660603523254395,
4278,0.9314758777618408,0.3207041621208191,
4279,0.9330882430076599,0.31456321477890015,
4280,0.9346264600753784,0.30876579880714417,
4281,0.9360954761505127,0.30318760871887207,
4282,0.9375,0.2973417043685913,
4283,0.9388440847396851,0.292349249124527,
4284,0.9401316046714783,0.28795239329338074,
4285,0.9413659572601318,0.2843450605869293,
4286,0.9425504803657532,0.2808420658111572,
4287,0.9436880946159363,0.2782551944255829,
4288,0.9447815418243408,0.2747611701488495,
4289,0.9458333253860474,0.2726789116859436,
4290,0.9468457698822021,0.2686311900615692,
4291,0.9478210806846619,0.2654244601726532,
4292,0.9487612843513489,0.26179787516593933,
4293,0.9496681690216064,0.25816842913627625,
4294,0.9505434632301331,0.25500190258026123,
4295,0.9513888955116272,0.25189051032066345,
4296,0.9522058963775635,0.24860291182994843,
4297,0.9529958963394165,0.24564839899539948,
4298,0.9527438879013062,0.2443310022354126,
4299,0.953499972820282,0.24282440543174744,
4300,0.7754629850387573,0.7717335820198059,
4301,0.7909482717514038,0.7241270542144775,
4302,0.8044354915618896,0.6865447163581848,
4303,0.8162878751754761,0.6492114067077637,
4304,0.8267857432365417,0.6159974932670593,
4305,0.8361486196517944,0.5884116291999817,
4306,0.8445512652397156,0.5630096197128296,
4307,0.8521341681480408,0.5410807728767395,
4308,0.8590116500854492,0.5202077627182007,
4309,0.8652777671813965,0.5001161098480225,
4310,0.8710106611251831,0.4818353056907654,
4311,0.8762755393981934,0.46436649560928345,
4312,0.8811274766921997,0.4500308334827423,
4313,0.885613203048706,0.43468177318573,
4314,0.8897727131843567,0.42351752519607544,
4315,0.8936403393745422,0.411495566368103,
4316,0.8972457647323608,0.40048372745513916,
4317,0.9006147384643555,0.3894069194793701,
4318,0.903769850730896,0.3783414363861084,
4319,0.9067307710647583,0.36964333057403564,
4320,0.9095149040222168,0.3605181574821472,
4321,0.9121376872062683,0.3529910147190094,
4322,0.9146126508712769,0.34500089287757874,
4323,0.9169520735740662,0.33838531374931335,
4324,0.9191666841506958,0.33076760172843933,
4325,0.9212662577629089,0.3250739574432373,
4326,0.9232594966888428,0.31925004720687866,
4327,0.9251543283462524,0.31411054730415344,
4328,0.9269578456878662,0.30794206261634827,
4329,0.9279412031173706,0.30269959568977356,
4330,0.9295976758003235,0.2972051799297333,
4331,0.9311797618865967,0.29240119457244873,
4332,0.932692289352417,0.28789445757865906,
4333,0.9334677457809448,0.2847353518009186,
4334,0.9348683953285217,0.2803524434566498,
4335,0.936211347579956,0.2759028673171997,
4336,0.9375,0.27181029319763184,
4337,0.9387376308441162,0.2685159146785736,
4338,0.9399271607398987,0.2655293643474579,
4339,0.9404761791229248,0.26208245754241943,
4340,0.9415887594223022,0.25857311487197876,
4341,0.9426605701446533,0.2554493546485901,
4342,0.943130612373352,0.25331953167915344,
4343,0.9441371560096741,0.25095295906066895,
4344,0.9451087117195129,0.24833323061466217,
4345,0.9460470080375671,0.24530722200870514,
4346,0.9469537734985352,0.24323062598705292,
4347,0.9478305578231812,0.24030829966068268,
4348,0.9486788511276245,0.23782499134540558,
4349,0.9495000243186951,0.2350505292415619,
4350,0.7870370149612427,0.7910033464431763,
4351,0.8017241358757019,0.7433828711509705,
4352,0.8145161271095276,0.6999622583389282,
4353,0.8257575631141663,0.6610938906669617,
4354,0.8357142806053162,0.6281853318214417,
4355,0.8445945978164673,0.6017554998397827,
4356,0.8525640964508057,0.575112521648407,
4357,0.8597561120986938,0.5502893924713135,
4358,0.8662790656089783,0.530113160610199,
4359,0.8722222447395325,0.5095323920249939,
4360,0.8776595592498779,0.49518701434135437,
4361,0.8826530575752258,0.47675561904907227,
4362,0.8872548937797546,0.46314728260040283,
4363,0.8915094137191772,0.4513733685016632,
4364,0.8954545259475708,0.4389673173427582,
4365,0.8991228342056274,0.4261007606983185,
4366,0.9014830589294434,0.41825878620147705,
4367,0.9047130942344666,0.40801939368247986,
4368,0.9077380895614624,0.3974480926990509,
4369,0.9105769395828247,0.3889555335044861,
4370,0.9132462739944458,0.37972643971443176,
4371,0.91576087474823,0.37100353837013245,
4372,0.9172534942626953,0.36441901326179504,
4373,0.9195205569267273,0.35722267627716064,
4374,0.9208333492279053,0.35141295194625854,
4375,0.9228895902633667,0.34372857213020325,
4376,0.9248417615890503,0.3364239037036896,
4377,0.9266975522041321,0.3294972777366638,
4378,0.928463876247406,0.3240933120250702,
4379,0.9301470518112183,0.3173409104347229,
4380,0.9317528605461121,0.3122022747993469,
4381,0.9332864880561829,0.30662673711776733,
4382,0.9347527623176575,0.3014250695705414,
4383,0.9361559152603149,0.29717567563056946,
4384,0.9368420839309692,0.29499638080596924,
4385,0.938144326210022,0.2903077304363251,
4386,0.939393937587738,0.2859838604927063,
4387,0.9405940771102905,0.28270941972732544,
4388,0.9417475461959839,0.27866408228874207,
4389,0.9428571462631226,0.27577048540115356,
4390,0.9439252614974976,0.2730393409729004,
4391,0.9449541568756104,0.2693466246128082,
4392,0.9459459185600281,0.26639682054519653,
4393,0.9469026327133179,0.264824777841568,
4394,0.947826087474823,0.2617884874343872,
4395,0.9487179517745972,0.2592056095600128,
4396,0.9495798349380493,0.2572863698005676,
4397,0.9504132270812988,0.2544746696949005,
4398,0.9512194991111755,0.2514464855194092,
4399,0.9520000219345093,0.24946404993534088,
4400,0.7824074029922485,0.8028624653816223,
4401,0.7974137663841248,0.7528843283653259,
4402,0.8104838728904724,0.7076244354248047,
4403,0.8219696879386902,0.6697993278503418,
4404,0.8321428298950195,0.6355472207069397,
4405,0.8395270109176636,0.6070445775985718,
4406,0.8477563858032227,0.5806288719177246,
4407,0.855182945728302,0.5545406937599182,
4408,0.8619186282157898,0.5319526791572571,
4409,0.8680555820465088,0.5125629305839539,
4410,0.873670220375061,0.4949606955051422,
4411,0.8788265585899353,0.4773101508617401,
4412,0.8835784196853638,0.461183100938797,
4413,0.8879716992378235,0.4461108148097992,
4414,0.8920454382896423,0.4331601560115814,
4415,0.8958333134651184,0.42029330134391785,
4416,0.8983050584793091,0.40954869985580444,
4417,0.9016393423080444,0.40055742859840393,
4418,0.9047619104385376,0.3896181583404541,
4419,0.9076923131942749,0.3813026547431946,
4420,0.9104477763175964,0.37241730093955994,
4421,0.9130434989929199,0.36407211422920227,
4422,0.9146126508712769,0.35699623823165894,
4423,0.9169520735740662,0.3502289950847626,
4424,0.9191666841506958,0.3427650034427643,
4425,0.9212662577629089,0.33513060212135315,
4426,0.922468364238739,0.3292599022388458,
4427,0.9243826866149902,0.3231847286224365,
4428,0.9262048006057739,0.3168860375881195,
4429,0.9279412031173706,0.31177252531051636,
4430,0.9295976758003235,0.3060336410999298,
4431,0.9311797618865967,0.30108994245529175,
4432,0.932692289352417,0.2964569926261902,
4433,0.9341397881507874,0.2925042510032654,
4434,0.9355263113975525,0.2878361642360687,
4435,0.936855673789978,0.28325775265693665,
4436,0.9381313323974609,0.2795732021331787,
4437,0.9393564462661743,0.27587851881980896,
4438,0.9405339956283569,0.2720234990119934,
4439,0.9416666626930237,0.26927313208580017,
4440,0.9427570104598999,0.26606428623199463,
4441,0.9438073635101318,0.2630952298641205,
4442,0.9448198080062866,0.25921040773391724,
4443,0.9457964897155762,0.25602099299430847,
4444,0.946739137172699,0.2526904344558716,
4445,0.9476495981216431,0.2494482547044754,
4446,0.9485294222831726,0.24673022329807281,
4447,0.9493801593780518,0.24449646472930908,
4448,0.9502032399177551,0.2418423891067505,
4449,0.9509999752044678,0.23913660645484924,
4450,0.8009259104728699,0.7786726355552673,
4451,0.8146551847457886,0.7290664315223694,
4452,0.8266128897666931,0.6862250566482544,
4453,0.8371211886405945,0.6540659070014954,
4454,0.8464285731315613,0.6226409673690796,
4455,0.8530405163764954,0.5950500965118408,
4456,0.8605769276618958,0.5699431300163269,
4457,0.8673780560493469,0.5474233031272888,
4458,0.8735465407371521,0.525874137878418,
4459,0.8791666626930237,0.5053717494010925,
4460,0.8843085169792175,0.4886147379875183,
4461,0.8890306353569031,0.4714268147945404,
4462,0.8933823704719543,0.4558704197406769,
4463,0.8962264060974121,0.4467828869819641,
4464,0.8988636136054993,0.4346868097782135,
4465,0.9013158082962036,0.42189887166023254,
4466,0.9046609997749329,0.41124945878982544,
4467,0.9077869057655334,0.40070873498916626,
4468,0.9107142686843872,0.38998472690582275,
4469,0.9134615659713745,0.38069504499435425,
4470,0.9160447716712952,0.37213513255119324,
4471,0.9175724387168884,0.3651880621910095,
4472,0.9198943376541138,0.3572993874549866,
4473,0.9220890402793884,0.35130754113197327,
4474,0.9241666793823242,0.3450857996940613,
4475,0.9261363744735718,0.3378285765647888,
4476,0.9280063509941101,0.3322533667087555,
4477,0.9297839403152466,0.32561784982681274,
4478,0.9314758777618408,0.3197518587112427,
4479,0.9330882430076599,0.3142959773540497,
4480,0.9346264600753784,0.30923277139663696,
4481,0.9360954761505127,0.30521124601364136,
4482,0.9361263513565063,0.30253130197525024,
4483,0.9368279576301575,0.29846587777137756,
4484,0.9381579160690308,0.2939717769622803,
4485,0.9394329786300659,0.2896903157234192,
4486,0.940025269985199,0.285508394241333,
4487,0.9412128925323486,0.28197410702705383,
4488,0.9423543810844421,0.27840349078178406,
4489,0.9434523582458496,0.2745788097381592,
4490,0.9445093274116516,0.27028918266296387,
4491,0.9455274939537048,0.266356885433197,
4492,0.9465090036392212,0.2629772424697876,
4493,0.9474557638168335,0.2603195905685425,
4494,0.948369562625885,0.25726959109306335,
4495,0.9487179517745972,0.25560280680656433,
4496,0.9495798349380493,0.25353825092315674,
4497,0.9504132270812988,0.2510994076728821,
4498,0.9512194991111755,0.2486337125301361,
4499,0.9520000219345093,0.24657055735588074,
4500,0.7708333134651184,0.8281584978103638,
4501,0.7866379022598267,0.776831328868866,
4502,0.8004032373428345,0.7312983870506287,
4503,0.8125,0.6930199861526489,
4504,0.8232142925262451,0.6611308455467224,
4505,0.8327702879905701,0.6314481496810913,
4506,0.8413461446762085,0.6049858927726746,
4507,0.8475610017776489,0.5808427929878235,
4508,0.854651153087616,0.5572882294654846,
4509,0.8597221970558167,0.5390981435775757,
4510,0.8656914830207825,0.5197094678878784,
4511,0.8711734414100647,0.5036219954490662,
4512,0.876225471496582,0.4870165288448334,
4513,0.8797169923782349,0.47369900345802307,
4514,0.8829545378684998,0.4614749848842621,
4515,0.8870614171028137,0.44838446378707886,
4516,0.8908898234367371,0.4358300566673279,
4517,0.8944672346115112,0.4230160713195801,
4518,0.8978174328804016,0.41258013248443604,
4519,0.9009615182876587,0.40295150876045227,
4520,0.9039179086685181,0.3943895995616913,
4521,0.9067028760910034,0.385727196931839,
4522,0.9093309640884399,0.37683504819869995,
4523,0.9118150472640991,0.3703222870826721,
4524,0.9141666889190674,0.3627805709838867,
4525,0.9163960814476013,0.3560245931148529,
4526,0.9185126423835754,0.34919658303260803,
4527,0.9205247163772583,0.342911034822464,
4528,0.9224397540092468,0.33722731471061707,
4529,0.9242647290229797,0.33163982629776,
4530,0.9260057210922241,0.32581889629364014,
4531,0.9276685118675232,0.32018303871154785,
4532,0.9292582273483276,0.3150874972343445,
4533,0.9307795763015747,0.31025657057762146,
4534,0.9322368502616882,0.3051081597805023,
4535,0.9336340427398682,0.30012819170951843,
4536,0.934974730014801,0.29482316970825195,
4537,0.9356435537338257,0.2931622862815857,
4538,0.9368932247161865,0.2891046702861786,
4539,0.938095211982727,0.2854765057563782,
4540,0.9392523169517517,0.2815847396850586,
4541,0.9403669834136963,0.27794772386550903,
4542,0.9414414167404175,0.2738663852214813,
4543,0.9424778819084167,0.2698816657066345,
4544,0.9434782862663269,0.2676122784614563,
4545,0.9439102411270142,0.2650424540042877,
4546,0.9448529481887817,0.26195746660232544,
4547,0.9457644820213318,0.259772926568985,
4548,0.9466463327407837,0.2566830515861511,
4549,0.9474999904632568,0.25396397709846497,
4550,0.7870370149612427,0.8061290979385376,
4551,0.8017241358757019,0.7608579397201538,
4552,0.8145161271095276,0.7164739370346069,
4553,0.8257575631141663,0.6797190308570862,
4554,0.8357142806053162,0.6460135579109192,
4555,0.8445945978164673,0.6163723468780518,
4556,0.8525640964508057,0.5869340896606445,
4557,0.8582317233085632,0.5704521536827087,
4558,0.8648256063461304,0.5481319427490234,
4559,0.8708333373069763,0.5275088548660278,
4560,0.876329779624939,0.5074743032455444,
4561,0.8813775777816772,0.4920337200164795,
4562,0.8860294222831726,0.4753158390522003,
4563,0.8903301954269409,0.46177566051483154,
4564,0.894318163394928,0.44749221205711365,
4565,0.8980262875556946,0.43526366353034973,
4566,0.9014830589294434,0.42257124185562134,
4567,0.9047130942344666,0.4109581708908081,
4568,0.9077380895614624,0.3992995321750641,
4569,0.9105769395828247,0.38874995708465576,
4570,0.9132462739944458,0.3795260787010193,
4571,0.91576087474823,0.37043482065200806,
4572,0.9181337952613831,0.3616701066493988,
4573,0.920376718044281,0.3544098734855652,
4574,0.9208333492279053,0.35384228825569153,
4575,0.9220778942108154,0.3495241403579712,
4576,0.9240506291389465,0.34277209639549255,
4577,0.9251543283462524,0.3375416696071625,
4578,0.9269578456878662,0.33167457580566406,
4579,0.9286764860153198,0.3253883421421051,
4580,0.9303160905838013,0.32003870606422424,
4581,0.9318820238113403,0.3141675293445587,
4582,0.9333791136741638,0.3085932433605194,
4583,0.9348118305206299,0.3031781017780304,
4584,0.9361842274665833,0.2984318733215332,
4585,0.9375,0.2936898171901703,
4586,0.9387626051902771,0.29102566838264465,
4587,0.9399752616882324,0.2868964672088623,
4588,0.9411407709121704,0.28299975395202637,
4589,0.9422619342803955,0.2794083058834076,
4590,0.9433411359786987,0.2755042016506195,
4591,0.9443807601928711,0.27103790640830994,
4592,0.9453828930854797,0.26788628101348877,
4593,0.946349561214447,0.2641697824001312,
4594,0.947282612323761,0.2609059512615204,
4595,0.9476495981216431,0.25946855545043945,
4596,0.9485294222831726,0.2568501830101013,
4597,0.9493801593780518,0.25390926003456116,
4598,0.9502032399177551,0.25107911229133606,
4599,0.9509999752044678,0.24888195097446442,
4600,0.7847222089767456,0.7960650324821472,
4601,0.7995689511299133,0.7469238638877869,
4602,0.8125,0.7037760615348816,
4603,0.8219696879386902,0.667535662651062,
4604,0.8321428298950195,0.6329262852668762,
4605,0.8395270109176636,0.6041707396507263,
4606,0.8477563858032227,0.5772671103477478,
4607,0.855182945728302,0.5550317764282227,
4608,0.8619186282157898,0.533600926399231,
4609,0.8680555820465088,0.5137780904769897,
4610,0.873670220375061,0.4966171681880951,
4611,0.8788265585899353,0.4802978038787842,
4612,0.8835784196853638,0.4655902683734894,
4613,0.8879716992378235,0.4503595232963562,
4614,0.8920454382896423,0.4393334686756134,
4615,0.8958333134651184,0.42684412002563477,
4616,0.8993644118309021,0.4140872359275818,
4617,0.9026639461517334,0.40316399931907654,
4618,0.9047619104385376,0.3963954448699951,
4619,0.9076923131942749,0.38585636019706726,
4620,0.9104477763175964,0.3772065341472626,
4621,0.9130434989929199,0.36921432614326477,
4622,0.9154929518699646,0.3605848252773285,
4623,0.9178082346916199,0.3526631295681,
4624,0.9200000166893005,0.3446533977985382,
4625,0.9220778942108154,0.33756303787231445,
4626,0.9240506291389465,0.33103707432746887,
4627,0.9259259104728699,0.3248428404331207,
4628,0.9277108311653137,0.31877613067626953,
4629,0.929411768913269,0.31317952275276184,
4630,0.931034505367279,0.30719277262687683,
4631,0.932584285736084,0.30161377787590027,
4632,0.9340659379959106,0.29621225595474243,
4633,0.9354838728904724,0.2926654517650604,
4634,0.9368420839309692,0.2881467640399933,
4635,0.938144326210022,0.28415125608444214,
4636,0.939393937587738,0.2795751690864563,
4637,0.9405940771102905,0.2750837802886963,
4638,0.9417475461959839,0.270798921585083,
4639,0.9428571462631226,0.2676284909248352,
4640,0.9439252614974976,0.26415592432022095,
4641,0.9449541568756104,0.2607438266277313,
4642,0.9459459185600281,0.25742051005363464,
4643,0.9469026327133179,0.2538827657699585,
4644,0.947826087474823,0.2504630982875824,
4645,0.9487179517745972,0.24693818390369415,
4646,0.9495798349380493,0.244408518075943,
4647,0.9504132270812988,0.24175432324409485,
4648,0.9512194991111755,0.23956246674060822,
4649,0.9520000219345093,0.23687952756881714,
4650,0.7939814925193787,0.7852503657341003,
4651,0.8081896305084229,0.7346611022949219,
4652,0.8205645084381104,0.6914035677909851,
4653,0.8314393758773804,0.6534498929977417,
4654,0.8410714268684387,0.6187677383422852,
4655,0.8462837934494019,0.5946037769317627,
4656,0.8541666865348816,0.5677663087844849,
4657,0.8612805008888245,0.5446396470069885,
4658,0.8662790656089783,0.5247688889503479,
4659,0.8722222447395325,0.5046252608299255,
4660,0.8776595592498779,0.485996812582016,
4661,0.8826530575752258,0.47184205055236816,
4662,0.8872548937797546,0.457040011882782,
4663,0.8915094137191772,0.44302263855934143,
4664,0.8954545259475708,0.42918774485588074,
4665,0.8991228342056274,0.41612112522125244,
4666,0.9025423526763916,0.40374892950057983,
4667,0.9057376980781555,0.3943529725074768,
4668,0.908730149269104,0.3833438754081726,
4669,0.9115384817123413,0.37295013666152954,
4670,0.9141790866851807,0.3647402226924896,
4671,0.9166666865348816,0.3576532304286957,
4672,0.9190140962600708,0.35077112913131714,
4673,0.9212328791618347,0.3434351086616516,
4674,0.9233333468437195,0.3359919786453247,
4675,0.9253246784210205,0.32921046018600464,
4676,0.9272152185440063,0.3231581449508667,
4677,0.9290123581886292,0.31949537992477417,
4678,0.9307228922843933,0.31414759159088135,
4679,0.9323529601097107,0.30885958671569824,
4680,0.9339080452919006,0.30350494384765625,
4681,0.9353932738304138,0.29796239733695984,
4682,0.9368131756782532,0.2933014929294586,
4683,0.9375,0.28899773955345154,
4684,0.9388157725334167,0.2839715778827667,
4685,0.9400773048400879,0.279145747423172,
4686,0.9412878751754761,0.27548009157180786,
4687,0.9424505233764648,0.2712651789188385,
4688,0.9435679316520691,0.2675698399543762,
4689,0.9446428418159485,0.26368141174316406,
4690,0.9456775784492493,0.26049989461898804,
4691,0.9466742873191833,0.25697582960128784,
4692,0.9476351141929626,0.253692090511322,
4693,0.94856196641922,0.2506781816482544,
4694,0.948913037776947,0.24985802173614502,
4695,0.9492521286010742,0.24732835590839386,
4696,0.9501050710678101,0.24439853429794312,
4697,0.9509297609329224,0.24145978689193726,
4698,0.9517276287078857,0.23869432508945465,
4699,0.9520000219345093,0.23676960170269012,
4700,0.7986111044883728,0.8088118433952332,
4701,0.8125,0.7598599195480347,
4702,0.8245967626571655,0.7160630226135254,
4703,0.8352272510528564,0.678652822971344,
4704,0.8446428775787354,0.6436993479728699,
4705,0.8530405163764954,0.6130777597427368,
4706,0.8605769276618958,0.5863751173019409,
4707,0.8673780560493469,0.5617596507072449,
4708,0.8735465407371521,0.5401988625526428,
4709,0.8791666626930237,0.5230845212936401,
4710,0.8843085169792175,0.5047447681427002,
4711,0.8890306353569031,0.4876362085342407,
4712,0.8933823704719543,0.4711208641529083,
4713,0.8974056839942932,0.45625853538513184,
4714,0.9011363387107849,0.4411340057849884,
4715,0.9046052694320679,0.42738232016563416,
4716,0.9078390002250671,0.41485166549682617,
4717,0.9108606576919556,0.40309885144233704,
4718,0.913690447807312,0.39253634214401245,
4719,0.9163461327552795,0.38413283228874207,
4720,0.9188432693481445,0.3756742477416992,
4721,0.9211956262588501,0.3677363395690918,
4722,0.92341548204422,0.3613533079624176,
4723,0.9255136847496033,0.35399869084358215,
4724,0.9275000095367432,0.34675610065460205,
4725,0.9293830990791321,0.3390592932701111,
4726,0.9311708807945251,0.3327864408493042,
4727,0.9328703880310059,0.32603123784065247,
4728,0.9337349534034729,0.32267019152641296,
4729,0.9352940917015076,0.3164980411529541,
4730,0.9367815852165222,0.3103010356426239,
4731,0.9382022619247437,0.30446934700012207,
4732,0.9395604133605957,0.29943710565567017,
4733,0.9401881694793701,0.29552626609802246,
4734,0.9407894611358643,0.29154694080352783,
4735,0.9420102834701538,0.2869550287723541,
4736,0.9431818127632141,0.2829962968826294,
4737,0.9443069100379944,0.2787255644798279,
4738,0.9453883767127991,0.2746809720993042,
4739,0.9464285969734192,0.27165162563323975,
4740,0.947429895401001,0.26798108220100403,
4741,0.9483944773674011,0.2644205391407013,
4742,0.9493243098258972,0.2612209618091583,
4743,0.9502212405204773,0.2581169605255127,
4744,0.9510869383811951,0.2548515200614929,
4745,0.9519230723381042,0.25179585814476013,
4746,0.9522058963775635,0.25050196051597595,
4747,0.952479362487793,0.2478349208831787,
4748,0.9532520174980164,0.2445475310087204,
4749,0.9539999961853027,0.24257591366767883,
4750,0.8009259104728699,0.787024974822998,
4751,0.8146551847457886,0.7377611398696899,
4752,0.8266128897666931,0.6934018135070801,
4753,0.8371211886405945,0.6578569412231445,
4754,0.8446428775787354,0.630001425743103,
4755,0.8530405163764954,0.6001913547515869,
4756,0.8605769276618958,0.5732064843177795,
4757,0.8673780560493469,0.5483632683753967,
4758,0.8735465407371521,0.5268541574478149,
4759,0.8791666626930237,0.5080423355102539,
4760,0.8843085169792175,0.4896717071533203,
4761,0.8890306353569031,0.4728724956512451,
4762,0.8909313678741455,0.46265965700149536,
4763,0.8950471878051758,0.44742831587791443,
4764,0.8988636136054993,0.4332854449748993,
4765,0.9024122953414917,0.4212002456188202,
4766,0.9057203531265259,0.41058722138404846,
4767,0.9088114500045776,0.4002586305141449,
4768,0.9117063283920288,0.3904731571674347,
4769,0.9144230484962463,0.38226014375686646,
4770,0.91697758436203,0.37408018112182617,
4771,0.9193840622901917,0.3653218746185303,
4772,0.9216549396514893,0.35795870423316956,
4773,0.9238013625144958,0.3514646887779236,
4774,0.9258333444595337,0.3437969982624054,
4775,0.9277597665786743,0.33667993545532227,
4776,0.9295886158943176,0.33063554763793945,
4777,0.9313271641731262,0.3240368366241455,
4778,0.9329819083213806,0.31782305240631104,
4779,0.9345588088035583,0.3125995099544525,
4780,0.9360632300376892,0.3069458603858948,
4781,0.9375,0.3012756407260895,
4782,0.9388736486434937,0.2968527376651764,
4783,0.9401881694793701,0.2918296158313751,
4784,0.9407894611358643,0.2888818383216858,
4785,0.9420102834701538,0.2847325801849365,
4786,0.9431818127632141,0.28047001361846924,
4787,0.9443069100379944,0.27703914046287537,
4788,0.9453883767127991,0.27356693148612976,
4789,0.9464285969734192,0.2692313492298126,
4790,0.947429895401001,0.2658740282058716,
4791,0.9483944773674011,0.2620090842247009,
4792,0.9493243098258972,0.259126752614975,
4793,0.9502212405204773,0.2559264004230499,
4794,0.9510869383811951,0.25262385606765747,
4795,0.9519230723381042,0.24990203976631165,
4796,0.9527310729026794,0.24658013880252838,
4797,0.9535123705863953,0.2435990571975708,
4798,0.9542682766914368,0.24091960489749908,
4799,0.9549999833106995,0.23851391673088074,
4800,0.8009259104728699,0.7689828276634216,
4801,0.8146551847457886,0.7230634093284607,
4802,0.8266128897666931,0.6854777336120605,
4803,0.8371211886405945,0.6493890285491943,
4804,0.8464285731315613,0.615630030632019,
4805,0.8547297120094299,0.5860657095909119,
4806,0.8621794581413269,0.558952271938324,
4807,0.8689024448394775,0.5349352359771729,
4808,0.875,0.5144046545028687,
4809,0.8805555701255798,0.4951164126396179,
4810,0.8856382966041565,0.48071590065956116,
4811,0.8890306353569031,0.46642085909843445,
4812,0.8933823704719543,0.4515034556388855,
4813,0.8974056839942932,0.43675243854522705,
4814,0.9011363387107849,0.4238031804561615,
4815,0.9046052694320679,0.41340190172195435,
4816,0.9078390002250671,0.40299996733665466,
4817,0.9108606576919556,0.39315757155418396,
4818,0.913690447807312,0.3836137354373932,
4819,0.9153845906257629,0.37445685267448425,
4820,0.91697758436203,0.36776700615882874,
4821,0.9193840622901917,0.35938969254493713,
4822,0.9216549396514893,0.3512868285179138,
4823,0.9229452013969421,0.34597259759902954,
4824,0.925000011920929,0.3383808732032776,
4825,0.926948070526123,0.3312094509601593,
4826,0.9287974834442139,0.32442131638526917,
4827,0.9305555820465088,0.3173387944698334,
4828,0.9322289228439331,0.31186461448669434,
4829,0.9338235259056091,0.30611759424209595,
4830,0.9346264600753784,0.30288103222846985,
4831,0.9360954761505127,0.2980334758758545,
4832,0.9375,0.29285329580307007,
4833,0.9388440847396851,0.28788504004478455,
4834,0.9401316046714783,0.28426238894462585,
4835,0.9413659572601318,0.2797878682613373,
4836,0.9425504803657532,0.2769692540168762,
4837,0.9436880946159363,0.2730673849582672,
4838,0.9447815418243408,0.26924020051956177,
4839,0.9458333253860474,0.2653163969516754,
4840,0.9468457698822021,0.2622157037258148,
4841,0.9478210806846619,0.25903210043907166,
4842,0.9487612843513489,0.25491437315940857,
4843,0.9496681690216064,0.251518189907074,
4844,0.9505434632301331,0.24939082562923431,
4845,0.9513888955116272,0.24597181379795074,
4846,0.9522058963775635,0.24269627034664154,
4847,0.9529958963394165,0.2400030791759491,
4848,0.9537601470947266,0.23719912767410278,
4849,0.9545000195503235,0.23443052172660828,
4850,0.7986111044883728,0.7686455845832825,
4851,0.8125,0.7211626172065735,
4852,0.8245967626571655,0.6786819100379944,
4853,0.8352272510528564,0.643386960029602,
4854,0.8446428775787354,0.609927773475647,
4855,0.8530405163764954,0.5807857513427734,
4856,0.8589743375778198,0.5567004084587097,
4857,0.8658536672592163,0.5339818596839905,
4858,0.8720930218696594,0.51183021068573,
4859,0.8777777552604675,0.4917455017566681,
4860,0.8829787373542786,0.4732528328895569,
4861,0.8877550959587097,0.45646119117736816,
4862,0.8921568393707275,0.4420328736305237,
4863,0.8962264060974121,0.42900794744491577,
4864,0.8999999761581421,0.4158056080341339,
4865,0.9035087823867798,0.40356138348579407,
4866,0.9067796468734741,0.39252880215644836,
4867,0.9098360538482666,0.38126280903816223,
4868,0.9126983880996704,0.3719192147254944,
4869,0.9153845906257629,0.36332663893699646,
4870,0.9179104566574097,0.35459408164024353,
4871,0.9202898740768433,0.3477230370044708,
4872,0.922535240650177,0.34117117524147034,
4873,0.9246575236320496,0.3338216245174408,
4874,0.9266666769981384,0.32657453417778015,
4875,0.9277597665786743,0.32177162170410156,
4876,0.9295886158943176,0.3153843879699707,
4877,0.9313271641731262,0.3100929856300354,
4878,0.9329819083213806,0.304813414812088,
4879,0.9345588088035583,0.29921314120292664,
4880,0.9360632300376892,0.29357612133026123,
4881,0.9375,0.289338618516922,
4882,0.9388736486434937,0.2842090427875519,
4883,0.9401881694793701,0.27934011816978455,
4884,0.941447377204895,0.2751365602016449,
4885,0.9426546096801758,0.27136555314064026,
4886,0.943813145160675,0.26831236481666565,
4887,0.9449257254600525,0.2643173635005951,
4888,0.9459951519966125,0.26045843958854675,
4889,0.9470238089561462,0.25749117136001587,
4890,0.9480140209197998,0.2540557384490967,
4891,0.9489678740501404,0.2519701421260834,
4892,0.9498873949050903,0.24927860498428345,
4893,0.9507743120193481,0.24569422006607056,
4894,0.9516304135322571,0.2421497404575348,
4895,0.9524572491645813,0.23925422132015228,
4896,0.9532563090324402,0.23621731996536255,
4897,0.9540289044380188,0.23348082602024078,
4898,0.954776406288147,0.23079080879688263,
4899,0.9555000066757202,0.22839239239692688,
4900,0.7939814925193787,0.7715811133384705,
4901,0.8081896305084229,0.7252863645553589,
4902,0.8205645084381104,0.6820691227912903,
4903,0.8314393758773804,0.6474385261535645,
4904,0.8410714268684387,0.6133313775062561,
4905,0.849662184715271,0.585693359375,
4906,0.8573718070983887,0.5599286556243896,
4907,0.8643292784690857,0.5375967025756836,
4908,0.8706395626068115,0.5165494084358215,
4909,0.875,0.5011591911315918,
4910,0.8803191781044006,0.48393717408180237,
4911,0.8852040767669678,0.4673875570297241,
4912,0.8897058963775635,0.4523656368255615,
4913,0.8938679099082947,0.43904656171798706,
4914,0.8977272510528564,0.4262361228466034,
4915,0.9013158082962036,0.41359803080558777,
4916,0.9046609997749329,0.4017896354198456,
4917,0.9077869057655334,0.3914591670036316,
4918,0.9107142686843872,0.38172975182533264,
4919,0.9125000238418579,0.37468522787094116,
4920,0.9151119589805603,0.3660450279712677,
4921,0.9175724387168884,0.35874584317207336,
4922,0.9198943376541138,0.35236212611198425,
4923,0.9220890402793884,0.3448885381221771,
4924,0.9241666793823242,0.33767396211624146,
4925,0.9261363744735718,0.3310186564922333,
4926,0.9280063509941101,0.32439929246902466,
4927,0.9297839403152466,0.3177798092365265,
4928,0.9314758777618408,0.31246218085289,
4929,0.9330882430076599,0.3068541884422302,
4930,0.9346264600753784,0.3017085790634155,
4931,0.9360954761505127,0.29749858379364014,
4932,0.9375,0.2925441563129425,
4933,0.9381720423698425,0.2903369665145874,
4934,0.9394736886024475,0.286440908908844,
4935,0.9407216310501099,0.2826332151889801,
4936,0.941919207572937,0.2791639268398285,
4937,0.9424505233764648,0.2753483057022095,
4938,0.9435679316520691,0.27171453833580017,
4939,0.9446428418159485,0.26771101355552673,
4940,0.9456775784492493,0.26439470052719116,
4941,0.9466742873191833,0.2617686688899994,
4942,0.9476351141929626,0.2585284113883972,
4943,0.94856196641922,0.25577422976493835,
4944,0.949456512928009,0.25289276242256165,
4945,0.9503205418586731,0.24995212256908417,
4946,0.950630247592926,0.24748466908931732,
4947,0.9514462947845459,0.24478919804096222,
4948,0.9517276287078857,0.24520471692085266,
4949,0.9524999856948853,0.24314819276332855,
4950,0.7847222089767456,0.7959163784980774,
4951,0.7995689511299133,0.7461777329444885,
4952,0.8125,0.7048313617706299,
4953,0.8238636255264282,0.6695557832717896,
4954,0.8339285850524902,0.6354047060012817,
4955,0.8429054021835327,0.6050703525543213,
4956,0.8509615659713745,0.5771875381469727,
4957,0.8582317233085632,0.5531579852104187,
4958,0.8648256063461304,0.5303188562393188,
4959,0.8708333373069763,0.5088623762130737,
4960,0.876329779624939,0.4899843633174896,
4961,0.8813775777816772,0.47189685702323914,
4962,0.8860294222831726,0.457319438457489,
4963,0.8891509175300598,0.4470769762992859,
4964,0.8931818008422852,0.4334731101989746,
4965,0.8969298005104065,0.42068934440612793,
4966,0.9004237055778503,0.4085284173488617,
4967,0.9036885499954224,0.40019527077674866,
4968,0.9067460298538208,0.38938114047050476,
4969,0.9096153974533081,0.3791266083717346,
4970,0.9123134613037109,0.36997154355049133,
4971,0.9148550629615784,0.3618013560771942,
4972,0.9172534942626953,0.3540259897708893,
4973,0.9195205569267273,0.34644877910614014,
4974,0.92166668176651,0.339800089597702,
4975,0.9228895902633667,0.3367001414299011,
4976,0.9248417615890503,0.3315436542034149,
4977,0.9266975522041321,0.3259655237197876,
4978,0.928463876247406,0.3200794458389282,
4979,0.9301470518112183,0.31370821595191956,
4980,0.9317528605461121,0.3086424767971039,
4981,0.9332864880561829,0.303848534822464,
4982,0.9347527623176575,0.29925915598869324,
4983,0.9361559152603149,0.29552650451660156,
4984,0.9375,0.2912015914916992,
4985,0.938788652420044,0.28764238953590393,
4986,0.940025269985199,0.28308504819869995,
4987,0.9412128925323486,0.27878037095069885,
4988,0.9423543810844421,0.27485403418540955,
4989,0.9428571462631226,0.2712661623954773,
4990,0.9439252614974976,0.26714780926704407,
4991,0.9449541568756104,0.2635834813117981,
4992,0.9453828930854797,0.2609754204750061,
4993,0.9457964897155762,0.25786206126213074,
4994,0.946739137172699,0.25588902831077576,
4995,0.9476495981216431,0.252572238445282,
4996,0.9485294222831726,0.24947090446949005,
4997,0.9493801593780518,0.2473525106906891,
4998,0.9502032399177551,0.24411118030548096,
4999,0.9505000114440918,0.2426692396402359,
