batch,mean_loss,std_loss,mean_accuracy,std_accuracy
0,0.6930488348007202,0.002989728845968779,0.5,0.11048543456039805
1,0.6883870661258698,0.004908211243336165,0.51953125,0.03866990209613932
2,0.6896240413188934,0.01087384476896215,0.5416666567325592,0.03682846413784985
3,0.6992634534835815,0.008043304569819018,0.490234375,0.052480581416189075
4,0.7005705833435059,0.0009634769569590375,0.5109374970197678,0.02430678295923302
5,0.7009710669517517,0.0024585099673374708,0.4973958432674408,0.04051134005442879
6,0.6997145712375641,0.0004909686383034045,0.4988839328289032,0.03945910183450581
7,0.6993087828159332,0.001882826163527169,0.505859375,0.04971844555217912
8,0.6999456286430359,0.0013693511081189472,0.5008680671453476,0.060153183379930523
9,0.6996423900127411,1.3950606857105924e-05,0.5054687559604645,0.05634759691391211
10,0.7001403570175171,1.1548236491984965e-05,0.4999999850988388,0.04620299799130971
11,0.6998757719993591,0.0013859569664322394,0.505859375,0.035907766232129365
12,0.6996474862098694,0.0012096145522626587,0.5054086595773697,0.036545174095583874
13,0.6993048191070557,0.0008876126296394283,0.5050223171710968,0.02604300131021504
14,0.6987654566764832,0.0010399313401577993,0.5088541656732559,0.027253058404387066
15,0.6983073949813843,0.0007614249651978116,0.5078125,0.027621358640099514
16,0.6972907185554504,0.0011830620377007955,0.5096507370471954,0.03054597060511896
17,0.6972702741622925,0.0004781981432046037,0.5143229216337204,0.023938503796944826
18,0.6971535682678223,0.0009957614429183825,0.5143914520740509,0.021515586843174804
19,0.6963512301445007,0.0002843226400544911,0.5183593928813934,0.02154466816864732
20,0.6982437372207642,0.002180087886074505,0.5178571343421936,0.016835895812464707
21,0.6988877952098846,0.0004757114791424609,0.5170454382896423,0.02209708691207961
22,0.6990680694580078,0.0008651905062316327,0.5190217196941376,0.02305782432388544
23,0.699192464351654,0.0017934326978355627,0.5166015475988388,0.025319571728949802
24,0.6978836059570312,0.002165589370186757,0.5206249952316284,0.026516521153234936
25,0.6974843442440033,0.0016778238923701805,0.5216346383094788,0.023796869312523967
26,0.6969417035579681,0.0022688070021899365,0.5237268507480621,0.02537075907646628
27,0.6968469619750977,0.0014065246285055557,0.5237165093421936,0.02485922277608956
28,0.6965655386447906,0.0011841157089135677,0.5242456793785095,0.02209708691207961
29,0.6964303553104401,0.0008868961332147431,0.524218738079071,0.0224653660743678
30,0.6966201663017273,0.0011876981910369938,0.5224294364452362,0.02387909781396872
31,0.6966840326786041,0.0008409560683378686,0.52197265625,0.02209708691207961
32,0.6963364481925964,0.0007792109352694088,0.5229640007019043,0.02176227234750907
33,0.6963990330696106,0.0002788435497480749,0.5215992629528046,0.020797235957155127
34,0.6962807178497314,0.0004912636662429808,0.5203125178813934,0.02051872958219514
35,0.6957882642745972,0.0005863469564835578,0.5208333432674408,0.020255648953790138
36,0.6950839459896088,0.0004316258756000658,0.5236486494541168,0.021499908215528753
37,0.6946364641189575,0.0016143085916642632,0.5256989896297455,0.027039858571194706
38,0.6942870616912842,0.0017224574049432174,0.5266426205635071,0.02634650076634199
39,0.6937143504619598,0.0019177237540941893,0.52734375,0.026516521153234936
40,0.6932263672351837,0.002814355809314949,0.5280106663703918,0.027217170362880037
41,0.6925460696220398,0.003785124171066371,0.5277157723903656,0.029725877226793984
42,0.6914738118648529,0.004589496774896784,0.5297965109348297,0.02826371875825405
43,0.6908634006977081,0.005095090369633469,0.5319602191448212,0.02561251339952477
44,0.6903662979602814,0.006001753374799821,0.5333333313465118,0.028971701519540045
45,0.6895164251327515,0.006287129686067085,0.5349864065647125,0.029783028353374756
46,0.6881536245346069,0.007763786670494768,0.5364029109477997,0.032675482272980394
47,0.6868253946304321,0.008823274148361622,0.53857421875,0.035677560145562864
48,0.6863062381744385,0.008588179027367856,0.5404974520206451,0.03788070235777283
49,0.6865646243095398,0.007274883227768397,0.5415624976158142,0.03844896831624521
50,0.6849358081817627,0.007359092631093163,0.5447303950786591,0.038994896445006824
51,0.6838624477386475,0.0062191046725705015,0.5477764308452606,0.039519793296361495
52,0.6851179897785187,0.004872976477981057,0.549675703048706,0.040650298213969205
53,0.6896583735942841,0.001895554511777459,0.5486111044883728,0.03805607539442666
54,0.6899469494819641,0.005179679094594833,0.5492897629737854,0.03354737412812526
55,0.688744068145752,0.007469348786797662,0.5509207546710968,0.02979162631047098
56,0.6883133947849274,0.009182238857128907,0.5523574650287628,0.027136796322769764
57,0.6875231862068176,0.012459535650487515,0.5538793206214905,0.023621032660536518
58,0.6863467693328857,0.016704819113595826,0.5560116469860077,0.019288125899374054
59,0.6880724430084229,0.013848864364800626,0.5570312738418579,0.0169410943463479
60,0.6909586787223816,0.010415076322921067,0.5562244057655334,0.013584266449849234
61,0.6935959756374359,0.006984955056861957,0.5549395382404327,0.012474160606920796
62,0.6954885125160217,0.004413196507575714,0.554067462682724,0.013328392932539596
63,0.6959752142429352,0.0036779447353031676,0.5535888671875,0.013638045828549135
64,0.6960408389568329,0.0036605802337166793,0.5534855723381042,0.013428238816661903
65,0.6963889896869659,0.004059205126932715,0.552793562412262,0.013057346549766036
66,0.6964175999164581,0.0045181000135193295,0.552238792181015,0.010883622837816676
67,0.6965640187263489,0.004867623828220174,0.5505514740943909,0.009098830243925847
68,0.6971732974052429,0.0038125196225984523,0.5492527186870575,0.010728269554205522
69,0.6970987617969513,0.003908235115566693,0.5488839149475098,0.010101503770000016
70,0.6971507370471954,0.004003065524716205,0.5487456023693085,0.009803651991573528
71,0.6969955563545227,0.004067086587604252,0.548828125,0.009820890052614484
72,0.6971743106842041,0.0037487092939529586,0.5480522513389587,0.010443146124029324
73,0.6971233189105988,0.003812224594658876,0.5476140081882477,0.010003428053515166
74,0.6970031559467316,0.0035392816037023264,0.5480208396911621,0.010753936984948656
75,0.6969561278820038,0.0032852204008786572,0.5479029715061188,0.011920772485972756
76,0.6968206763267517,0.0034530070048005264,0.5482954382896423,0.010331119800687367
77,0.6967164278030396,0.003507207851985536,0.5479767620563507,0.010057038844821023
78,0.6967303156852722,0.0034750919534202347,0.5472705662250519,0.010349285092395561
79,0.6967170834541321,0.0035577840701986087,0.546875,0.010219936414315628
80,0.696807324886322,0.003192286599912136,0.545814037322998,0.011048543456039806
81,0.6967868506908417,0.0032235174146587084,0.5457317233085632,0.01077905650666115
82,0.696792334318161,0.003509441634956613,0.5453689694404602,0.00905179436098769
83,0.6968276798725128,0.00355689898637988,0.544642835855484,0.008154867277827353
84,0.6970902383327484,0.0040367830035249195,0.5431985259056091,0.007538975380537659
85,0.6970458328723907,0.004186067140950506,0.5426962077617645,0.00745135208248351
86,0.6968030035495758,0.0038351524802488026,0.5433728396892548,0.008000694105974503
87,0.696774423122406,0.0036151880778704463,0.5435014367103577,0.008788629438885667
88,0.6965929567813873,0.0035053112438025455,0.5429248511791229,0.009062288926266902
89,0.6966745257377625,0.003396108759310819,0.5422742962837219,0.008716052565749907
90,0.6967231333255768,0.00348996979094458,0.5415522158145905,0.008498869855373271
91,0.6965512037277222,0.0036764695956052864,0.541355311870575,0.007565865069887609
92,0.6962478756904602,0.003928676337094476,0.541834682226181,0.007365709686309374
93,0.696519672870636,0.004199259104534416,0.5408909618854523,0.006817210599788599
94,0.6966933310031891,0.003410649422047078,0.5402960479259491,0.008606260025379028
95,0.6965150535106659,0.003589604940824334,0.5408528745174408,0.008516571531747846
96,0.6964367032051086,0.0036816115111236157,0.5404317080974579,0.007289761065292742
97,0.6960766017436981,0.004055917672748865,0.5404974520206451,0.006313471466386393
98,0.6956081092357635,0.004279633144644691,0.5404040515422821,0.0071424999765956785
99,0.6959049999713898,0.00390713929750541,0.5398437678813934,0.006850085141627096
100,0.6900460124015808,0.007806186400096727,0.5183929204940796,0.02572938661044548
101,0.6899828016757965,0.007833033942598166,0.5183261930942535,0.025523162080681675
102,0.68994140625,0.007864854813223892,0.5184582471847534,0.025374088677498643
103,0.6898839175701141,0.007891533768331288,0.5183718800544739,0.024973862204039195
104,0.6897551119327545,0.008198278531793574,0.5185031592845917,0.02510616116151489
105,0.6895510852336884,0.008428821793148165,0.5189095437526703,0.02540506661115415
106,0.6896403729915619,0.008286028270393255,0.5192352831363678,0.025702370480549998
107,0.6898332238197327,0.008020376684229091,0.5194810330867767,0.026053622316039787
108,0.6902290880680084,0.007522327375375856,0.5193540751934052,0.02609905661873453
109,0.6903350353240967,0.007302700147785587,0.5194227695465088,0.025978727366235927
110,0.6904562711715698,0.007092303080019204,0.5193160474300385,0.025996555483156037
111,0.6905534267425537,0.006905002485236791,0.519384503364563,0.025657568380582915
112,0.6906274259090424,0.006838621198832133,0.5193364918231964,0.025648759689244138
113,0.6906347274780273,0.006829138157917182,0.5192886888980865,0.025639993144753872
114,0.6906189024448395,0.006817379187182642,0.5194915235042572,0.025549546007849495
115,0.6905976235866547,0.006892653458623099,0.519558846950531,0.02564972906675989
116,0.6907342672348022,0.006731104588280842,0.5195300579071045,0.02572230593989565
117,0.6908716559410095,0.006524585030577462,0.5192719399929047,0.025416024791766984
118,0.6908783316612244,0.006446107598650177,0.5193584263324738,0.025327010647711975
119,0.690892904996872,0.006438900487554814,0.5192922353744507,0.02539988254878731
120,0.6909552216529846,0.0063305409400333055,0.5192643702030182,0.025257636935063044
121,0.691008061170578,0.006277899526243198,0.5191419124603271,0.025142871066567877
122,0.6910713911056519,0.006218514616691349,0.5190956592559814,0.025135537514926982
123,0.6911348402500153,0.006133757304335941,0.5190684497356415,0.024994977775143153
124,0.6911613941192627,0.006118289410932443,0.518928587436676,0.02517405973446594
125,0.6911730170249939,0.006080272953575616,0.5189956724643707,0.025166684035976532
126,0.6911602914333344,0.006029486001119989,0.5190623998641968,0.0250005833059951
127,0.6911450624465942,0.006024386232450171,0.519128829240799,0.024888093367319526
128,0.6911702156066895,0.006001964109042375,0.5192508399486542,0.02459180102228794
129,0.6912210881710052,0.005935835703728783,0.5190564692020416,0.02432324130357652
130,0.69124436378479,0.005874512039145432,0.5190112888813019,0.02431793080066415
131,0.69122713804245,0.005889094848730202,0.519151121377945,0.02436496668360231
132,0.6912048757076263,0.005883320730484209,0.5191981494426727,0.024437880731526154
133,0.6912266910076141,0.005828108358934938,0.5192081034183502,0.024458364099902447
134,0.6912419497966766,0.005801640138070096,0.519089549779892,0.024504725633264432
135,0.6912195980548859,0.005776942084842712,0.5192279517650604,0.024447321625592593
136,0.6912408471107483,0.00578389631484701,0.519201248884201,0.02441596437030049
137,0.6912760138511658,0.005810533123105895,0.5190653502941132,0.02438477570240243
138,0.6912941932678223,0.005787436650121925,0.5190755128860474,0.024250875164683317
139,0.6912905275821686,0.005705966791950367,0.519121915102005,0.02406622982135709
140,0.6913023293018341,0.005714311867955524,0.5190595090389252,0.02413846951970476
141,0.6913102269172668,0.005714522602198078,0.5191057324409485,0.02410825022932245
142,0.6913212537765503,0.005672375753687184,0.5192238390445709,0.02377238199353914
143,0.6913232505321503,0.005646033973367875,0.5193953216075897,0.023768504483476133
144,0.6913488805294037,0.005618807109229838,0.5193507969379425,0.023713966461503037
145,0.6913460791110992,0.005582476525813447,0.5194496214389801,0.023609020808710912
146,0.6913875639438629,0.005583319462783665,0.5192444920539856,0.023529826880358942
147,0.6913861930370331,0.005496918423336332,0.5192006230354309,0.023325077490293018
148,0.6914060115814209,0.005533375447298256,0.519174724817276,0.023548413640552247
149,0.6914204359054565,0.005564311234105252,0.5192021429538727,0.023645435685824324
150,0.6914189755916595,0.005560307283496717,0.519229382276535,0.02359190918821549
151,0.6914698481559753,0.005617079088440891,0.5191153585910797,0.023638439308971516
152,0.6914478540420532,0.005566249989136753,0.5191779434680939,0.023485530542573994
153,0.6914331614971161,0.005532321776085483,0.5191875100135803,0.02335820491322258
154,0.6914172768592834,0.005515252302438572,0.5192320942878723,0.023330556580599435
155,0.6914457976818085,0.00549961582164103,0.519084095954895,0.023278294488445928
156,0.6914571821689606,0.005448112372760717,0.5189542174339294,0.023004171385731072
157,0.691415399312973,0.005414057719163915,0.5191209316253662,0.02280515396706263
158,0.6913851797580719,0.005351933264458856,0.5192695558071136,0.02268069432340996
159,0.691351592540741,0.005329131819414463,0.5194521546363831,0.022556824735636444
160,0.6913147568702698,0.005295582927999792,0.5194263756275177,0.022678081218802285
161,0.6913203001022339,0.005268861826043885,0.519331693649292,0.02240829924148405
162,0.6913251280784607,0.005239021857298172,0.5194957256317139,0.022358903135029282
163,0.6913219392299652,0.005194388344725135,0.519487202167511,0.021920913085304073
164,0.6913290619850159,0.005197127889878343,0.519444465637207,0.02201827230536424
165,0.6913187801837921,0.005142884895844822,0.5194874107837677,0.021752283544411985
166,0.6912865042686462,0.0051020445996377665,0.5197179615497589,0.021753042187685184
167,0.691226601600647,0.005076503609440165,0.5199475586414337,0.02175380083095838
168,0.6912091970443726,0.005061836506158373,0.5199891328811646,0.021586267108127576
169,0.6912160813808441,0.005030689985108822,0.5198948383331299,0.02132352365451066
170,0.6911766231060028,0.004947829280936405,0.5200717747211456,0.021157675805620293
171,0.6911941170692444,0.00491508117964344,0.5200621485710144,0.021016441716260287
172,0.6912007331848145,0.004824381161647996,0.520052582025528,0.020923423621596743
173,0.6911677420139313,0.004767862237794887,0.5201271176338196,0.020807056172858166
174,0.691145122051239,0.00464871309705459,0.5202181339263916,0.020382721702050483
175,0.6910926699638367,0.004536602480015612,0.520158052444458,0.02026799798040383
176,0.6910126805305481,0.004459389453543654,0.5202987194061279,0.02039005525369138
177,0.6910065412521362,0.004415893905880411,0.5204721093177795,0.020181512647259477
178,0.6909943521022797,0.004502505679570299,0.5205782353878021,0.020303190598910427
179,0.6909534931182861,0.0043893413913185485,0.5205511152744293,0.020142695399780943
180,0.6909072399139404,0.004268885698274413,0.520722895860672,0.01993600725468352
181,0.6908964216709137,0.004256368084266678,0.5208112895488739,0.019847077404325533
182,0.6907769441604614,0.004103838639505752,0.5209653079509735,0.01994511097396187
183,0.6907175779342651,0.004015077376541809,0.5210692584514618,0.019833253238013958
184,0.6906911134719849,0.003939887398798374,0.5211070775985718,0.01967541329034066
185,0.6906422674655914,0.003812224594658876,0.5212595164775848,0.019355982325476594
186,0.6905933022499084,0.0036108890993223355,0.5213131308555603,0.019037815766067855
187,0.690394401550293,0.003375625390934525,0.5217256247997284,0.018674889253540546
188,0.6903380453586578,0.0033146389011392613,0.5220550000667572,0.01852080037538472
189,0.6904027462005615,0.0034040323668308673,0.5221716463565826,0.018344289373821095
190,0.6903828382492065,0.003360873993955712,0.522336483001709,0.0180997955056094
191,0.6902322769165039,0.003113893461681873,0.5224682688713074,0.017718872288767937
192,0.6901769936084747,0.003025511520354528,0.5227933526039124,0.017385237835955702
193,0.6901301741600037,0.0029890544963926046,0.5231654644012451,0.017167001454366292
194,0.6899604201316833,0.0027842208126296598,0.5234877467155457,0.016790377216072943
195,0.6901492774486542,0.0030748233331122743,0.5236161053180695,0.016914836859725613
196,0.6902294158935547,0.003170707413474558,0.523631751537323,0.016834799994403425
197,0.6903089284896851,0.0032622503684402197,0.5235674381256104,0.016687286024615295
198,0.6903746128082275,0.0032780132897832943,0.5234554409980774,0.01683370417634214
199,0.690470427274704,0.0033963194935533736,0.523343950510025,0.016979574419038346
200,0.7132064998149872,0.020543259048028478,0.5064235627651215,0.008971420320877414
201,0.7132242619991302,0.020573520485259303,0.5063275992870331,0.009117417004119152
202,0.7133453488349915,0.020617648235650207,0.5061725974082947,0.009122348185394926
203,0.7132863104343414,0.020583298554113828,0.506335124373436,0.009071202984726957
204,0.7132021486759186,0.02055548163409664,0.5064178556203842,0.009299638903656001
205,0.7130944728851318,0.020449060841606633,0.5066183507442474,0.009192606981862587
206,0.7131194174289703,0.02054983395639618,0.5065820515155792,0.00947515945427962
207,0.7131800651550293,0.0205673248985282,0.5063499361276627,0.009368211826183226
208,0.7131381630897522,0.020564374619132436,0.5064904689788818,0.00945539258232801
209,0.7130947113037109,0.020420906746801356,0.506279245018959,0.009321428824336134
210,0.7130501568317413,0.02038444972283943,0.5064192414283752,0.009463316189848059
211,0.7129776775836945,0.02034474739154217,0.5065197199583054,0.009659320108847971
212,0.7129369974136353,0.020335685819112326,0.506522923707962,0.009827001345648564
213,0.7128823697566986,0.020275795147378345,0.5064102560281754,0.009666190045155247
214,0.7128294110298157,0.020260917309854,0.5065870583057404,0.009696851877446922
215,0.712748795747757,0.02031280008037091,0.5066092759370804,0.009781672410075097
216,0.7126460075378418,0.02035886658579332,0.5068805515766144,0.009838971050625657
217,0.7127251625061035,0.020335095763233176,0.5068637132644653,0.0101393516399628
218,0.7126781642436981,0.02044050503135892,0.5070376843214035,0.010330382230838426
219,0.7125738561153412,0.020443371017057663,0.5073059499263763,0.010493595901696863
220,0.7125262320041656,0.020517465176739812,0.5074020624160767,0.010790183274668025
221,0.712565153837204,0.020559696318947728,0.5073462575674057,0.01081759979962436
222,0.7125217616558075,0.020546715089606375,0.5074040591716766,0.010951732145010282
223,0.7125206887722015,0.02045508784094369,0.5073861926794052,0.010978600760935977
224,0.7124346196651459,0.020439662094388703,0.5076315701007843,0.011005342936316139
225,0.7123528718948364,0.020403879420002952,0.5078382790088654,0.011031979744575024
226,0.7123324573040009,0.02037450306659086,0.5080066025257111,0.011270109438661574
227,0.7123013436794281,0.02039094033751011,0.5079501271247864,0.011559869022173971
228,0.7122077941894531,0.0203908981906616,0.5080987364053726,0.011558667836991412
229,0.712220311164856,0.020367801717677627,0.5079494714736938,0.011715053718391084
230,0.712159663438797,0.02039060316272202,0.5080417990684509,0.011792098157468997
231,0.7121089398860931,0.020319122107647546,0.5080782324075699,0.011738044824253776
232,0.7120441496372223,0.020317689114798174,0.5081698000431061,0.011866824519878813
233,0.7120158672332764,0.020307953192792157,0.5081873834133148,0.012047044444111395
234,0.7119411528110504,0.020263319680219122,0.5082782655954361,0.012070667752701752
235,0.7119073271751404,0.020215820181947345,0.508222222328186,0.01193876919028691
236,0.7118602097034454,0.020189646989022078,0.5081664770841599,0.012117577195094377
237,0.7118197679519653,0.02010480538296965,0.5082021057605743,0.01170262039808037
238,0.7117428481578827,0.020087904496716782,0.5084012150764465,0.011881112301524006
239,0.7117113769054413,0.01999543431108388,0.508381724357605,0.011648293110349827
240,0.7116871476173401,0.019987552850412343,0.5083442032337189,0.011800485380322665
241,0.7116709053516388,0.019939463296261412,0.5082526803016663,0.01167105240854571
242,0.7116091549396515,0.019941149170201847,0.5084138065576553,0.012051785964568872
243,0.7115954458713531,0.019947639784872524,0.5082506388425827,0.01212575368370549
244,0.7115841507911682,0.019910002649152297,0.5083034336566925,0.012199363154629767
245,0.7115592360496521,0.01983801583189569,0.508302316069603,0.012196728976597836
246,0.7115306258201599,0.019842399104140825,0.5083011984825134,0.012295078647598007
247,0.7114752233028412,0.019834433349772265,0.5083000957965851,0.012443393407507842
248,0.7114263474941254,0.019801558807933765,0.508370041847229,0.012490471437294511
249,0.7113857567310333,0.019789841984047738,0.508351057767868,0.012562416107702607
250,0.7113072574138641,0.01977155025179401,0.5085090398788452,0.012533966984957755
251,0.7112488448619843,0.019754775806086675,0.5085251331329346,0.012655434202366152
252,0.711205005645752,0.019698088294839523,0.5087524503469467,0.012676697287439897
253,0.7111811935901642,0.019683294751012197,0.5086976438760757,0.012697897152240876
254,0.7111257612705231,0.01966491872506145,0.5086956471204758,0.01274379507026924
255,0.71111860871315,0.019618220016911377,0.5085887163877487,0.01264104105359968
256,0.7110722064971924,0.019587832139135022,0.5087091624736786,0.012711531657734152
257,0.7110140025615692,0.019585008300284795,0.5086723417043686,0.012806340993459406
258,0.7109676599502563,0.019530512425160206,0.5086704194545746,0.012605827361668829
259,0.7109062075614929,0.019487101171193986,0.5086511969566345,0.012577884001106106
260,0.7108902931213379,0.019456333971781033,0.5085628181695938,0.012598936351937297
261,0.7108704149723053,0.019380511791309934,0.5085957050323486,0.012449083232056814
262,0.7107914984226227,0.019392734377378096,0.5088006258010864,0.012397242608388414
263,0.7107312679290771,0.019371534512577115,0.5090218484401703,0.012418611060583437
264,0.7106964886188507,0.019313498302177615,0.5090363621711731,0.012245851128537284
265,0.7106477320194244,0.019274554614153547,0.5090507864952087,0.01226743031497486
266,0.7105684876441956,0.019211797956720827,0.5092358887195587,0.012047465912596504
267,0.7104964852333069,0.019195782154286686,0.5093008875846863,0.012141664119018352
268,0.7104083001613617,0.01923931984879844,0.5095186233520508,0.012307554114757232
269,0.7103095650672913,0.019256979378324504,0.5097184479236603,0.012448703910420215
270,0.7102116644382477,0.01932513083236662,0.5098496973514557,0.012541426977144183
271,0.7101679146289825,0.019340978047406716,0.509929746389389,0.012657583691640207
272,0.710066020488739,0.019392270762044476,0.5101611018180847,0.012701795735728135
273,0.710063636302948,0.019285470647917868,0.5101392269134521,0.012674484577893075
274,0.7100627422332764,0.019265493041723706,0.5102684497833252,0.01295568835115776
275,0.7099516689777374,0.019266799594027544,0.5105478167533875,0.012833209609385101
276,0.7099334597587585,0.019157344228444752,0.5105753540992737,0.013065691625771193
277,0.7100398540496826,0.018897213879435514,0.5105528235435486,0.012849225411819242
278,0.7100861370563507,0.01876078453080575,0.5105802714824677,0.012657162223155098
279,0.710003137588501,0.018816460517688642,0.5105079710483551,0.012841512538541749
280,0.7100316286087036,0.018684456588152522,0.5103366076946259,0.012697201729240448
281,0.7099555730819702,0.018708395998106708,0.5104635059833527,0.012880709107656879
282,0.7098901867866516,0.018670042365961793,0.510688841342926,0.012830175036292317
283,0.7098638415336609,0.01862561958763131,0.510880321264267,0.012640219190053719
284,0.7097605466842651,0.018615757225079764,0.5111038088798523,0.012683335416080363
285,0.7096847295761108,0.018535762506606088,0.5113099813461304,0.012610337074459495
286,0.7096140384674072,0.018494627182459453,0.5114498734474182,0.012537675907626713
287,0.7095580697059631,0.01847414381408316,0.5114586055278778,0.012788491803115044
288,0.7095633447170258,0.018390903788274144,0.5112881064414978,0.01255453464703107
289,0.7095334827899933,0.018338135933938505,0.5112321078777313,0.01248242138922893
290,0.7094599008560181,0.018350906429037306,0.5114845633506775,0.012571224799041384
291,0.709418535232544,0.01831634601325837,0.5115416944026947,0.012568063785403068
292,0.7093711793422699,0.018332319668844,0.5115501284599304,0.01286186946637251
293,0.709306538105011,0.01827099600426065,0.5116069316864014,0.012812557653614763
294,0.7092537879943848,0.018226910400718256,0.511518657207489,0.012786173726446944
295,0.7091545462608337,0.018213339115497745,0.5116555392742157,0.012986919165904333
296,0.7091251015663147,0.01816824198759109,0.5116316378116608,0.013096248090941592
297,0.7090710997581482,0.01813907636842155,0.5118156969547272,0.013227746258295581
298,0.7089895904064178,0.018099247596578757,0.5119192004203796,0.013245827256306755
299,0.708958774805069,0.01808677212941953,0.5118789970874786,0.013466550301958306
300,0.6911429464817047,0.008689542198036556,0.524417519569397,0.026180779357997154
301,0.6911585032939911,0.008719213579388225,0.5245144963264465,0.026282943318787562
302,0.6910800933837891,0.008698435183072353,0.5247300863265991,0.026440741119612348
303,0.6910505294799805,0.008654180992135916,0.5249247550964355,0.02617774478490437
304,0.6910412609577179,0.008648659754980989,0.5249210298061371,0.026083630872179544
305,0.691035121679306,0.008646552412555443,0.5248778760433197,0.025934346734753956
306,0.6909972429275513,0.008589864901308291,0.5250903964042664,0.02598024465278232
307,0.6909267604351044,0.008573638364631597,0.5252626240253448,0.026025889689719618
308,0.6909094154834747,0.008558971261349805,0.5252189636230469,0.02609901447188602
309,0.6908215284347534,0.008643728573705213,0.5255265235900879,0.026171759932415824
310,0.6907764673233032,0.008754237610500778,0.5255796909332275,0.02632669174754187
311,0.6907564103603363,0.00889395441331439,0.5257295966148376,0.026618010764449168
312,0.6906895935535431,0.008914437781690685,0.5258206725120544,0.026771088118240735
313,0.6906730532646179,0.008990007081070719,0.5258341133594513,0.026868742366240476
314,0.6906613409519196,0.009083952406401502,0.5259245038032532,0.02707488260230726
315,0.6906641721725464,0.009072362023061005,0.5258991718292236,0.027117029450818154
316,0.6906804740428925,0.009020985014726226,0.5259698033332825,0.02713178084779697
317,0.6907473802566528,0.008912962641992804,0.5258297622203827,0.027065399561392308
318,0.6907594203948975,0.008959998524930962,0.5258048474788666,0.027215105167303005
319,0.6907617747783661,0.008983558613248552,0.5257610380649567,0.02717574001079383
320,0.6907497346401215,0.00896745851711739,0.525774359703064,0.02710969589917726
321,0.6906952857971191,0.008938840806978493,0.5259391069412231,0.026883367322673758
322,0.6907915771007538,0.008838489160674055,0.5259897410869598,0.02681833473542145
323,0.6907464265823364,0.008963454566508856,0.5259835720062256,0.027046812801199006
324,0.690740704536438,0.009020605693089628,0.5259962379932404,0.02730066326978012
325,0.6906848847866058,0.009104857243262906,0.526102602481842,0.027473844670311384
326,0.6906218826770782,0.009165632998815613,0.5263020098209381,0.02767265135473727
327,0.690589040517807,0.009192522688165564,0.5262951850891113,0.027896830441966718
328,0.6905582845211029,0.009254225674385514,0.5262883603572845,0.028014630883554666
329,0.6905092597007751,0.009323557240185933,0.5263744592666626,0.02805311095624511
330,0.6903975009918213,0.009483799558224353,0.5265527665615082,0.02843205327120656
331,0.6903505325317383,0.009532268434011882,0.5267487466335297,0.02867852804129827
332,0.6901853382587433,0.009749788319176606,0.5271651148796082,0.02918458525136857
333,0.6901650130748749,0.009743634879294015,0.527285099029541,0.0292199043104207
334,0.6901442110538483,0.009725848909222418,0.5274779796600342,0.02930706399314123
335,0.6899731159210205,0.009957192960698715,0.5277248919010162,0.029574991509124984
336,0.6897377967834473,0.010202403325335096,0.5281715989112854,0.029764188712090387
337,0.6896648108959198,0.010271313422650408,0.5283792614936829,0.029926791253645415
338,0.6894380450248718,0.010597403589579195,0.5286223590373993,0.030448611385058794
339,0.6894213259220123,0.010644481619365863,0.5287010073661804,0.030634436840143327
340,0.689062625169754,0.01116432084889923,0.5290870368480682,0.031101044600007434
341,0.6887472569942474,0.011542209492647906,0.5295434892177582,0.03151433659650526
342,0.6884823739528656,0.01191807508766806,0.529817670583725,0.03192577413166861
343,0.6881675720214844,0.012367402639642701,0.5301624834537506,0.03248784450340989
344,0.6887166500091553,0.011650990508654525,0.5301111936569214,0.032387914325590565
345,0.6890674829483032,0.011123059084207066,0.5301316976547241,0.03218721103298169
346,0.689262181520462,0.010785252093392251,0.5302234888076782,0.031936943046523995
347,0.6892951130867004,0.010803754559888532,0.5301724374294281,0.031990090222496236
348,0.6892692744731903,0.010752040376765665,0.53021040558815,0.03181678238141944
349,0.6892608404159546,0.010698134557520233,0.5301772952079773,0.03164427533046435
350,0.689201682806015,0.010628802991719812,0.5302504897117615,0.03162269614402677
351,0.6891675293445587,0.010677524748598404,0.53028804063797,0.03175090685719691
352,0.689143031835556,0.010603009120431144,0.5303254425525665,0.031529930930454295
353,0.6891658902168274,0.010504596229158206,0.5303451120853424,0.031285057740606
354,0.6891773641109467,0.010294831364119487,0.530434787273407,0.030942108834272855
355,0.6891451179981232,0.010180529110957943,0.5305940508842468,0.03050175856103103
356,0.6890823543071747,0.010152543603546709,0.5307351350784302,0.030433649253837427
357,0.6890234649181366,0.010029137631106811,0.5308581590652466,0.03019341221732533
358,0.6889285743236542,0.009832143261166892,0.5310849249362946,0.029905085626662307
359,0.6888465583324432,0.009741443243171449,0.5311893224716187,0.02959357826931829
360,0.6888427734375,0.009733730369893955,0.5312413573265076,0.029797147547625906
361,0.6889561116695404,0.009855914083727036,0.5312068462371826,0.029877732321978736
362,0.6890396475791931,0.00989903030975368,0.5311380326747894,0.029909300311513395
363,0.6890150010585785,0.009904382959514565,0.5312929451465607,0.029867827812578674
364,0.6890098452568054,0.00993156767680409,0.5313785970211029,0.029826523901038
365,0.6890608370304108,0.009997611788420662,0.5312585532665253,0.029930542323162886
366,0.6890825033187866,0.010002037207514306,0.5312243700027466,0.029865172561122488
367,0.6890572905540466,0.009948595003602493,0.5314118266105652,0.029535078443585168
368,0.689042717218399,0.009886428402048925,0.5314624905586243,0.029398691241803915
369,0.6890493929386139,0.00985237374845212,0.5314450562000275,0.029406825583566516
370,0.6890826523303986,0.009872857116828416,0.5314107835292816,0.029343099548618044
371,0.689052402973175,0.00981035334048676,0.531410425901413,0.02918412163603495
372,0.689052939414978,0.00984474516887165,0.5314438045024872,0.029168864476874008
373,0.6890183687210083,0.00979762499223647,0.5314770042896271,0.02905852402747249
374,0.6889615654945374,0.009683491326468969,0.5315603911876678,0.028924918517692955
375,0.6889675855636597,0.009623052745704347,0.5316601991653442,0.028910293561259674
376,0.688949316740036,0.009579262170101528,0.5316760241985321,0.028683079900937443
377,0.68892702460289,0.00953037182582889,0.5317417979240417,0.028386155353178195
378,0.6888790428638458,0.00956619664706315,0.5318738222122192,0.0286550522466777
379,0.6888895034790039,0.009540107747834908,0.531922310590744,0.028617667992048536
380,0.6889099180698395,0.009586174253257316,0.531838059425354,0.028720969917748737
381,0.6889242231845856,0.00961238959303109,0.5317872166633606,0.028730326518118156
382,0.6888950765132904,0.009646528540324915,0.5318355858325958,0.028832954094242184
383,0.6888698041439056,0.009645601309657675,0.5319495499134064,0.028888587934276563
384,0.6888630390167236,0.009606615474785099,0.5318988263607025,0.028665209637168825
385,0.6888450086116791,0.00961989173206603,0.5319466292858124,0.028628288997873282
386,0.6888141632080078,0.009612937502061733,0.5320269465446472,0.028591494799123273
387,0.6887793838977814,0.009650911812570048,0.5321069657802582,0.028600977840038223
388,0.6887598931789398,0.009667180496095253,0.5320725739002228,0.028587406554817715
389,0.6887571513652802,0.009679487375860434,0.532087117433548,0.028642871807458052
390,0.6546272039413452,0.02210880373596564,0.671875,0.02209708691207961
391,0.6748131513595581,0.007543442946479814,0.6015625,0.0
392,0.6672787964344025,0.030714557999162537,0.5885416865348816,0.04419417382415922
393,0.6645566821098328,0.03302804066077402,0.607421875,0.04695630968816917
394,0.6683935225009918,0.02694056059610304,0.606249988079071,0.04861360806531455
395,0.6689773797988892,0.029599141653321726,0.5924479067325592,0.06444982277794936
396,0.6641357839107513,0.030106378975150335,0.6082589328289032,0.061556188746585416
397,0.659746915102005,0.03585116301457924,0.6181640625,0.07043446453225376
398,0.6494927108287811,0.04998553013119266,0.6276041567325592,0.0822502913654344
399,0.6478553414344788,0.050444888633112896,0.629687488079071,0.08175923843343397
400,0.7069857120513916,0.019849648362084697,0.5773619711399078,0.0946796498723881
401,0.7067174315452576,0.019453467986082294,0.5775429904460907,0.09497316052541797
402,0.7064208686351776,0.019091552997919245,0.5778421759605408,0.09532133564096647
403,0.7063652575016022,0.019009029468534916,0.5780804455280304,0.09552772875812432
404,0.7062113285064697,0.018858185897714427,0.5783175230026245,0.09556553448123858
405,0.7060595452785492,0.018585116466212342,0.5783564448356628,0.0958817201387673
406,0.7057753503322601,0.01823799502187662,0.5786702334880829,0.0960851629765294
407,0.705626368522644,0.01801440599052633,0.5788060426712036,0.09642617312783104
408,0.7055732309818268,0.017958055654067263,0.5788434445858002,0.09657195907683022
409,0.7054953575134277,0.017936855789266282,0.5790756642818451,0.09649634763060168
410,0.7051407396793365,0.017406606288150724,0.5793456137180328,0.09697134261331945
411,0.7053394913673401,0.017725025728650527,0.5792649984359741,0.09667559817731851
412,0.7058522999286652,0.018499474070038206,0.5790686011314392,0.0961076272467857
413,0.7060429751873016,0.018822403223328676,0.5789504051208496,0.0958700876085783
414,0.7062512338161469,0.019079330411851086,0.5786787271499634,0.09547028260360396
415,0.7062063813209534,0.019101457507319307,0.5786773562431335,0.09523552465739829
416,0.7061263620853424,0.019044348527587046,0.5788485109806061,0.09497476210566139
417,0.705986350774765,0.01904257835994959,0.5790379345417023,0.09458009901620537
418,0.7059787511825562,0.01904127180764575,0.5788640677928925,0.09426829663092177
419,0.7059523463249207,0.0191501792641979,0.5787290632724762,0.09358130300019421
420,0.705942302942276,0.019168260262209073,0.5784618854522705,0.0932466148761692
421,0.7058440446853638,0.019195192098407535,0.5784989595413208,0.09280643319032142
422,0.7058285474777222,0.01915768140323284,0.5782524943351746,0.0924485221527669
423,0.705780953168869,0.019122488784726242,0.5783087015151978,0.09209229698915283
424,0.7057130336761475,0.019076928041485964,0.5782894790172577,0.09179098916914845
425,0.7056910395622253,0.01904548649249684,0.5782703459262848,0.09165021869512206
426,0.7056538462638855,0.018965997536205294,0.5781390368938446,0.09172178404389356
427,0.7056344747543335,0.018925452267937813,0.5780270099639893,0.09144989472414979
428,0.7055651545524597,0.01892621091121101,0.5779713988304138,0.09110032876260042
429,0.7055512368679047,0.018911501661080708,0.5777488648891449,0.0909887660545921
430,0.7055557370185852,0.018893336369372512,0.5774533152580261,0.09051094723302408
431,0.7055047154426575,0.0188588602472906,0.5773254930973053,0.09021832166381295
432,0.7054635286331177,0.018845457549464137,0.5772720575332642,0.0898227734905382
433,0.7054331600666046,0.018823667628784003,0.5771084725856781,0.08948117328335742
434,0.705388605594635,0.01875762351716743,0.5770925283432007,0.08950456478428095
435,0.7053870558738708,0.018701062446465813,0.5768202543258667,0.08926887960740804
436,0.7053799033164978,0.018675099987783102,0.5764761865139008,0.08898257606547354
437,0.7053281664848328,0.01859240787100473,0.5764800012111664,0.08882654843228621
438,0.7052809596061707,0.01860151159028308,0.57633838057518,0.08836259592387828
439,0.7052263915538788,0.01851953596992939,0.5762518048286438,0.08813175763458411
440,0.705182671546936,0.01844775988691534,0.5761656761169434,0.0880043898583842
441,0.7050632834434509,0.018501792146706306,0.5762785375118256,0.0877498650402269
442,0.7050175666809082,0.01848114019093597,0.5762287378311157,0.08747106363732735
443,0.7049817740917206,0.018357102015768408,0.576179176568985,0.08749858552940495
444,0.7049309611320496,0.01836961962977614,0.5760580897331238,0.08706948846471554
445,0.7048672139644623,0.018344879429700246,0.5761344134807587,0.08676885499428734
446,0.7048159241676331,0.0182591948866776,0.5761210918426514,0.08659584218115012
447,0.7047814428806305,0.018242968350000905,0.5759653747081757,0.08632285704334505
448,0.7047035098075867,0.01824832099976179,0.5758814215660095,0.08579977250647636
449,0.7046312391757965,0.018266992053652117,0.5759397149085999,0.08552986408861259
450,0.704534649848938,0.018325112557748637,0.5759977400302887,0.08516103701729376
451,0.7044355571269989,0.018417962065018136,0.5760907828807831,0.08504353160364538
452,0.7042616903781891,0.01863341675460583,0.5760777592658997,0.08452803349950863
453,0.7041053473949432,0.018815828314960977,0.5761702358722687,0.08381613108131113
454,0.7039729952812195,0.018953016306863937,0.576227217912674,0.0833057327458442
455,0.7039363980293274,0.01891626425496244,0.5761964619159698,0.08311919079433498
456,0.7038135826587677,0.019006079189139154,0.576270580291748,0.08288413782018972
457,0.7039297819137573,0.01879766302325278,0.5762573182582855,0.08262548261087836
458,0.7042450606822968,0.01829590479173059,0.576000839471817,0.08251547933626494
459,0.7042326629161835,0.018255106642372045,0.575970858335495,0.08223427556300025
460,0.704339861869812,0.018073158697350513,0.5757680535316467,0.08195429404834238
461,0.7043174207210541,0.018074380955957328,0.5755833983421326,0.08165117391385203
462,0.7042195498943329,0.018119056615378878,0.5755718052387238,0.08130072286848394
463,0.7041907012462616,0.018042096469997985,0.5755602121353149,0.0811461703749945
464,0.7042070627212524,0.017944020753513135,0.5753772556781769,0.08118633632162538
465,0.7041349411010742,0.01794182911739057,0.5753832459449768,0.0809117496035769
466,0.7040891945362091,0.017926024049198984,0.5752526819705963,0.0804935264258033
467,0.7040902078151703,0.017814082019554048,0.5750374794006348,0.08048665648949603
468,0.7040461003780365,0.017828496241744773,0.5750442147254944,0.08011922026417806
469,0.7040194272994995,0.017737669783203798,0.5748473703861237,0.07999324333397899
470,0.7039954662322998,0.017669307594919127,0.574668288230896,0.07998746921573299
471,0.7039715349674225,0.01765021507254369,0.574591338634491,0.07964742844194711
472,0.7039228975772858,0.0175995545606336,0.5746495127677917,0.07964245511382281
473,0.7038701474666595,0.017560189404124422,0.574640154838562,0.07954239849545795
474,0.7038265466690063,0.017529295764165936,0.5746141076087952,0.07927662046874825
475,0.7037867307662964,0.017408924364818824,0.5745044052600861,0.07941456710392442
476,0.7037573754787445,0.017369854236249226,0.5743451118469238,0.0791974686872448
477,0.7036904096603394,0.017334577324045607,0.5744198560714722,0.07902845982471611
478,0.70370152592659,0.017296687307234312,0.5741116404533386,0.07888372754692971
479,0.703662097454071,0.017289901664624057,0.574103593826294,0.07859873055729905
480,0.7035874426364899,0.017248808487325937,0.5742115080356598,0.07857264165807079
481,0.7035727798938751,0.017180193417950202,0.5740709900856018,0.0786167694084617
482,0.7035632729530334,0.01718782199753067,0.5740135908126831,0.07821747016566949
483,0.7035413086414337,0.01720227836656991,0.5740716457366943,0.07812255546282296
484,0.7034796178340912,0.017134927702649502,0.5739816129207611,0.07805120084829402
485,0.7034148871898651,0.01703158363010079,0.5739083290100098,0.07800336417523415
486,0.7034143209457397,0.017024376519005426,0.5737535953521729,0.07779381004443799
487,0.7033728361129761,0.016983746957040923,0.5736648142337799,0.07763124964973146
488,0.7033671736717224,0.01699630671789717,0.5735274851322174,0.07749241793073658
489,0.7033240497112274,0.016979911593826433,0.5735045373439789,0.07710129517655549
490,0.7032903134822845,0.016950745974656893,0.5734492540359497,0.0768494677567029
491,0.7032863795757294,0.016933550060464448,0.5732646882534027,0.07678182206484291
492,0.7032651603221893,0.016927143739490794,0.5732747614383698,0.07657732555586805
493,0.7032230496406555,0.01686708448036277,0.5732363760471344,0.07653332424602267
494,0.7031905353069305,0.0168455474407737,0.573101669549942,0.07630750143170131
495,0.7031732201576233,0.016860172397206982,0.5730477571487427,0.07610523870569753
496,0.7031733393669128,0.016833451295251076,0.5729300081729889,0.07594916892566168
497,0.7031280398368835,0.01677756457412563,0.5728447139263153,0.07583899706365421
498,0.7030690014362335,0.016785614622191213,0.5728555023670197,0.07559378669901783
499,0.7030339539051056,0.01676529984120896,0.5728343725204468,0.07543973996771051
500,0.693815290927887,0.002358959111154739,0.5267914235591888,0.02919946308889292
501,0.6937862038612366,0.0023276861495596557,0.5268624722957611,0.029096961953314425
502,0.6938450634479523,0.002288110258807926,0.5266354382038116,0.028966896778809804
503,0.6938275098800659,0.0023522999090900176,0.5267461240291595,0.029033488799457018
504,0.6937983334064484,0.0023459357349648728,0.5267772674560547,0.02898801234991376
505,0.693806529045105,0.0022905969228700688,0.5267097353935242,0.028747775313401665
506,0.6938007175922394,0.0022541398989081455,0.5267015099525452,0.028592169148699446
507,0.6937760412693024,0.002261136275760954,0.5267325341701508,0.02854812569200556
508,0.6938188374042511,0.002222529762524975,0.526646077632904,0.028393741785910157
509,0.6937751173973083,0.0022427181029616933,0.5267550647258759,0.02846079742189099
510,0.6937664449214935,0.002232476418773546,0.526649534702301,0.02827986100123372
511,0.6937246024608612,0.0022027207437248547,0.5266997814178467,0.028154769154853387
512,0.6936906278133392,0.0021577922032122417,0.5268852412700653,0.027619630619310567
513,0.6936932802200317,0.002246258438236608,0.5267801880836487,0.027824422156225
514,0.6936714351177216,0.002280186651287878,0.5268875062465668,0.02794652157636106
515,0.6936214566230774,0.0023045053828786638,0.5269750952720642,0.027823410631860737
516,0.6935766637325287,0.002345429972782742,0.5270622372627258,0.02786361872534013
517,0.6934978365898132,0.002358116174184521,0.5273975133895874,0.027930632214472454
518,0.6934747099876404,0.0023870289122629946,0.52742600440979,0.027943360562722744
519,0.6934254765510559,0.0024612916593391896,0.5275114178657532,0.028036757979022883
520,0.6933728158473969,0.0024534101986676527,0.5277102887630463,0.027914911439977888
521,0.6933140158653259,0.0024776446365614166,0.5277946293354034,0.02790083439257525
522,0.6932432651519775,0.00250090969693943,0.52791628241539,0.027940199549084426
523,0.6931629776954651,0.002572137870922841,0.5281316041946411,0.028059348689824723
524,0.6931754052639008,0.002514944597493558,0.5281766951084137,0.027885492939717284
525,0.6931847929954529,0.0024735985391043705,0.5282778143882751,0.027792053376568635
526,0.6931342482566833,0.002372024634193116,0.5285468697547913,0.027513884176396733
527,0.6931286454200745,0.002444938682116963,0.5286652743816376,0.027659332950607827
528,0.6930729448795319,0.0025029748925164638,0.528727263212204,0.027619714913007586
529,0.6930134296417236,0.002539937678660518,0.5287890136241913,0.027737894676232135
530,0.6930018663406372,0.0025265349808340537,0.5288689732551575,0.02772453412525418
531,0.692946195602417,0.0026002919657281184,0.5290040075778961,0.027789651006203512
532,0.6929296255111694,0.002611503027432016,0.5290277600288391,0.02764580381223583
533,0.6928861439228058,0.0026113765868864833,0.5289961695671082,0.02758072907813501
534,0.6928004026412964,0.0026998428219108498,0.5290932655334473,0.027541869683807965
535,0.6927996277809143,0.0027378592792676763,0.5290433764457703,0.027606775830514744
536,0.6927061378955841,0.0028798520119008783,0.5291033387184143,0.027826445204953525
537,0.6926869451999664,0.0029434094594553064,0.5291812419891357,0.02812240037519702
538,0.6926122605800629,0.003027113100597942,0.5292951762676239,0.028159784629826184
539,0.6924872696399689,0.003192581627851712,0.5295718312263489,0.028427965026901002
540,0.6923597455024719,0.0033718321745685445,0.5297929346561432,0.028515672618652173
541,0.692523717880249,0.00311187041295335,0.5297421216964722,0.028271010163046433
542,0.6925053894519806,0.0031730254901426573,0.529727578163147,0.028384132304449673
543,0.6926431059837341,0.0030182201155621435,0.5297310948371887,0.028420547181563085
544,0.6927768588066101,0.0028569662731594628,0.5297166705131531,0.028532826385996107
545,0.6930612325668335,0.0024539581076982943,0.5295591056346893,0.028290355566512933
546,0.6931995749473572,0.0022395992361718873,0.5295272767543793,0.028276194225413272
547,0.6931990087032318,0.0022326450061675896,0.5294955670833588,0.02836284814595167
548,0.6932077705860138,0.0022573430593949735,0.5294284820556641,0.02859992416882545
549,0.6931959688663483,0.002275297616860614,0.5294857919216156,0.028560095396982656
550,0.6932385563850403,0.002250473123087698,0.5293659865856171,0.028670520140081198
551,0.6932516694068909,0.002230579810590556,0.5293172895908356,0.028680635383723813
552,0.693229615688324,0.002234457320653558,0.5293568670749664,0.0286159821181081
553,0.6932888627052307,0.002190287423414141,0.529062420129776,0.02862618165544774
554,0.693347692489624,0.002094782664688455,0.5289270579814911,0.028512385164468322
555,0.6933448016643524,0.0020516664386618106,0.5289847552776337,0.028225870888291267
556,0.6933353245258331,0.002021573588825032,0.5290072560310364,0.02803945537732758
557,0.6933217346668243,0.002012891338031788,0.5291167497634888,0.028075448785955887
558,0.6932990550994873,0.0019943888715355054,0.5292083919048309,0.028037558769144592
559,0.693319171667099,0.0020112054640913524,0.5291262269020081,0.0280979552030607
560,0.6933225691318512,0.0020230065816744026,0.5289925336837769,0.028035746454658624
561,0.6932563781738281,0.0020189183373688457,0.5291528701782227,0.028095847860635157
562,0.6932255029678345,0.0019016658048115387,0.5291058123111725,0.027717242720461797
563,0.6932617723941803,0.0019199153902167557,0.52895587682724,0.02777780774177195
564,0.6932583749294281,0.0019083671537247708,0.528892308473587,0.027862312173036294
565,0.6932468116283417,0.001855767886783175,0.5289488136768341,0.02748678375280423
566,0.6932647228240967,0.0018220925548229708,0.5288172662258148,0.027185265198557292
567,0.6932699084281921,0.0018165291708195327,0.5288736820220947,0.027150072580050696
568,0.6932135820388794,0.001810460024633964,0.5290658175945282,0.027067001141635724
569,0.6932042241096497,0.00176123250557324,0.5290875136852264,0.027032187844765725
570,0.6931693255901337,0.0017596730721783367,0.5292275846004486,0.0267821727393991
571,0.6931866705417633,0.0017417185147126958,0.5291813015937805,0.026557066421502417
572,0.6932208836078644,0.0018130309823931286,0.5290846526622772,0.026547499086890445
573,0.6931810677051544,0.0018043487315998843,0.5291902124881744,0.026442806315189384
574,0.6931361556053162,0.0018022835360228507,0.5294798612594604,0.026362263687685066
575,0.6931377053260803,0.0018499937685371825,0.5295171737670898,0.026495194847888426
576,0.6931391954421997,0.0017812101117674036,0.5294874608516693,0.026249520867918423
577,0.6931384205818176,0.0017034913231133149,0.529474526643753,0.026075622970962473
578,0.6931325197219849,0.0016566240275692008,0.5294783115386963,0.02587892362896213
579,0.6931203305721283,0.0016139292700276652,0.5294654667377472,0.02575353675464222
580,0.6931294798851013,0.0015886833077696397,0.5294195711612701,0.025769215382288276
581,0.6930854320526123,0.0015218384060313617,0.5295391380786896,0.02564454500439305
582,0.6930509209632874,0.0014833161864924046,0.5295922458171844,0.025473765974226906
583,0.6930178999900818,0.0014049230482621417,0.5295792520046234,0.025257131172880913
584,0.6929728984832764,0.0013450745233766722,0.5297141969203949,0.025204026143757184
585,0.6928894817829132,0.0012562711135642184,0.5298485457897186,0.02496572786227659
586,0.6928704380989075,0.0012128177127494867,0.5297860503196716,0.024728398958311748
587,0.6928084790706635,0.001115669226931876,0.5297238230705261,0.024399737833623796
588,0.6927765011787415,0.00107390170005758,0.529759556055069,0.024302757935200228
589,0.692744642496109,0.0010199115871151246,0.5297301709651947,0.024160217293536384
590,0.6927248239517212,0.0010095856092299557,0.5296522080898285,0.02404127888703864
591,0.6927649676799774,0.0010888638312789474,0.529526025056839,0.024083004267064428
592,0.692729115486145,0.0011229606317242607,0.5296103656291962,0.024330237680429332
593,0.6927495300769806,0.001193556602980008,0.5297427177429199,0.024234437893764067
594,0.6928150951862335,0.0012777660063047745,0.5296331942081451,0.02425277177286631
595,0.6927968561649323,0.0012992608990453304,0.5296365320682526,0.02420295419792643
596,0.692767471075058,0.00132800504972976,0.5297199487686157,0.024085322343732524
597,0.6927411556243896,0.0013859569664322394,0.5298190116882324,0.024216904804783536
598,0.6927416920661926,0.0013975894966212462,0.5297421514987946,0.02414487584067842
599,0.6927021443843842,0.001433034996218908,0.5298407673835754,0.024275826099001765
600,0.6933043301105499,0.004768115118885953,0.509515643119812,0.004654950830634203
601,0.6932538747787476,0.004701565245087251,0.5095311999320984,0.004530533333830043
602,0.6933593451976776,0.004713492803215834,0.50954669713974,0.004406790186602058
603,0.6933456063270569,0.00473924452765599,0.5097006559371948,0.004311622602664459
604,0.6933291256427765,0.004808744680850454,0.5098735988140106,0.004356593290025583
605,0.6933920383453369,0.004963044293248837,0.5098290145397186,0.004596324564355549
606,0.6933353841304779,0.004960557629186695,0.5100204348564148,0.004668100647369601
607,0.693297952413559,0.005038360711537806,0.5101716816425323,0.004795004808235903
608,0.6932691633701324,0.005071825309255455,0.5102439820766449,0.00492119247267752
609,0.6932606995105743,0.0050287512300773215,0.5103159248828888,0.004660724948880195
610,0.6932266652584076,0.005080844734836786,0.5103096961975098,0.004731658094924029
611,0.6931613683700562,0.005133401854929871,0.5105169415473938,0.004994317254843921
612,0.6930943131446838,0.005281590174294175,0.5105489194393158,0.005447269435790499
613,0.6930926442146301,0.005287827907873787,0.5106001198291779,0.00521537747528356
614,0.6930997371673584,0.005280747237323957,0.5106124877929688,0.00542042189328906
615,0.6931292116641998,0.005215714650071647,0.510547935962677,0.005244079479119479
616,0.6931122541427612,0.0051845681290220965,0.5106179118156433,0.005149923419546142
617,0.6931115686893463,0.005166992893193054,0.5106683969497681,0.005137279364992873
618,0.6931416094303131,0.005110094647703347,0.5106042325496674,0.0049629178527033045
619,0.6931120455265045,0.005090791391085358,0.5106735229492188,0.004816288966733905
620,0.6930927932262421,0.0051386702109937335,0.5106475949287415,0.0051266583591681285
621,0.6930908858776093,0.005134034057657535,0.5106407403945923,0.005033935292444162
622,0.6930838227272034,0.005156161153125754,0.5107094347476959,0.005101918159092234
623,0.6930145025253296,0.005215251034738027,0.5110039114952087,0.005276111083987759
624,0.6929996311664581,0.005206189462308186,0.511033833026886,0.005290019543996353
625,0.6929664313793182,0.005222373852136368,0.5111948549747467,0.005383374813447984
626,0.6929073631763458,0.005344936887606048,0.5114486813545227,0.005661501866771374
627,0.6928256154060364,0.005447142995244967,0.5116079449653625,0.005911938440623106
628,0.6927134692668915,0.005521110714381585,0.5117664635181427,0.005845135685733339
629,0.6925970613956451,0.005721139657414289,0.5119427740573883,0.006330330205790751
630,0.6925368309020996,0.005707779106436335,0.512136846780777,0.0063153259277208725
631,0.6924550831317902,0.00584564144791547,0.5122744739055634,0.006535669651735827
632,0.6923031508922577,0.006040949943914953,0.5125221312046051,0.007015806549971931
633,0.6922265291213989,0.006132956514214234,0.5127502083778381,0.007155354765391502
634,0.6920569837093353,0.006371212648846318,0.5130690038204193,0.007683665511475558
635,0.691963404417038,0.006529937680338345,0.5132398009300232,0.008002337833066428
636,0.691826581954956,0.006737005147072367,0.513409823179245,0.008371164904385262
637,0.6915939152240753,0.0069553679692073095,0.51399827003479,0.008609421039017346
638,0.6914136111736298,0.007207659004393521,0.5142748057842255,0.009077967553912955
639,0.6912343502044678,0.007382273397774155,0.5146226584911346,0.009441779150258992
640,0.6911117732524872,0.007625165685742437,0.5148783624172211,0.009829445862862196
641,0.6908599436283112,0.007942194280241382,0.5152954459190369,0.010087679603688443
642,0.6906121075153351,0.008276587376326815,0.5157465934753418,0.010548513245306559
643,0.6903842985630035,0.008589907048156802,0.5160339176654816,0.011032654094151198
644,0.6900651454925537,0.009019931343513454,0.516481339931488,0.011438486098462597
645,0.689873218536377,0.009251317541838262,0.5168372392654419,0.011614744218935156
646,0.6898486912250519,0.009271084413789871,0.5171558260917664,0.012042619025017751
647,0.6897131502628326,0.009419778495336305,0.5173660516738892,0.012065546910607678
648,0.689195841550827,0.010169233755557023,0.5176997482776642,0.012917714040649444
649,0.6887694299221039,0.010810877377286874,0.5180851221084595,0.01364065893315681
650,0.688587874174118,0.011040999170156355,0.5183979570865631,0.013909935148292911
651,0.6888175308704376,0.010697839529580656,0.5184270143508911,0.014078227514396911
652,0.688871830701828,0.010590702240665963,0.5186496376991272,0.014121217299878024
653,0.6883692443370819,0.011242629693432472,0.5192402303218842,0.01468585862937847
654,0.6885219812393188,0.011011201348259152,0.5194950699806213,0.01477685367531349
655,0.6882408261299133,0.011372231252603471,0.5198362767696381,0.015189007706901524
656,0.6880305409431458,0.011671726758121885,0.5200537443161011,0.015624089624079483
657,0.6878631412982941,0.011897676012988787,0.5203050971031189,0.015909423788498234
658,0.687561959028244,0.012338700635806782,0.5206248164176941,0.01639006644891647
659,0.6872595846652985,0.01273504959920323,0.5210124850273132,0.01686860176690916
660,0.6871782839298248,0.012844547111634533,0.5212254226207733,0.01729601295765814
661,0.6875956654548645,0.012258242301999485,0.52119579911232,0.017477497287346048
662,0.6877667009830475,0.012016024363607377,0.5214073956012726,0.017463335946246387
663,0.68778195977211,0.011934765239678374,0.5215837061405182,0.01754644953150987
664,0.6878113448619843,0.011853084647264261,0.52169069647789,0.01743518185144111
665,0.6878030002117157,0.011870617736244793,0.5217116177082062,0.017445381388780747
666,0.6877710223197937,0.01183744816646672,0.5219031870365143,0.01731068006093993
667,0.6877380013465881,0.011850260808414032,0.5219576060771942,0.017224784783674726
668,0.6876940727233887,0.011889710258620229,0.5219438374042511,0.01733150060410431
669,0.6876540780067444,0.01193876919028691,0.5219131708145142,0.017461776512851485
670,0.6876318454742432,0.011974341130430104,0.5217810571193695,0.01735215255987465
671,0.6875600814819336,0.01206993018285281,0.5218184292316437,0.017434086033379828
672,0.6874304413795471,0.012220900194218834,0.5219904184341431,0.017515640185248406
673,0.6872983276844025,0.012408495816940823,0.5222121179103851,0.017715711275129623
674,0.6871949136257172,0.012493632450932829,0.5224161148071289,0.01779633819633096
675,0.6870522201061249,0.012708665672035411,0.5227364003658295,0.018184384230570762
676,0.6868542432785034,0.012986286963176668,0.5230887532234192,0.01838175792214728
677,0.6871791481971741,0.012494348947357514,0.5231228172779083,0.01827179679438236
678,0.6874315142631531,0.01212640695985741,0.5232565701007843,0.018397562990338866
679,0.6876912117004395,0.011744893687136796,0.5232569873332977,0.01842892024563097
680,0.6878633499145508,0.011481897352428818,0.5232573747634888,0.018366416469289316
681,0.6879348158836365,0.011322497971360616,0.5233569145202637,0.018070377005348793
682,0.6880782544612885,0.011131193425969669,0.5232416093349457,0.017985619692993386
683,0.6880913376808167,0.011048037693857675,0.5232255458831787,0.017854585140973017
684,0.6880839467048645,0.011022243822569007,0.5233410000801086,0.01772409849798329
685,0.688067615032196,0.011021822354083898,0.5234723389148712,0.017849232491212133
686,0.6880815327167511,0.01098705120406241,0.5234886109828949,0.017673058664436598
687,0.6880695223808289,0.01096483981489717,0.5236680805683136,0.017451450534966315
688,0.6880704164505005,0.010986840469819856,0.523667573928833,0.017576331647104093
689,0.6880363523960114,0.011003825649769747,0.5238621532917023,0.017654682638485845
690,0.6880117952823639,0.010982162169635146,0.5239099264144897,0.01766391279830973
691,0.6879870295524597,0.010995775601704165,0.5239899158477783,0.017673100811285106
692,0.6879391968250275,0.011062241181805845,0.5241987407207489,0.017819308228769398
693,0.687958836555481,0.011050482211071307,0.524181067943573,0.01778251403001939
694,0.6879537105560303,0.011048543456039806,0.5242117047309875,0.01790516135918609
695,0.6879468262195587,0.01105490763016495,0.5242422223091125,0.01789108431178345
696,0.6878546476364136,0.011140592173187597,0.524464875459671,0.017967665135527746
697,0.6878147125244141,0.011181306028849121,0.5244947671890259,0.017998727362880274
698,0.6877588629722595,0.011189566811157256,0.5245563983917236,0.017984566021780612
699,0.6877556145191193,0.011166512485021797,0.5245700478553772,0.017767762633040574
700,0.6875227391719818,0.007946999020971623,0.5335341691970825,0.035293265180840534
701,0.6874246895313263,0.008081700348812441,0.5338267982006073,0.035569200598041355
702,0.687400221824646,0.008094555137608265,0.533820241689682,0.03559111695926702
703,0.6873239874839783,0.008165193255712522,0.5340711176395416,0.03547293719604247
704,0.6872306168079376,0.008283077990997494,0.5342614650726318,0.035662555867492986
705,0.6871618032455444,0.008387222853667912,0.5343326330184937,0.035795487027696346
706,0.687088668346405,0.008456765153710888,0.5342856049537659,0.03576101090561443
707,0.6870755255222321,0.008461780628683684,0.5344151854515076,0.035699055038303416
708,0.6868934035301208,0.00869118592512848,0.5349546372890472,0.03588614489884328
709,0.686895340681076,0.008703366364348129,0.5351403951644897,0.03607239182241292
710,0.6869423687458038,0.008666024256567477,0.5351112484931946,0.03634019289785114
711,0.6870560050010681,0.00847910298342166,0.5350822508335114,0.03616760155319903
712,0.6871551871299744,0.008285817536150701,0.5350727736949921,0.035859002328402265
713,0.6872237622737885,0.008205949258222557,0.5351405441761017,0.03566116502149212
714,0.6872758269309998,0.008057887379403786,0.5352080166339874,0.035300893760421004
715,0.6873513758182526,0.007974394472503706,0.5351598560810089,0.035051047242448424
716,0.6874339282512665,0.007994456372394891,0.5351310968399048,0.03488368210701166
717,0.6874783039093018,0.007966513011832169,0.5349686443805695,0.034906483552056056
718,0.6875015497207642,0.007942489308180959,0.5349786281585693,0.034740382822074624
719,0.6875006258487701,0.007949696419276321,0.5350076258182526,0.034817216526909986
720,0.6875403523445129,0.007953026020308682,0.5349984765052795,0.0347863228869515
721,0.6875376999378204,0.007952646698672084,0.534894734621048,0.03478231893634296
722,0.6875447630882263,0.007952773139217616,0.5347159206867218,0.03483179933649475
723,0.6875182092189789,0.007966470864983657,0.5348583161830902,0.03485439004729659
724,0.6875028610229492,0.00792554627507958,0.5349059998989105,0.034637586658556554
725,0.6875336170196533,0.007867973680013698,0.5348597466945648,0.03455447307329307
726,0.687543123960495,0.007875012203715018,0.5347762405872345,0.034524633104547356
727,0.687553882598877,0.007884242363538903,0.5349171459674835,0.03449496172319569
728,0.6875351667404175,0.007874548588381398,0.5350387394428253,0.03443907500207024
729,0.6875262260437012,0.007886012531176361,0.5353454649448395,0.03448855540222203
730,0.687518298625946,0.007907507423916917,0.5353172421455383,0.0345901714539818
731,0.6875192821025848,0.007897434327122813,0.5352521240711212,0.03463901965140592
732,0.6875103414058685,0.007919013513560391,0.5352242588996887,0.03463552146297952
733,0.6875257790088654,0.007913028661071844,0.5350677073001862,0.034397855384226586
734,0.6875370740890503,0.007947041167820135,0.5349669456481934,0.03439486295798232
735,0.6875335276126862,0.007962677648617677,0.5350314974784851,0.03446963146724064
736,0.6875040829181671,0.007969758319167507,0.5350774526596069,0.03425982445535341
737,0.6874465644359589,0.00800575172779581,0.5351778864860535,0.034334592964611735
738,0.6874252557754517,0.008037488304724514,0.5352596640586853,0.034331811272610015
739,0.6874044239521027,0.008058266701040385,0.5353047847747803,0.0344830341650671
740,0.6873803436756134,0.008090466893302707,0.5353315770626068,0.034659081551297106
741,0.687287449836731,0.008193347350517799,0.5355027318000793,0.034834370294253916
742,0.6872788071632385,0.008237938716242326,0.5355649888515472,0.03511072717993985
743,0.6872160136699677,0.008322274560112624,0.5357528030872345,0.035360405110518384
744,0.6871293485164642,0.008419549486475768,0.5358500778675079,0.035380719891500635
745,0.6870387196540833,0.008474551123782485,0.5361973941326141,0.03545152659699894
746,0.6869719326496124,0.008571699609600095,0.5363646149635315,0.0357744136034409
747,0.6868965327739716,0.00864115761594605,0.5365667045116425,0.03599513664909245
748,0.6868137419223785,0.00867799396154457,0.5369455516338348,0.036064088893256276
749,0.6867100596427917,0.008844600453708135,0.537127673625946,0.036258006543254895
750,0.6866187155246735,0.009014072931570439,0.5372558832168579,0.03657621524951215
751,0.6865273416042328,0.009162514132025809,0.5374894142150879,0.03674320106331231
752,0.6863913834095001,0.009321239163517835,0.5375986099243164,0.03673510886839822
753,0.6863706111907959,0.00933468400819281,0.5376019179821014,0.036577943270301096
754,0.6863248646259308,0.0093930573933804,0.537640243768692,0.036669401931569735
755,0.6860758662223816,0.009672111677371028,0.5379233062267303,0.036859399924656845
756,0.6858279705047607,0.009942441563719902,0.5383971035480499,0.03707325303400112
757,0.6860650777816772,0.009549548641901348,0.5384508073329926,0.037039872729980494
758,0.6859827935695648,0.00962604517194862,0.5386259257793427,0.03722776338064206
759,0.6858626306056976,0.0097400945440191,0.5388869643211365,0.03748844163868194
760,0.6859407722949982,0.009574878897856395,0.538973867893219,0.03750327732935777
761,0.6859369277954102,0.009457415631056534,0.5392502248287201,0.03744481965047316
762,0.6860189139842987,0.00924090727025607,0.5393875539302826,0.03728921348577094
763,0.686174213886261,0.008988574088221348,0.5393524765968323,0.03708568635431183
764,0.6862694919109344,0.008970914558695284,0.5392661392688751,0.037149791710896905
765,0.686371922492981,0.008798744682528281,0.5391287803649902,0.0369474446911961
766,0.6863694190979004,0.008760812518868477,0.5390945076942444,0.03689088362049448
767,0.6864039301872253,0.008702818455317486,0.5391285121440887,0.036834533284035416
768,0.6863837242126465,0.00866050301941255,0.5392133593559265,0.036850506939621046
769,0.6864766478538513,0.008497816184160498,0.5391621589660645,0.036674585993936575
770,0.6866198480129242,0.008178216631902388,0.5392634570598602,0.03618825350896936
771,0.6866174638271332,0.008160599249224834,0.5393812358379364,0.036062234431921796
772,0.6867177486419678,0.007977049723959892,0.539262592792511,0.03588913732508755
773,0.6867260932922363,0.007927653617505123,0.5393798649311066,0.035716798861526504
774,0.6867206394672394,0.00783370829217434,0.5393288433551788,0.03559263424581341
775,0.6867687404155731,0.007627188734470961,0.5393450260162354,0.03523223654419676
776,0.6866909265518188,0.007602954296577196,0.539511501789093,0.03508598697986395
777,0.6866790354251862,0.007565822923039099,0.539543867111206,0.034987531941742506
778,0.6867350935935974,0.00753855391205255,0.5393931567668915,0.03496009434336191
779,0.6867367923259735,0.007457842697154188,0.5393758416175842,0.03465103150323153
780,0.6775082647800446,0.0465695280593847,0.5546875,0.14363106492851746
781,0.6731677651405334,0.03508986448992696,0.5546875,0.05524271728019903
782,0.6747651994228363,0.028430451690963147,0.5494791567325592,0.04051134005442879
783,0.6712481081485748,0.03312923524404868,0.552734375,0.04695630968816917
784,0.6660676598548889,0.0406510568572424,0.5625,0.07071069497739416
785,0.6676045656204224,0.04018305825137743,0.5546875,0.06629126073623882
786,0.6663767099380493,0.04178952752921867,0.5513392686843872,0.06944797539600778
787,0.6652985513210297,0.0438853638651199,0.5498046875,0.0731966003962637
788,0.6658480167388916,0.04221782380378638,0.5546875,0.07733980419227864
789,0.6642973124980927,0.047388188444860306,0.5531250089406967,0.0883883687217427
790,0.6633175611495972,0.050678803642348356,0.5511363446712494,0.10044129265122136
791,0.6667289137840271,0.04520552960102663,0.5488281399011612,0.10035761008350298
792,0.6660119593143463,0.04500040088932411,0.5516826808452606,0.09858699990413607
793,0.665697455406189,0.04676976773665995,0.5491071343421936,0.10259360576412718
794,0.6660443842411041,0.04565856607567023,0.5499999970197678,0.10606602139266698
795,0.6639028489589691,0.048009685873001945,0.55224609375,0.10150849300236571
796,0.6642013788223267,0.04741225429536002,0.551930159330368,0.10073674205928272
797,0.662184089422226,0.05071079310036812,0.5555555522441864,0.1055749473872423
798,0.659756064414978,0.053757630926069166,0.5604440867900848,0.10990393449149324
799,0.6566913425922394,0.05767665563485464,0.5640625059604645,0.11269515168097571
800,0.6804026663303375,0.01628482576818477,0.564913809299469,0.08226634931471703
801,0.6803227663040161,0.016394871189646713,0.5649474859237671,0.08222563545905552
802,0.6803252398967743,0.016350743439255806,0.5650404691696167,0.08221324428559332
803,0.6803029477596283,0.01640983332086808,0.5649548768997192,0.0823408649428843
804,0.6800746321678162,0.016679615298186314,0.565363347530365,0.08232822088833103
805,0.680134505033493,0.016538381208826308,0.5654743015766144,0.08212064765941487
806,0.6800482869148254,0.01662001965439191,0.5657025873661041,0.08213641058075795
807,0.6797548234462738,0.017010594499542363,0.5660081505775452,0.08226297756683616
808,0.6795713305473328,0.017287204266319363,0.566312164068222,0.08277594686006226
809,0.6794489622116089,0.017414656336216305,0.5666536688804626,0.08306570644357465
810,0.6793850660324097,0.0174823441749248,0.5669156610965729,0.08324402975962425
811,0.6791056990623474,0.01787119099928631,0.5672345459461212,0.08361357332736777
812,0.6788994669914246,0.01814337534696966,0.5674744546413422,0.08392647153071264
813,0.6788263916969299,0.0182119904163454,0.5676745474338531,0.08385558053151732
814,0.6787122786045074,0.018405992360041045,0.5676810443401337,0.08400301020760843
815,0.6786845922470093,0.018431154028602046,0.5677835941314697,0.0842311510985979
816,0.6785013973712921,0.018674299197661396,0.5679814517498016,0.08437685275390006
817,0.6782979667186737,0.018916643576599036,0.5681592226028442,0.08449482178288205
818,0.6780822277069092,0.019185329735855985,0.5684696435928345,0.08458526891978643
819,0.6780090928077698,0.01923261849988521,0.568626344203949,0.08462143091580877
820,0.6778655350208282,0.01939071132864957,0.5688202381134033,0.0846037292394342
821,0.6777497231960297,0.01956739091760724,0.5688616931438446,0.08496100807426105
822,0.677801102399826,0.019494982631865523,0.5688274204730988,0.08499598995852509
823,0.6779480874538422,0.019264607957904977,0.5688498616218567,0.08484430345073438
824,0.6780931055545807,0.019072165447604233,0.5687406063079834,0.08482626459957172
825,0.6780565679073334,0.01915359315892728,0.5686506032943726,0.08509996623380146
826,0.6778983175754547,0.01936415881408771,0.5688790678977966,0.08534593524171104
827,0.6777755916118622,0.019549352066444578,0.5690317749977112,0.08553795628352667
828,0.6776099801063538,0.019808091569452957,0.5691651701927185,0.0858607168494231
829,0.677469938993454,0.020001334869875403,0.5692422091960907,0.08626073258864
830,0.6773019731044769,0.020127775415408087,0.5695782899856567,0.08634439408293412
831,0.6771683692932129,0.020374882388227458,0.5696539580821991,0.08674137524905823
832,0.6769708693027496,0.02062527681523068,0.5698952674865723,0.0868495662091857
833,0.676868736743927,0.02070084611461071,0.5702825784683228,0.08685319083815764
834,0.6767944693565369,0.02078143088896354,0.5705029368400574,0.08698662776054313
835,0.676473468542099,0.021169729804294407,0.5709053575992584,0.0872747857638121
836,0.6762302219867706,0.021476980329938826,0.5712510943412781,0.08758738893921741
837,0.6762310564517975,0.02138577454976125,0.5713765025138855,0.0873830610176366
838,0.6761095523834229,0.02142197869263211,0.571628600358963,0.08730825036152975
839,0.6760474741458893,0.021431208852455995,0.5718069672584534,0.08723377688021101
840,0.6757802963256836,0.021740103105192338,0.5720568895339966,0.08746684895247625
841,0.6755281388759613,0.022038376352103935,0.5722695887088776,0.0878009470206221
842,0.6752355992794037,0.02231814713251925,0.5727335214614868,0.08782779456312355
843,0.6747953295707703,0.022728193821681737,0.5733750462532043,0.0879053447643836
844,0.6745349168777466,0.0230394904447832,0.5736370384693146,0.08826152778114917
845,0.6741060614585876,0.023521566098050808,0.5740767419338226,0.08856549085260973
846,0.6738564372062683,0.02378902999870094,0.5744251608848572,0.08869129919541474
847,0.673803448677063,0.023737779430911692,0.5748432576656342,0.0885646479156395
848,0.6734785437583923,0.024053206445167223,0.5752772390842438,0.08866478882770139
849,0.6732315421104431,0.02410251825792497,0.5756028294563293,0.08876446612442966
850,0.6730875074863434,0.02410483633459307,0.5759623646736145,0.0887135527314285
851,0.6729377508163452,0.024274898868334525,0.5762143433094025,0.08891252800324843
852,0.6727203726768494,0.024369982158575103,0.5763947367668152,0.08921021119428088
853,0.6724693179130554,0.024559642976874126,0.5767325162887573,0.08933260564235651
854,0.6721799075603485,0.02471023366660355,0.5771037936210632,0.08930571595300656
855,0.672190397977829,0.024380898192339424,0.5772635042667389,0.08913051150374678
856,0.6723865866661072,0.023732553221696342,0.5773876011371613,0.08851179576760684
857,0.6726068556308746,0.023390362958636394,0.5773021876811981,0.08819131113153002
858,0.6726953685283661,0.022928012030471887,0.5772866308689117,0.08787234378199957
859,0.672794908285141,0.022718120724887634,0.5773058235645294,0.08745669156198513
860,0.6729284822940826,0.02242376713488755,0.5771173536777496,0.08684707954512355
861,0.6728132963180542,0.02214134110301605,0.5770850479602814,0.08631350044297564
862,0.6727904677391052,0.02188770136867749,0.5770701169967651,0.08575787853905652
863,0.6726467609405518,0.02152557564627189,0.5771411955356598,0.08503459647176106
864,0.6725195646286011,0.021317201627234026,0.5775034129619598,0.08477522476602503
865,0.6724415421485901,0.02103785231530382,0.5776245594024658,0.08403306091059669
866,0.6723552048206329,0.020875966270173477,0.5778305232524872,0.08355970965497084
867,0.6721312701702118,0.02055683033324899,0.5781888961791992,0.08301614174972584
868,0.6721382737159729,0.02033079678468506,0.5782397091388702,0.08242688666069503
869,0.6722987592220306,0.020476076971502114,0.5782225131988525,0.08212802335790428
870,0.6726135611534119,0.020791461838909134,0.5780530571937561,0.08195007936349129
871,0.6727747619152069,0.020806171089039437,0.5778505802154541,0.08162967902111147
872,0.6728395521640778,0.020750452955308037,0.5777500867843628,0.08121529120655237
873,0.6729075312614441,0.02079348488763766,0.5776836276054382,0.08104046607892917
874,0.6729715764522552,0.020737640313360724,0.577483206987381,0.08077152703858116
875,0.6729929149150848,0.02063092449293114,0.5773674249649048,0.08038533546567583
876,0.6730574071407318,0.020523197148137294,0.5772019624710083,0.07997718538469634
877,0.6730977296829224,0.020488173117024742,0.5770705342292786,0.07980649064822722
878,0.6731905341148376,0.020561930101918806,0.5769230723381042,0.07984830032195003
879,0.67322838306427,0.020477046349017865,0.5766434371471405,0.0796551413152246
880,0.6733344197273254,0.020509499422371253,0.5763318240642548,0.07960338498525323
881,0.6733460426330566,0.020436585374447407,0.5762695074081421,0.07920117760991376
882,0.6733013689517975,0.020295014110299315,0.5762899219989777,0.07882400546258977
883,0.6732874512672424,0.020213965720612865,0.5762773156166077,0.0785881095514743
884,0.6732883453369141,0.020126806037892336,0.5762155055999756,0.07837644807825259
885,0.6732835471630096,0.020005128086241386,0.5762686729431152,0.07804972570859614
886,0.6733326315879822,0.01993874679983673,0.576207160949707,0.0776549783254431
887,0.6733314394950867,0.01983085086764884,0.576211154460907,0.0772619168162305
888,0.6733266413211823,0.019749465303174302,0.5761663019657135,0.07716991024593123
889,0.6732707321643829,0.019582142314586052,0.5761378407478333,0.07668753956472404
890,0.6732298731803894,0.019472265480518152,0.576239287853241,0.07643651293499315
891,0.6732052564620972,0.019340598725770118,0.5762270092964172,0.07607211128276796
892,0.6731405854225159,0.019132646175217368,0.5760047733783722,0.07554927962699032
893,0.6730552315711975,0.01896018127111079,0.5761058926582336,0.0752110511676904
894,0.6730494201183319,0.018853001835347584,0.5761582851409912,0.07494240715528196
895,0.6730297803878784,0.0186561339059532,0.5761623382568359,0.07447053103935398
896,0.6730232834815979,0.018591312052943443,0.5760542154312134,0.07420450013155323
897,0.6729378402233124,0.01843448362963441,0.5761863589286804,0.07391697433101191
898,0.6729046106338501,0.018334300570724014,0.5762381851673126,0.07351780152876523
899,0.6728312969207764,0.018179031580809878,0.5763057172298431,0.07318779170492493
900,0.674058586359024,0.011964605208424087,0.5692826509475708,0.01977665002046383
901,0.6738909780979156,0.012131422434830206,0.5696235299110413,0.02000769904400055
902,0.673746258020401,0.012220605166279257,0.5699031352996826,0.020041079348021178
903,0.6736061573028564,0.012390836287414757,0.570042759180069,0.02021426074855244
904,0.6735037565231323,0.012421772074221755,0.5703396499156952,0.02010729204703179
905,0.6733545064926147,0.012628881687804287,0.5704577565193176,0.02053015137814159
906,0.6733559370040894,0.012569370337706906,0.5705163478851318,0.020367380249192518
907,0.6732992827892303,0.012601444089423696,0.5706726312637329,0.020454877106701134
908,0.6731874048709869,0.01272940192150277,0.5707694590091705,0.02056955868149928
909,0.673023134469986,0.012945025198484504,0.5709048211574554,0.020849160874520548
910,0.6729979515075684,0.01295290665915604,0.5710978806018829,0.02087975948653946
911,0.6729029715061188,0.013024429861079028,0.5711735486984253,0.021184691935515775
912,0.672669529914856,0.013227535524053027,0.5713843405246735,0.021515418255780763
913,0.6726414263248444,0.01326163232449834,0.5716713070869446,0.021735298364462096
914,0.6723830997943878,0.013345841727823106,0.5721687376499176,0.021763410312418862
915,0.6722725927829742,0.013290207887788726,0.5723562836647034,0.02190009254213969
916,0.6722415089607239,0.013071086422380588,0.5724087655544281,0.021792154463103293
917,0.6722480058670044,0.012939503961329576,0.5724801123142242,0.021928120196399437
918,0.6719836592674255,0.013074036701776351,0.572799026966095,0.022090343416317867
919,0.6716964542865753,0.013287341902089985,0.5731354653835297,0.022224918303613152
920,0.6713094711303711,0.01346667674250384,0.573584109544754,0.022358776694483752
921,0.6709925532341003,0.013620597033265625,0.5739170014858246,0.022545571527084033
922,0.6706905961036682,0.013595983273735263,0.5743049085140228,0.022437675594896143
923,0.6703187823295593,0.013785138329852155,0.5747286677360535,0.022543422037809978
924,0.6699604988098145,0.013944116242435247,0.5751315653324127,0.022622110203979817
925,0.6697089672088623,0.013906858428351616,0.575607568025589,0.022700419048513058
926,0.6694157123565674,0.0140503263006827,0.5759503245353699,0.02301639397179923
927,0.6690017282962799,0.014150087891107986,0.5764407515525818,0.023225358046716243
928,0.6687933504581451,0.01430544117471914,0.5768170952796936,0.023380627036630377
929,0.6687580943107605,0.014969043304523168,0.5771359503269196,0.02387665329675509
930,0.6685164272785187,0.015458157481492093,0.5774533152580261,0.02437031933336319
931,0.6681409180164337,0.01566830166816741,0.5779909789562225,0.02454796829983661
932,0.6679061651229858,0.016000882449766874,0.5781941711902618,0.02498553688107671
933,0.6676533818244934,0.016307964388017248,0.5784699618816376,0.02542108241358829
934,0.667404055595398,0.016415691732811096,0.5787077844142914,0.02564690522790966
935,0.6669902205467224,0.016540277817009296,0.5791459083557129,0.025897552536003947
936,0.6670414507389069,0.016779461182308622,0.5793079733848572,0.025966167605379682
937,0.6671691834926605,0.016532817824822868,0.5793598890304565,0.025828263117052035
938,0.6672892868518829,0.01609870528516066,0.5794297158718109,0.02566528125386041
939,0.6674365401268005,0.01583465527923991,0.5793722867965698,0.0255286833178366
940,0.6677166223526001,0.015436198973417917,0.5792064666748047,0.025443968152329705
941,0.6675918698310852,0.015533558193478082,0.5792762041091919,0.025538377092994106
942,0.6678274869918823,0.015118833204130886,0.5793456137180328,0.025479497945624388
943,0.6683189868927002,0.014387922557254962,0.5793248414993286,0.025293756784236877
944,0.6686497926712036,0.01374585746704,0.5793758928775787,0.02521034817103382
945,0.66913703083992,0.013036736740844209,0.5793372690677643,0.025051370258450726
946,0.6695919632911682,0.012250740162964546,0.5792809128761292,0.02461544540430255
947,0.669806957244873,0.011669703709393362,0.5792604684829712,0.024181501452034387
948,0.669840395450592,0.011347027437193957,0.5792756676673889,0.023850058635344715
949,0.6698129177093506,0.011063547734109683,0.5793971717357635,0.02357024570808089
950,0.6696969866752625,0.010740702874516235,0.5795888900756836,0.023141570111876585
951,0.6696592569351196,0.010574644291383313,0.579656183719635,0.02293951812011536
952,0.6696003973484039,0.010402474415216311,0.5797936022281647,0.02263880035599013
953,0.6695221066474915,0.010178548209077931,0.5799128413200378,0.022215098087910112
954,0.669414222240448,0.009954748443485083,0.5801192224025726,0.021917330603180647
955,0.6692690551280975,0.009669709307005907,0.580324649810791,0.021324029416692793
956,0.6692058742046356,0.0095157047225471,0.5804419219493866,0.02105424743937456
957,0.6689589023590088,0.009065787114693306,0.5806979537010193,0.020293117502116324
958,0.668756365776062,0.00865114641904313,0.5808312296867371,0.019559930925420813
959,0.6684734225273132,0.008143614069274946,0.5810332894325256,0.01887909073457583
960,0.6682718694210052,0.00771628717222299,0.5811825394630432,0.018225645995262926
961,0.6681045591831207,0.007399511458815111,0.5814346969127655,0.01777041788449676
962,0.6683454513549805,0.007617199931373878,0.58132404088974,0.017341573700898415
963,0.6687847077846527,0.008156047389585658,0.5811795592308044,0.017206198023481424
964,0.6690607368946075,0.008469535648809689,0.5811213850975037,0.01709568898668586
965,0.669277161359787,0.0086935882954936,0.5809950828552246,0.017082454876253438
966,0.6695594489574432,0.0090367479360693,0.5807839334011078,0.017286572063591698
967,0.6697247326374054,0.009218400853151254,0.5806929767131805,0.017417480175066533
968,0.6697259545326233,0.009159858880569622,0.5806363821029663,0.01735556645460403
969,0.6696570515632629,0.008985202340340477,0.5807496607303619,0.017054005753508586
970,0.6697540879249573,0.009047242501348514,0.580642431974411,0.016969206294304665
971,0.669828325510025,0.00912862806582305,0.5806538760662079,0.017195281989717103
972,0.6698294281959534,0.009059717968507738,0.5806315541267395,0.017086669561104526
973,0.6697352528572083,0.008891636336646292,0.5807606875896454,0.01700233371723423
974,0.6697358191013336,0.008860152640808654,0.5808556973934174,0.01701329189784706
975,0.6696836054325104,0.008727727242787425,0.5810005366802216,0.016811071318691792
976,0.6696400046348572,0.008629820113696618,0.5810779333114624,0.016704229057716676
977,0.6696326732635498,0.008581266944212068,0.5810716152191162,0.01676289747084384
978,0.6696548163890839,0.008583163552395058,0.5809488892555237,0.016891866827287175
979,0.669630378484726,0.008523567908600654,0.5810590982437134,0.01687947565382497
980,0.6696021854877472,0.008511261028835473,0.5811356902122498,0.016679699591883333
981,0.6695281863212585,0.008447745728129556,0.5812615752220154,0.016644380532831207
982,0.669498085975647,0.00848845958379108,0.5813704133033752,0.016725892537851273
983,0.6694318652153015,0.008423216262296215,0.5816434025764465,0.016574248176909077
984,0.6693836748600006,0.008273721390628075,0.5816195607185364,0.016144518909492003
985,0.6693018674850464,0.00814057949618216,0.581825315952301,0.015902005943160318
986,0.6692648231983185,0.008127134651507184,0.581948459148407,0.015868709932836712
987,0.6692904829978943,0.00820607569876809,0.5821036994457245,0.015881733309026577
988,0.6694251894950867,0.00844041217648866,0.5820953845977783,0.01612504706547997
989,0.6695552170276642,0.008704293595015369,0.5820708572864532,0.016528265965183694
990,0.6695119738578796,0.008820913924845013,0.5823059976100922,0.016792189530558912
991,0.6695102751255035,0.00882272623933098,0.5824106335639954,0.016917660698575844
992,0.669339507818222,0.008888138148219888,0.5827248692512512,0.0168826788143118
993,0.669180691242218,0.0088684555699653,0.5831345021724701,0.016802220480504504
994,0.668991208076477,0.008939936625039776,0.5834620296955109,0.0168358536656162
995,0.6689034998416901,0.008874904037787467,0.5837239921092987,0.016823968254336127
996,0.6687349677085876,0.008830523406305496,0.5840329229831696,0.016880107856552636
997,0.6686172187328339,0.008853999200926064,0.5842446982860565,0.016935994577678082
998,0.6684464812278748,0.009119819374484273,0.5844715237617493,0.017239915502290138
999,0.6683588325977325,0.009094994880711357,0.5846496820449829,0.017114655068515762
1000,0.6629611253738403,0.033721272025081205,0.6469837129116058,0.0437286618823564
1001,0.6628607511520386,0.033677017834144764,0.6470471322536469,0.04361730990859061
1002,0.6626448631286621,0.03346324901849751,0.6473285257816315,0.043478393895898707
1003,0.6624342799186707,0.03339362242475752,0.6475293040275574,0.04345222070297344
1004,0.6623358428478241,0.03319953618736485,0.6477093398571014,0.04328654144147712
1005,0.6621517241001129,0.033073348522923235,0.6479672193527222,0.04306598698321961
1006,0.6622295379638672,0.033228069603806726,0.6479487717151642,0.04306881082206984
1007,0.662111759185791,0.03341107122004103,0.6481655836105347,0.043071634660920066
1008,0.6618843078613281,0.03334936823382108,0.6483617424964905,0.042880962318256784
1009,0.6617934703826904,0.033196459467423556,0.6484594345092773,0.042773909323039115
1010,0.6614882349967957,0.033165439386919536,0.6487122476100922,0.042612360452696854
1011,0.6612538695335388,0.032965241856492786,0.6489250063896179,0.042506529716086004
1012,0.6610127091407776,0.03271927284858321,0.6491173803806305,0.04231910268075806
1013,0.6609222590923309,0.032333502744162995,0.6492508351802826,0.041996089233770566
1014,0.6607391238212585,0.032074088891578444,0.649402916431427,0.04170186208431601
1015,0.6604712605476379,0.03198836220170729,0.6497271955013275,0.04159931880188901
1016,0.6602388620376587,0.03205242541144385,0.6499156653881073,0.041470180858051625
1017,0.6598719358444214,0.032175831383883746,0.6503326594829559,0.04144978178337236
1018,0.659490317106247,0.03219711554238174,0.6506713628768921,0.04137556118314467
1019,0.659053385257721,0.03229814153826236,0.6510844826698303,0.04140936295565041
1020,0.6593068540096283,0.03198039644733873,0.6510400772094727,0.04128191088575346
1021,0.6597049832344055,0.03176119068823357,0.6508065760135651,0.04115509101858419
1022,0.6600521206855774,0.03154050978943053,0.6506686210632324,0.041215824627288386
1023,0.6606258153915405,0.03128425695048429,0.6503241062164307,0.04114307916675858
1024,0.6609839498996735,0.03098724810902802,0.6500187814235687,0.04080485070745866
1025,0.6609715521335602,0.031073143386293224,0.6499024629592896,0.04094557903463653
1026,0.6608800292015076,0.03135683382362005,0.6499551236629486,0.0412708262645951
1027,0.6608376801013947,0.031531448217000685,0.6498954892158508,0.041488936205638975
1028,0.6606332659721375,0.03184076393822213,0.649947851896286,0.04186400101053742
1029,0.6605731248855591,0.03193770168979719,0.6499814093112946,0.042000893974500804
1030,0.6604804694652557,0.03217309183873054,0.6497553884983063,0.04255638943787439
1031,0.6603319048881531,0.03239870391880935,0.6496783494949341,0.04284783489532722
1032,0.6602284014225006,0.032559156971090325,0.6496938467025757,0.042955309359030004
1033,0.6601733565330505,0.03273680593756374,0.6495253145694733,0.043218432134283516
1034,0.6600154042243958,0.032962544458188095,0.6495778262615204,0.04353225756829563
1035,0.6599467098712921,0.03314862279436369,0.6494652628898621,0.04381864540392715
1036,0.6598602533340454,0.03335349862497514,0.649462878704071,0.044207070759803554
1037,0.6596810519695282,0.03361898162374526,0.6495698392391205,0.04464527154377132
1038,0.65965136885643,0.03380156177149446,0.6494217216968536,0.04513282628734534
1039,0.6596041023731232,0.03391577973095898,0.6494376063346863,0.045489852241081125
1040,0.659667432308197,0.033891039530883085,0.6493628621101379,0.04561485979376444
1041,0.6594904959201813,0.03412963284030326,0.6495413184165955,0.04604568487924279
1042,0.6592909693717957,0.034502253127988075,0.649610847234726,0.046576524436237506
1043,0.6590447127819061,0.034970631055489636,0.6496081352233887,0.04735906497253928
1044,0.6588044464588165,0.035359477879851144,0.649677187204361,0.047935170244834686
1045,0.6586536467075348,0.035613454788977796,0.6496922373771667,0.04833147706138262
1046,0.6584263145923615,0.036019834702319835,0.6496715247631073,0.04897838903917633
1047,0.6582235097885132,0.03630967857952925,0.6498290002346039,0.049269792349780656
1048,0.6582303941249847,0.03635481785428442,0.6496303677558899,0.049559804814384115
1049,0.6587907373905182,0.03561294902679566,0.6493085026741028,0.04957270175002845
1050,0.6591556072235107,0.03512670083552548,0.6490235030651093,0.04943542946442847
1051,0.6593301594257355,0.034892996560532574,0.648739755153656,0.04944853713431536
1052,0.6596442759037018,0.03445905260826441,0.6485101580619812,0.049137830567093047
1053,0.6599694788455963,0.03400757556701571,0.6481936872005463,0.04875399921770433
1054,0.6601513624191284,0.03376813932062532,0.6479312777519226,0.048644543852121545
1055,0.6602805852890015,0.03361742219035036,0.6476175487041473,0.04865933739594887
1056,0.6603884100914001,0.03347218415038182,0.6473750472068787,0.048427234701199376
1057,0.6604900360107422,0.03336024212073689,0.6469942927360535,0.0482946407157841
1058,0.6605727672576904,0.03323944925290467,0.6466673612594604,0.04794153441895983
1059,0.6606354713439941,0.03315625137394416,0.6465152502059937,0.04773703790998497
1060,0.660712718963623,0.033051474308546075,0.6462946236133575,0.04753351077852586
1061,0.6607760190963745,0.03297038377201112,0.6460577249526978,0.04740407780674891
1062,0.6608633697032928,0.032871633705950094,0.6457013189792633,0.04725087401241181
1063,0.6609558165073395,0.03274510886672039,0.6453464329242706,0.047098302420802374
1064,0.6610221862792969,0.03264366140235467,0.6451817452907562,0.04682519084245178
1065,0.66112220287323,0.032541328854170215,0.6448295712471008,0.04657749381375326
1066,0.6612635850906372,0.03240999927421027,0.6444448530673981,0.04647570917459945
1067,0.6613526344299316,0.0323102798306335,0.6440787613391876,0.04644662784912693
1068,0.6614295840263367,0.032211993379906094,0.6439182758331299,0.04627344644859566
1069,0.6615450382232666,0.0321133697543906,0.6435210108757019,0.0461969920653969
1070,0.6616669297218323,0.03194444518555894,0.6431085765361786,0.0460012199540638
1071,0.6617985665798187,0.0318177939057837,0.642765462398529,0.04585400101221525
1072,0.6619172394275665,0.03168621144473269,0.6423395872116089,0.04549297110787093
1073,0.6619716286659241,0.031561583213685976,0.6423022449016571,0.04520481310460195
1074,0.6620526313781738,0.031477373810361205,0.6421141028404236,0.04508397808992121
1075,0.6621300876140594,0.03142608109572345,0.6418095529079437,0.04512945453946447
1076,0.6621994376182556,0.031282823957634924,0.6415731310844421,0.04484390964080316
1077,0.6622971892356873,0.03117433796956788,0.6411543190479279,0.04467747173603364
1078,0.6623811423778534,0.031061426562407193,0.6408703923225403,0.044558828357475475
1079,0.6624518632888794,0.030970515810169196,0.640654057264328,0.04444069074109944
1080,0.662535160779953,0.030863420668103013,0.6403392553329468,0.04418245700027319
1081,0.6626148223876953,0.030789115774178307,0.639992743730545,0.044065583789352485
1082,0.6626306176185608,0.030751773666397655,0.6398620903491974,0.044019222255990496
1083,0.6627219319343567,0.030676246513866134,0.6393534243106842,0.04394976424964454
1084,0.6627908945083618,0.03058605225805282,0.6390768885612488,0.04364828784224612
1085,0.6628572642803192,0.030547150716877264,0.6387687027454376,0.04362624504047492
1086,0.6629256010055542,0.030459864593611205,0.6384944915771484,0.04341926186743792
1087,0.6630031168460846,0.03037670886149921,0.6381888091564178,0.0431669286854032
1088,0.6630873382091522,0.03027859099816585,0.6378681361675262,0.04293874564756522
1089,0.6631438434123993,0.0302037381952105,0.6376462876796722,0.042849394328722125
1090,0.6632295548915863,0.030147345711902925,0.6373280584812164,0.042852176020723845
1091,0.6632742285728455,0.03007464239822163,0.6371891796588898,0.042740486872169976
1092,0.6633219718933105,0.030013360880486794,0.6370024681091309,0.04265210493084263
1093,0.6633969247341156,0.02994310208401913,0.6367520093917847,0.042518499421063095
1094,0.6634601950645447,0.02985859765275479,0.6364221274852753,0.042226211026640044
1095,0.6635122001171112,0.029805197595691488,0.6361257433891296,0.042162105670054975
1096,0.6635535657405853,0.029750996748506477,0.6359747350215912,0.04216627820805755
1097,0.663596123456955,0.02969443567780486,0.6358084082603455,0.042102594319957595
1098,0.6636363863945007,0.02963243766364533,0.635610818862915,0.04208430258770386
1099,0.6637080609798431,0.02954599447734949,0.6353184878826141,0.04197602733387938
1100,0.6904447972774506,0.0027422846983613204,0.5392794609069824,0.04251554914166733
1101,0.6904615461826324,0.002763105241525702,0.5392390787601471,0.04243542798264812
1102,0.6904416382312775,0.0027667298704976387,0.5392386615276337,0.042299546543049
1103,0.6904522776603699,0.002720494777681188,0.5390798151493073,0.04194037110003916
1104,0.6904712617397308,0.0026967661019695545,0.538981020450592,0.04166679590635495
1105,0.6904719471931458,0.002694953787483586,0.5389418601989746,0.04158958287988299
1106,0.6904849410057068,0.0026716887271055726,0.5387653410434723,0.041262734069681006
1107,0.6904958486557007,0.0026625850078272196,0.5386092662811279,0.041076065677626256
1108,0.6905288100242615,0.0026555043372773895,0.5382976233959198,0.04083502785099245
1109,0.6905407607555389,0.0026562208337020748,0.5382605195045471,0.04081585103492
1110,0.6905456185340881,0.00264656920539308,0.5382625162601471,0.040796758512544565
1111,0.6905477941036224,0.0026400364438738913,0.5382257103919983,0.04072287508710497
1112,0.6905693709850311,0.0026284039136848843,0.5380148589611053,0.04051243587249007
1113,0.6906019747257233,0.0026029472171843044,0.5377857387065887,0.040166578833609676
1114,0.6906038224697113,0.0025543940476997545,0.537711888551712,0.03976795394039364
1115,0.6906413435935974,0.002555700600003592,0.5375038385391235,0.03983315511503999
1116,0.6906321048736572,0.002550642978182285,0.5375651717185974,0.039681257873006734
1117,0.6906155645847321,0.0025473133771499244,0.5376452803611755,0.039448944444014686
1118,0.6906009912490845,0.0025376617488409295,0.5377441346645355,0.03935263889516729
1119,0.6905850470066071,0.0025538882855176237,0.5378995537757874,0.039606573657445424
1120,0.6905803680419922,0.0025873950300837846,0.5378833711147308,0.039564047487297936
1121,0.6905843913555145,0.002608763482278808,0.5378294289112091,0.03957525854900183
1122,0.6906210482120514,0.002642143786299436,0.537586897611618,0.039693269724832336
1123,0.6905785202980042,0.002646400617999036,0.5378353893756866,0.039650869995230376
1124,0.6905719041824341,0.002617487879920563,0.537838339805603,0.039422560516846866
1125,0.6905567348003387,0.0026105336499162653,0.5378975570201874,0.03938096157736661
1126,0.6905377209186554,0.0026542820786705735,0.5379190444946289,0.039392467667010087
1127,0.6905295252799988,0.002662079245645089,0.5379777550697327,0.03929839590113377
1128,0.6905471980571747,0.002631269899383625,0.5377382934093475,0.03888877068045639
1129,0.6905411779880524,0.0026713936991659966,0.5377600491046906,0.039216588868174126
1130,0.6905001699924469,0.0027361312584787295,0.5378557741641998,0.03964766683474355
1131,0.6904790103435516,0.0027266903644122893,0.537858635187149,0.03952771690388154
1132,0.6904750466346741,0.0027580897665529054,0.5376954972743988,0.03964303068140735
1133,0.6904716193675995,0.002774990652805774,0.5377171039581299,0.03970578733884007
1134,0.6904361248016357,0.0028041141251268016,0.5378670990467072,0.039690403739133594
1135,0.6904332339763641,0.002792017979604175,0.53788822889328,0.03944194806716188
1136,0.6904051005840302,0.002805252090036596,0.5379640460014343,0.03927226485505701
1137,0.6903784573078156,0.002829865849566958,0.5380941927433014,0.0393352743935808
1138,0.6903866827487946,0.0028323103667805896,0.5380055010318756,0.03934656974898172
1139,0.6903909146785736,0.0028142715156179274,0.5379535555839539,0.039255237528258616
1140,0.6903719007968903,0.0028060950270068137,0.53806471824646,0.039241076187158955
1141,0.6903409063816071,0.002812332760586426,0.5380489528179169,0.0392014160027102
1142,0.6902898550033569,0.00285730344794755,0.538213461637497,0.03916196655250401
1143,0.6902588307857513,0.0029021898416116522,0.5382153987884521,0.03930067183095336
1144,0.6902303099632263,0.0030032158374922653,0.5382353067398071,0.0395147778213887
1145,0.6901640892028809,0.003084727842512334,0.5383445620536804,0.03950019501180393
1146,0.6900762021541595,0.003223095946173599,0.5385246872901917,0.03978864804301249
1147,0.6900774240493774,0.0032909945191246497,0.5383656322956085,0.0400505907065077
1148,0.6900226175785065,0.003327451543086573,0.5383850038051605,0.03995946922002714
1149,0.6900512278079987,0.003278055436631805,0.5383510589599609,0.03984369182716772
1150,0.6899855434894562,0.0033900817599737615,0.5383703410625458,0.0400537095732975
1151,0.6899652183055878,0.003415622750171363,0.5385484099388123,0.04018786299210768
1152,0.6899498105049133,0.0034608463186235525,0.5386024117469788,0.04029651756756876
1153,0.6899482011795044,0.0034306691750897525,0.5385331809520721,0.04013134406825457
1154,0.6899701654911041,0.0033630234832297675,0.5385343730449677,0.03986775767766744
1155,0.6900161504745483,0.003292848980459129,0.5385005474090576,0.0396053092519901
1156,0.6900638937950134,0.0032222951560518923,0.5383971035480499,0.03934404093807107
1157,0.6900779902935028,0.0031673778124421976,0.5383637547492981,0.03928094710585026
1158,0.6901043355464935,0.0031512777163110357,0.5382610559463501,0.03921814830156903
1159,0.6901038289070129,0.0031140620490759164,0.5382975041866302,0.03900855202392435
1160,0.6901479959487915,0.003058006740556427,0.5381434857845306,0.038775395657962085
1161,0.6901475787162781,0.0030138368433170106,0.5381800830364227,0.03861650203907602
1162,0.6901724636554718,0.0030022464599765144,0.5380614399909973,0.038677488528871276
1163,0.6901403367519379,0.003012951759498282,0.5381152033805847,0.03864107365175787
1164,0.6901732087135315,0.0029554213112809114,0.5382544696331024,0.038483486585175634
1165,0.690210223197937,0.002865142761770576,0.5382049083709717,0.03839923503500236
1166,0.6903187334537506,0.0026638072664340357,0.5379677712917328,0.03814631179708848
1167,0.690380185842514,0.002601514224334934,0.5377827882766724,0.03811128776597593
1168,0.6904163062572479,0.0025336577982323946,0.5376835763454437,0.03790818210300193
1169,0.6904050409793854,0.0025548155161848637,0.5376356840133667,0.038017806055978765
1170,0.6913612484931946,0.014533160597223501,0.5625,0.06629126073623882
1171,0.6861489117145538,0.00891561789344899,0.56640625,0.005524271728019903
1172,0.6847667694091797,0.004778693977862187,0.5703125,0.0036828759165789425
1173,0.6840038895606995,0.004751298526330106,0.578125,0.011048543456039806
1174,0.684108316898346,0.0007059597125574751,0.5734374821186066,0.019887369791501946
1175,0.6815143823623657,0.00075569299380033,0.5885416567325592,0.014731377225770236
1176,0.680696427822113,0.00030126567315587056,0.59375,0.006313429319537882
1177,0.6820361316204071,0.001023367628693018,0.5908203125,0.0013810679320049757
1178,0.680462658405304,0.003976049394820721,0.597222238779068,0.009820932199462994
1179,0.6785804033279419,0.0015958482720164916,0.6023437678813934,0.0033145546074422392
1180,0.6730042695999146,0.002124116871252037,0.6200284063816071,0.0010044015468631156
1181,0.6735149621963501,0.002596751630453203,0.6184895634651184,0.005524271728019903
1182,0.6747933030128479,0.006516239954572304,0.6141826808452606,0.01359821705670634
1183,0.6736712455749512,0.005258072232825096,0.6143973171710968,0.011837743194406296
1184,0.6771449148654938,0.004414165885091465,0.6057291626930237,0.011048543456039806
1185,0.6776318252086639,0.0006491879076133008,0.60400390625,0.0006905339660024879
1186,0.6799590885639191,5.0618365061583734e-05,0.5960477888584137,0.0019497553589624688
1187,0.6793802678585052,0.0005533459740995277,0.5954861044883728,0.0
1188,0.6799046099185944,0.004021188669575889,0.5921052694320679,0.005815000689048049
1189,0.6790438294410706,0.0034395200132770402,0.5929687321186066,0.0033145546074422392
1190,0.6791179776191711,0.006460184646052815,0.5930059552192688,0.009470143979306823
1191,0.6794753670692444,0.005596511426367575,0.5912642180919647,0.006528673274883018
1192,0.6792996227741241,0.004858899430578418,0.5900135934352875,0.007205551661967976
1193,0.6778796911239624,0.004217972305273253,0.5924479067325592,0.004603573822299423
1194,0.677610456943512,0.004211565984299597,0.5921875238418579,0.003977482387670091
1195,0.6754901111125946,0.0050828677835653095,0.59765625,0.008073903181837925
1196,0.6746385991573334,0.0062403888310685034,0.5992476940155029,0.012685358464808885
1197,0.6756485402584076,0.008018058607560991,0.5954241156578064,0.014205258115808746
1198,0.6740261614322662,0.009840572630869071,0.5988685488700867,0.01790625717724737
1199,0.6740847229957581,0.008743700898373055,0.5979166626930237,0.015467977697195132
1200,0.6953438818454742,0.009429219389402745,0.5141238570213318,0.019071364657482527
1201,0.6951896846294403,0.009290471964104883,0.5146251022815704,0.01854440261055082
1202,0.695128321647644,0.00934505213292649,0.5148658454418182,0.018721840842781685
1203,0.6949551701545715,0.009463990539424233,0.5153824687004089,0.01912236234418071
1204,0.6948409676551819,0.009525440644553117,0.5157583057880402,0.01926949699233224
1205,0.694736659526825,0.009476297419189414,0.5160928070545197,0.019137324475402076
1206,0.6946668922901154,0.00954310017407918,0.5162095427513123,0.019144784467588504
1207,0.6944452524185181,0.009446626037837745,0.5167764127254486,0.01890273511659044
1208,0.6942563652992249,0.009721002021643665,0.5171254277229309,0.01929777752768305
1209,0.6941714584827423,0.009840319749778005,0.5173166990280151,0.01941511435393738
1210,0.6940380334854126,0.009976664804710747,0.5176237225532532,0.019641864398925988
1211,0.6940051317214966,0.010075625605014328,0.5177545547485352,0.01978516368386303
1212,0.6939068138599396,0.010196797794483148,0.5179041624069214,0.019790895655260512
1213,0.693833589553833,0.010398301877213733,0.5181495249271393,0.02015154623796823
1214,0.6938605904579163,0.010238649615054465,0.5181625485420227,0.019856729032634527
1215,0.6938840448856354,0.010294662776725444,0.5182715952396393,0.020079643714408645
1216,0.69395712018013,0.010249397061424744,0.5182267725467682,0.020030331901650898
1217,0.6940696835517883,0.010058176809730817,0.5181247889995575,0.019846150173658293
1218,0.6940163969993591,0.010026566673347647,0.518366664648056,0.019824655280917737
1219,0.6940269768238068,0.009841162686748223,0.5184550881385803,0.019480441969129264
1220,0.6940796673297882,0.009735795565470988,0.5184102654457092,0.019272067950091405
1221,0.6939777731895447,0.009650953959418559,0.5187821686267853,0.01901113681096046
1222,0.6939662992954254,0.009603960223328913,0.5188123285770416,0.018858312338259957
1223,0.6938931345939636,0.009492481809017598,0.51914381980896,0.0183864783691805
1224,0.693808376789093,0.00945117789747692,0.5194548964500427,0.018156187988916973
1225,0.6937238276004791,0.009589124532653077,0.5196519494056702,0.018510390103802527
1226,0.693663477897644,0.0094878456556814,0.519941657781601,0.018201495851066184
1227,0.6936467587947845,0.0094015710567796,0.5201366245746613,0.018131616376235123
1228,0.6937901973724365,0.009109114074962505,0.520107239484787,0.017746141299754485
1229,0.6937612593173981,0.008954898756261143,0.5203008949756622,0.017467550631097478
1230,0.6938241124153137,0.008950641924561544,0.5201971530914307,0.017661974043278232
1231,0.6938644647598267,0.008697086483920004,0.5203711986541748,0.01730642322924033
1232,0.6936695277690887,0.008797185249133378,0.5207103788852692,0.017448163080782467
1233,0.6937243044376373,0.00873548226291343,0.5206800103187561,0.01748512586692652
1234,0.6937836408615112,0.008776828321302617,0.5205579996109009,0.01759976529487615
1235,0.6936870813369751,0.00889155204294927,0.5208028256893158,0.01781753806113194
1236,0.6936317980289459,0.008753689701470136,0.5210464596748352,0.017569166682857244
1237,0.6935203075408936,0.008864915234690384,0.521361917257309,0.01778592792474877
1238,0.6935024559497833,0.009028824328549252,0.5214394927024841,0.018233148134297866
1239,0.6935033798217773,0.008978543138275756,0.5214259922504425,0.018036870260782635
1240,0.6933532953262329,0.00901596953975343,0.521865040063858,0.01802068587095445
1241,0.6933810710906982,0.008981493417671519,0.5218506157398224,0.017927962804230483
1242,0.6933845579624176,0.008945795036982791,0.521908313035965,0.017937572285690966
1243,0.6932167410850525,0.00892451087848479,0.5223971903324127,0.01789626837415029
1244,0.6932441294193268,0.008811009415444953,0.5223995745182037,0.017779100135290004
1245,0.6932147443294525,0.008734386444852147,0.5224735140800476,0.017561243075337196
1246,0.693158745765686,0.008564492498504732,0.5226542353630066,0.0170919800640169
1247,0.6931447088718414,0.008455711482498116,0.5227272808551788,0.016725513216214676
1248,0.6930404603481293,0.008592604446461498,0.5230309963226318,0.01719009792735026
1249,0.6929083466529846,0.008614141486050567,0.523421972990036,0.017276456819949083
1250,0.6927637755870819,0.00842722021290475,0.5238642692565918,0.01673701930585815
1251,0.6925843954086304,0.008482137556514446,0.5243575274944305,0.016973758153943842
1252,0.6925956308841705,0.008557032506318304,0.5244258940219879,0.017159625755876887
1253,0.69254270195961,0.00851623435695976,0.5245115160942078,0.016971945839457873
1254,0.6923940777778625,0.008338163922001231,0.5247195065021515,0.016611548137841218
1255,0.6924500465393066,0.008404165886769292,0.5246641635894775,0.01672277367106147
1256,0.6924916207790375,0.008459083230378986,0.5245915949344635,0.016907587601781737
1257,0.6924353241920471,0.008398939677553941,0.5247109234333038,0.016869908319213
1258,0.6923463344573975,0.008451538944495537,0.5249513685703278,0.016906070315235347
1259,0.6923575699329376,0.008480578123119543,0.5249306261539459,0.01706471105303035
1260,0.692213386297226,0.008395778663915623,0.5252560079097748,0.016929082494522296
1261,0.6921593844890594,0.008448125049766154,0.5252692699432373,0.01703811639161998
1262,0.6919276714324951,0.008471685138083744,0.525850772857666,0.01717104755182334
1263,0.6918027997016907,0.008454404930194278,0.5261032581329346,0.017036093342891453
1264,0.6916822791099548,0.008586746034518485,0.5264403223991394,0.01726545649248774
1265,0.6916931569576263,0.00851960610484063,0.5264337658882141,0.017155031749389198
1266,0.6914477646350861,0.008706569524834956,0.5269564390182495,0.01740723849087839
1267,0.6913584172725677,0.008751666652741612,0.5271872580051422,0.01753793586811067
1268,0.6912443935871124,0.008832335720791465,0.527315080165863,0.0176680431894638
1269,0.6912404000759125,0.008715336069325222,0.5272896885871887,0.017629689557318886
1270,0.6911890804767609,0.008660713753655104,0.5273998379707336,0.017591504512568017
1271,0.6911824345588684,0.008710152006958382,0.5272899270057678,0.017625137697679708
1272,0.6911494135856628,0.008719592901024822,0.5272816121578217,0.01770627038106318
1273,0.6911334991455078,0.008702059812044291,0.5272397100925446,0.017691940452569478
1274,0.6910025179386139,0.008807806254958124,0.5274496674537659,0.017843795547754226
1275,0.6909308433532715,0.008787955089309492,0.5275247693061829,0.017852899267032582
1276,0.6908042430877686,0.00869725507131405,0.5277666449546814,0.017436656991138992
1277,0.6907815933227539,0.008643222811523082,0.5277740657329559,0.017210876323666132
1278,0.6906630098819733,0.008611907703079489,0.5280642807483673,0.01710365474105442
1279,0.6905501782894135,0.008794656438222725,0.5282370448112488,0.017395943135477467
1280,0.6905066072940826,0.008768441098448949,0.5283594131469727,0.017288805846562776
1281,0.6903651654720306,0.008756302806077811,0.5287291705608368,0.017345746238900995
1282,0.6902130246162415,0.008854884284744792,0.5289159417152405,0.01751901193312928
1283,0.690088152885437,0.008933783185157185,0.5290525555610657,0.01757523582904281
1284,0.6899227797985077,0.009063806212813294,0.5293528139591217,0.0177241406448318
1285,0.6896426975727081,0.009173135137850553,0.5298157632350922,0.017872413257893124
1286,0.6894882619380951,0.009361278669603184,0.5300477743148804,0.01815880109352465
1287,0.6894070506095886,0.009552161746509023,0.5302624702453613,0.018513340383198292
1288,0.6892653703689575,0.009646486393476403,0.5305088758468628,0.018728120723209805
1289,0.6890301406383514,0.00973824008268462,0.5309330224990845,0.018643152676611843
1290,0.6887837946414948,0.009996768851450444,0.5312094390392303,0.01890265082289342
1291,0.6885736584663391,0.010246994691059622,0.5314847230911255,0.01916113744481073
1292,0.6883633136749268,0.010455874472279613,0.531823456287384,0.019327111734246633
1293,0.6881584823131561,0.01066311052640768,0.5321124792098999,0.019697582532657392
1294,0.6879255473613739,0.010959908633621396,0.5324163436889648,0.019998258149934108
1295,0.6877184808254242,0.01110860271516783,0.532799243927002,0.019911772816789755
1296,0.6876657009124756,0.01100024316764632,0.5331325531005859,0.01993891538723077
1297,0.6875919103622437,0.01080931794389197,0.5335443615913391,0.019898117237872225
1298,0.6873865723609924,0.01102940878681586,0.5339066982269287,0.02024110829105388
1299,0.6871090233325958,0.011028776584088195,0.5343471467494965,0.02006472373003579
1300,0.6858503818511963,0.049196414686523186,0.5887129008769989,0.07157398887544279
1301,0.6857022345066071,0.04925495665910482,0.5889247059822083,0.07167307611629191
1302,0.6855203807353973,0.049197974119918095,0.5892346799373627,0.07157516898720111
1303,0.6854381263256073,0.048959675838437494,0.589444100856781,0.07139381109805873
1304,0.6851704120635986,0.0492053498184075,0.589553713798523,0.0716880803943618
1305,0.6850188970565796,0.04931526879932391,0.5895051956176758,0.07203663483154689
1306,0.6847606301307678,0.04939239753209885,0.5898106098175049,0.07193885414300161
1307,0.6844771504402161,0.04953755127837037,0.5901144444942474,0.07206322949295725
1308,0.6841585636138916,0.04963583772909777,0.5903972387313843,0.07215936645441061
1309,0.683528333902359,0.04967296910263587,0.5910491347312927,0.07200687915649819
1310,0.6829561591148376,0.049537129809885255,0.5915032625198364,0.0716900191493933
1311,0.682999849319458,0.050354610083602556,0.5916058719158173,0.07214313991773391
1312,0.6826435029506683,0.05059168610647634,0.5919595658779144,0.0721833480112133
1313,0.6825547218322754,0.05095722572361132,0.5920798480510712,0.072387254464309
1314,0.6822994947433472,0.051430450538691636,0.5922958552837372,0.0726173762571785
1315,0.6818828582763672,0.05164860262658402,0.5927989482879639,0.07260182407007797
1316,0.6818272769451141,0.05153105506608714,0.5930120944976807,0.07283025998900702
1317,0.6814895868301392,0.051829834075180874,0.5934345424175262,0.0730305839599793
1318,0.6811550259590149,0.05216448005235737,0.5935688018798828,0.07336476632182218
1319,0.6808024644851685,0.052439530385739466,0.5937214493751526,0.07367041526722318
1320,0.680357813835144,0.052953974818663437,0.5940441787242889,0.07416247972358787
1321,0.6800977289676666,0.05358242647680938,0.5939487814903259,0.07508056452470067
1322,0.6796686053276062,0.05406774743741232,0.5942882895469666,0.07554013376086346
1323,0.6792863309383392,0.054412045042897816,0.5946638584136963,0.07578424830743856
1324,0.6789969801902771,0.05490394091186846,0.5947368443012238,0.0765589495299173
1325,0.6785822808742523,0.05525666788705613,0.5950907468795776,0.07687905484435754
1326,0.6783353686332703,0.05540295959823745,0.5954616963863373,0.07690657673643515
1327,0.678361564874649,0.055426182511766946,0.5952149629592896,0.07743547753839837
1328,0.678372323513031,0.055184891804042076,0.5953232049942017,0.07735624146319789
1329,0.6785536706447601,0.054672596860392164,0.5953566133975983,0.07675206638979422
1330,0.6781536340713501,0.054895174367378195,0.5958345532417297,0.07657003415107566
1331,0.6776458621025085,0.0553930972356859,0.5962178409099579,0.07672871703571918
1332,0.6776088774204254,0.055111176965996524,0.5963779985904694,0.07641716753152665
1333,0.6772584915161133,0.0554480567261441,0.5967029631137848,0.07675762977379766
1334,0.6768629252910614,0.055945178804330094,0.5969713926315308,0.07707048583029402
1335,0.6766168475151062,0.05597219493422558,0.5971469283103943,0.07678624748393656
1336,0.6763428747653961,0.05614756797087941,0.597358226776123,0.0766583739455545
1337,0.676110565662384,0.056576412154477757,0.5974591672420502,0.0769434973757307
1338,0.6758711338043213,0.056607937997163904,0.5977414846420288,0.0768672537267745
1339,0.6756397485733032,0.056920077557235584,0.5978955030441284,0.0771249395585701
1340,0.6752087473869324,0.05727394249733305,0.598374605178833,0.07727902843672593
1341,0.6750377714633942,0.057520628001667316,0.5984542071819305,0.07748348279885227
1342,0.6747616529464722,0.05755084729204962,0.5987316071987152,0.07730478016116608
1343,0.6745693981647491,0.05805521862817949,0.5988819301128387,0.07781323974160151
1344,0.674768716096878,0.05793939908847156,0.5989598333835602,0.07816727326909302
1345,0.6749480664730072,0.05757170998206252,0.5991626083850861,0.07829185935329122
1346,0.6748565137386322,0.05731840742251205,0.5995430052280426,0.07821397197724309
1347,0.6745759546756744,0.05750773106602298,0.5997791290283203,0.07828751822789459
1348,0.674369215965271,0.05741816901293733,0.6001208424568176,0.0779586885158126
1349,0.674235075712204,0.057488343515707974,0.6003191471099854,0.0778820655452198
1350,0.6741194128990173,0.057643654652470615,0.6003573536872864,0.07813098483252513
1351,0.6741816401481628,0.057616006319847465,0.6002541780471802,0.07817911653352458
1352,0.6740408539772034,0.05754503102695512,0.6004860699176788,0.07805271813484041
1353,0.6740164458751678,0.05759067606389242,0.6004709005355835,0.07832443886719014
1354,0.6739445626735687,0.05756867540896973,0.6005785465240479,0.07832224723106758
1355,0.6737685799598694,0.05779015709789448,0.6007031798362732,0.07883955764969029
1356,0.6734769344329834,0.058079621653467306,0.6011065244674683,0.07925579992558388
1357,0.6731671988964081,0.05846126136673345,0.6013165414333344,0.07974407116558259
1358,0.6729956567287445,0.05872948391065678,0.6013865768909454,0.08023019291630724
1359,0.6726809740066528,0.05894649803363937,0.6017683744430542,0.08032186231181843
1360,0.6723174452781677,0.059413316527746035,0.6019928157329559,0.08087790568422265
1361,0.6719335317611694,0.05985543696862531,0.6022852659225464,0.08133389243826201
1362,0.6716838479042053,0.060076623629610484,0.6025764644145966,0.0815442473591799
1363,0.6715408861637115,0.06010422981538512,0.6029179096221924,0.081535017199356
1364,0.671136349439621,0.06044258471523058,0.6033950746059418,0.0816228090848042
1365,0.6708260178565979,0.06075586224021205,0.6036647856235504,0.08185537539488731
1366,0.6703850328922272,0.06122171135680296,0.6040016412734985,0.08218357290424164
1367,0.669879674911499,0.06171723185474554,0.6045414507389069,0.08226934174096132
1368,0.6694957911968231,0.06220828478674597,0.6047049164772034,0.08269127384140387
1369,0.66923788189888,0.062431578790156685,0.6049864292144775,0.08279959124207686
1370,0.669018417596817,0.06267662056739902,0.6051313281059265,0.08305103934029287
1371,0.6694418489933014,0.06205925353041145,0.6048365533351898,0.08287153591248497
1372,0.6694649457931519,0.06205078201386076,0.6046609580516815,0.08309794878268549
1373,0.6696551442146301,0.061548813048096014,0.6045702397823334,0.08249103416412862
1374,0.669655442237854,0.06154636853088238,0.6043959856033325,0.08262232159724005
1375,0.669468492269516,0.06169164871769943,0.6044903695583344,0.08265835715271687
1376,0.6693206429481506,0.06172549263705368,0.604651153087616,0.08259973088643821
1377,0.6690843403339386,0.06178487754660553,0.6048779487609863,0.08235275035416437
1378,0.6688656806945801,0.061924847230510206,0.6048709154129028,0.08229500917170444
1379,0.6685771048069,0.062094319708372515,0.6051128804683685,0.08216709348647389
1380,0.6682466864585876,0.06232928838882075,0.6054200828075409,0.08208659300581808
1381,0.6679632663726807,0.06257104271187923,0.6055441796779633,0.08193629734402823
1382,0.6678458750247955,0.06285338445005371,0.6054532825946808,0.08236981982781129
1383,0.6678007245063782,0.06285721981326821,0.6054615378379822,0.0825687108059342
1384,0.6677454113960266,0.0628514035481737,0.6054697632789612,0.08253448756494335
1385,0.6676802933216095,0.06289156949480458,0.6054779887199402,0.08259315597807051
1386,0.6674849689006805,0.06303200279404289,0.605551540851593,0.08255901703077669
1387,0.6672464907169342,0.06321374000482186,0.6055432260036469,0.08254810099701236
1388,0.6669844090938568,0.06328581111577548,0.6058769822120667,0.08237601541454238
1389,0.6667726933956146,0.0633980060265115,0.6060955822467804,0.08254944969616472
1390,0.6667044460773468,0.06336690165231045,0.606134831905365,0.08251569007050749
1391,0.6666770577430725,0.06333701953671622,0.6059311032295227,0.08227604308987455
1392,0.6666905283927917,0.06330658951209135,0.6057605445384979,0.08222011422190059
1393,0.6666823327541351,0.06316063497569813,0.6055423021316528,0.08191366448637788
1394,0.666825920343399,0.06298403968043749,0.6050675809383392,0.08160847915631049
1395,0.6668539047241211,0.0629485098871428,0.6047874391078949,0.08153160330462662
1396,0.6668577790260315,0.06293358990276994,0.6047327816486359,0.08154568035202926
1397,0.6668329536914825,0.06287968408352451,0.6047582626342773,0.08153704024808453
1398,0.6669102609157562,0.06270528042438643,0.6044166386127472,0.081099766694784
1399,0.6669947803020477,0.062399715772682454,0.6041560471057892,0.08032645631830612
1400,0.6795356273651123,0.012168300927277238,0.520008772611618,0.027845284846237894
1401,0.6795101761817932,0.012014380636515453,0.5201965868473053,0.027267873021638644
1402,0.6794975399971008,0.011882376706979333,0.5202048122882843,0.02666525738162988
1403,0.6794564425945282,0.01186151401696644,0.5201338231563568,0.02645772629956224
1404,0.6794110536575317,0.011880437951947832,0.5202804207801819,0.026558415120654766
1405,0.6793552339076996,0.012035327620225368,0.5202095806598663,0.026797851367045156
1406,0.679223895072937,0.011974256836733081,0.5204731225967407,0.02645262653089242
1407,0.6790457963943481,0.011920561751730202,0.5206961631774902,0.02599819921024796
1408,0.6788369417190552,0.011917274297546352,0.5209962427616119,0.02571197996201048
1409,0.6786859035491943,0.012305446772331688,0.5210998356342316,0.02608902566878894
1410,0.6782727837562561,0.01246206446139817,0.521591991186142,0.025748984895003046
1411,0.678068071603775,0.01274870517812076,0.5216547846794128,0.025739923322573202
1412,0.6777787506580353,0.013129122632780089,0.5219301879405975,0.025977252226538048
1413,0.6776353418827057,0.013255310297221705,0.5222621262073517,0.026240754323428157
1414,0.6771286725997925,0.013439618465759846,0.5226887464523315,0.025712949339526232
1415,0.6765526533126831,0.013925571629090453,0.5232093632221222,0.025921449799109625
1416,0.6763786673545837,0.013987274615310403,0.5233824253082275,0.025803649357521673
1417,0.6760683953762054,0.01438079973985662,0.523439884185791,0.025740513378452356
1418,0.675904393196106,0.014484860308830018,0.5237641036510468,0.025731620393416556
1419,0.6755420863628387,0.014660317639180869,0.524277001619339,0.025615126504132446
1420,0.6753262877464294,0.01487252702143322,0.5245786309242249,0.025526070213228925
1421,0.6751061975955963,0.015034497360260586,0.5249735116958618,0.025624862426138463
1422,0.6749703884124756,0.015098518423148634,0.5251020193099976,0.02556290655882745
1423,0.6748025417327881,0.015152213508151513,0.5252675712108612,0.02550124571945601
1424,0.6747305989265442,0.015103154576484833,0.5254323184490204,0.025333585556079674
1425,0.674545407295227,0.015245779511845699,0.5256525874137878,0.025405361639093727
1426,0.6742710769176483,0.015108507226245717,0.5261523425579071,0.025079945821741112
1427,0.67410808801651,0.014976966912043217,0.5264258086681366,0.024914477294487345
1428,0.6740185916423798,0.015120898399707918,0.526716560125351,0.025197366941692466
1429,0.6740879714488983,0.015325816377167886,0.5266344547271729,0.025216290876673857
1430,0.6739778220653534,0.01534343375984544,0.5268121957778931,0.025287519050657268
1431,0.6737902164459229,0.015399952683698549,0.5270260274410248,0.02520149733284653
1432,0.673601895570755,0.015495583882969767,0.5272204279899597,0.02540283282818307
1433,0.6734143793582916,0.015572796909441725,0.527450680732727,0.025395077808057068
1434,0.6732155382633209,0.015569087986772766,0.5277532935142517,0.025335397870565643
1435,0.6730930209159851,0.015540723157724935,0.5280362069606781,0.025509085033279037
1436,0.6728680729866028,0.0156210550509867,0.5285187065601349,0.025604421204610678
1437,0.6725439727306366,0.01572941459850821,0.5289443135261536,0.02572517192559439
1438,0.6722748577594757,0.01592194140250597,0.5292224287986755,0.02584529044385044
1439,0.6719591915607452,0.016175749724238575,0.5295718312263489,0.025913568338438088
1440,0.6717958152294159,0.016310535345776415,0.5299558341503143,0.026083883753270608
1441,0.6718688309192657,0.015887718161515126,0.5305728018283844,0.02597253177950483
1442,0.6724638342857361,0.01450096040496118,0.5309347212314606,0.025504954642124968
1443,0.6731809675693512,0.012664664362190037,0.5312410295009613,0.02496328334506296
1444,0.6736406087875366,0.012164929179396365,0.5313845276832581,0.024855260972329537
1445,0.6739678680896759,0.012709002846823497,0.5315273404121399,0.02510198862351231
1446,0.6741140782833099,0.012639966308962653,0.5315802693367004,0.025120364649463062
1447,0.6741361916065216,0.01253518924356457,0.5317576229572296,0.025113494713155785
1448,0.6743185520172119,0.012065968379092787,0.531792014837265,0.024754740738631056
1449,0.674419105052948,0.011709321746993602,0.5318794250488281,0.024322440513454814
1450,0.6744260489940643,0.011523159117120983,0.5320195257663727,0.024167297964086214
1451,0.6744568645954132,0.01139815156443767,0.5321060419082642,0.02393797696133844
1452,0.6743814051151276,0.01145471263513929,0.5323154628276825,0.024182892298035243
1453,0.6744268238544464,0.011301550987650701,0.5323833227157593,0.02387998289778745
1454,0.674477219581604,0.01120010352328498,0.5323457419872284,0.023826414253330104
1455,0.6744901835918427,0.011036953072699309,0.5324482321739197,0.023575176889356664
1456,0.6744963824748993,0.010977694603692993,0.5324978828430176,0.02339908735627815
1457,0.6745451986789703,0.010889354809214158,0.5324080288410187,0.023223798613321342
1458,0.6744861602783203,0.010766918214290011,0.5326487123966217,0.02292641045022847
1459,0.6744579374790192,0.010622902432928287,0.5327669978141785,0.02236067330266674
1460,0.6744266152381897,0.010509653850979513,0.5329366028308868,0.02211542079118185
1461,0.6743829846382141,0.010336008835114631,0.533070981502533,0.02167603989545578
1462,0.6743428111076355,0.010195828416967397,0.5333252847194672,0.02136031785326067
1463,0.6742585301399231,0.010025217974195299,0.5336128771305084,0.021045986657066425
1464,0.6742170453071594,0.009965875211491958,0.5338991582393646,0.02102407029584076
1465,0.6741539537906647,0.009795306915568371,0.5340473353862762,0.020615077277891043
1466,0.6740791201591492,0.009656433049724975,0.534229040145874,0.020401013434304213
1467,0.6739339530467987,0.009416828215940542,0.5345121324062347,0.02013974512038518
1468,0.6738450825214386,0.009254225674385514,0.5349469780921936,0.019999775436480502
1469,0.6736281216144562,0.008854336375714152,0.5353460013866425,0.01933271726509858
1470,0.6736016571521759,0.008748547785951808,0.5354725122451782,0.019099350164893763
1471,0.6733642220497131,0.008378877777662755,0.5358855724334717,0.018795387093433192
1472,0.6734490990638733,0.008463930117957739,0.5361451804637909,0.018850135849648845
1473,0.6733539700508118,0.008321810944779004,0.5365718305110931,0.018571798062082902
1474,0.6732372641563416,0.008107452073252598,0.5368120968341827,0.01808104015802205
1475,0.6730284988880157,0.007827723439685795,0.5372856855392456,0.017971247617651172
1476,0.6727942824363708,0.007522790990709476,0.5378408133983612,0.017838358604296323
1477,0.6726768016815186,0.0072110728991229035,0.5380601584911346,0.01728159873546741
1478,0.6724877059459686,0.007023561570097936,0.5385613739490509,0.017174208565461653
1479,0.6722096800804138,0.00663104796991598,0.5389276146888733,0.016832524064583836
1480,0.6718751490116119,0.006220664105965405,0.5394414365291595,0.016515706204327445
1481,0.6715260148048401,0.005826211750751947,0.5400356948375702,0.016317110254144115
1482,0.6713196337223053,0.005681437326117027,0.5404955148696899,0.01639933875558887
1483,0.6710694134235382,0.005151988615123175,0.5407723188400269,0.015712935180740448
1484,0.6709233224391937,0.004943277421297228,0.5409658253192902,0.015517331656801388
1485,0.6707638502120972,0.00455160675808549,0.5411913096904755,0.014997998189450152
1486,0.67081618309021,0.004759306427547176,0.5414649248123169,0.015197900691937322
1487,0.6704967021942139,0.004370206722094602,0.5419822335243225,0.014866036406762543
1488,0.6705362796783447,0.004395832005989225,0.5422367751598358,0.014627695978433436
1489,0.6705774068832397,0.004253038483234317,0.5423277020454407,0.014252462586140947
1490,0.670877605676651,0.004684832946228426,0.5424344539642334,0.0142228754984863
1491,0.6709721684455872,0.00481274863145899,0.5425407886505127,0.014056058272080181
1492,0.6707788109779358,0.004715810879883933,0.5429859161376953,0.01404982053850057
1493,0.6706531047821045,0.004598305466235561,0.5432679653167725,0.013952461318440404
1494,0.6704332232475281,0.004341378277713151,0.5436293482780457,0.013650689883102403
1495,0.6702033281326294,0.004141349334680447,0.5440373718738556,0.013554552921649053
1496,0.6699240207672119,0.004061944672085923,0.5445558726787567,0.013526736001631864
1497,0.6695659756660461,0.003645702396192334,0.5450562834739685,0.013205113400645231
1498,0.6693477630615234,0.0031648068546830327,0.5453472137451172,0.012681733835836949
1499,0.6692493259906769,0.002702245192275971,0.5454936325550079,0.012137913049500883
1500,0.7612050771713257,0.04940622169841042,0.5462815165519714,0.06533907913468072
1501,0.7616845965385437,0.05045938714900064,0.5461437404155731,0.06446921032826437
1502,0.7617268860340118,0.05066974206991851,0.546185314655304,0.06424924592588602
1503,0.761981874704361,0.05104392179099823,0.5460088551044464,0.06383447878969031
1504,0.7616986334323883,0.050671680824950015,0.5461690425872803,0.06400825024610073
1505,0.7614238262176514,0.05069389221411526,0.5464465916156769,0.0635682792944955
1506,0.7610059380531311,0.0502669446386999,0.5467620491981506,0.06379743170984924
1507,0.7607214450836182,0.049800210438290256,0.5469582676887512,0.06413629237187682
1508,0.7604403495788574,0.049261742301715074,0.5471731424331665,0.0645564121578334
1509,0.7601022720336914,0.048833277439753325,0.547406405210495,0.0648364779661883
1510,0.7595154941082001,0.04854124192642134,0.5480275452136993,0.06462001175223635
1511,0.7590720355510712,0.047977148505951535,0.548296332359314,0.06489864456774187
1512,0.7587758898735046,0.04761936390894256,0.5483702123165131,0.06512105348733385
1513,0.7585118114948273,0.0471993705635315,0.5484630763530731,0.06536971989354813
1514,0.7583014369010925,0.04717176437775686,0.5487288236618042,0.06515405446971789
1515,0.7580922544002533,0.04691285628735444,0.5487626791000366,0.06526557503087771
1516,0.7579148411750793,0.04668412534048582,0.5488539040088654,0.06551200765412091
1517,0.757773369550705,0.04680496035516655,0.5490784645080566,0.0650271924557001
1518,0.7575472593307495,0.0465776624011473,0.5491303205490112,0.06516518123772476
1519,0.757110059261322,0.046104100411278895,0.5494482517242432,0.06546391809996999
1520,0.7566536366939545,0.04575634676421551,0.5498216152191162,0.06525116080868698
1521,0.756242424249649,0.045330157832073344,0.5500795245170593,0.06541435340612117
1522,0.7559452056884766,0.04504149406662224,0.5501095652580261,0.0653630185446349
1523,0.7555637955665588,0.04476627514584609,0.5505539774894714,0.06525866294772192
1524,0.7553733289241791,0.04465142498365391,0.5504887104034424,0.06491558760084325
1525,0.7552115619182587,0.04443327289576152,0.5502925217151642,0.06497193793730231
1526,0.754951536655426,0.044362339749717684,0.5505275428295135,0.0644724134887512
1527,0.7547794878482819,0.044249091167768914,0.5505374670028687,0.06434483497830872
1528,0.754586398601532,0.04414005727067123,0.5507149398326874,0.0642441461572162
1529,0.7544728219509125,0.04401964372447561,0.5504643321037292,0.06401263351834585
1530,0.7542961537837982,0.043928437944298036,0.550529956817627,0.06391316695586015
1531,0.7541339099407196,0.043844565715761355,0.550595223903656,0.06370968197124954
1532,0.7539860904216766,0.043765413934257896,0.5505495667457581,0.0634549464188497
1533,0.753882110118866,0.04358169582159891,0.5504305362701416,0.06382592297944259
1534,0.7537203133106232,0.04347392632995655,0.5504772365093231,0.06380573463900588
1535,0.7534844875335693,0.04343249597787034,0.5508533418178558,0.06347488187819536
1536,0.7533326148986816,0.04336244791564524,0.5508440434932709,0.06327476864146564
1537,0.7531934976577759,0.043276046876197904,0.5507436692714691,0.06310137650669181
1538,0.7530386745929718,0.043145349498965625,0.5507528185844421,0.06313454607646989
1539,0.7528587579727173,0.04310096886748365,0.5508526861667633,0.0628339968997387
1540,0.7526776790618896,0.04311656320143268,0.5509158670902252,0.062074089221087286
1541,0.7525489926338196,0.04300116513020985,0.5507801175117493,0.06195612019210529
1542,0.752385675907135,0.042850026531449786,0.5507530868053436,0.06204256337840114
1543,0.7522232234477997,0.04269125935310925,0.5509239137172699,0.062103170546559804
1544,0.751934289932251,0.04268329359874069,0.5515423119068146,0.06168161776775384
1545,0.7517491281032562,0.0424864256693463,0.5517284572124481,0.06186933983102136
1546,0.7515837550163269,0.042359774389571066,0.5517887473106384,0.06182892100329941
1547,0.751320093870163,0.04227307832218416,0.5522050261497498,0.061637574311059956
1548,0.7510939240455627,0.042211248895418677,0.5524772703647614,0.06144711270263922
1549,0.7508497834205627,0.0420078482045051,0.552765965461731,0.06168376725702789
1550,0.7507425844669342,0.04196346757302313,0.5526287853717804,0.06141904290153097
1551,0.7505148947238922,0.04169347486146235,0.5528099536895752,0.06170458780019228
1552,0.7502439618110657,0.041603744220982654,0.5531311631202698,0.061441001409605144
1553,0.7502436637878418,0.0415846095517587,0.5528359413146973,0.06145187529652096
1554,0.7501922845840454,0.04164310937749183,0.5527875125408173,0.061115669885949554
1555,0.7499390244483948,0.0415683408682335,0.5531241297721863,0.06092933866868289
1556,0.7497900426387787,0.04159324965570344,0.5531799793243408,0.06054639240311291
1557,0.7496713697910309,0.041505247036012695,0.5531833171844482,0.060436051953711385
1558,0.7494142651557922,0.04128342817229986,0.5534125566482544,0.060694833603568275
1559,0.7491903007030487,0.041107970841949004,0.5535887777805328,0.06082982995934867
1560,0.7101761698722839,0.014568395362578609,0.5234375,0.011048543456039806
1561,0.7048201262950897,0.012990038032694138,0.53125,0.02209708691207961
1562,0.718515545129776,0.00911404525623828,0.5000000149011612,0.014731398299194492
1563,0.7101379632949829,0.003453512766982657,0.515625,0.016572815184059706
1564,0.7135070562362671,0.006203678926015514,0.5,0.02209708691207961
1565,0.7225463390350342,0.004698193497206379,0.4752604216337204,0.023938503796944826
1566,0.7225792407989502,0.000408487255767585,0.475446417927742,0.01578363651911747
1567,0.7221432030200958,0.007626430091197764,0.47265625,0.005524271728019903
1568,0.7264056205749512,0.008404671648951423,0.4548611044883728,0.002455222513153621
1569,0.7258910536766052,0.007349314562238636,0.4476562589406967,0.0011048585602888316
1570,0.7253788411617279,0.005074607001257174,0.44247159361839294,0.007030895121738831
1571,0.7228114604949951,0.004387655517378112,0.4485677033662796,0.010127824476895069
1572,0.7220742106437683,0.004219152417031558,0.4453125,0.007648978655151092
1573,0.7200757265090942,0.0037766948013641926,0.4486607164144516,0.006313450392962138
1574,0.717578262090683,0.004322622930125803,0.4557291716337204,0.0022096960471534076
1575,0.7157741189002991,0.003638284550854416,0.46142578125,0.0020716018980074633
1576,0.714145302772522,0.003020748926472797,0.46691176295280457,0.0038994685710764267
1577,0.7134007811546326,0.0031188667898061585,0.4652777761220932,0.006138077356308308
1578,0.7120437622070312,0.002889587933906895,0.4712170958518982,0.00930404324932539
1579,0.7111726999282837,0.0024435056892675926,0.47187499701976776,0.0143631191369063
1580,0.7099692225456238,0.0028727291945025374,0.4761904776096344,0.007365709686309374
1581,0.7092335224151611,0.002759016997220145,0.4783380776643753,0.010546342682608248
1582,0.7085586190223694,0.0025933798825723314,0.47927989065647125,0.01008778497080972
1583,0.707924872636795,0.0020500648584183966,0.4798177033662796,0.010127824476895069
1584,0.7076581120491028,0.00238399433917021,0.4790624976158142,0.0066291092148844785
1585,0.7070709764957428,0.0019903849209269705,0.4810697138309479,0.008923836528908616
1586,0.706607460975647,0.002030129399072744,0.4809027761220932,0.009002503621654199
1587,0.7059874832630157,0.0017601788343604675,0.4829799085855484,0.01302150065510752
1588,0.7054409980773926,0.001839541350106481,0.48491378128528595,0.01066755701892558
1589,0.7048709988594055,0.0018831211914667454,0.4867187589406967,0.009943684895750973
1590,0.7044934630393982,0.0019649703712749014,0.4881552457809448,0.006771692003396833
1591,0.7041797637939453,0.0021682024747944327,0.489013671875,0.005869538711021146
1592,0.7037997543811798,0.002155263392301588,0.49029356241226196,0.005691679010305173
1593,0.7035145461559296,0.0023021873062105645,0.49034926295280457,0.0038994685710764267
1594,0.7032482028007507,0.0023245672827698492,0.4910714328289032,0.003156714659768941
1595,0.7030414342880249,0.0024045620012435264,0.4898003488779068,0.0015345035340088853
1596,0.7029173076152802,0.0025873528832352738,0.48775339126586914,0.0005972208433993684
1597,0.7025036811828613,0.00267910657244349,0.49054276943206787,0.0011630001378096098
1598,0.7023642361164093,0.0026216604179231415,0.4893830120563507,0.0025496736006665344
1599,0.70210400223732,0.002524301197862976,0.4896484464406967,0.002485926492293807
1600,0.6923872232437134,0.00029283630345369174,0.5520467758178711,0.021017959002806678
1601,0.6923888325691223,0.00030741911303846104,0.5518943071365356,0.021048894789613675
1602,0.6924082934856415,0.0003161435106802161,0.5516433715820312,0.021219926700870882
1603,0.6924037635326385,0.00032305559383600277,0.5516115128993988,0.021250145991253196
1604,0.6924095153808594,0.000334477389782455,0.551362544298172,0.02136402677592963
1605,0.692410945892334,0.00031095944831337614,0.5512330532073975,0.021254402822952795
1606,0.6924140155315399,0.0003135304060725407,0.551123857498169,0.02122877753905817
1607,0.6923953294754028,0.0002937635341209314,0.5511327981948853,0.02103692508463658
1608,0.6923979818820953,0.0003097371897065602,0.5510439574718475,0.02126076699707794
1609,0.6923821270465851,0.00029810465951755346,0.5512480437755585,0.02101462940177432
1610,0.6923798620700836,0.0003095686023125167,0.5510426461696625,0.021072370584234244
1611,0.6923756301403046,0.00028571348605535064,0.5509352684020996,0.020882836206480754
1612,0.6923712491989136,0.00029275200975666994,0.5509639382362366,0.020831079876509374
1613,0.692388266324997,0.0002954915549098781,0.5506834983825684,0.020724954111958942
1614,0.6923733949661255,0.00029620805133456324,0.5508474707603455,0.0206466452674257
1615,0.6923900544643402,0.0003178293846206519,0.5506455600261688,0.020758882325010213
1616,0.6923993825912476,0.0003284925372939081,0.5504638254642487,0.02095191489119011
1617,0.6923904120922089,0.0003373012286326849,0.5504167973995209,0.02090066432340086
1618,0.6923701167106628,0.00032596372638325446,0.5505225658416748,0.020957520422042058
1619,0.6923818588256836,0.0003119709726776376,0.5504756271839142,0.020637415107601816
1620,0.6923690736293793,0.00028057157053702157,0.5504858791828156,0.020453064792215165
1621,0.6923661530017853,0.0002643028870118165,0.5504960715770721,0.020216030916189898
1622,0.6923937499523163,0.00031032724558571273,0.5503739714622498,0.020380867240716007
1623,0.6923837959766388,0.00031580633589212896,0.5501770973205566,0.0203317240153523
1624,0.6923982799053192,0.00032153830728961054,0.5499624013900757,0.02025619686282078
1625,0.6923800706863403,0.00030328872188439344,0.5500674843788147,0.0201015179287858
1626,0.6923607289791107,0.000293131331393268,0.5500972867012024,0.020000449786056675
1627,0.6923200488090515,0.0002500993990636452,0.5501455664634705,0.019767967769670585
1628,0.6923605501651764,0.00023994200857251972,0.5498026609420776,0.019510197644177957
1629,0.6923941075801849,0.0002407849455427376,0.5495542287826538,0.01933250653085603
1630,0.6924125254154205,0.00024002630226954152,0.5493996441364288,0.019129400867882028
1631,0.692398339509964,0.0002373289039648443,0.549430638551712,0.019136397244734836
1632,0.6923717856407166,0.00020222057915526956,0.5494614839553833,0.019039080171523184
1633,0.6923447251319885,0.00015594333949030793,0.549547404050827,0.018760110181229576
1634,0.6923408508300781,0.00017457224653212307,0.5494676828384399,0.01871598243083867
1635,0.6923234462738037,0.00017356072216786163,0.5494249761104584,0.01872394818520723
1636,0.6922786235809326,0.000100225205758906,0.5495286583900452,0.018473469464506984
1637,0.6922776699066162,8.699109532648528e-05,0.549431324005127,0.01835301377146285
1638,0.6922659575939178,0.00010574644291383312,0.5494799315929413,0.01833602859151296
1639,0.6922602355480194,8.155415186857995e-05,0.5493287444114685,0.018293418127668444
1640,0.6922497451305389,9.942441563719902e-05,0.5493954718112946,0.018404643660888696
1641,0.6922251880168915,6.84886288302028e-05,0.5493715703487396,0.018234370392904684
1642,0.692228227853775,8.585313041669114e-05,0.549293726682663,0.01824330552478899
1643,0.6922520995140076,0.00012896935644333575,0.5490904450416565,0.018531800702846064
1644,0.6922421753406525,8.576883671966935e-05,0.5491032898426056,0.018311752006770685
1645,0.6921830773353577,3.95337439032186e-05,0.5491876602172852,0.01824452778339581
1646,0.6922005116939545,5.820479779354466e-05,0.5491466522216797,0.018202802403370022
1647,0.6921740770339966,6.718207652636509e-05,0.5492127537727356,0.01826206087237634
1648,0.6922265887260437,0.00012483896528926811,0.5489053130149841,0.018346185982004083
1649,0.6922386884689331,0.00014793543827323804,0.5487233996391296,0.018204235396219393
1650,0.6922192871570587,0.00013120313941441313,0.5487015545368195,0.017987895622812975
1651,0.6922591626644135,0.00016980965265039205,0.5485032498836517,0.018221810632048436
1652,0.6922512054443359,0.00016049519912948447,0.5484643280506134,0.01813094202665895
1653,0.6922282874584198,0.00020175696382164973,0.5485837757587433,0.018363508336742062
1654,0.6922190189361572,0.0002506051612457759,0.5485624074935913,0.018446242600368947
1655,0.6922639608383179,0.0003032044281873717,0.5482787489891052,0.01845441908898006
1656,0.6922458410263062,0.0003263009011713416,0.5483628809452057,0.018684751616092097
1657,0.692225456237793,0.0003960960823053821,0.5485163033008575,0.01891394617829434
1658,0.692207932472229,0.0003772142941725016,0.5485647916793823,0.018601595883980103
1659,0.6922049820423126,0.0003884675027249103,0.5484049916267395,0.018682939301606128
1660,0.6921591758728027,0.00041944543638041743,0.5485226809978485,0.018714928759625896
1661,0.6921291649341583,0.0004830450307833565,0.5485190451145172,0.019015351495811548
1662,0.6921455562114716,0.00044814744021633623,0.548446536064148,0.01882725011090743
1663,0.6921581029891968,0.0004209627229268096,0.5482884347438812,0.018761543174078944
1664,0.6921568810939789,0.00041704306601529644,0.5483367443084717,0.018744642287826078
1665,0.6921536326408386,0.0003692906866524535,0.548265129327774,0.018606779946346942
1666,0.692121833562851,0.00039242930648493435,0.5484327971935272,0.018566150384382443
1667,0.6921327412128448,0.00038754027205767063,0.548344224691391,0.01845336541776729
1668,0.6921099424362183,0.0003837049088431793,0.5484600067138672,0.018485354875787056
1669,0.6920919120311737,0.0003984984526705031,0.5483717918395996,0.01837324425874808
1670,0.6920606195926666,0.00041476713619570816,0.5484700798988342,0.018333457633753793
1671,0.6920449137687683,0.00045021263579337006,0.5483990907669067,0.01853264363981628
1672,0.6920151114463806,0.00042425017711065935,0.5484800338745117,0.018325871201021835
1673,0.6920101344585419,0.00045295218094657815,0.54827481508255,0.018381505041056213
1674,0.6919946372509003,0.00047284549344372013,0.5483221709728241,0.01850815632083145
1675,0.6919437348842621,0.0005353071229368651,0.548503190279007,0.0185868866338498
1676,0.691923975944519,0.0005560855192527359,0.548299252986908,0.018736128624426876
1677,0.6918998956680298,0.0005840710266639695,0.5482295453548431,0.0188847805591248
1678,0.6918649673461914,0.0006334671331187373,0.5482432544231415,0.019056318232564137
1679,0.6918486654758453,0.00066141049368146,0.5483399629592896,0.01910971828962744
1680,0.6918392181396484,0.0006569850745878162,0.5483368635177612,0.018975522723968755
1681,0.6918068528175354,0.00067932290429859,0.5483503043651581,0.019052272135107094
1682,0.691771924495697,0.000741784533791735,0.5483472049236298,0.01915199157868387
1683,0.6917405128479004,0.0007903377032762849,0.548327624797821,0.019367657002514114
1684,0.6917182505130768,0.0008103574563189596,0.5483081340789795,0.01939665403428961
1685,0.6916572749614716,0.0007761342153281136,0.5485182404518127,0.019286397878585108
1686,0.6915472745895386,0.0008641789818673712,0.5487765073776245,0.01938485291670656
1687,0.6914207637310028,0.0009643620407777663,0.5491153001785278,0.019413597067390986
1688,0.6913774609565735,0.0009763738926033711,0.5491757988929749,0.019465269103665344
1689,0.6912907958030701,0.0010867986357019136,0.5493173003196716,0.019539700438135583
1690,0.6911654770374298,0.0012301400674874642,0.5494095683097839,0.019590866712227806
1691,0.691123753786087,0.0012609915605974386,0.5495337843894958,0.019641864398925988
1692,0.6910300850868225,0.001347519040590304,0.5497382879257202,0.01976113998021182
1693,0.6908928155899048,0.0014302954510656998,0.5499097108840942,0.019788788312834964
1694,0.690846860408783,0.0014884581020107336,0.5500161051750183,0.019588759369802262
1695,0.6906668841838837,0.0016908894154085577,0.5504270493984222,0.019730162046556313
1696,0.6905813813209534,0.0018803394994650264,0.5504838526248932,0.02023347971147341
1697,0.6905323565006256,0.0019526213446612096,0.5505244135856628,0.020440800059298495
1698,0.6904958784580231,0.0017788920350993043,0.5507563352584839,0.020150829741543544
1699,0.6903071403503418,0.0019097579997256304,0.5511146485805511,0.020312462905582824
1700,0.6551638543605804,0.06170758022643655,0.6107564717531204,0.15685900084763135
1701,0.6552380919456482,0.06162686901153819,0.6107330322265625,0.15660015597750168
1702,0.6551680862903595,0.06174323646027677,0.6108486950397491,0.15681986749878898
1703,0.6551040410995483,0.06177699608593399,0.6108449548482895,0.15681445162875532
1704,0.6550005376338959,0.06184455748409696,0.61101895570755,0.1566693611027566
1705,0.6550903916358948,0.06167483212514358,0.6108769178390503,0.1563022620522267
1706,0.6549718379974365,0.061804475831163094,0.6110892593860626,0.15643708982061305
1707,0.6550157964229584,0.061640313856213165,0.6109282076358795,0.15610008361991992
1708,0.6549696326255798,0.06174226708276102,0.6109243035316467,0.1560965011377965
1709,0.6548042595386505,0.06192994699918003,0.6110374629497528,0.15625847147662386
1710,0.6545539796352386,0.06220516591995617,0.6113834381103516,0.15636455509432579
1711,0.6544467210769653,0.06243457121640096,0.6113784313201904,0.15668967588373883
1712,0.6543906331062317,0.06252366965415299,0.6114121973514557,0.1568489488242615
1713,0.6543128490447998,0.0626347687468277,0.6114457845687866,0.15722586809049444
1714,0.6542236804962158,0.06279737128838274,0.6113058477640152,0.15768263456123124
1715,0.6542655825614929,0.06270481680905281,0.6114740371704102,0.15748507120883642
1716,0.6539467573165894,0.06319304590220301,0.6116605401039124,0.15796605104404274
1717,0.6538464426994324,0.06332538700652722,0.6117696464061737,0.15817429862253507
1718,0.6535369157791138,0.06376396711213159,0.6119736135005951,0.1584085508065586
1719,0.6531518399715424,0.06423344085769443,0.6122526824474335,0.15864162287882386
1720,0.652959942817688,0.06446242468565412,0.6124164760112762,0.15871251387801918
1721,0.6529621183872223,0.0643896370782758,0.6125416457653046,0.15878306770242642
1722,0.6530617475509644,0.06421906878235221,0.6125150918960571,0.15869299988715865
1723,0.6529048085212708,0.0644008059931312,0.6127713322639465,0.15863003249548338
1724,0.6528337895870209,0.06451506609944423,0.6126879751682281,0.1588332224521544
1725,0.6529792547225952,0.06426762195183676,0.6126612722873688,0.1585845560459401
1726,0.6531875729560852,0.06398009615129545,0.6124663352966309,0.15852230515068952
1727,0.6537913680076599,0.06308987041704835,0.6121230125427246,0.158090805715635
1728,0.6539838016033173,0.0627953060928057,0.6119489073753357,0.15795104676597285
1729,0.6543423235416412,0.062219242967358805,0.6117756366729736,0.15744418876578084
1730,0.6548388600349426,0.06145836591119164,0.6114363968372345,0.15675631005123455
1731,0.6550869643688202,0.06102716150407668,0.6114130318164825,0.15604554559794684
1732,0.6553373634815216,0.06061462815085204,0.6111500561237335,0.15541637744337622
1733,0.6556196510791779,0.060200661804778045,0.6108514964580536,0.15468614114607646
1734,0.6558944582939148,0.059791120877797685,0.6104075014591217,0.15390735167929215
1735,0.6560685038566589,0.059526522962846294,0.610075443983078,0.15333938074875936
1736,0.6561257541179657,0.0593671657286266,0.610000729560852,0.1529291654722028
1737,0.6562348008155823,0.05917029779923222,0.6097987592220306,0.15239191959423445
1738,0.6563375294208527,0.05898084771517575,0.609597772359848,0.15175432206996164
1739,0.6563858091831207,0.05885811609231203,0.6097423732280731,0.15145322498419983
1740,0.6564750969409943,0.05868995016675356,0.609415739774704,0.1508975609334322
1741,0.6565694510936737,0.05856679707540473,0.6091267168521881,0.15085524549752727
1742,0.6566669642925262,0.058397535331784975,0.6086768507957458,0.15027804440717057
1743,0.6567486524581909,0.05821288998845875,0.6084447801113129,0.1493983975318997
1744,0.6568427681922913,0.05807009646570384,0.6080344319343567,0.14877652078212145
1745,0.6569215357303619,0.05792903096373788,0.6077512204647064,0.14843576351191087
1746,0.6569967567920685,0.05780402341105457,0.6075764000415802,0.1481975495241273
1747,0.6570776104927063,0.05765823746205538,0.607242077589035,0.14778408894023543
1748,0.6571764349937439,0.05754275509713554,0.6067493557929993,0.14759876924733303
1749,0.6572529673576355,0.05740265897268532,0.6065070927143097,0.14726374394851993
1750,0.657330721616745,0.057260244771567013,0.6062305569648743,0.1468802497739193
1751,0.6573841869831085,0.05710843182323077,0.6062199771404266,0.14657337856991148
1752,0.6574783325195312,0.056991727199704106,0.6059277057647705,0.14656676151469528
1753,0.6575745046138763,0.056885727875699205,0.6056543588638306,0.1463862044156746
1754,0.6576285362243652,0.056729573801966346,0.6056101024150848,0.1458345443155155
1755,0.6576934456825256,0.056588297565757825,0.6054261326789856,0.14533489342641887
1756,0.6577433347702026,0.05646421724374175,0.605469822883606,0.1453064021568255
1757,0.6577972769737244,0.056300434590428425,0.605199933052063,0.14493323396011004
1758,0.6578628718852997,0.05618179121187025,0.6052265763282776,0.1447829382983202
1759,0.6579215228557587,0.05603807045844811,0.6051490902900696,0.14428998875813678
1760,0.6579630076885223,0.055871590406830075,0.6051238775253296,0.14387265066418192
1761,0.6580870449542999,0.0557869595350202,0.6048398315906525,0.14343276400627372
1762,0.6581556797027588,0.05569006393029365,0.6046948134899139,0.14318957669036586
1763,0.6582323312759399,0.05560416865302845,0.6046535670757294,0.14314195075154854
1764,0.6582693457603455,0.05547014167476381,0.6046124696731567,0.14290057575012666
1765,0.6583321988582611,0.05534315322020049,0.6045031547546387,0.1426601701262205
1766,0.6583647429943085,0.055209126241935844,0.6045137941837311,0.14239671017617891
1767,0.6584160923957825,0.05498545291688853,0.6043029427528381,0.1417730632587632
1768,0.6584864258766174,0.05481796134090623,0.6041609942913055,0.14124829284795407
1769,0.6585848033428192,0.054687348257370975,0.6038500666618347,0.14086968770778072
1770,0.6586546897888184,0.05462535024321145,0.6037943363189697,0.14089961197022344
1771,0.6586922407150269,0.05448120802130419,0.6038233041763306,0.14038010991547817
1772,0.6587347686290741,0.05440226697404329,0.603734165430069,0.14041091926173963
1773,0.6587805449962616,0.054258209045833054,0.6036622226238251,0.14018003882559696
1774,0.6588624119758606,0.05411781789344326,0.6034228205680847,0.1398552973578205
1775,0.658925324678421,0.053950958520188635,0.6032513976097107,0.13943720062059245
1776,0.6589676141738892,0.05385709748855487,0.6032311022281647,0.1392335049017393
1777,0.6589822471141815,0.05373466089363073,0.6032941937446594,0.13900713417838728
1778,0.659026563167572,0.05365850153837154,0.6032073497772217,0.13894635842283456
1779,0.6590716242790222,0.0535020524366991,0.6032204627990723,0.1384164039496586
1780,0.6590828001499176,0.05346517394425207,0.6032500565052032,0.13852113886820816
1781,0.6591200828552246,0.053358837445459086,0.6032299697399139,0.1382748326855105
1782,0.6591699123382568,0.0531491990209659,0.6029625236988068,0.13777294801344278
1783,0.6592549085617065,0.05296611311103457,0.6027455925941467,0.137156718941365
1784,0.6593224704265594,0.05279621916468716,0.6026281416416168,0.13663607892170992
1785,0.6593912243843079,0.05266231862696805,0.6023963987827301,0.13637257682481982
1786,0.6594493091106415,0.052451795118656136,0.6022965312004089,0.1357400790692168
1787,0.6594958901405334,0.05242528475094278,0.6023276448249817,0.135802709286104
1788,0.6595638692378998,0.05227570558557762,0.6020979881286621,0.13540442156767607
1789,0.6596223711967468,0.052071756985633405,0.6019018292427063,0.13491577100604074
1790,0.6596954464912415,0.05188858678200506,0.6017551124095917,0.13426860614715597
1791,0.6597453951835632,0.05172960886942196,0.6015928685665131,0.1338759661064285
1792,0.6598396003246307,0.05156156938440903,0.6012697219848633,0.13330213676395267
1793,0.6599436104297638,0.051448615830399835,0.6010768413543701,0.13277631268193074
1794,0.660020649433136,0.05135719931597971,0.6009491682052612,0.13243467032790143
1795,0.660105973482132,0.05123973604917984,0.6007577776908875,0.13204894237032974
1796,0.6601540744304657,0.05106659679549709,0.6004870533943176,0.13159687527320188
1797,0.660230815410614,0.05093640518044694,0.6000895500183105,0.13119192835270924
1798,0.6602672934532166,0.05085784345482263,0.6001723408699036,0.1311496129168043
1799,0.6603184044361115,0.05073473251032231,0.5999840795993805,0.13085976903959487
1800,0.6852545738220215,0.011314911538628656,0.5369055271148682,0.05230516623268673
1801,0.6852510869503021,0.011318999782934212,0.537030428647995,0.05231262622487316
1802,0.6852354109287262,0.011349514101256099,0.5370950996875763,0.05246039307575236
1803,0.685226708650589,0.011431869043246386,0.5369219034910202,0.05266343551845359
1804,0.6852169930934906,0.011451003712470332,0.5370655655860901,0.052865466436790555
1805,0.6852012574672699,0.011438865420099194,0.5372281819581985,0.05287143021585485
1806,0.6851812303066254,0.011457325739746966,0.5374292582273483,0.05304410585420398
1807,0.6851752996444702,0.01145231026477417,0.5375313758850098,0.053021915538463
1808,0.6851247847080231,0.011529565438094639,0.5374569892883301,0.05313807225295902
1809,0.6851254105567932,0.011506173937171092,0.5375000238418579,0.052757233329814586
1810,0.685084730386734,0.011530408375064857,0.5378735065460205,0.05273590702446807
1811,0.6850786507129669,0.011557129477020762,0.5377406179904938,0.05276958235642827
1812,0.68507519364357,0.011574241097516187,0.537743866443634,0.052885191161893656
1813,0.6850912868976593,0.011551650386714346,0.5377278327941895,0.053027563216163455
1814,0.6850405335426331,0.01162435370039564,0.5378274321556091,0.05306026917060791
1815,0.684977799654007,0.011701524580019086,0.538080245256424,0.05298410981534873
1816,0.6849677264690399,0.01172951008743032,0.5379484593868256,0.052962530628911146
1817,0.6849891543388367,0.011689849902981568,0.5380085706710815,0.052941077883019105
1818,0.6849604845046997,0.011745483743015948,0.5380111634731293,0.05310852731215288
1819,0.6848623752593994,0.011857510066357905,0.5382610261440277,0.05319442258941809
1820,0.6848243772983551,0.01191192164778547,0.5383578836917877,0.0532799806918952
1821,0.6848078966140747,0.011906568998024586,0.5383974611759186,0.05290984706827253
1822,0.684757649898529,0.011973835368247972,0.5385312736034393,0.052942215847928895
1823,0.6847481727600098,0.011994065855533202,0.538494884967804,0.052947737085083824
1824,0.6846985518932343,0.012045274276473937,0.5386278331279755,0.05287351648485614
1825,0.6847388744354248,0.011985467898436979,0.5386475920677185,0.05279963305941654
1826,0.684710681438446,0.012035285473376857,0.5385738015174866,0.05307004723946244
1827,0.6847399473190308,0.011986648010195285,0.5385376214981079,0.05307527344867779
1828,0.6847158372402191,0.012006836350632002,0.5386877954006195,0.052975090389767394
1829,0.6846752166748047,0.012095724054141478,0.5386886894702911,0.05324314434629668
1830,0.6846214532852173,0.01218204079989179,0.5386896133422852,0.053405114685124044
1831,0.6845001876354218,0.01236634896842993,0.5386904776096344,0.05346171790267418
1832,0.6843372583389282,0.012595164208995573,0.5389126539230347,0.0536746016345027
1833,0.6844050288200378,0.012474624222254416,0.5390233993530273,0.05336608670340296
1834,0.6842589378356934,0.012685948520688039,0.5392988324165344,0.053500282269061644
1835,0.6844272911548615,0.012419116822765568,0.5392982661724091,0.05298638574516831
1836,0.6844191253185272,0.012392732895597749,0.5395352244377136,0.053017532266217866
1837,0.6843846142292023,0.012436481324352057,0.5395888090133667,0.053151559244482505
1838,0.6840980052947998,0.012832366672414884,0.5400421917438507,0.05354221838332998
1839,0.6838964819908142,0.013125371563262619,0.5403483211994171,0.053930980913994474
1840,0.6839492321014404,0.013059706773282647,0.5403996407985687,0.05395964077098188
1841,0.6837639212608337,0.013325400506295323,0.5407035648822784,0.05414137798176085
1842,0.6836373805999756,0.013531582889210615,0.5408259034156799,0.054729958721215485
1843,0.6834026873111725,0.013848232162072963,0.5412891805171967,0.05503615557564713
1844,0.6831800639629364,0.014198641060592536,0.5414992868900299,0.05569609092963071
1845,0.6829886436462402,0.014471541904700574,0.5416905283927917,0.05607461177610705
1846,0.6827103197574615,0.014838514514684929,0.5421486794948578,0.056325174790504313
1847,0.6826220750808716,0.01499171830902203,0.5422841310501099,0.056927242521482437
1848,0.682940661907196,0.014534593590072873,0.5423656404018402,0.05679772525600846
1849,0.6828814744949341,0.01462883394334323,0.5425354540348053,0.057095113419101326
1850,0.6828863620758057,0.014615937007698898,0.5427752733230591,0.05714092704343267
1851,0.682827353477478,0.014731672253709813,0.5427491962909698,0.05756100468254075
1852,0.6828237771987915,0.014742630434322645,0.5428818166255951,0.05765541362320516
1853,0.6826910972595215,0.01492436764510162,0.543084055185318,0.057898432351718966
1854,0.6825639009475708,0.015118748910433863,0.543215274810791,0.058190046396565845
1855,0.6824690699577332,0.015267274404586254,0.5433109402656555,0.05843078919526007
1856,0.6823325455188751,0.015464395215071706,0.5434585213661194,0.05864582241636265
1857,0.6821825206279755,0.015649166998943465,0.5437970161437988,0.05868746350269142
1858,0.681988388299942,0.015933911107483066,0.5439602434635162,0.05917126717674797
1859,0.681803286075592,0.01619770823231275,0.5442267656326294,0.059603904576712295
1860,0.6817527711391449,0.016252625575922445,0.5444748103618622,0.05966767275850928
1861,0.6814349591732025,0.016712531986873322,0.5447390079498291,0.06024369373710767
1862,0.6812977492809296,0.01689443778504634,0.5450364947319031,0.06042753829031219
1863,0.6810986995697021,0.017165652755213943,0.5454185903072357,0.0607320492708034
1864,0.681004524230957,0.017264192087032414,0.5458504557609558,0.06076850629476532
1865,0.6811590790748596,0.017032974476101647,0.5459724962711334,0.06075641014924269
1866,0.6809042394161224,0.017402981659178786,0.5461452007293701,0.06129964087969961
1867,0.6806545555591583,0.017775391212621047,0.546385258436203,0.06179237968564047
1868,0.6806680262088776,0.017735520293929743,0.5465902984142303,0.061802157754495
1869,0.6804081797599792,0.01807905925614204,0.5469131469726562,0.06207573294817921
1870,0.680245578289032,0.018283050002934766,0.5472515523433685,0.06213275763421445
1871,0.6800687909126282,0.018530620591087756,0.5473858416080475,0.06242829133597284
1872,0.6800014078617096,0.018620519818961494,0.5475869476795197,0.06262730875464127
1873,0.6798785328865051,0.018812583007625637,0.5476695001125336,0.06289671141032291
1874,0.6798295676708221,0.018901470711135113,0.5476509928703308,0.06325997509763831
1875,0.6797497570514679,0.019020746292420943,0.5476493537425995,0.06336116968091296
1876,0.6797106266021729,0.019090077858221366,0.5475975573062897,0.06343829841368791
1877,0.6798355877399445,0.018892957047735914,0.5476126968860626,0.06313787567750224
1878,0.6799080669879913,0.01879239466718892,0.5475778579711914,0.06309754114347732
1879,0.6797208189964294,0.019048521065589623,0.5479581654071808,0.0633156510845212
1880,0.6797959506511688,0.018960897767535474,0.5478399097919464,0.06334540675956989
1881,0.6797041296958923,0.01907144895117955,0.5481023490428925,0.0633048614913024
1882,0.6797842979431152,0.018949223090497958,0.5480502843856812,0.06314786448059934
1883,0.6798056662082672,0.018926843113938673,0.5479325652122498,0.06303811408707696
1884,0.6797063648700714,0.019051007729651764,0.5481110513210297,0.06306816479006523
1885,0.6797159910202026,0.01906917302135996,0.5479445159435272,0.06312126981918896
1886,0.6797057688236237,0.019094334689920965,0.5479750037193298,0.06326671859340005
1887,0.6796834468841553,0.019102384737986547,0.5481522679328918,0.06306525665751798
1888,0.6796646416187286,0.019110266198658084,0.5482636094093323,0.06300287932172186
1889,0.6796280145645142,0.019121856581998577,0.5485695600509644,0.06289481480213992
1890,0.6794731914997101,0.019341905278073956,0.5486958026885986,0.06313125862228604
1891,0.6792711913585663,0.019619990184548835,0.5488701164722443,0.06329803370184364
1892,0.679122120141983,0.019844295712323812,0.5489467680454254,0.06337280221110198
1893,0.6789755821228027,0.02000474876460479,0.5493455231189728,0.06317361620503949
1894,0.6790147721767426,0.019962644062942403,0.5493403971195221,0.06322554112240492
1895,0.6788929104804993,0.020141388847477106,0.5494477152824402,0.06334536461272137
1896,0.6788357794284821,0.020208191602366872,0.5497468411922455,0.06346468234085573
1897,0.6786779165267944,0.020428914648018423,0.5498529076576233,0.06371920715901301
1898,0.6785164177417755,0.020664051915860703,0.5499584972858429,0.06401781758071269
1899,0.6783461272716522,0.020920979104383113,0.550047755241394,0.0642476443456426
1900,0.662224680185318,0.04385822129467888,0.5933011472225189,0.13183487852674292
1901,0.6621161103248596,0.04399920250294782,0.5934017896652222,0.13158355686907244
1902,0.6619175374507904,0.04420981030495676,0.5938591361045837,0.1313895970722253
1903,0.6616999506950378,0.04450909507623262,0.594096451997757,0.13150461582181155
1904,0.6614207625389099,0.044832361404311176,0.5945300161838531,0.13139562407156238
1905,0.6614025831222534,0.04482646084551965,0.5947644114494324,0.13134289836407526
1906,0.6614879071712494,0.044747014036076616,0.5946636199951172,0.1315961166299287
1907,0.6613215506076813,0.04499989512714198,0.5946809351444244,0.13173718213189467
1908,0.6611227095127106,0.04531313050527495,0.5947372615337372,0.13204342113317483
1909,0.6611851155757904,0.04525825530851376,0.5947152972221375,0.13229297262320783
1910,0.6610308885574341,0.045495668506175625,0.5948490500450134,0.13248625807047879
1911,0.6607806980609894,0.045816448170192044,0.5951179563999176,0.13248646880472134
1912,0.6608816981315613,0.0456781643602278,0.595153272151947,0.13243197292959674
1913,0.6606931984424591,0.04593117189183869,0.5953235924243927,0.13251428572473853
1914,0.6606051921844482,0.04600294797485275,0.5956664085388184,0.13251441216528406
1915,0.6604183614253998,0.04626059165979984,0.5957769751548767,0.1326233196218362
1916,0.6600698530673981,0.04667986850878622,0.5961361527442932,0.13265029360488317
1917,0.6600682139396667,0.04665900581877332,0.5963406264781952,0.1325149600743147
1918,0.6597784161567688,0.047098681742438975,0.5965631604194641,0.13278482634532995
1919,0.659483015537262,0.04753507021192077,0.5966894924640656,0.13313409727893974
1920,0.6592716574668884,0.047852267393813756,0.5968151986598969,0.13337433431545181
1921,0.6595089137554169,0.04751859079415301,0.596713125705719,0.13334563231161592
1922,0.6593412756919861,0.04779123875716998,0.5967815220355988,0.13355750451908016
1923,0.6592245101928711,0.047927457371557194,0.5970003008842468,0.13350182853219728
1924,0.6589518487453461,0.04827664401146995,0.5972180366516113,0.13371230989366067
1925,0.658926248550415,0.048297590995179863,0.5972097218036652,0.13376259108393418
1926,0.658879429101944,0.048411261045613746,0.5971453189849854,0.13415662197066253
1927,0.6586257517337799,0.04882025406356346,0.5971932113170624,0.13470710195906332
1928,0.6585829257965088,0.04890804594901165,0.597222238779068,0.13486001072546083
1929,0.6587139368057251,0.0487035494400368,0.5972139537334442,0.13459195676893154
1930,0.6584962904453278,0.048986144059302336,0.5975207388401031,0.13466579804752266
1931,0.658354640007019,0.04915030603425227,0.5978075861930847,0.13466086686624687
1932,0.6581656336784363,0.049374780149421295,0.5981299877166748,0.1346559778318196
1933,0.6581558883190155,0.049370523317721696,0.5982300639152527,0.134494976870508
1934,0.6580649316310883,0.04953860494958314,0.5981644690036774,0.13482789482689553
1935,0.6579485833644867,0.04969378964580025,0.5981907546520233,0.13492626557131995
1936,0.6579683423042297,0.04967368559906055,0.59818035364151,0.13497241637043939
1937,0.6578754186630249,0.04977542809136585,0.5982975959777832,0.13483796792368966
1938,0.6576047241687775,0.05018901511580325,0.5984143316745758,0.13532135012926108
1939,0.6573842167854309,0.050512660765518407,0.5984760522842407,0.13567416139814578
1940,0.6570357978343964,0.05096831034476969,0.5989356935024261,0.13582062169672113
1941,0.6568282246589661,0.05129423192430443,0.5989778935909271,0.13624731639104543
1942,0.6572062075138092,0.050722678511648196,0.5988577306270599,0.13562733624945017
1943,0.6569942533969879,0.05102605152722961,0.5990796387195587,0.13589994206561865
1944,0.6568702757358551,0.05123122238578064,0.5991033017635345,0.13609525056161811
1945,0.6565308272838593,0.051707397480256725,0.5994488894939423,0.13628963182695036
1946,0.656419038772583,0.051907468570137935,0.5993823111057281,0.136609357819754
1947,0.6560983061790466,0.05236080007272111,0.5995654165744781,0.1370283817876493
1948,0.6560987234115601,0.05235675397526407,0.5996055006980896,0.1370434282125677
1949,0.6561000347137451,0.052332645977915836,0.5997340381145477,0.13698311607234862
1950,0.8213150501251221,0.1844056120518968,0.5546875,0.05524271728019903
1951,0.7653655111789703,0.10408564634826134,0.58984375,0.060766989008218926
1952,0.7321591675281525,0.05599971682630319,0.5885416865348816,0.08838834764831845
1953,0.7153995633125305,0.0340520404921947,0.595703125,0.08010194005628858
1954,0.7260815799236298,0.05175325325143658,0.59375,0.04861360806531455
1955,0.7094581127166748,0.025912641107770848,0.59765625,0.08286407592029854
1956,0.7058200240135193,0.02306545290346591,0.599330335855484,0.06471290340635436
1957,0.6948782205581665,0.008360923220197115,0.607421875,0.07457766832826869
1958,0.6832029521465302,0.007711398137795727,0.6232638955116272,0.08593312513516482
1959,0.6745745539665222,0.020597839216850086,0.628125011920929,0.10385632534551358
1960,0.6786735355854034,0.016547316340710615,0.6193181872367859,0.1024501378917961
1961,0.6695143282413483,0.02975580148923672,0.6243489384651184,0.113247570424408
1962,0.6618026793003082,0.04136725825398802,0.6268028914928436,0.12493350067047805
1963,0.6587101519107819,0.046599536615524455,0.62890625,0.13495007854072863
1964,0.6517715454101562,0.05680796694019661,0.6333333253860474,0.14436762325309385
1965,0.6627473831176758,0.04121810055710797,0.62353515625,0.13189198750647518
1966,0.6697220206260681,0.032811405859428024,0.6148897111415863,0.13388237242740214
1967,0.6795571148395538,0.018753619566558896,0.6076388955116272,0.12398920052959148
1968,0.6754645705223083,0.024180995689852255,0.6126644611358643,0.13025652119685843
1969,0.6721566915512085,0.02888744996936677,0.614453136920929,0.13534465733648762
1970,0.6694197058677673,0.03221064468075374,0.6190476417541504,0.1346869979123236
1971,0.6715634167194366,0.02900482894246961,0.6164772510528564,0.12956927468503981
1972,0.668548971414566,0.033743399120549425,0.6158287823200226,0.13594512348722232
1973,0.6677797734737396,0.035685525899931424,0.6136067509651184,0.13948786113250253
1974,0.6662883460521698,0.03811992786992066,0.6131249964237213,0.1414213478079398
1975,0.6646518111228943,0.0403717075453122,0.6144831776618958,0.14235620705475993
1976,0.6630615592002869,0.042465141510848306,0.6157407462596893,0.14076663866317157
1977,0.6648446023464203,0.03962827928442854,0.6138392686843872,0.13258252147247765
1978,0.6623185575008392,0.042677856655282786,0.6177262961864471,0.13143954108771072
1979,0.6604016721248627,0.04535797475209054,0.6195312738418579,0.13221424231018947
1980,0.6578590869903564,0.048983994570028284,0.6202116906642914,0.13507731987638302
1981,0.6552598178386688,0.05244336574895395,0.623046875,0.13741625923449508
1982,0.6533786356449127,0.05550499711848232,0.6233427822589874,0.14229184881708382
1983,0.6521291732788086,0.057333622434824476,0.625,0.14493087373659344
1984,0.6494655609130859,0.06069727812078191,0.6281249821186066,0.14520942225840194
1985,0.651772528886795,0.057888317108076355,0.6252170205116272,0.14455180498108647
1986,0.6498914062976837,0.06084786881051133,0.6256334483623505,0.14781156868546452
1987,0.6526990532875061,0.05679818887134208,0.625,0.14363106492851746
1988,0.6505022346973419,0.06015387880293095,0.6266025602817535,0.1473138986982479
1989,0.6485469341278076,0.06281785465675903,0.6281249821186066,0.1486029179131051
1990,0.6479854583740234,0.063521875614285,0.6293826401233673,0.14902059318184804
1991,0.646092563867569,0.06630774015400659,0.6311383843421936,0.15125981309638334
1992,0.644042044878006,0.06913090465466032,0.6328125,0.1533948881482482
1993,0.6465392410755157,0.06566837246209632,0.6294389069080353,0.1499086272799726
1994,0.6494342982769012,0.062003113928194936,0.6255208253860474,0.1485415099548247
1995,0.6483415365219116,0.06347964447207709,0.6261888742446899,0.1486749468772102
1996,0.6502726972103119,0.061045368942633384,0.6233377456665039,0.14762734481062342
1997,0.6487772464752197,0.06295264027829688,0.6246744990348816,0.1477742687245324
1998,0.6474571824073792,0.06482379176478652,0.6253188848495483,0.1483661790650194
1999,0.6462214291095734,0.06667711513435606,0.6256250143051147,0.15070212599688718
2000,0.6316119134426117,0.08703092409832808,0.6087017357349396,0.15350173040922332
2001,0.6315311789512634,0.0871547936861016,0.6087830066680908,0.15356103102507815
2002,0.631427526473999,0.08731132708147106,0.6088837683200836,0.15381648307390267
2003,0.6312419474124908,0.08757630431805905,0.6090433895587921,0.15415466938635408
2004,0.6315633058547974,0.08712183485056607,0.6088270246982574,0.15373707841130815
2005,0.6313628554344177,0.08739840247049456,0.60902538895607,0.15407374743721317
2006,0.6312508583068848,0.08757086737460114,0.6090851873159409,0.1543808925957363
2007,0.6314733922481537,0.08723322897118037,0.6090075075626373,0.15404904938398578
2008,0.631289541721344,0.08749517163467557,0.609164834022522,0.15438238880885843
2009,0.6311244070529938,0.08773806392264386,0.6093408763408661,0.15479681877026608
2010,0.630897730588913,0.08806394335533009,0.6095160096883774,0.1552091624626724
2011,0.6308070123195648,0.08819957191383815,0.6096515208482742,0.1553999612458812
2012,0.6311664283275604,0.08767720387339413,0.6094959676265717,0.15496017995509428
2013,0.6309433579444885,0.08798887981813219,0.6096694618463516,0.1552052428057609
2014,0.6312829256057739,0.08750983873795737,0.6093990802764893,0.15487710851667932
2015,0.6311311721801758,0.08773186833591276,0.6094758659601212,0.15509397512569212
2016,0.6310380399227142,0.0878511860640471,0.6096481084823608,0.1551742437986811
2017,0.6308426558971405,0.08813238983731178,0.6098386347293854,0.15533528690684126
2018,0.6311132311820984,0.08776052819290016,0.6096276938915253,0.15519881541136296
2019,0.6309093534946442,0.08804868619616915,0.609874427318573,0.15538590527190282
2020,0.631256103515625,0.0875567903271985,0.6096074879169464,0.15506209103479363
2021,0.631149172782898,0.08771366089735605,0.6095879971981049,0.15535568598152052
2022,0.6310325562953949,0.08787773857860896,0.6097008138895035,0.15546090558882797
2023,0.6312472820281982,0.08757297471702669,0.6095492988824844,0.15524587236772538
2024,0.6312106251716614,0.08763560493391387,0.6096804589033127,0.15543060200474865
2025,0.6315203309059143,0.08720832018371043,0.6093234270811081,0.15519011208714548
2026,0.6316596865653992,0.0870379626220294,0.6090429425239563,0.15526823127086042
2027,0.6316446959972382,0.0870696991989581,0.6090810745954514,0.1553724393538036
2028,0.6316536664962769,0.08705490565513077,0.609063133597374,0.15544973667397258
2029,0.63176429271698,0.08690250265091538,0.6089152991771698,0.1553953883128178
2030,0.6317005753517151,0.08697937850259925,0.6091387569904327,0.15539370243887735
2031,0.6316100358963013,0.08710640910401109,0.6091947555541992,0.15552271394216918
2032,0.6315144002437592,0.08724798036815919,0.6092505306005478,0.15596409681319953
2033,0.6314474046230316,0.08734348512688486,0.6094163954257965,0.15593503656115126
2034,0.6313659846782684,0.08746284500186771,0.6094713658094406,0.15611380241911021
2035,0.6315018236637115,0.0872739428268419,0.6093612760305405,0.15574788348033863
2036,0.6314201354980469,0.08739949828855584,0.6093430370092392,0.15602959301578545
2037,0.6314151585102081,0.08740653681225716,0.6092337369918823,0.1560264530755714
2038,0.6312693953514099,0.0876140257474763,0.609434112906456,0.15620332232534737
2039,0.6311659812927246,0.08776078107399123,0.6095791161060333,0.1561998030634967
2040,0.6310375034809113,0.08794045308919317,0.6097234338521957,0.15614507538070532
2041,0.6312941014766693,0.08758650385539868,0.6095059216022491,0.15583523282387748
2042,0.631332278251648,0.08753580119664008,0.6094876229763031,0.15570516764937287
2043,0.6315703392028809,0.08719609759764227,0.6091637909412384,0.15534691943703025
2044,0.6318116188049316,0.08684737457306313,0.609074592590332,0.15516783747770746
2045,0.6317074298858643,0.08698789216599845,0.609146848320961,0.15506548385609875
2046,0.6319514214992523,0.08663339502317333,0.6089867353439331,0.15473642233634996
2047,0.6319005787372589,0.0867118724551006,0.6089520007371902,0.1548370479371697
2048,0.6317431628704071,0.08693449210893515,0.6089707016944885,0.15511313086834033
2049,0.6319368481636047,0.08665375195100408,0.6087234020233154,0.1546608108901214
2050,0.63181272149086,0.08682954645614302,0.6088487207889557,0.1548860015017151
2051,0.6316676437854767,0.08702544500802166,0.6089911013841629,0.15503530671256496
2052,0.6315487921237946,0.08720313612134359,0.6090095937252045,0.15520884636130858
2053,0.6313667297363281,0.08746018975041153,0.6092036813497543,0.1554312763543248
2054,0.6314282417297363,0.08737016408199226,0.6092917174100876,0.1552064650643677
2055,0.6313488781452179,0.08748029379715123,0.6092919111251831,0.1553537050796405
2056,0.6312144100666046,0.08766784727302471,0.6092921048402786,0.15554966685179192
2057,0.6313652396202087,0.08745445777901405,0.609065905213356,0.15552311433723004
2058,0.6312148869037628,0.08766717292344853,0.6091534495353699,0.15569324009124427
2059,0.6310941874980927,0.08783272574439932,0.6092406362295151,0.1558626072019853
2060,0.6314396858215332,0.08734099846282273,0.6090333610773087,0.15556644129749925
2061,0.6312751770019531,0.08756741133302325,0.6092929989099503,0.15558886342090705
2062,0.6311911940574646,0.08767589732109028,0.6093965321779251,0.15568428388593572
2063,0.6313170790672302,0.08749230564897684,0.6094308495521545,0.15548764776420812
2064,0.6311916708946228,0.087674801503029,0.6094135791063309,0.1558011149500079
2065,0.6311601102352142,0.0877107527648088,0.6095674782991409,0.15572609355965852
2066,0.631063848733902,0.08785143894513817,0.6095670610666275,0.15596523477810934
2067,0.6308365166187286,0.08818465192946529,0.6096347868442535,0.156347907089164
2068,0.6310723423957825,0.08785628583271692,0.6095322370529175,0.15605578728213498
2069,0.631411612033844,0.08737362012357015,0.6092774718999863,0.15559708205636666
2070,0.6314074993133545,0.08738803434576088,0.6090915203094482,0.1557626138038932
2071,0.6318219304084778,0.08680505913715819,0.6088050454854965,0.1554498209676696
2072,0.6316250860691071,0.0870832704841786,0.6090590506792068,0.1556149944669838
2073,0.6314750015735626,0.08729206597170158,0.6092278808355331,0.15575563850046464
2074,0.631320983171463,0.08750853218565353,0.6094463169574738,0.15582452752435572
2075,0.631055623292923,0.08788321766891538,0.6097642779350281,0.15608250838409088
2076,0.631449818611145,0.08733442355445502,0.6095128357410431,0.15567785649153779
2077,0.631676584482193,0.08701372818413564,0.6094458550214767,0.15543995860511806
2078,0.6315198540687561,0.08723537846045443,0.6095954328775406,0.15560302476200671
2079,0.6317869424819946,0.08684543581803163,0.6095617413520813,0.15522541007277335
2080,0.6320408284664154,0.08648352082986858,0.6093625575304031,0.15484943911063193
2081,0.6322078704833984,0.08625015372966377,0.6091311872005463,0.15470881615057533
2082,0.6320678293704987,0.08645174210609137,0.6092801541090012,0.1550586982134885
2083,0.6319994032382965,0.08655356889209369,0.6093132793903351,0.15519755100590765
2084,0.6320281624794006,0.0865161003437675,0.6092148423194885,0.15505707555982085
2085,0.6322303116321564,0.08622330618716233,0.6091168224811554,0.15449993636935533
2086,0.6322742104530334,0.0861663657948241,0.6089538037776947,0.1544078033585105
2087,0.6324167549610138,0.08596831775367142,0.6087751388549805,0.15415445865211153
2088,0.6326111555099487,0.08569996876920255,0.6084668934345245,0.153809992459232
2089,0.6327267289161682,0.08553601752849517,0.60828997194767,0.15351296254435146
2090,0.6328777968883514,0.08531613741981384,0.6080975979566574,0.15314835015788372
2091,0.6329627335071564,0.08521338340314429,0.6077764928340912,0.15324311734676047
2092,0.6330795586109161,0.08504445883431262,0.6076990216970444,0.15272064393919518
2093,0.633181631565094,0.08490330903864964,0.6074929237365723,0.15247389521458815
2094,0.6332686543464661,0.0847719794586897,0.607239380478859,0.1522053987161495
2095,0.6333601176738739,0.08464212501842762,0.6070671826601028,0.15196077840739225
2096,0.6335500776767731,0.08437752710347624,0.6067034155130386,0.15153585388070542
2097,0.6336583197116852,0.08422858014083873,0.6065170019865036,0.15140658949632252
2098,0.6338398158550262,0.08397165295231632,0.606219694018364,0.15093943382742778
2099,0.6339220404624939,0.08385140799351475,0.6060509383678436,0.15069930215803695
2100,0.6851977407932281,0.011218774577175307,0.5016956627368927,0.0020595057524848367
2101,0.6851600706577301,0.011263955998778984,0.501770943403244,0.0023356519039282146
2102,0.6851754486560822,0.01124397839258482,0.5018259882926941,0.0025261978060459665
2103,0.685224860906601,0.011165922429142645,0.5016629546880722,0.0024077862351546096
2104,0.6852232813835144,0.011187290881337669,0.5014612972736359,0.0026251164595010347
2105,0.6852014362812042,0.011217678759114023,0.5014970004558563,0.0027856116586305194
2106,0.6852138340473175,0.011209670857896953,0.5013950169086456,0.003028714680841356
2107,0.6851746141910553,0.011274914179391816,0.5013915002346039,0.0032982859239170342
2108,0.6851731836795807,0.011274071242421599,0.5012511759996414,0.003372991212902594
2109,0.6851499676704407,0.011312129846626936,0.5012480318546295,0.0035300092970299295
2110,0.6851098537445068,0.011368100861449404,0.5014783591032028,0.003906359580807958
2111,0.6850968301296234,0.011392672474131255,0.5014747083187103,0.003896686879074708
2112,0.6850723028182983,0.011437896042583445,0.5015871673822403,0.004160715811571203
2113,0.685056060552597,0.01146322629853849,0.5016991049051285,0.004259676611874782
2114,0.6850128769874573,0.01151081009050729,0.5019838362932205,0.004113005579056871
2115,0.6850033104419708,0.011522821942332895,0.502209484577179,0.0041571965497205435
2116,0.6849651634693146,0.011572218048787664,0.5024532526731491,0.004336763197801208
2117,0.6849834322929382,0.011551018183986683,0.5026384145021439,0.004272067785336986
2118,0.6849750578403473,0.011548278638833476,0.5031660199165344,0.004315584406424483
2119,0.684986799955368,0.011525435046940572,0.5032534301280975,0.004224336479398398
2120,0.6850194036960602,0.011475196003515585,0.50315061211586,0.004187247252708811
2121,0.6850476861000061,0.0114377274551894,0.5031051337718964,0.004069994720151504
2122,0.6850737929344177,0.0113990366482564,0.5031920671463013,0.0037663266766305124
2123,0.6850584447383881,0.01142116374372462,0.5034669637680054,0.004156943668629478
2124,0.6850587725639343,0.011420953009482065,0.5036278069019318,0.004226696702915008
2125,0.6850416362285614,0.01144948642592394,0.5038816332817078,0.004640873783231564
2126,0.6850214600563049,0.011467061661752983,0.5041155219078064,0.004656215236089529
2127,0.6850084066390991,0.011495721518740391,0.5042736828327179,0.005040973816145481
2128,0.6850095391273499,0.011489399491463756,0.5045055150985718,0.0052659115466481225
2129,0.6850206255912781,0.01147633396842538,0.5044576525688171,0.005358466025978045
2130,0.6850087344646454,0.011486912827401614,0.5047250092029572,0.005476772229748125
2131,0.6849962472915649,0.011494541406982086,0.5051020383834839,0.005699096855643091
2132,0.6849935948848724,0.01150512026595832,0.5052006542682648,0.005946456709553528
2133,0.6849680840969086,0.011546424177498996,0.5053907632827759,0.006374795130969744
2134,0.684935450553894,0.01159282785770949,0.5055800378322601,0.006645335751561173
2135,0.6849552392959595,0.011566949692723802,0.5056951642036438,0.0067592586830861195
2136,0.6849867701530457,0.011514856187964337,0.5056087374687195,0.006536723322948599
2137,0.6850091218948364,0.011486364918370972,0.5057779252529144,0.006624599502093813
2138,0.685035228729248,0.011447842698832015,0.5057463049888611,0.006429164565548797
2139,0.6850270926952362,0.01145800008932314,0.5060050785541534,0.006747752593442646
2140,0.6849901676177979,0.011506342524565135,0.5063350796699524,0.0070137413543948975
2141,0.6849637925624847,0.011549037282106671,0.506519079208374,0.007329505543438516
2142,0.6849551498889923,0.01157019500005914,0.5065940916538239,0.007490970120083751
2143,0.6849039196968079,0.011634300356644211,0.5069025158882141,0.007727961849260508
2144,0.6848722696304321,0.011674255569032538,0.50719153881073,0.007837037893206701
2145,0.6848314702510834,0.011718299025726422,0.5074792504310608,0.008147997341520078
2146,0.6847819983959198,0.011788347087951527,0.5077477991580963,0.00848285405293913
2147,0.6847388744354248,0.01185489696175023,0.5078904330730438,0.008841355146372796
2148,0.6846956610679626,0.011913733962271437,0.5081745982170105,0.009198212512714535
2149,0.6846279203891754,0.01201425419596992,0.5085106492042542,0.009578545673676843
2150,0.6846289038658142,0.012004181099175816,0.5086505711078644,0.0094317482003134
2151,0.6845522820949554,0.012122740184036961,0.5089840590953827,0.009909693462426938
2152,0.6844423711299896,0.012286017075168165,0.5093159973621368,0.010435264663357787
2153,0.6843187212944031,0.012447650239207443,0.5096991658210754,0.010883917865756253
2154,0.6842338144779205,0.012557021311093213,0.5100105404853821,0.011181811791031252
2155,0.6841587722301483,0.012668710459647082,0.5101980268955231,0.011453616817078007
2156,0.6843739151954651,0.012361417787154154,0.5100181400775909,0.01125527374798574
2157,0.6842432022094727,0.012538097376111822,0.510361522436142,0.01164884101938047
2158,0.6840952932834625,0.012735808242476426,0.5107555091381073,0.012065251882668103
2159,0.6839326322078705,0.012969217489529757,0.5109570026397705,0.012798564899909147
2160,0.6837680041790009,0.013191162793788125,0.5113824903964996,0.013210550344103136
2161,0.6838037967681885,0.013135908275390342,0.5115126967430115,0.013303399851372636
2162,0.6837074160575867,0.013279966203600578,0.5116939842700958,0.01366379755298929
2163,0.6836750507354736,0.013317055430290166,0.5119776129722595,0.013730937482667144
2164,0.6837984323501587,0.013128574723749448,0.51212278008461,0.013603780440709777
2165,0.6837412118911743,0.01319137352803068,0.5123015344142914,0.013767563094023112
2166,0.6836028695106506,0.013398483141613213,0.5125477910041809,0.01402722982769873
2167,0.6837309002876282,0.013214132826226563,0.5126056373119354,0.013828001674787734
2168,0.683684229850769,0.013278364623357165,0.5127651691436768,0.014110427706659235
2169,0.6838957667350769,0.012964960657830156,0.5127544105052948,0.013863910789719016
2170,0.6837726533412933,0.013147920127215948,0.5128621459007263,0.01421680635230073
2171,0.6838811635971069,0.012995643563546088,0.5128174722194672,0.014257730942204809
2172,0.6837105751037598,0.013222056433746611,0.5131268501281738,0.014608266281269915
2173,0.6835238039493561,0.013497570382462324,0.5134012401103973,0.015147535207966804
2174,0.6833596229553223,0.013728577259150535,0.5137751400470734,0.015494656652302527
2175,0.6833009719848633,0.013810089264170603,0.5139465630054474,0.015887633867818104
2176,0.6833972334861755,0.013663923993534824,0.5140169858932495,0.015900910125099036
2177,0.6834675669670105,0.013585109386819451,0.5140370726585388,0.016079191294300115
2178,0.6838558912277222,0.013035598775934415,0.5138408243656158,0.01604492590646076
2179,0.6842029094696045,0.012529583712712622,0.513861209154129,0.015893450132912608
2180,0.6843665242195129,0.012314803372701105,0.5138483941555023,0.01602376818850829
2181,0.684412956237793,0.012248885701630068,0.5138852298259735,0.016083363832302695
2182,0.684497207403183,0.012128640742828486,0.513855904340744,0.016002779057949865
2183,0.684550404548645,0.012065041148425546,0.5137444138526917,0.016131959148635758
2184,0.6846331655979156,0.01194825223120186,0.5137483775615692,0.016005139281466477
2185,0.6846571266651154,0.01191714785700082,0.5137194991111755,0.01606427130992726
2186,0.6847057342529297,0.011851188039081272,0.5136580765247345,0.01603068027166408
2187,0.684704065322876,0.011857678653751948,0.5135805606842041,0.016251066142527543
2188,0.6847080588340759,0.011856582835690665,0.5136662721633911,0.01633240956015357
2189,0.684750109910965,0.011808493281539736,0.513556569814682,0.016321409232692225
2190,0.6847822368144989,0.011762553216662862,0.51346355676651,0.0162416252484611
2191,0.6847886443138123,0.011758633559751347,0.5134356617927551,0.016299535018315072
2192,0.6847948729991913,0.011750920686473855,0.5135371088981628,0.016265817539506355
2193,0.6848121285438538,0.011737981603981009,0.513460785150528,0.01634627587331365
2194,0.684826672077179,0.011719858459121326,0.5135135054588318,0.016380878435941097
2195,0.684841126203537,0.01168475013431175,0.5136302411556244,0.01605200657701059
2196,0.684858113527298,0.011657101801688604,0.5136823952198029,0.015905841306374808
2197,0.6848776042461395,0.01163754566397955,0.5136543810367584,0.016008932497832456
2198,0.684903472661972,0.01160888580699214,0.5136264860630035,0.015931129415481346
2199,0.6849189698696136,0.01160129937426018,0.5136623978614807,0.016033756991605374
2200,0.6933774948120117,0.0004293920926289884,0.499880313873291,0.0
2201,0.6933609545230865,0.00039942568333774275,0.500019907951355,0.0001969943699399187
2202,0.6933640241622925,0.00040368251503734306,0.5000396966934204,0.00028069801108255427
2203,0.6933647692203522,0.0004081079341309869,0.49994058907032013,0.0003639591103158254
2204,0.6933522820472717,0.00039862489321603573,0.5000394880771637,0.0006143746107433023
2205,0.6933524310588837,0.0004051576547352243,0.5000590831041336,0.0006406953176383557
2206,0.6933499276638031,0.00041940328953190653,0.5001768171787262,0.0004167901849242311
2207,0.6933471262454987,0.00041695877231827464,0.5002939850091934,0.0004711806929275398
2208,0.6933496296405792,0.00043044576384176073,0.5003519058227539,0.00038707665672405077
2209,0.6933580338954926,0.0004386222524528742,0.5002534985542297,0.00019303256617989465
2210,0.6933563351631165,0.00043596700099668786,0.500389039516449,0.00016504705876866103
2211,0.6933559477329254,0.000448653202398467,0.5005432963371277,5.487519676118403e-05
2212,0.6933532953262329,0.0004561131945848952,0.5005806684494019,0.0001094975124313027
2213,0.693356841802597,0.00046230878131599663,0.5006371438503265,0.00019113595799690443
2214,0.6933698356151581,0.00046062290737556086,0.500481516122818,2.726901098654844e-05
2215,0.6933765411376953,0.0004656383823483573,0.5004419088363647,8.151200502006905e-05
2216,0.6934080421924591,0.0004929916870319275,0.4999808520078659,0.0002981678797903198
2217,0.693414568901062,0.00048839768054424,0.49992354214191437,0.00027039310662164067
2218,0.6934166550636292,0.0004791253738718434,0.5,0.0002697398304697218
2219,0.6934115588665009,0.00048692254084635873,0.5001522153615952,0.00026908655431780295
2220,0.6934226751327515,0.0004939610645476781,0.4999620318412781,0.0002683911313173732
2221,0.6934157609939575,0.0004874704498770004,0.5000189244747162,0.00018742703532794575
2222,0.6934192478656769,0.0004923173374557532,0.5000377744436264,0.00016026339146267457
2223,0.6934100091457367,0.0004856581353910319,0.5002072751522064,0.00013322618814293603
2224,0.6934163868427277,0.0004801790450846157,0.5000563859939575,2.655251456186324e-05
2225,0.6934116780757904,0.000472508318655633,0.5000750124454498,0.00010608361770192027
2226,0.6934193670749664,0.00046989521404795754,0.49996256828308105,0.00015872503149202692
2227,0.6934281885623932,0.0004757957728394827,0.49977605044841766,0.0001583667832796843
2228,0.693429559469223,0.00047638582871863523,0.49990691244602203,0.0001316456813237775
2229,0.6934256255626678,0.00046348889307430165,0.49998141825199127,0.00013130850653569036
2230,0.6934174299240112,0.00045510167022063373,0.5001296997070312,0.00018342308471941082
2231,0.6934225559234619,0.0004631938651347254,0.5000554472208023,0.00018298054281004644
2232,0.6934258937835693,0.00047651226926416794,0.4999631345272064,0.00015649124852094954
2233,0.6934311985969543,0.0004808112478122791,0.4998895972967148,0.00020814221137105017
2234,0.6934401988983154,0.0004836772335110199,0.49970632791519165,0.0002595824399785963
2235,0.6934396028518677,0.0004905050229697847,0.49974361062049866,0.0004143456677105992
2236,0.6934411227703094,0.000494003211396189,0.49959807097911835,0.00046506939989346017
2237,0.6934440732002258,0.0004910107851519154,0.49961724877357483,0.0006959709094603931
2238,0.69344562292099,0.0004931181275774602,0.4995272010564804,0.0006686386782010783
2239,0.6934373676776886,0.0004884398273927509,0.4996190220117569,0.0006414539609115518
2240,0.6934401392936707,0.0004926966590923513,0.4997465908527374,0.0008702902749014509
2241,0.6934380233287811,0.0004923173374557532,0.4997110515832901,0.0009704522603875905
2242,0.6934379637241364,0.0004902099950302085,0.49965769052505493,0.0010446517871910196
2243,0.6934411525726318,0.0004899149670906322,0.4996584802865982,0.001042270490250154
2244,0.6934406757354736,0.000483255765025911,0.4996413290500641,0.0008116218617742864
2245,0.6934357583522797,0.0004823706812071822,0.49978528916835785,0.0008097463270155515
2246,0.693429559469223,0.0004844780236327269,0.4999285787343979,0.0008078918656810722
2247,0.6934248805046082,0.0004890720301204143,0.4999643862247467,0.0009571970765309143
2248,0.6934314072132111,0.00048650107236124983,0.49984005093574524,0.0007790844947238762
2249,0.69343101978302,0.0004857845759365646,0.49985815584659576,0.0008023706285261451
2250,0.6934276223182678,0.00048654321920976073,0.49985848367214203,0.0009506853884359812
2251,0.6934208273887634,0.0004697687735024249,0.4998940974473953,0.0005990542313095924
2252,0.6934200823307037,0.00046475329852962847,0.4998943358659744,0.0006475231070971205
2253,0.6934185922145844,0.0004608757884666262,0.5000175535678864,0.000521820131413379
2254,0.6934239566326141,0.0004608757884666262,0.49989479780197144,0.0005950292072768019
2255,0.6934261322021484,0.0004528257404010455,0.4998425841331482,0.00047002165459349024
2256,0.6934174001216888,0.0004508448385210335,0.4999650865793228,0.0005429989227901033
2257,0.6934176087379456,0.0004480209996708036,0.4998781085014343,0.0005664536439864158
2258,0.6934148669242859,0.00044709376900356387,0.4998783618211746,0.0004177384890157262
2259,0.6934092342853546,0.00044165682554565854,0.49998266994953156,0.00026971875704546636
2260,0.6934089064598083,0.0004427104967584309,0.5000173002481461,0.0001712637189240179
2261,0.6934128999710083,0.00044245761566736555,0.4999482184648514,0.00012203619986329368
2262,0.6934116184711456,0.00044595580409376975,0.4999655485153198,0.0003896897613317262
2263,0.6934188902378082,0.00044823173391335804,0.4998968839645386,0.00038884682436150835
2264,0.693416565656662,0.00044958043306570666,0.49996569752693176,0.0003879617405427796
2265,0.6934158205986023,0.00044641941942738956,0.4998460114002228,0.00021777276625578945
2266,0.6934146881103516,0.0004427104967584309,0.4999317228794098,0.0002414592951189119
2267,0.6934162378311157,0.00044245761566736555,0.4998978078365326,0.0001927375382403184
2268,0.6934132277965546,0.0004437641679712033,0.4998810142278671,0.00045672432388830315
2269,0.6934130787849426,0.0004449864265780192,0.4999321550130844,0.0005276996167806488
2270,0.6934100687503815,0.00044519716082057364,0.49994921684265137,0.0006461954813690273
2271,0.6934050917625427,0.00043773716863414544,0.5000506639480591,0.0005970522560053248
2272,0.6934020817279816,0.0004322159314792183,0.500067412853241,0.0006672689056244743
2273,0.6934019923210144,0.00042829627456770515,0.5000840574502945,0.0004517931426125286
2274,0.6934108138084412,0.00043461830184433924,0.4998825490474701,0.0005932168927908335
2275,0.6934105455875397,0.00043297457475241437,0.49991628527641296,0.0005919524873355067
2276,0.6934131979942322,0.0004320051972366638,0.4998830556869507,0.0005434414646994677
2277,0.693415105342865,0.0004386643993013851,0.49994997680187225,0.0007308474266031579
2278,0.6934131383895874,0.00043765287493712364,0.49998337030410767,0.0007293090666325103
2279,0.693411111831665,0.0004427947904554527,0.5000829994678497,0.000915555990202151
2280,0.693413645029068,0.0004413196507575714,0.5000828206539154,0.0009136172351706499
2281,0.6934110224246979,0.000439886657908201,0.5001487731933594,0.0008649376251405673
2282,0.6934088170528412,0.00043836937136180885,0.5002474188804626,0.001003094994559278
2283,0.6934068202972412,0.0004444806643958885,0.5003127306699753,0.0010940689670700427
2284,0.6934079229831696,0.00044460710494142113,0.5002956539392471,0.0012079076048979675
2285,0.6934112012386322,0.0004490746708835759,0.5001311302185059,0.0013444844674975196
2286,0.6934057772159576,0.00044528145451759544,0.5002617239952087,0.001295425535830839
2287,0.6934084892272949,0.00044186755978821305,0.5001305788755417,0.0012003633190145176
2288,0.693407416343689,0.00044228902827332195,0.5001791566610336,0.0012669553396617301
2289,0.6934093832969666,0.0004443120770018449,0.5002275854349136,0.0013792766909432627
2290,0.6934074461460114,0.00044123535706054964,0.5002433210611343,0.0014911344268911755
2291,0.6934066414833069,0.000437905756028189,0.5002913922071457,0.0014193583438771229
2292,0.6934094727039337,0.00043466044869285014,0.500193864107132,0.0014621163216914249
2293,0.6934066414833069,0.00042686328171833473,0.5002579391002655,0.0014134788585098532
2294,0.6934032738208771,0.0004180545903795579,0.5002734810113907,0.0011602816660806572
2295,0.693398118019104,0.00041818103092509056,0.5002086907625198,0.0011579214425640472
2296,0.6933927536010742,0.0004186867931072213,0.5003524720668793,0.0011782151501220427
2297,0.6933826208114624,0.0004151464578323062,0.5005595982074738,0.001062732785202193
2298,0.6933793127536774,0.0004090351647982266,0.5006222873926163,0.0009251865450868904
2299,0.6933803260326385,0.0004096252206773791,0.5006369352340698,0.0010358852427007534
2300,0.6932310461997986,0.00014945272481963024,0.49982045590877533,2.8217315078043555e-05
2301,0.6932261884212494,0.00014241420111831094,0.4998408108949661,0.00022512739132094048
2302,0.6932219564914703,0.00015016922124431545,0.5000396966934204,0.0
2303,0.6932326257228851,0.00016053734597799537,0.4999208003282547,0.00039194461772705904
2304,0.6932362914085388,0.00017263349150062197,0.4997037947177887,0.0006981625455829597
2305,0.6932279765605927,0.00016492061822312836,0.4998030364513397,0.000668575457928312
2306,0.6932332813739777,0.00016062163967501714,0.49974457919597626,0.0005835020442090724
2307,0.6932444870471954,0.00014511159942300815,0.49968643486499786,0.00033260185502372025
2308,0.6932462751865387,0.00014469013093789922,0.49970676004886627,0.0003594072506766489
2309,0.6932513117790222,0.00014936843112260844,0.4995904862880707,0.0003585010934336646
2310,0.6932480335235596,0.00016403553440439957,0.4998054802417755,0.000660230381923155
2311,0.6932534575462341,0.0001615910171907677,0.49978654086589813,0.0005213775895040147
2312,0.69325852394104,0.0001652156461627046,0.4995935261249542,0.00046534335440878103
2313,0.693264901638031,0.00017061044277209904,0.49949799478054047,0.0006007401052500281
2314,0.693263053894043,0.00017347642847083983,0.49949921667575836,0.0006537186938282218
2315,0.6932612061500549,0.00017490942132021022,0.4994236081838608,0.0007608138358944037
2316,0.6932591199874878,0.0001835916721134544,0.4994058609008789,0.0008944404190981931
2317,0.6932587325572968,0.0001815264765364206,0.4994073063135147,0.000838195449760405
2318,0.693255752325058,0.0001751201555627647,0.4994659721851349,0.0007552293784667102
2319,0.6932583451271057,0.00016445700288950853,0.499581441283226,0.0003766874585661154
2320,0.6932577788829803,0.00016677507955760768,0.49960142374038696,0.0005636719519846968
2321,0.6932650804519653,0.00016943033101379402,0.49941305816173553,0.0007764924635404562
2322,0.6932644546031952,0.0001688824219831524,0.49941447377204895,0.0007212168717184187
2323,0.6932706236839294,0.00016378265331333422,0.4993782043457031,0.0007727624674472421
2324,0.6932694911956787,0.00016336118482822526,0.4993233233690262,0.0010101545916848527
2325,0.6932688355445862,0.0001660585831329225,0.4993249326944351,0.0009546893390445162
2326,0.6932685673236847,0.00016694366695165126,0.4992891401052475,0.0010582441458357828
2327,0.6932674944400787,0.00016778660392186915,0.49938414990901947,0.001082099262092949
2328,0.6932723820209503,0.00017174840768189318,0.49923665821552277,0.0011848111319139975
2329,0.6932794451713562,0.00016361406591929064,0.4991270452737808,0.0011820294399122785
2330,0.693278968334198,0.0001680816318614454,0.4990735203027725,0.0013102401530824181
2331,0.6932805478572845,0.00016492061822312836,0.4990387409925461,0.001307121286292612
2332,0.6932835876941681,0.0001623918073124747,0.4990594685077667,0.0014344679890682783
2333,0.6932849287986755,0.00015847215040096157,0.4990248829126358,0.0014831265256741056
2334,0.6932851076126099,0.00016496276507163923,0.49902717769145966,0.0015315532546131229
2335,0.6932857930660248,0.00017174840768189318,0.49899283051490784,0.0017351436063449963
2336,0.693286657333374,0.00017499371501723202,0.49892209470272064,0.0018860925442867635
2337,0.6932886242866516,0.00017878693138321248,0.4987788051366806,0.0021394793975342582
2338,0.6932885050773621,0.00017811258180703817,0.49872708320617676,0.0022116137287606532
2339,0.6932839751243591,0.000176595295260646,0.4988570511341095,0.002283474105471728
2340,0.6927390098571777,0.0022852021262606743,0.5390625,0.05524271728019903
2341,0.6940250992774963,0.0015945838665611647,0.49609375,0.005524271728019903
2342,0.693907231092453,0.0009441315534925372,0.4895833283662796,0.022097065838655356
2343,0.6935664415359497,4.7204470332201316e-06,0.5078125,0.04419417382415922
2344,0.6935862898826599,0.0004982600430957892,0.503125011920929,0.026516521153234936
2345,0.6933409571647644,2.6468220864841452e-05,0.5078125149011612,0.025779941755234296
2346,0.693212479352951,0.0001321303700816528,0.514508917927742,0.02683217997515728
2347,0.6934390068054199,4.9396106454767804e-05,0.50390625,0.02209708691207961
2348,0.6933794319629669,7.245043259022684e-05,0.501736119389534,0.017186620812348112
2349,0.6934426426887512,0.0003696278614405407,0.5031249821186066,0.008838826335462142
2350,0.6934908330440521,0.0005092603705571326,0.5042613744735718,0.0
2351,0.6933274567127228,0.00037051294525926944,0.505859375,0.0064450117805888935
2352,0.6933811902999878,0.0004215527788059621,0.5048076808452606,0.008498869855373271
2353,0.6935323774814606,0.0005016739378251717,0.5022321343421936,0.011048543456039806
2354,0.693568080663681,0.0006230568615365465,0.5010416656732559,0.002946296518578303
2355,0.6935015916824341,0.0003725781408363032,0.50341796875,0.010358009490037318
2356,0.6933473646640778,0.0002913611637558104,0.5091911852359772,0.009098788097077336
2357,0.6934279799461365,0.0003524319472480959,0.5086805522441864,0.012276154712616616
2358,0.6933577060699463,0.00030682905715930854,0.5111019611358643,0.008722543180420586
2359,0.6932887434959412,4.998616233392032e-05,0.5082031339406967,0.014915537880338588
2360,0.6933570504188538,6.583337737401648e-05,0.5063243955373764,0.01630975562907896
2361,0.6933648586273193,3.911227541810966e-05,0.5056818276643753,0.015066212863765034
2362,0.6934103667736053,1.20118518256048e-05,0.5040760785341263,0.015371861809166037
2363,0.6933585405349731,8.041618695878581e-05,0.5048828274011612,0.010588194503179564
2364,0.6932209134101868,0.00013756731353955812,0.5053125023841858,0.008396916628825418
2365,0.693200945854187,0.00013057093668674972,0.5057091414928436,0.009773727729130793
2366,0.6932642757892609,0.00019189460127010054,0.5057870447635651,0.007365709686309374
2367,0.6932072341442108,4.31162260266446e-05,0.504743292927742,0.010653943586856559
2368,0.6932362020015717,1.6985179949890296e-05,0.5035021603107452,0.008762624833354446
2369,0.6933622360229492,7.502139034939137e-06,0.5002604126930237,0.010680264293751613
2370,0.6933861970901489,7.20711109536288e-05,0.5010080486536026,0.01069212863160743
2371,0.6934430599212646,0.00014785114457621626,0.5009765625,0.008286407592029853
2372,0.6934592723846436,0.00013242539802122905,0.5007102340459824,0.01104856452946406
2373,0.6933796405792236,6.406320973655893e-06,0.5025275647640228,0.013973155421059253
2374,0.6934256851673126,1.664800516180314e-05,0.5013393014669418,0.013889599293886406
2375,0.6933903098106384,1.9724725103098407e-05,0.5026041567325592,0.012276154712616616
2376,0.6933524906635284,1.8333879102238903e-05,0.5040118098258972,0.0092568809258417
2377,0.6933587789535522,0.00010798022588491051,0.503495067358017,0.012502314701726074
2378,0.693374365568161,0.0001300230276561081,0.5034054666757584,0.013314927014440365
2379,0.6934128105640411,8.745471066010511e-05,0.5009765475988388,0.011877171571188238
2380,0.6933879554271698,4.003950608534933e-06,0.5028582364320755,0.009431684980040633
2381,0.6933714747428894,2.2843591892904567e-05,0.502976194024086,0.00894404594276959
2382,0.6933509111404419,9.794927593931773e-05,0.5032703429460526,0.009763802146306478
2383,0.6933078169822693,0.0002428501411197714,0.5039062649011612,0.012052966076327176
2384,0.6933461129665375,0.00020723605412806595,0.5031249970197678,0.010803016990039592
2385,0.6933663785457611,0.00021971152128729058,0.5025475472211838,0.011769107051606305
2386,0.6932826340198517,0.0002224932132890096,0.5041555911302567,0.009638120244046991
2387,0.6932484209537506,0.00024693838542532814,0.5056966245174408,0.010818379516321813
2388,0.6932743489742279,0.00030054917673118535,0.5049425959587097,0.01149951473510637
2389,0.6932553350925446,0.00034522483615273303,0.5045312494039536,0.012595353869813872
2390,0.6932462155818939,0.0003479222344574302,0.5052083432674408,0.012565029212310284
2391,0.6931907832622528,0.00034362325590931906,0.5061598718166351,0.010836081192696388
2392,0.6931778788566589,0.00030345730927843704,0.5067806541919708,0.010006209745516885
2393,0.693141371011734,0.00035626731046258723,0.5070891082286835,0.010025513002134874
2394,0.6931510865688324,0.00035281126888469394,0.505965918302536,0.0084370825754563
2395,0.6931339502334595,0.0003178715314691628,0.5054408609867096,0.008089118194150358
2396,0.6931117475032806,0.0003666354351962672,0.5054824650287628,0.008916376536722188
2397,0.6930842101573944,0.0003249100551704821,0.5066002309322357,0.007810190350705262
2398,0.6931108236312866,0.0003156798953465963,0.5056938529014587,0.007677807099532544
2399,0.6930914223194122,0.00028630354193450315,0.5054687559604645,0.00662915136173299
2400,0.6931239366531372,3.919656911513145e-05,0.49992020428180695,0.00011284818688791877
2401,0.693119615316391,4.008165293386022e-05,0.500019907951355,2.8154094805277214e-05
2402,0.6931134164333344,3.7890016811293736e-05,0.500198483467102,0.0001122792044330217
2403,0.6931152939796448,3.919656911513145e-05,0.5001781731843948,0.00030798809549335815
2404,0.6931227445602417,4.5855771179852704e-05,0.5001974701881409,0.00027926501823318385
2405,0.6931275427341461,5.2641413790106644e-05,0.5001378655433655,0.00030640758867419963
2406,0.6931281983852386,4.935395960625691e-05,0.5001964867115021,0.0001666907858605859
2407,0.6931238174438477,3.961803760024039e-05,0.5003723800182343,2.769047947165738e-05
2408,0.6931156814098358,3.637273026490155e-05,0.5004692077636719,0.00016588999573887892
2409,0.6931218504905701,4.0208093479392906e-05,0.5003705024719238,0.00019303256617989465
2410,0.6931267380714417,5.141915518329072e-05,0.5004473924636841,0.0004126176469216526
2411,0.6931348145008087,6.157654567441618e-05,0.5003492683172226,0.0006586077282554856
2412,0.6931317150592804,6.882580361828995e-05,0.5004064738750458,0.0009033334041339918
2413,0.693135142326355,6.676060804125614e-05,0.5002509951591492,0.0007918549898226771
2414,0.6931293606758118,6.810930719360475e-05,0.5004044771194458,0.0007354625065151009
2415,0.6931255161762238,5.6013161670978167e-05,0.5002882033586502,0.0006249323962952812
2416,0.6931207478046417,4.556074324027645e-05,0.5003641545772552,0.00046079149476960446
2417,0.6931153833866119,3.8732953781511616e-05,0.5005353391170502,0.0002703720331973852
2418,0.6931256949901581,5.028119027349658e-05,0.5005531013011932,0.0002966716666681831
2419,0.6931207180023193,5.344220391181363e-05,0.50053271651268,0.00043053005753878254
2420,0.6931121051311493,4.716232348369042e-05,0.5006832778453827,0.00042943423947749927
2421,0.6931065320968628,3.88593943270443e-05,0.5007762610912323,0.0003480908218514738
2422,0.6931040287017822,2.0651955770338076e-05,0.5006988644599915,0.00018696341999432592
2423,0.6930863857269287,1.871320073883695e-05,0.5009044408798218,5.327361651777006e-05
2424,0.6930854916572571,1.6943033101379402e-05,0.5009962618350983,2.6594661410374135e-05
2425,0.6930970549583435,3.53190590521292e-05,0.5009375810623169,0.00021216723540384055
2426,0.6930850744247437,1.5341452857965426e-05,0.5010288953781128,0.00018519325235686837
2427,0.6930991411209106,2.9755675048691186e-05,0.5009891092777252,0.00018472963702324854
2428,0.6930947601795197,1.024168418814725e-05,0.5010053813457489,0.00010532497442872419
2429,0.693096250295639,1.6479417767759567e-05,0.5010029673576355,5.251497324457396e-05
2430,0.6931043863296509,2.3770822560144233e-05,0.5010005831718445,5.243067954755218e-05
2431,0.6930882334709167,2.958708765464761e-05,0.501275509595871,0.00018295946938579099
2432,0.6930902302265167,3.241092650487751e-05,0.5012724995613098,0.00013040234929270614
2433,0.6931093037128448,5.1714183122866975e-05,0.5011591017246246,0.00028621924823748134
2434,0.6931219100952148,6.650772695019078e-05,0.5012665390968323,0.0005451273386399034
2435,0.6931313276290894,8.336646635454839e-05,0.5011903047561646,0.000699216216795732
2436,0.693132758140564,9.398747217929369e-05,0.5012788474559784,0.0007751226909638522
2437,0.6931442320346832,9.858147866698114e-05,0.5012029707431793,0.0008248559722067071
2438,0.6931454837322235,0.0001023746950329616,0.50110924243927,0.0009515072519819436
2439,0.6931522786617279,0.0001094553655827918,0.5010159909725189,0.0011289033373642965
2440,0.6931658983230591,0.00010781163849086694,0.5007601976394653,0.001075081811815885
2441,0.6931698620319366,0.00011282711346366332,0.500650092959404,0.001276901995910301
2442,0.6931575834751129,0.00010937107188577001,0.5007927268743515,0.0012739517165145384
2443,0.6931471824645996,0.00010266972297253786,0.5008987486362457,0.001220193411238893
2444,0.6931512355804443,0.00010916033764321554,0.5008787512779236,0.0012427419751922214
2445,0.6931471228599548,0.00010359695363977753,0.5009483397006989,0.001341154866465159
2446,0.6931499540805817,0.00010760090424831246,0.5009283125400543,0.0014138160332979404
2447,0.6931437253952026,0.00011253208552408707,0.5009796321392059,0.0015365476561616637
2448,0.6931450963020325,0.00012231015437861448,0.5009418725967407,0.0015330494677352595
2449,0.6931411921977997,0.00013036020244419524,0.5010638386011124,0.0017050718299324735
2450,0.6931450664997101,0.0001300230276561081,0.5009375810623169,0.0016761801652782557
2451,0.6931462287902832,0.0001271148951088564,0.500917837023735,0.0016474570880180813
2452,0.6931458711624146,0.00012964370601951003,0.5010038167238235,0.0016188393778791843
2453,0.6931462585926056,0.00013398483141613212,0.5010015517473221,0.0016152147489072474
2454,0.6931461095809937,0.00013512279632592626,0.5010869652032852,0.0016363724668597163
2455,0.6931406557559967,0.0001242067625616047,0.5011894702911377,0.0015832042174632234
2456,0.6931433081626892,0.00011691535776922004,0.5011170208454132,0.0014316020033695376
2457,0.6931389570236206,0.00011843264431561222,0.5012538433074951,0.0013791291769734745
2458,0.6931417286396027,0.00013499635578039358,0.5013031661510468,0.0016463823433810535
2459,0.6931473314762115,0.00014637600487833497,0.5012656152248383,0.001789850215712137
2460,0.6931548416614532,0.00015016922124431545,0.5011762976646423,0.0017614010929672833
2461,0.693152666091919,0.0001440579282102358,0.5012427270412445,0.0016598693349045397
2462,0.6931559145450592,0.00015969440900777748,0.5012227892875671,0.0018267287081591692
2463,0.6931563317775726,0.00015303520694305624,0.5012544691562653,0.0016282591985213692
2464,0.6931493282318115,0.00015004278069878275,0.5013546049594879,0.001527696817974376
2465,0.6931402385234833,0.00015379385021625232,0.501556932926178,0.0015243672169420153
2466,0.693148285150528,0.00015733418549116742,0.501416951417923,0.0014727373275161702
2467,0.6931469142436981,0.0001477247040306836,0.5013798177242279,0.0013249704766369757
2468,0.6931521594524384,0.0001291800906858902,0.501291811466217,0.0010577173102293965
2469,0.6931596100330353,0.00013095025832334775,0.5010685324668884,0.0012232701311801883
2470,0.6931590139865875,0.00014055973978383159,0.5010831356048584,0.0013881486025548058
2471,0.6931627988815308,0.0001441422219072576,0.5010301172733307,0.0013135065338420126
2472,0.6931629180908203,0.0001327625728093162,0.5010784566402435,0.0011915335542514852
2473,0.6931595504283905,0.0001285057411097159,0.5012442767620087,0.0011890047433408316
2474,0.6931715607643127,0.0001277892446850307,0.5009899437427521,0.0011627051098700336
2475,0.6931626200675964,0.0001336055097795341,0.5011384785175323,0.0011838628278225025
2476,0.6931609809398651,0.00013314189444591426,0.501152753829956,0.0012049783989264604
2477,0.6931594908237457,0.0001362607612357204,0.5012003183364868,0.0013202921764522665
2478,0.6931611895561218,0.00013824166311573243,0.5011977553367615,0.001364546367388705
2479,0.6931601166725159,0.00014287781645193077,0.501344621181488,0.0013851140294620214
2480,0.6931577324867249,0.00013411127196166482,0.5013914704322815,0.001218212509358881
2481,0.6931487321853638,0.0001392531874799939,0.5016695261001587,0.001238948758826241
2482,0.6931419670581818,0.00014595453639322604,0.5017814636230469,0.0013529981308967201
2483,0.6931360363960266,0.00014456369039236652,0.5017941892147064,0.0014199694731805309
2484,0.693134069442749,0.00013849454420679778,0.5019382238388062,0.0012543745053812281
2485,0.6931294202804565,0.000149537018516652,0.5019669532775879,0.0013444844674975196
2486,0.6931295394897461,0.00015130718615410956,0.5020282566547394,0.0013879378683122514
2487,0.6931257545948029,0.00013811522257019975,0.5020566880702972,0.0013388789366455707
2488,0.6931313872337341,0.00014355216602810508,0.5019383728504181,0.0015433754456204286
2489,0.6931282877922058,0.00015164436094219672,0.5019668638706207,0.0016321367085843715
2490,0.6931206583976746,0.00015880932518904872,0.5020600855350494,0.0017204765030632053
2491,0.6931200623512268,0.0001610009613116152,0.5020557940006256,0.0017169361677882903
2492,0.6931169331073761,0.00016298186319162723,0.5020192563533783,0.0018504573838708026
2493,0.6931156516075134,0.00016428841549546495,0.5020473301410675,0.0019378699476823966
2494,0.6931155025959015,0.000167449429133782,0.5020913779735565,0.0019565831484212337
2495,0.6931098997592926,0.00016357191907077974,0.5021673440933228,0.0019752542023115595
2496,0.693107545375824,0.0001672386948912275,0.5021308660507202,0.002107173838150658
2497,0.6931101083755493,0.00015880932518904872,0.5021105110645294,0.0020802420019521966
2498,0.6931080520153046,0.00015783994767329816,0.5021062195301056,0.002121124445007764
2499,0.6931097209453583,0.00015800853506734173,0.5022133588790894,0.0020492640682966898
2500,0.6931764781475067,0.00016542638040525906,0.4999401420354843,0.00014104442854170687
2501,0.6931819319725037,0.00017853405029214712,0.49992039799690247,0.0
2502,0.6931911110877991,0.00019370691575606896,0.4997022747993469,8.420940332476628e-05
2503,0.6931747794151306,0.00017170626083338228,0.4998416155576706,0.00016797626474016818
2504,0.6931697726249695,0.00016909315622570687,0.4999604970216751,0.00016755479625505922
2505,0.6931729316711426,0.00015931508737117945,0.4999409168958664,0.00036214679582985697
2506,0.6931761503219604,0.00017398219065297056,0.49992139637470245,5.557061976161378e-05
2507,0.6931799948215485,0.0001851511055083575,0.5,0.00016631146422398785
2508,0.6931770741939545,0.00018472963702324854,0.5000391006469727,0.00011059333049258594
2509,0.6931701898574829,0.0001892393498139142,0.5001755058765411,0.00019307471302840555
2510,0.6931706964969635,0.0001913888390879698,0.5001361668109894,0.00013752516669104722
2511,0.6931964457035065,0.00020175696382164973,0.4998447746038437,0.00021952186046899155
2512,0.6932042241096497,0.00020955413079616514,0.49967095255851746,0.00024634832954617563
2513,0.6931933760643005,0.00020508656485401035,0.49976831674575806,0.00021844711583196376
2514,0.6931850016117096,0.0002069831730370006,0.49998073279857635,0.0004630463511649373
2515,0.6931730508804321,0.00019893312497141984,0.500057652592659,0.000298884376215005
2516,0.6931776702404022,0.00020816328479530562,0.49994251132011414,0.00046079149476960446
2517,0.6931822597980499,0.0002034428377620855,0.49982792139053345,0.0004596535298598103
2518,0.6931765675544739,0.0002133473471621456,0.4998474270105362,0.0006473545197030768
2519,0.6931779384613037,0.0002047493900659232,0.49998097121715546,0.00045739867346447746
2520,0.6931844055652618,0.00018245370720366025,0.4999430626630783,0.00013421663908294205
2521,0.6931866705417633,0.00017259134465211106,0.4999621510505676,0.00016066378652352805
2522,0.6931876242160797,0.00016348762537375796,0.5000377893447876,5.344220391181363e-05
2523,0.6931818425655365,0.00015665983591499311,0.500188410282135,0.0
2524,0.693183571100235,0.0001645834434350412,0.5001503825187683,5.318932282074827e-05
2525,0.6931853890419006,0.000163866947010356,0.5001125037670135,5.306288227521559e-05
2526,0.6931826770305634,0.0001759630925329826,0.5001122653484344,0.00010583073661085491
2527,0.6931914687156677,0.00018047280532364825,0.4999999850988388,0.0001055567820955341
2528,0.6931827962398529,0.00017537303665383005,0.5000931024551392,7.898319410941542e-05
2529,0.6931905448436737,0.00017739608538235298,0.5001300275325775,0.00018388670005303065
2530,0.6931887269020081,0.00017381360325892698,0.5001852810382843,0.00015724989179414562
2531,0.6931969821453094,0.00017326569422828537,0.5001663565635681,0.0001830016162343019
2532,0.6931894421577454,0.0001715376734393387,0.500202864408493,2.6088899228243406e-05
2533,0.693205326795578,0.00018186365132450775,0.4999815821647644,0.00023416789032652723
2534,0.6932008564472198,0.00017756467277639656,0.5000367164611816,0.00010384983473084289
2535,0.6931913197040558,0.00016896671568017416,0.5001098811626434,5.179847681988876e-05
2536,0.6931831240653992,0.00016926174361975044,0.5002557635307312,5.167203627435608e-05
2537,0.6931866109371185,0.0001660164362844116,0.500200480222702,7.733946701749054e-05
2538,0.6931739151477814,0.00016635361107249875,0.5004000663757324,0.00020576091443018466
2539,0.6931895315647125,0.00016652219846654233,0.5001088678836823,0.0001539624376102959
2540,0.6931841969490051,0.00014726108869706376,0.5001990795135498,0.00023037467396054678
2541,0.6931789517402649,0.00013866313160084136,0.5002347528934479,0.00038307270611551587
2542,0.6931889653205872,0.0001462495643328023,0.5000720620155334,0.00045864200549554883
2543,0.6931901574134827,0.00014102335511745142,0.5001078546047211,0.0005084174335869147
2544,0.6931917369365692,0.00013794663517615618,0.5000358521938324,0.0005072373218286097
2545,0.6931988000869751,0.00013782019463062347,0.4999821037054062,0.00043017180932643993
2546,0.6931928396224976,0.00013461703414379553,0.5000714063644409,0.0005554111696765616
2547,0.6931979954242706,0.0001454487742110953,0.4999287724494934,0.000453415796280198
2548,0.6931824386119843,0.00014696606075748748,0.5001599341630936,0.0005277417636291597
2549,0.6931793093681335,0.00014456369039236652,0.5002482384443283,0.0006519485261907643
2550,0.6931753754615784,0.0001497056059106956,0.5003714859485626,0.00042530384832343166
2551,0.6931924223899841,0.00015720774494563475,0.5001411885023117,0.0004992083471872844
2552,0.6931847333908081,0.0001540045844588068,0.5002289265394211,0.0005727967446873053
2553,0.6931851506233215,0.00015156006724517494,0.5003513991832733,0.0006460690408234946
2554,0.6931748986244202,0.00015434175924689396,0.5004558116197586,0.000694221815247191
2555,0.6931814849376678,0.00014873622839494503,0.5004547983407974,0.0008905418356109355
2556,0.6931859254837036,0.00015097001136602243,0.5004363358020782,0.000863883953927795
2557,0.6931954026222229,0.00014962131221367381,0.500417947769165,0.0007388342543959723
2558,0.6932021677494049,0.00015851429724947247,0.5002954006195068,0.0006143324638947914
2559,0.6931979358196259,0.00015843000355245066,0.500416100025177,0.0005884542989091025
2560,0.6931990087032318,0.00015177080148772942,0.5004151463508606,0.0005382152554841168
2561,0.693202406167984,0.00016837665980102165,0.5003279447555542,0.000268475425014395
2562,0.693204939365387,0.0001639512407073778,0.500344455242157,0.0003409680044531327
2563,0.6932093501091003,0.00016234966046396382,0.5003608763217926,0.0003645280927707225
2564,0.693213164806366,0.0001568705701575476,0.5003257989883423,0.00031525842686148736
2565,0.6932166814804077,0.00015063283657793528,0.500325083732605,0.0004597378235568321
2566,0.6932205855846405,0.0001518550951847512,0.5003072917461395,0.0002414592951189119
2567,0.6932149231433868,0.0001453644805140735,0.5004428923130035,0.0002890852339362222
2568,0.6932116448879242,0.0001546367871864702,0.5004589259624481,0.00016829236610399988
2569,0.6932127475738525,0.00015156006724517494,0.5003561973571777,0.00021587615807279923
2570,0.6932125687599182,0.00015366740967071965,0.5003892481327057,0.00016753372283080377
2571,0.6932187974452972,0.00015236085736688193,0.5003377497196198,0.0002865564230255685
2572,0.6932182312011719,0.00015029566178984812,0.5004381239414215,0.00033359230596372627
2573,0.6932206749916077,0.00015636480797541686,0.5002858638763428,0.0002140216967383199
2574,0.6932282745838165,0.0001574184791881892,0.500184565782547,7.118602713490002e-05
2575,0.693228542804718,0.00015965226215926658,0.5001506805419922,2.3686528863122447e-05
2576,0.6932313144207001,0.00016643790476952053,0.5002506077289581,0.00011813761637603597
2577,0.6932323276996613,0.0001644991497380194,0.5003167390823364,7.072241180128019e-05
2578,0.6932377517223358,0.00017141123289380602,0.5002495348453522,0.00035289556258171574
2579,0.6932404637336731,0.00016884027513464149,0.5001493990421295,0.00030518533006738366
2580,0.6932460367679596,0.0001596101153107557,0.5001490712165833,0.0002576858317956061
2581,0.6932415068149567,0.0001644991497380194,0.5001322478055954,0.0002805504971127661
2582,0.6932409703731537,0.00016559496779930264,0.5001154690980911,0.000303267648460138
2583,0.693239688873291,0.0001651313524656828,0.5001152157783508,0.00044228902827332195
2584,0.693230390548706,0.00016336118482822526,0.5002792477607727,0.0003949159705470771
2585,0.6932191252708435,0.00016900886252868506,0.5004589557647705,0.00046361533361983435
2586,0.6932165324687958,0.0001596101153107557,0.5005561411380768,0.000277621291141259
2587,0.6932218372821808,0.00015016922124431545,0.5005386471748352,0.00011539807122282786
2588,0.6932226419448853,0.00014447939669534474,0.5005212426185608,0.00013824166311573243
2589,0.6932193040847778,0.00014869408154643415,0.5005038976669312,2.301217928694814e-05
2590,0.693213939666748,0.00015231871051837103,0.5006164014339447,0.00013760946038806902
2591,0.6932167112827301,0.00015075927712346796,0.5005665421485901,0.00016024231803841912
2592,0.6932112872600555,0.00015556401785370987,0.5005654096603394,0.00011421795946452283
2593,0.6932126581668854,0.00016079022706906072,0.5005964934825897,2.2801445044393672e-05
2594,0.6932134032249451,0.00016083237391757162,0.5004826188087463,9.103719278353111e-05
2595,0.6932104825973511,0.00016816592555846718,0.5005137324333191,0.00018165291708195327
2596,0.6932078897953033,0.00018228511980961668,0.5005126893520355,0.00040785505303992157
2597,0.6932025253772736,0.00019122025169392623,0.5006235539913177,0.0006104971006803
2598,0.6931995451450348,0.00019004013993562119,0.5007658898830414,0.0005415448565164775
2599,0.6932017803192139,0.0001957299644845919,0.5006369352340698,0.0005855040195133399
2600,0.6929008960723877,0.00025178527300408096,0.5116102993488312,0.016193704281704215
2601,0.6929007768630981,0.00024150144196742281,0.5115607976913452,0.0158992242511586
2602,0.6928987205028534,0.0002316812262643845,0.5115314424037933,0.015578107412354098
2603,0.69290891289711,0.00022476914310859788,0.5114230215549469,0.0155386579621479
2604,0.6929170191287994,0.00021574971752726655,0.5113744139671326,0.015471433738773025
2605,0.6929213106632233,0.00020529729909656483,0.5113260447978973,0.01518175844895765
2606,0.6929317116737366,0.00019126239854243713,0.5111010670661926,0.015032432164683553
2607,0.6929339468479156,0.00018970296514753403,0.5111124217510223,0.014994710735266302
2608,0.6929349601268768,0.00019518205545395026,0.5110650658607483,0.015205992886851415
2609,0.69294473528862,0.00017899766562576696,0.5109984278678894,0.01505772027379009
2610,0.6929577589035034,0.0001504642491838917,0.5108737945556641,0.014717595206307174
2611,0.6929645836353302,0.000139211040631483,0.5107691586017609,0.014571303495125861
2612,0.6929648220539093,0.00012909579698886843,0.5107618570327759,0.014398374975685663
2613,0.69296795129776,0.00012694630771481282,0.510677307844162,0.014390072046529017
2614,0.6929697394371033,0.0001326782791122944,0.5106509923934937,0.01440908027520743
2615,0.6929672658443451,0.00014502730572598638,0.5107592940330505,0.014563843502939433
2616,0.6929708421230316,0.00014907340318303218,0.5107520818710327,0.014772048934583249
2617,0.6929720044136047,0.00015071713027495706,0.5107066631317139,0.01487109402858385
2618,0.6929681599140167,0.0001498320464562283,0.5108140110969543,0.014861737428214433
2619,0.692968100309372,0.00014351001917959418,0.510806679725647,0.014691042691745312
2620,0.6929708123207092,0.0001406018866323425,0.5108183920383453,0.014709039396059463
2621,0.6929824650287628,0.00013878957214637404,0.5105460286140442,0.014860810197547192
2622,0.69298455119133,0.00012479681844075724,0.5106338560581207,0.014664616617728981
2623,0.6929914951324463,0.00011868552540667759,0.5106082260608673,0.01462921326497983
2624,0.6929964423179626,0.00010924463134023733,0.5106202960014343,0.01443453697170801
2625,0.6929901838302612,0.00011050903679556415,0.5107823312282562,0.01424078790910343
2626,0.6929864883422852,0.00010705299521767084,0.5107752084732056,0.014074434298030932
2627,0.6929863393306732,0.00011173129540238008,0.5107681453227997,0.014225530749942487
2628,0.6929766833782196,0.00011889625964923207,0.5109100341796875,0.014428636412916484
2629,0.692980945110321,0.00011531377752580607,0.5108098089694977,0.014499400971566276
2630,0.6929832398891449,0.00011754756049688345,0.5107656121253967,0.014491182336106651
2631,0.6929782330989838,0.00012117218946882034,0.5108510851860046,0.014404612709265276
2632,0.6929746270179749,0.00012062428043817872,0.5109914541244507,0.014605316001874152
2633,0.6929769515991211,0.00011699965146624183,0.5109655559062958,0.014518872815578308
2634,0.6929709315299988,0.00012315309134883237,0.5110682845115662,0.014614588308546549
2635,0.692980945110321,0.00012888506274631395,0.5108592212200165,0.014839273157958126
2636,0.6929841041564941,0.0001313295799599458,0.5107607245445251,0.014752914265359303
2637,0.6929799914360046,0.00012753636359396535,0.5109179019927979,0.014563843502939433
2638,0.6929838061332703,0.00011767400104241614,0.5108561217784882,0.014427076979521582
2639,0.6929802298545837,0.00011598812710198038,0.5110304653644562,0.014213982513450501
2640,0.6929795742034912,0.00012458608419820276,0.5109687149524689,0.01433460679388868
2641,0.692990779876709,0.00011253208552408707,0.5107086300849915,0.014071652606029212
2642,0.6929876506328583,0.00012100360207477676,0.5107199251651764,0.014090155072525494
2643,0.6929814219474792,0.00012846359426120502,0.5108570754528046,0.014133987794976825
2644,0.6929789483547211,0.0001278313915335416,0.5109038650989532,0.014101534721623435
2645,0.6929736137390137,0.00013116099256590223,0.5108609795570374,0.01399334376149597
2646,0.6929818391799927,0.00012087716152924408,0.5107647776603699,0.013910904525808662
2647,0.6929778158664703,0.00012968585286802093,0.5108827352523804,0.014080672031610543
2648,0.692979484796524,0.00013246754486973995,0.5108224451541901,0.014149160660440746
2649,0.6929759979248047,0.00013225681062718547,0.5109042525291443,0.013866313160084137
2650,0.6929872632026672,0.00012677772032076924,0.5107203423976898,0.013809878529928049
2651,0.6929871141910553,0.00012816856632162876,0.5108020305633545,0.013828633877515397
2652,0.6929899454116821,0.0001207928678322223,0.510812908411026,0.013648034631646216
2653,0.6929832994937897,0.0001271570419573673,0.5108237266540527,0.013766425129113318
2654,0.6929858028888702,0.0001271570419573673,0.5106591880321503,0.013785096183003644
2655,0.6929847300052643,0.00013120313941441313,0.5106353163719177,0.013853163343348738
2656,0.6929852366447449,0.00012728348250289997,0.5105940997600555,0.013797571650162868
2657,0.6929934620857239,0.00012399602831905025,0.5104312002658844,0.01391457130162911
2658,0.6929962635040283,0.00012113004262030945,0.5103558599948883,0.013711592079200644
2659,0.693002462387085,0.00011699965146624183,0.5102635324001312,0.01358312848493944
2660,0.6930041611194611,0.00011257423237259795,0.510102391242981,0.013699833108466106
2661,0.6930115222930908,0.00010384983473084289,0.5099937915802002,0.013547514397947734
2662,0.6930084228515625,0.00010789593218788873,0.5100406408309937,0.013468952672323427
2663,0.6930110156536102,0.00010406056897339736,0.5101216733455658,0.013390685974638697
2664,0.6930077970027924,0.00010726372946022532,0.510168045759201,0.013458289519650172
2665,0.6930125057697296,0.0001073480231572471,0.5100088715553284,0.013428828872541057
2666,0.6930120289325714,0.00011122553322024935,0.5100041031837463,0.013616803816899644
2667,0.6930158138275146,0.00010924463134023733,0.5099652409553528,0.013563024438199744
2668,0.6930082738399506,0.00011771614789092703,0.5100455284118652,0.013725795567148816
2669,0.6930140554904938,0.00011350146303983763,0.5098541378974915,0.013600029371192307
2670,0.6930147111415863,0.00010616791139894206,0.5097820162773132,0.013450913821160764
2671,0.6930162012577057,0.00010111028957763478,0.5097946524620056,0.013230822978236877
2672,0.6930188238620758,9.048928375288949e-05,0.5097735226154327,0.012773318937651122
2673,0.6930228769779205,9.259662617843418e-05,0.5096347630023956,0.01281715166010245
2674,0.6930228769779205,9.234374508736882e-05,0.5095973312854767,0.012813358443736472
2675,0.693021833896637,9.617910830186018e-05,0.5096604526042938,0.012856938285096734
2676,0.6930188238620758,0.00010296475091211412,0.5097567439079285,0.01299480062657587
2677,0.6930209398269653,9.853933181847024e-05,0.50970259308815,0.01287278550013683
2678,0.6930193901062012,9.584193351377303e-05,0.50971519947052,0.012798312018818082
2679,0.6930127143859863,9.516758393759872e-05,0.5098273456096649,0.012724175712287419
2680,0.6930101215839386,9.638984254441465e-05,0.5099887549877167,0.012392648601900726
2681,0.6930098533630371,9.617910830186018e-05,0.5100833177566528,0.012249560051206242
2682,0.693012923002243,9.284950726949955e-05,0.5099630653858185,0.012270338447522112
2683,0.6930156052112579,9.209086399630346e-05,0.5099255740642548,0.012360869878123513
2684,0.6930108368396759,9.293380096652134e-05,0.5099704265594482,0.012334865272592291
2685,0.6930097341537476,8.867696926692104e-05,0.5099986791610718,0.01228580634092561
2686,0.693007230758667,8.724397641755065e-05,0.5100431740283966,0.012028752711857667
2687,0.6930074989795685,8.5515955628604e-05,0.5099732279777527,0.012119073408216514
2688,0.6930153071880341,7.017450277063857e-05,0.5098709762096405,0.011794331940440075
2689,0.6930111050605774,7.805596344217574e-05,0.5099154710769653,0.011861724751208995
2690,0.6930103003978729,7.801381659366485e-05,0.5099273324012756,0.012020618370095064
2691,0.6930156350135803,8.336646635454839e-05,0.5098744034767151,0.012087294684439299
2692,0.6930131018161774,9.048928375288949e-05,0.509837806224823,0.012222248893371182
2693,0.6930156648159027,8.779188544819227e-05,0.5098336338996887,0.012082995705891188
2694,0.6930150985717773,9.027854951033501e-05,0.5097651183605194,0.01221740200579243
2695,0.6930166482925415,9.356600369418475e-05,0.5097450613975525,0.012146890328233703
2696,0.6930170655250549,9.626340199888197e-05,0.5097250938415527,0.012257905127211399
2697,0.6930165588855743,9.259662617843418e-05,0.5098170936107635,0.012210237041545577
2698,0.6930166780948639,9.554690557419678e-05,0.5098449289798737,0.012252973945935624
2699,0.6930217742919922,9.322882890609759e-05,0.5097292959690094,0.012137913049500883
2700,0.6930677890777588,1.2728348250289997e-05,0.5119095295667648,0.017237576352197782
2701,0.6930592656135559,2.1410599043534168e-05,0.5120582580566406,0.017390632632565094
2702,0.693063348531723,2.3897263105676916e-05,0.511809304356575,0.01743065106522619
2703,0.6930686831474304,3.4644709475954896e-05,0.5116210132837296,0.017498507491328728
2704,0.6930651068687439,4.189396741982867e-05,0.5116903632879257,0.01759388580950888
2705,0.6930671036243439,3.4349681536378635e-05,0.5117396712303162,0.017438089983988363
2706,0.6930698454380035,3.780572311427195e-05,0.5117494463920593,0.017672089286920847
2707,0.6930710673332214,3.270595444445377e-05,0.5117591619491577,0.01768321605492772
2708,0.6930689215660095,3.279024814147556e-05,0.5117884129285812,0.0175560379395461
2709,0.6930705010890961,4.0671708813012744e-05,0.511758953332901,0.017732822895625045
2710,0.6930711567401886,3.502403111255294e-05,0.5117102265357971,0.017496084047539353
2711,0.693071722984314,3.894368802406609e-05,0.5116811543703079,0.01750752691691006
2712,0.6930685639381409,4.484424681559125e-05,0.5117489844560623,0.017601008626907222
2713,0.6930712163448334,3.4602562627444e-05,0.5117971897125244,0.017557534152668235
2714,0.6930636763572693,3.6667758204477806e-05,0.5119799822568893,0.017487001401685253
2715,0.693064421415329,3.67099050529887e-05,0.5118160247802734,0.017362478537759816
2716,0.6930579245090485,3.569838068872724e-05,0.5119595229625702,0.01745541233872634
2717,0.6930615603923798,3.923871596364234e-05,0.5118346661329269,0.017385680377865066
2718,0.6930662989616394,3.633058341639066e-05,0.5118629783391953,0.01753201423589489
2719,0.6930641233921051,3.274810129296466e-05,0.5118911862373352,0.017354807811330836
2720,0.6930665969848633,3.700493299256496e-05,0.511748418211937,0.017527378082558692
2721,0.6930594742298126,4.58979180283636e-05,0.5117956697940826,0.017377777843769274
2722,0.6930455267429352,4.867961003008261e-05,0.5120882242918015,0.017255615203360445
2723,0.6930415630340576,5.43694345790533e-05,0.5120402574539185,0.017453852905331437
2724,0.6930380761623383,6.418965028209161e-05,0.5120300948619843,0.017544763657569434
2725,0.693039208650589,6.764569185998492e-05,0.5119449496269226,0.017423085705918485
2726,0.6930406391620636,5.71932734292832e-05,0.511897623538971,0.017196167073535832
2727,0.6930414736270905,4.648797390751612e-05,0.5118692219257355,0.01699677033323079
2728,0.6930331587791443,4.87217568785935e-05,0.5119340270757675,0.016982587918706875
2729,0.6930397748947144,3.4897590567020256e-05,0.5117942094802856,0.016627016031244717
2730,0.6970639824867249,0.0034356425032140377,0.390625,0.04419417382415922
2731,0.6938176155090332,0.00020618238291529362,0.48046875,0.016572815184059706
2732,0.6941399872303009,0.0007863337526677499,0.484375,0.014731377225770236
2733,0.6938395798206329,0.000272057907137821,0.4921875,0.005524271728019903
2734,0.6941360235214233,0.00016319259743418168,0.4921875,0.011048543456039806
2735,0.6941788792610168,0.00038252479708487426,0.48828125,0.016572815184059706
2736,0.6940079927444458,0.0002817938291438375,0.4899553507566452,0.004735093063077667
2737,0.6942887306213379,0.0005500163730671671,0.482421875,0.0
2738,0.6947705149650574,0.0005926689837601919,0.4696180522441864,0.011048543456039806
2739,0.694654643535614,0.00036642470095371273,0.4664062559604645,0.007733988848597566
2740,0.6945774555206299,7.055382440723661e-05,0.46875,0.0020088452405747424
2741,0.694283127784729,5.057621821307283e-07,0.4739583283662796,0.0018414168848652156
2742,0.6941638290882111,1.2686201401779104e-05,0.4789663553237915,0.0008498912002221781
2743,0.6940995454788208,1.6774445707335825e-05,0.4787946343421936,0.0015783573298844705
2744,0.6940425634384155,9.702204527207806e-05,0.47968749701976776,0.0007365793980006395
2745,0.6940578818321228,0.00025937170573604187,0.4833984375,0.0013810679320049757
2746,0.6941559612751007,0.00036292651252730853,0.48161764442920685,0.0038994896445006823
2747,0.6940406858921051,0.0004584312712529944,0.484375,0.007365709686309374
2748,0.6941463947296143,0.0006363331188174781,0.48273026943206787,0.00814104311151578
2749,0.6940974593162537,0.0006772998555700671,0.4839843809604645,0.010496124712607517
2750,0.6940907537937164,0.000554020323675702,0.4821428507566452,0.006313450392962138
2751,0.6940461099147797,0.0005902666133950709,0.4861505776643753,0.007533095895170389
2752,0.6939425468444824,0.0005207664602006067,0.48539401590824127,0.007205572735392232
2753,0.6938709616661072,0.0003831991466610485,0.4869791716337204,0.003682854843154687
2754,0.6938719153404236,0.00042239571577617997,0.4856249988079071,0.0017677652670924284
2755,0.6938878893852234,0.0003545392896736406,0.48407451808452606,0.00042494560011108905
2756,0.6938245296478271,0.0002755560955642252,0.48582175374031067,0.00040920375219227013
2757,0.6937718391418457,0.00011345931619132673,0.486328125,0.0019729361256434607
2758,0.6936895847320557,8.260782308135231e-06,0.48760776221752167,0.0030478704234895575
2759,0.6936456561088562,8.176488611113442e-05,0.48880209028720856,0.004787692330019263
2760,0.6934902966022491,0.0001886071470862508,0.4921875,0.004633245203651092
2761,0.6935613751411438,2.4445172136318537e-06,0.491943359375,0.00034526698300124393
2762,0.6934865117073059,1.9303256617989467e-05,0.49289771914482117,0.001339216111433658
2763,0.6934380233287811,1.2686201401779104e-05,0.4951746314764023,0.00032497327544324844
2764,0.6933789253234863,9.53361713316423e-05,0.49642856419086456,0.0031567357331931966
2765,0.6933355927467346,8.496804659796236e-05,0.4965277761220932,0.0018414168848652156
2766,0.6933570802211761,5.0534071364561946e-05,0.49746620655059814,0.0005972208433993684
2767,0.6933613419532776,1.306552303837715e-05,0.4958881586790085,0.0011630212112338654
2768,0.693320095539093,6.574908367699469e-06,0.4971955120563507,0.0
2769,0.6933055818080902,1.0536712127723508e-06,0.4976562410593033,0.0011048585602888316
2770,0.6933370232582092,0.00010393412842786468,0.49809451401233673,0.0005389528253330574
2771,0.6933481693267822,7.881460671537184e-05,0.4985119104385376,0.0
2772,0.6933166980743408,2.2337829710773838e-05,0.49800145626068115,0.001284720236309072
2773,0.6932743787765503,1.7280207889466554e-05,0.49875709414482117,0.00025111092342790665
2774,0.6931644380092621,7.582218047109836e-05,0.5,0.0009821058640008527
2775,0.6932293176651001,2.0989130558425228e-05,0.5,0.0004803897793271702
2776,0.6933083832263947,4.867961003008261e-05,0.49966756999492645,0.0009403172637023013
2777,0.6932350397109985,6.263021688718854e-05,0.5016276240348816,0.0013810679320049757
2778,0.693213164806366,5.782547615694661e-05,0.5025510489940643,0.0018038429694177537
2779,0.6933028101921082,0.00020163052327611705,0.5023437440395355,0.0006629277802278523
2780,0.6933132112026215,0.00018464534332622676,0.5026041865348816,0.0002166348013459953
2781,0.6932553648948669,0.00018468749017473763,0.5028545558452606,0.0002124622633434168
2782,0.6932570040225983,0.00011780044158794881,0.5026533007621765,0.0020846674210458407
2783,0.6931725144386292,0.00012610337074459493,0.5036168992519379,0.00225059956363323
2784,0.6932093501091003,6.701348913232151e-05,0.5034090876579285,0.002812374907434937
2785,0.6932291090488434,7.051167755872571e-05,0.5036272406578064,0.003156714659768941
2786,0.6931909620761871,0.00011476586849516445,0.5047971308231354,0.002132166919317618
2787,0.693213701248169,0.00021714056352812604,0.5040409564971924,0.00038100751053848203
2788,0.6932341158390045,0.00019855380333482178,0.5046345293521881,0.0009362922396695109
2789,0.6932762563228607,0.00016652219846654233,0.5036458373069763,0.0011048374868645762
2790,0.6932472884654999,0.00014907340318303218,0.5042264461517334,0.0005433571710024459
2791,0.6933176517486572,0.0002302060865665032,0.5031501948833466,0.0008910265243688107
2792,0.6933106184005737,0.00014565950845364978,0.5033482015132904,0.0005261191099614902
2793,0.6932971179485321,0.00010262757612402696,0.503662109375,0.0013810679320049757
2794,0.6932762265205383,0.00017381360325892698,0.5038461685180664,0.0
2795,0.6932344734668732,8.720182956903976e-05,0.5049715936183929,0.0020088452405747424
2796,0.6933052241802216,4.185182057131777e-05,0.503614753484726,0.0024735563922558598
2797,0.6933448612689972,9.925582824315544e-05,0.5026424527168274,0.0017872792579529723
2798,0.6932907104492188,8.791832599372496e-05,0.5039628744125366,0.000800621534312943
2799,0.6933353841304779,5.196706421393234e-05,0.5032365918159485,0.0023675570682509615
2800,0.6930268704891205,4.471780627005857e-05,0.5166773051023483,0.02381096743335086
2801,0.6930322349071503,5.0871246152649094e-05,0.5166547298431396,0.023891025372097304
2802,0.6930373013019562,4.387486929984069e-05,0.5165925621986389,0.023633845302483827
2803,0.6930460035800934,4.362198820877532e-05,0.5164317339658737,0.023573933557325594
2804,0.6930493414402008,3.190516432274678e-05,0.5164296925067902,0.023402669838401575
2805,0.6930525004863739,3.856436638746804e-05,0.5162109881639481,0.02342722037765917
2806,0.6930537223815918,3.801645735682642e-05,0.5162095278501511,0.023201608297580355
2807,0.6930593550205231,3.561408699170546e-05,0.516090452671051,0.02319880553215438
2808,0.6930527687072754,4.914322536370244e-05,0.5162065923213959,0.023417252647986345
2809,0.693061888217926,5.1924917365421446e-05,0.5159516334533691,0.02366216798468315
2810,0.6930520236492157,6.713992967785419e-05,0.5161842405796051,0.023878339170695526
2811,0.6930462419986725,7.363054434853188e-05,0.516221672296524,0.023654370817708634
2812,0.6930521428585052,6.486399985826592e-05,0.5161234140396118,0.02351364249053076
2813,0.6930548846721649,5.306288227521559e-05,0.5160835683345795,0.023182494701780663
2814,0.6930535733699799,5.71932734292832e-05,0.5159861296415329,0.023152549365913672
2815,0.6930458545684814,6.928941895190979e-05,0.5161005258560181,0.02325865405703985
2816,0.6930361986160278,7.459992186428244e-05,0.5162718594074249,0.022957683411823554
2817,0.6930399537086487,6.13658114318617e-05,0.516232043504715,0.022685161889352115
2818,0.6930376589298248,6.553834943444021e-05,0.5161542594432831,0.0226297809304088
2819,0.6930339634418488,6.983732798255141e-05,0.5160578191280365,0.02265540621430342
2820,0.6930291950702667,7.818240398770843e-05,0.5161327123641968,0.022654015368302565
2821,0.693035900592804,6.49904404037986e-05,0.5159989297389984,0.022251049349689907
2822,0.6930430829524994,5.803621039950108e-05,0.515979140996933,0.022117106665122285
2823,0.6930513679981232,4.9606840697322276e-05,0.5158652365207672,0.022170380281640055
2824,0.693049967288971,4.948040015178959e-05,0.5159586668014526,0.022143617032835638
2825,0.693053275346756,4.842672893901724e-05,0.5159203410148621,0.022249574209992025
2826,0.6930522322654724,4.686729554411416e-05,0.5159757435321808,0.022222726667490585
2827,0.6930570900440216,4.4043456693884267e-05,0.5158442854881287,0.02219604771238319
2828,0.6930553615093231,5.120842094073625e-05,0.5156762152910233,0.022222157685035687
2829,0.6930550038814545,5.2641413790106644e-05,0.5155274868011475,0.02216932661042728
2830,0.6930538713932037,5.272570748712843e-05,0.5154906660318375,0.022169136949608984
2831,0.6930446028709412,6.381032864549356e-05,0.5156018882989883,0.02232583893237249
2832,0.6930466890335083,5.7319713974815885e-05,0.5155835002660751,0.02219488867404914
2833,0.6930499076843262,5.3779378699900785e-05,0.5153628140687943,0.022090575223984676
2834,0.6930359899997711,7.21132578021397e-05,0.5156387835741043,0.02227231243476365
2835,0.6930419504642487,5.7951916702479294e-05,0.5156387090682983,0.021961121178783467
2836,0.6930398941040039,5.3695085002878996e-05,0.5156204402446747,0.021780606226611307
2837,0.693035900592804,6.389462234251535e-05,0.5155475437641144,0.02188445606134215
2838,0.6930364966392517,6.161869252292707e-05,0.5154749751091003,0.02178208136630919
2839,0.6930325925350189,6.123937088632903e-05,0.515547901391983,0.02152620784899955
2840,0.6930409371852875,4.631938651347254e-05,0.5154032707214355,0.021322765011237466
2841,0.6930454075336456,4.37905756028189e-05,0.5153135061264038,0.021503322110258134
2842,0.6930505633354187,3.506617796106383e-05,0.5151880979537964,0.021377303033210563
2843,0.6930525302886963,3.363318511169344e-05,0.5152430236339569,0.02155689075471548
2844,0.6930603384971619,2.393940995418781e-05,0.5150824934244156,0.021431314219577273
2845,0.6930607855319977,1.9598284557565724e-05,0.5149942636489868,0.021306327740318216
2846,0.6930656731128693,1.8333879102238903e-05,0.5148707628250122,0.021434369866094313
2847,0.6930679380893707,1.5046424918389169e-05,0.5148724615573883,0.02133511403785116
2848,0.6930699944496155,9.525187763462052e-06,0.5149097144603729,0.02123632182494162
2849,0.6930643320083618,1.5762921343074366e-05,0.5148759037256241,0.021338591152853307
2850,0.6930751204490662,1.6858739404357613e-06,0.5147891342639923,0.02106512132629037
2851,0.6930810809135437,2.0230487285229133e-06,0.5145615637302399,0.021192236221399225
2852,0.6930814683437347,3.3296010323606287e-06,0.514528751373291,0.021094666267096506
2853,0.693091481924057,1.369772576604056e-05,0.5142676383256912,0.02082355666405018
2854,0.6930882334709167,1.2138292371137481e-05,0.5142882168292999,0.020950397604643716
2855,0.6930892765522003,1.1758970734539435e-05,0.51416876912117,0.020829267562023406
2856,0.6930812895298004,1.7280207889466553e-06,0.5143989324569702,0.0210048934797683
2857,0.693081796169281,4.2146848510894033e-07,0.5143842399120331,0.02093345457154234
2858,0.6930781006813049,1.2306879765181057e-05,0.514421746134758,0.02098518982808946
2859,0.6930840611457825,9.188012975374899e-06,0.5142683833837509,0.02115925631243945
2860,0.6930862069129944,8.092194914091653e-06,0.5141329765319824,0.021063477599198445
2861,0.6930808126926422,1.4287781645193077e-05,0.5143434256315231,0.021016968551866674
2862,0.6930830776691437,8.724397641755064e-06,0.5142601281404495,0.02075140125939953
2863,0.6930841505527496,1.2180439219648375e-05,0.5141256600618362,0.020802989001976864
2864,0.693088948726654,5.816265094503377e-06,0.5140775144100189,0.020733088453721547
2865,0.6930904686450958,4.846887578752814e-06,0.5140637904405594,0.020615098351315298
2866,0.6930863559246063,1.0578858976234403e-05,0.5141184031963348,0.02059417244102964
2867,0.69309002161026,6.6592020647212574e-06,0.5140876173973083,0.020501070052669074
2868,0.6930947005748749,1.7280207889466553e-06,0.5140059888362885,0.02048054453744427
2869,0.6930986642837524,2.3602235166100658e-06,0.513873815536499,0.02053200583947607
2870,0.6930980682373047,2.865985698740794e-06,0.5139114558696747,0.02077472954005031
2871,0.6931040585041046,1.5594333949030793e-06,0.5138138234615326,0.020729800999537695
2872,0.693101555109024,1.390846000859503e-06,0.5138345807790756,0.02075658532176637
2873,0.6931018233299255,9.272306672396687e-07,0.5137375593185425,0.0205692636535597
2874,0.6931064426898956,6.322027276634105e-07,0.5135738253593445,0.020620008459166818
2875,0.6931052803993225,2.9502793957625823e-06,0.5135280042886734,0.02059950401736627
2876,0.6931070685386658,2.781692001719006e-06,0.5134823620319366,0.020673577103624163
2877,0.6931073665618896,3.2031604868279464e-06,0.513353556394577,0.020676611676716947
2878,0.6931055188179016,1.0536712127723508e-05,0.513358399271965,0.020726661059323637
2879,0.6931079626083374,1.0368124733679933e-05,0.5131805986166,0.020706093397250318
2880,0.6931060254573822,7.207111095362879e-06,0.5133845657110214,0.020474791492622532
2881,0.6931037604808807,1.2517614007735527e-05,0.5134388953447342,0.020548337743274043
2882,0.6931038796901703,1.3191963583909832e-05,0.5134105235338211,0.020458312074854774
2883,0.6931042373180389,8.302929156646124e-06,0.5133493542671204,0.020228969998682744
2884,0.6931058466434479,3.6667758204477807e-06,0.5131734609603882,0.020116775087946744
2885,0.6931051313877106,3.7510695174695686e-06,0.5132113695144653,0.020074543945738828
2886,0.6931068897247314,1.8544613344793373e-06,0.5131837278604507,0.02003254461119772
2887,0.6931044161319733,5.6898245489706945e-06,0.5131398439407349,0.020152262734392915
2888,0.6931052207946777,1.6858739404357613e-06,0.5131613165140152,0.020041142568293945
2889,0.693105936050415,1.0115243642614567e-06,0.5131501853466034,0.019884503805803207
2890,0.6931077241897583,1.5172865463921851e-06,0.5130093544721603,0.019912046771305075
2891,0.693105012178421,3.2453073353388404e-06,0.5130309462547302,0.01989364967193007
2892,0.693101704120636,7.83931382302629e-06,0.5131494104862213,0.02001246163788228
2893,0.6931015253067017,6.237733579612317e-06,0.5131222754716873,0.01992557590967707
2894,0.693097859621048,1.2939082492844467e-05,0.5131756663322449,0.020043776746325875
2895,0.6931005418300629,1.673229885882493e-05,0.5131325423717499,0.020070708582524337
2896,0.693104475736618,5.605530851948907e-06,0.5130415260791779,0.019802991800783137
2897,0.6931061148643494,4.214684851089403e-06,0.5129508674144745,0.019762446532515656
2898,0.6931049525737762,4.6361533361983434e-07,0.5129563510417938,0.01958669417422523
2899,0.6931005716323853,1.8544613344793373e-06,0.5129140168428421,0.019659376414482267
2900,0.6929863691329956,0.0001398432433591464,0.5141837000846863,0.019663780760151656
2901,0.6929940581321716,0.00012905365014035752,0.5140878856182098,0.01969813044168803
2902,0.6929911375045776,0.00012821071317013964,0.5140917897224426,0.01959196253028909
2903,0.6929918229579926,0.00013263613226378353,0.5139769017696381,0.019262332028085388
2904,0.6929989159107208,0.00013221466377867457,0.5137638449668884,0.019129864483215648
2905,0.6929966509342194,0.00013676652341785113,0.5138078927993774,0.01891449408732498
2906,0.6929981410503387,0.0001306130835352606,0.5137928128242493,0.019005868454896598
2907,0.6929994821548462,0.0001264405455326821,0.5137386322021484,0.01904135610134277
2908,0.6929984986782074,0.00012589263650204048,0.5137433707714081,0.019104281346169535
2909,0.6929996311664581,0.0001200763714075371,0.513865053653717,0.019222081787757486
2910,0.6929993331432343,0.00012454393734969186,0.5137721598148346,0.018981634017002834
2911,0.6929988265037537,0.00012492325898628992,0.5138543844223022,0.01898934689028033
2912,0.6929986774921417,0.0001265669860782148,0.5138781368732452,0.01896966431202574
2913,0.6929955780506134,0.0001313717268084567,0.5138824582099915,0.0188135945319899
2914,0.6930035352706909,0.00012686201401779104,0.513694167137146,0.018658241248378744
2915,0.6930027008056641,0.00012888506274631395,0.5136412382125854,0.01847650403759977
2916,0.6930036544799805,0.00013545997111401341,0.5135886371135712,0.018241451063454515
2917,0.693007230758667,0.00013900030638892851,0.5134597718715668,0.018115684867498004
2918,0.6930115222930908,0.00013605002699316592,0.5134459733963013,0.01799055087426916
2919,0.6930091083049774,0.0001412340893600059,0.5135273933410645,0.01794671815181783
2920,0.6930118203163147,0.00013866313160084136,0.5134565532207489,0.01811787650362057
2921,0.6930085122585297,0.00014570165530216066,0.5135186314582825,0.018100722736276637
2922,0.6930070221424103,0.00013996968390467908,0.5134670734405518,0.018243937727516656
2923,0.6930037438869476,0.00014207702633022378,0.5135664939880371,0.01812002599289463
2924,0.692999929189682,0.00014595453639322604,0.5136842131614685,0.018023256828713616
2925,0.693005383014679,0.00014001183075318998,0.5135013461112976,0.01829822286839869
2926,0.6930029988288879,0.0001371458450544492,0.513581246137619,0.018201495851066184
2927,0.6930021345615387,0.000139211040631483,0.5135674774646759,0.017920460665195544
2928,0.693007618188858,0.00013322618814293603,0.5134606957435608,0.018088415856511456
2929,0.6930129528045654,0.00012753636359396535,0.5134658217430115,0.01799291109778577
2930,0.6930097937583923,0.00012559760856246423,0.5135821104049683,0.018055035552490828
2931,0.6930069923400879,0.00011666247667815467,0.5136793851852417,0.018247562356488594
2932,0.6930100619792938,0.00011417581261601193,0.5134995579719543,0.01820448827731046
2933,0.6930024325847626,0.00012892720959482485,0.5135965347290039,0.017979508399959307
2934,0.6930004954338074,0.00013992753705616818,0.513527899980545,0.017781544652503638
2935,0.6930056810379028,0.0001370615513574274,0.513441264629364,0.017765739584312053
2936,0.6930060088634491,0.00013904245323743942,0.5133915543556213,0.017543288517871555
2937,0.6930054724216461,0.0001299387339590863,0.5133785307407379,0.017579745541833478
2938,0.6930087208747864,0.00012408032201607203,0.5132201015949249,0.017667410986736135
2939,0.6930073201656342,0.0001333947755369796,0.5131168365478516,0.017677652670924283
2940,0.6930150389671326,0.00012846359426120502,0.5129054486751556,0.017636728081020205
2941,0.6930081844329834,0.00013520709002294806,0.5129839479923248,0.017647011912056865
2942,0.6930164098739624,0.00012087716152924408,0.5127558410167694,0.017886574598992785
2943,0.6930252611637115,0.0001143444000100555,0.5126905143260956,0.017845439274846154
2944,0.6930232644081116,0.00011177344225089097,0.51273313164711,0.01785521734370068
2945,0.6930277943611145,9.769639484825237e-05,0.5127755403518677,0.018016766214042936
2946,0.6930328607559204,9.912938769762276e-05,0.5126928091049194,0.017899850856273717
2947,0.6930326521396637,0.0001030490446091359,0.512663871049881,0.017707871961306593
2948,0.6930294334888458,0.00011055118364407505,0.5126350820064545,0.01741630006330823
2949,0.6930282711982727,0.00011278496661515243,0.5126241147518158,0.017251421591933613
2950,0.6930264234542847,0.00010545141497425687,0.5126309096813202,0.017562549627641033
2951,0.6930298805236816,0.0001165781829811329,0.5124788284301758,0.017248344871992317
2952,0.6930289566516876,0.000116536036132622,0.512538731098175,0.0172343521182867
2953,0.6930263936519623,0.00011392293152494657,0.5125632584095001,0.017319868073915303
2954,0.6930320858955383,0.00011059333049258594,0.512499988079071,0.01728096653273975
2955,0.6930397152900696,0.00011034044940152057,0.5123145878314972,0.017118574725427275
2956,0.6930430829524994,0.00010701084836915995,0.5123219788074493,0.017030993574221637
2957,0.6930424869060516,0.00010810666643044319,0.5122770965099335,0.016968363357334447
2958,0.6930461823940277,0.00010102599588061299,0.5121802985668182,0.017028970525493115
2959,0.6930440366268158,0.00010962395297683537,0.5122052729129791,0.01681950068839397
2960,0.6930430829524994,0.00011392293152494657,0.5121609270572662,0.016708907357901384
2961,0.6930424571037292,0.00010705299521767084,0.5121168196201324,0.016891656093044622
2962,0.6930413842201233,0.00011758970734539435,0.5121762156486511,0.016683914276734425
2963,0.693044513463974,0.00011594598025346948,0.512149453163147,0.016501418422682254
2964,0.6930432319641113,0.00011565095231389322,0.5121913552284241,0.01622274346032822
2965,0.6930505335330963,0.00011038259625003147,0.5121133327484131,0.01621136381123028
2966,0.6930531859397888,0.00011548236491984964,0.512103945016861,0.01595869345440747
2967,0.6930490732192993,0.00012450179050118096,0.5121627151966095,0.01565886077410097
2968,0.6930515468120575,0.0001227737697122343,0.5121192634105682,0.015745008932457238
2969,0.6930535733699799,0.00012673557347225834,0.5120081305503845,0.015542914793847501
2970,0.6930513083934784,0.00012901150329184662,0.5119990408420563,0.015533178871841484
2971,0.693048745393753,0.0001341534188101757,0.5119900107383728,0.015332433432384097
2972,0.6930465400218964,0.00013668222972082936,0.5120146870613098,0.015275535186894389
2973,0.6930440068244934,0.0001383259568127542,0.512072890996933,0.015171306030526948
2974,0.6930437684059143,0.00013377409717357767,0.5121308863162994,0.01530482724660946
2975,0.6930473446846008,0.0001277049509880089,0.5121048986911774,0.015272036998467985
2976,0.6930490732192993,0.00012053998674115693,0.5121458172798157,0.01519208442684282
2977,0.6930530965328217,0.00011248993867557616,0.5120365619659424,0.015230438058987732
2978,0.6930516362190247,0.00011152056115982561,0.5120275318622589,0.015268580956890092
2979,0.6930522620677948,0.00011451298740409908,0.5119853913784027,0.01516574264652351
2980,0.6930462718009949,0.00011826405692156866,0.5120428204536438,0.014969549066705298
2981,0.6930456459522247,0.00011468157479814266,0.5120669007301331,0.015195034706238581
2982,0.693042665719986,0.00012100360207477676,0.5121403932571411,0.015022991270617111
2983,0.6930461227893829,0.00012125648316584213,0.5119996070861816,0.014968031780158906
2984,0.693044513463974,0.00011914914074029743,0.5120729207992554,0.014936590231169779
2985,0.6930422186851501,0.00012087716152924408,0.5120967626571655,0.014928413742558665
2986,0.6930400133132935,0.00011691535776922004,0.5121205151081085,0.014827809215163162
2987,0.6930378079414368,0.00011632530189006753,0.5121768116950989,0.014912229352730483
2988,0.6930376589298248,0.00011662032982964379,0.5122328698635101,0.014904179304664903
2989,0.6930393874645233,0.00010456633115552809,0.5122236609458923,0.015172022526951634
2990,0.6930380761623383,0.00011173129540238008,0.5121820569038391,0.014979917191438978
2991,0.6930356919765472,0.00011105694582620577,0.5121082663536072,0.014925969225345035
2992,0.6930426061153412,0.00010684226097511637,0.5120024681091309,0.014963648507913773
2993,0.693050742149353,9.567334611972945e-05,0.5119132101535797,0.015160769318399225
2994,0.6930568814277649,8.842408817585567e-05,0.5119047462940216,0.015288811444175321
2995,0.6930613219738007,8.374578799114645e-05,0.5118321180343628,0.015280087046533566
2996,0.69305819272995,9.407176587631548e-05,0.5118719637393951,0.015112806204793827
2997,0.6930544376373291,9.88765066065574e-05,0.5120395123958588,0.014991423281082453
2998,0.6930618286132812,9.617910830186018e-05,0.5118872821331024,0.014960824669063543
2999,0.6930658221244812,9.247018563290151e-05,0.5118153095245361,0.01499787174890462
3000,0.6927263140678406,0.0006341414826949116,0.5192507058382034,0.027563174915730224
3001,0.6927207410335541,0.0006453946912473203,0.5193409770727158,0.027577378403678396
3002,0.6927238404750824,0.0006416857685783617,0.5192719995975494,0.027310862807119755
3003,0.6927317976951599,0.0006276508680242339,0.5191043615341187,0.026961676167207
3004,0.6927365958690643,0.0006282830707518974,0.5189968347549438,0.02697727050115603
3005,0.6927399039268494,0.0006186314424429026,0.5189292430877686,0.026769992300179454
3006,0.6927324831485748,0.0006258385535382654,0.5190584659576416,0.026674909009938876
3007,0.6927275359630585,0.0006351108602106622,0.5191282629966736,0.026607979814503576
3008,0.6927327513694763,0.0006181256802607718,0.5190021991729736,0.026043717806639728
3009,0.6927346587181091,0.0006169455685024668,0.5190132558345795,0.026116589707715063
3010,0.6927376985549927,0.0006097806042556148,0.5188881158828735,0.02594155384584932
3011,0.6927424371242523,0.0006022363183721648,0.5188411772251129,0.025767360920953795
3012,0.6927406489849091,0.0006029106679483391,0.518891304731369,0.025785652653207522
3013,0.6927421987056732,0.0006006347381287509,0.5189604759216309,0.02544885718675697
3014,0.6927472352981567,0.0006004240038861964,0.51883664727211,0.025549546007849495
3015,0.6927430927753448,0.000603332136433448,0.5189440548419952,0.025595401779029348
3016,0.6927430927753448,0.0005979373398240537,0.5189550817012787,0.02545125955712209
3017,0.6927392780780792,0.0005992017452793805,0.5189851820468903,0.025334934255232023
3018,0.6927361488342285,0.0006039643391611114,0.5189197361469269,0.025461880562946834
3019,0.6927417814731598,0.0006034164301304698,0.5188165903091431,0.02537299285943736
3020,0.6927366256713867,0.0006154282819560747,0.5187898576259613,0.025552917755730365
3021,0.6927391588687897,0.0006077997023756028,0.5188011229038239,0.02535710349754875
3022,0.6927362084388733,0.0006082633177092227,0.5186989903450012,0.02532250093492131
3023,0.6927466094493866,0.000604933716676862,0.5184089541435242,0.02544792995608973
3024,0.6927429735660553,0.0006088955204368861,0.5184398591518402,0.025333585556079674
3025,0.6927461624145508,0.0006026156400087628,0.5183768272399902,0.02524621513911659
3026,0.6927352845668793,0.0006158918972896945,0.518482506275177,0.025238713000081653
3027,0.6927332878112793,0.0006209073722624909,0.518550306558609,0.025178400859862563
3028,0.6927331686019897,0.000618884323533968,0.5185433328151703,0.025223750868860285
3029,0.692728728055954,0.0006345208043315097,0.5184620916843414,0.025584022129931407
3030,0.6927298307418823,0.0006268922247510379,0.5185109674930573,0.025235130517958226
3031,0.6927231848239899,0.0006335092799672482,0.5185041427612305,0.025384541095929344
3032,0.6927163600921631,0.0006306011474199965,0.5186448693275452,0.024959447981848466
3033,0.6927138864994049,0.0006288731266310499,0.5186561644077301,0.024770587953671153
3034,0.6927141547203064,0.0006293367419646697,0.5187224745750427,0.024920082825339293
3035,0.6927142441272736,0.0006313176438446817,0.5187701284885406,0.02504294088874855
3036,0.6927094161510468,0.0006323291682089431,0.5188176035881042,0.025010192787455584
3037,0.6927124559879303,0.0006205280506258929,0.5187554657459259,0.024977613273556663
3038,0.6927201747894287,0.0006147539323799004,0.5184935927391052,0.02491949276946014
3039,0.6927170753479004,0.0006244477075374059,0.5184869170188904,0.024964252722578708
3040,0.6927172243595123,0.0006285359518429627,0.5183536112308502,0.025085593499441575
3041,0.6927103102207184,0.0006357009160898147,0.5185459554195404,0.025053140426088184
3042,0.6927070021629333,0.0006361645314234345,0.5186653435230255,0.024918944860429497
3043,0.6927120089530945,0.0006316126717842579,0.5184965431690216,0.024836168449954104
3044,0.6927157044410706,0.000639536279304306,0.5183285474777222,0.0251089007066681
3045,0.6927170753479004,0.0006341414826949116,0.5183402597904205,0.025076658367557264
3046,0.6927258670330048,0.0006323291682089431,0.5182090699672699,0.02534757830978529
3047,0.6927191615104675,0.0006425708523970904,0.5182031989097595,0.025340202611295885
3048,0.6927201747894287,0.0006424022650030469,0.518108457326889,0.025408185477943955
3049,0.692712664604187,0.0006502415788260731,0.5182269215583801,0.025375605964045034
3050,0.6927152872085571,0.0006484714111886156,0.5180795192718506,0.025368188118707117
3051,0.6927103400230408,0.0006547934384652497,0.5181092917919159,0.025211022520609992
3052,0.6927142441272736,0.0006453946912473203,0.5180332362651825,0.025204026143757184
3053,0.6927155256271362,0.0006441724326405044,0.5180102586746216,0.025321236529465982
3054,0.6927176117897034,0.0006375132305757831,0.5178997218608856,0.025214815736975975
3055,0.692722350358963,0.0006328349303910738,0.5177721977233887,0.025034722253288923
3056,0.6927167177200317,0.0006298425041468004,0.5179070234298706,0.02478133540004143
3057,0.6927124857902527,0.0006362488251204563,0.5179890096187592,0.024701467122113286
3058,0.6927090585231781,0.0006316548186327688,0.5179490149021149,0.024499077955563973
3059,0.6927048563957214,0.0006391991045162189,0.5179611444473267,0.024518254771636428
3060,0.6927065253257751,0.0006327927835425629,0.5179387032985687,0.024292726985254635
3061,0.692702442407608,0.0006398313072438823,0.5179853439331055,0.02440993737096343
3062,0.6927032470703125,0.0006467855372481798,0.5178251564502716,0.024672722971428855
3063,0.6927144229412079,0.0006350265665136404,0.5177515745162964,0.024569842514213763
3064,0.6927092373371124,0.0006392412513647297,0.5178497731685638,0.024370445773908723
3065,0.6927097737789154,0.000640758537911122,0.517742246389389,0.024365472445784436
3066,0.6927151381969452,0.0006326663429970303,0.517703503370285,0.024119081969389753
3067,0.6927094459533691,0.0006463640687630708,0.5178011655807495,0.024259220240688474
3068,0.6927092671394348,0.0006457740128839183,0.5177794396877289,0.024278565644154974
3069,0.6927154958248138,0.0006373867900302504,0.5176221132278442,0.02410589000580584
3070,0.692722499370575,0.0006459426002779619,0.5174147188663483,0.02419730652022597
3071,0.6927289366722107,0.0006320341402693669,0.5172926187515259,0.023977847880029747
3072,0.6927171051502228,0.0006486821454311701,0.5173901319503784,0.024021427721390008
3073,0.6927147209644318,0.000643118761427732,0.5174368023872375,0.023613024759319447
3074,0.6927168071269989,0.0006361223845749236,0.5175000131130219,0.02346740739771431
3075,0.6927219033241272,0.0006354058881502384,0.5173453092575073,0.023440812736303933
3076,0.6927199065685272,0.0006389883702736644,0.5173750221729279,0.023437904603756683
3077,0.6927206516265869,0.0006442567263375262,0.5172712504863739,0.023529363265025322
3078,0.6927172541618347,0.0006579123052550558,0.5173010528087616,0.023573364574870696
3079,0.6927056312561035,0.0006787328484194375,0.517314076423645,0.023969334216630545
3080,0.6926960945129395,0.000689269560547161,0.517426460981369,0.024082498504882296
3081,0.6926954984664917,0.0006850548756960716,0.5174226462841034,0.024078283820031205
3082,0.6926990449428558,0.0006790278763590137,0.5173693597316742,0.023864177829595865
3083,0.6926880180835724,0.000691250462427173,0.5175138115882874,0.023976836355665485
3084,0.6926867961883545,0.0006998905663719063,0.5175098478794098,0.024112254179930986
3085,0.6926859319210052,0.0006921776930944127,0.5175223052501678,0.024038497195036923
3086,0.69269198179245,0.0006788171421164593,0.5175837576389313,0.02389561937858499
3087,0.6926962435245514,0.0006827367990279725,0.5174980461597443,0.023914922635202982
3088,0.6926866769790649,0.0007011549718272331,0.5175593197345734,0.024049371081952733
3089,0.6926924288272858,0.0006877944208492797,0.5174577236175537,0.023769473860991885
3090,0.6926981508731842,0.0006760775969632512,0.5173890590667725,0.023674221983357266
3091,0.6926904022693634,0.0006803765755113623,0.5175149142742157,0.023716748153504757
3092,0.6926928460597992,0.0006686597516253339,0.5174625217914581,0.02364484562994517
3093,0.6926968395709991,0.0006641078919861573,0.5174426138401031,0.023573280281173673
3094,0.692691832780838,0.0006674796398670287,0.517535388469696,0.02347925066214587
3095,0.692691296339035,0.0006782692330858177,0.5174351334571838,0.023567168988139594
3096,0.6926858723163605,0.0006749817789019679,0.5176076889038086,0.023405577970948825
3097,0.6926882863044739,0.0006617055216210362,0.5176036059856415,0.02317676273038318
3098,0.6926795840263367,0.0006764569185998492,0.5177591443061829,0.023355086046432775
3099,0.6926843523979187,0.0006766255059938928,0.5176910758018494,0.023352557235522122
3100,0.6900672316551208,0.004302518883386106,0.5708985030651093,0.10026562458662795
3101,0.6900721788406372,0.004301254477930779,0.5707776248455048,0.1002635172442024
3102,0.6900752484798431,0.004301128037385247,0.570657342672348,0.10014913069734384
3103,0.690092533826828,0.004275755634581688,0.5704387128353119,0.0997833803459663
3104,0.69008868932724,0.004283552801556204,0.5703594088554382,0.09978249526214758
3105,0.6900837421417236,0.004308250854783588,0.5702410787343979,0.0999487435060988
3106,0.6900768280029297,0.00429703979307969,0.5702412724494934,0.09955844261546366
3107,0.6900829672813416,0.004280349641069376,0.5700258761644363,0.09925327835882053
3108,0.6900762617588043,0.0042797174383417125,0.5699483752250671,0.09908783090499101
3109,0.6900900900363922,0.0042681692018497275,0.5696957856416702,0.09884049212450484
3110,0.6900946795940399,0.0042481073019585425,0.5696584284305573,0.09851189422008966
3111,0.6900951862335205,0.0042353368068597415,0.5696212351322174,0.09812995947888394
3112,0.6901079714298248,0.004225179416368616,0.5695648789405823,0.09794160521288875
3113,0.6901034116744995,0.00423483104467761,0.5694508850574493,0.0978907339667361
3114,0.690108060836792,0.004243934763955964,0.5692604035139084,0.098003497859927
3115,0.6900946795940399,0.004266483327909292,0.5692053437232971,0.09803415969221867
3116,0.6901054680347443,0.00424659001541215,0.5691314041614532,0.097766569351023
3117,0.6901022791862488,0.004260034860087125,0.5690195858478546,0.09771658318868909
3118,0.6901193261146545,0.004250931140808772,0.5687747895717621,0.09758592795830531
3119,0.6901087164878845,0.004253459951719426,0.5688356161117554,0.09729448250085249
3120,0.683187335729599,0.010208598912066198,0.53125,0.0
3121,0.6871518492698669,0.006920933993973909,0.51953125,0.016572815184059706
3122,0.6884388625621796,0.004659460543424868,0.5338541865348816,0.03314563036811941
3123,0.6896282136440277,0.00452475921558405,0.53515625,0.027621358640099514
3124,0.6888562142848969,0.005642915106578069,0.5281250178813934,0.030935913247541753
3125,0.688614547252655,0.006187157361399244,0.5286458432674408,0.029462796598388984
3126,0.690521627664566,0.003964459011480226,0.5167410671710968,0.026832158901733023
3127,0.6888706386089325,0.006202203786317633,0.5234375,0.030383494504109463
3128,0.6902704834938049,0.004416062493274455,0.5112847238779068,0.02823516426838792
3129,0.6897857487201691,0.005080676147442743,0.51171875,0.03425046785498399
3130,0.688836932182312,0.006636779941313461,0.5163352340459824,0.04118094811014562
3131,0.6892885267734528,0.005743224606033997,0.5169270783662796,0.0368284852112741
3132,0.6899338364601135,0.004864842136218454,0.5150240510702133,0.028046304240210602
3133,0.6896589398384094,0.005126068303288976,0.516741082072258,0.025253822645272806
3134,0.6907005906105042,0.0038017300293796633,0.5093750059604645,0.02357024570808089
3135,0.6911104321479797,0.003067194753531802,0.51025390625,0.01588228121805722
3136,0.6907942593097687,0.0032931440083987054,0.5124080777168274,0.014948054173964742
3137,0.6904352903366089,0.0036851518463985305,0.5138888955116272,0.015958988482347048
3138,0.6906425654888153,0.003183140733785272,0.5143914222717285,0.012211543593849414
3139,0.6907504498958588,0.003120594810595105,0.51171875,0.014363140210330555
3140,0.6916819214820862,0.001752803135871061,0.509672611951828,0.007365709686309374
3141,0.6918317377567291,0.001471978684242974,0.5092329382896423,0.005022049881164089
3142,0.6913783550262451,0.002284106308199391,0.5118885934352875,0.008166331220622316
3143,0.6908709406852722,0.00296241768813372,0.5152994990348816,0.01242961138804478
3144,0.6905876100063324,0.003332677752301924,0.5184375047683716,0.014584073990224662
3145,0.6903829872608185,0.0036923589574938934,0.5180288553237915,0.016147890657372873
3146,0.6909294724464417,0.0028073172856136297,0.515625,0.011457789355080586
3147,0.6908569931983948,0.0030913027508800337,0.5119977593421936,0.013021521728531776
3148,0.6906440258026123,0.003353540442314816,0.5121228396892548,0.013334462078725165
3149,0.6912563443183899,0.0025524131458197425,0.5083333253860474,0.010311985131463421
3150,0.6915332078933716,0.0021313661291959113,0.5070564448833466,0.009266532554150695
3151,0.6915562152862549,0.0021049822020280913,0.5048828125,0.008976941558032341
3152,0.691327303647995,0.0023062334036676106,0.5078125,0.00837011123317249
3153,0.6912820637226105,0.0024081444833669524,0.5064338147640228,0.009098788097077336
3154,0.6910533905029297,0.0026798652157166863,0.5093750059604645,0.008838826335462142
3155,0.6908027231693268,0.003147147325156968,0.5099826455116272,0.011662370157752466
3156,0.6906867623329163,0.0032995081825238502,0.511402040719986,0.012541595564538226
3157,0.6907162368297577,0.0031002800296128542,0.5119243264198303,0.009885543318230196
3158,0.6906391084194183,0.003238858867516674,0.512620210647583,0.011048543456039806
3159,0.6904505789279938,0.0035032881950740227,0.5128906071186066,0.011600962199472093
3160,0.69041907787323,0.003593861772523934,0.5142911374568939,0.01212644910670592
3161,0.689943253993988,0.004221681227942212,0.517671138048172,0.012363820157519275
3162,0.689994215965271,0.004160905472389502,0.5167151093482971,0.012847118069393697
3163,0.690335750579834,0.0036414034176442227,0.5163352191448212,0.010546363756032504
3164,0.6898354291915894,0.004409656172300799,0.5196180641651154,0.012521702252041083
3165,0.6896093189716339,0.00452003876855083,0.5213994681835175,0.012489670647172805
3166,0.6892639994621277,0.004975435466711041,0.5231050550937653,0.0148097703640005
3167,0.6892684102058411,0.005053407136456195,0.5222981572151184,0.014501213286052243
3168,0.688839465379715,0.005771968756718426,0.5231186151504517,0.01736197277557769
3169,0.688357800245285,0.006371634117331427,0.5256249904632568,0.019003508231379987
3170,0.6878760755062103,0.006857418693267991,0.5275735557079315,0.019497427149079156
3171,0.687073826789856,0.007958420816918076,0.5304988026618958,0.021884582501887684
3172,0.687042772769928,0.00803116627744788,0.5305129885673523,0.021888628599344727
3173,0.6873524785041809,0.007624954951499883,0.5293692052364349,0.02189246396255922
3174,0.6869329512119293,0.008196508364156117,0.529971569776535,0.023101488458942727
3175,0.6867784857749939,0.008356371360557937,0.5309709906578064,0.024070065184571582
3176,0.6864254176616669,0.00887920301633558,0.531798243522644,0.026361420750714848
3177,0.6860126554965973,0.009393731742956572,0.5331357717514038,0.028192869905907237
3178,0.6856462061405182,0.009806686564666312,0.5337658822536469,0.028276784281292426
3179,0.6859310269355774,0.00945252659662927,0.5322916507720947,0.02725307947781132
3180,0.6854375600814819,0.010044774111904353,0.5334272682666779,0.027711932217549425
3181,0.685506284236908,0.009886470548897434,0.5345261991024017,0.028155991413460202
3182,0.6858856379985809,0.009399800889142142,0.533110111951828,0.027884397121656003
3183,0.6863616406917572,0.008573469777237552,0.53369140625,0.026240290708094537
3184,0.686674952507019,0.008081742495660953,0.5338942408561707,0.026176564673146066
3185,0.6871783435344696,0.00727028922128071,0.5334990620613098,0.02527774098180274
3186,0.6878737807273865,0.00640101047074352,0.5322994589805603,0.024900442393933214
3187,0.6878262460231781,0.006528588981185996,0.5326286852359772,0.02632150768517503
3188,0.6873642206192017,0.007201041949177311,0.5336276888847351,0.028021669407255985
3189,0.6867683529853821,0.008023832725806984,0.5354910790920258,0.029988873561501962
3190,0.6872574985027313,0.0072191229471884845,0.5362015962600708,0.02909970149846763
3191,0.6871188879013062,0.007512338572278774,0.5361328125,0.03023007997552981
3192,0.6870436072349548,0.007678312861714675,0.5363869965076447,0.03117808903908535
3193,0.6868359744548798,0.007849386919820393,0.5374788641929626,0.030607462857096354
3194,0.6872168779373169,0.007383790684320548,0.5364583432674408,0.030935913247541753
3195,0.687859058380127,0.006535290330099228,0.53515625,0.028784358777909122
3196,0.6881201267242432,0.006063835682656368,0.5344967544078827,0.02668869102940194
3197,0.6881878077983856,0.006109312132199622,0.5341546535491943,0.026204887355345385
3198,0.6883578300476074,0.0058910336037617025,0.5340189933776855,0.025733348414205503
3199,0.6881625950336456,0.006182141886426447,0.53515625,0.027345128194959115
3200,0.6728672385215759,0.029261713984143508,0.6043727993965149,0.147436166705778
3201,0.6728542149066925,0.029264284941902672,0.6045049428939819,0.14728578675029114
3202,0.672851175069809,0.02927313578008996,0.6045768558979034,0.14710805349012068
3203,0.6728611588478088,0.029273430808029535,0.6044504046440125,0.146875276445795
3204,0.6728905439376831,0.029201781165561016,0.6044036448001862,0.14647610364354835
3205,0.6729094982147217,0.029147496024678986,0.6041994988918304,0.14619034801064448
3206,0.6730258762836456,0.029006430522713022,0.6038195490837097,0.1457671515047466
3207,0.673060417175293,0.028932799978364492,0.6037158966064453,0.14545686640600938
3208,0.6731269061565399,0.028826126304783418,0.6034367978572845,0.1448993900407558
3209,0.6732116341590881,0.028730747986603265,0.6030616164207458,0.14459285601153607
3210,0.6732650697231293,0.02868012962154168,0.6028050184249878,0.14428788141571125
3211,0.6732854545116425,0.028632587976421393,0.6027243137359619,0.14412156995148726
3212,0.6733728051185608,0.028546819139701723,0.6023343205451965,0.14379189730243505
3213,0.6734049320220947,0.028492618292516713,0.6022551953792572,0.14362765103378808
3214,0.6734168827533722,0.02845987019122375,0.6022727191448212,0.1434369786911248
3215,0.6735019683837891,0.0283401309946043,0.6019251644611359,0.14289404298860747
3216,0.6734992563724518,0.028324073045321647,0.6019242703914642,0.14262480892031987
3217,0.6735773980617523,0.028204375995550708,0.6015409827232361,0.1423568814043361
3218,0.673613965511322,0.028122906137379153,0.6014266014099121,0.1420902604406562
3219,0.6737211048603058,0.027995917682815827,0.6010654270648956,0.14169041328883336
3220,0.6737562716007233,0.02795933421830837,0.6009337902069092,0.14139989506204775
3221,0.6737798452377319,0.027957016141640274,0.6007270514965057,0.14116433632572037
3222,0.6738266944885254,0.027902140944879087,0.6005779802799225,0.14084975224843505
3223,0.6738514006137848,0.027875967751953824,0.6004672944545746,0.14064323269073167
3224,0.6738374531269073,0.027884397121656003,0.6006014943122864,0.14051750864162368
3225,0.6738216578960419,0.0279106967551268,0.6005475521087646,0.14055156329522048
3226,0.6738119721412659,0.027918072453616206,0.600549966096878,0.1405060025519802
3227,0.6737957000732422,0.027934003962353324,0.6006456911563873,0.14038150076147904
3228,0.6738119125366211,0.027912340482218724,0.6006292700767517,0.1403102304406471
3229,0.6738157272338867,0.02789270005081265,0.6005572080612183,0.14010800986149183
3230,0.6738113462924957,0.027906313482881667,0.6005040109157562,0.14009018174457172
3231,0.6738011837005615,0.02792591176743923,0.6004140973091125,0.14017696210565567
3232,0.6738414168357849,0.027853924950182626,0.6003614664077759,0.1399503806480611
3233,0.6738493144512177,0.027841997392054042,0.6001619100570679,0.13988100693541217
3234,0.6738448143005371,0.027870952276981026,0.5999999940395355,0.14001962792016448
3235,0.6738598644733429,0.027847223601269393,0.5999121069908142,0.1399503806480611
3236,0.6738727688789368,0.02783529604314081,0.59984290599823,0.13990730656888295
3237,0.6739141643047333,0.027778777119287702,0.5998651087284088,0.13983864935265872
3238,0.6738752126693726,0.027809502171852143,0.6000327169895172,0.13961602969882417
3239,0.6738568246364594,0.02783154497362334,0.6000907123088837,0.1395484261538127
3240,0.6737874448299408,0.027903026028697816,0.6002027094364166,0.13945545020599767
3241,0.6738143861293793,0.02786248076043034,0.6000975072383881,0.13920973407917914
3242,0.6737524271011353,0.027948586771938094,0.600227028131485,0.13914347923332002
3243,0.673756867647171,0.027942644066298056,0.6001042425632477,0.13917921976085726
3244,0.6737427711486816,0.027985844586021724,0.6000537872314453,0.13921483384784897
3245,0.6737492978572845,0.027979817586684667,0.6000751256942749,0.13925023720059812
3246,0.6736931502819061,0.028057367787944713,0.6000071465969086,0.13941170177724335
3247,0.6736907064914703,0.02805837931230897,0.6000106930732727,0.1393206224376113
3248,0.6737544536590576,0.027963591050007973,0.5999609231948853,0.1390036781368094
3249,0.673760861158371,0.027967595000616508,0.5998935997486115,0.13896401795236063
3250,0.6737768948078156,0.027939609493205272,0.599915087223053,0.1389495615833214
3251,0.6737252473831177,0.028009446821187826,0.5999188125133514,0.13891023857366075
3252,0.6737047135829926,0.028037137300659484,0.5999577641487122,0.13877144900151436
3253,0.6736699938774109,0.028056904172611093,0.6001019179821014,0.13833510267888108
3254,0.6736826598644257,0.028037305888053525,0.5999824702739716,0.13812386267414448
3255,0.673782467842102,0.0278913513516603,0.5997061133384705,0.13774036849954385
3256,0.6737848818302155,0.02789181496699392,0.5995880961418152,0.13763011234383934
3257,0.6738402545452118,0.027801957885968693,0.5993312895298004,0.13732332543352854
3258,0.6740055084228516,0.027569686603825156,0.5991277396678925,0.13689502915896085
3259,0.6740290224552155,0.027537950026896452,0.5989424288272858,0.1366893525382277
3260,0.6739794313907623,0.027619040563431414,0.598792552947998,0.1365334513455859
3261,0.6739730834960938,0.027622538751857818,0.5987296104431152,0.13650032392265632
3262,0.674047976732254,0.027521006993795075,0.5984775424003601,0.13619939542428855
3263,0.6741213500499725,0.02742693522791876,0.5981922149658203,0.1358998156250731
3264,0.6740505397319794,0.02754536787223437,0.5979424118995667,0.13594103524291676
3265,0.6741592884063721,0.027417367893306784,0.5974883735179901,0.13578850579815585
3266,0.6742160618305206,0.027322748218399827,0.5972753167152405,0.1353469332663072
3267,0.6742237508296967,0.027320725169671305,0.5971143245697021,0.13512406073138158
3268,0.6742485165596008,0.02728696554401408,0.5970220267772675,0.1348060627593669
3269,0.6743066608905792,0.027214177936635765,0.5967944264411926,0.13463330282732075
3270,0.6743392944335938,0.02717055594842699,0.5965847373008728,0.13438952545553373
3271,0.6743767857551575,0.027119726849122852,0.5964266657829285,0.13417069901806516
3272,0.6743825674057007,0.027121749897851374,0.5962186455726624,0.13411961703766997
3273,0.6744174361228943,0.027061901372965904,0.596045196056366,0.13368828619000947
3274,0.6744500994682312,0.026997416694744238,0.5960738360881805,0.1332113103054117
3275,0.6745120286941528,0.026911521417479035,0.5956837832927704,0.13276008614525406
3276,0.6745339930057526,0.026877846085518832,0.5956295132637024,0.13268881582442213
3277,0.6746070683002472,0.026779643928488448,0.5953587591648102,0.13250004008994185
3278,0.6746063530445099,0.026782931382672296,0.5952887833118439,0.13240605261776256
3279,0.6746125519275665,0.026773406194908835,0.595169335603714,0.13224210137705517
3280,0.6746719777584076,0.026694001532314313,0.5949675142765045,0.13186800594967246
3281,0.6747311949729919,0.026620033813177693,0.5947169959545135,0.13184617388214384
3282,0.6747952699661255,0.026526046340998397,0.5945335030555725,0.13145113147105122
3283,0.6747909486293793,0.026537721018035917,0.5944824814796448,0.13152337116939888
3284,0.6747620701789856,0.026583871817155345,0.5944480895996094,0.13175787623451352
3285,0.6748233735561371,0.026489505023339452,0.5942171514034271,0.1313887119884066
3286,0.6748453676700592,0.026462783921383546,0.5941016972064972,0.13146061451196617
3287,0.6749242842197418,0.026344857039250064,0.5938887298107147,0.13111669622811728
3288,0.674920380115509,0.026344056249128358,0.5939861834049225,0.13102759779036524
3289,0.6748705506324768,0.026422027918873513,0.5940344631671906,0.13119171761846668
3290,0.6748189926147461,0.02649730219031397,0.5940825343132019,0.13135520524384042
3291,0.6747528314590454,0.026589013732673673,0.594308465719223,0.13158671788271076
3292,0.6746989190578461,0.026673096695452907,0.5942265391349792,0.13179437540532393
3293,0.674626350402832,0.02677353263545437,0.5943061709403992,0.1320011478441184
3294,0.6746829748153687,0.026690840518675995,0.5941441357135773,0.13168382422167987
3295,0.6746244430541992,0.02677075094345265,0.5942236185073853,0.13184461444874893
3296,0.674538642168045,0.02688770844807038,0.5942546725273132,0.1321180632018876
3297,0.6745327413082123,0.02688863567873762,0.5944295227527618,0.1320511761533008
3298,0.6746478378772736,0.02672889912288133,0.5941728353500366,0.1317814784696796
3299,0.674704372882843,0.02664818790798297,0.5941401124000549,0.13173806721571338
3300,0.6650267243385315,0.039712025072419686,0.5970515608787537,0.13725163364421153
3301,0.6652194559574127,0.03944409755643593,0.5967247635126114,0.137014578694762
3302,0.6653015613555908,0.03932747722660629,0.5965187251567841,0.1367226485485513
3303,0.6655369699001312,0.03899464356391576,0.5961355715990067,0.1362362106964628
3304,0.6656362414360046,0.03885349376825277,0.5960110574960709,0.13583598422300336
3305,0.6657347083091736,0.038721995600898784,0.5957099050283432,0.13563279426633235
3306,0.665816992521286,0.03860588103325127,0.5953906178474426,0.1353472704410953
3307,0.6658995151519775,0.03848664759881395,0.5950924903154373,0.13486913551816346
3308,0.6659444868564606,0.038432236017386386,0.5949131846427917,0.1347251829570745
3309,0.6660102009773254,0.03833938651011689,0.5946567803621292,0.1344716064430087
3310,0.6660778522491455,0.03824051000351033,0.5945572555065155,0.1341092910597848
3311,0.6660829782485962,0.03823292357077837,0.5946522802114487,0.13424270690874604
3312,0.6661190390586853,0.03817787978662314,0.5946887731552124,0.1338006496881395
3313,0.6661944389343262,0.03807605300062082,0.594338908791542,0.13352456675696892
3314,0.6662622392177582,0.037980421801349605,0.5942026227712631,0.13327712260936145
3315,0.6663741171360016,0.03782557427992058,0.5939325243234634,0.13294934656849222
3316,0.6664902865886688,0.03765858846612041,0.593702107667923,0.1322437029572986
3317,0.6665063500404358,0.03763949594374498,0.5936448574066162,0.13216341321088534
3318,0.6666103899478912,0.03749666027414156,0.5932827293872833,0.13175985713639352
3319,0.6666965186595917,0.037381430790312774,0.5929604321718216,0.13168114789679944
3320,0.6667795777320862,0.037265821984847396,0.5927725583314896,0.13130755823159887
3321,0.6668286621570587,0.03719741764971421,0.5925666391849518,0.13112318684278795
3322,0.6668802797794342,0.03712568371354867,0.5923995077610016,0.13093976375806854
3323,0.6669495105743408,0.03703089545124767,0.5920824408531189,0.1306505942304353
3324,0.6669998466968536,0.03696232252872045,0.5918797105550766,0.13057550961981315
3325,0.6670822501182556,0.03684882106568061,0.5915654003620148,0.129970386242318
3326,0.6671619713306427,0.03673144209257777,0.5913461446762085,0.12934168170308097
3327,0.6672157645225525,0.03666177335198926,0.5910719782114029,0.12921749601394364
3328,0.6672597825527191,0.03660727747686467,0.5908921808004379,0.1293308288895894
3329,0.6673109531402588,0.03653988466609576,0.5906760841608047,0.12923351181637777
3330,0.6673467457294464,0.036491879405641844,0.5905536711215973,0.12905799126575415
3331,0.6674092710018158,0.03640278096788982,0.5903763771057129,0.12859576677813517
3332,0.6674593985080719,0.03632910827669277,0.590421199798584,0.12818786957824674
3333,0.6675011217594147,0.036269344045504325,0.5903370529413223,0.12796404873922965
3334,0.667554646730423,0.036194238361457916,0.5901431739330292,0.12758554896617755
3335,0.6676256358623505,0.03609468750527518,0.5897670835256577,0.12736417264437408
3336,0.667673796415329,0.036021689163654315,0.5895388722419739,0.12693711970183744
3337,0.6677136719226837,0.03596681396689313,0.5893117636442184,0.1266152231463355
3338,0.6677435338497162,0.03592154825159243,0.5892493277788162,0.12632049023469882
3339,0.6677720546722412,0.03588348964738709,0.5891328155994415,0.12625809182547842
3340,0.6678148210048676,0.03582098587104544,0.5889443755149841,0.12573517587600377
3341,0.6678734719753265,0.03573820946057004,0.5887387990951538,0.12534236724788225
3342,0.6678923964500427,0.03570992892521923,0.588696300983429,0.1251297785439933
3343,0.6679076850414276,0.03568687459908377,0.5886899530887604,0.12501981741622836
3344,0.6679578423500061,0.03561670009631313,0.5885222554206848,0.12473283952471768
3345,0.6680407226085663,0.0354978038366639,0.5881942510604858,0.12432064334628115
3346,0.6680434048175812,0.0354997425916954,0.5880641341209412,0.12428903320989798
3347,0.6680938899517059,0.03542843012401497,0.5879167914390564,0.12413157258386127
3348,0.6681074500083923,0.03540605014745568,0.587947815656662,0.12397491274794628
3349,0.6681201457977295,0.03538952858283941,0.587890088558197,0.12394427198907887
3350,0.6681742072105408,0.03531113544460915,0.5877618193626404,0.12366365827169333
3351,0.6682132184505463,0.035254616520756045,0.5876341164112091,0.1234341686815515
3352,0.6682409644126892,0.03521091023885024,0.5875246524810791,0.12318082397515252
3353,0.6682190001010895,0.035242562522081924,0.5875035226345062,0.12305290828992196
3354,0.6682102978229523,0.03525604951360541,0.5874123573303223,0.1231238414359658
3355,0.6682055294513702,0.03526397312112546,0.5873565673828125,0.12319447955407006
3356,0.6682322919368744,0.035230002761225676,0.587283581495285,0.12314141667179485
3357,0.6683854162693024,0.03501564388969927,0.5870019495487213,0.12284234263476154
3358,0.6684297323226929,0.034954404518812945,0.5869126915931702,0.12271653429195652
3359,0.668416440486908,0.034968734447306644,0.5869972109794617,0.12268939172151551
3360,0.6683878898620605,0.03500860536599795,0.5870986580848694,0.12283361823711979
3361,0.6684197783470154,0.03496376111918236,0.5871133506298065,0.12280634922613323
3362,0.6686298549175262,0.034672568542820595,0.586731880903244,0.12241387777279979
3363,0.6687772274017334,0.034466006838268705,0.586472362279892,0.12214455941081517
3364,0.6686998605728149,0.034575841525488094,0.5865397751331329,0.12233725480220699
3365,0.6686615943908691,0.034628103617641605,0.5866753160953522,0.12238386921666003
3366,0.6686138808727264,0.034694737785137326,0.5867761671543121,0.12257513161520248
3367,0.6685648858547211,0.03476141409948156,0.5869617164134979,0.12259696368273111
3368,0.6685615479946136,0.03477287804227652,0.5868404805660248,0.12276293797216702
3369,0.668650895357132,0.03464239139928679,0.5867028534412384,0.12237645137132212
3370,0.6687347292900085,0.03452754123709461,0.5864811837673187,0.12225498415391373
3371,0.6686890721321106,0.034593711789256715,0.5865982174873352,0.1223728688891987
3372,0.6686811447143555,0.034598937998472065,0.5866810381412506,0.1222042393483066
3373,0.6686556339263916,0.034639146091951456,0.5867635309696198,0.12227411882313767
3374,0.6686220765113831,0.03468550762531344,0.5868456363677979,0.12215387386433608
3375,0.6687555015087128,0.03449647900974208,0.5866260230541229,0.12184472673050868
3376,0.6688217520713806,0.0343998362861066,0.5865410268306732,0.12158417491301433
3377,0.6688744723796844,0.03433421364297514,0.5862230062484741,0.12160765070763489
3378,0.6689587235450745,0.03421160846065695,0.5859895050525665,0.12123106861619005
3379,0.6690291166305542,0.03411812675065978,0.5857569575309753,0.12099694287271204
3380,0.6690491437911987,0.0340926700541592,0.5857242345809937,0.12095125568892623
3381,0.6691308319568634,0.03398034870287767,0.5854767262935638,0.12078886388161376
3382,0.6691915690898895,0.033900859746586125,0.5851972699165344,0.12076707396093363
3383,0.669275164604187,0.03378103625626965,0.5849683880805969,0.12048932622924684
3384,0.6693278253078461,0.03370757429931517,0.5847240537405014,0.12032893639723863
3385,0.6693761646747589,0.03364140374715306,0.5845790803432465,0.12007649784808264
3386,0.6694258451461792,0.033573083705716905,0.5844019800424576,0.11987134806295585
3387,0.6694881021976471,0.03348352165263125,0.5842256397008896,0.1196208693422556
3388,0.6695341169834137,0.033417688275257235,0.5841640681028366,0.11939454076575211
3389,0.6695907711982727,0.03333841005320824,0.5839239209890366,0.11919206730550577
3390,0.6696276962757111,0.03328492570244792,0.5838632434606552,0.11887579735428003
3391,0.669671505689621,0.03322962903720163,0.5835437625646591,0.11883550496710361
3392,0.6697243452072144,0.0331564199613382,0.5833871811628342,0.1186583196159638
3393,0.6697657406330109,0.033095686352634004,0.5831990092992783,0.11843629001800843
3394,0.6697930693626404,0.03306116808370358,0.5830759257078171,0.11835165914619855
3395,0.6698540449142456,0.03297468275055923,0.5828249603509903,0.11808575467894332
3396,0.669908195734024,0.032897174696147696,0.582671120762825,0.11773028815860244
3397,0.6699532568454742,0.032831172731379636,0.5826458036899567,0.11742149927298737
3398,0.6699963808059692,0.03277212499661587,0.5825089514255524,0.11727196225447072
3399,0.6700431406497955,0.03270498506693802,0.5823566764593124,0.11710048780130415
3400,0.6922574639320374,0.0012128177127494867,0.49599026143550873,0.005614192029317895
3401,0.6922733187675476,0.0011929244002523447,0.4957816004753113,0.00557177122629168
3402,0.6922809779644012,0.001181671191699936,0.49573276937007904,0.005529519010659509
3403,0.6922918558120728,0.0011687321092070915,0.4955456107854843,0.005403542080460446
3404,0.6922976076602936,0.0011608506485355544,0.49555687606334686,0.0055574202243737205
3405,0.6922999620437622,0.0011559194672597797,0.49568626284599304,0.00559912453097525
3406,0.6923194825649261,0.001123930009240011,0.4955006390810013,0.00591849227556655
3407,0.692331850528717,0.0011090521717156655,0.49531593918800354,0.005903635511466459
3408,0.6923328638076782,0.0011065233608050118,0.4952494502067566,0.005778290783995061
3409,0.6923318803310394,0.0011083356752909803,0.4953003227710724,0.005708706337103575
3410,0.6923457682132721,0.0010913083484925792,0.4952341914176941,0.0057495044864621205
3411,0.6923468708992004,0.0010839326500031727,0.49547888338565826,0.005899863368524735
3412,0.692353367805481,0.001070361364782665,0.4955868721008301,0.006241105327493188
3413,0.692356675863266,0.0010663574141741299,0.49557846784591675,0.006143788254281534
3414,0.6923507452011108,0.0010701084836915995,0.4956856817007065,0.006210359201504491
3415,0.692356675863266,0.0010632385473843238,0.49567706882953644,0.006330941335094159
3416,0.6923457682132721,0.0010752925460584394,0.4959368258714676,0.006288288724401134
3417,0.6923500001430511,0.0010657673582949775,0.4959276616573334,0.006462165547932827
3418,0.6923429071903229,0.0010746181964822652,0.49601389467716217,0.006068787937356398
3419,0.6923409402370453,0.0010804344615767685,0.49606165289878845,0.0059463724158565065
3420,0.6923435628414154,0.001076641245210788,0.4960712194442749,0.005985611131820149
3421,0.6923501789569855,0.001062732785202193,0.4961375296115875,0.00637272993539271
3422,0.6923461556434631,0.0010647979807792269,0.49614688754081726,0.006250504074711118
3423,0.692343533039093,0.0010705299521767083,0.4962126910686493,0.006048873551435001
3424,0.6923565566539764,0.001054724883985123,0.496259406208992,0.005928017463330012
3425,0.6923598945140839,0.001049582968466794,0.49638089537620544,0.005860730019682369
3426,0.6923568844795227,0.0010513109892557407,0.4965018033981323,0.005899631560857925
3427,0.6923520267009735,0.0010607097364736702,0.49662211537361145,0.005674356655567196
3428,0.6923523545265198,0.0010649665681732705,0.4967418760061264,0.005660848590619455
3429,0.6923526227474213,0.0010606254427766484,0.496861070394516,0.005857526859195542
3430,0.692356526851654,0.0010561157299859827,0.4968685209751129,0.005948479758282051
3431,0.6923563480377197,0.0010571272543502441,0.4968574196100235,0.005855946352376383
3432,0.692350834608078,0.0010623956104141058,0.49697551131248474,0.005894278911097041
3433,0.6923606097698212,0.001051943191983404,0.49681703746318817,0.006010498845865832
3434,0.6923636496067047,0.0010469698638591186,0.4968612343072891,0.006100229486345525
3435,0.6923819184303284,0.001022566838571311,0.49681365489959717,0.0063189927035413205
3436,0.6923748850822449,0.0010272029919075093,0.49700380861759186,0.006355892269412608
3437,0.6923744380474091,0.0010300268307577392,0.4970472455024719,0.006237986460703382
3438,0.692375510931015,0.0010311226488190226,0.49714505672454834,0.006043436607977095
3439,0.6923691034317017,0.0010394255779756687,0.49726051092147827,0.005875439269812672
3440,0.692376047372818,0.0010290996000904995,0.49732115864753723,0.0059386173957305015
3441,0.6923927962779999,0.0010075204136529218,0.49723707139492035,0.0062568893222605185
3442,0.6923898160457611,0.0010112293363218805,0.49727946519851685,0.006038631867246853
3443,0.6923932433128357,0.0010032635819533216,0.49744749069213867,0.006151838302347115
3444,0.6924006342887878,0.00099989183407245,0.4973099082708359,0.005985547911547383
3445,0.6923970580101013,0.0010031792882562998,0.4973697364330292,0.00594654100325055
3446,0.6923962235450745,0.000999554659284363,0.4973757565021515,0.005781493944481889
3447,0.6924023628234863,0.0009875006606102472,0.49739955365657806,0.00574311923891272
3448,0.6924025416374207,0.0009830330946680925,0.49749431014060974,0.005855672397861062
3449,0.6924056112766266,0.0009793663188476446,0.49751773476600647,0.00596778301490004
3450,0.6924175024032593,0.0009574921044704906,0.49755874276161194,0.006054352641741417
3451,0.6924168467521667,0.0009603580901692314,0.49756424129009247,0.006140479726673429
3452,0.692433625459671,0.0009363765333665327,0.49748167395591736,0.006350813574167046
3453,0.6924383044242859,0.0009286636600890391,0.49741706252098083,0.0064855991957048845
3454,0.6924397647380829,0.0009309817367571383,0.4974053204059601,0.0063966693453468984
3455,0.6924315989017487,0.0009393268127622953,0.497481107711792,0.0063823815637017054
3456,0.6924295425415039,0.000943415057067852,0.4974692761898041,0.006343395728829128
3457,0.6924297511577606,0.0009408440993086875,0.49749234318733215,0.006353932440956851
3458,0.6924351155757904,0.0009320775548184215,0.4974631667137146,0.006487242922796809
3459,0.6924333572387695,0.0009370087360941961,0.49753814935684204,0.006276677267636383
3460,0.69243323802948,0.0009385260226405883,0.4976992756128311,0.006238302562067213
3461,0.6924368441104889,0.0009394954001563389,0.49766984581947327,0.006224541616028407
3462,0.6924359798431396,0.0009413920083393291,0.49767497181892395,0.006210801743413856
3463,0.6924321949481964,0.0009499478185870406,0.49778318405151367,0.006002722752315571
3464,0.6924402713775635,0.0009399590154899587,0.49761660397052765,0.006135042783215523
3465,0.6924439966678619,0.0009382309947010121,0.4975875914096832,0.006121619011964803
3466,0.6924465000629425,0.0009355335963963148,0.4975416511297226,0.006035786954972368
3467,0.6924554705619812,0.0009327097575460849,0.497427761554718,0.005950376366465041
3468,0.6924495995044708,0.0009339320161529008,0.4975353628396988,0.005985505764698871
3469,0.6924505233764648,0.0009392846659137844,0.4976254999637604,0.005804590417465859
3470,0.6924518644809723,0.0009375566451248378,0.497579887509346,0.0057202335001713045
3471,0.6924448907375336,0.0009404226308235785,0.49772022664546967,0.005564585188620573
3472,0.6924567818641663,0.0009165253677179017,0.49775882065296173,0.005790871618275563
3473,0.6924577951431274,0.0009095289908650933,0.4978140890598297,0.005897313484189826
3474,0.692458301782608,0.0009069580331059287,0.4978523552417755,0.005884669429636558
3475,0.6924612522125244,0.0009041341942556988,0.497890442609787,0.005872025375083289
3476,0.6924562156200409,0.0009124371234123449,0.4979450851678848,0.00569410245409455
3477,0.6924596726894379,0.000903670578922079,0.49796612560749054,0.005894131397127253
3478,0.6924591064453125,0.0009000038031016311,0.4980037361383438,0.0060227635787825015
3479,0.6924548745155334,0.0008953676497654329,0.49814076721668243,0.006150805704558598
3480,0.6924579441547394,0.0008863903710326124,0.4982440918684006,0.006325167216848167
3481,0.6924608945846558,0.0008761486868444651,0.49824783205986023,0.006452050304290213
3482,0.6924585402011871,0.0008753478967227582,0.4983009994029999,0.006555057202050838
3483,0.6924601495265961,0.0008832715042428062,0.498370423913002,0.0062619047972333145
3484,0.6924548149108887,0.0008923330766726484,0.4983738511800766,0.006202267006590399
3485,0.6924548745155334,0.0008978121669790647,0.4983280897140503,0.006026999337057847
3486,0.6924648582935333,0.0008868961332147431,0.49823346734046936,0.006014397429353089
3487,0.692462295293808,0.0008919537550360504,0.49826979637145996,0.005909493923409474
3488,0.6924647390842438,0.0008917851676420068,0.49830596148967743,0.00585109946479763
3489,0.6924680471420288,0.0008879498044275154,0.4982932358980179,0.00576996678141416
3490,0.6924598813056946,0.0008906472027322127,0.49850764870643616,0.005780903888602736
3491,0.6924605369567871,0.0008822178330300339,0.49849458038806915,0.005929197575088317
3492,0.692459911108017,0.0008868961332147431,0.49854612350463867,0.0058940681768544865
3493,0.6924769580364227,0.0008810798681202398,0.49840405583381653,0.005722319769172594
3494,0.6924773752689362,0.0008793097004827822,0.49845559895038605,0.005551308931339641
3495,0.6924750506877899,0.0008886663008522007,0.49855510890483856,0.005403668521005979
3496,0.6924768686294556,0.0008844937628496221,0.4985900968313217,0.005437891761996825
3497,0.6924615502357483,0.0009016053833450451,0.4987208992242813,0.005291094288633382
3498,0.6924642622470856,0.0008949883281288347,0.4987075477838516,0.005257713984612753
3499,0.6924615800380707,0.0008954940903109655,0.49877387285232544,0.005292042592724876
3500,0.693419486284256,0.00041114250722377126,0.49982045590877533,0.0002539136888538811
3501,0.6934236586093903,0.0004138399055284685,0.49978113174438477,0.00025326041270196223
3502,0.693423330783844,0.00041126894776930396,0.49984121322631836,0.0002245584088660434
3503,0.6934216916561127,0.00041586295425699143,0.4999406188726425,0.0005879696101512272
3504,0.693423867225647,0.00041649515698465484,0.49998025596141815,0.000586452323604835
3505,0.693423867225647,0.0004161579821965677,0.5000590831041336,0.00036210464898134607
3506,0.6934060156345367,0.00038947902708917176,0.5001964867115021,5.559169318586923e-05
3507,0.6933957040309906,0.00038534863593510415,0.5003723502159119,0.0003048903021278074
3508,0.6933988630771637,0.0003920078379998254,0.5002932548522949,0.00030413165885461135
3509,0.6933939158916473,0.0003955481732747405,0.5003899931907654,0.0003309370545075399
3510,0.6873185634613037,0.008444879742430815,0.5546875,0.05524271728019903
3511,0.6897237598896027,0.005894110323702998,0.51953125,0.03866990209613932
3512,0.691041111946106,0.004621739114007618,0.5208333283662796,0.05892557212335371
3513,0.6916922926902771,0.0029700884145627024,0.505859375,0.04143203796014927
3514,0.692792147397995,0.0010916455232806662,0.5046875029802322,0.0198873908649262
3515,0.6930713355541229,0.00010456633115552809,0.5052083134651184,0.0
3516,0.6935993731021881,0.0006308961753595727,0.5011160671710968,0.0015783573298844705
3517,0.6943584680557251,0.0017145337974231692,0.4931640625,0.0041432037960149265
3518,0.6944427788257599,0.0018777685417058617,0.4982638955116272,0.002455222513153621
3519,0.6943649649620056,0.0017645199597570895,0.5015624761581421,0.0
3520,0.6941759884357452,0.0014593346296897058,0.5049715936183929,0.003013204640589347
3521,0.6940880119800568,0.0013452852576192266,0.5065104067325592,0.0036828337697304312
3522,0.69432133436203,0.001798153144868783,0.504807710647583,0.0033995648008887124
3523,0.6939316689968109,0.0010565793453196025,0.5055803656578064,0.004735114136501923
3524,0.6941154599189758,0.0014162184036630612,0.5041666626930237,0.0014731166491527682
3525,0.6944346129894257,0.001893194288260849,0.50048828125,0.010358009490037318
3526,0.6944591403007507,0.0018919720296540331,0.49954044818878174,0.011048543456039806
3527,0.6946146488189697,0.002081717141650078,0.4995659738779068,0.014117571597481832
3528,0.6944758296012878,0.0017590408694506733,0.49671052396297455,0.008141022038091524
3529,0.6945391893386841,0.0020254089520395234,0.498046875,0.01270584183318518
3530,0.694490373134613,0.001962778735152335,0.4992559403181076,0.009470165052731079
3531,0.6943999826908112,0.0016891192477711,0.4978693276643753,0.004017669407725229
3532,0.6944358944892883,0.0016671607396969244,0.49830162525177,0.002401864602938829
3533,0.6941878497600555,0.0013935012523156893,0.5006510466337204,0.0027621569374342066
3534,0.6942070424556732,0.0013929954901335587,0.4999999850988388,0.0026516479006386427
3535,0.6941654682159424,0.0012412246886458291,0.4984976053237915,0.005524271728019903
3536,0.6941344738006592,0.0011658661235083507,0.49884258210659027,0.006547281108500578
3537,0.6940853297710419,0.0010724265603596986,0.4980468600988388,0.006708029188721128
3538,0.6941650211811066,0.0012334275216713138,0.49461206793785095,0.0
3539,0.694176584482193,0.0014435717083466314,0.4945312440395355,0.0033145546074422392
3540,0.6941909492015839,0.0014845384450992204,0.49495966732501984,0.004989660028083467
3541,0.6941460072994232,0.0014233412210614023,0.49658203125,0.0041432037960149265
3542,0.6941561698913574,0.0014086319709311003,0.49763257801532745,0.004017669407725229
3543,0.694135457277298,0.001463212139752708,0.49816174805164337,0.005199298452576654
3544,0.6942452192306519,0.0015859016157679206,0.4966517835855484,0.004103733272384474
3545,0.6942113041877747,0.0015494024449574863,0.495876744389534,0.006444990707164638
3546,0.6941249668598175,0.0015131983020866284,0.49767737090587616,0.00746523946906785
3547,0.6940905749797821,0.0014654037758752745,0.49938321113586426,0.007850272003639122
3548,0.6940494179725647,0.001394892098316549,0.49939902126789093,0.008215579813107296
3549,0.694024920463562,0.001248473946589703,0.4996093660593033,0.005524250654595647
3550,0.6940930187702179,0.0013962829443174083,0.5000000149011612,0.00754536062808706
3551,0.6941201090812683,0.0013878114277667186,0.4996279627084732,0.007891807722846608
3552,0.6940754055976868,0.0013872213718875662,0.5007267594337463,0.00822217579489925
3553,0.6940660774707794,0.0012967320881346767,0.5008877813816071,0.006779784198310925
3554,0.6941045224666595,0.0012571983442314582,0.49947915971279144,0.004664918560307029
3555,0.6940978467464447,0.0012603172110212642,0.49898096919059753,0.005284076838356317
3556,0.6941308379173279,0.001322062344089724,0.49850399792194366,0.005406745240947274
3557,0.6941801309585571,0.0014637600487833497,0.4969075471162796,0.008516592605172102
3558,0.6941110491752625,0.0014786800331562063,0.49856504797935486,0.009244700486622051
3559,0.6940803825855255,0.0013706576604227848,0.49796876311302185,0.008175940702082801
3560,0.6940237283706665,0.0013175947781475692,0.49923406541347504,0.008448862619615095
3561,0.6939474046230316,0.001214292852447368,0.5001502484083176,0.007011570791696587
3562,0.6939424872398376,0.0011356046862775289,0.5005896389484406,0.005003125946182698
3563,0.6939629018306732,0.0011606820611415108,0.5007233768701553,0.004705843150211107
3564,0.6939560174942017,0.001120010352328498,0.5002841055393219,0.0036159045742951315
3565,0.6939782798290253,0.0011631265783551426,0.500139519572258,0.004143224869439182
3566,0.6939282417297363,0.0011458042236171652,0.5009594261646271,0.004070500482333634
3567,0.6939409375190735,0.0011453827551320562,0.5,0.003809822224293755
3568,0.6939442455768585,0.0011854644080659163,0.5001324117183685,0.005805180473345012
3569,0.6939252018928528,0.0011858437297025146,0.4996093660593033,0.006444990707164638
3570,0.6938972175121307,0.0011981084626191847,0.5006403625011444,0.008150568299279242
3571,0.693844348192215,0.001090212530431296,0.5006300508975983,0.006237101376884653
3572,0.6938466429710388,0.0011644331306589803,0.5014880895614624,0.0073656675394608625
3573,0.6938405334949493,0.001138259937733715,0.5018310546875,0.0070779731515255
3574,0.6937923431396484,0.001202702469106872,0.5031249821186066,0.008498869855373271
3575,0.6937670409679413,0.001164559571204513,0.5033143758773804,0.008035296668601947
3576,0.6937713027000427,0.0011989935464379133,0.5030317157506943,0.009564405406001439
3577,0.6937651038169861,0.0011875296036429502,0.5032169222831726,0.00942378244594484
3578,0.6937544047832489,0.0011439919091311968,0.5021512806415558,0.00848656297560809
3579,0.6937448382377625,0.0011099794023829053,0.503125011920929,0.007891828796270864
3580,0.6937233805656433,0.0010599089463519632,0.5034110844135284,0.006691360110135069
3581,0.693750411272049,0.0010551463524702321,0.5029296875,0.006905339660024878
3582,0.6937644183635712,0.001058012338168973,0.5025684833526611,0.007264767984125783
3583,0.6937727332115173,0.00099989183407245,0.5024282187223434,0.0067187344882428945
3584,0.6937309503555298,0.0010712043017528827,0.5028125047683716,0.007513012921854949
3585,0.693734735250473,0.001064671540233694,0.5026727020740509,0.007268771934734317
3586,0.6937060058116913,0.001053123303741709,0.5028409063816071,0.0077483187770912695
3587,0.6936783492565155,0.001000692624194157,0.5033053010702133,0.006657452970508055
3588,0.6936543881893158,0.0010474756260412494,0.5038568079471588,0.007412324100762422
3589,0.693606972694397,0.001038835522096516,0.5043945461511612,0.00814831344288391
3590,0.6936026811599731,0.0010227354259653547,0.5042438358068466,0.007911321713707153
3591,0.6936352252960205,0.0010523225136200023,0.50390625,0.008219056928109446
3592,0.6936385631561279,0.0010680854349630765,0.5034826695919037,0.009184936255433604
3593,0.6936475038528442,0.0010803080210312359,0.5032552182674408,0.009864764921914324
3594,0.6936319470405579,0.001072300119814166,0.5032168924808502,0.009228768977884933
3595,0.693593829870224,0.001067874700720522,0.5038154125213623,0.009249968842685913
3596,0.6935855150222778,0.0011364476232477467,0.5038613528013229,0.010032572599260449
3597,0.6935886442661285,0.0010168770140223404,0.5035511404275894,0.009290830212317224
3598,0.6936318874359131,0.0010435559691297361,0.5031601041555405,0.00918643246855574
3599,0.6936332583427429,0.0010498779964063702,0.503125011920929,0.009329879267462569
3600,0.692869246006012,0.0004073071440092799,0.5005984902381897,0.0007335237514835998
3601,0.6928647458553314,0.0003850957548440388,0.5008158087730408,0.0003658346450745602
3602,0.6928796768188477,0.00036811057489414845,0.5007542073726654,0.00039293506866706505
3603,0.6928839981555939,0.0003708501200473566,0.5007918775081635,0.0007279182206316508
3604,0.6928902864456177,0.0003660875261656256,0.5007503926753998,0.0007260637592971715
3605,0.692884624004364,0.0003632215404668848,0.500748485326767,0.0005571391904655082
3606,0.6928933262825012,0.0003661718198626473,0.5006287395954132,0.0005001566512787795
3607,0.6928978562355042,0.00034821726239700647,0.5006271600723267,0.0003326229284479757
3608,0.6928921937942505,0.00034720573803274506,0.5007428824901581,0.00033173784462924694
3609,0.6928909718990326,0.0003589647087672845,0.50074103474617,0.0005515758064620702
3610,0.6928932964801788,0.00034278031893910114,0.5008364319801331,0.00046766143107688016
3611,0.6928837299346924,0.0003555508140379021,0.5009895861148834,0.0007957746467341903
3612,0.692878782749176,0.0003395350116037623,0.5010065138339996,0.0004927388059408622
3613,0.6928727328777313,0.0003367954664505542,0.5011391639709473,0.0004095830738288682
3614,0.6928761899471283,0.0003183351468027826,0.5011363625526428,0.00024512607093935966
3615,0.692887544631958,0.0003120552663746594,0.5012296438217163,0.00021739344461919142
3616,0.6928936839103699,0.00031171809158657226,0.5012649595737457,0.00027104638277355953
3617,0.6929008364677429,0.00031525842686148736,0.5012427568435669,0.0003515047165808562
3618,0.6928996741771698,0.0003025722254597083,0.5012397170066833,0.0001348699152348609
3619,0.6929017901420593,0.00030227719752013197,0.5011986196041107,8.071121489836207e-05
3620,0.6928920149803162,0.00028702003835918836,0.5013285577297211,0.0001610431081601261
3621,0.6929006278514862,0.0002896752898153747,0.5012496113777161,5.352649760883542e-05
3622,0.6929107010364532,0.00028411190581193667,0.5010955035686493,5.3400057063302736e-05
3623,0.692916214466095,0.00028238388502299,0.5010363459587097,2.663680825888503e-05
3624,0.6929105818271637,0.0002719736134407992,0.5011090040206909,0.0002924148349685828
3625,0.6929098069667816,0.0002643028870118165,0.501031368970871,0.0004508448385210335
3626,0.6929059624671936,0.00026577802670969776,0.5011785626411438,0.0003439182838488953
3627,0.692903071641922,0.00025873950300837846,0.501343697309494,0.00036950142089500797
3628,0.6929129958152771,0.0002606361111913687,0.5011543035507202,0.00042129989771489676
3629,0.6929240822792053,0.00027690479471657376,0.5010029673576355,0.0003677734001060613
3630,0.6929289996623993,0.00027003485840929807,0.5008523762226105,0.0005240960612329673
3631,0.6929188370704651,0.0002584444750688022,0.5009612739086151,0.000679702225935188
3632,0.6929216384887695,0.0002428501411197714,0.5009220838546753,0.0008867696926692104
3633,0.6929158568382263,0.00023711816972228983,0.5010119378566742,0.0010147696715967955
3634,0.692915290594101,0.00023918336529932363,0.5009544789791107,0.0010383719067628963
3635,0.6929116547107697,0.00023210269474949343,0.5010621249675751,0.0010876837195206424
3636,0.6929148137569427,0.00021996440237835596,0.5010596215724945,0.001291843053707413
3637,0.6929207742214203,0.0002295738838388398,0.500984251499176,0.0012372628848858053
3638,0.6929146349430084,0.00023707602287377893,0.5010547041893005,0.0012343968991870645
3639,0.6929211914539337,0.0002428079942712605,0.5009796917438507,0.0011802381988505655
3640,0.6929201781749725,0.00024466245560573986,0.50108602643013,0.0011262902327566211
3641,0.6929309070110321,0.0002519960072466354,0.5010112822055817,0.0010215131673585386
3642,0.6929352581501007,0.0002506473080942868,0.5009909272193909,0.0010446517871910196
3643,0.6929292678833008,0.00024757058815299155,0.5010785162448883,0.0010677061133264785
3644,0.6929326951503754,0.00026168978240414105,0.5010401606559753,0.0008623245205328919
3645,0.69294074177742,0.00026152119501009744,0.5008946359157562,0.0008603436186528799
3646,0.6929269731044769,0.000244999630393827,0.5010711252689362,0.001161356410717685
3647,0.692922830581665,0.00024268155372572783,0.5012289881706238,0.0011839049746710133
3648,0.6929251849651337,0.0002501415459121561,0.5011373162269592,0.0010555256741068301
3649,0.6929300427436829,0.0002672953132560899,0.5011170208454132,0.0008274690768143825
3650,0.6929242312908173,0.0002712992638646249,0.5013444721698761,0.0007005227690995697
3651,0.6929283142089844,0.00027698908841359556,0.5013061165809631,0.0007488652043415652
3652,0.6929217576980591,0.0002683911313173732,0.501338392496109,0.0008965899083722488
3653,0.6929191648960114,0.00028630354193450315,0.5013529658317566,0.000621244547050578
3654,0.6929208040237427,0.0002678010754382207,0.5013148486614227,0.0006694183948985299
3655,0.6929165720939636,0.00026645237628587207,0.5013644099235535,0.0006926413084280325
3656,0.6929278671741486,0.0002754296550186925,0.501169353723526,0.0006170720090479995
3657,0.6929254829883575,0.000267674634892688,0.5012712478637695,0.0007634480139263345
3658,0.6929173171520233,0.00026649452313438297,0.5013900697231293,0.0009337634287588573
3659,0.6929229497909546,0.0002731958720476151,0.5013696253299713,0.0007110594812272933
3660,0.69292151927948,0.0002731958720476151,0.5014530718326569,0.0007339030731201978
3661,0.6929225027561188,0.0002808244516280869,0.5014153718948364,0.0005858411943014271
3662,0.692918986082077,0.0002825946192655445,0.5015327632427216,0.0006576172773154796
3663,0.6929157972335815,0.00027108852962207043,0.5015809535980225,0.0007776936487230167
3664,0.6929168403148651,0.00028571348605535064,0.5015089213848114,0.000678943582661992
3665,0.6929244995117188,0.000286767157268123,0.5013687610626221,0.0005323146966925916
3666,0.6929308474063873,0.00029329991878731154,0.5012291669845581,0.0003863180134508547
3667,0.6929228603839874,0.00028411190581193667,0.501413881778717,0.0003613670791324054
3668,0.6929315030574799,0.0002895067024213311,0.5012578070163727,0.00019231606975520947
3669,0.6929377913475037,0.00029292059715071354,0.50117027759552,0.00016791304446740182
3670,0.6929471790790558,0.00027568253610975785,0.501133918762207,0.0003590068556157954
3671,0.6929506361484528,0.0002672531664075791,0.5011989772319794,0.0004060005917054422
3672,0.6929569244384766,0.0002534711469445167,0.5010952949523926,0.0005004516792183558
3673,0.6929585635662079,0.0002465169169402192,0.5011265873908997,0.0005468975062773609
3674,0.6929546892642975,0.0002496357837300253,0.5011912882328033,0.0004983021899443001
3675,0.6929561197757721,0.00024685409172830634,0.5011719763278961,0.0004262310789906713
3676,0.6929589509963989,0.00025035228015471054,0.5011193454265594,0.0005433993178509568
3677,0.6929599940776825,0.00025165883245854826,0.501166969537735,0.0005187012646235728
3678,0.6929646134376526,0.0002554941956730396,0.5010979473590851,0.0005646413295004474
3679,0.6929591596126556,0.0002662416420433176,0.5012284219264984,0.00032870327153646255
3680,0.6929508447647095,0.00024613759530362113,0.5013583302497864,0.0005622389591353263
3681,0.6929542422294617,0.0002527125036713206,0.5013223886489868,0.0005610588473770213
3682,0.6929564774036407,0.0002514059513674829,0.5012206435203552,0.00046656561301559695
3683,0.6929599344730377,0.00025106877657939575,0.5012345314025879,0.000488819149029349
3684,0.6929603219032288,0.00024318731590785856,0.5011662542819977,0.0005807414256316089
3685,0.6929602026939392,0.00025515702088495246,0.5011637806892395,0.00034771150021487576
3686,0.692955732345581,0.00025321826585345133,0.5013085603713989,0.0003238563839577097
3687,0.6929617524147034,0.0002570114822194318,0.5012568533420563,0.0003001277082460764
3688,0.6929693818092346,0.0002635020968901095,0.5011565089225769,0.0003455198640923093
3689,0.692981630563736,0.00025098448288237395,0.5010403096675873,0.0005057200352822174
3690,0.6929753422737122,0.0002436930780899893,0.5011192560195923,0.0006193900857160987
3691,0.6929725110530853,0.00024938290263896,0.5012140572071075,0.00048076910096376825
3692,0.6929700374603271,0.0002515323919130156,0.5013246238231659,0.00041122680092079306
3693,0.6929656565189362,0.00025444052446026724,0.501338005065918,0.0004331853089949689
3694,0.6929644048213959,0.00025241747573174437,0.5013513267040253,0.00036402233058859174
3695,0.6929602324962616,0.0002499729585181125,0.5014609396457672,0.0004313729945090004
3696,0.6929600536823273,0.0002527546505198315,0.5015380680561066,0.0003172393287414994
3697,0.6929588913917542,0.00025111092342790665,0.5014390051364899,0.0004974592529740822
3698,0.6929649114608765,0.00025245962258025527,0.5014360547065735,0.0002707513548339833
3699,0.6929650008678436,0.0002491300215478946,0.5013694167137146,0.00031525842686148736
3700,0.692914217710495,0.00019728939787949496,0.5258338749408722,0.004711385460790289
3701,0.6929048597812653,0.00020361142515612908,0.5259471535682678,0.004840144082991071
3702,0.6929092705249786,0.0002074889352191313,0.5257819890975952,0.004799767402117634
3703,0.6929070353507996,0.00020036611782079023,0.5256770849227905,0.0046756027864045405
3704,0.6929154992103577,0.00020432792158081426,0.5255529284477234,0.004859278752215017
3705,0.6929176449775696,0.00019674148884885333,0.5255278944969177,0.004735619898684053
3706,0.6929084658622742,0.00020601379552125004,0.52577805519104,0.004834833580078698
3707,0.692915141582489,0.0002034006909135746,0.525752604007721,0.004989006751931548
3708,0.6929229497909546,0.00020576091443018466,0.52566859126091,0.004893544140054373
3709,0.692925214767456,0.00020441221527783607,0.5255850255489349,0.004688288987806319
3710,0.6929078996181488,0.00020167267012462795,0.5258325636386871,0.0046766564576173125
3711,0.6929108500480652,0.00018553042714495552,0.5258266031742096,0.004472918591915651
3712,0.692903995513916,0.0001786183439891689,0.5258013308048248,0.004297587702110332
3713,0.6928975880146027,0.0001877642101160329,0.5259499251842499,0.004368900169790764
3714,0.6929025053977966,0.0001892393498139142,0.5259822905063629,0.004494329190959185
3715,0.6929055750370026,0.0001989752718199307,0.5258415341377258,0.0045919834389589265
3716,0.6929186582565308,0.00019750013212204944,0.5256439745426178,0.0047161902015205315
3717,0.6929145753383636,0.00019804804115269105,0.5256577134132385,0.004704684111877057
3718,0.6929148435592651,0.00020736249467359863,0.5256141126155853,0.004612256073092667
3719,0.6929143667221069,0.0002168876824370607,0.525589793920517,0.004870110492282316
3720,0.6929193735122681,0.00021376881564725452,0.52535679936409,0.004885114770352195
3721,0.6929246485233307,0.00020470724321741232,0.5252196192741394,0.004819745008311798
3722,0.692918211221695,0.00019737369157651674,0.5252530872821808,0.004621106911279954
3723,0.6929108798503876,0.00020209413860973688,0.5252675712108612,0.004663253759790848
3724,0.6929104626178741,0.00020496012430847767,0.5252443552017212,0.004705189874059188
3725,0.6928994059562683,0.00021157717952468804,0.5253525376319885,0.004773467768646836
3726,0.6929005086421967,0.0002231675628651839,0.5252918303012848,0.004814898120733045
3727,0.6929031610488892,0.000210397067766383,0.5252687335014343,0.004592320613747014
3728,0.692899614572525,0.0002246005557145543,0.5252829790115356,0.004686645260714394
3729,0.6929067969322205,0.00022489558365413055,0.5250557065010071,0.00475433309942289
3730,0.6929097175598145,0.00022995320547543782,0.5250518918037415,0.004821683763343299
3731,0.692916065454483,0.0002230832691681621,0.5250850319862366,0.004784088774471581
3732,0.6929221153259277,0.00022784586304989315,0.5250073671340942,0.0047467466666909295
3733,0.6929150819778442,0.00022919456220224174,0.5251876711845398,0.004813591568429207
3734,0.6929104328155518,0.00022860450632308923,0.525110125541687,0.005035958341172684
3735,0.6929017305374146,0.0002211023672881501,0.5251611471176147,0.004920560269949857
3736,0.6928974986076355,0.00022573852062434844,0.5249927043914795,0.004805667960909159
3737,0.6928956806659698,0.00020866904697743635,0.524952620267868,0.004510935049272477
3738,0.6928982436656952,0.00020925910285658886,0.5249308943748474,0.004654697949543137
3739,0.692902535200119,0.0002042014810352816,0.5247641503810883,0.004541280780200321
3740,0.6929186284542084,0.00021060780200893748,0.5244895815849304,0.004684369330894806
3741,0.6929192841053009,0.00021296802552554753,0.5244148969650269,0.004750118414571801
3742,0.6929188370704651,0.0002189950248626054,0.5243586003780365,0.00479011577380864
3743,0.6929187178611755,0.00022531705213923948,0.5242306590080261,0.004829944545651434
3744,0.6929097175598145,0.00022447411516902162,0.5243723094463348,0.004793487521689511
3745,0.692914217710495,0.0002110292704940464,0.5242270231246948,0.004605386136785391
3746,0.6929192245006561,0.00022080733934857382,0.5241359770298004,0.004847351194086433
3747,0.6929236948490143,0.000237834666146975,0.5240452885627747,0.005188951401267229
3748,0.6929251849651337,0.00025444052446026724,0.523919552564621,0.005428471941354641
3749,0.6929278075695038,0.0002535975874900494,0.5238652527332306,0.005466319811317423
3750,0.6929304003715515,0.0002570114822194318,0.5238111913204193,0.0055539852562200825
3751,0.692922443151474,0.00026750604749864443,0.5238280296325684,0.005591369510849246
3752,0.6929190754890442,0.0002691497745905693,0.5237742960453033,0.005528950028204612
3753,0.6929267048835754,0.0002578544191896497,0.5236856937408447,0.00541713443910521
3754,0.6929256916046143,0.0002653565582245888,0.523650050163269,0.0054793431875072894
3755,0.6929292678833008,0.00026948694937865646,0.523492157459259,0.0056649579083492664
3756,0.6929339468479156,0.0002761040045948668,0.5233698487281799,0.005899125798675794
3757,0.6929325759410858,0.0002848705490851328,0.523265540599823,0.005861362222410033
3758,0.6929291784763336,0.0002910239889677233,0.5232485234737396,0.005995768522311274
3759,0.6929252743721008,0.0002995797992154348,0.523300975561142,0.006227660482818213
3760,0.6929191052913666,0.0003109173014648653,0.5233185589313507,0.006311701298748936
3761,0.6929218471050262,0.0003165649791653251,0.5232498049736023,0.006371001914603764
3762,0.692918986082077,0.00031816655940873905,0.5232674181461334,0.006356967014049636
3763,0.6929202377796173,0.00032996767699178936,0.5232506096363068,0.006683183621523956
3764,0.6929290592670441,0.0003191780837730005,0.5229766964912415,0.0066442820803484
3765,0.6929299831390381,0.00031938881801555496,0.5227724015712738,0.006653933708657396
3766,0.6929316818714142,0.00031538486740702006,0.522722601890564,0.006639393045921137
3767,0.6929371953010559,0.00030784058152357,0.5226901173591614,0.006504438836989254
3768,0.6929338872432709,0.0003150476926189329,0.522793710231781,0.006562432900540244
3769,0.6929281055927277,0.00031530057370999826,0.5228968858718872,0.006476200448486955
3770,0.6929254829883575,0.0003170707413474558,0.5228134393692017,0.0064622076947813386
3771,0.6929235458374023,0.00031702859449894493,0.5228316485881805,0.006495967320438565
3772,0.6929181218147278,0.0003190516432274678,0.523001492023468,0.006458161597324293
3773,0.6929159164428711,0.00032183333522918685,0.5230024456977844,0.006468023959875842
3774,0.6929129958152771,0.0003263009011713416,0.5229530334472656,0.00640665814844398
3775,0.6929188966751099,0.0003225919785023829,0.5227531492710114,0.006369273893814817
3776,0.6929124593734741,0.0003347302708735204,0.5226710736751556,0.006639182311678583
3777,0.6928990483283997,0.00035116754179276906,0.5228060781955719,0.006695743382380202
3778,0.6928917765617371,0.00036001837998005684,0.5229072272777557,0.006705015689052599
3779,0.6928899586200714,0.0003644437990737007,0.5228585600852966,0.00664377631816627
3780,0.6928894817829132,0.00035989193943452414,0.5229757726192474,0.006536006826523914
3781,0.6929023563861847,0.0003490180525187135,0.5228114128112793,0.006685838872980142
3782,0.6928960382938385,0.00035534007979534757,0.5228622257709503,0.006765032801332112
3783,0.6929099261760712,0.000326933103899005,0.5228634476661682,0.006401600526622673
3784,0.69292151927948,0.00030455312733972025,0.52276611328125,0.006179065166485152
3785,0.6929197609424591,0.0002989475964877714,0.5227674841880798,0.006003818570376854
3786,0.6929264068603516,0.00028154094805277213,0.5228179693222046,0.005759956904892822
3787,0.6929166615009308,0.00029346850618135515,0.5229825079441071,0.005770957232354166
3788,0.692922443151474,0.0002884108843600479,0.5229020118713379,0.005805054032799479
3789,0.692900687456131,0.00030695549770484124,0.5230006277561188,0.005769945707989904
3790,0.6929002702236176,0.0003037523372180133,0.5230015516281128,0.005735005970574373
3791,0.6929067075252533,0.00028942240872430934,0.5228891372680664,0.005402635923217462
3792,0.6929088532924652,0.0002874836536928082,0.5228418111801147,0.005391509155210587
3793,0.6929036676883698,0.000290349639391549,0.5227785706520081,0.005311935905222018
3794,0.6929039359092712,0.0002942692963030621,0.5226994752883911,0.005255543421914442
3795,0.6929045617580414,0.00028714647890472106,0.5226528346538544,0.005153927370154677
3796,0.6929110586643219,0.00026936050883312376,0.5226704478263855,0.004916767053583876
3797,0.6929057836532593,0.00026510367713352345,0.5227199792861938,0.004771023251433204
3798,0.6929006278514862,0.00028503913647917633,0.5226735770702362,0.0049869415563545145
3799,0.6929064691066742,0.0002741652495633657,0.5225955247879028,0.004976784165863389
3800,0.6925618052482605,0.0008138556447453638,0.5109719038009644,0.015460222677069127
3801,0.6925659477710724,0.0008146564348670707,0.5109240710735321,0.015448969468516718
3802,0.6925713121891022,0.0008239287415394674,0.510876476764679,0.015437800553661332
3803,0.6925644874572754,0.0008281012795420459,0.5108489096164703,0.015286704101749777
3804,0.6925655901432037,0.0008144035537760054,0.5109399557113647,0.01519216872053984
3805,0.6925792098045349,0.0008124226518959934,0.5108532905578613,0.015293152569571943
3806,0.6925735771656036,0.0008104417500159814,0.5110617876052856,0.015310264190067365
3807,0.6925637423992157,0.0008230015108722277,0.5111516118049622,0.015438137728449418
3808,0.6925701200962067,0.0008094302256517198,0.5110650658607483,0.015371882882590292
3809,0.6925592124462128,0.0008145721411700489,0.5112519264221191,0.015361093289371503
3810,0.6925796270370483,0.0008016330586772045,0.5110294222831726,0.015432911519234068
3811,0.692583829164505,0.0007961961152192992,0.5110408365726471,0.0156141008209824
3812,0.6925847232341766,0.0007945102412788634,0.5110521614551544,0.0155754100140494
3813,0.6925768554210663,0.0008109475121981121,0.511082798242569,0.015564198952345502
3814,0.6925798654556274,0.0008025602893444441,0.5110554695129395,0.015471349445076003
3815,0.6925786435604095,0.0008088401697725673,0.5110282897949219,0.015433332987719177
3816,0.6926027536392212,0.0007823298020592151,0.5107520818710327,0.015314141700130368
3817,0.6926015317440033,0.0007940887727937544,0.5107066482305527,0.015411859168402877
3818,0.6926154792308807,0.0007838892354541181,0.5105660706758499,0.01553606593096448
3819,0.6926026046276093,0.0007871766896379678,0.5107305943965912,0.015444417608877542
3820,0.6925881803035736,0.0008085029949844802,0.5107804387807846,0.01546058092528147
3821,0.6925846040248871,0.0007992306883120835,0.5107921808958054,0.015316017234889102
3822,0.6925806403160095,0.0008195033224458236,0.5107661038637161,0.015599539084821886
3823,0.6925625503063202,0.0008450021657949144,0.5108343362808228,0.01574842282718662
3824,0.6925755441188812,0.0008193768819002909,0.5109398663043976,0.015630790972992716
3825,0.6925740540027618,0.0008009165622525193,0.5110261142253876,0.015381113042414178
3826,0.6925959885120392,0.0007744483413876778,0.5109809935092926,0.015317808475950816
3827,0.6926143169403076,0.0007359682686972316,0.5109734237194061,0.015149305375604261
3828,0.6926243901252747,0.0007223126897797019,0.5108727812767029,0.015060501965791808
3829,0.6926478445529938,0.0006953808535812406,0.5107540786266327,0.014893389711446114
3830,0.6926645338535309,0.0006755718347811204,0.5105062127113342,0.014700820760599838
3831,0.6926603317260742,0.0006850548756960716,0.5105368196964264,0.014849051226812652
3832,0.6926579773426056,0.0006636864235010483,0.5104750692844391,0.014448824753353203
3833,0.6926476657390594,0.0006754875410840986,0.5106160044670105,0.014492868210047086
3834,0.6926384568214417,0.0006887637983650302,0.5107011795043945,0.014510738473815706
3835,0.6926397681236267,0.0006884266235769431,0.5106394588947296,0.014476725967067415
3836,0.6926217377185822,0.0006907447002450423,0.5108155310153961,0.0145203901021247
3837,0.6926146447658539,0.0007037259295863976,0.5109179019927979,0.014718522436974414
3838,0.6926115155220032,0.0007096686352264337,0.5109288692474365,0.014684214902286547
3839,0.6926102936267853,0.0007237878294775832,0.5109035074710846,0.014906708115575555
3840,0.6926183700561523,0.00071750794904946,0.5107877254486084,0.014795398288658284
3841,0.6926109790802002,0.0007084042297711069,0.5108530819416046,0.014582430263132736
3842,0.692616879940033,0.0007328494019074255,0.5106839239597321,0.01490552800381725
3843,0.6926218271255493,0.000740182953548321,0.5106054097414017,0.015150843735574909
3844,0.6926276385784149,0.0007323857865738055,0.5105631202459335,0.015039955377142747
3845,0.6926209032535553,0.000734998891181481,0.5106462836265564,0.014803069015087267
3846,0.6926077306270599,0.0007520262179798822,0.5107469260692596,0.014895497053871658
3847,0.6925933361053467,0.0007704443907791429,0.5108471214771271,0.015037869108141458
3848,0.6925887763500214,0.0007655975032003901,0.5109468400478363,0.01497852634543812
3849,0.692580908536911,0.0007691378384753052,0.511010617017746,0.01496959121355381
3850,0.6925806701183319,0.0007634901607748454,0.5110564827919006,0.01488567683816862
3851,0.69256991147995,0.0007801381659366485,0.5111726820468903,0.014951889537179235
3852,0.6925680041313171,0.0007788737604813217,0.511200338602066,0.014943122992688969
3853,0.6925708651542664,0.0007798852848455831,0.5111927390098572,0.015083429851381735
3854,0.6925665140151978,0.0007835942075145419,0.5112377107143402,0.015099150625876297
3855,0.6925606727600098,0.0007959010872797228,0.5113175213336945,0.01521379005382593
3856,0.6925731301307678,0.0007802224596336703,0.5112049877643585,0.015155121640698765
3857,0.6925705373287201,0.000779927431694094,0.5112670660018921,0.0151459757745719
3858,0.6925535202026367,0.0008000314784337905,0.51120725274086,0.015210586893339102
3859,0.69256192445755,0.0007988513666754855,0.5111823678016663,0.015323919768984895
3860,0.6925661861896515,0.0007977134017656914,0.5111057162284851,0.015363369219191092
3861,0.6925532817840576,0.000824476650570109,0.5112020075321198,0.015549110380578603
3862,0.6925698816776276,0.0008159208403223975,0.5110567808151245,0.015587927628057135
3863,0.6925725936889648,0.0008168902178381481,0.5109980702400208,0.01565081072603539
3864,0.6925638020038605,0.0008313465868773847,0.5110596716403961,0.01588325059557297
3865,0.692549079656601,0.0008530943607090061,0.5111723244190216,0.01589682188079348
3866,0.6925356090068817,0.0008696159253252766,0.5112162083387375,0.015958672380983214
3867,0.6925369501113892,0.0008719340019933757,0.5111406296491623,0.016044314777157353
3868,0.692506730556488,0.0009180426542642938,0.5113543719053268,0.016249822810496473
3869,0.6924943625926971,0.0009275256951792449,0.5113975703716278,0.016214524824868598
3870,0.6924801170825958,0.000936629414457598,0.5115421116352081,0.016035822187182407
3871,0.6924779117107391,0.0009328361980916176,0.5117029249668121,0.015881733309026577
3872,0.6924530565738678,0.0009711898302365311,0.5117619335651398,0.01610957917207647
3873,0.6924261450767517,0.0010021677638920384,0.512022465467453,0.01614624693028095
3874,0.6924265623092651,0.0009964357924945567,0.5121812224388123,0.016182788247939894
3875,0.6924088597297668,0.0010219767826921584,0.512188583612442,0.016337509328823385
3876,0.69240403175354,0.001028973159544967,0.5121124088764191,0.016278925209393242
3877,0.6923971176147461,0.0010331878443960562,0.5120532214641571,0.016102751382617707
3878,0.6923946738243103,0.0010407742771280173,0.512110710144043,0.016139039819185585
3879,0.6924499571323395,0.0009657950336271368,0.5119189918041229,0.01587001648514055
3880,0.6924453377723694,0.0009671015859309745,0.5120428204536438,0.01581290750540829
3881,0.6924683451652527,0.000935069981062695,0.5120503604412079,0.015732702052692057
3882,0.6924906075000763,0.0009027433482548393,0.5120744407176971,0.015769454104593555
3883,0.6924897134304047,0.0009088967881374297,0.5120819211006165,0.015922489311536614
3884,0.6924937963485718,0.0008917430207934959,0.5121878981590271,0.015749602938944927
3885,0.6924944818019867,0.0008945668596437258,0.5121459364891052,0.015832463643117342
3886,0.6924819946289062,0.0009247018563290151,0.5121532380580902,0.01612315045729698
3887,0.692482054233551,0.0009319511142728889,0.5119972825050354,0.016135668071304714
3888,0.6924827396869659,0.0009286215132405282,0.5119233727455139,0.01612504706547997
3889,0.6924968063831329,0.0009052721591654929,0.5118173062801361,0.015838659229848444
3890,0.6925037503242493,0.0008933446010369099,0.5117116570472717,0.01578281465557151
3891,0.6925204992294312,0.0008670449675661121,0.5116388201713562,0.01577303658671698
3892,0.6925223171710968,0.0008553702905285944,0.5117601454257965,0.01548909326829909
3893,0.6925360262393951,0.0008333696356059077,0.5117681324481964,0.01532033728686147
3894,0.6925464868545532,0.0008157943997768648,0.5116473734378815,0.01519777425139179
3895,0.6925565004348755,0.0007991042477665508,0.5116394758224487,0.014916781212369659
3896,0.6925689876079559,0.0007854065220005103,0.511407345533371,0.0148635497427004
3897,0.6925669610500336,0.0007921500177622533,0.511415958404541,0.015014056138732803
3898,0.6925664246082306,0.0008018437929197589,0.5113447904586792,0.015141339621235702
3899,0.6925683617591858,0.000802223114556357,0.5113694369792938,0.015223062360498326
