train_batch,acc,loss,std_acc
0,0.0,4.125019550323486,
1,0.0,3.9963557720184326,
2,0.010416666977107525,3.995776891708374,
3,0.0078125,3.9397778511047363,
4,0.01875000074505806,3.906343460083008,
5,0.02083333395421505,3.892885208129883,
6,0.0446428582072258,3.8417556285858154,
7,0.05859375,3.7818470001220703,
8,0.0625,3.7701542377471924,
9,0.06562499701976776,3.7454593181610107,
10,0.059659089893102646,3.7504630088806152,
11,0.0598958320915699,3.7403738498687744,
12,0.06490384787321091,3.711571216583252,
13,0.0647321417927742,3.6945652961730957,
14,0.07083333283662796,3.6762516498565674,
15,0.06640625,3.6776435375213623,
16,0.06617647409439087,3.6652607917785645,
17,0.0659722238779068,3.6529834270477295,
18,0.06578947603702545,3.6438798904418945,
19,0.0625,3.6341655254364014,
20,0.0669642835855484,3.6221556663513184,
21,0.06960227340459824,3.6013543605804443,
22,0.07201086729764938,3.5925040245056152,
23,0.0703125,3.5899322032928467,
24,0.07124999910593033,3.5831117630004883,
25,0.078125,3.56933856010437,
26,0.08449073880910873,3.5509684085845947,
27,0.0870535746216774,3.538764238357544,
28,0.08728448301553726,3.5263915061950684,
29,0.08645833283662796,3.526869535446167,
30,0.08770161122083664,3.518036365509033,
31,0.08984375,3.505413770675659,
32,0.08806817978620529,3.5036096572875977,
33,0.09007352590560913,3.492593765258789,
34,0.08839285373687744,3.4914116859436035,
35,0.0876736119389534,3.482274293899536,
36,0.09037162363529205,3.471477508544922,
37,0.08963815867900848,3.4592092037200928,
38,0.09214743226766586,3.4545435905456543,
39,0.09140624850988388,3.445842742919922,
40,0.09451219439506531,3.4370675086975098,
41,0.096726194024086,3.426859140396118,
42,0.09665697813034058,3.425143241882324,
43,0.09872159361839294,3.4178361892700195,
44,0.10000000149011612,3.4141452312469482,
45,0.0991847813129425,3.408912420272827,
46,0.10039893537759781,3.4007773399353027,
47,0.1015625,3.399176836013794,
48,0.09948979318141937,3.398332357406616,
49,0.09875000268220901,3.391951322555542,
50,0.0347222238779068,3.825071334838867,
51,0.03879310190677643,3.7761690616607666,
52,0.0463709682226181,3.7310116291046143,
53,0.05113636329770088,3.703706741333008,
54,0.05714285746216774,3.672527313232422,
55,0.06418918818235397,3.6356406211853027,
56,0.06570512801408768,3.606555700302124,
57,0.07469512522220612,3.586524486541748,
58,0.07994186133146286,3.5604772567749023,
59,0.08472222089767456,3.5399868488311768,
60,0.08909574151039124,3.5139880180358887,
61,0.09056122601032257,3.4883005619049072,
62,0.10049019753932953,3.468109130859375,
63,0.10259433835744858,3.452880620956421,
64,0.10681818425655365,3.431367874145508,
65,0.10526315867900848,3.4163339138031006,
66,0.10487288236618042,3.407794237136841,
67,0.10860655456781387,3.389218330383301,
68,0.1091269850730896,3.375056266784668,
69,0.11057692021131516,3.3630106449127197,
70,0.1128731369972229,3.3539154529571533,
71,0.11775362491607666,3.3380751609802246,
72,0.11971831321716309,3.327329397201538,
73,0.12243150919675827,3.3109140396118164,
74,0.12583333253860474,3.2958285808563232,
75,0.12743505835533142,3.2851881980895996,
76,0.1305379718542099,3.2696170806884766,
77,0.1358024626970291,3.2522661685943604,
78,0.13554216921329498,3.2540600299835205,
79,0.13676470518112183,3.248293161392212,
80,0.1350574642419815,3.2457284927368164,
81,0.13412921130657196,3.236527919769287,
82,0.1359890103340149,3.2287490367889404,
83,0.13844086229801178,3.2214643955230713,
84,0.14013157784938812,3.213404893875122,
85,0.1430412381887436,3.2081010341644287,
86,0.14267677068710327,3.202716588973999,
87,0.1435643583536148,3.192476511001587,
88,0.14623786509037018,3.180906057357788,
89,0.15000000596046448,3.172485589981079,
90,0.15245327353477478,3.159656047821045,
91,0.15366972982883453,3.152287721633911,
92,0.15653152763843536,3.1410038471221924,
93,0.1576327383518219,3.13523530960083,
94,0.1608695685863495,3.1277575492858887,
95,0.16132478415966034,3.1218924522399902,
96,0.16439075767993927,3.112703323364258,
97,0.16735537350177765,3.1025521755218506,
98,0.16869919002056122,3.096966505050659,
99,0.1720000058412552,3.0897321701049805,
100,0.05787036940455437,3.7836155891418457,
101,0.07543103396892548,3.702786922454834,
102,0.08266129344701767,3.6540684700012207,
103,0.09848485141992569,3.5873122215270996,
104,0.11428571492433548,3.5252130031585693,
105,0.12837837636470795,3.466643810272217,
106,0.13621795177459717,3.426013946533203,
107,0.14176829159259796,3.3900816440582275,
108,0.14534883201122284,3.35915470123291,
109,0.14722222089767456,3.3260698318481445,
110,0.146276593208313,3.306881904602051,
111,0.15816326439380646,3.2777037620544434,
112,0.16544117033481598,3.2475435733795166,
113,0.17099057137966156,3.2227392196655273,
114,0.17272727191448212,3.197990894317627,
115,0.1743421107530594,3.177664041519165,
116,0.18114407360553741,3.1565966606140137,
117,0.1844262331724167,3.1466033458709717,
118,0.1855158656835556,3.1337850093841553,
119,0.1855769157409668,3.119353771209717,
120,0.19029851257801056,3.097259521484375,
121,0.19112318754196167,3.0877068042755127,
122,0.19366197288036346,3.072296619415283,
123,0.1969178020954132,3.059426784515381,
124,0.20416666567325592,3.043825626373291,
125,0.2053571492433548,3.037200450897217,
126,0.20727847516536713,3.0280752182006836,
127,0.20756173133850098,3.0169754028320312,
128,0.21310241520404816,3.0042266845703125,
129,0.21470588445663452,2.992025375366211,
130,0.21479885280132294,2.9829914569854736,
131,0.21769662201404572,2.9690639972686768,
132,0.2211538404226303,2.9553744792938232,
133,0.22513440251350403,2.945584297180176,
134,0.2256578952074051,2.9407989978790283,
135,0.2274484485387802,2.928046703338623,
136,0.2279040366411209,2.917818307876587,
137,0.22772277891635895,2.912187337875366,
138,0.22997573018074036,2.9046647548675537,
139,0.23154762387275696,2.8972761631011963,
140,0.23189252614974976,2.893996000289917,
141,0.23165138065814972,2.8921656608581543,
142,0.233671173453331,2.8864219188690186,
143,0.23506636917591095,2.8792052268981934,
144,0.23586957156658173,2.874002456665039,
145,0.23771367967128754,2.8612568378448486,
146,0.23949579894542694,2.8512496948242188,
147,0.24121901392936707,2.845518112182617,
148,0.24491870403289795,2.835958480834961,
149,0.24699999392032623,2.827531099319458,
150,0.04398148134350777,3.992967367172241,
151,0.06896551698446274,3.8810415267944336,
152,0.08870967477560043,3.7891485691070557,
153,0.09469696879386902,3.701427936553955,
154,0.10357142984867096,3.6433119773864746,
155,0.11655405163764954,3.582759141921997,
156,0.125,3.524223566055298,
157,0.14024390280246735,3.4658069610595703,
158,0.151162788271904,3.4234297275543213,
159,0.1527777761220932,3.386819839477539,
160,0.16489361226558685,3.347385883331299,
161,0.17602041363716125,3.3074543476104736,
162,0.18504901230335236,3.2652623653411865,
163,0.1945754736661911,3.2228918075561523,
164,0.19545455276966095,3.1888370513916016,
165,0.19846491515636444,3.1593847274780273,
166,0.20338982343673706,3.1386449337005615,
167,0.2079918086528778,3.1133360862731934,
168,0.2113095223903656,3.0875301361083984,
169,0.21250000596046448,3.078298568725586,
170,0.22014924883842468,3.0578689575195312,
171,0.2237318903207779,3.0366907119750977,
172,0.2297535240650177,3.0128560066223145,
173,0.22945205867290497,3.001185417175293,
174,0.23083333671092987,2.9860715866088867,
175,0.23620130121707916,2.961108922958374,
176,0.24208860099315643,2.9377822875976562,
177,0.2430555522441864,2.9247262477874756,
178,0.2462349385023117,2.915269136428833,
179,0.24632352590560913,2.9026167392730713,
180,0.24712643027305603,2.890225410461426,
181,0.25,2.8723676204681396,
182,0.25549450516700745,2.8599188327789307,
183,0.2594085931777954,2.8463833332061768,
184,0.26184210181236267,2.834481954574585,
185,0.2635309398174286,2.8196792602539062,
186,0.2670454680919647,2.805487632751465,
187,0.2685643434524536,2.7946219444274902,
188,0.2688106894493103,2.787584066390991,
189,0.27142858505249023,2.774260997772217,
190,0.2727803885936737,2.7621092796325684,
191,0.2752293646335602,2.752717971801758,
192,0.2775900959968567,2.742222785949707,
193,0.2815265357494354,2.734755277633667,
194,0.28315216302871704,2.727078676223755,
195,0.28525641560554504,2.713104486465454,
196,0.2899159789085388,2.6991679668426514,
197,0.28977271914482117,2.696013927459717,
198,0.2901422679424286,2.687505006790161,
199,0.29249998927116394,2.6782193183898926,
200,0.11574073880910873,3.5914783477783203,
201,0.14224137365818024,3.4919543266296387,
202,0.16129031777381897,3.415475606918335,
203,0.17803029716014862,3.346803903579712,
204,0.1875,3.2877326011657715,
205,0.1942567527294159,3.238819122314453,
206,0.20352564752101898,3.1831376552581787,
207,0.21646341681480408,3.1225690841674805,
208,0.2252907007932663,3.065868616104126,
209,0.2291666716337204,3.031937599182129,
210,0.24069148302078247,2.985558032989502,
211,0.2448979616165161,2.9583899974823,
212,0.25245097279548645,2.915087938308716,
213,0.26179245114326477,2.8747708797454834,
214,0.26363635063171387,2.8572804927825928,
215,0.2697368562221527,2.832557439804077,
216,0.277542382478714,2.809251070022583,
217,0.28278687596321106,2.787909746170044,
218,0.2876984179019928,2.754664659500122,
219,0.2903846204280853,2.737056016921997,
220,0.29291045665740967,2.7220537662506104,
221,0.2952898442745209,2.711393117904663,
222,0.2957746386528015,2.694627046585083,
223,0.2962328791618347,2.6875903606414795,
224,0.3008333444595337,2.670285940170288,
225,0.30194804072380066,2.6568832397460938,
226,0.3045886158943176,2.6481833457946777,
227,0.3094135820865631,2.6244895458221436,
228,0.3102409541606903,2.6189539432525635,
229,0.3125,2.608199119567871,
230,0.31609195470809937,2.5900497436523438,
231,0.3174157440662384,2.5830295085906982,
232,0.32074177265167236,2.5651395320892334,
233,0.3219085931777954,2.554102659225464,
234,0.32499998807907104,2.5423641204833984,
235,0.3260309398174286,2.5422096252441406,
236,0.32702019810676575,2.531198740005493,
237,0.3316831588745117,2.5164103507995605,
238,0.333737850189209,2.5070815086364746,
239,0.33690476417541504,2.49542236328125,
240,0.3405373692512512,2.4889354705810547,
241,0.34633028507232666,2.4763975143432617,
242,0.34797295928001404,2.468431234359741,
243,0.3490044176578522,2.4631941318511963,
244,0.3499999940395355,2.4571516513824463,
245,0.3520299196243286,2.449983596801758,
246,0.3539915978908539,2.44392466545105,
247,0.3558884263038635,2.433605909347534,
248,0.3561991751194,2.4244062900543213,
249,0.3564999997615814,2.4178214073181152,
250,0.15509259700775146,3.1325433254241943,
251,0.18534483015537262,3.035454273223877,
252,0.2036290317773819,2.9786102771759033,
253,0.22159090638160706,2.9177558422088623,
254,0.23749999701976776,2.854966163635254,
255,0.24493242800235748,2.8189873695373535,
256,0.2548076808452606,2.76383376121521,
257,0.25457316637039185,2.7487974166870117,
258,0.2616279125213623,2.7186596393585205,
259,0.2680555582046509,2.688551187515259,
260,0.2779255211353302,2.6565592288970947,
261,0.27551019191741943,2.644465923309326,
262,0.280637264251709,2.635739803314209,
263,0.286556601524353,2.6270291805267334,
264,0.29431816935539246,2.6076595783233643,
265,0.297149121761322,2.5876922607421875,
266,0.3050847351551056,2.5672178268432617,
267,0.3022541105747223,2.5628468990325928,
268,0.30158731341362,2.5586299896240234,
269,0.3067307770252228,2.5417826175689697,
270,0.3106343150138855,2.5228631496429443,
271,0.3179347813129425,2.502617120742798,
272,0.3257042169570923,2.4831466674804688,
273,0.3287671208381653,2.4723610877990723,
274,0.335833340883255,2.453640937805176,
275,0.33766233921051025,2.4415125846862793,
276,0.34098100662231445,2.4267191886901855,
277,0.3479938209056854,2.412630319595337,
278,0.35165661573410034,2.403740406036377,
279,0.3551470637321472,2.3906490802764893,
280,0.3563218414783478,2.3784451484680176,
281,0.3616572916507721,2.364525318145752,
282,0.36538460850715637,2.352961540222168,
283,0.3676075339317322,2.3387603759765625,
284,0.3677631616592407,2.330853223800659,
285,0.36984536051750183,2.3202481269836426,
286,0.37310606241226196,2.307485342025757,
287,0.3737623691558838,2.297522783279419,
288,0.3792475759983063,2.2851760387420654,
289,0.37857142090797424,2.2841360569000244,
290,0.38084113597869873,2.278949499130249,
291,0.3818807303905487,2.2760677337646484,
292,0.38513514399528503,2.2679059505462646,
293,0.38550883531570435,2.2597908973693848,
294,0.38749998807907104,2.255570411682129,
295,0.3878205120563507,2.2500903606414795,
296,0.39233192801475525,2.237700939178467,
297,0.3920454680919647,2.235567569732666,
298,0.3938008248806,2.228273630142212,
299,0.3955000042915344,2.222597360610962,
300,0.1875,3.079019546508789,
301,0.22198276221752167,2.9751970767974854,
302,0.24193547666072845,2.8898274898529053,
303,0.2556818127632141,2.836420774459839,
304,0.2607142925262451,2.7842304706573486,
305,0.2736486494541168,2.7339959144592285,
306,0.28525641560554504,2.6802685260772705,
307,0.3003048896789551,2.6234216690063477,
308,0.3139534890651703,2.5821125507354736,
309,0.31805557012557983,2.5596354007720947,
310,0.32845744490623474,2.5207736492156982,
311,0.3405612111091614,2.4928016662597656,
312,0.34558823704719543,2.4752540588378906,
313,0.3561320900917053,2.4426772594451904,
314,0.3579545319080353,2.423830509185791,
315,0.36513158679008484,2.39962100982666,
316,0.3686440587043762,2.3773698806762695,
317,0.3719262182712555,2.3599226474761963,
318,0.3819444477558136,2.334139585494995,
319,0.383653849363327,2.3227744102478027,
320,0.3889925479888916,2.3106019496917725,
321,0.38768115639686584,2.302506923675537,
322,0.39260563254356384,2.2870025634765625,
323,0.3904109597206116,2.2794735431671143,
324,0.39250001311302185,2.2679381370544434,
325,0.3952922224998474,2.255693197250366,
326,0.40189874172210693,2.2367873191833496,
327,0.40740740299224854,2.2185745239257812,
328,0.40888553857803345,2.2060458660125732,
329,0.4154411852359772,2.1930603981018066,
330,0.4181034564971924,2.1833930015563965,
331,0.4185393154621124,2.1760027408599854,
332,0.42032966017723083,2.166213035583496,
333,0.42271506786346436,2.1569175720214844,
334,0.4243420958518982,2.1487345695495605,
335,0.4259020686149597,2.1442856788635254,
336,0.4292929172515869,2.1339330673217773,
337,0.4306930601596832,2.1286675930023193,
338,0.4332524240016937,2.119302988052368,
339,0.4357142746448517,2.1132824420928955,
340,0.43808412551879883,2.105599880218506,
341,0.43979358673095703,2.0975613594055176,
342,0.43918919563293457,2.0941309928894043,
343,0.4413716793060303,2.089592456817627,
344,0.4434782564640045,2.0800600051879883,
345,0.4455128312110901,2.0748441219329834,
346,0.4464285671710968,2.0698888301849365,
347,0.4488636255264282,2.0657615661621094,
348,0.4481707215309143,2.0593228340148926,
349,0.44850000739097595,2.0593788623809814,
350,0.31018519401550293,2.737257242202759,
351,0.32974138855934143,2.6630141735076904,
352,0.3427419364452362,2.606837034225464,
353,0.3579545319080353,2.5465219020843506,
354,0.36250001192092896,2.5130741596221924,
355,0.37331080436706543,2.463233709335327,
356,0.3830128312110901,2.422933578491211,
357,0.3871951103210449,2.3962695598602295,
358,0.3880814015865326,2.3728513717651367,
359,0.40138888359069824,2.3292553424835205,
360,0.4095744788646698,2.2993884086608887,
361,0.41709184646606445,2.267061948776245,
362,0.4227941036224365,2.245659828186035,
363,0.4245283007621765,2.227731704711914,
364,0.4318181872367859,2.195392608642578,
365,0.4309210479259491,2.1837525367736816,
366,0.4343220293521881,2.1660921573638916,
367,0.43545082211494446,2.1525044441223145,
368,0.4414682686328888,2.134392499923706,
369,0.4432692229747772,2.1253066062927246,
370,0.444029837846756,2.1147003173828125,
371,0.44565218687057495,2.099428653717041,
372,0.4507042169570923,2.086428642272949,
373,0.4554794430732727,2.0693509578704834,
374,0.45916667580604553,2.050949811935425,
375,0.45941558480262756,2.0409250259399414,
376,0.462816447019577,2.0275862216949463,
377,0.46296295523643494,2.021723508834839,
378,0.46234938502311707,2.0155017375946045,
379,0.4632352888584137,2.008863687515259,
380,0.4676724076271057,1.9972704648971558,
381,0.4733146131038666,1.9839109182357788,
382,0.47252747416496277,1.9818029403686523,
383,0.47379031777381897,1.9747824668884277,
384,0.47631579637527466,1.9637863636016846,
385,0.47680413722991943,1.957700252532959,
386,0.4779040515422821,1.952228307723999,
387,0.47772276401519775,1.9479490518569946,
388,0.4811893105506897,1.9371843338012695,
389,0.48273810744285583,1.931164026260376,
390,0.48539718985557556,1.9250218868255615,
391,0.48681193590164185,1.9192988872528076,
392,0.48704954981803894,1.9142950773239136,
393,0.4917035400867462,1.9035249948501587,
394,0.49619564414024353,1.8916046619415283,
395,0.49839743971824646,1.8816041946411133,
396,0.49947479367256165,1.8758306503295898,
397,0.5020661354064941,1.868139386177063,
398,0.5030487775802612,1.8641636371612549,
399,0.5055000185966492,1.8623452186584473,
400,0.26851850748062134,2.793522357940674,
401,0.2909482717514038,2.7066211700439453,
402,0.3145161271095276,2.613908529281616,
403,0.3390151560306549,2.535648822784424,
404,0.34285715222358704,2.5047035217285156,
405,0.3513513505458832,2.4493377208709717,
406,0.3589743673801422,2.4162802696228027,
407,0.375,2.3761093616485596,
408,0.3866279125213623,2.3454926013946533,
409,0.3958333432674408,2.3124566078186035,
410,0.40425533056259155,2.2790768146514893,
411,0.40433672070503235,2.2609641551971436,
412,0.4117647111415863,2.2288565635681152,
413,0.4221698045730591,2.1924166679382324,
414,0.4204545319080353,2.1705009937286377,
415,0.4309210479259491,2.1445446014404297,
416,0.43855932354927063,2.128535032272339,
417,0.4446721374988556,2.100559949874878,
418,0.44841268658638,2.0844969749450684,
419,0.45192307233810425,2.064408779144287,
420,0.4514925479888916,2.055781126022339,
421,0.4574275314807892,2.034074068069458,
422,0.4665493071079254,2.0109894275665283,
423,0.46917808055877686,2.0021066665649414,
424,0.46916666626930237,1.9949865341186523,
425,0.46915584802627563,1.9858535528182983,
426,0.47151899337768555,1.9731366634368896,
427,0.4753086566925049,1.964825987815857,
428,0.47891566157341003,1.9496253728866577,
429,0.4838235378265381,1.9369677305221558,
430,0.48563218116760254,1.9258753061294556,
431,0.4845505654811859,1.9246376752853394,
432,0.4883241653442383,1.9128446578979492,
433,0.4905914068222046,1.9021971225738525,
434,0.49473685026168823,1.8898850679397583,
435,0.4980670213699341,1.8809616565704346,
436,0.502525269985199,1.8697035312652588,
437,0.5024752616882324,1.866040825843811,
438,0.5042475461959839,1.8579663038253784,
439,0.5113095045089722,1.8415393829345703,
440,0.5157710313796997,1.8262447118759155,
441,0.5189220309257507,1.8163527250289917,
442,0.5202702879905701,1.8071550130844116,
443,0.5215708017349243,1.8029162883758545,
444,0.5244565010070801,1.7944568395614624,
445,0.5272436141967773,1.7901194095611572,
446,0.5304622054100037,1.778861403465271,
447,0.5304751992225647,1.776638150215149,
448,0.5315040946006775,1.7706091403961182,
449,0.5320000052452087,1.767592191696167,
450,0.41203704476356506,2.2007715702056885,
451,0.4267241358757019,2.1466825008392334,
452,0.4375,2.099207639694214,
453,0.45075756311416626,2.04815936088562,
454,0.4535714387893677,2.0202081203460693,
455,0.4679054021835327,1.9759119749069214,
456,0.4759615361690521,1.9493813514709473,
457,0.48170730471611023,1.9272687435150146,
458,0.4869185984134674,1.9026954174041748,
459,0.49166667461395264,1.8835556507110596,
460,0.4933510720729828,1.8650957345962524,
461,0.5012755393981934,1.8382610082626343,
462,0.5061274766921997,1.824744701385498,
463,0.510613203048706,1.8046112060546875,
464,0.5170454382896423,1.784089207649231,
465,0.5241228342056274,1.7611968517303467,
466,0.5222457647323608,1.7533115148544312,
467,0.5286885499954224,1.740138053894043,
468,0.5307539701461792,1.7281543016433716,
469,0.5298076868057251,1.7289879322052002,
470,0.5335820913314819,1.7122563123703003,
471,0.5371376872062683,1.6977638006210327,
472,0.5396126508712769,1.687449336051941,
473,0.5462328791618347,1.6688941717147827,
474,0.5491666793823242,1.659119963645935,
475,0.5568181872367859,1.6393214464187622,
476,0.5625,1.6285840272903442,
477,0.5655864477157593,1.6181046962738037,
478,0.5655120611190796,1.6095590591430664,
479,0.5683823823928833,1.5991637706756592,
480,0.5711206793785095,1.5902613401412964,
481,0.5730336904525757,1.5915758609771729,
482,0.5734890103340149,1.587552547454834,
483,0.573924720287323,1.583266019821167,
484,0.5690789222717285,1.5891141891479492,
485,0.5682989954948425,1.5858047008514404,
486,0.5681818127632141,1.5784000158309937,
487,0.5674505233764648,1.5801225900650024,
488,0.5673543810844421,1.582086205482483,
489,0.5702381134033203,1.5742003917694092,
490,0.5718457698822021,1.569303274154663,
491,0.5728210806846619,1.5654542446136475,
492,0.5748873949050903,1.5606982707977295,
493,0.5752212405204773,1.5597190856933594,
494,0.5771738886833191,1.5547547340393066,
495,0.5785256624221802,1.5498216152191162,
496,0.5793067216873169,1.550611138343811,
497,0.5800619721412659,1.5432405471801758,
498,0.5813007950782776,1.5455832481384277,
499,0.5820000171661377,1.5399399995803833,
500,0.35879629850387573,2.483456611633301,
501,0.3836206793785095,2.3953864574432373,
502,0.3931451737880707,2.3474459648132324,
503,0.39772728085517883,2.299736499786377,
504,0.4124999940395355,2.2477030754089355,
505,0.4256756901741028,2.196166515350342,
506,0.43910256028175354,2.1504628658294678,
507,0.4496951103210449,2.1136395931243896,
508,0.45639535784721375,2.0830488204956055,
509,0.4652777910232544,2.0473694801330566,
510,0.4760638177394867,2.0151607990264893,
511,0.48852041363716125,1.9779866933822632,
512,0.4950980246067047,1.945805549621582,
513,0.5023584961891174,1.912750005722046,
514,0.5090909004211426,1.8828271627426147,
515,0.5109649300575256,1.8600163459777832,
516,0.5158898234367371,1.847617268562317,
517,0.5245901346206665,1.8231306076049805,
518,0.5277777910232544,1.8027766942977905,
519,0.5307692289352417,1.7856251001358032,
520,0.5373134613037109,1.7694352865219116,
521,0.5398550629615784,1.7584731578826904,
522,0.5440140962600708,1.747172236442566,
523,0.5470890402793884,1.7306334972381592,
524,0.5475000143051147,1.7212187051773071,
525,0.5535714030265808,1.7005852460861206,
526,0.5545886158943176,1.6883471012115479,
527,0.5532407164573669,1.6940099000930786,
528,0.5564758777618408,1.6817773580551147,
529,0.5536764860153198,1.678708553314209,
530,0.5567528605461121,1.6728497743606567,
531,0.5596910119056702,1.6591084003448486,
532,0.5631868243217468,1.6509307622909546,
533,0.5685483813285828,1.636426568031311,
534,0.5717105269432068,1.6281373500823975,
535,0.5747422575950623,1.616023302078247,
536,0.5751262903213501,1.6066911220550537,
537,0.5748762488365173,1.6005077362060547,
538,0.5764563083648682,1.5981109142303467,
539,0.5761904716491699,1.5973893404006958,
540,0.5759345889091492,1.591254711151123,
541,0.5774082541465759,1.5863568782806396,
542,0.5777027010917664,1.5798016786575317,
543,0.5790929198265076,1.5723661184310913,
544,0.5782608985900879,1.5722577571868896,
545,0.5785256624221802,1.5679486989974976,
546,0.5787814855575562,1.5611132383346558,
547,0.5816115736961365,1.55125892162323,
548,0.5833333134651184,1.5447419881820679,
549,0.5824999809265137,1.5444751977920532,
550,0.36574074625968933,2.408895254135132,
551,0.3857758641242981,2.3339149951934814,
552,0.4032258093357086,2.265228748321533,
553,0.4261363744735718,2.191741943359375,
554,0.4375,2.1384289264678955,
555,0.44594594836235046,2.0878114700317383,
556,0.4503205120563507,2.0592002868652344,
557,0.46189025044441223,2.0269644260406494,
558,0.4752906858921051,1.988399624824524,
559,0.48750001192092896,1.9518628120422363,
560,0.501329779624939,1.9153854846954346,
561,0.5140306353569031,1.8775757551193237,
562,0.5122548937797546,1.8602298498153687,
563,0.5153301954269409,1.8348084688186646,
564,0.5238636136054993,1.809036374092102,
565,0.5274122953414917,1.7869356870651245,
566,0.5286017060279846,1.7702276706695557,
567,0.5348360538482666,1.750502347946167,
568,0.5416666865348816,1.727116584777832,
569,0.5442307591438293,1.7169702053070068,
570,0.5466417670249939,1.7027802467346191,
571,0.5507246255874634,1.6848965883255005,
572,0.5536971688270569,1.6771659851074219,
573,0.5539383292198181,1.6723822355270386,
574,0.5600000023841858,1.6522643566131592,
575,0.5641233921051025,1.636517882347107,
576,0.5727847814559937,1.6108254194259644,
577,0.5763888955116272,1.5957225561141968,
578,0.5783132314682007,1.5877251625061035,
579,0.5794117450714111,1.5781068801879883,
580,0.5826149582862854,1.5685731172561646,
581,0.5835674405097961,1.5589807033538818,
582,0.5831043720245361,1.5529063940048218,
583,0.5887096524238586,1.539650559425354,
584,0.5914473533630371,1.5308958292007446,
585,0.5921391844749451,1.5271724462509155,
586,0.5959596037864685,1.5181275606155396,
587,0.5971534848213196,1.5148279666900635,
588,0.6001213788986206,1.509325385093689,
589,0.6035714149475098,1.5019510984420776,
590,0.6045560836791992,1.496824026107788,
591,0.607798159122467,1.484889268875122,
592,0.6103603839874268,1.4788424968719482,
593,0.6133849620819092,1.4700783491134644,
594,0.614673912525177,1.4649635553359985,
595,0.6153846383094788,1.463110327720642,
596,0.6144958138465881,1.4588152170181274,
597,0.6172520518302917,1.4507955312728882,
598,0.6178861856460571,1.44656240940094,
599,0.6184999942779541,1.443513035774231,
600,0.44675925374031067,1.9026777744293213,
601,0.47413793206214905,1.8265973329544067,
602,0.4979838728904724,1.7760509252548218,
603,0.5170454382896423,1.72608482837677,
604,0.5249999761581421,1.6902666091918945,
605,0.5337837934494019,1.6552470922470093,
606,0.5480769276618958,1.6218199729919434,
607,0.5533536672592163,1.6012609004974365,
608,0.555232584476471,1.5902212858200073,
609,0.5569444298744202,1.5740803480148315,
610,0.5651595592498779,1.5581241846084595,
611,0.5676020383834839,1.5418753623962402,
612,0.5747548937797546,1.523931622505188,
613,0.5778301954269409,1.5083556175231934,
614,0.5852272510528564,1.4881268739700317,
615,0.5899122953414917,1.4766961336135864,
616,0.5985169410705566,1.4574055671691895,
617,0.6004098653793335,1.448114037513733,
618,0.6061508059501648,1.4350786209106445,
619,0.6144230961799622,1.4157568216323853,
620,0.6156716346740723,1.4103145599365234,
621,0.6177536249160767,1.4010000228881836,
622,0.6232394576072693,1.3849425315856934,
623,0.6232876777648926,1.3791717290878296,
624,0.625,1.370272159576416,
625,0.6314935088157654,1.3556848764419556,
626,0.6352847814559937,1.345171332359314,
627,0.6381173133850098,1.3368228673934937,
628,0.6423192620277405,1.3255542516708374,
629,0.6463235020637512,1.3167637586593628,
630,0.647988498210907,1.3149336576461792,
631,0.6495786309242249,1.3088788986206055,
632,0.6476648449897766,1.31434965133667,
633,0.6505376100540161,1.3045973777770996,
634,0.6499999761581421,1.3026325702667236,
635,0.6488401889801025,1.301743507385254,
636,0.6489899158477783,1.3005338907241821,
637,0.6522276997566223,1.2934739589691162,
638,0.6529126167297363,1.2883483171463013,
639,0.6535714268684387,1.2830111980438232,
640,0.65362149477005,1.2838386297225952,
641,0.6525229215621948,1.2832845449447632,
642,0.6531531810760498,1.2813255786895752,
643,0.6554203629493713,1.2771625518798828,
644,0.654891312122345,1.2790327072143555,
645,0.6554487347602844,1.2759813070297241,
646,0.6533613204956055,1.2770239114761353,
647,0.6528925895690918,1.2787096500396729,
648,0.6554877758026123,1.2703635692596436,
649,0.656499981880188,1.2652593851089478,
650,0.5208333134651184,1.6232953071594238,
651,0.5409482717514038,1.576084017753601,
652,0.5524193644523621,1.5455602407455444,
653,0.5681818127632141,1.5104851722717285,
654,0.5803571343421936,1.4687330722808838,
655,0.5810810923576355,1.45319664478302,
656,0.5945512652397156,1.4170409440994263,
657,0.6021341681480408,1.4089183807373047,
658,0.6017441749572754,1.391951560974121,
659,0.6097221970558167,1.3704397678375244,
660,0.6130319237709045,1.3580979108810425,
661,0.6173469424247742,1.352784276008606,
662,0.626225471496582,1.331276297569275,
663,0.6273584961891174,1.3222922086715698,
664,0.6284090876579285,1.3144214153289795,
665,0.6304824352264404,1.3073478937149048,
666,0.6313559412956238,1.3001995086669922,
667,0.6362704634666443,1.2875797748565674,
668,0.6448412537574768,1.2681658267974854,
669,0.6490384340286255,1.2612618207931519,
670,0.6492537260055542,1.2629740238189697,
671,0.6476449370384216,1.2629733085632324,
672,0.6522887349128723,1.2551047801971436,
673,0.6566780805587769,1.2485175132751465,
674,0.6625000238418579,1.233831763267517,
675,0.6672077775001526,1.2307078838348389,
676,0.6716772317886353,1.2202584743499756,
677,0.6736111044883728,1.2091666460037231,
678,0.6792168617248535,1.1974818706512451,
679,0.6816176176071167,1.188612699508667,
680,0.6875,1.1767274141311646,
681,0.6882022619247437,1.175398588180542,
682,0.6868131756782532,1.1751961708068848,
683,0.6908602118492126,1.168226957321167,
684,0.6940789222717285,1.1577935218811035,
685,0.6939433217048645,1.1530462503433228,
686,0.6931818127632141,1.152126669883728,
687,0.6955445408821106,1.1477487087249756,
688,0.6972087621688843,1.1438515186309814,
689,0.7005952596664429,1.1363096237182617,
690,0.7032710313796997,1.1325900554656982,
691,0.7064220309257507,1.122451901435852,
692,0.7077702879905701,1.1164547204971313,
693,0.707411527633667,1.113861083984375,
694,0.707065224647522,1.1138063669204712,
695,0.7051281929016113,1.1146384477615356,
696,0.7058823704719543,1.1106241941452026,
697,0.7035123705863953,1.115315318107605,
698,0.7032520174980164,1.1136659383773804,
699,0.7009999752044678,1.1175388097763062,
700,0.2986111044883728,3.3263654708862305,
701,0.3318965435028076,3.1634409427642822,
702,0.3588709533214569,3.022313117980957,
703,0.3844696879386902,2.892184257507324,
704,0.4107142984867096,2.7738990783691406,
705,0.4307432472705841,2.6770317554473877,
706,0.44871795177459717,2.587022542953491,
707,0.458841472864151,2.5142645835876465,
708,0.47093021869659424,2.454444646835327,
709,0.4791666567325592,2.398775815963745,
710,0.48803192377090454,2.352651834487915,
711,0.4961734712123871,2.3076043128967285,
712,0.5085784196853638,2.2519078254699707,
713,0.5153301954269409,2.2087717056274414,
714,0.5261363387107849,2.1573617458343506,
715,0.531798243522644,2.1136980056762695,
716,0.5381355881690979,2.073483467102051,
717,0.5399590134620667,2.0399112701416016,
718,0.545634925365448,2.0090911388397217,
719,0.5480769276618958,1.9838660955429077,
720,0.5559701323509216,1.947495698928833,
721,0.5643116235733032,1.9112569093704224,
722,0.5695422291755676,1.889865517616272,
723,0.5702054500579834,1.8787400722503662,
724,0.5758333206176758,1.8552496433258057,
725,0.5811688303947449,1.8320602178573608,
726,0.5901898741722107,1.8041737079620361,
727,0.591821014881134,1.7936004400253296,
728,0.5948795080184937,1.7710587978363037,
729,0.596323549747467,1.7647467851638794,
730,0.5977011322975159,1.7504072189331055,
731,0.6025280952453613,1.7329211235046387,
732,0.6071428656578064,1.7129054069519043,
733,0.6061828136444092,1.7029680013656616,
734,0.6078947186470032,1.6913113594055176,
735,0.6134020686149597,1.6719218492507935,
736,0.618686854839325,1.6530593633651733,
737,0.6225247383117676,1.6375185251235962,
738,0.6268203854560852,1.6214666366577148,
739,0.6285714507102966,1.6078252792358398,
740,0.6320093274116516,1.5930378437042236,
741,0.6347476840019226,1.5760412216186523,
742,0.6362612843513489,1.5632519721984863,
743,0.6393805146217346,1.5524742603302002,
744,0.6423913240432739,1.5390745401382446,
745,0.6442307829856873,1.5274559259414673,
746,0.644957959651947,1.5194528102874756,
747,0.6461777091026306,1.5147349834442139,
748,0.6488820910453796,1.5041394233703613,
749,0.6460000276565552,1.5020893812179565,
750,0.42129629850387573,2.320014238357544,
751,0.45043104887008667,2.2082831859588623,
752,0.4697580635547638,2.1276473999023438,
753,0.47727271914482117,2.0709388256073,
754,0.48750001192092896,2.014397144317627,
755,0.5,1.9609295129776,
756,0.5128205418586731,1.9052011966705322,
757,0.5167682766914368,1.87063729763031,
758,0.5218023061752319,1.8325152397155762,
759,0.5333333611488342,1.7928357124328613,
760,0.542553186416626,1.7579158544540405,
761,0.5484693646430969,1.7279585599899292,
762,0.5563725233078003,1.6938563585281372,
763,0.5660377144813538,1.6622631549835205,
764,0.5761363506317139,1.6281356811523438,
765,0.5811403393745422,1.6061171293258667,
766,0.5889830589294434,1.5735185146331787,
767,0.5973360538482666,1.5475519895553589,
768,0.6001983880996704,1.5352838039398193,
769,0.6067307591438293,1.5124382972717285,
770,0.6138059496879578,1.487401008605957,
771,0.6177536249160767,1.4735212326049805,
772,0.6205986142158508,1.457816243171692,
773,0.625,1.439562201499939,
774,0.6258333325386047,1.4327858686447144,
775,0.6331169009208679,1.4151289463043213,
776,0.636867105960846,1.399864912033081,
777,0.6381173133850098,1.3875088691711426,
778,0.6408132314682007,1.375139832496643,
779,0.6433823704719543,1.3632663488388062,
780,0.647988498210907,1.3471972942352295,
781,0.6509831547737122,1.3429774045944214,
782,0.6545329689979553,1.3322761058807373,
783,0.6592742204666138,1.3174588680267334,
784,0.6638157963752747,1.3052771091461182,
785,0.6623711585998535,1.3060214519500732,
786,0.6597222089767456,1.3117992877960205,
787,0.6577970385551453,1.3122539520263672,
788,0.6614077687263489,1.3044238090515137,
789,0.663690447807312,1.298491358757019,
790,0.6658878326416016,1.2871201038360596,
791,0.6697247624397278,1.2774046659469604,
792,0.6706081032752991,1.2702217102050781,
793,0.6742256879806519,1.2611840963363647,
794,0.675000011920929,1.2534594535827637,
795,0.6773504018783569,1.2472368478775024,
796,0.6764705777168274,1.2460283041000366,
797,0.6782024502754211,1.2398382425308228,
798,0.6783536672592163,1.235825538635254,
799,0.6794999837875366,1.2301374673843384,
800,0.38425925374031067,2.2001466751098633,
801,0.4137931168079376,2.0995609760284424,
802,0.4334677457809448,2.033844470977783,
803,0.46022728085517883,1.9554052352905273,
804,0.4821428656578064,1.8935649394989014,
805,0.4932432472705841,1.842786431312561,
806,0.504807710647583,1.7955050468444824,
807,0.5121951103210449,1.769181251525879,
808,0.5188953280448914,1.7412662506103516,
809,0.5277777910232544,1.7049509286880493,
810,0.5319148898124695,1.6766401529312134,
811,0.5408163070678711,1.6555533409118652,
812,0.5514705777168274,1.6251550912857056,
813,0.5625,1.5923070907592773,
814,0.5681818127632141,1.572637677192688,
815,0.5723684430122375,1.556289553642273,
816,0.5794491767883301,1.5294389724731445,
817,0.5860655903816223,1.5106635093688965,
818,0.5952380895614624,1.486562967300415,
819,0.6000000238418579,1.4687479734420776,
820,0.6054104566574097,1.4524915218353271,
821,0.6123188138008118,1.433569312095642,
822,0.6144366264343262,1.4197263717651367,
823,0.6207191944122314,1.3995145559310913,
824,0.6241666674613953,1.3828800916671753,
825,0.6274350881576538,1.3703343868255615,
826,0.6321202516555786,1.3556207418441772,
827,0.6373456716537476,1.338489055633545,
828,0.6393072009086609,1.3306670188903809,
829,0.6426470875740051,1.3203359842300415,
830,0.6429597735404968,1.3166203498840332,
831,0.6481741666793823,1.309212565422058,
832,0.651098906993866,1.3026282787322998,
833,0.6525537371635437,1.2947653532028198,
834,0.6513158082962036,1.2940665483474731,
835,0.6514175534248352,1.292230248451233,
836,0.6534090638160706,1.2873412370681763,
837,0.655940592288971,1.2793254852294922,
838,0.657160222530365,1.2730042934417725,
839,0.6595237851142883,1.2648693323135376,
840,0.6612149477005005,1.2588647603988647,
841,0.66399085521698,1.2487900257110596,
842,0.6661036014556885,1.240688443183899,
843,0.6659291982650757,1.2369046211242676,
844,0.6695652008056641,1.2274690866470337,
845,0.6736111044883728,1.2214323282241821,
846,0.6764705777168274,1.2139440774917603,
847,0.6792355179786682,1.2038938999176025,
848,0.6829268336296082,1.1938068866729736,
849,0.6830000281333923,1.1915448904037476,
850,0.35648149251937866,2.7833189964294434,
851,0.38146552443504333,2.6555497646331787,
852,0.4032258093357086,2.549900770187378,
853,0.4223484992980957,2.4388608932495117,
854,0.4464285671710968,2.345517635345459,
855,0.46452704071998596,2.2558491230010986,
856,0.4919871687889099,2.1645543575286865,
857,0.5060975551605225,2.1016621589660645,
858,0.5247092843055725,2.0314688682556152,
859,0.543055534362793,1.9732720851898193,
860,0.5531914830207825,1.9169247150421143,
861,0.5599489808082581,1.8780531883239746,
862,0.5649510025978088,1.8451563119888306,
863,0.5695754885673523,1.8099123239517212,
864,0.5772727131843567,1.7680996656417847,
865,0.5811403393745422,1.7393501996994019,
866,0.5868644118309021,1.7093154191970825,
867,0.5932376980781555,1.6788668632507324,
868,0.6001983880996704,1.6517760753631592,
869,0.6067307591438293,1.62274968624115,
870,0.6138059496879578,1.595558524131775,
871,0.6195651888847351,1.5739631652832031,
872,0.6267605423927307,1.5474520921707153,
873,0.6318492889404297,1.5274536609649658,
874,0.6349999904632568,1.506072998046875,
875,0.6347402334213257,1.4935873746871948,
876,0.636867105960846,1.474170446395874,
877,0.6404321193695068,1.4645516872406006,
878,0.6438252925872803,1.4504750967025757,
879,0.6477941274642944,1.4333606958389282,
880,0.6508620977401733,1.4169267416000366,
881,0.653792142868042,1.4032484292984009,
882,0.656593382358551,1.3906183242797852,
883,0.6592742204666138,1.3760368824005127,
884,0.6638157963752747,1.3607343435287476,
885,0.6668814420700073,1.3492294549942017,
886,0.6691918969154358,1.3405182361602783,
887,0.6732673048973083,1.3249036073684692,
888,0.6759708523750305,1.3137329816818237,
889,0.6785714030265808,1.3027102947235107,
890,0.6834112405776978,1.2890379428863525,
891,0.6817660331726074,1.2888126373291016,
892,0.6824324131011963,1.2790825366973877,
893,0.6858407258987427,1.2692307233810425,
894,0.686956524848938,1.261308193206787,
895,0.68482905626297,1.2581690549850464,
896,0.6864495873451233,1.2511558532714844,
897,0.6900826692581177,1.242492914199829,
898,0.6910569071769714,1.237282156944275,
899,0.6919999718666077,1.230940341949463,
900,0.4930555522441864,1.7065469026565552,
901,0.5129310488700867,1.6418009996414185,
902,0.5282257795333862,1.5789964199066162,
903,0.5549242496490479,1.514190912246704,
904,0.5678571462631226,1.4710196256637573,
905,0.5844594836235046,1.4294688701629639,
906,0.5945512652397156,1.3988451957702637,
907,0.6067073345184326,1.3695191144943237,
908,0.6104651093482971,1.3482447862625122,
909,0.6208333373069763,1.325618028640747,
910,0.6289893388748169,1.3086566925048828,
911,0.6390306353569031,1.2835018634796143,
912,0.6495097875595093,1.2574154138565063,
913,0.6580188870429993,1.2357057332992554,
914,0.6625000238418579,1.2213586568832397,
915,0.6666666865348816,1.201292872428894,
916,0.6747881174087524,1.1818262338638306,
917,0.6793032884597778,1.17047917842865,
918,0.682539701461792,1.1676080226898193,
919,0.6865384578704834,1.1523364782333374,
920,0.6893656849861145,1.1410186290740967,
921,0.695652186870575,1.128175973892212,
922,0.7007042169570923,1.1110048294067383,
923,0.7020547986030579,1.1033684015274048,
924,0.7049999833106995,1.0932313203811646,
925,0.7077922224998474,1.0872702598571777,
926,0.7104430198669434,1.080480694770813,
927,0.7121913433074951,1.069790244102478,
928,0.7168674468994141,1.057041883468628,
929,0.716911792755127,1.0483393669128418,
930,0.7191091775894165,1.041304588317871,
931,0.7183988690376282,1.04111647605896,
932,0.718406617641449,1.0388544797897339,
933,0.7224462628364563,1.0300495624542236,
934,0.7223684191703796,1.0241050720214844,
935,0.7255154848098755,1.017899751663208,
936,0.7272727489471436,1.0113855600357056,
937,0.7295792102813721,1.004799723625183,
938,0.7311893105506897,0.9984894394874573,
939,0.7351190447807312,0.989872395992279,
940,0.735981285572052,0.9842014908790588,
941,0.7379587292671204,0.9800835251808167,
942,0.7415540814399719,0.9718822240829468,
943,0.7444690465927124,0.9632302522659302,
944,0.7461956739425659,0.9577005505561829,
945,0.7483974099159241,0.9543915390968323,
946,0.7489495873451233,0.9520907402038574,
947,0.7494834661483765,0.9472982287406921,
948,0.7494918704032898,0.9437775611877441,
949,0.7519999742507935,0.9369142651557922,
950,0.5462962985038757,1.5750845670700073,
951,0.5711206793785095,1.502445101737976,
952,0.5846773982048035,1.4487581253051758,
953,0.5928030014038086,1.4319185018539429,
954,0.6089285612106323,1.3923512697219849,
955,0.6165540814399719,1.3617881536483765,
956,0.625,1.3309049606323242,
957,0.6310975551605225,1.3017586469650269,
958,0.6395348906517029,1.2774944305419922,
959,0.6486111283302307,1.2479199171066284,
960,0.6542553305625916,1.2308212518692017,
961,0.6632652878761292,1.2020622491836548,
962,0.6691176295280457,1.1865955591201782,
963,0.6757075190544128,1.1654807329177856,
964,0.6772727370262146,1.1554101705551147,
965,0.6831140518188477,1.1352698802947998,
966,0.6875,1.1294950246810913,
967,0.6926229596138,1.1115905046463013,
968,0.6964285969734192,1.0982900857925415,
969,0.7019230723381042,1.080856442451477,
970,0.7052238583564758,1.070104718208313,
971,0.7110507488250732,1.0546787977218628,
972,0.7139084339141846,1.0441933870315552,
973,0.7191780805587769,1.0309394598007202,
974,0.7208333611488342,1.0236042737960815,
975,0.7240259647369385,1.0124576091766357,
976,0.7278481125831604,1.0068974494934082,
977,0.7268518805503845,1.0103458166122437,
978,0.7296686768531799,1.0028411149978638,
979,0.7279411554336548,1.0032132863998413,
980,0.7306034564971924,1.0000379085540771,
981,0.733146071434021,0.992348849773407,
982,0.7369505763053894,0.9866372346878052,
983,0.7399193644523621,0.9781080484390259,
984,0.741447389125824,0.9713619947433472,
985,0.7442010045051575,0.9641502499580383,
986,0.7468434572219849,0.9619866013526917,
987,0.7444307208061218,0.9636495113372803,
988,0.7451456189155579,0.9638925194740295,
989,0.7464285492897034,0.9587531089782715,
990,0.7488317489624023,0.9583967924118042,
991,0.75,0.9548203945159912,
992,0.7516891956329346,0.9494075179100037,
993,0.7516592741012573,0.9465261101722717,
994,0.7548912763595581,0.9401325583457947,
995,0.757478654384613,0.9353635311126709,
996,0.7599790096282959,0.9294312596321106,
997,0.7608470916748047,0.9256552457809448,
998,0.7621951103210449,0.921267569065094,
999,0.7645000219345093,0.9149610996246338,
1000,0.5717592835426331,1.5556761026382446,
1001,0.5948275923728943,1.4898632764816284,
1002,0.6189516186714172,1.4301941394805908,
1003,0.626893937587738,1.3995498418807983,
1004,0.6303571462631226,1.3706552982330322,
1005,0.6368243098258972,1.34653639793396,
1006,0.6474359035491943,1.3080179691314697,
1007,0.6554877758026123,1.2799921035766602,
1008,0.6598837375640869,1.2619290351867676,
1009,0.668055534362793,1.2348188161849976,
1010,0.6755319237709045,1.2120516300201416,
1011,0.6862244606018066,1.18367338180542,
1012,0.6948529481887817,1.1560978889465332,
1013,0.698113203048706,1.1374181509017944,
1014,0.7034090757369995,1.1191813945770264,
1015,0.7094298005104065,1.10052490234375,
1016,0.7129237055778503,1.0907394886016846,
1017,0.7202869057655334,1.070480227470398,
1018,0.726190447807312,1.056746006011963,
1019,0.7269230484962463,1.051285743713379,
1020,0.7276119589805603,1.0417801141738892,
1021,0.73097825050354,1.0266108512878418,
1022,0.735035240650177,1.016542673110962,
1023,0.7371575236320496,1.0087820291519165,
1024,0.7408333420753479,0.9971327781677246,
1025,0.7443181872367859,0.9857631325721741,
1026,0.7460442781448364,0.9772167205810547,
1027,0.7453703880310059,0.9738571643829346,
1028,0.7462349534034729,0.972968578338623,
1029,0.7477940917015076,0.9687817692756653,
1030,0.7492815852165222,0.9646227359771729,
1031,0.7535112500190735,0.9555323719978333,
1032,0.7575549483299255,0.9465932250022888,
1033,0.7587365508079529,0.9406070709228516,
1034,0.7618421316146851,0.9360289573669434,
1035,0.7615979313850403,0.9328197240829468,
1036,0.7632575631141663,0.9281020760536194,
1037,0.7667078971862793,0.9201694130897522,
1038,0.7663834691047668,0.9177215695381165,
1039,0.7660714387893677,0.9195627570152283,
1040,0.7675233483314514,0.9131768345832825,
1041,0.7683486342430115,0.9109749794006348,
1042,0.7708333134651184,0.9050547480583191,
1043,0.7721238732337952,0.900118887424469,
1044,0.772282600402832,0.8942981958389282,
1045,0.7719017267227173,0.8912081718444824,
1046,0.7741596698760986,0.8844460844993591,
1047,0.7763429880142212,0.8788135051727295,
1048,0.7784552574157715,0.8750947713851929,
1049,0.7785000205039978,0.8732220530509949,
1050,0.5162037014961243,1.7721890211105347,
1051,0.5301724076271057,1.7071163654327393,
1052,0.5443548560142517,1.6569020748138428,
1053,0.5587121248245239,1.605116605758667,
1054,0.574999988079071,1.5460240840911865,
1055,0.5827702879905701,1.501213788986206,
1056,0.5897436141967773,1.4655420780181885,
1057,0.6021341681480408,1.4236812591552734,
1058,0.6119186282157898,1.3911938667297363,
1059,0.6263889074325562,1.353001594543457,
1060,0.6316489577293396,1.3370592594146729,
1061,0.6454081535339355,1.298424482345581,
1062,0.655637264251709,1.2662712335586548,
1063,0.6627358198165894,1.2391633987426758,
1064,0.6670454740524292,1.2164332866668701,
1065,0.6732456088066101,1.1981018781661987,
1066,0.679025411605835,1.1730146408081055,
1067,0.688524603843689,1.1510260105133057,
1068,0.6964285969734192,1.130468726158142,
1069,0.7028846144676208,1.1127010583877563,
1070,0.7061567306518555,1.1002122163772583,
1071,0.70923912525177,1.0877132415771484,
1072,0.7112675905227661,1.0767631530761719,
1073,0.7148972749710083,1.0645149946212769,
1074,0.7174999713897705,1.05457603931427,
1075,0.7150974273681641,1.0508619546890259,
1076,0.7183544039726257,1.0403183698654175,
1077,0.7199074029922485,1.0320905447006226,
1078,0.724397599697113,1.01645827293396,
1079,0.7279411554336548,1.0052889585494995,
1080,0.7298850417137146,0.9977170825004578,
1081,0.7338483333587646,0.986768901348114,
1082,0.7355769276618958,0.9834260940551758,
1083,0.7365591526031494,0.9784668684005737,
1084,0.7401315569877625,0.9671253561973572,
1085,0.7448453903198242,0.956545889377594,
1086,0.7468434572219849,0.9502910375595093,
1087,0.7506188154220581,0.9382131695747375,
1088,0.7530339956283569,0.9323090314865112,
1089,0.7541666626930237,0.9250152111053467,
1090,0.7581775784492493,0.9154364466667175,
1091,0.7591742873191833,0.9078163504600525,
1092,0.7618243098258972,0.9007055759429932,
1093,0.7649336457252502,0.89339280128479,
1094,0.7652173638343811,0.889329195022583,
1095,0.7686966061592102,0.8812435269355774,
1096,0.7710084319114685,0.8768548369407654,
1097,0.7716942429542542,0.8721092343330383,
1098,0.7718495726585388,0.8691172003746033,
1099,0.7730000019073486,0.864778995513916,
1100,0.6435185074806213,1.2316079139709473,
1101,0.6616379022598267,1.1898884773254395,
1102,0.6693548560142517,1.154951810836792,
1103,0.6780303120613098,1.1177400350570679,
1104,0.6892856955528259,1.0805928707122803,
1105,0.6993243098258972,1.049570083618164,
1106,0.7067307829856873,1.027312994003296,
1107,0.7164633870124817,0.9954910278320312,
1108,0.7223837375640869,0.9772424101829529,
1109,0.7222222089767456,0.9738695025444031,
1110,0.7260638475418091,0.957353949546814,
1111,0.730867326259613,0.945660412311554,
1112,0.7303921580314636,0.940553605556488,
1113,0.7346698045730591,0.9306426644325256,
1114,0.7363636493682861,0.9254657626152039,
1115,0.7401315569877625,0.9173151254653931,
1116,0.7447034120559692,0.9053575992584229,
1117,0.748975396156311,0.8943859338760376,
1118,0.7509920597076416,0.8870319128036499,
1119,0.7557692527770996,0.8766131401062012,
1120,0.7593283653259277,0.8662496209144592,
1121,0.7626811861991882,0.854868471622467,
1122,0.7667253613471985,0.8448583483695984,
1123,0.7696917653083801,0.8366972804069519,
1124,0.7733333110809326,0.8293212652206421,
1125,0.7719155550003052,0.8324061036109924,
1126,0.7753164768218994,0.8240319490432739,
1127,0.7770061492919922,0.8170122504234314,
1128,0.7808734774589539,0.8085643649101257,
1129,0.7808823585510254,0.8056347370147705,
1130,0.7801724076271057,0.803895890712738,
1131,0.783707857131958,0.7949576377868652,
1132,0.7850274443626404,0.7921282649040222,
1133,0.7849462628364563,0.7944163680076599,
1134,0.7875000238418579,0.788854718208313,
1135,0.7899484634399414,0.7823057770729065,
1136,0.7929292917251587,0.775082528591156,
1137,0.7933168411254883,0.7724544405937195,
1138,0.792475700378418,0.7720758318901062,
1139,0.7922618985176086,0.7677218914031982,
1140,0.7920560836791992,0.7686955332756042,
1141,0.79300457239151,0.7691670060157776,
1142,0.795045018196106,0.7652865052223206,
1143,0.7964601516723633,0.759464681148529,
1144,0.7983695864677429,0.755847156047821,
1145,0.8002136945724487,0.7507849931716919,
1146,0.8014705777168274,0.7480708956718445,
1147,0.8042355179786682,0.7428030967712402,
1148,0.8043699264526367,0.7413118481636047,
1149,0.8059999942779541,0.7362135052680969,
1150,0.5787037014961243,1.49471914768219,
1151,0.6012930870056152,1.43167245388031,
1152,0.6189516186714172,1.3864169120788574,
1153,0.6344696879386902,1.3347315788269043,
1154,0.6446428298950195,1.310507893562317,
1155,0.6452702879905701,1.2918446063995361,
1156,0.6522436141967773,1.2717491388320923,
1157,0.6615853905677795,1.2377655506134033,
1158,0.667151153087616,1.2196025848388672,
1159,0.6791666746139526,1.183400273323059,
1160,0.688829779624939,1.1486905813217163,
1161,0.6900510191917419,1.1315126419067383,
1162,0.6997548937797546,1.1023176908493042,
1163,0.7110849022865295,1.0745456218719482,
1164,0.7170454263687134,1.0555908679962158,
1165,0.7247806787490845,1.0384899377822876,
1166,0.7309321761131287,1.0266507863998413,
1167,0.7346311211585999,1.0170403718948364,
1168,0.7410714030265808,1.000248670578003,
1169,0.7480769157409668,0.9828549027442932,
1170,0.75,0.9751700758934021,
1171,0.7545289993286133,0.9633560180664062,
1172,0.7596830725669861,0.9505619406700134,
1173,0.7628424763679504,0.9372276663780212,
1174,0.76583331823349,0.9270256757736206,
1175,0.7702922224998474,0.919028639793396,
1176,0.7737341523170471,0.9068034887313843,
1177,0.7762345671653748,0.8995543122291565,
1178,0.7793674468994141,0.8893257975578308,
1179,0.7823529243469238,0.8786463141441345,
1180,0.7837643623352051,0.8719927668571472,
1181,0.783707857131958,0.8726933598518372,
1182,0.7850274443626404,0.8659387826919556,
1183,0.7889785170555115,0.8547302484512329,
1184,0.7888157963752747,0.8500812649726868,
1185,0.7905927896499634,0.8431638479232788,
1186,0.7929292917251587,0.8360201120376587,
1187,0.7951732873916626,0.8281541466712952,
1188,0.7961165308952332,0.8246740102767944,
1189,0.7976190447807312,0.8184241652488708,
1190,0.7990654110908508,0.8152618408203125,
1191,0.8004587292671204,0.8102844953536987,
1192,0.8001126050949097,0.8117892742156982,
1193,0.8003318309783936,0.8092814087867737,
1194,0.801086962223053,0.8033552169799805,
1195,0.8034188151359558,0.7963607907295227,
1196,0.8040966391563416,0.792682409286499,
1197,0.8063016533851624,0.7861210703849792,
1198,0.8079268336296082,0.7811502814292908,
1199,0.8100000023841858,0.7760235667228699,
1200,0.6087962985038757,1.3297879695892334,
1201,0.6206896305084229,1.288690447807312,
1202,0.6391128897666931,1.242294430732727,
1203,0.6534090638160706,1.1872947216033936,
1204,0.6660714149475098,1.1417522430419922,
1205,0.6773648858070374,1.1072925329208374,
1206,0.6875,1.0783175230026245,
1207,0.6981707215309143,1.0474536418914795,
1208,0.7107558250427246,1.0132324695587158,
1209,0.7152777910232544,0.9968255758285522,
1210,0.7247340679168701,0.9686098098754883,
1211,0.733418345451355,0.9419037103652954,
1212,0.7414215803146362,0.9224442839622498,
1213,0.7476415038108826,0.9082793593406677,
1214,0.75,0.9038605690002441,
1215,0.75,0.9005637764930725,
1216,0.7563559412956238,0.8843829035758972,
1217,0.7622950673103333,0.8677339553833008,
1218,0.7678571343421936,0.8599221110343933,
1219,0.7730769515037537,0.845687985420227,
1220,0.7770522236824036,0.8320832848548889,
1221,0.7780796885490417,0.8226169347763062,
1222,0.7808098793029785,0.8095983266830444,
1223,0.7851027250289917,0.7970057725906372,
1224,0.7875000238418579,0.7881049513816833,
1225,0.7905844449996948,0.778457760810852,
1226,0.7935126423835754,0.7701551914215088,
1227,0.7947530746459961,0.7677268385887146,
1228,0.7936747074127197,0.7687119841575623,
1229,0.791911780834198,0.7682136297225952,
1230,0.7916666865348816,0.7663620710372925,
1231,0.7921348214149475,0.7650653123855591,
1232,0.7932692170143127,0.7618428468704224,
1233,0.7950268983840942,0.7585148811340332,
1234,0.7973684072494507,0.7519665360450745,
1235,0.7983247637748718,0.7499253749847412,
1236,0.8005050420761108,0.7440524697303772,
1237,0.8001237511634827,0.7395845055580139,
1238,0.7991504669189453,0.7366588711738586,
1239,0.7994047403335571,0.7360357642173767,
1240,0.8019859790802002,0.7303103804588318,
1241,0.8027523159980774,0.7257081270217896,
1242,0.8029279112815857,0.7245739698410034,
1243,0.8047566413879395,0.717383623123169,
1244,0.8070651888847351,0.7102434039115906,
1245,0.8092948794364929,0.7065268158912659,
1246,0.8098739385604858,0.7047775387763977,
1247,0.8104338645935059,0.7038455009460449,
1248,0.8109756112098694,0.7027322053909302,
1249,0.8119999766349792,0.7000260949134827,
1250,0.5694444179534912,1.5480997562408447,
1251,0.5905172228813171,1.4774564504623413,
1252,0.6048387289047241,1.4206899404525757,
1253,0.6212121248245239,1.3690725564956665,
1254,0.637499988079071,1.3146933317184448,
1255,0.6486486196517944,1.278145432472229,
1256,0.6586538553237915,1.2342711687088013,
1257,0.6692073345184326,1.1980421543121338,
1258,0.6787790656089783,1.1694644689559937,
1259,0.6888889074325562,1.1383295059204102,
1260,0.6994680762290955,1.1082313060760498,
1261,0.704081654548645,1.0882081985473633,
1262,0.7107843160629272,1.0620638132095337,
1263,0.7158018946647644,1.0399214029312134,
1264,0.7215909361839294,1.0181949138641357,
1265,0.7247806787490845,1.0038716793060303,
1266,0.7298728823661804,0.9840986728668213,
1267,0.7325819730758667,0.9681810140609741,
1268,0.7341269850730896,0.9558860659599304,
1269,0.7384615540504456,0.9402874112129211,
1270,0.7444030046463013,0.9258942008018494,
1271,0.7481883764266968,0.9171040654182434,
1272,0.7535211443901062,0.9037359356880188,
1273,0.7594178318977356,0.8887661695480347,
1274,0.762499988079071,0.879784345626831,
1275,0.7646104097366333,0.8726233839988708,
1276,0.7658227682113647,0.8647037744522095,
1277,0.7685185074806213,0.8576369881629944,
1278,0.7725903391838074,0.846869707107544,
1279,0.7727941274642944,0.8416160345077515,
1280,0.7744252681732178,0.8361532092094421,
1281,0.7752808928489685,0.8306108117103577,
1282,0.776098906993866,0.8281319737434387,
1283,0.7782257795333862,0.8220620155334473,
1284,0.7802631855010986,0.819181501865387,
1285,0.781572163105011,0.8167803287506104,
1286,0.7840909361839294,0.808172345161438,
1287,0.7846534848213196,0.8084593415260315,
1288,0.7870145440101624,0.8014888763427734,
1289,0.788690447807312,0.7944442629814148,
1290,0.7891355156898499,0.7918901443481445,
1291,0.7912843823432922,0.7826159596443176,
1292,0.7922297120094299,0.779409646987915,
1293,0.7920354008674622,0.7750842571258545,
1294,0.792934775352478,0.7703741788864136,
1295,0.7938033938407898,0.7677783966064453,
1296,0.7956932783126831,0.7628649473190308,
1297,0.7970041036605835,0.7607612013816833,
1298,0.7982723712921143,0.7559599280357361,
1299,0.800000011920929,0.7523288130760193,
1300,0.6782407164573669,1.1507524251937866,
1301,0.6982758641242981,1.1028214693069458,
1302,0.7137096524238586,1.0594033002853394,
1303,0.7253788113594055,1.0182524919509888,
1304,0.7392857074737549,0.977599561214447,
1305,0.7483108043670654,0.9492917656898499,
1306,0.7580128312110901,0.9253355264663696,
1307,0.7652438879013062,0.8988231420516968,
1308,0.7674418687820435,0.8858880996704102,
1309,0.7749999761581421,0.8644072413444519,
1310,0.7832446694374084,0.8455437421798706,
1311,0.7908163070678711,0.8239189982414246,
1312,0.7977941036224365,0.8026162981987,
1313,0.8030660152435303,0.7872623801231384,
1314,0.8079545497894287,0.7736498713493347,
1315,0.8103070259094238,0.7672563791275024,
1316,0.8135592937469482,0.7602943181991577,
1317,0.8165983557701111,0.7495019435882568,
1318,0.8194444179534912,0.7417290210723877,
1319,0.8182692527770996,0.7393243908882141,
1320,0.8190298676490784,0.7324263453483582,
1321,0.8188405632972717,0.7270883917808533,
1322,0.8221830725669861,0.7159164547920227,
1323,0.8227739930152893,0.7107918858528137,
1324,0.8258333206176758,0.7039199471473694,
1325,0.8279221057891846,0.6959173679351807,
1326,0.827531635761261,0.6905229091644287,
1327,0.8279321193695068,0.6911101341247559,
1328,0.8313252925872803,0.6845782399177551,
1329,0.833088219165802,0.6783669590950012,
1330,0.8333333134651184,0.6753501296043396,
1331,0.834269642829895,0.6700167059898376,
1332,0.8372252583503723,0.6627452969551086,
1333,0.8387096524238586,0.6569476127624512,
1334,0.8394736647605896,0.6536770462989807,
1335,0.8421391844749451,0.6478395462036133,
1336,0.8428030014038086,0.6466676592826843,
1337,0.844059407711029,0.6431249380111694,
1338,0.8458737730979919,0.6386456489562988,
1339,0.8458333611488342,0.636132001876831,
1340,0.8457943797111511,0.6320645213127136,
1341,0.8469036817550659,0.6279264092445374,
1342,0.8485360145568848,0.6227992177009583,
1343,0.8484513163566589,0.6217563152313232,
1344,0.8489130139350891,0.6201050281524658,
1345,0.8488247990608215,0.6202304363250732,
1346,0.8508403301239014,0.617810070514679,
1347,0.8522727489471436,0.6155131459236145,
1348,0.8541666865348816,0.610237181186676,
1349,0.8544999957084656,0.6094221472740173,
1350,0.6620370149612427,1.2507046461105347,
1351,0.6788793206214905,1.1993162631988525,
1352,0.6935483813285828,1.1593786478042603,
1353,0.6931818127632141,1.1390998363494873,
1354,0.7035714387893677,1.1056596040725708,
1355,0.7111486196517944,1.0782287120819092,
1356,0.7211538553237915,1.0512651205062866,
1357,0.7317073345184326,1.0245774984359741,
1358,0.742732584476471,0.9954359531402588,
1359,0.7513889074325562,0.9655043482780457,
1360,0.7566489577293396,0.9432684779167175,
1361,0.7653061151504517,0.9243165850639343,
1362,0.7683823704719543,0.9080191254615784,
1363,0.775943398475647,0.8886591792106628,
1364,0.7806817889213562,0.8756815195083618,
1365,0.7839912176132202,0.8714403510093689,
1366,0.7881355881690979,0.8581942915916443,
1367,0.7899590134620667,0.8451586365699768,
1368,0.7936508059501648,0.8345074653625488,
1369,0.7990384697914124,0.8180671334266663,
1370,0.8013059496879578,0.806196391582489,
1371,0.804347813129425,0.7947444319725037,
1372,0.8063380122184753,0.7859504222869873,
1373,0.8090753555297852,0.7757899165153503,
1374,0.8133333325386047,0.7658048272132874,
1375,0.8173701167106628,0.7539451718330383,
1376,0.8212025165557861,0.7435050010681152,
1377,0.8233024477958679,0.7400698065757751,
1378,0.8253012299537659,0.7327815890312195,
1379,0.8279411792755127,0.7269976139068604,
1380,0.829023003578186,0.7192796468734741,
1381,0.8328651785850525,0.7101390361785889,
1382,0.833791196346283,0.7044243216514587,
1383,0.835349440574646,0.6975758671760559,
1384,0.8381578922271729,0.6912194490432739,
1385,0.8402062058448792,0.6841883659362793,
1386,0.8402777910232544,0.6818862557411194,
1387,0.8415841460227966,0.6776140928268433,
1388,0.842839777469635,0.6730872392654419,
1389,0.8452380895614624,0.6666616797447205,
1390,0.8469626307487488,0.6623243689537048,
1391,0.8469036817550659,0.6630967259407043,
1392,0.8474099040031433,0.6639463305473328,
1393,0.8484513163566589,0.6596313714981079,
1394,0.8500000238418579,0.6553126573562622,
1395,0.8493589758872986,0.6544094085693359,
1396,0.8503151535987854,0.6495621800422668,
1397,0.85175621509552,0.6460430026054382,
1398,0.8516260385513306,0.6434016823768616,
1399,0.8495000004768372,0.6469186544418335,
1400,0.6134259104728699,1.3372029066085815,
1401,0.6357758641242981,1.2726798057556152,
1402,0.6431451439857483,1.2327696084976196,
1403,0.6590909361839294,1.186151146888733,
1404,0.6696428656578064,1.1508625745773315,
1405,0.6824324131011963,1.1139652729034424,
1406,0.6971153616905212,1.0718244314193726,
1407,0.7088414430618286,1.0357253551483154,
1408,0.7194767594337463,1.0088471174240112,
1409,0.7291666865348816,0.9836406111717224,
1410,0.7380319237709045,0.9570220112800598,
1411,0.7448979616165161,0.9384579658508301,
1412,0.75,0.9198148846626282,
1413,0.7558962106704712,0.9062502384185791,
1414,0.7602272629737854,0.8928829431533813,
1415,0.7631579041481018,0.8791357278823853,
1416,0.7680084705352783,0.8607621788978577,
1417,0.7756147384643555,0.8430063724517822,
1418,0.778769850730896,0.8304945230484009,
1419,0.7836538553237915,0.8172271251678467,
1420,0.7863805890083313,0.8119977116584778,
1421,0.7898550629615784,0.797690212726593,
1422,0.7948943376541138,0.7837159633636475,
1423,0.8005136847496033,0.7704303860664368,
1424,0.8025000095367432,0.7628927826881409,
1425,0.8051947951316833,0.7564093470573425,
1426,0.8085442781448364,0.7477962374687195,
1427,0.8094135522842407,0.7427732944488525,
1428,0.8140060305595398,0.7307652831077576,
1429,0.8176470398902893,0.7223818898200989,
1430,0.8175287246704102,0.7197005152702332,
1431,0.819522500038147,0.7122635841369629,
1432,0.8228021860122681,0.7032151818275452,
1433,0.8232526779174805,0.6977900862693787,
1434,0.824999988079071,0.6935230493545532,
1435,0.8273195624351501,0.6848419904708862,
1436,0.8282828330993652,0.6807916760444641,
1437,0.8310643434524536,0.6736584901809692,
1438,0.832524299621582,0.6714327931404114,
1439,0.8339285850524902,0.6663578748703003,
1440,0.8335280418395996,0.6644352674484253,
1441,0.8337156176567078,0.6611363887786865,
1442,0.835022509098053,0.6595118641853333,
1443,0.8351770043373108,0.6567778587341309,
1444,0.835869550704956,0.6531912088394165,
1445,0.8360042572021484,0.6500318646430969,
1446,0.8366596698760986,0.6464003324508667,
1447,0.8388429880142212,0.6412011384963989,
1448,0.8409552574157715,0.6360639929771423,
1449,0.8420000076293945,0.6354185342788696,
1450,0.5810185074806213,1.5160375833511353,
1451,0.5991379022598267,1.4454468488693237,
1452,0.6108871102333069,1.3809922933578491,
1453,0.6287878751754761,1.3270466327667236,
1454,0.6499999761581421,1.2653543949127197,
1455,0.662162184715271,1.2193758487701416,
1456,0.6714743375778198,1.1872056722640991,
1457,0.6798780560493469,1.1565555334091187,
1458,0.6875,1.129798173904419,
1459,0.6986111402511597,1.096673607826233,
1460,0.7047872543334961,1.0717617273330688,
1461,0.7142857313156128,1.0444875955581665,
1462,0.7218137383460999,1.0167145729064941,
1463,0.7287735939025879,0.9938149452209473,
1464,0.7363636493682861,0.9685630202293396,
1465,0.7412280440330505,0.953710675239563,
1466,0.7468220591545105,0.9360166192054749,
1467,0.7469262480735779,0.9245657324790955,
1468,0.7519841194152832,0.9072014689445496,
1469,0.7509615421295166,0.9018375277519226,
1470,0.7565298676490784,0.890696108341217,
1471,0.7626811861991882,0.874889612197876,
1472,0.7684859037399292,0.8604008555412292,
1473,0.7705479264259338,0.8508970737457275,
1474,0.7749999761581421,0.8387929201126099,
1475,0.7775974273681641,0.8273654580116272,
1476,0.7816455960273743,0.8145208954811096,
1477,0.7839506268501282,0.8033148646354675,
1478,0.7853915691375732,0.800247073173523,
1479,0.7882353067398071,0.7917085289955139,
1480,0.7887930870056152,0.7841564416885376,
1481,0.7921348214149475,0.7740427851676941,
1482,0.7932692170143127,0.7682463526725769,
1483,0.7950268983840942,0.7621693015098572,
1484,0.7986842393875122,0.7512348890304565,
1485,0.8021907210350037,0.7424560785293579,
1486,0.8042929172515869,0.7377640008926392,
1487,0.8069307208061218,0.729885458946228,
1488,0.8100728392601013,0.7228951454162598,
1489,0.8113095164299011,0.7198472023010254,
1490,0.8130841255187988,0.7157406806945801,
1491,0.8165137767791748,0.7054997086524963,
1492,0.8192567825317383,0.6983353495597839,
1493,0.8207964897155762,0.693128764629364,
1494,0.823369562625885,0.6894934773445129,
1495,0.8247863054275513,0.6849761605262756,
1496,0.8266806602478027,0.680971622467041,
1497,0.8279958963394165,0.6768074631690979,
1498,0.8292682766914368,0.671639621257782,
1499,0.8309999704360962,0.6667923927307129,
1500,0.6180555820465088,1.3496330976486206,
1501,0.6336206793785095,1.2877362966537476,
1502,0.6572580933570862,1.226617693901062,
1503,0.6704545617103577,1.1805198192596436,
1504,0.6857143044471741,1.1389756202697754,
1505,0.6976351141929626,1.10296630859375,
1506,0.7115384340286255,1.0677118301391602,
1507,0.7195122241973877,1.0379705429077148,
1508,0.7267441749572754,1.0130853652954102,
1509,0.7361111044883728,0.9852162599563599,
1510,0.7420212626457214,0.9646552801132202,
1511,0.7512755393981934,0.9377814531326294,
1512,0.7598039507865906,0.9146893620491028,
1513,0.7641509175300598,0.898845374584198,
1514,0.7715908885002136,0.8806358575820923,
1515,0.7741228342056274,0.8658329248428345,
1516,0.7786017060279846,0.8510724306106567,
1517,0.7838114500045776,0.8346400856971741,
1518,0.788690447807312,0.8191849589347839,
1519,0.7913461327552795,0.8064091205596924,
1520,0.7947761416435242,0.7970555424690247,
1521,0.7971014380455017,0.7852451205253601,
1522,0.79841548204422,0.7788344621658325,
1523,0.8022260069847107,0.7663238644599915,
1524,0.8041666746139526,0.7621392011642456,
1525,0.8076298832893372,0.7526810765266418,
1526,0.8085442781448364,0.746322751045227,
1527,0.8125,0.7372475266456604,
1528,0.8147590160369873,0.7291437387466431,
1529,0.8176470398902893,0.7207874655723572,
1530,0.8204023241996765,0.7121344804763794,
1531,0.8230336904525757,0.7047728896141052,
1532,0.8255494236946106,0.6973938941955566,
1533,0.8272849321365356,0.6895608305931091,
1534,0.8302631378173828,0.6808466911315918,
1535,0.8331185579299927,0.6725820899009705,
1536,0.8352272510528564,0.6671711802482605,
1537,0.8372524976730347,0.6605448126792908,
1538,0.8398058414459229,0.6549416184425354,
1539,0.8410714268684387,0.6506955623626709,
1540,0.8434579372406006,0.6417631506919861,
1541,0.8457568883895874,0.6350952982902527,
1542,0.8485360145568848,0.6292145252227783,
1543,0.8501105904579163,0.6253592371940613,
1544,0.851630449295044,0.620631992816925,
1545,0.8530982732772827,0.6156685948371887,
1546,0.855567216873169,0.6104151606559753,
1547,0.8574380278587341,0.6054728627204895,
1548,0.8587398529052734,0.6010969877243042,
1549,0.8604999780654907,0.5966739654541016,
1550,0.7361111044883728,1.0051525831222534,
1551,0.7478448152542114,0.9586035013198853,
1552,0.7600806355476379,0.9187059998512268,
1553,0.7689393758773804,0.8836274743080139,
1554,0.7785714268684387,0.8587959408760071,
1555,0.7854729890823364,0.8332806825637817,
1556,0.7948718070983887,0.8058921098709106,
1557,0.7987805008888245,0.7976095676422119,
1558,0.8037790656089783,0.777091383934021,
1559,0.8111110925674438,0.7542531490325928,
1560,0.8151595592498779,0.7426847815513611,
1561,0.8163265585899353,0.7324191331863403,
1562,0.8174019455909729,0.7241826057434082,
1563,0.823113203048706,0.7079548835754395,
1564,0.8295454382896423,0.6927791237831116,
1565,0.8333333134651184,0.678225576877594,
1566,0.8336864113807678,0.6724672317504883,
1567,0.8350409865379333,0.6617335677146912,
1568,0.8373016119003296,0.655485987663269,
1569,0.8403846025466919,0.6473693251609802,
1570,0.8423507213592529,0.63831627368927,
1571,0.8432971239089966,0.6322779059410095,
1572,0.845950722694397,0.6281815767288208,
1573,0.8484588861465454,0.621627688407898,
1574,0.8508333563804626,0.6146344542503357,
1575,0.850649356842041,0.6114595532417297,
1576,0.8528481125831604,0.6055123805999756,
1577,0.8557098507881165,0.6012137532234192,
1578,0.858433723449707,0.592385470867157,
1579,0.8617647290229797,0.5847563743591309,
1580,0.8649425506591797,0.578445553779602,
1581,0.8658707737922668,0.5747189521789551,
1582,0.8681318759918213,0.5706358551979065,
1583,0.8682795763015747,0.5685030817985535,
1584,0.8690789341926575,0.5654266476631165,
1585,0.8711340427398682,0.560296356678009,
1586,0.8712121248245239,0.5566348433494568,
1587,0.8725247383117676,0.5516586899757385,
1588,0.8737863898277283,0.5464826822280884,
1589,0.8761904835700989,0.5408684611320496,
1590,0.8779205679893494,0.5343480110168457,
1591,0.8784403800964355,0.531897783279419,
1592,0.8800675868988037,0.52872633934021,
1593,0.8810840845108032,0.5266431570053101,
1594,0.883152186870575,0.5207176804542542,
1595,0.8835470080375671,0.5196791291236877,
1596,0.8844537734985352,0.5165802240371704,
1597,0.8848140239715576,0.5144569873809814,
1598,0.8851625919342041,0.5138301253318787,
1599,0.8855000138282776,0.5131319165229797,
1600,0.6273148059844971,1.3305182456970215,
1601,0.6465517282485962,1.266229510307312,
1602,0.6653226017951965,1.2027490139007568,
1603,0.6837121248245239,1.1473205089569092,
1604,0.699999988079071,1.0945594310760498,
1605,0.712837815284729,1.0515187978744507,
1606,0.7243589758872986,1.0084930658340454,
1607,0.730182945728302,0.9901179671287537,
1608,0.7383720874786377,0.9634915590286255,
1609,0.7472222447395325,0.9355461001396179,
1610,0.751329779624939,0.92088782787323,
1611,0.7589285969734192,0.8954465985298157,
1612,0.7659313678741455,0.8795533776283264,
1613,0.7724056839942932,0.8580741882324219,
1614,0.7772727012634277,0.8459100723266602,
1615,0.7828947305679321,0.8328583836555481,
1616,0.7902542352676392,0.8149081468582153,
1617,0.7920082211494446,0.8052076101303101,
1618,0.7926587462425232,0.7963252067565918,
1619,0.7971153855323792,0.7822927832603455,
1620,0.8003731369972229,0.7709733247756958,
1621,0.8052536249160767,0.7569358348846436,
1622,0.8080986142158508,0.7448421120643616,
1623,0.8125,0.7333004474639893,
1624,0.815833330154419,0.7244762778282166,
1625,0.8173701167106628,0.7173017263412476,
1626,0.8196202516555786,0.7094171047210693,
1627,0.8194444179534912,0.7047030329704285,
1628,0.8222891688346863,0.6997900605201721,
1629,0.8235294222831726,0.6914976239204407,
1630,0.8261494040489197,0.6813721656799316,
1631,0.8258426785469055,0.6815459132194519,
1632,0.8289835453033447,0.6741310954093933,
1633,0.8326612710952759,0.6649842262268066,
1634,0.8335526585578918,0.6623348593711853,
1635,0.8344072103500366,0.6584969162940979,
1636,0.8358585834503174,0.6548943519592285,
1637,0.8372524976730347,0.6513528823852539,
1638,0.8379854559898376,0.6488887667655945,
1639,0.8404762148857117,0.641651451587677,
1640,0.8428738117218018,0.6346566677093506,
1641,0.8440366983413696,0.6304751634597778,
1642,0.8451576828956604,0.6244261860847473,
1643,0.8473451137542725,0.6179843544960022,
1644,0.8483695387840271,0.6149364113807678,
1645,0.8504273295402527,0.6099057197570801,
1646,0.8508403301239014,0.6076517701148987,
1647,0.8522727489471436,0.6042273640632629,
1648,0.8536585569381714,0.6006949543952942,
1649,0.8535000085830688,0.5961235165596008,
1650,0.6921296119689941,1.111230731010437,
1651,0.7112069129943848,1.0564779043197632,
1652,0.7237903475761414,1.0109851360321045,
1653,0.7310606241226196,0.9772531986236572,
1654,0.7464285492897034,0.9327052235603333,
1655,0.7516891956329346,0.9215021729469299,
1656,0.7612179517745972,0.8968040347099304,
1657,0.7713414430618286,0.8727397322654724,
1658,0.7776162624359131,0.8479700088500977,
1659,0.7861111164093018,0.8253892660140991,
1660,0.7938829660415649,0.7999027371406555,
1661,0.8022959232330322,0.7806302905082703,
1662,0.8075980544090271,0.760154664516449,
1663,0.8136792182922363,0.740596354007721,
1664,0.8159090876579285,0.7325154542922974,
1665,0.8201754093170166,0.7170991897583008,
1666,0.820974588394165,0.7070841193199158,
1667,0.8247950673103333,0.6944093108177185,
1668,0.829365074634552,0.6806581616401672,
1669,0.8336538672447205,0.6678619384765625,
1670,0.8367537260055542,0.6607704758644104,
1671,0.8414855003356934,0.648392379283905,
1672,0.841549277305603,0.6448138356208801,
1673,0.8450342416763306,0.6350981593132019,
1674,0.8475000262260437,0.6266993284225464,
1675,0.850649356842041,0.616278886795044,
1676,0.8520569801330566,0.6124589443206787,
1677,0.8557098507881165,0.6027102470397949,
1678,0.8569276928901672,0.5943233966827393,
1679,0.8588235378265381,0.5879868268966675,
1680,0.8599137663841248,0.5870687365531921,
1681,0.8616573214530945,0.5792023539543152,
1682,0.8612637519836426,0.580016016960144,
1683,0.8629032373428345,0.5730959177017212,
1684,0.8638157844543457,0.5695089101791382,
1685,0.8653350472450256,0.5636385679244995,
1686,0.8661616444587708,0.5623316764831543,
1687,0.8675742745399475,0.5581936836242676,
1688,0.8683252334594727,0.5550021529197693,
1689,0.8684523701667786,0.5517730116844177,
1690,0.8697429895401001,0.5467715859413147,
1691,0.8709862232208252,0.5408973097801208,
1692,0.8716216087341309,0.5388559699058533,
1693,0.872787594795227,0.5343489050865173,
1694,0.875,0.5285351872444153,
1695,0.877136766910553,0.524703323841095,
1696,0.8786764740943909,0.5216525793075562,
1697,0.87861567735672,0.5201744437217712,
1698,0.8795731663703918,0.5174609422683716,
1699,0.8809999823570251,0.5151658058166504,
1700,0.7083333134651184,1.0829168558120728,
1701,0.7176724076271057,1.0351260900497437,
1702,0.7318548560142517,0.9892975091934204,
1703,0.7443181872367859,0.9485406875610352,
1704,0.7517856955528259,0.9181966781616211,
1705,0.7584459185600281,0.8931761980056763,
1706,0.7676281929016113,0.8693838119506836,
1707,0.7743902206420898,0.8415295481681824,
1708,0.7834302186965942,0.8161059617996216,
1709,0.7875000238418579,0.7988142371177673,
1710,0.7938829660415649,0.7771300673484802,
1711,0.8010203838348389,0.7570025324821472,
1712,0.8039215803146362,0.7497562170028687,
1713,0.8089622855186462,0.7314526438713074,
1714,0.8125,0.7175701260566711,
1715,0.8179824352264404,0.7051070928573608,
1716,0.8230932354927063,0.6937370896339417,
1717,0.8247950673103333,0.6857331991195679,
1718,0.8283730149269104,0.6734002828598022,
1719,0.8317307829856873,0.6653628945350647,
1720,0.8358209133148193,0.6541060209274292,
1721,0.8396739363670349,0.6446624398231506,
1722,0.8433098793029785,0.6327097415924072,
1723,0.846746563911438,0.6245969533920288,
1724,0.846666693687439,0.6215346455574036,
1725,0.8474025726318359,0.617605984210968,
1726,0.8488923907279968,0.6159604787826538,
1727,0.8518518805503845,0.6094790697097778,
1728,0.8554216623306274,0.599665105342865,
1729,0.854411780834198,0.599700391292572,
1730,0.8570402264595032,0.5926477909088135,
1731,0.858146071434021,0.5868132710456848,
1732,0.8605769276618958,0.5795378088951111,
1733,0.8615591526031494,0.57552570104599,
1734,0.8638157844543457,0.5702332854270935,
1735,0.8666236996650696,0.5639604926109314,
1736,0.8674242496490479,0.5603771209716797,
1737,0.8681930899620056,0.5566595196723938,
1738,0.8695388436317444,0.5527935028076172,
1739,0.8708333373069763,0.547431468963623,
1740,0.8714953064918518,0.5457615852355957,
1741,0.8732798099517822,0.5409913659095764,
1742,0.8755630850791931,0.5354538559913635,
1743,0.877212405204773,0.53389972448349,
1744,0.8782608509063721,0.5281686186790466,
1745,0.879807710647583,0.5264506340026855,
1746,0.8797268867492676,0.5245514512062073,
1747,0.8817148804664612,0.5202924013137817,
1748,0.8816056847572327,0.5178138017654419,
1749,0.8834999799728394,0.5136256814002991,
1750,0.6875,1.1318833827972412,
1751,0.7068965435028076,1.0759217739105225,
1752,0.7237903475761414,1.0221781730651855,
1753,0.7329545617103577,0.991731584072113,
1754,0.7410714030265808,0.9591127634048462,
1755,0.7533783912658691,0.9187928438186646,
1756,0.7628205418586731,0.8960142135620117,
1757,0.7713414430618286,0.8675286173820496,
1758,0.7805232405662537,0.8417322039604187,
1759,0.7875000238418579,0.8268069624900818,
1760,0.7952127456665039,0.8021146059036255,
1761,0.8035714030265808,0.7788668274879456,
1762,0.811274528503418,0.7566422820091248,
1763,0.8183962106704712,0.7379027605056763,
1764,0.8238636255264282,0.7178642749786377,
1765,0.827850878238678,0.7070401906967163,
1766,0.8294491767883301,0.698095440864563,
1767,0.8340163826942444,0.6864561438560486,
1768,0.8382936716079712,0.6757441759109497,
1769,0.8403846025466919,0.6648560762405396,
1770,0.8432835936546326,0.6547873616218567,
1771,0.8460144996643066,0.6428276896476746,
1772,0.8485915660858154,0.6321773529052734,
1773,0.8510273694992065,0.6232542395591736,
1774,0.8541666865348816,0.6142569184303284,
1775,0.8563311696052551,0.605524480342865,
1776,0.8568037748336792,0.603924572467804,
1777,0.8595678806304932,0.5965918302536011,
1778,0.8606927990913391,0.5906530022621155,
1779,0.8632352948188782,0.5820473432540894,
1780,0.8656609058380127,0.5740253925323486,
1781,0.8665730357170105,0.5673705339431763,
1782,0.8688187003135681,0.5613495707511902,
1783,0.8702957034111023,0.5532479882240295,
1784,0.8723683953285217,0.5500925183296204,
1785,0.873711347579956,0.5445449948310852,
1786,0.8756313323974609,0.5382630825042725,
1787,0.8768564462661743,0.5358932018280029,
1788,0.8786407709121704,0.5314245223999023,
1789,0.8803571462631226,0.5272254943847656,
1790,0.8825934529304504,0.5215185880661011,
1791,0.8830274939537048,0.51826411485672,
1792,0.8845720887184143,0.5158871412277222,
1793,0.8849557638168335,0.5128727555274963,
1794,0.885869562625885,0.5085221529006958,
1795,0.8851495981216431,0.5066431760787964,
1796,0.8865545988082886,0.5038072466850281,
1797,0.8879132270812988,0.4993900954723358,
1798,0.8887194991111755,0.49855855107307434,
1799,0.887499988079071,0.5013085007667542,
1800,0.6689814925193787,1.2008627653121948,
1801,0.6875,1.1388275623321533,
1802,0.7016128897666931,1.0929083824157715,
1803,0.7196969985961914,1.0371503829956055,
1804,0.7267857193946838,1.0137304067611694,
1805,0.7314189076423645,0.9832191467285156,
1806,0.7435897588729858,0.9493275880813599,
1807,0.7530487775802612,0.9181267619132996,
1808,0.7645348906517029,0.8845789432525635,
1809,0.7708333134651184,0.8618366718292236,
1810,0.7752659320831299,0.8422114849090576,
1811,0.7831632494926453,0.8199183940887451,
1812,0.7904411554336548,0.7976965308189392,
1813,0.7971698045730591,0.7744377851486206,
1814,0.8034090995788574,0.7564274668693542,
1815,0.8092105388641357,0.7389068007469177,
1816,0.8156779408454895,0.7209650278091431,
1817,0.818647563457489,0.7108896970748901,
1818,0.8224206566810608,0.6988049149513245,
1819,0.8269230723381042,0.6881024241447449,
1820,0.8302238583564758,0.6760339736938477,
1821,0.8333333134651184,0.66587895154953,
1822,0.8371478915214539,0.654938817024231,
1823,0.8398972749710083,0.6477854251861572,
1824,0.8416666388511658,0.6400180459022522,
1825,0.8441558480262756,0.6351723670959473,
1826,0.8465189933776855,0.6263189315795898,
1827,0.8503086566925049,0.6169041395187378,
1828,0.8531626462936401,0.6079421639442444,
1829,0.8566176295280457,0.5979266166687012,
1830,0.8599137663841248,0.5883428454399109,
1831,0.8623595237731934,0.5803782343864441,
1832,0.8640109896659851,0.5741493105888367,
1833,0.8649193644523621,0.5682146549224854,
1834,0.8651315569877625,0.5636668801307678,
1835,0.8672680258750916,0.5570332407951355,
1836,0.8693181872367859,0.5510792136192322,
1837,0.8688119053840637,0.5505445599555969,
1838,0.8701456189155579,0.5445991158485413,
1839,0.8714285492897034,0.5416186451911926,
1840,0.8732476830482483,0.5354066491127014,
1841,0.875,0.5309821367263794,
1842,0.8766891956329346,0.5263604521751404,
1843,0.8777654767036438,0.5221835374832153,
1844,0.8798912763595581,0.5162928104400635,
1845,0.879807710647583,0.5138927698135376,
1846,0.881827712059021,0.5088945031166077,
1847,0.8827479481697083,0.5044234395027161,
1848,0.8831300735473633,0.5028443932533264,
1849,0.8840000033378601,0.4994857907295227,
1850,0.7175925970077515,1.1028320789337158,
1851,0.7349137663841248,1.0429141521453857,
1852,0.75,0.9928754568099976,
1853,0.7651515007019043,0.9445229768753052,
1854,0.7749999761581421,0.9072871804237366,
1855,0.7837837934494019,0.8733827471733093,
1856,0.7916666865348816,0.8369183540344238,
1857,0.7957317233085632,0.8238590359687805,
1858,0.805232584476471,0.792533814907074,
1859,0.8111110925674438,0.7686337828636169,
1860,0.8151595592498779,0.7482715249061584,
1861,0.8214285969734192,0.7265123724937439,
1862,0.8247548937797546,0.7138698697090149,
1863,0.8301886916160583,0.6970819234848022,
1864,0.8352272510528564,0.6836714744567871,
1865,0.8410087823867798,0.6679117679595947,
1866,0.8421609997749329,0.662266194820404,
1867,0.8463114500045776,0.6477604508399963,
1868,0.8482142686843872,0.6431119441986084,
1869,0.8509615659713745,0.6345052719116211,
1870,0.8554104566574097,0.6204732060432434,
1871,0.8586956262588501,0.6096070408821106,
1872,0.86091548204422,0.6001676917076111,
1873,0.8613013625144958,0.5927583575248718,
1874,0.8641666769981384,0.5823095440864563,
1875,0.8668830990791321,0.5720610022544861,
1876,0.8702531456947327,0.5635238885879517,
1877,0.8719135522842407,0.5556224584579468,
1878,0.8742470145225525,0.5480288863182068,
1879,0.8764705657958984,0.5403825044631958,
1880,0.8793103694915771,0.5320786833763123,
1881,0.8813202381134033,0.5252603888511658,
1882,0.8825549483299255,0.5193294286727905,
1883,0.8844085931777954,0.5141177177429199,
1884,0.8868421316146851,0.5079126954078674,
1885,0.8872422575950623,0.5033674240112305,
1886,0.8882575631141663,0.4991110563278198,
1887,0.8892326951026917,0.4970780909061432,
1888,0.8913834691047668,0.4910832643508911,
1889,0.8922619223594666,0.48752084374427795,
1890,0.8925233483314514,0.4872516095638275,
1891,0.892201840877533,0.48617973923683167,
1892,0.8930180072784424,0.4842066764831543,
1893,0.8943583965301514,0.4792841672897339,
1894,0.895652174949646,0.47661086916923523,
1895,0.8958333134651184,0.47357064485549927,
1896,0.8970588445663452,0.47031697630882263,
1897,0.89824378490448,0.46565642952919006,
1898,0.8983739614486694,0.46466463804244995,
1899,0.8989999890327454,0.46292996406555176,
1900,0.6504629850387573,1.2102313041687012,
1901,0.6745689511299133,1.1366028785705566,
1902,0.6935483813285828,1.0777891874313354,
1903,0.7102272510528564,1.0316420793533325,
1904,0.7250000238418579,0.9827417731285095,
1905,0.7381756901741028,0.9404863119125366,
1906,0.7483974099159241,0.9094392657279968,
1907,0.7606707215309143,0.8774616122245789,
1908,0.7688953280448914,0.852017879486084,
1909,0.7722222208976746,0.8331929445266724,
1910,0.7805851101875305,0.8067431449890137,
1911,0.7882652878761292,0.7847951650619507,
1912,0.7965686321258545,0.7579550743103027,
1913,0.8042452931404114,0.7366801500320435,
1914,0.8090909123420715,0.7183260321617126,
1915,0.8146929740905762,0.6993666291236877,
1916,0.819915235042572,0.6836840510368347,
1917,0.8258196711540222,0.6677498817443848,
1918,0.8303571343421936,0.6509025692939758,
1919,0.8346154093742371,0.6380115747451782,
1920,0.8386194109916687,0.6245362758636475,
1921,0.8414855003356934,0.6178979277610779,
1922,0.845950722694397,0.6074308753013611,
1923,0.8484588861465454,0.5976272225379944,
1924,0.8500000238418579,0.5877812504768372,
1925,0.8522727489471436,0.5792913436889648,
1926,0.8552215099334717,0.5700594186782837,
1927,0.8572530746459961,0.563575029373169,
1928,0.858433723449707,0.5576900839805603,
1929,0.8610293865203857,0.5502530932426453,
1930,0.8627873659133911,0.5434888005256653,
1931,0.8644663095474243,0.5383179187774658,
1932,0.8653846383094788,0.5338689684867859,
1933,0.8682795763015747,0.5257232785224915,
1934,0.870394766330719,0.5189054608345032,
1935,0.8717783689498901,0.5141915678977966,
1936,0.8743686676025391,0.5064848065376282,
1937,0.8762376308441162,0.5011088848114014,
1938,0.8762136101722717,0.5013552308082581,
1939,0.8773809671401978,0.49643585085868835,
1940,0.8785046935081482,0.4908364415168762,
1941,0.8807339668273926,0.48454248905181885,
1942,0.8823198080062866,0.4803062677383423,
1943,0.8832964897155762,0.47758686542510986,
1944,0.885326087474823,0.47287169098854065,
1945,0.8867521286010742,0.46886560320854187,
1946,0.8876050710678101,0.46538016200065613,
1947,0.8894628286361694,0.4609886705875397,
1948,0.8912601470947266,0.45770230889320374,
1949,0.8920000195503235,0.4549117684364319,
1950,0.7476851940155029,0.9652054309844971,
1951,0.7607758641242981,0.9255189299583435,
1952,0.7721773982048035,0.8853259086608887,
1953,0.7821969985961914,0.8492321968078613,
1954,0.7928571701049805,0.812566339969635,
1955,0.8040540814399719,0.776088297367096,
1956,0.8125,0.7484322786331177,
1957,0.8170731663703918,0.7269966006278992,
1958,0.8226743936538696,0.7046716809272766,
1959,0.8291666507720947,0.6838864684104919,
1960,0.833776593208313,0.6718457341194153,
1961,0.8367347121238708,0.6655387282371521,
1962,0.843137264251709,0.6462075710296631,
1963,0.849056601524353,0.6273127198219299,
1964,0.8545454740524292,0.6105353832244873,
1965,0.8585526347160339,0.5977249145507812,
1966,0.8612288236618042,0.5889495611190796,
1967,0.8647540807723999,0.5774258375167847,
1968,0.8690476417541504,0.5638168454170227,
1969,0.8730769157409668,0.5521256923675537,
1970,0.8759328126907349,0.5419384837150574,
1971,0.8777173757553101,0.5320759415626526,
1972,0.8802816867828369,0.5239521861076355,
1973,0.8835616707801819,0.5153140425682068,
1974,0.8849999904632568,0.5086987018585205,
1975,0.8871753215789795,0.5022884011268616,
1976,0.886867105960846,0.5019256472587585,
1977,0.8865740895271301,0.501084566116333,
1978,0.8893072009086609,0.4940788149833679,
1979,0.8904411792755127,0.48949548602104187,
1980,0.891523003578186,0.4840376377105713,
1981,0.8932584524154663,0.48141351342201233,
1982,0.8949176073074341,0.47640591859817505,
1983,0.8971773982048035,0.47023043036460876,
1984,0.8973684310913086,0.465908020734787,
1985,0.8988401889801025,0.46058398485183716,
1986,0.9008838534355164,0.45551052689552307,
1987,0.9016088843345642,0.45098140835762024,
1988,0.9029126167297363,0.44900208711624146,
1989,0.9029762148857117,0.44542962312698364,
1990,0.90362149477005,0.44057366251945496,
1991,0.9053899049758911,0.4352510869503021,
1992,0.9065315127372742,0.4311095178127289,
1993,0.9076327681541443,0.42718368768692017,
1994,0.907065212726593,0.42549341917037964,
1995,0.9065170884132385,0.42594966292381287,
1996,0.9070377945899963,0.42317599058151245,
1997,0.9065082669258118,0.42202427983283997,
1998,0.9070122241973877,0.41936182975769043,
1999,0.9079999923706055,0.41604164242744446,
2000,0.7245370149612427,1.0320336818695068,
2001,0.7392241358757019,0.9818918108940125,
2002,0.7560483813285828,0.9321130514144897,
2003,0.7689393758773804,0.8938880562782288,
2004,0.7785714268684387,0.860701858997345,
2005,0.7888513803482056,0.8295022249221802,
2006,0.7964743375778198,0.7989875078201294,
2007,0.8033536672592163,0.7805306315422058,
2008,0.8095930218696594,0.7551680207252502,
2009,0.8152777552604675,0.7323703169822693,
2010,0.8231382966041565,0.709691047668457,
2011,0.8265306353569031,0.693480908870697,
2012,0.8308823704719543,0.6772021055221558,
2013,0.8349056839942932,0.6636319160461426,
2014,0.8409090638160706,0.6444994807243347,
2015,0.844298243522644,0.6310936212539673,
2016,0.8453390002250671,0.620491623878479,
2017,0.8463114500045776,0.6102567315101624,
2018,0.8472222089767456,0.6095176339149475,
2019,0.8490384817123413,0.601428210735321,
2020,0.8535447716712952,0.5887527465820312,
2021,0.8577898740768433,0.5764341354370117,
2022,0.860035240650177,0.567952036857605,
2023,0.8630136847496033,0.5588659644126892,
2024,0.8658333420753479,0.5506567358970642,
2025,0.8676947951316833,0.5430419445037842,
2026,0.8694620132446289,0.5348286628723145,
2027,0.8703703880310059,0.5305264592170715,
2028,0.8734939694404602,0.5225653052330017,
2029,0.8764705657958984,0.516176164150238,
2030,0.8778735399246216,0.509860098361969,
2031,0.8792135119438171,0.5052757859230042,
2032,0.8804945349693298,0.5016921162605286,
2033,0.8823924660682678,0.4966551959514618,
2034,0.88289475440979,0.49242305755615234,
2035,0.8853092789649963,0.48605141043663025,
2036,0.8869949579238892,0.4807913899421692,
2037,0.8886138796806335,0.4759305715560913,
2038,0.8901699185371399,0.47139477729797363,
2039,0.8910714387893677,0.4678710997104645,
2040,0.8919392228126526,0.46680107712745667,
2041,0.8939220309257507,0.4622318744659424,
2042,0.894707202911377,0.46028515696525574,
2043,0.8954645991325378,0.45709437131881714,
2044,0.89673912525177,0.4546815752983093,
2045,0.8985042572021484,0.45017489790916443,
2046,0.9002100825309753,0.444658100605011,
2047,0.9003099203109741,0.4420546591281891,
2048,0.9019308686256409,0.4382065236568451,
2049,0.902999997138977,0.43447601795196533,
2050,0.7013888955116272,1.0322208404541016,
2051,0.7219827771186829,0.97359699010849,
2052,0.7399193644523621,0.920185923576355,
2053,0.7556818127632141,0.8784161806106567,
2054,0.7696428298950195,0.839518666267395,
2055,0.7804054021835327,0.8052558898925781,
2056,0.7900640964508057,0.7779514789581299,
2057,0.7987805008888245,0.7518447637557983,
2058,0.805232584476471,0.7316199541091919,
2059,0.8083333373069763,0.7189522385597229,
2060,0.8151595592498779,0.6967767477035522,
2061,0.8214285969734192,0.6753339767456055,
2062,0.8259803652763367,0.6612382531166077,
2063,0.8313679099082947,0.6474294066429138,
2064,0.8352272510528564,0.6346104145050049,
2065,0.8399122953414917,0.6200231313705444,
2066,0.8453390002250671,0.6051159501075745,
2067,0.8473360538482666,0.6001871228218079,
2068,0.851190447807312,0.5898616313934326,
2069,0.8538461327552795,0.5782209634780884,
2070,0.8554104566574097,0.569198727607727,
2071,0.8586956262588501,0.5578938126564026,
2072,0.8626760840415955,0.5458640456199646,
2073,0.863869845867157,0.5386842489242554,
2074,0.8666666746139526,0.5303504467010498,
2075,0.8701298832893372,0.5208902359008789,
2076,0.8734177350997925,0.5111128687858582,
2077,0.8757715821266174,0.5049087405204773,
2078,0.8772590160369873,0.49940431118011475,
2079,0.8772059082984924,0.49535343050956726,
2080,0.8785919547080994,0.4929523169994354,
2081,0.8813202381134033,0.4844570457935333,
2082,0.8832417726516724,0.47866109013557434,
2083,0.8857526779174805,0.4722852408885956,
2084,0.8868421316146851,0.4680875241756439,
2085,0.8885309100151062,0.4627807140350342,
2086,0.8901515007019043,0.4577891528606415,
2087,0.8917078971862793,0.4531949460506439,
2088,0.893203854560852,0.449836790561676,
2089,0.8952381014823914,0.44420817494392395,
2090,0.8971962332725525,0.43827131390571594,
2091,0.89850914478302,0.4339621663093567,
2092,0.900337815284729,0.4300895631313324,
2093,0.9009955525398254,0.42794349789619446,
2094,0.9016304612159729,0.42523622512817383,
2095,0.9033119678497314,0.4215308725833893,
2096,0.9028361439704895,0.4236244857311249,
2097,0.9039255976676941,0.4216928780078888,
2098,0.9054877758026123,0.41823241114616394,
2099,0.906000018119812,0.4163368046283722,
2100,0.7175925970077515,1.0411731004714966,
2101,0.732758641242981,0.9920734763145447,
2102,0.7479838728904724,0.9466661810874939,
2103,0.7632575631141663,0.9001045823097229,
2104,0.7767857313156128,0.8594674468040466,
2105,0.7820945978164673,0.8282595276832581,
2106,0.7900640964508057,0.8024211525917053,
2107,0.7972561120986938,0.7806262373924255,
2108,0.805232584476471,0.7563930153846741,
2109,0.8125,0.7325029373168945,
2110,0.8178191781044006,0.7132185101509094,
2111,0.8239796161651611,0.691868782043457,
2112,0.8296568393707275,0.6763255000114441,
2113,0.8360849022865295,0.6595636606216431,
2114,0.8420454263687134,0.6412172317504883,
2115,0.8475877046585083,0.6227988600730896,
2116,0.8527542352676392,0.6076673269271851,
2117,0.8565573692321777,0.5933549404144287,
2118,0.8611111044883728,0.5801809430122375,
2119,0.8605769276618958,0.5753859877586365,
2120,0.861940324306488,0.5664637684822083,
2121,0.8659420013427734,0.5562279224395752,
2122,0.8688380122184753,0.5486998558044434,
2123,0.8715753555297852,0.5389164686203003,
2124,0.8733333349227905,0.5323588252067566,
2125,0.875,0.5251241326332092,
2126,0.878164529800415,0.5158997178077698,
2127,0.8804012537002563,0.5078189373016357,
2128,0.8832831382751465,0.49877750873565674,
2129,0.8845587968826294,0.4925200939178467,
2130,0.8864942789077759,0.4862692356109619,
2131,0.8876404762268066,0.48126837611198425,
2132,0.8887362480163574,0.4765664041042328,
2133,0.8897849321365356,0.4716701805591583,
2134,0.8901315927505493,0.46921506524086,
2135,0.8917526006698608,0.46381208300590515,
2136,0.8933081030845642,0.46080315113067627,
2137,0.8948019742965698,0.45653021335601807,
2138,0.896237850189209,0.4519040882587433,
2139,0.8958333134651184,0.45019564032554626,
2140,0.8971962332725525,0.4467316269874573,
2141,0.8990825414657593,0.44136449694633484,
2142,0.900337815284729,0.43820151686668396,
2143,0.9021017551422119,0.43296778202056885,
2144,0.9032608866691589,0.4300233721733093,
2145,0.9043803215026855,0.4270230829715729,
2146,0.9059873819351196,0.42290735244750977,
2147,0.9075413346290588,0.4181772470474243,
2148,0.9090447425842285,0.4134368896484375,
2149,0.9104999899864197,0.41031596064567566,
2150,0.7407407164573669,0.9562593102455139,
2151,0.756465494632721,0.9067670702934265,
2152,0.7721773982048035,0.8566082715988159,
2153,0.7821969985961914,0.8182529807090759,
2154,0.7928571701049805,0.7819184064865112,
2155,0.8023648858070374,0.7492396235466003,
2156,0.8125,0.7185014486312866,
2157,0.8216463327407837,0.6900812387466431,
2158,0.8299418687820435,0.6686401963233948,
2159,0.8347222208976746,0.6534841656684875,
2160,0.8404255509376526,0.6335097551345825,
2161,0.8431122303009033,0.6225612759590149,
2162,0.8492646813392639,0.6053742170333862,
2163,0.8525943160057068,0.5949368476867676,
2164,0.855681836605072,0.5851929187774658,
2165,0.859649121761322,0.5728685259819031,
2166,0.8644067645072937,0.5576432347297668,
2167,0.8668032884597778,0.5474459528923035,
2168,0.8710317611694336,0.5377999544143677,
2169,0.875,0.5278047323226929,
2170,0.8759328126907349,0.5226871967315674,
2171,0.8786231875419617,0.5132473707199097,
2172,0.8802816867828369,0.5052576065063477,
2173,0.8801369667053223,0.5045939087867737,
2174,0.8824999928474426,0.49763891100883484,
2175,0.885551929473877,0.49040931463241577,
2176,0.8876582384109497,0.48458176851272583,
2177,0.8896604776382446,0.4778638780117035,
2178,0.8900602459907532,0.4734969139099121,
2179,0.8911764621734619,0.46916231513023376,
2180,0.8929597735404968,0.4627107083797455,
2181,0.8953651785850525,0.45514827966690063,
2182,0.8969780206680298,0.45022305846214294,
2183,0.8985214829444885,0.44306671619415283,
2184,0.9006578922271729,0.4372629225254059,
2185,0.9020618796348572,0.43405795097351074,
2186,0.9040403962135315,0.42807283997535706,
2187,0.9053217768669128,0.42483240365982056,
2188,0.9059466123580933,0.4211536645889282,
2189,0.9065476059913635,0.41978272795677185,
2190,0.9071261882781982,0.4168871343135834,
2191,0.9071100950241089,0.4133014976978302,
2192,0.9087837934494019,0.41030824184417725,
2193,0.9098451137542725,0.40728580951690674,
2194,0.9108695387840271,0.40364864468574524,
2195,0.9123931527137756,0.39994683861732483,
2196,0.9133403301239014,0.3968314230442047,
2197,0.91425621509552,0.39339959621429443,
2198,0.9156504273414612,0.3911775052547455,
2199,0.9160000085830688,0.3899943232536316,
2200,0.6921296119689941,1.1945364475250244,
2201,0.7133620977401733,1.1320303678512573,
2202,0.7318548560142517,1.072736144065857,
2203,0.748106062412262,1.016408920288086,
2204,0.7607142925262451,0.9698762893676758,
2205,0.7736486196517944,0.9260538220405579,
2206,0.7852563858032227,0.8849902153015137,
2207,0.7957317233085632,0.8454858660697937,
2208,0.8008720874786377,0.8221209049224854,
2209,0.8083333373069763,0.7939314842224121,
2210,0.8164893388748169,0.7659319043159485,
2211,0.8227040767669678,0.7439476847648621,
2212,0.8296568393707275,0.72059166431427,
2213,0.8360849022865295,0.6982287168502808,
2214,0.8420454263687134,0.6795566082000732,
2215,0.8475877046585083,0.6605386734008789,
2216,0.8516949415206909,0.6479046940803528,
2217,0.8565573692321777,0.6303905844688416,
2218,0.8601190447807312,0.617861270904541,
2219,0.8634615540504456,0.6044849157333374,
2220,0.8656716346740723,0.5938370823860168,
2221,0.8695651888847351,0.5835605263710022,
2222,0.8732394576072693,0.5722100138664246,
2223,0.8758561611175537,0.5631217360496521,
2224,0.8791666626930237,0.5526577830314636,
2225,0.8814935088157654,0.5434690117835999,
2226,0.8844936490058899,0.5345622897148132,
2227,0.8865740895271301,0.5284197330474854,
2228,0.8893072009086609,0.5186158418655396,
2229,0.8911764621734619,0.5116738080978394,
2230,0.8936781883239746,0.5037930011749268,
2231,0.8932584524154663,0.5028630495071411,
2232,0.8935439586639404,0.5013657808303833,
2233,0.8958333134651184,0.4950466752052307,
2234,0.8973684310913086,0.4902133643627167,
2235,0.8988401889801025,0.48446062207221985,
2236,0.8989899158477783,0.48439547419548035,
2237,0.9009901285171509,0.47830554842948914,
2238,0.9023058414459229,0.4738939106464386,
2239,0.9041666388511658,0.46736642718315125,
2240,0.9053738117218018,0.46215444803237915,
2241,0.9053899049758911,0.45783233642578125,
2242,0.9065315127372742,0.4537181258201599,
2243,0.9070796370506287,0.4513585567474365,
2244,0.908695638179779,0.4465214014053345,
2245,0.9102563858032227,0.441749632358551,
2246,0.9117646813392639,0.43911248445510864,
2247,0.9121900796890259,0.43743646144866943,
2248,0.9131097793579102,0.43310603499412537,
2249,0.9144999980926514,0.428765207529068,
2250,0.7615740895271301,0.9009193181991577,
2251,0.7737069129943848,0.8614795207977295,
2252,0.788306474685669,0.8194594979286194,
2253,0.7954545617103577,0.7860222458839417,
2254,0.8071428537368774,0.7497830986976624,
2255,0.8175675868988037,0.7171907424926758,
2256,0.8269230723381042,0.6914170384407043,
2257,0.8338414430618286,0.66592937707901,
2258,0.8401162624359131,0.6430208683013916,
2259,0.8472222089767456,0.6202976107597351,
2260,0.8510638475418091,0.6039475202560425,
2261,0.8571428656578064,0.585664689540863,
2262,0.8627451062202454,0.5687918066978455,
2263,0.8679245114326477,0.5550624132156372,
2264,0.8715909123420715,0.5420432686805725,
2265,0.8728070259094238,0.5314198732376099,
2266,0.8760592937469482,0.5210690498352051,
2267,0.876024603843689,0.5149012207984924,
2268,0.8779761791229248,0.5107899904251099,
2269,0.8817307949066162,0.5013580322265625,
2270,0.8852611780166626,0.49212390184402466,
2271,0.885869562625885,0.48937147855758667,
2272,0.88908451795578,0.47958680987358093,
2273,0.8912671208381653,0.47337472438812256,
2274,0.8916666507720947,0.4730340540409088,
2275,0.8936688303947449,0.46745771169662476,
2276,0.8947784900665283,0.4658842086791992,
2277,0.897376537322998,0.45829904079437256,
2278,0.8998494148254395,0.45139193534851074,
2279,0.9014706015586853,0.44701066613197327,
2280,0.9030172228813171,0.4422966539859772,
2281,0.9030898809432983,0.4384126663208008,
2282,0.9045329689979553,0.4339967966079712,
2283,0.9059139490127563,0.43072476983070374,
2284,0.9072368144989014,0.4249878227710724,
2285,0.9085051417350769,0.4212765693664551,
2286,0.9097222089767456,0.41859886050224304,
2287,0.9108911156654358,0.4138999879360199,
2288,0.9120145440101624,0.40915822982788086,
2289,0.9119047522544861,0.4091985523700714,
2290,0.9123831987380981,0.40823179483413696,
2291,0.9134174585342407,0.4052577018737793,
2292,0.9144144058227539,0.40094080567359924,
2293,0.9137167930603027,0.40111979842185974,
2294,0.915217399597168,0.39701223373413086,
2295,0.9155982732772827,0.39433377981185913,
2296,0.9164915680885315,0.391146719455719,
2297,0.9173553586006165,0.3873663544654846,
2298,0.9186992049217224,0.3837823271751404,
2299,0.9194999933242798,0.3805070221424103,
2300,0.7777777910232544,0.9118050336837769,
2301,0.7887930870056152,0.8683146834373474,
2302,0.8024193644523621,0.8228235840797424,
2303,0.8125,0.7853543758392334,
2304,0.8178571462631226,0.7534088492393494,
2305,0.8243243098258972,0.730583906173706,
2306,0.8301281929016113,0.7046558856964111,
2307,0.8384146094322205,0.6796600818634033,
2308,0.8459302186965942,0.6521633267402649,
2309,0.8527777791023254,0.631470799446106,
2310,0.8563829660415649,0.6175051331520081,
2311,0.8622449040412903,0.6030337810516357,
2312,0.8676470518112183,0.5858442783355713,
2313,0.8726415038108826,0.5735850930213928,
2314,0.8761363625526428,0.5611329078674316,
2315,0.8782894611358643,0.5491886138916016,
2316,0.882415235042572,0.5361707210540771,
2317,0.8831967115402222,0.5296851992607117,
2318,0.886904776096344,0.5185449719429016,
2319,0.8903846144676208,0.5068591833114624,
2320,0.8927238583564758,0.4973849952220917,
2321,0.89402174949646,0.48928844928741455,
2322,0.8961267471313477,0.48161906003952026,
2323,0.8989726305007935,0.47258612513542175,
2324,0.9008333086967468,0.4666344225406647,
2325,0.9017857313156128,0.4596942961215973,
2326,0.9026898741722107,0.4526998698711395,
2327,0.9035493731498718,0.4485955536365509,
2328,0.9058734774589539,0.4413836896419525,
2329,0.908088207244873,0.4341886043548584,
2330,0.9102011322975159,0.42622822523117065,
2331,0.9115168452262878,0.42098668217658997,
2332,0.9127747416496277,0.4157772660255432,
2333,0.914650559425354,0.41213008761405945,
2334,0.9164473414421082,0.4059111773967743,
2335,0.9175257682800293,0.40154245495796204,
2336,0.9179292917251587,0.4012170732021332,
2337,0.9195544719696045,0.39629805088043213,
2338,0.9205096960067749,0.3925396800041199,
2339,0.9220238327980042,0.388577938079834,
2340,0.923481285572052,0.38490089774131775,
2341,0.9243119359016418,0.3812427222728729,
2342,0.9251126050949097,0.37775951623916626,
2343,0.92643803358078,0.3731577694416046,
2344,0.927173912525177,0.369357705116272,
2345,0.9284188151359558,0.3655703365802765,
2346,0.9296218752861023,0.36167147755622864,
2347,0.9302685856819153,0.3593110740184784,
2348,0.9314024448394775,0.35531336069107056,
2349,0.9319999814033508,0.35336363315582275,
2350,0.6921296119689941,1.1188706159591675,
2351,0.7133620977401733,1.0544301271438599,
2352,0.7298387289047241,1.0109734535217285,
2353,0.7462121248245239,0.9621441960334778,
2354,0.7571428418159485,0.9213139414787292,
2355,0.7702702879905701,0.8789562582969666,
2356,0.7788461446762085,0.844035804271698,
2357,0.7896341681480408,0.8106908202171326,
2358,0.7994186282157898,0.7792468667030334,
2359,0.8069444298744202,0.7505802512168884,
2360,0.8151595592498779,0.7241395115852356,
2361,0.8227040767669678,0.7024444341659546,
2362,0.8296568393707275,0.6856073141098022,
2363,0.8349056839942932,0.6656965017318726,
2364,0.8397727012634277,0.6527664661407471,
2365,0.8453947305679321,0.6337050795555115,
2366,0.8495762944221497,0.6201226711273193,
2367,0.8534836173057556,0.6054943203926086,
2368,0.858134925365448,0.5910649299621582,
2369,0.862500011920929,0.5768330693244934,
2370,0.8666045069694519,0.5627841353416443,
2371,0.8695651888847351,0.551174521446228,
2372,0.8732394576072693,0.5376165509223938,
2373,0.8758561611175537,0.528871476650238,
2374,0.8758333325386047,0.5268179774284363,
2375,0.8782467246055603,0.5183106660842896,
2376,0.8813291192054749,0.5078855752944946,
2377,0.8834876418113708,0.49871161580085754,
2378,0.8855421543121338,0.4953669309616089,
2379,0.887499988079071,0.48713117837905884,
2380,0.8893678188323975,0.4804593622684479,
2381,0.8911516666412354,0.47514477372169495,
2382,0.8935439586639404,0.4684644043445587,
2383,0.8958333134651184,0.46234118938446045,
2384,0.8980262875556946,0.4550609290599823,
2385,0.9001288414001465,0.44841518998146057,
2386,0.9021464586257935,0.44175928831100464,
2387,0.9040841460227966,0.43582168221473694,
2388,0.9059466123580933,0.43053939938545227,
2389,0.9065476059913635,0.4275009036064148,
2390,0.9071261882781982,0.4248206317424774,
2391,0.9071100950241089,0.4220806360244751,
2392,0.9076576828956604,0.4187880754470825,
2393,0.908738911151886,0.41617313027381897,
2394,0.9097825884819031,0.4129554033279419,
2395,0.9107906222343445,0.4096517860889435,
2396,0.9122899174690247,0.40564054250717163,
2397,0.913223147392273,0.40283259749412537,
2398,0.9141260385513306,0.4001486599445343,
2399,0.9154999852180481,0.396075040102005,
2400,0.7523148059844971,0.9381256103515625,
2401,0.7693965435028076,0.886773943901062,
2402,0.7842742204666138,0.8421875238418579,
2403,0.7935606241226196,0.8061497807502747,
2404,0.8053571581840515,0.7677140831947327,
2405,0.8125,0.738855242729187,
2406,0.8205128312110901,0.7138910293579102,
2407,0.8277438879013062,0.6860800385475159,
2408,0.8343023061752319,0.6624770760536194,
2409,0.8416666388511658,0.6411587595939636,
2410,0.8484042286872864,0.6193030476570129,
2411,0.8533163070678711,0.6016046404838562,
2412,0.8590686321258545,0.5837898254394531,
2413,0.8632075190544128,0.5677462220191956,
2414,0.8670454621315002,0.5531258583068848,
2415,0.8717105388641357,0.5387656688690186,
2416,0.875,0.5258396863937378,
2417,0.8790983557701111,0.5153354406356812,
2418,0.8809523582458496,0.504234254360199,
2419,0.8836538195610046,0.49289774894714355,
2420,0.8833954930305481,0.48931172490119934,
2421,0.8867753744125366,0.4806627333164215,
2422,0.889964759349823,0.47153058648109436,
2423,0.892123281955719,0.4625559151172638,
2424,0.8949999809265137,0.45434269309043884,
2425,0.8977272510528564,0.44690001010894775,
2426,0.9003164768218994,0.43968790769577026,
2427,0.9020061492919922,0.43446722626686096,
2428,0.9036144614219666,0.42889127135276794,
2429,0.9058823585510254,0.4234604239463806,
2430,0.9080459475517273,0.41718485951423645,
2431,0.9094101190567017,0.41229718923568726,
2432,0.911401093006134,0.4084019064903259,
2433,0.913306474685669,0.401928186416626,
2434,0.9151315689086914,0.3953308165073395,
2435,0.9168814420700073,0.39018961787223816,
2436,0.9185606241226196,0.38628122210502625,
2437,0.9195544719696045,0.3837342858314514,
2438,0.9211165308952332,0.3802758753299713,
2439,0.9214285612106323,0.3783438801765442,
2440,0.9211448431015015,0.3768971562385559,
2441,0.9225917458534241,0.3722913861274719,
2442,0.9239864945411682,0.368582546710968,
2443,0.9247787594795227,0.3649406433105469,
2444,0.925543487071991,0.36191537976264954,
2445,0.9268162250518799,0.35844746232032776,
2446,0.9269958138465881,0.3568212389945984,
2447,0.9282024502754211,0.3535357415676117,
2448,0.9288617968559265,0.35200241208076477,
2449,0.9294999837875366,0.35016122460365295,
2450,0.7407407164573669,0.9605635404586792,
2451,0.756465494632721,0.9123446345329285,
2452,0.7721773982048035,0.8603333234786987,
2453,0.7840909361839294,0.8186129927635193,
2454,0.7910714149475098,0.7886996269226074,
2455,0.8006756901741028,0.756511390209198,
2456,0.8092948794364929,0.7285412549972534,
2457,0.8155487775802612,0.7012588977813721,
2458,0.8241279125213623,0.67701655626297,
2459,0.831944465637207,0.6531655788421631,
2460,0.8390957713127136,0.6301417946815491,
2461,0.8456632494926453,0.6093540787696838,
2462,0.8504902124404907,0.5937816500663757,
2463,0.8561320900917053,0.5751205086708069,
2464,0.8590909242630005,0.5627102851867676,
2465,0.8618420958518982,0.551341712474823,
2466,0.866525411605835,0.5371588468551636,
2467,0.8709016442298889,0.524089515209198,
2468,0.875,0.5117966532707214,
2469,0.8769230842590332,0.5038999915122986,
2470,0.8796641826629639,0.4923507869243622,
2471,0.883152186870575,0.485483855009079,
2472,0.8864436745643616,0.4758929908275604,
2473,0.8895547986030579,0.4668522775173187,
2474,0.8916666507720947,0.45919936895370483,
2475,0.8944805264472961,0.4502701759338379,
2476,0.8955696225166321,0.4447239339351654,
2477,0.897376537322998,0.4418678283691406,
2478,0.8983433842658997,0.4364989995956421,
2479,0.8985294103622437,0.43423569202423096,
2480,0.9001436829566956,0.4288552701473236,
2481,0.9016854166984558,0.42654940485954285,
2482,0.9038461446762085,0.42072442173957825,
2483,0.9059139490127563,0.41327404975891113,
2484,0.9078947305679321,0.40672767162323,
2485,0.9091494679450989,0.40117236971855164,
2486,0.9103535413742065,0.3958775997161865,
2487,0.9121286869049072,0.391554057598114,
2488,0.9138349294662476,0.3869621455669403,
2489,0.9148809313774109,0.3836660385131836,
2490,0.9164719581604004,0.3783518075942993,
2491,0.9174311757087708,0.3745204210281372,
2492,0.9183558821678162,0.37223225831985474,
2493,0.9192478060722351,0.36783134937286377,
2494,0.9206521511077881,0.3638223111629486,
2495,0.9220085740089417,0.35964667797088623,
2496,0.9227941036224365,0.35706111788749695,
2497,0.9240702390670776,0.3526855707168579,
2498,0.9247967600822449,0.35011112689971924,
2499,0.9235000014305115,0.3506724536418915,
2500,0.7175925970077515,1.0420795679092407,
2501,0.7370689511299133,0.9817151427268982,
2502,0.7479838728904724,0.9378871917724609,
2503,0.7632575631141663,0.8881298303604126,
2504,0.7749999761581421,0.8476142287254333,
2505,0.787162184715271,0.8116369247436523,
2506,0.7964743375778198,0.7832266688346863,
2507,0.8064024448394775,0.7534928917884827,
2508,0.8154069781303406,0.7281935214996338,
2509,0.8222222328186035,0.7052177786827087,
2510,0.8297872543334961,0.6816431283950806,
2511,0.8367347121238708,0.6589385271072388,
2512,0.841911792755127,0.6385345458984375,
2513,0.8455188870429993,0.6210705637931824,
2514,0.8511363863945007,0.6046316027641296,
2515,0.8552631735801697,0.591387927532196,
2516,0.8591101765632629,0.5783423185348511,
2517,0.8616803288459778,0.5683819651603699,
2518,0.8660714030265808,0.5536835193634033,
2519,0.870192289352417,0.5417597889900208,
2520,0.8731343150138855,0.5301792025566101,
2521,0.8768116235733032,0.5185554027557373,
2522,0.8802816867828369,0.5078328251838684,
2523,0.8835616707801819,0.4973832666873932,
2524,0.8866666555404663,0.4880547523498535,
2525,0.888798713684082,0.4802963435649872,
2526,0.8908227682113647,0.47317737340927124,
2527,0.8927469253540039,0.4656608998775482,
2528,0.8953313231468201,0.45911991596221924,
2529,0.8970588445663452,0.45141997933387756,
2530,0.8987069129943848,0.443774551153183,
2531,0.9002808928489685,0.43897923827171326,
2532,0.9017857313156128,0.4336038827896118,
2533,0.9032257795333862,0.42739221453666687,
2534,0.9046052694320679,0.42098209261894226,
2535,0.906572163105011,0.41453391313552856,
2536,0.9084596037864685,0.40842297673225403,
2537,0.9102723002433777,0.40286964178085327,
2538,0.9120145440101624,0.39668476581573486,
2539,0.913690447807312,0.39069664478302,
2540,0.9141355156898499,0.3881155252456665,
2541,0.9151375889778137,0.38575097918510437,
2542,0.9161036014556885,0.3824138939380646,
2543,0.917588472366333,0.3790513873100281,
2544,0.919021725654602,0.37450000643730164,
2545,0.9204059839248657,0.37122660875320435,
2546,0.9212185144424438,0.367676705121994,
2547,0.922520637512207,0.3647448420524597,
2548,0.9232723712921143,0.36249569058418274,
2549,0.9244999885559082,0.35877498984336853,
2550,0.7476851940155029,0.9304272532463074,
2551,0.7650862336158752,0.8737651705741882,
2552,0.7802419066429138,0.8284642100334167,
2553,0.7935606241226196,0.7846803665161133,
2554,0.8035714030265808,0.7565649747848511,
2555,0.8091216087341309,0.730002760887146,
2556,0.8189102411270142,0.7009698152542114,
2557,0.8277438879013062,0.6740477681159973,
2558,0.8357558250427246,0.650926947593689,
2559,0.8416666388511658,0.6331130266189575,
2560,0.8484042286872864,0.6128748655319214,
2561,0.8545918464660645,0.592308759689331,
2562,0.8590686321258545,0.5748007893562317,
2563,0.864386796951294,0.5557255148887634,
2564,0.8681818246841431,0.5419086217880249,
2565,0.8728070259094238,0.5297746062278748,
2566,0.8771186470985413,0.5155396461486816,
2567,0.881147563457489,0.5041719675064087,
2568,0.8849206566810608,0.4917176067829132,
2569,0.8884615302085876,0.4797447621822357,
2570,0.8908582329750061,0.46918731927871704,
2571,0.89402174949646,0.46008720993995667,
2572,0.8970070481300354,0.4523118734359741,
2573,0.8989726305007935,0.4445435404777527,
2574,0.9016666412353516,0.43668150901794434,
2575,0.9017857313156128,0.43184348940849304,
2576,0.9026898741722107,0.42449530959129333,
2577,0.9035493731498718,0.41884174942970276,
2578,0.9058734774589539,0.41277116537094116,
2579,0.908088207244873,0.4070519804954529,
2580,0.9102011322975159,0.4002590477466583,
2581,0.9122191071510315,0.3941654562950134,
2582,0.9127747416496277,0.3902820646762848,
2583,0.913306474685669,0.3866417706012726,
2584,0.9138157963752747,0.382839173078537,
2585,0.9155927896499634,0.37817201018333435,
2586,0.9172979593276978,0.3734242618083954,
2587,0.9189356565475464,0.3686679005622864,
2588,0.9205096960067749,0.36422938108444214,
2589,0.9208333492279053,0.3612057864665985,
2590,0.9217289686203003,0.35981863737106323,
2591,0.9225917458534241,0.3564833998680115,
2592,0.9234234094619751,0.35233351588249207,
2593,0.9242256879806519,0.34937334060668945,
2594,0.925000011920929,0.3464209735393524,
2595,0.9262820482254028,0.34327149391174316,
2596,0.9275209903717041,0.3399670422077179,
2597,0.9287189841270447,0.3362921476364136,
2598,0.9298780560493469,0.33229443430900574,
2599,0.9309999942779541,0.32841795682907104,
2600,0.7662037014961243,0.9631019830703735,
2601,0.7801724076271057,0.9129891991615295,
2602,0.7943548560142517,0.8608049750328064,
2603,0.8049242496490479,0.8227500319480896,
2604,0.8142856955528259,0.7893151640892029,
2605,0.8209459185600281,0.7598726153373718,
2606,0.8285256624221802,0.7310324311256409,
2607,0.8368902206420898,0.7035104632377625,
2608,0.8444767594337463,0.6770396828651428,
2609,0.8500000238418579,0.6554563641548157,
2610,0.8563829660415649,0.6340343952178955,
2611,0.8609693646430969,0.6152434349060059,
2612,0.8639705777168274,0.5993607640266418,
2613,0.8679245114326477,0.5855342745780945,
2614,0.8727272748947144,0.5709528923034668,
2615,0.875,0.558494508266449,
2616,0.8781779408454895,0.5434839725494385,
2617,0.8821721076965332,0.5297136902809143,
2618,0.8849206566810608,0.5189571976661682,
2619,0.887499988079071,0.5097012519836426,
2620,0.8899253606796265,0.49955230951309204,
2621,0.8922101259231567,0.48981496691703796,
2622,0.8952465057373047,0.48049572110176086,
2623,0.8964040875434875,0.47308024764060974,
2624,0.8991666436195374,0.4679171144962311,
2625,0.9009740352630615,0.4588448703289032,
2626,0.9026898741722107,0.45249488949775696,
2627,0.9050925970077515,0.4458816349506378,
2628,0.9073795080184937,0.4381730854511261,
2629,0.9095588326454163,0.4316106140613556,
2630,0.9116379022598267,0.42446255683898926,
2631,0.913623571395874,0.41807085275650024,
2632,0.9155219793319702,0.41195836663246155,
2633,0.9166666865348816,0.4086323082447052,
2634,0.9184210300445557,0.4024569094181061,
2635,0.9194587469100952,0.39798504114151,
2636,0.9210858345031738,0.3923221230506897,
2637,0.9226484894752502,0.38736385107040405,
2638,0.9229369163513184,0.3845207393169403,
2639,0.9238095283508301,0.38109174370765686,
2640,0.923481285572052,0.37852928042411804,
2641,0.9243119359016418,0.3744155168533325,
2642,0.9256756901741028,0.3703530728816986,
2643,0.9269911646842957,0.3666553199291229,
2644,0.927717387676239,0.3629721999168396,
2645,0.9284188151359558,0.3603307604789734,
2646,0.9290966391563416,0.3569313883781433,
2647,0.9302685856819153,0.35372185707092285,
2648,0.9298780560493469,0.3520682752132416,
2649,0.9304999709129333,0.3486262857913971,
2650,0.7638888955116272,0.8927037715911865,
2651,0.7801724076271057,0.8420939445495605,
2652,0.7943548560142517,0.7990558743476868,
2653,0.8030303120613098,0.7593225240707397,
2654,0.8107143044471741,0.7257549166679382,
2655,0.8209459185600281,0.6927877068519592,
2656,0.8301281929016113,0.6660173535346985,
2657,0.8384146094322205,0.6482419967651367,
2658,0.8444767594337463,0.6252053380012512,
2659,0.8513888716697693,0.6018030047416687,
2660,0.8577127456665039,0.5828944444656372,
2661,0.8635203838348389,0.567720353603363,
2662,0.8688725233078003,0.5516144037246704,
2663,0.8738207817077637,0.5346158742904663,
2664,0.8784090876579285,0.5192070603370667,
2665,0.8826754093170166,0.5061283707618713,
2666,0.8866525292396545,0.49375230073928833,
2667,0.8903688788414001,0.480640709400177,
2668,0.8928571343421936,0.471221923828125,
2669,0.8961538672447205,0.46159517765045166,
2670,0.8973880410194397,0.4547346830368042,
2671,0.8994565010070801,0.44622623920440674,
2672,0.9022887349128723,0.4365366995334625,
2673,0.9049657583236694,0.4285156726837158,
2674,0.9066666960716248,0.4214133024215698,
2675,0.9082792401313782,0.41730672121047974,
2676,0.9098101258277893,0.41222628951072693,
2677,0.9120370149612427,0.40490469336509705,
2678,0.9134036302566528,0.4009750485420227,
2679,0.9154411554336548,0.3950483798980713,
2680,0.9173850417137146,0.388541042804718,
2681,0.9192415475845337,0.38171494007110596,
2682,0.9210164546966553,0.3768111765384674,
2683,0.9220430254936218,0.37164121866226196,
2684,0.9230263233184814,0.36665934324264526,
2685,0.9246134161949158,0.3616565465927124,
2686,0.9261363744735718,0.3570850193500519,
2687,0.9275990128517151,0.3530140817165375,
2688,0.928398072719574,0.3492698669433594,
2689,0.9297618865966797,0.34441077709198,
2690,0.9304906725883484,0.34149646759033203,
2691,0.9317660331726074,0.33670708537101746,
2692,0.9324324131011963,0.3345489203929901,
2693,0.9336283206939697,0.33199429512023926,
2694,0.9347826242446899,0.3276939392089844,
2695,0.935363233089447,0.325784832239151,
2696,0.9364495873451233,0.32403019070625305,
2697,0.9375,0.3207779824733734,
2698,0.9385162591934204,0.3180859386920929,
2699,0.9390000104904175,0.3150980472564697,
2700,0.7384259104728699,0.9151390790939331,
2701,0.756465494632721,0.8582764267921448,
2702,0.7721773982048035,0.8129289746284485,
2703,0.7859848737716675,0.7688531875610352,
2704,0.7982142567634583,0.7295223474502563,
2705,0.8074324131011963,0.696159839630127,
2706,0.817307710647583,0.6648432612419128,
2707,0.8262194991111755,0.6386734843254089,
2708,0.8343023061752319,0.6158274412155151,
2709,0.8416666388511658,0.5943036675453186,
2710,0.8470744490623474,0.5754138231277466,
2711,0.8533163070678711,0.5588998794555664,
2712,0.8578431606292725,0.5437104105949402,
2713,0.8632075190544128,0.5290815830230713,
2714,0.8681818246841431,0.5141394138336182,
2715,0.8728070259094238,0.5015079975128174,
2716,0.8771186470985413,0.48775598406791687,
2717,0.881147563457489,0.475725382566452,
2718,0.8849206566810608,0.4644419848918915,
2719,0.8884615302085876,0.45605114102363586,
2720,0.891791045665741,0.44493335485458374,
2721,0.8949275612831116,0.4354018270969391,
2722,0.8970070481300354,0.4273599088191986,
2723,0.8989726305007935,0.421612411737442,
2724,0.9008333086967468,0.41613680124282837,
2725,0.9034090638160706,0.407507061958313,
2726,0.905063271522522,0.4012177288532257,
2727,0.9074074029922485,0.39473533630371094,
2728,0.9073795080184937,0.39488568902015686,
2729,0.908088207244873,0.39080217480659485,
2730,0.9094827771186829,0.38597211241722107,
2731,0.9115168452262878,0.3817354142665863,
2732,0.9134615659713745,0.3760223686695099,
2733,0.914650559425354,0.37383583188056946,
2734,0.9164473414421082,0.3696170151233673,
2735,0.9175257682800293,0.3655915856361389,
2736,0.9191918969154358,0.36175233125686646,
2737,0.9201732873916626,0.3615618348121643,
2738,0.9217233061790466,0.3578624427318573,
2739,0.9232142567634583,0.35358795523643494,
2740,0.9246495366096497,0.3496531844139099,
2741,0.9254587292671204,0.3457060158252716,
2742,0.9268018007278442,0.3418136239051819,
2743,0.9280973672866821,0.33852624893188477,
2744,0.929347813129425,0.33402174711227417,
2745,0.9305555820465088,0.3295743465423584,
2746,0.931197464466095,0.3279971480369568,
2747,0.9323347210884094,0.3251815736293793,
2748,0.9334349632263184,0.3219996690750122,
2749,0.9340000152587891,0.3191293478012085,
2750,0.7569444179534912,0.8680101037025452,
2751,0.7737069129943848,0.8191297054290771,
2752,0.7862903475761414,0.7762733101844788,
2753,0.7992424368858337,0.737004280090332,
2754,0.8107143044471741,0.7031141519546509,
2755,0.8209459185600281,0.6718610525131226,
2756,0.8269230723381042,0.6477431058883667,
2757,0.8353658318519592,0.6217980980873108,
2758,0.8430232405662537,0.597876250743866,
2759,0.8500000238418579,0.5749015212059021,
2760,0.8563829660415649,0.555019199848175,
2761,0.8596938848495483,0.5451750755310059,
2762,0.8639705777168274,0.5300857424736023,
2763,0.8679245114326477,0.51530921459198,
2764,0.8727272748947144,0.4992046654224396,
2765,0.8771929740905762,0.48700177669525146,
2766,0.8781779408454895,0.47848770022392273,
2767,0.8821721076965332,0.46561500430107117,
2768,0.8859127163887024,0.4545498490333557,
2769,0.8894230723381042,0.4424504339694977,
2770,0.8927238583564758,0.43372344970703125,
2771,0.8958333134651184,0.4245509207248688,
2772,0.8987675905227661,0.41561052203178406,
2773,0.9015411138534546,0.4068935215473175,
2774,0.9041666388511658,0.400995671749115,
2775,0.9050324559211731,0.39607760310173035,
2776,0.907436728477478,0.38919222354888916,
2777,0.9097222089767456,0.3818521499633789,
2778,0.9111445546150208,0.3804861903190613,
2779,0.9110293984413147,0.3796175420284271,
2780,0.9123563170433044,0.3777411878108978,
2781,0.913623571395874,0.3726450800895691,
2782,0.9155219793319702,0.3666227161884308,
2783,0.9166666865348816,0.3619503676891327,
2784,0.9171052575111389,0.3588334321975708,
2785,0.9188144207000732,0.3538433313369751,
2786,0.9191918969154358,0.35237938165664673,
2787,0.9201732873916626,0.35023805499076843,
2788,0.9217233061790466,0.3457362651824951,
2789,0.9232142567634583,0.34226247668266296,
2790,0.9246495366096497,0.3389396369457245,
2791,0.9260321259498596,0.3350185453891754,
2792,0.9273648858070374,0.33180198073387146,
2793,0.928650438785553,0.3281300961971283,
2794,0.929347813129425,0.3246820569038391,
2795,0.9305555820465088,0.32108181715011597,
2796,0.9317227005958557,0.3174532949924469,
2797,0.9318181872367859,0.3155667185783386,
2798,0.9329268336296082,0.3118908703327179,
2799,0.9334999918937683,0.31027090549468994,
2800,0.7754629850387573,0.8358288407325745,
2801,0.7909482717514038,0.7907652258872986,
2802,0.8044354915618896,0.7516655921936035,
2803,0.8162878751754761,0.7142632007598877,
2804,0.8267857432365417,0.6808900237083435,
2805,0.8361486196517944,0.6509504318237305,
2806,0.8429487347602844,0.6299388408660889,
2807,0.8490853905677795,0.6068161725997925,
2808,0.8561046719551086,0.5824691653251648,
2809,0.862500011920929,0.5632144212722778,
2810,0.8683510422706604,0.545682430267334,
2811,0.8724489808082581,0.5364035964012146,
2812,0.8774510025978088,0.5185961723327637,
2813,0.8820754885673523,0.5027028322219849,
2814,0.8863636255264282,0.4901144504547119,
2815,0.890350878238678,0.47789961099624634,
2816,0.8940678238868713,0.4652630388736725,
2817,0.8965163826942444,0.4572458565235138,
2818,0.898809552192688,0.4489503502845764,
2819,0.9019230604171753,0.438904732465744,
2820,0.9048507213592529,0.42954719066619873,
2821,0.907608687877655,0.4220995306968689,
2822,0.9102112650871277,0.4137239456176758,
2823,0.9126712083816528,0.40491393208503723,
2824,0.9150000214576721,0.3967294692993164,
2825,0.9155844449996948,0.3910908102989197,
2826,0.9177215099334717,0.38437947630882263,
2827,0.9197530746459961,0.37746596336364746,
2828,0.9216867685317993,0.37170132994651794,
2829,0.9227941036224365,0.36707183718681335,
2830,0.9231321811676025,0.36479175090789795,
2831,0.9248595237731934,0.35980740189552307,
2832,0.9265109896659851,0.3560903072357178,
2833,0.9280914068222046,0.35032913088798523,
2834,0.92960524559021,0.34536212682724,
2835,0.9310566782951355,0.34276723861694336,
2836,0.9324495196342468,0.3373684883117676,
2837,0.9337871074676514,0.3339812159538269,
2838,0.9350728392601013,0.3297872841358185,
2839,0.9363095164299011,0.3277055323123932,
2840,0.9375,0.3240583539009094,
2841,0.9386467933654785,0.3199862241744995,
2842,0.9391891956329346,0.3177371025085449,
2843,0.9402654767036438,0.31517454981803894,
2844,0.9407608509063721,0.3151680529117584,
2845,0.941773533821106,0.3117908239364624,
2846,0.9427521228790283,0.30939754843711853,
2847,0.9431818127632141,0.3071557581424713,
2848,0.9441056847572327,0.30320388078689575,
2849,0.9445000290870667,0.3028772175312042,
2850,0.7754629850387573,0.8642681241035461,
2851,0.7887930870056152,0.8242259621620178,
2852,0.7943548560142517,0.7894394993782043,
2853,0.8030303120613098,0.7519966959953308,
2854,0.8142856955528259,0.7134690880775452,
2855,0.8243243098258972,0.6829411387443542,
2856,0.8317307829856873,0.6576452255249023,
2857,0.8399389982223511,0.6304770112037659,
2858,0.8473837375640869,0.6064974069595337,
2859,0.8541666865348816,0.5872284173965454,
2860,0.8603723645210266,0.5676653981208801,
2861,0.8660714030265808,0.5515889525413513,
2862,0.8713235259056091,0.5342628359794617,
2863,0.8761792182922363,0.5178748369216919,
2864,0.8795454502105713,0.50559002161026,
2865,0.8837719559669495,0.4907717704772949,
2866,0.8866525292396545,0.47908589243888855,
2867,0.8903688788414001,0.4684566557407379,
2868,0.8928571343421936,0.4582017958164215,
2869,0.8951923251152039,0.44961363077163696,
2870,0.8973880410194397,0.44050878286361694,
2871,0.9003623127937317,0.43170806765556335,
2872,0.9022887349128723,0.4267750680446625,
2873,0.9049657583236694,0.41888320446014404,
2874,0.9075000286102295,0.41106995940208435,
2875,0.9082792401313782,0.40953323245048523,
2876,0.9106012582778931,0.402657151222229,
2877,0.9128086566925049,0.3959903419017792,
2878,0.9134036302566528,0.39187106490135193,
2879,0.9147058725357056,0.3860679566860199,
2880,0.9166666865348816,0.3803616166114807,
2881,0.9171348214149475,0.37835851311683655,
2882,0.9189560413360596,0.3731915354728699,
2883,0.9206989407539368,0.36800482869148254,
2884,0.9203947186470032,0.3672500252723694,
2885,0.9220361113548279,0.36239883303642273,
2886,0.9229797720909119,0.3586706221103668,
2887,0.9245049357414246,0.3543723225593567,
2888,0.925364077091217,0.3513599932193756,
2889,0.925595223903656,0.3507653474807739,
2890,0.9269859790802002,0.3465500473976135,
2891,0.9283257126808167,0.34256160259246826,
2892,0.9296171069145203,0.338228702545166,
2893,0.9303097128868103,0.3346656560897827,
2894,0.9315217137336731,0.33160868287086487,
2895,0.932692289352417,0.3278542459011078,
2896,0.9338235259056091,0.3246990144252777,
2897,0.93388432264328,0.32463377714157104,
2898,0.934959352016449,0.32070332765579224,
2899,0.9350000023841858,0.3187098503112793,
2900,0.7453703880310059,0.9448137879371643,
2901,0.7607758641242981,0.8916599750518799,
2902,0.774193525314331,0.8460701704025269,
2903,0.7878788113594055,0.8033528923988342,
2904,0.7982142567634583,0.7723811268806458,
2905,0.8057432174682617,0.7415443658828735,
2906,0.8157051205635071,0.7129179835319519,
2907,0.8246951103210449,0.6824966669082642,
2908,0.832848846912384,0.6561384201049805,
2909,0.8402777910232544,0.633039116859436,
2910,0.8470744490623474,0.6118746995925903,
2911,0.8533163070678711,0.5909172892570496,
2912,0.8578431606292725,0.5735286474227905,
2913,0.8620283007621765,0.5587649345397949,
2914,0.8670454621315002,0.543908417224884,
2915,0.8695175647735596,0.5352178812026978,
2916,0.8728813529014587,0.5210031270980835,
2917,0.876024603843689,0.5084404349327087,
2918,0.879960298538208,0.4965948164463043,
2919,0.8836538195610046,0.48424243927001953,
2920,0.8871268630027771,0.47395431995391846,
2921,0.8903985619544983,0.4635050296783447,
2922,0.8934859037399292,0.4536091387271881,
2923,0.8938356041908264,0.448532372713089,
2924,0.8966666460037231,0.4399077892303467,
2925,0.899350643157959,0.4329679012298584,
2926,0.9018987417221069,0.42424890398979187,
2927,0.9035493731498718,0.418827623128891,
2928,0.9051204919815063,0.41304636001586914,
2929,0.9066176414489746,0.40888383984565735,
2930,0.9087643623352051,0.4027034342288971,
2931,0.9101123809814453,0.3966624140739441,
2932,0.9120879173278809,0.38977327942848206,
2933,0.913306474685669,0.3850882351398468,
2934,0.9151315689086914,0.37900158762931824,
2935,0.9162371158599854,0.37437257170677185,
2936,0.9179292917251587,0.3711675703525543,
2937,0.9195544719696045,0.3655296862125397,
2938,0.9211165308952332,0.3620074987411499,
2939,0.9226190447807312,0.358223557472229,
2940,0.9240654110908508,0.3533310890197754,
2941,0.9254587292671204,0.34798136353492737,
2942,0.9268018007278442,0.34301888942718506,
2943,0.9280973672866821,0.33855199813842773,
2944,0.928804337978363,0.33592480421066284,
2945,0.9294871687889099,0.3324909806251526,
2946,0.930672287940979,0.32878774404525757,
2947,0.9318181872367859,0.32578814029693604,
2948,0.932418704032898,0.32235583662986755,
2949,0.9330000281333923,0.31935909390449524,
2950,0.7777777910232544,0.8204378485679626,
2951,0.7931034564971924,0.7680686712265015,
2952,0.8064516186714172,0.7274605631828308,
2953,0.8181818127632141,0.6927576065063477,
2954,0.8285714387893677,0.6620960831642151,
2955,0.837837815284729,0.6344777941703796,
2956,0.8461538553237915,0.6088891625404358,
2957,0.8536585569381714,0.5841207504272461,
2958,0.8590116500854492,0.5629032254219055,
2959,0.8652777671813965,0.5448936223983765,
2960,0.8710106611251831,0.5270094275474548,
2961,0.8762755393981934,0.5104860067367554,
2962,0.8811274766921997,0.49698957800865173,
2963,0.8832547068595886,0.48613256216049194,
2964,0.887499988079071,0.47387826442718506,
2965,0.890350878238678,0.4634045958518982,
2966,0.8930084705352783,0.4502756595611572,
2967,0.8965163826942444,0.4415079355239868,
2968,0.8998016119003296,0.43196892738342285,
2969,0.9019230604171753,0.4243526756763458,
2970,0.9039179086685181,0.4157203733921051,
2971,0.9067028760910034,0.40927398204803467,
2972,0.908450722694397,0.4003516435623169,
2973,0.9101027250289917,0.3959013521671295,
2974,0.9108333587646484,0.39224058389663696,
2975,0.913149356842041,0.3839263916015625,
2976,0.9153481125831604,0.3765318989753723,
2977,0.9166666865348816,0.3739340603351593,
2978,0.9186747074127197,0.3678748309612274,
2979,0.9205882549285889,0.3623923063278198,
2980,0.920976996421814,0.3601250946521759,
2981,0.9220505356788635,0.35638996958732605,
2982,0.9237637519836426,0.35021764039993286,
2983,0.9254032373428345,0.34577256441116333,
2984,0.9269737005233765,0.3422209620475769,
2985,0.9278350472450256,0.33933746814727783,
2986,0.9292929172515869,0.33534151315689087,
2987,0.9306930899620056,0.3313298225402832,
2988,0.9314320683479309,0.3284141421318054,
2989,0.9327380657196045,0.3244665265083313,
2990,0.9328271150588989,0.32234349846839905,
2991,0.9340596199035645,0.31822270154953003,
2992,0.934684693813324,0.3154871165752411,
2993,0.9358407258987427,0.31235310435295105,
2994,0.936413049697876,0.30898141860961914,
2995,0.936965823173523,0.30784112215042114,
2996,0.9380252361297607,0.3051570951938629,
2997,0.9380165338516235,0.30304574966430664,
2998,0.9390243887901306,0.3007880747318268,
2999,0.9394999742507935,0.2986498773097992,
3000,0.7662037014961243,0.8830373287200928,
3001,0.7801724076271057,0.8356010317802429,
3002,0.7943548560142517,0.7900710105895996,
3003,0.8068181872367859,0.7512905597686768,
3004,0.8178571462631226,0.7158132791519165,
3005,0.8277027010917664,0.6841555833816528,
3006,0.8365384340286255,0.6537446975708008,
3007,0.8445122241973877,0.6283918619155884,
3008,0.8517441749572754,0.6096296310424805,
3009,0.8583333492279053,0.5860840082168579,
3010,0.8643617033958435,0.5648228526115417,
3011,0.8698979616165161,0.5457795262336731,
3012,0.875,0.5293412208557129,
3013,0.8797169923782349,0.511833131313324,
3014,0.8840909004211426,0.49833226203918457,
3015,0.8881579041481018,0.48404592275619507,
3016,0.8898305296897888,0.4772196114063263,
3017,0.8934426307678223,0.46594470739364624,
3018,0.89682537317276,0.45699962973594666,
3019,0.8999999761581421,0.4464173913002014,
3020,0.9020522236824036,0.436519593000412,
3021,0.904891312122345,0.4276508688926697,
3022,0.9066901206970215,0.42033541202545166,
3023,0.909246563911438,0.4125092327594757,
3024,0.9116666913032532,0.40493595600128174,
3025,0.9139610528945923,0.3974776864051819,
3026,0.9153481125831604,0.3903847336769104,
3027,0.9166666865348816,0.3851267397403717,
3028,0.9179216623306274,0.3788970708847046,
3029,0.9191176295280457,0.3734312653541565,
3030,0.9195402264595032,0.36992573738098145,
3031,0.9213483333587646,0.36396270990371704,
3032,0.9230769276618958,0.35851630568504333,
3033,0.9240591526031494,0.3541770577430725,
3034,0.9256578683853149,0.34826070070266724,
3035,0.9265463948249817,0.3442375063896179,
3036,0.9280303120613098,0.33988454937934875,
3037,0.9294554591178894,0.3344042897224426,
3038,0.9302184581756592,0.33050861954689026,
3039,0.9315476417541504,0.3262726664543152,
3040,0.9322429895401001,0.32353121042251587,
3041,0.9329128265380859,0.3202368915081024,
3042,0.9341216087341309,0.3160043954849243,
3043,0.935287594795227,0.3115829825401306,
3044,0.935869574546814,0.3089982867240906,
3045,0.9364316463470459,0.3056638538837433,
3046,0.9375,0.3026092052459717,
3047,0.9385330677032471,0.2997378706932068,
3048,0.9395325183868408,0.29690226912498474,
3049,0.940500020980835,0.29315194487571716,
3050,0.7847222089767456,0.8489041924476624,
3051,0.7974137663841248,0.8028744459152222,
3052,0.8104838728904724,0.7559558153152466,
3053,0.8219696879386902,0.7210872769355774,
3054,0.8321428298950195,0.6844853162765503,
3055,0.8412162065505981,0.6542722582817078,
3056,0.8493589758872986,0.6258726119995117,
3057,0.8567073345184326,0.6000999808311462,
3058,0.8619186282157898,0.5772295594215393,
3059,0.8680555820465088,0.5586472749710083,
3060,0.8723404407501221,0.5427404642105103,
3061,0.8775510191917419,0.527014434337616,
3062,0.8811274766921997,0.5193578600883484,
3063,0.8844339847564697,0.5042040944099426,
3064,0.8886363506317139,0.49150946736335754,
3065,0.8925438523292542,0.4770374894142151,
3066,0.8961864113807678,0.4637092649936676,
3067,0.8995901346206665,0.45236659049987793,
3068,0.9027777910232544,0.4409412443637848,
3069,0.9057692289352417,0.43056756258010864,
3070,0.9076492786407471,0.4225625693798065,
3071,0.9094203114509583,0.41389596462249756,
3072,0.9110915660858154,0.40986722707748413,
3073,0.9135273694992065,0.4031059443950653,
3074,0.9150000214576721,0.3962331712245941,
3075,0.9172077775001526,0.38898763060569763,
3076,0.9193037748336792,0.38104140758514404,
3077,0.9212962985038757,0.3744345009326935,
3078,0.9224397540092468,0.368532657623291,
3079,0.9235293865203857,0.36483633518218994,
3080,0.9245689511299133,0.3608333468437195,
3081,0.9262640476226807,0.35553640127182007,
3082,0.9278846383094788,0.34988781809806824,
3083,0.9294354915618896,0.3460499346256256,
3084,0.9309210777282715,0.34149953722953796,
3085,0.9323453903198242,0.3358660936355591,
3086,0.9337121248245239,0.3319348692893982,
3087,0.9344059228897095,0.33068227767944336,
3088,0.9356796145439148,0.3256361484527588,
3089,0.936904788017273,0.3207777738571167,
3090,0.9380841255187988,0.31788378953933716,
3091,0.9392201900482178,0.31382450461387634,
3092,0.940315306186676,0.31050440669059753,
3093,0.9408186078071594,0.30782827734947205,
3094,0.9418478012084961,0.30465060472488403,
3095,0.9428418874740601,0.30115342140197754,
3096,0.943802535533905,0.29777535796165466,
3097,0.9447314143180847,0.2951180040836334,
3098,0.9451219439506531,0.2916664183139801,
3099,0.9459999799728394,0.2887371778488159,
3100,0.7824074029922485,0.8335279822349548,
3101,0.795258641242981,0.7915602326393127,
3102,0.8084677457809448,0.7476171255111694,
3103,0.8200757503509521,0.7076358199119568,
3104,0.8303571343421936,0.674795389175415,
3105,0.8395270109176636,0.6434956192970276,
3106,0.8477563858032227,0.614666223526001,
3107,0.855182945728302,0.5911410450935364,
3108,0.8619186282157898,0.5695124268531799,
3109,0.8666666746139526,0.5532679557800293,
3110,0.8723404407501221,0.5348857641220093,
3111,0.8775510191917419,0.5185276865959167,
3112,0.8823529481887817,0.5032228827476501,
3113,0.8867924809455872,0.488162100315094,
3114,0.8909090757369995,0.47563719749450684,
3115,0.8947368264198303,0.4625034034252167,
3116,0.8983050584793091,0.45115724205970764,
3117,0.9016393423080444,0.43948549032211304,
3118,0.9047619104385376,0.4332517981529236,
3119,0.9076923131942749,0.42551666498184204,
3120,0.9104477763175964,0.4163953363895416,
3121,0.9130434989929199,0.4063853621482849,
3122,0.9154929518699646,0.3968472480773926,
3123,0.9178082346916199,0.3904593288898468,
3124,0.9200000166893005,0.3830905258655548,
3125,0.9220778942108154,0.37742453813552856,
3126,0.9232594966888428,0.37327396869659424,
3127,0.9251543283462524,0.3659508228302002,
3128,0.9262048006057739,0.36242932081222534,
3129,0.9279412031173706,0.35673069953918457,
3130,0.9295976758003235,0.3511287569999695,
3131,0.930477499961853,0.34775644540786743,
3132,0.9320054650306702,0.34193840622901917,
3133,0.9334677457809448,0.33751386404037476,
3134,0.9348683953285217,0.3323374390602112,
3135,0.9355670213699341,0.32902657985687256,
3136,0.9368686676025391,0.32419267296791077,
3137,0.9381188154220581,0.32002976536750793,
3138,0.9393203854560852,0.31557607650756836,
3139,0.9404761791229248,0.3111092448234558,
3140,0.9415887594223022,0.3067716360092163,
3141,0.9426605701446533,0.3042905628681183,
3142,0.9436936974525452,0.3010655641555786,
3143,0.9446902871131897,0.297427773475647,
3144,0.945652186870575,0.29470953345298767,
3145,0.9465811848640442,0.2908707857131958,
3146,0.9469537734985352,0.2879175543785095,
3147,0.9478305578231812,0.28567197918891907,
3148,0.9486788511276245,0.28272825479507446,
3149,0.9490000009536743,0.2806761860847473,
3150,0.7037037014961243,1.0518912076950073,
3151,0.7219827771186829,0.9926755428314209,
3152,0.7399193644523621,0.9336116313934326,
3153,0.7537878751754761,0.8843637108802795,
3154,0.7678571343421936,0.8417819738388062,
3155,0.7804054021835327,0.8080228567123413,
3156,0.7916666865348816,0.7725768089294434,
3157,0.8003048896789551,0.7433361411094666,
3158,0.8095930218696594,0.7139319181442261,
3159,0.8180555701255798,0.6884493231773376,
3160,0.8257978558540344,0.6632832288742065,
3161,0.8303571343421936,0.6421523094177246,
3162,0.8370097875595093,0.6228582262992859,
3163,0.8408018946647644,0.606336772441864,
3164,0.8465909361839294,0.5886861681938171,
3165,0.8519737124443054,0.5720004439353943,
3166,0.8569915294647217,0.5562668442726135,
3167,0.8616803288459778,0.5409088730812073,
3168,0.8660714030265808,0.5273693799972534,
3169,0.870192289352417,0.5137454867362976,
3170,0.8740671873092651,0.5011346936225891,
3171,0.8777173757553101,0.49001550674438477,
3172,0.8811619877815247,0.4789280891418457,
3173,0.8844178318977356,0.4682103395462036,
3174,0.8866666555404663,0.45934510231018066,
3175,0.8896104097366333,0.45058420300483704,
3176,0.8916139006614685,0.44304415583610535,
3177,0.8942901492118835,0.43414542078971863,
3178,0.8968373537063599,0.42702236771583557,
3179,0.8985294103622437,0.41845375299453735,
3180,0.9008620977401733,0.4126843512058258,
3181,0.9030898809432983,0.4054065942764282,
3182,0.9052197933197021,0.39840736985206604,
3183,0.9065860509872437,0.39566922187805176,
3184,0.9078947305679321,0.390044629573822,
3185,0.9097937941551208,0.3841519057750702,
3186,0.9116161465644836,0.3789220452308655,
3187,0.9121286869049072,0.3770390748977661,
3188,0.9138349294662476,0.37183740735054016,
3189,0.9154762029647827,0.3679310381412506,
3190,0.9170560836791992,0.36397600173950195,
3191,0.9185779690742493,0.3592659533023834,
3192,0.920045018196106,0.3537105321884155,
3193,0.9214601516723633,0.34836485981941223,
3194,0.9228261113166809,0.34515994787216187,
3195,0.9241452813148499,0.3404029905796051,
3196,0.9254201650619507,0.3373396098613739,
3197,0.9266529083251953,0.3329208195209503,
3198,0.9278455376625061,0.3293716609477997,
3199,0.9290000200271606,0.3265371024608612,
3200,0.7777777910232544,0.7906733751296997,
3201,0.7931034564971924,0.7453604936599731,
3202,0.8064516186714172,0.7027437090873718,
3203,0.8181818127632141,0.6675152778625488,
3204,0.8285714387893677,0.6327162981033325,
3205,0.837837815284729,0.6041759252548218,
3206,0.8461538553237915,0.5787444710731506,
3207,0.8536585569381714,0.5549907684326172,
3208,0.8604651093482971,0.5361769199371338,
3209,0.8666666746139526,0.5182294845581055,
3210,0.8723404407501221,0.49940165877342224,
3211,0.8775510191917419,0.4814603626728058,
3212,0.8823529481887817,0.4671081602573395,
3213,0.8867924809455872,0.45551156997680664,
3214,0.8909090757369995,0.4441160261631012,
3215,0.8947368264198303,0.4340245723724365,
3216,0.8983050584793091,0.4225638508796692,
3217,0.9016393423080444,0.41387882828712463,
3218,0.9047619104385376,0.40474429726600647,
3219,0.9076923131942749,0.39466020464897156,
3220,0.9095149040222168,0.3875880539417267,
3221,0.9121376872062683,0.38027122616767883,
3222,0.9146126508712769,0.37191489338874817,
3223,0.9160959124565125,0.3680906295776367,
3224,0.9183333516120911,0.36262446641921997,
3225,0.9204545617103577,0.35612553358078003,
3226,0.9216772317886353,0.35152554512023926,
3227,0.9236111044883728,0.3449274003505707,
3228,0.9246987700462341,0.34125030040740967,
3229,0.9264705777168274,0.33557167649269104,
3230,0.9281609058380127,0.32999590039253235,
3231,0.9297752976417542,0.327167272567749,
3232,0.9313187003135681,0.3229290246963501,
3233,0.9327957034111023,0.31808072328567505,
3234,0.9342105388641357,0.3135521411895752,
3235,0.9355670213699341,0.30903077125549316,
3236,0.9368686676025391,0.30651628971099854,
3237,0.9381188154220581,0.30277830362319946,
3238,0.9393203854560852,0.2999294102191925,
3239,0.9404761791229248,0.2962472140789032,
3240,0.9415887594223022,0.2926934063434601,
3241,0.9426605701446533,0.29018864035606384,
3242,0.943130612373352,0.2876831293106079,
3243,0.9435840845108032,0.28509828448295593,
3244,0.9445652365684509,0.2816775143146515,
3245,0.9455128312110901,0.27889469265937805,
3246,0.9464285969734192,0.2762471139431,
3247,0.9473140239715576,0.27483493089675903,
3248,0.9481707215309143,0.27191972732543945,
3249,0.9484999775886536,0.2696872353553772,
3250,0.7939814925193787,0.8054737448692322,
3251,0.8081896305084229,0.7577531337738037,
3252,0.8205645084381104,0.7189781665802002,
3253,0.8314393758773804,0.6827141046524048,
3254,0.8410714268684387,0.648784339427948,
3255,0.8479729890823364,0.6197168827056885,
3256,0.8557692170143127,0.5940937995910645,
3257,0.8612805008888245,0.571548581123352,
3258,0.867732584476471,0.5533460378646851,
3259,0.8736110925674438,0.5345169901847839,
3260,0.8789893388748169,0.5156534314155579,
3261,0.8839285969734192,0.498217910528183,
3262,0.8872548937797546,0.4861699938774109,
3263,0.8915094137191772,0.47215524315834045,
3264,0.894318163394928,0.45957526564598083,
3265,0.8980262875556946,0.4480450749397278,
3266,0.9004237055778503,0.43659907579421997,
3267,0.9036885499954224,0.4246385097503662,
3268,0.9057539701461792,0.41561654210090637,
3269,0.9086538553237915,0.4054173231124878,
3270,0.9113805890083313,0.39589163661003113,
3271,0.9139492511749268,0.38712024688720703,
3272,0.9163732528686523,0.3799378275871277,
3273,0.9186643958091736,0.37127208709716797,
3274,0.9208333492279053,0.3641427755355835,
3275,0.9220778942108154,0.3571511209011078,
3276,0.9240506291389465,0.34930330514907837,
3277,0.9259259104728699,0.3433874547481537,
3278,0.9277108311653137,0.3376796543598175,
3279,0.929411768913269,0.33169934153556824,
3280,0.931034505367279,0.3268078565597534,
3281,0.932584285736084,0.3216549754142761,
3282,0.9340659379959106,0.31743165850639343,
3283,0.9354838728904724,0.3129793703556061,
3284,0.9368420839309692,0.3085448741912842,
3285,0.938144326210022,0.30428773164749146,
3286,0.939393937587738,0.30074605345726013,
3287,0.9405940771102905,0.2968882620334625,
3288,0.9411407709121704,0.2933058738708496,
3289,0.9422619342803955,0.2899966537952423,
3290,0.9427570104598999,0.28860005736351013,
3291,0.9438073635101318,0.2855396568775177,
3292,0.9448198080062866,0.2829960584640503,
3293,0.9457964897155762,0.2801190912723541,
3294,0.946195662021637,0.27726083993911743,
3295,0.9471153616905212,0.2750818431377411,
3296,0.9474790096282959,0.2729724049568176,
3297,0.9483470916748047,0.27104389667510986,
3298,0.9491869807243347,0.2687009871006012,
3299,0.949999988079071,0.2659197449684143,
3300,0.7754629850387573,0.8865010142326355,
3301,0.7909482717514038,0.8343454003334045,
3302,0.8044354915618896,0.7861448526382446,
3303,0.814393937587738,0.7468621134757996,
3304,0.824999988079071,0.7109773755073547,
3305,0.8344594836235046,0.677143931388855,
3306,0.8429487347602844,0.6483346223831177,
3307,0.8506097793579102,0.6204373240470886,
3308,0.8575581312179565,0.5962480902671814,
3309,0.8638888597488403,0.5729982852935791,
3310,0.8696808218955994,0.555711030960083,
3311,0.875,0.5346735715866089,
3312,0.8799019455909729,0.5181471705436707,
3313,0.8844339847564697,0.5047866106033325,
3314,0.8886363506317139,0.4901917576789856,
3315,0.8925438523292542,0.4757072627544403,
3316,0.8961864113807678,0.46242257952690125,
3317,0.8995901346206665,0.45186835527420044,
3318,0.9027777910232544,0.44265416264533997,
3319,0.9057692289352417,0.4326395094394684,
3320,0.9085820913314819,0.42236292362213135,
3321,0.9094203114509583,0.41670507192611694,
3322,0.9119718074798584,0.40758246183395386,
3323,0.9135273694992065,0.40251487493515015,
3324,0.9158333539962769,0.39515745639801025,
3325,0.9180194735527039,0.38773736357688904,
3326,0.920094907283783,0.37998878955841064,
3327,0.9220678806304932,0.3739641308784485,
3328,0.9239457845687866,0.3669385612010956,
3329,0.925000011920929,0.36166632175445557,
3330,0.9267241358757019,0.35633721947669983,
3331,0.9283707737922668,0.35039034485816956,
3332,0.9299450516700745,0.34602639079093933,
3333,0.9314516186714172,0.34049293398857117,
3334,0.932894766330719,0.33534422516822815,
3335,0.9342783689498901,0.33082935214042664,
3336,0.935606062412262,0.32577577233314514,
3337,0.9362623691558838,0.3223286271095276,
3338,0.9368932247161865,0.3182157874107361,
3339,0.9375,0.31470999121665955,
3340,0.9380841255187988,0.31224310398101807,
3341,0.9392201900482178,0.30899709463119507,
3342,0.940315306186676,0.30449527502059937,
3343,0.9413716793060303,0.30098971724510193,
3344,0.9423912763595581,0.2983767092227936,
3345,0.9433760643005371,0.29618266224861145,
3346,0.944327712059021,0.29409581422805786,
3347,0.9447314143180847,0.29152944684028625,
3348,0.9456300735473633,0.2898935079574585,
3349,0.9465000033378601,0.28602486848831177,
3350,0.7916666865348816,0.7860066890716553,
3351,0.806034505367279,0.7431517839431763,
3352,0.8165322542190552,0.7058092355728149,
3353,0.8276515007019043,0.6707441806793213,
3354,0.8357142806053162,0.6413527131080627,
3355,0.8445945978164673,0.6092274785041809,
3356,0.8525640964508057,0.584786593914032,
3357,0.8597561120986938,0.5632069110870361,
3358,0.8662790656089783,0.5423257350921631,
3359,0.8722222447395325,0.5227505564689636,
3360,0.8776595592498779,0.5064682364463806,
3361,0.8826530575752258,0.48833298683166504,
3362,0.8872548937797546,0.47518935799598694,
3363,0.8903301954269409,0.46602216362953186,
3364,0.894318163394928,0.45235300064086914,
3365,0.8969298005104065,0.441678911447525,
3366,0.9004237055778503,0.4311226010322571,
3367,0.9036885499954224,0.41984689235687256,
3368,0.9057539701461792,0.40946871042251587,
3369,0.9086538553237915,0.3999398946762085,
3370,0.9113805890083313,0.39135634899139404,
3371,0.9130434989929199,0.38450127840042114,
3372,0.9154929518699646,0.3784237802028656,
3373,0.9178082346916199,0.3718011975288391,
3374,0.9200000166893005,0.36581531167030334,
3375,0.9220778942108154,0.36032411456108093,
3376,0.9240506291389465,0.3547629714012146,
3377,0.9259259104728699,0.34693047404289246,
3378,0.9277108311653137,0.34003499150276184,
3379,0.9286764860153198,0.3355451822280884,
3380,0.9295976758003235,0.3307124674320221,
3381,0.9311797618865967,0.32496750354766846,
3382,0.932692289352417,0.31979331374168396,
3383,0.9341397881507874,0.3143848180770874,
3384,0.9355263113975525,0.3092148005962372,
3385,0.936855673789978,0.305546373128891,
3386,0.9381313323974609,0.3017328679561615,
3387,0.9393564462661743,0.29750046133995056,
3388,0.9405339956283569,0.294278621673584,
3389,0.9416666626930237,0.2906239330768585,
3390,0.9415887594223022,0.28884416818618774,
3391,0.9426605701446533,0.2855730950832367,
3392,0.9436936974525452,0.2820189595222473,
3393,0.9446902871131897,0.2793450355529785,
3394,0.945652186870575,0.27668991684913635,
3395,0.9465811848640442,0.27436259388923645,
3396,0.9474790096282959,0.27123337984085083,
3397,0.9483470916748047,0.268317312002182,
3398,0.9491869807243347,0.2659451365470886,
3399,0.949999988079071,0.26296180486679077,
3400,0.7615740895271301,0.8852950930595398,
3401,0.7780172228813171,0.8332335948944092,
3402,0.7923387289047241,0.7862626910209656,
3403,0.8049242496490479,0.745966374874115,
3404,0.8160714507102966,0.7129966020584106,
3405,0.8260135054588318,0.6773604154586792,
3406,0.8349359035491943,0.6501400470733643,
3407,0.8429877758026123,0.6231160759925842,
3408,0.8488371968269348,0.6005205512046814,
3409,0.855555534362793,0.5772745609283447,
3410,0.8603723645210266,0.5604560375213623,
3411,0.8660714030265808,0.5429515242576599,
3412,0.8713235259056091,0.5252096652984619,
3413,0.8761792182922363,0.5097846388816833,
3414,0.8806818127632141,0.49505722522735596,
3415,0.8848684430122375,0.4797998368740082,
3416,0.8887711763381958,0.46706992387771606,
3417,0.8903688788414001,0.458862841129303,
3418,0.8938491940498352,0.4481467306613922,
3419,0.8971154093742371,0.43676096200942993,
3420,0.9001865386962891,0.42586392164230347,
3421,0.9030796885490417,0.41606616973876953,
3422,0.9049295783042908,0.4085298478603363,
3423,0.9075342416763306,0.39957332611083984,
3424,0.9100000262260437,0.39307326078414917,
3425,0.9123376607894897,0.38609805703163147,
3426,0.9145569801330566,0.37793415784835815,
3427,0.9166666865348816,0.37107908725738525,
3428,0.9179216623306274,0.36548319458961487,
3429,0.9198529124259949,0.3591936528682709,
3430,0.920976996421814,0.3543317914009094,
3431,0.9227527976036072,0.3485727608203888,
3432,0.9244505763053894,0.34260493516921997,
3433,0.926075279712677,0.3369677662849426,
3434,0.9269737005233765,0.33211255073547363,
3435,0.9284793734550476,0.3268444538116455,
3436,0.9299242496490479,0.32139697670936584,
3437,0.9306930899620056,0.3181609809398651,
3438,0.9320388436317444,0.3137432634830475,
3439,0.9321428537368774,0.3130578398704529,
3440,0.9334112405776978,0.3086740970611572,
3441,0.9346330165863037,0.30485999584198,
3442,0.9358108043670654,0.3009757399559021,
3443,0.9369469285011292,0.298124223947525,
3444,0.938043475151062,0.29584863781929016,
3445,0.9391025900840759,0.29194626212120056,
3446,0.9401260614395142,0.2887117862701416,
3447,0.94111567735672,0.28591597080230713,
3448,0.9420731663703918,0.2830811142921448,
3449,0.9430000185966492,0.2794071137905121,
3450,0.8009259104728699,0.8248329162597656,
3451,0.8103448152542114,0.7823827862739563,
3452,0.8205645084381104,0.7415920495986938,
3453,0.8314393758773804,0.7009055614471436,
3454,0.8410714268684387,0.6676477789878845,
3455,0.849662184715271,0.6418362855911255,
3456,0.8573718070983887,0.6158404350280762,
3457,0.8643292784690857,0.5923610925674438,
3458,0.8706395626068115,0.568634569644928,
3459,0.8763889074325562,0.5466209650039673,
3460,0.8803191781044006,0.5322328805923462,
3461,0.8852040767669678,0.5139172077178955,
3462,0.8897058963775635,0.5002241134643555,
3463,0.8926886916160583,0.4849054515361786,
3464,0.8965908885002136,0.4706859588623047,
3465,0.9002193212509155,0.46222615242004395,
3466,0.9036017060279846,0.4480658173561096,
3467,0.9067623019218445,0.4374116361141205,
3468,0.9097222089767456,0.42521488666534424,
3469,0.9125000238418579,0.4140271842479706,
3470,0.9151119589805603,0.40452948212623596,
3471,0.9175724387168884,0.39539891481399536,
3472,0.9190140962600708,0.3897000551223755,
3473,0.9212328791618347,0.38221466541290283,
3474,0.9233333468437195,0.3738977015018463,
3475,0.9245129823684692,0.3683592677116394,
3476,0.9264240264892578,0.36071860790252686,
3477,0.9282407164573669,0.35403257608413696,
3478,0.9299699068069458,0.34728264808654785,
3479,0.9316176176071167,0.34097012877464294,
3480,0.9331896305084229,0.33732566237449646,
3481,0.9346910119056702,0.3316730260848999,
3482,0.9361263513565063,0.3262594938278198,
3483,0.9375,0.32092714309692383,
3484,0.9388157725334167,0.31682226061820984,
3485,0.9400773048400879,0.3119303584098816,
3486,0.9412878751754761,0.30792728066444397,
3487,0.9424505233764648,0.3033566176891327,
3488,0.9435679316520691,0.2989179790019989,
3489,0.9440476298332214,0.29629388451576233,
3490,0.9450934529304504,0.2921997904777527,
3491,0.9461008906364441,0.28937461972236633,
3492,0.9470720887184143,0.285999596118927,
3493,0.9480088353157043,0.28249475359916687,
3494,0.948369562625885,0.27957260608673096,
3495,0.9492521286010742,0.2766226828098297,
3496,0.9495798349380493,0.27429065108299255,
3497,0.9504132270812988,0.27145856618881226,
3498,0.9512194991111755,0.26782140135765076,
3499,0.9514999985694885,0.2698328495025635,
3500,0.7847222089767456,0.789304256439209,
3501,0.7995689511299133,0.7412238717079163,
3502,0.8104838728904724,0.712427020072937,
3503,0.8219696879386902,0.6826825141906738,
3504,0.8303571343421936,0.6517885327339172,
3505,0.837837815284729,0.6240641474723816,
3506,0.8461538553237915,0.5972031354904175,
3507,0.8536585569381714,0.5723963975906372,
3508,0.8590116500854492,0.5580765008926392,
3509,0.8652777671813965,0.5371369123458862,
3510,0.8710106611251831,0.5197541117668152,
3511,0.8762755393981934,0.5021909475326538,
3512,0.8811274766921997,0.4887770116329193,
3513,0.885613203048706,0.47296956181526184,
3514,0.8897727131843567,0.46064630150794983,
3515,0.8925438523292542,0.4500912129878998,
3516,0.8961864113807678,0.4372413158416748,
3517,0.8995901346206665,0.4283135235309601,
3518,0.9027777910232544,0.41737934947013855,
3519,0.9048076868057251,0.4085652828216553,
3520,0.9057835936546326,0.4043281376361847,
3521,0.9067028760910034,0.39756375551223755,
3522,0.9093309640884399,0.3884592056274414,
3523,0.9118150472640991,0.37955421209335327,
3524,0.9141666889190674,0.37080147862434387,
3525,0.9163960814476013,0.36324721574783325,
3526,0.9185126423835754,0.35682228207588196,
3527,0.9205247163772583,0.3508141338825226,
3528,0.9224397540092468,0.34584954380989075,
3529,0.9242647290229797,0.33928099274635315,
3530,0.9260057210922241,0.3335428833961487,
3531,0.9276685118675232,0.3278169631958008,
3532,0.9292582273483276,0.3224903643131256,
3533,0.9307795763015747,0.3169991672039032,
3534,0.9322368502616882,0.3123367130756378,
3535,0.9336340427398682,0.3070068955421448,
3536,0.934974730014801,0.3023291230201721,
3537,0.9362623691558838,0.29858627915382385,
3538,0.9375,0.29381072521209717,
3539,0.938095211982727,0.29207107424736023,
3540,0.9392523169517517,0.28879159688949585,
3541,0.9403669834136963,0.2853092551231384,
3542,0.9414414167404175,0.28173354268074036,
3543,0.9424778819084167,0.27849459648132324,
3544,0.9429348111152649,0.2761960029602051,
3545,0.9433760643005371,0.2733629643917084,
3546,0.943802535533905,0.2714584767818451,
3547,0.9442148804664612,0.2689879834651947,
3548,0.9441056847572327,0.2682586908340454,
3549,0.9449999928474426,0.2656334638595581,
3550,0.7777777910232544,0.8351341485977173,
3551,0.7931034564971924,0.7885971665382385,
3552,0.8044354915618896,0.7491530776023865,
3553,0.8162878751754761,0.7087447047233582,
3554,0.8267857432365417,0.6712621450424194,
3555,0.8361486196517944,0.6427847743034363,
3556,0.8445512652397156,0.6142497062683105,
3557,0.8521341681480408,0.5899161100387573,
3558,0.8590116500854492,0.5663532018661499,
3559,0.8652777671813965,0.5493661165237427,
3560,0.8710106611251831,0.5314328074455261,
3561,0.8762755393981934,0.5123051404953003,
3562,0.8811274766921997,0.4973452091217041,
3563,0.8844339847564697,0.48414841294288635,
3564,0.8886363506317139,0.4700377583503723,
3565,0.8925438523292542,0.4554603695869446,
3566,0.8961864113807678,0.4430589973926544,
3567,0.8985655903816223,0.43570461869239807,
3568,0.9017857313156128,0.424677312374115,
3569,0.9048076868057251,0.4138616919517517,
3570,0.9076492786407471,0.405509889125824,
3571,0.9103260636329651,0.3983641564846039,
3572,0.9119718074798584,0.3955131471157074,
3573,0.9135273694992065,0.3894329071044922,
3574,0.9158333539962769,0.38120540976524353,
3575,0.9180194735527039,0.37411388754844666,
3576,0.920094907283783,0.3666312098503113,
3577,0.9220678806304932,0.36029520630836487,
3578,0.9239457845687866,0.35274869203567505,
3579,0.9257352948188782,0.34666943550109863,
3580,0.9274425506591797,0.3437815308570862,
3581,0.9290730357170105,0.33723926544189453,
3582,0.9306318759918213,0.3320772647857666,
3583,0.9321236610412598,0.3260062336921692,
3584,0.933552622795105,0.3202473223209381,
3585,0.9349226951599121,0.31472739577293396,
3586,0.9362373948097229,0.31035250425338745,
3587,0.9375,0.30537673830986023,
3588,0.9387136101722717,0.30070778727531433,
3589,0.9398809671401978,0.29720941185951233,
3590,0.9404205679893494,0.29417407512664795,
3591,0.9409403800964355,0.29181089997291565,
3592,0.9414414167404175,0.288833886384964,
3593,0.9419247508049011,0.28854119777679443,
3594,0.9429348111152649,0.2846711277961731,
3595,0.9433760643005371,0.2820627987384796,
3596,0.944327712059021,0.2787640392780304,
3597,0.9452479481697083,0.275798499584198,
3598,0.9461382031440735,0.2725888788700104,
3599,0.9470000267028809,0.2695251405239105,
3600,0.7962962985038757,0.7754378914833069,
3601,0.8103448152542114,0.730851411819458,
3602,0.8225806355476379,0.6931232810020447,
3603,0.8333333134651184,0.6584704518318176,
3604,0.8428571224212646,0.6302853226661682,
3605,0.8513513803482056,0.6028531193733215,
3606,0.8573718070983887,0.5769538283348083,
3607,0.8628048896789551,0.5541693568229675,
3608,0.8691860437393188,0.5368356704711914,
3609,0.8736110925674438,0.5202942490577698,
3610,0.876329779624939,0.5046365857124329,
3611,0.8801020383834839,0.49238499999046326,
3612,0.8848039507865906,0.4770869016647339,
3613,0.8879716992378235,0.46433499455451965,
3614,0.8909090757369995,0.45391646027565,
3615,0.8947368264198303,0.4406503438949585,
3616,0.8983050584793091,0.42838722467422485,
3617,0.9016393423080444,0.4169831871986389,
3618,0.9047619104385376,0.4061487317085266,
3619,0.9076923131942749,0.3957310616970062,
3620,0.9104477763175964,0.38630619645118713,
3621,0.9130434989929199,0.37904223799705505,
3622,0.9154929518699646,0.3710739314556122,
3623,0.9178082346916199,0.36346909403800964,
3624,0.9200000166893005,0.3565105199813843,
3625,0.9220778942108154,0.3500555455684662,
3626,0.9240506291389465,0.34301701188087463,
3627,0.9259259104728699,0.3372257351875305,
3628,0.9269578456878662,0.3320726156234741,
3629,0.9279412031173706,0.32702159881591797,
3630,0.9295976758003235,0.32354938983917236,
3631,0.9311797618865967,0.31920188665390015,
3632,0.932692289352417,0.31401485204696655,
3633,0.9341397881507874,0.3096027970314026,
3634,0.9355263113975525,0.30507758259773254,
3635,0.936855673789978,0.3006105422973633,
3636,0.9381313323974609,0.2963656783103943,
3637,0.9393564462661743,0.29264381527900696,
3638,0.9405339956283569,0.28811368346214294,
3639,0.9410714507102966,0.28625738620758057,
3640,0.9421728849411011,0.2828092575073242,
3641,0.9426605701446533,0.2800160348415375,
3642,0.9436936974525452,0.2763305604457855,
3643,0.9446902871131897,0.27275291085243225,
3644,0.945652186870575,0.27017223834991455,
3645,0.9465811848640442,0.26676392555236816,
3646,0.9474790096282959,0.2638522684574127,
3647,0.9478305578231812,0.26131361722946167,
3648,0.9481707215309143,0.26008379459381104,
3649,0.9484999775886536,0.2584638297557831,
3650,0.7893518805503845,0.8225352764129639,
3651,0.8038793206214905,0.7719123959541321,
3652,0.8165322542190552,0.7306286692619324,
3653,0.8276515007019043,0.6925413012504578,
3654,0.8374999761581421,0.6586939096450806,
3655,0.8445945978164673,0.6307365298271179,
3656,0.8525640964508057,0.6031023859977722,
3657,0.8597561120986938,0.5772272944450378,
3658,0.8662790656089783,0.553179144859314,
3659,0.8708333373069763,0.5349811911582947,
3660,0.876329779624939,0.5161752700805664,
3661,0.8801020383834839,0.5002685189247131,
3662,0.8848039507865906,0.4860854744911194,
3663,0.8891509175300598,0.4719153344631195,
3664,0.8920454382896423,0.4589914083480835,
3665,0.8958333134651184,0.44587332010269165,
3666,0.8993644118309021,0.4338914453983307,
3667,0.9026639461517334,0.4246264398097992,
3668,0.9057539701461792,0.4157463014125824,
3669,0.9086538553237915,0.40462470054626465,
3670,0.9113805890083313,0.3947088122367859,
3671,0.9139492511749268,0.3871574401855469,
3672,0.9163732528686523,0.3805624842643738,
3673,0.9186643958091736,0.3722350001335144,
3674,0.9208333492279053,0.36496156454086304,
3675,0.9220778942108154,0.3591029942035675,
3676,0.9240506291389465,0.3520239591598511,
3677,0.9259259104728699,0.34556764364242554,
3678,0.9277108311653137,0.3389281630516052,
3679,0.9286764860153198,0.3348846733570099,
3680,0.9288793206214905,0.3328441381454468,
3681,0.930477499961853,0.32793956995010376,
3682,0.9320054650306702,0.32221701741218567,
3683,0.9334677457809448,0.3170807659626007,
3684,0.9348683953285217,0.312758207321167,
3685,0.936211347579956,0.3080410659313202,
3686,0.9368686676025391,0.3037848174571991,
3687,0.9381188154220581,0.2997066080570221,
3688,0.9393203854560852,0.29523763060569763,
3689,0.9404761791229248,0.2909644544124603,
3690,0.9415887594223022,0.28740444779396057,
3691,0.9426605701446533,0.2829436659812927,
3692,0.9436936974525452,0.2796124517917633,
3693,0.9446902871131897,0.27601826190948486,
3694,0.945652186870575,0.2727121412754059,
3695,0.9465811848640442,0.2688921093940735,
3696,0.9474790096282959,0.26653003692626953,
3697,0.9483470916748047,0.2636886239051819,
3698,0.9491869807243347,0.26123499870300293,
3699,0.949999988079071,0.25807085633277893,
3700,0.8009259104728699,0.7919393181800842,
3701,0.8146551847457886,0.7450692653656006,
3702,0.8266128897666931,0.7097167372703552,
3703,0.8371211886405945,0.6721246838569641,
3704,0.8464285731315613,0.6392022371292114,
3705,0.8547297120094299,0.6108728647232056,
3706,0.8621794581413269,0.5851160883903503,
3707,0.8673780560493469,0.5641685724258423,
3708,0.8735465407371521,0.5408696532249451,
3709,0.8777777552604675,0.5232051610946655,
3710,0.8829787373542786,0.5055831074714661,
3711,0.8877550959587097,0.48844972252845764,
3712,0.8909313678741455,0.47297200560569763,
3713,0.8938679099082947,0.46007028222084045,
3714,0.8977272510528564,0.44770002365112305,
3715,0.9013158082962036,0.4361324608325958,
3716,0.9046609997749329,0.42596521973609924,
3717,0.9077869057655334,0.41501864790916443,
3718,0.908730149269104,0.40637046098709106,
3719,0.9115384817123413,0.39678213000297546,
3720,0.9141790866851807,0.388631671667099,
3721,0.9166666865348816,0.38064587116241455,
3722,0.9190140962600708,0.37371957302093506,
3723,0.9212328791618347,0.36525237560272217,
3724,0.9225000143051147,0.35814234614372253,
3725,0.9245129823684692,0.35137099027633667,
3726,0.9264240264892578,0.3455694019794464,
3727,0.9274691343307495,0.34249234199523926,
3728,0.928463876247406,0.33850350975990295,
3729,0.929411768913269,0.3322484791278839,
3730,0.931034505367279,0.3270508050918579,
3731,0.932584285736084,0.32232996821403503,
3732,0.9340659379959106,0.31712988018989563,
3733,0.9354838728904724,0.31373175978660583,
3734,0.9361842274665833,0.3110911250114441,
3735,0.9375,0.307761549949646,
3736,0.9381313323974609,0.3030799925327301,
3737,0.9393564462661743,0.2987929880619049,
3738,0.9405339956283569,0.29495203495025635,
3739,0.9416666626930237,0.2912415862083435,
3740,0.9427570104598999,0.2894037365913391,
3741,0.9438073635101318,0.2859354317188263,
3742,0.9448198080062866,0.28182899951934814,
3743,0.9457964897155762,0.2775779366493225,
3744,0.946739137172699,0.27374526858329773,
3745,0.9476495981216431,0.2711562216281891,
3746,0.9485294222831726,0.26816022396087646,
3747,0.9493801593780518,0.2647581100463867,
3748,0.9502032399177551,0.26134154200553894,
3749,0.9509999752044678,0.2584080994129181,
3750,0.7824074029922485,0.8130838871002197,
3751,0.7974137663841248,0.7634003758430481,
3752,0.8104838728904724,0.7194323539733887,
3753,0.8219696879386902,0.6816542148590088,
3754,0.8321428298950195,0.6469115614891052,
3755,0.8412162065505981,0.6167638897895813,
3756,0.8493589758872986,0.5889256596565247,
3757,0.8567073345184326,0.5649663209915161,
3758,0.8633720874786377,0.5420280694961548,
3759,0.8694444298744202,0.522519052028656,
3760,0.875,0.5050298571586609,
3761,0.8801020383834839,0.48784589767456055,
3762,0.8848039507865906,0.47169288992881775,
3763,0.8891509175300598,0.45725464820861816,
3764,0.8931818008422852,0.4434165060520172,
3765,0.8969298005104065,0.4329119324684143,
3766,0.9004237055778503,0.4209166467189789,
3767,0.9036885499954224,0.4115564227104187,
3768,0.9067460298538208,0.4018407166004181,
3769,0.9096153974533081,0.39099714159965515,
3770,0.9123134613037109,0.38140538334846497,
3771,0.9148550629615784,0.37183713912963867,
3772,0.9172534942626953,0.3656917214393616,
3773,0.9186643958091736,0.35898223519325256,
3774,0.9200000166893005,0.35363152623176575,
3775,0.9220778942108154,0.34655511379241943,
3776,0.9240506291389465,0.33927080035209656,
3777,0.9259259104728699,0.3329705595970154,
3778,0.9269578456878662,0.32918062806129456,
3779,0.9286764860153198,0.3245280086994171,
3780,0.9303160905838013,0.31895995140075684,
3781,0.9318820238113403,0.3137860894203186,
3782,0.9333791136741638,0.3096666932106018,
3783,0.9348118305206299,0.3045154809951782,
3784,0.9361842274665833,0.29945269227027893,
3785,0.9375,0.2949855327606201,
3786,0.9381313323974609,0.29154130816459656,
3787,0.9393564462661743,0.28738686442375183,
3788,0.9405339956283569,0.28344038128852844,
3789,0.9416666626930237,0.2801603674888611,
3790,0.9427570104598999,0.27718037366867065,
3791,0.9438073635101318,0.27394041419029236,
3792,0.9448198080062866,0.27067938446998596,
3793,0.9457964897155762,0.2677227556705475,
3794,0.946739137172699,0.264931321144104,
3795,0.9476495981216431,0.2614574432373047,
3796,0.9485294222831726,0.25884002447128296,
3797,0.9493801593780518,0.2566455006599426,
3798,0.9502032399177551,0.2536780536174774,
3799,0.9509999752044678,0.2515094578266144,
3800,0.7662037014961243,0.8195368647575378,
3801,0.7823275923728943,0.768502414226532,
3802,0.7963709831237793,0.722947895526886,
3803,0.8087121248245239,0.6835162043571472,
3804,0.8196428418159485,0.6498339772224426,
3805,0.8293918967247009,0.618312418460846,
3806,0.8381410241127014,0.5934094786643982,
3807,0.8445122241973877,0.5699629783630371,
3808,0.8517441749572754,0.547200620174408,
3809,0.8583333492279053,0.5267616510391235,
3810,0.8643617033958435,0.5085917115211487,
3811,0.8698979616165161,0.491300106048584,
3812,0.875,0.47417446970939636,
3813,0.8797169923782349,0.4590839445590973,
3814,0.8840909004211426,0.44565579295158386,
3815,0.8881579041481018,0.4325692355632782,
3816,0.8919491767883301,0.42110732197761536,
3817,0.8954917788505554,0.40987804532051086,
3818,0.898809552192688,0.39880600571632385,
3819,0.9019230604171753,0.3890533745288849,
3820,0.9039179086685181,0.3818231225013733,
3821,0.9067028760910034,0.37313470244407654,
3822,0.9093309640884399,0.36568543314933777,
3823,0.9118150472640991,0.35780227184295654,
3824,0.9141666889190674,0.3492419123649597,
3825,0.9163960814476013,0.34247422218322754,
3826,0.9185126423835754,0.3365131616592407,
3827,0.9205247163772583,0.3293096423149109,
3828,0.9224397540092468,0.3249894976615906,
3829,0.9242647290229797,0.31912925839424133,
3830,0.9260057210922241,0.31303495168685913,
3831,0.9276685118675232,0.30727675557136536,
3832,0.9292582273483276,0.30374205112457275,
3833,0.9307795763015747,0.2987253963947296,
3834,0.9322368502616882,0.2953226864337921,
3835,0.9336340427398682,0.2905310094356537,
3836,0.934974730014801,0.2866130769252777,
3837,0.9362623691558838,0.28224581480026245,
3838,0.9375,0.27818241715431213,
3839,0.9386904835700989,0.2742408812046051,
3840,0.9398364424705505,0.27088481187820435,
3841,0.9409403800964355,0.2673735022544861,
3842,0.9420045018196106,0.26439929008483887,
3843,0.9424778819084167,0.26262155175209045,
3844,0.9434782862663269,0.25918078422546387,
3845,0.9444444179534912,0.2554872930049896,
3846,0.9453781247138977,0.2525912821292877,
3847,0.9462810158729553,0.24975894391536713,
3848,0.9471544623374939,0.24679332971572876,
3849,0.9474999904632568,0.24487942457199097,
3850,0.7939814925193787,0.8088301420211792,
3851,0.8081896305084229,0.7596074342727661,
3852,0.8205645084381104,0.7167677283287048,
3853,0.8314393758773804,0.678360104560852,
3854,0.8410714268684387,0.6442983150482178,
3855,0.849662184715271,0.612187385559082,
3856,0.8573718070983887,0.5851677060127258,
3857,0.8643292784690857,0.5597457885742188,
3858,0.8706395626068115,0.5366176962852478,
3859,0.8763889074325562,0.5172291398048401,
3860,0.8816489577293396,0.4983018636703491,
3861,0.8864796161651611,0.4828772246837616,
3862,0.8909313678741455,0.4674347937107086,
3863,0.8950471878051758,0.45202624797821045,
3864,0.8988636136054993,0.43913838267326355,
3865,0.9013158082962036,0.428634375333786,
3866,0.9046609997749329,0.4171003997325897,
3867,0.9077869057655334,0.4080429971218109,
3868,0.9107142686843872,0.3994554877281189,
3869,0.9125000238418579,0.3913896381855011,
3870,0.9151119589805603,0.3829127252101898,
3871,0.9175724387168884,0.3734765946865082,
3872,0.9198943376541138,0.365651398897171,
3873,0.9220890402793884,0.35834240913391113,
3874,0.9241666793823242,0.35234928131103516,
3875,0.9261363744735718,0.34532392024993896,
3876,0.9272152185440063,0.3419162631034851,
3877,0.9282407164573669,0.3363930284976959,
3878,0.9299699068069458,0.3301733434200287,
3879,0.9308823347091675,0.3249126374721527,
3880,0.9324712753295898,0.31861352920532227,
3881,0.9339887499809265,0.31351155042648315,
3882,0.9354395866394043,0.3087347149848938,
3883,0.9368279576301575,0.3038182556629181,
3884,0.9375,0.29954445362091064,
3885,0.938788652420044,0.2952496111392975,
3886,0.940025269985199,0.29214635491371155,
3887,0.9412128925323486,0.28761643171310425,
3888,0.9423543810844421,0.28349384665489197,
3889,0.9434523582458496,0.27990221977233887,
3890,0.9445093274116516,0.27745339274406433,
3891,0.9455274939537048,0.2734107971191406,
3892,0.9465090036392212,0.2701566517353058,
3893,0.9474557638168335,0.2666808068752289,
3894,0.948369562625885,0.26373350620269775,
3895,0.9492521286010742,0.26091882586479187,
3896,0.9501050710678101,0.2584535479545593,
3897,0.9509297609329224,0.2579156160354614,
3898,0.9512194991111755,0.25648024678230286,
3899,0.9520000219345093,0.2542496621608734,
3900,0.7847222089767456,0.8229045867919922,
3901,0.7995689511299133,0.7694562077522278,
3902,0.8125,0.7241007685661316,
3903,0.8238636255264282,0.6880210638046265,
3904,0.8339285850524902,0.6544615626335144,
3905,0.8429054021835327,0.6247780919075012,
3906,0.8509615659713745,0.5975510478019714,
3907,0.8582317233085632,0.5711894035339355,
3908,0.8648256063461304,0.54798823595047,
3909,0.8694444298744202,0.5292583703994751,
3910,0.875,0.5107488632202148,
3911,0.8788265585899353,0.49595552682876587,
3912,0.8835784196853638,0.4802497923374176,
3913,0.8867924809455872,0.47013232111930847,
3914,0.8909090757369995,0.4580155313014984,
3915,0.8936403393745422,0.4445672929286957,
3916,0.8972457647323608,0.4330459535121918,
3917,0.9006147384643555,0.4206494092941284,
3918,0.903769850730896,0.4102119505405426,
3919,0.9067307710647583,0.40359771251678467,
3920,0.9095149040222168,0.3947835862636566,
3921,0.9121376872062683,0.3851846158504486,
3922,0.9146126508712769,0.3772885799407959,
3923,0.9169520735740662,0.3706059455871582,
3924,0.9191666841506958,0.36309632658958435,
3925,0.9212662577629089,0.3574031889438629,
3926,0.9232594966888428,0.3504246473312378,
3927,0.9251543283462524,0.34362778067588806,
3928,0.9269578456878662,0.3372098505496979,
3929,0.9286764860153198,0.331171452999115,
3930,0.9303160905838013,0.3256322145462036,
3931,0.9318820238113403,0.3195337951183319,
3932,0.9333791136741638,0.3142324984073639,
3933,0.9348118305206299,0.30994507670402527,
3934,0.9361842274665833,0.3049622178077698,
3935,0.9375,0.3002209961414337,
3936,0.9387626051902771,0.29555970430374146,
3937,0.9399752616882324,0.2911231219768524,
3938,0.9411407709121704,0.28800779581069946,
3939,0.9422619342803955,0.2840840518474579,
3940,0.9433411359786987,0.2796957194805145,
3941,0.9443807601928711,0.2757631838321686,
3942,0.9453828930854797,0.27195197343826294,
3943,0.9457964897155762,0.2684621214866638,
3944,0.946739137172699,0.2670457661151886,
3945,0.9476495981216431,0.2640366554260254,
3946,0.9474790096282959,0.2618539333343506,
3947,0.9483470916748047,0.2588532865047455,
3948,0.9491869807243347,0.2557755410671234,
3949,0.949999988079071,0.2535850405693054,
3950,0.7916666865348816,0.7640178799629211,
3951,0.8038793206214905,0.7176403999328613,
3952,0.8165322542190552,0.6776477098464966,
3953,0.8276515007019043,0.6427444219589233,
3954,0.8374999761581421,0.6134533882141113,
3955,0.8462837934494019,0.584941029548645,
3956,0.8541666865348816,0.5579074621200562,
3957,0.8597561120986938,0.5386984944343567,
3958,0.8662790656089783,0.5168927907943726,
3959,0.8722222447395325,0.4982368052005768,
3960,0.8776595592498779,0.48102980852127075,
3961,0.8826530575752258,0.46541187167167664,
3962,0.8872548937797546,0.45221593976020813,
3963,0.8915094137191772,0.4385170340538025,
3964,0.894318163394928,0.42679575085639954,
3965,0.8980262875556946,0.41520780324935913,
3966,0.9014830589294434,0.40436574816703796,
3967,0.9036885499954224,0.3935686945915222,
3968,0.9067460298538208,0.3832215368747711,
3969,0.9096153974533081,0.3733164966106415,
3970,0.9123134613037109,0.3656671345233917,
3971,0.9139492511749268,0.358011394739151,
3972,0.9163732528686523,0.3513600826263428,
3973,0.9186643958091736,0.3428826332092285,
3974,0.9208333492279053,0.3358028531074524,
3975,0.9228895902633667,0.3287646174430847,
3976,0.9240506291389465,0.3225727379322052,
3977,0.9251543283462524,0.3181200921535492,
3978,0.9269578456878662,0.3121032118797302,
3979,0.9279412031173706,0.3072795271873474,
3980,0.9295976758003235,0.30339521169662476,
3981,0.9311797618865967,0.2990497350692749,
3982,0.932692289352417,0.2945576012134552,
3983,0.9341397881507874,0.28925013542175293,
3984,0.9355263113975525,0.2854906916618347,
3985,0.936855673789978,0.2818700969219208,
3986,0.9381313323974609,0.27755603194236755,
3987,0.9393564462661743,0.2738575041294098,
3988,0.9405339956283569,0.2697649598121643,
3989,0.9416666626930237,0.2659223973751068,
3990,0.9427570104598999,0.2629702091217041,
3991,0.9438073635101318,0.2597368359565735,
3992,0.9448198080062866,0.2561674118041992,
3993,0.9457964897155762,0.25347256660461426,
3994,0.946739137172699,0.2515462338924408,
3995,0.9476495981216431,0.24825941026210785,
3996,0.9485294222831726,0.24596446752548218,
3997,0.9488636255264282,0.2437744289636612,
3998,0.9496951103210449,0.24124018847942352,
3999,0.9505000114440918,0.23901334404945374,
4000,0.7777777910232544,0.806306004524231,
4001,0.7931034564971924,0.7554411888122559,
4002,0.8064516186714172,0.7172160148620605,
4003,0.8162878751754761,0.6802653074264526,
4004,0.8267857432365417,0.6479835510253906,
4005,0.8361486196517944,0.6177517771720886,
4006,0.8445512652397156,0.5893598794937134,
4007,0.8521341681480408,0.563643753528595,
4008,0.8590116500854492,0.5433025360107422,
4009,0.8652777671813965,0.5231252312660217,
4010,0.8710106611251831,0.5061667561531067,
4011,0.8762755393981934,0.4954490661621094,
4012,0.8799019455909729,0.4794967770576477,
4013,0.8844339847564697,0.4651779532432556,
4014,0.887499988079071,0.45219069719314575,
4015,0.8914473652839661,0.44010624289512634,
4016,0.8940678238868713,0.433682382106781,
4017,0.8975409865379333,0.42211076617240906,
4018,0.9007936716079712,0.41273924708366394,
4019,0.9038461446762085,0.402208149433136,
4020,0.9067164063453674,0.39257457852363586,
4021,0.9094203114509583,0.38469910621643066,
4022,0.9119718074798584,0.3755634129047394,
4023,0.914383590221405,0.368776798248291,
4024,0.9166666865348816,0.36073702573776245,
4025,0.9188311696052551,0.35380151867866516,
4026,0.9208860993385315,0.3465763330459595,
4027,0.9228395223617554,0.33970871567726135,
4028,0.9246987700462341,0.33267733454704285,
4029,0.9264705777168274,0.32708558440208435,
4030,0.9281609058380127,0.321359783411026,
4031,0.9290730357170105,0.31661656498908997,
4032,0.9306318759918213,0.3115166127681732,
4033,0.9314516186714172,0.30876100063323975,
4034,0.932894766330719,0.3042789399623871,
4035,0.9342783689498901,0.30078136920928955,
4036,0.935606062412262,0.29671791195869446,
4037,0.9368811845779419,0.292402058839798,
4038,0.9381067752838135,0.28840363025665283,
4039,0.9392856955528259,0.2846132218837738,
4040,0.9404205679893494,0.2803977131843567,
4041,0.9415137767791748,0.2770514488220215,
4042,0.9420045018196106,0.2749778628349304,
4043,0.9430309534072876,0.2721498906612396,
4044,0.9440217614173889,0.26874005794525146,
4045,0.944978654384613,0.26495039463043213,
4046,0.9459033608436584,0.2619722783565521,
4047,0.9467975497245789,0.2585389018058777,
4048,0.9476625919342041,0.2556284964084625,
4049,0.9484999775886536,0.2537814974784851,
4050,0.7962962985038757,0.792118489742279,
4051,0.8103448152542114,0.742064893245697,
4052,0.8225806355476379,0.6995776891708374,
4053,0.8333333134651184,0.6623030304908752,
4054,0.8410714268684387,0.6349408626556396,
4055,0.8479729890823364,0.6075651049613953,
4056,0.8557692170143127,0.5807209610939026,
4057,0.8628048896789551,0.557113528251648,
4058,0.8691860437393188,0.5346120595932007,
4059,0.875,0.5155580639839172,
4060,0.8803191781044006,0.4960794150829315,
4061,0.8852040767669678,0.4795283079147339,
4062,0.8897058963775635,0.46331483125686646,
4063,0.8938679099082947,0.4495116174221039,
4064,0.8977272510528564,0.4366177022457123,
4065,0.9013158082962036,0.4277425706386566,
4066,0.9036017060279846,0.4176810383796692,
4067,0.9067623019218445,0.40729978680610657,
4068,0.9097222089767456,0.397770494222641,
4069,0.9125000238418579,0.38914304971694946,
4070,0.9151119589805603,0.3797740936279297,
4071,0.9175724387168884,0.371955543756485,
4072,0.9198943376541138,0.3638781011104584,
4073,0.9220890402793884,0.3561226725578308,
4074,0.9241666793823242,0.34876593947410583,
4075,0.9261363744735718,0.3417896330356598,
4076,0.9280063509941101,0.33411380648612976,
4077,0.9297839403152466,0.3279523551464081,
4078,0.9314758777618408,0.32185429334640503,
4079,0.9330882430076599,0.3169558048248291,
4080,0.9346264600753784,0.31152233481407166,
4081,0.9353932738304138,0.3064747154712677,
4082,0.9368131756782532,0.3012271225452423,
4083,0.9381720423698425,0.29797714948654175,
4084,0.9394736886024475,0.29353588819503784,
4085,0.9407216310501099,0.2892591059207916,
4086,0.941919207572937,0.28482455015182495,
4087,0.9430692791938782,0.2813207805156708,
4088,0.9441747665405273,0.27737948298454285,
4089,0.9452381134033203,0.2735801041126251,
4090,0.9462617039680481,0.26927196979522705,
4091,0.9472476840019226,0.2651876211166382,
4092,0.9481981992721558,0.2619178593158722,
4093,0.9491150379180908,0.2590956687927246,
4094,0.949999988079071,0.25631290674209595,
4095,0.9508547186851501,0.25364068150520325,
4096,0.9516806602478027,0.2502453327178955,
4097,0.952479362487793,0.24791951477527618,
4098,0.952235758304596,0.24667981266975403,
4099,0.953000009059906,0.24445991218090057,
4100,0.7893518805503845,0.8223235607147217,
4101,0.8038793206214905,0.7715187072753906,
4102,0.8165322542190552,0.7284200191497803,
4103,0.8276515007019043,0.6892815232276917,
4104,0.8357142806053162,0.6619784235954285,
4105,0.8412162065505981,0.6345380544662476,
4106,0.8493589758872986,0.6057130694389343,
4107,0.8567073345184326,0.5789603590965271,
4108,0.8633720874786377,0.5563969016075134,
4109,0.8694444298744202,0.5348544120788574,
4110,0.875,0.5157463550567627,
4111,0.8801020383834839,0.4984267055988312,
4112,0.8848039507865906,0.4810270071029663,
4113,0.8891509175300598,0.46516284346580505,
4114,0.8920454382896423,0.4541560113430023,
4115,0.8947368264198303,0.44139379262924194,
4116,0.8983050584793091,0.4290564954280853,
4117,0.9016393423080444,0.4171886444091797,
4118,0.903769850730896,0.40980246663093567,
4119,0.9067307710647583,0.3991829752922058,
4120,0.9095149040222168,0.3915504217147827,
4121,0.9121376872062683,0.3820255398750305,
4122,0.9137324094772339,0.37347978353500366,
4123,0.9160959124565125,0.36509618163108826,
4124,0.9183333516120911,0.35800430178642273,
4125,0.9204545617103577,0.35161685943603516,
4126,0.922468364238739,0.34407514333724976,
4127,0.9243826866149902,0.337446391582489,
4128,0.9262048006057739,0.33230045437812805,
4129,0.9272058606147766,0.3270455598831177,
4130,0.9281609058380127,0.3224200904369354,
4131,0.9297752976417542,0.3173186480998993,
4132,0.9313187003135681,0.3125867247581482,
4133,0.9327957034111023,0.3070986866950989,
4134,0.9342105388641357,0.30215635895729065,
4135,0.9355670213699341,0.2994641661643982,
4136,0.9368686676025391,0.2958449721336365,
4137,0.9381188154220581,0.2908976078033447,
4138,0.9387136101722717,0.28725630044937134,
4139,0.9398809671401978,0.28322628140449524,
4140,0.9410046935081482,0.2798110842704773,
4141,0.9420871734619141,0.2761569619178772,
4142,0.943130612373352,0.27240318059921265,
4143,0.9441371560096741,0.2695164382457733,
4144,0.9451087117195129,0.2671942710876465,
4145,0.9460470080375671,0.2639763057231903,
4146,0.9469537734985352,0.26107779145240784,
4147,0.9478305578231812,0.2580539584159851,
4148,0.9486788511276245,0.25523385405540466,
4149,0.9495000243186951,0.2523929178714752,
4150,0.7939814925193787,0.7945403456687927,
4151,0.8081896305084229,0.7438297271728516,
4152,0.8205645084381104,0.7020940184593201,
4153,0.8314393758773804,0.6670771241188049,
4154,0.8410714268684387,0.6311661005020142,
4155,0.8479729890823364,0.603682279586792,
4156,0.8557692170143127,0.5749167203903198,
4157,0.8628048896789551,0.5515080690383911,
4158,0.8691860437393188,0.5300942659378052,
4159,0.875,0.5104475617408752,
4160,0.8803191781044006,0.49226635694503784,
4161,0.8852040767669678,0.4756968319416046,
4162,0.8897058963775635,0.4605526626110077,
4163,0.8938679099082947,0.4459340572357178,
4164,0.8965908885002136,0.43421897292137146,
4165,0.9002193212509155,0.42425253987312317,
4166,0.9036017060279846,0.4125593900680542,
4167,0.9067623019218445,0.40079131722450256,
4168,0.9097222089767456,0.3900737464427948,
4169,0.9125000238418579,0.38026636838912964,
4170,0.9141790866851807,0.3735208213329315,
4171,0.91576087474823,0.36910751461982727,
4172,0.9181337952613831,0.3604440987110138,
4173,0.920376718044281,0.3524838089942932,
4174,0.9225000143051147,0.3446004092693329,
4175,0.9245129823684692,0.3372381031513214,
4176,0.925632894039154,0.332103431224823,
4177,0.9274691343307495,0.32598650455474854,
4178,0.9292168617248535,0.31977853178977966,
4179,0.9308823347091675,0.3133009970188141,
4180,0.9324712753295898,0.30784812569618225,
4181,0.9339887499809265,0.3024791479110718,
4182,0.9354395866394043,0.2976261079311371,
4183,0.9368279576301575,0.2929564118385315,
4184,0.9381579160690308,0.28831231594085693,
4185,0.9394329786300659,0.2841576933860779,
4186,0.9406565427780151,0.280776709318161,
4187,0.9418317079544067,0.27714115381240845,
4188,0.9429611563682556,0.2732235789299011,
4189,0.9440476298332214,0.2692798972129822,
4190,0.9450934529304504,0.26560184359550476,
4191,0.9461008906364441,0.2620531916618347,
4192,0.9470720887184143,0.25859156250953674,
4193,0.9480088353157043,0.25571224093437195,
4194,0.948913037776947,0.2526440918445587,
4195,0.9497863054275513,0.24993382394313812,
4196,0.950630247592926,0.24673309922218323,
4197,0.9514462947845459,0.24402889609336853,
4198,0.952235758304596,0.24183417856693268,
4199,0.953000009059906,0.23975950479507446,
4200,0.7962962985038757,0.7706512212753296,
4201,0.8103448152542114,0.7262461185455322,
4202,0.8225806355476379,0.6835261583328247,
4203,0.8314393758773804,0.6480780839920044,
4204,0.8410714268684387,0.6188192367553711,
4205,0.8479729890823364,0.5974005460739136,
4206,0.8557692170143127,0.5717682242393494,
4207,0.8628048896789551,0.5489984154701233,
4208,0.8691860437393188,0.5274726748466492,
4209,0.875,0.5076218843460083,
4210,0.8803191781044006,0.48948347568511963,
4211,0.8852040767669678,0.47368213534355164,
4212,0.8897058963775635,0.4587474465370178,
4213,0.8915094137191772,0.4456980228424072,
4214,0.8954545259475708,0.43209752440452576,
4215,0.8991228342056274,0.419412225484848,
4216,0.9025423526763916,0.40831997990608215,
4217,0.9057376980781555,0.3969841003417969,
4218,0.9077380895614624,0.39073649048805237,
4219,0.9096153974533081,0.3812636435031891,
4220,0.9123134613037109,0.37176012992858887,
4221,0.9148550629615784,0.36325496435165405,
4222,0.9172534942626953,0.35540685057640076,
4223,0.9195205569267273,0.348294734954834,
4224,0.92166668176651,0.3411167562007904,
4225,0.923701286315918,0.33487942814826965,
4226,0.925632894039154,0.32957884669303894,
4227,0.9274691343307495,0.32369521260261536,
4228,0.9292168617248535,0.31706976890563965,
4229,0.9308823347091675,0.31082847714424133,
4230,0.9324712753295898,0.30471673607826233,
4231,0.9339887499809265,0.2993311882019043,
4232,0.9354395866394043,0.29429545998573303,
4233,0.9368279576301575,0.28996989130973816,
4234,0.9375,0.28572314977645874,
4235,0.938788652420044,0.2821809947490692,
4236,0.940025269985199,0.27823352813720703,
4237,0.9405940771102905,0.27454259991645813,
4238,0.9417475461959839,0.27109330892562866,
4239,0.9428571462631226,0.2679682970046997,
4240,0.9433411359786987,0.2660163640975952,
4241,0.9438073635101318,0.2628879249095917,
4242,0.9442567825317383,0.26109692454338074,
4243,0.9452433586120605,0.2578178942203522,
4244,0.945652186870575,0.2553084194660187,
4245,0.9465811848640442,0.25188010931015015,
4246,0.9469537734985352,0.2503477931022644,
4247,0.9478305578231812,0.2473764568567276,
4248,0.9486788511276245,0.2448362559080124,
4249,0.9495000243186951,0.24183228611946106,
4250,0.7962962985038757,0.7829818725585938,
4251,0.8103448152542114,0.7322588562965393,
4252,0.8225806355476379,0.6897943615913391,
4253,0.8333333134651184,0.6513392329216003,
4254,0.8428571224212646,0.6171589493751526,
4255,0.8513513803482056,0.5890387892723083,
4256,0.8589743375778198,0.5631585717201233,
4257,0.8658536672592163,0.539192795753479,
4258,0.8720930218696594,0.5165939331054688,
4259,0.8777777552604675,0.49618762731552124,
4260,0.8829787373542786,0.478160560131073,
4261,0.8877550959587097,0.46163058280944824,
4262,0.8921568393707275,0.4460204541683197,
4263,0.8950471878051758,0.4352183938026428,
4264,0.8988636136054993,0.4223712980747223,
4265,0.9024122953414917,0.4117480516433716,
4266,0.9057203531265259,0.39993175864219666,
4267,0.9067623019218445,0.39424777030944824,
4268,0.9097222089767456,0.3830708861351013,
4269,0.9125000238418579,0.3753115236759186,
4270,0.9151119589805603,0.3659847676753998,
4271,0.9166666865348816,0.3602786958217621,
4272,0.9190140962600708,0.35207077860832214,
4273,0.9212328791618347,0.3449562191963196,
4274,0.9233333468437195,0.3383173644542694,
4275,0.9253246784210205,0.3327106833457947,
4276,0.9264240264892578,0.32812049984931946,
4277,0.9282407164573669,0.32153359055519104,
4278,0.9299699068069458,0.31550833582878113,
4279,0.9316176176071167,0.311017245054245,
4280,0.9331896305084229,0.3052365183830261,
4281,0.9346910119056702,0.29943734407424927,
4282,0.9361263513565063,0.29392009973526,
4283,0.9375,0.28890806436538696,
4284,0.9388157725334167,0.28558316826820374,
4285,0.9394329786300659,0.28444787859916687,
4286,0.9406565427780151,0.2811239957809448,
4287,0.9412128925323486,0.2786024510860443,
4288,0.9423543810844421,0.27490654587745667,
4289,0.9434523582458496,0.2708696126937866,
4290,0.9445093274116516,0.2674129903316498,
4291,0.9455274939537048,0.26365354657173157,
4292,0.9465090036392212,0.26156872510910034,
4293,0.9474557638168335,0.2584521770477295,
4294,0.948369562625885,0.255494087934494,
4295,0.9487179517745972,0.25308993458747864,
4296,0.9495798349380493,0.2501193583011627,
4297,0.9504132270812988,0.24737411737442017,
4298,0.9512194991111755,0.2444280982017517,
4299,0.9520000219345093,0.24158693850040436,
4300,0.7893518805503845,0.7851608395576477,
4301,0.8038793206214905,0.737395703792572,
4302,0.8165322542190552,0.6972141861915588,
4303,0.8276515007019043,0.6597235798835754,
4304,0.8374999761581421,0.6287427544593811,
4305,0.8462837934494019,0.5990233421325684,
4306,0.8541666865348816,0.5715923309326172,
4307,0.8612805008888245,0.547207772731781,
4308,0.867732584476471,0.5247135162353516,
4309,0.8736110925674438,0.5038893818855286,
4310,0.8776595592498779,0.4906984567642212,
4311,0.8826530575752258,0.4740537106990814,
4312,0.8872548937797546,0.4581237733364105,
4313,0.8915094137191772,0.44313493371009827,
4314,0.8954545259475708,0.4320080280303955,
4315,0.8991228342056274,0.41956469416618347,
4316,0.9014830589294434,0.4099937379360199,
4317,0.9047130942344666,0.3986899256706238,
4318,0.9077380895614624,0.38894492387771606,
4319,0.9105769395828247,0.38025128841400146,
4320,0.9132462739944458,0.3720927834510803,
4321,0.9148550629615784,0.3673926591873169,
4322,0.9172534942626953,0.36040160059928894,
4323,0.9195205569267273,0.3519693911075592,
4324,0.9208333492279053,0.3455049991607666,
4325,0.9228895902633667,0.33806586265563965,
4326,0.9248417615890503,0.3332778513431549,
4327,0.9266975522041321,0.3271997272968292,
4328,0.928463876247406,0.3212527930736542,
4329,0.9301470518112183,0.3155168890953064,
4330,0.9317528605461121,0.3095634877681732,
4331,0.9332864880561829,0.30430686473846436,
4332,0.9347527623176575,0.2995795011520386,
4333,0.9361559152603149,0.29595160484313965,
4334,0.9375,0.290995717048645,
4335,0.938788652420044,0.28698739409446716,
4336,0.940025269985199,0.2828258275985718,
4337,0.9412128925323486,0.2799133360385895,
4338,0.9423543810844421,0.27576690912246704,
4339,0.9434523582458496,0.27177879214286804,
4340,0.9445093274116516,0.2685244679450989,
4341,0.9455274939537048,0.2651742696762085,
4342,0.9453828930854797,0.2633676826953888,
4343,0.946349561214447,0.25973838567733765,
4344,0.947282612323761,0.25746506452560425,
4345,0.9481837749481201,0.25463950634002686,
4346,0.9490545988082886,0.25168663263320923,
4347,0.9498966932296753,0.2491227388381958,
4348,0.9507113695144653,0.246318519115448,
4349,0.9514999985694885,0.24440354108810425,
4350,0.7962962985038757,0.792203426361084,
4351,0.8103448152542114,0.7407024502754211,
4352,0.8205645084381104,0.7004498243331909,
4353,0.8314393758773804,0.6630959510803223,
4354,0.8410714268684387,0.6273979544639587,
4355,0.849662184715271,0.595576286315918,
4356,0.8573718070983887,0.5677490234375,
4357,0.8643292784690857,0.5428560376167297,
4358,0.8706395626068115,0.5210168361663818,
4359,0.8763889074325562,0.5011014938354492,
4360,0.8816489577293396,0.48460623621940613,
4361,0.8864796161651611,0.46753019094467163,
4362,0.8897058963775635,0.45347052812576294,
4363,0.8938679099082947,0.43979179859161377,
4364,0.8977272510528564,0.42989581823349,
4365,0.9013158082962036,0.41694971919059753,
4366,0.9046609997749329,0.40508362650871277,
4367,0.9077869057655334,0.3952123820781708,
4368,0.9107142686843872,0.38638201355934143,
4369,0.9134615659713745,0.3778892159461975,
4370,0.9160447716712952,0.36813226342201233,
4371,0.91847825050354,0.3586784899234772,
4372,0.9207746386528015,0.35068008303642273,
4373,0.9229452013969421,0.3425733149051666,
4374,0.925000011920929,0.3362574279308319,
4375,0.926948070526123,0.32889413833618164,
4376,0.9287974834442139,0.3223135471343994,
4377,0.9297839403152466,0.31885212659835815,
4378,0.9314758777618408,0.31292006373405457,
4379,0.9323529601097107,0.30733034014701843,
4380,0.9339080452919006,0.3026201128959656,
4381,0.9353932738304138,0.2969955801963806,
4382,0.9361263513565063,0.2923848330974579,
4383,0.9375,0.286996066570282,
4384,0.9388157725334167,0.28312140703201294,
4385,0.9400773048400879,0.2790684103965759,
4386,0.9406565427780151,0.27714452147483826,
4387,0.9412128925323486,0.27339911460876465,
4388,0.9423543810844421,0.26937517523765564,
4389,0.9434523582458496,0.26536238193511963,
4390,0.9445093274116516,0.26186782121658325,
4391,0.9455274939537048,0.25814804434776306,
4392,0.9465090036392212,0.2548549473285675,
4393,0.9474557638168335,0.2527671754360199,
4394,0.948369562625885,0.25113022327423096,
4395,0.9492521286010742,0.24858659505844116,
4396,0.9495798349380493,0.24698784947395325,
4397,0.9504132270812988,0.24456480145454407,
4398,0.9512194991111755,0.2424042969942093,
4399,0.9520000219345093,0.2403435856103897,
4400,0.7754629850387573,0.8206363320350647,
4401,0.7909482717514038,0.7674407958984375,
4402,0.8044354915618896,0.722836971282959,
4403,0.8162878751754761,0.6885365843772888,
4404,0.8267857432365417,0.6568241119384766,
4405,0.8361486196517944,0.630436897277832,
4406,0.8445512652397156,0.6004070043563843,
4407,0.8521341681480408,0.5736168026924133,
4408,0.8590116500854492,0.5492091774940491,
4409,0.8652777671813965,0.5285248756408691,
4410,0.8696808218955994,0.5135951042175293,
4411,0.875,0.49540746212005615,
4412,0.8799019455909729,0.4783264100551605,
4413,0.8820754885673523,0.46751847863197327,
4414,0.8863636255264282,0.4529496133327484,
4415,0.890350878238678,0.439026415348053,
4416,0.8940678238868713,0.4285893142223358,
4417,0.8965163826942444,0.41888609528541565,
4418,0.8998016119003296,0.40851253271102905,
4419,0.9028846025466919,0.398582398891449,
4420,0.9057835936546326,0.3889378309249878,
4421,0.9085144996643066,0.3793849050998688,
4422,0.9110915660858154,0.37154269218444824,
4423,0.9135273694992065,0.363248348236084,
4424,0.9158333539962769,0.3547050356864929,
4425,0.9180194735527039,0.3475494980812073,
4426,0.920094907283783,0.34095892310142517,
4427,0.9220678806304932,0.3354552090167999,
4428,0.9239457845687866,0.32900965213775635,
4429,0.9257352948188782,0.322758287191391,
4430,0.9274425506591797,0.3170021176338196,
4431,0.9290730357170105,0.31185412406921387,
4432,0.9306318759918213,0.307630717754364,
4433,0.9321236610412598,0.3025633990764618,
4434,0.933552622795105,0.29701176285743713,
4435,0.9349226951599121,0.2919217348098755,
4436,0.9362373948097229,0.2879486680030823,
4437,0.9375,0.283758282661438,
4438,0.9387136101722717,0.2795875072479248,
4439,0.9392856955528259,0.2776815891265869,
4440,0.9404205679893494,0.2744869589805603,
4441,0.9415137767791748,0.2718905210494995,
4442,0.9425675868988037,0.2683955729007721,
4443,0.9435840845108032,0.26481401920318604,
4444,0.9445652365684509,0.26132676005363464,
4445,0.9455128312110901,0.2583611309528351,
4446,0.9464285969734192,0.2556029260158539,
4447,0.9473140239715576,0.25252285599708557,
4448,0.9481707215309143,0.2499212622642517,
4449,0.9490000009536743,0.2475348562002182,
4450,0.7824074029922485,0.8196454644203186,
4451,0.7974137663841248,0.7691735625267029,
4452,0.8104838728904724,0.7233442068099976,
4453,0.8200757503509521,0.6889040470123291,
4454,0.8303571343421936,0.6558725833892822,
4455,0.8395270109176636,0.6231468319892883,
4456,0.8477563858032227,0.594245970249176,
4457,0.855182945728302,0.568350076675415,
4458,0.8619186282157898,0.5444727540016174,
4459,0.8666666746139526,0.5269971489906311,
4460,0.8710106611251831,0.511411190032959,
4461,0.8762755393981934,0.49312859773635864,
4462,0.8811274766921997,0.4769919216632843,
4463,0.885613203048706,0.4614706337451935,
4464,0.8897727131843567,0.44840043783187866,
4465,0.8936403393745422,0.4348692297935486,
4466,0.8961864113807678,0.42448604106903076,
4467,0.8995901346206665,0.41332685947418213,
4468,0.9027777910232544,0.4043159782886505,
4469,0.9057692289352417,0.39365386962890625,
4470,0.9085820913314819,0.3852238655090332,
4471,0.9112318754196167,0.3762916326522827,
4472,0.9137324094772339,0.36802199482917786,
4473,0.9160959124565125,0.3623725175857544,
4474,0.9183333516120911,0.3560466170310974,
4475,0.9204545617103577,0.3483823239803314,
4476,0.922468364238739,0.3412214517593384,
4477,0.9243826866149902,0.3338789641857147,
4478,0.9254518151283264,0.32995790243148804,
4479,0.9272058606147766,0.32471325993537903,
4480,0.9288793206214905,0.3192388117313385,
4481,0.930477499961853,0.3136032521724701,
4482,0.9320054650306702,0.30872631072998047,
4483,0.9334677457809448,0.30431538820266724,
4484,0.9348683953285217,0.2994747757911682,
4485,0.936211347579956,0.2952241897583008,
4486,0.9375,0.29018068313598633,
4487,0.9387376308441162,0.28605133295059204,
4488,0.9399271607398987,0.28267353773117065,
4489,0.9410714507102966,0.2778913378715515,
4490,0.9421728849411011,0.2747393250465393,
4491,0.9432339668273926,0.27104651927948,
4492,0.9442567825317383,0.2675156593322754,
4493,0.9452433586120605,0.26453953981399536,
4494,0.946195662021637,0.26160746812820435,
4495,0.9471153616905212,0.2587973177433014,
4496,0.9480041861534119,0.25560662150382996,
4497,0.9488636255264282,0.2526647448539734,
4498,0.9496951103210449,0.24997395277023315,
4499,0.9505000114440918,0.2471165657043457,
4500,0.8009259104728699,0.7510344386100769,
4501,0.8146551847457886,0.7029680609703064,
4502,0.8245967626571655,0.6711161136627197,
4503,0.8352272510528564,0.6344207525253296,
4504,0.8446428775787354,0.6058123707771301,
4505,0.8530405163764954,0.5779834985733032,
4506,0.8605769276618958,0.5520757436752319,
4507,0.8673780560493469,0.5285782814025879,
4508,0.8720930218696594,0.5105971693992615,
4509,0.8777777552604675,0.49361446499824524,
4510,0.8816489577293396,0.47714534401893616,
4511,0.8864796161651611,0.4611010253429413,
4512,0.8909313678741455,0.44506293535232544,
4513,0.8950471878051758,0.4309595823287964,
4514,0.8988636136054993,0.41800498962402344,
4515,0.9024122953414917,0.4069511890411377,
4516,0.9057203531265259,0.3957193195819855,
4517,0.9088114500045776,0.3857938349246979,
4518,0.9117063283920288,0.3761005699634552,
4519,0.9144230484962463,0.36761003732681274,
4520,0.91697758436203,0.35807377099990845,
4521,0.9193840622901917,0.3508163392543793,
4522,0.9216549396514893,0.3447624444961548,
4523,0.9238013625144958,0.3370181918144226,
4524,0.9258333444595337,0.3313613533973694,
4525,0.926948070526123,0.3265700042247772,
4526,0.9287974834442139,0.32004156708717346,
4527,0.9305555820465088,0.3136289715766907,
4528,0.9322289228439331,0.30850738286972046,
4529,0.9338235259056091,0.303634911775589,
4530,0.9353448152542114,0.2987357974052429,
4531,0.9367977380752563,0.2940906882286072,
4532,0.9381868243217468,0.2892072796821594,
4533,0.9395161271095276,0.28456515073776245,
4534,0.9407894611358643,0.28044837713241577,
4535,0.9420102834701538,0.2771907150745392,
4536,0.9431818127632141,0.2737291753292084,
4537,0.9443069100379944,0.26995834708213806,
4538,0.9453883767127991,0.2659319341182709,
4539,0.9464285969734192,0.2617332935333252,
4540,0.947429895401001,0.2583785355091095,
4541,0.9483944773674011,0.25549352169036865,
4542,0.9493243098258972,0.25241005420684814,
4543,0.9502212405204773,0.2491864562034607,
4544,0.9510869383811951,0.24609100818634033,
4545,0.9519230723381042,0.2428479641675949,
4546,0.9527310729026794,0.2396489828824997,
4547,0.9535123705863953,0.23647090792655945,
4548,0.9542682766914368,0.23333068192005157,
4549,0.9549999833106995,0.23056133091449738,
4550,0.7916666865348816,0.7735115885734558,
4551,0.806034505367279,0.7237061262130737,
4552,0.8185483813285828,0.6822741627693176,
4553,0.8295454382896423,0.6442111730575562,
4554,0.8392857313156128,0.6099109053611755,
4555,0.8479729890823364,0.579754650592804,
4556,0.8557692170143127,0.5534170866012573,
4557,0.8628048896789551,0.5294855833053589,
4558,0.8691860437393188,0.5071160197257996,
4559,0.8736110925674438,0.4949570596218109,
4560,0.8789893388748169,0.47734376788139343,
4561,0.8839285969734192,0.46234533190727234,
4562,0.8884803652763367,0.44883570075035095,
4563,0.8926886916160583,0.43482595682144165,
4564,0.8965908885002136,0.42243632674217224,
4565,0.9002193212509155,0.4113099277019501,
4566,0.9036017060279846,0.4000161588191986,
4567,0.9067623019218445,0.38881751894950867,
4568,0.9097222089767456,0.37922531366348267,
4569,0.9125000238418579,0.36958178877830505,
4570,0.9151119589805603,0.3607025742530823,
4571,0.9175724387168884,0.35213813185691833,
4572,0.9198943376541138,0.34406495094299316,
4573,0.9220890402793884,0.3363640010356903,
4574,0.9241666793823242,0.329557865858078,
4575,0.9261363744735718,0.3233849108219147,
4576,0.9280063509941101,0.3181574046611786,
4577,0.9297839403152466,0.3124157786369324,
4578,0.9314758777618408,0.30844902992248535,
4579,0.9330882430076599,0.3034665584564209,
4580,0.9346264600753784,0.29772862792015076,
4581,0.9360954761505127,0.29234930872917175,
4582,0.9375,0.287437379360199,
4583,0.9388440847396851,0.28389087319374084,
4584,0.9401316046714783,0.2802838683128357,
4585,0.9413659572601318,0.27648407220840454,
4586,0.9425504803657532,0.27202504873275757,
4587,0.9430692791938782,0.26916563510894775,
4588,0.9441747665405273,0.26601487398147583,
4589,0.9452381134033203,0.2620094120502472,
4590,0.9462617039680481,0.25832313299179077,
4591,0.9472476840019226,0.25505638122558594,
4592,0.9481981992721558,0.25115734338760376,
4593,0.9491150379180908,0.24863900244235992,
4594,0.948913037776947,0.24664855003356934,
4595,0.9497863054275513,0.24417230486869812,
4596,0.950630247592926,0.2411477416753769,
4597,0.9514462947845459,0.2385544627904892,
4598,0.952235758304596,0.23588016629219055,
4599,0.953000009059906,0.23396307229995728,
4600,0.7962962985038757,0.7830373048782349,
4601,0.8103448152542114,0.735369861125946,
4602,0.8225806355476379,0.6919188499450684,
4603,0.8333333134651184,0.6560815572738647,
4604,0.8410714268684387,0.623224139213562,
4605,0.849662184715271,0.5940893888473511,
4606,0.8573718070983887,0.5679857730865479,
4607,0.8643292784690857,0.5461777448654175,
4608,0.8706395626068115,0.5255058407783508,
4609,0.875,0.5080004930496216,
4610,0.8803191781044006,0.4884299039840698,
4611,0.8852040767669678,0.47077521681785583,
4612,0.8897058963775635,0.4551871716976166,
4613,0.8938679099082947,0.4412915110588074,
4614,0.8977272510528564,0.4277757406234741,
4615,0.9013158082962036,0.4160996079444885,
4616,0.9046609997749329,0.4045220911502838,
4617,0.9077869057655334,0.39496421813964844,
4618,0.9097222089767456,0.3882664740085602,
4619,0.9125000238418579,0.37901023030281067,
4620,0.9151119589805603,0.36967703700065613,
4621,0.9175724387168884,0.3598894774913788,
4622,0.9198943376541138,0.35185274481773376,
4623,0.9212328791618347,0.34621790051460266,
4624,0.9233333468437195,0.33943378925323486,
4625,0.9253246784210205,0.3326549232006073,
4626,0.9272152185440063,0.32600638270378113,
4627,0.9290123581886292,0.3202328383922577,
4628,0.9307228922843933,0.31400203704833984,
4629,0.9323529601097107,0.30824071168899536,
4630,0.9339080452919006,0.3040149509906769,
4631,0.9353932738304138,0.2990327477455139,
4632,0.9368131756782532,0.2937529981136322,
4633,0.9381720423698425,0.2895985245704651,
4634,0.9394736886024475,0.28513795137405396,
4635,0.9400773048400879,0.28100723028182983,
4636,0.9412878751754761,0.2765641510486603,
4637,0.9424505233764648,0.2726050019264221,
4638,0.9435679316520691,0.26864057779312134,
4639,0.9446428418159485,0.26519447565078735,
4640,0.9456775784492493,0.26103276014328003,
4641,0.9466742873191833,0.25719165802001953,
4642,0.9476351141929626,0.2541389763355255,
4643,0.94856196641922,0.2511000633239746,
4644,0.949456512928009,0.2484961450099945,
4645,0.9503205418586731,0.24739821255207062,
4646,0.9511554837226868,0.2440851628780365,
4647,0.9514462947845459,0.2414519190788269,
4648,0.952235758304596,0.23885215818881989,
4649,0.953000009059906,0.23615506291389465,
4650,0.7939814925193787,0.7864208817481995,
4651,0.8081896305084229,0.7385167479515076,
4652,0.8205645084381104,0.6933574676513672,
4653,0.8314393758773804,0.6542971730232239,
4654,0.8410714268684387,0.6222047209739685,
4655,0.849662184715271,0.5939903259277344,
4656,0.8573718070983887,0.568071186542511,
4657,0.8643292784690857,0.5454971790313721,
4658,0.8706395626068115,0.5238248109817505,
4659,0.8763889074325562,0.5026710629463196,
4660,0.8816489577293396,0.48411044478416443,
4661,0.8864796161651611,0.4661862254142761,
4662,0.8909313678741455,0.4502089023590088,
4663,0.8950471878051758,0.4363134205341339,
4664,0.8988636136054993,0.4226982891559601,
4665,0.9024122953414917,0.41062384843826294,
4666,0.9057203531265259,0.3980030417442322,
4667,0.9088114500045776,0.3872249722480774,
4668,0.9117063283920288,0.3775825798511505,
4669,0.9144230484962463,0.3707219660282135,
4670,0.91697758436203,0.36146023869514465,
4671,0.91847825050354,0.354137122631073,
4672,0.9207746386528015,0.3453184962272644,
4673,0.9229452013969421,0.33796247839927673,
4674,0.925000011920929,0.3302066922187805,
4675,0.926948070526123,0.3231721520423889,
4676,0.9287974834442139,0.31635144352912903,
4677,0.9297839403152466,0.3132346570491791,
4678,0.9314758777618408,0.30717313289642334,
4679,0.9330882430076599,0.30187052488327026,
4680,0.9346264600753784,0.2970978915691376,
4681,0.9360954761505127,0.29287049174308777,
4682,0.9375,0.2871048152446747,
4683,0.9388440847396851,0.28193143010139465,
4684,0.9394736886024475,0.2779671847820282,
4685,0.9407216310501099,0.2750002443790436,
4686,0.941919207572937,0.2701050639152527,
4687,0.9424505233764648,0.26620975136756897,
4688,0.9435679316520691,0.26222339272499084,
4689,0.9446428418159485,0.2588202953338623,
4690,0.9456775784492493,0.2555283010005951,
4691,0.9466742873191833,0.25221848487854004,
4692,0.9476351141929626,0.24969494342803955,
4693,0.9480088353157043,0.24707920849323273,
4694,0.948913037776947,0.24451801180839539,
4695,0.9497863054275513,0.24222159385681152,
4696,0.950630247592926,0.23896656930446625,
4697,0.9514462947845459,0.2370186150074005,
4698,0.952235758304596,0.23440727591514587,
4699,0.953000009059906,0.23180024325847626,
4700,0.7962962985038757,0.7872133851051331,
4701,0.8103448152542114,0.7408848404884338,
4702,0.8225806355476379,0.6978837251663208,
4703,0.8333333134651184,0.6573318243026733,
4704,0.8410714268684387,0.6255361437797546,
4705,0.849662184715271,0.5976675152778625,
4706,0.8573718070983887,0.5729085803031921,
4707,0.8643292784690857,0.5489603281021118,
4708,0.8706395626068115,0.5275946259498596,
4709,0.8763889074325562,0.5070527195930481,
4710,0.8816489577293396,0.4885229170322418,
4711,0.8864796161651611,0.47169098258018494,
4712,0.8909313678741455,0.45844507217407227,
4713,0.8950471878051758,0.44399192929267883,
4714,0.8988636136054993,0.42977431416511536,
4715,0.9024122953414917,0.41757938265800476,
4716,0.9057203531265259,0.40615057945251465,
4717,0.9077869057655334,0.39628076553344727,
4718,0.9107142686843872,0.38769638538360596,
4719,0.9134615659713745,0.37722066044807434,
4720,0.9160447716712952,0.3684971034526825,
4721,0.91847825050354,0.3597486615180969,
4722,0.9207746386528015,0.3520909547805786,
4723,0.9229452013969421,0.34404802322387695,
4724,0.925000011920929,0.33602002263069153,
4725,0.926948070526123,0.3286826014518738,
4726,0.9287974834442139,0.3220635652542114,
4727,0.9305555820465088,0.31579864025115967,
4728,0.9322289228439331,0.3099754750728607,
4729,0.9338235259056091,0.3043782711029053,
4730,0.9353448152542114,0.2993287146091461,
4731,0.9367977380752563,0.2948213815689087,
4732,0.9381868243217468,0.2904096841812134,
4733,0.9395161271095276,0.2854788601398468,
4734,0.9401316046714783,0.28214043378829956,
4735,0.9413659572601318,0.2776087522506714,
4736,0.9425504803657532,0.2740384638309479,
4737,0.9436880946159363,0.26937630772590637,
4738,0.9447815418243408,0.26546600461006165,
4739,0.9458333253860474,0.2614887058734894,
4740,0.9468457698822021,0.25802895426750183,
4741,0.9478210806846619,0.25482621788978577,
4742,0.9487612843513489,0.2515229880809784,
4743,0.9496681690216064,0.2479429990053177,
4744,0.949999988079071,0.24505707621574402,
4745,0.9508547186851501,0.24161361157894135,
4746,0.9516806602478027,0.239484965801239,
4747,0.952479362487793,0.23695407807826996,
4748,0.9532520174980164,0.234861820936203,
4749,0.9539999961853027,0.23259654641151428,
4750,0.8032407164573669,0.7711046934127808,
4751,0.8168103694915771,0.7231873273849487,
4752,0.8286290168762207,0.6824011206626892,
4753,0.8390151262283325,0.6459787487983704,
4754,0.8482142686843872,0.6108258962631226,
4755,0.8564189076423645,0.5798769593238831,
4756,0.8637820482254028,0.554695725440979,
4757,0.8704268336296082,0.5303345918655396,
4758,0.875,0.5179928541183472,
4759,0.8791666626930237,0.5024830102920532,
4760,0.8843085169792175,0.48439690470695496,
4761,0.8890306353569031,0.4686349034309387,
4762,0.8933823704719543,0.4521433115005493,
4763,0.8974056839942932,0.43742308020591736,
4764,0.8999999761581421,0.4268665313720703,
4765,0.9024122953414917,0.41613930463790894,
4766,0.9057203531265259,0.40590640902519226,
4767,0.9077869057655334,0.3981055021286011,
4768,0.9107142686843872,0.38792678713798523,
4769,0.9134615659713745,0.37820500135421753,
4770,0.9160447716712952,0.36962032318115234,
4771,0.91847825050354,0.3613557815551758,
4772,0.9207746386528015,0.35286834836006165,
4773,0.9229452013969421,0.3449835181236267,
4774,0.925000011920929,0.3373253047466278,
4775,0.926948070526123,0.32962968945503235,
4776,0.9287974834442139,0.32333919405937195,
4777,0.9305555820465088,0.3175913989543915,
4778,0.9322289228439331,0.3119235336780548,
4779,0.9338235259056091,0.30599460005760193,
4780,0.9353448152542114,0.3004896640777588,
4781,0.9367977380752563,0.29540592432022095,
4782,0.9381868243217468,0.2909105718135834,
4783,0.9395161271095276,0.28574544191360474,
4784,0.9407894611358643,0.2815912663936615,
4785,0.9420102834701538,0.2769901752471924,
4786,0.9425504803657532,0.27394363284111023,
4787,0.9436880946159363,0.2695177495479584,
4788,0.9441747665405273,0.26676279306411743,
4789,0.9452381134033203,0.26278558373451233,
4790,0.9462617039680481,0.2591048777103424,
4791,0.9472476840019226,0.2565637528896332,
4792,0.9481981992721558,0.25300881266593933,
4793,0.9491150379180908,0.24947817623615265,
4794,0.949456512928009,0.24811571836471558,
4795,0.9497863054275513,0.24575591087341309,
4796,0.950630247592926,0.242865651845932,
4797,0.9514462947845459,0.24052013456821442,
4798,0.952235758304596,0.23835045099258423,
4799,0.953000009059906,0.2354203760623932,
4800,0.7939814925193787,0.7450436949729919,
4801,0.8081896305084229,0.6990756392478943,
4802,0.8205645084381104,0.6583288908004761,
4803,0.8295454382896423,0.6307257413864136,
4804,0.8392857313156128,0.5996168851852417,
4805,0.8479729890823364,0.5709547996520996,
4806,0.8557692170143127,0.5455235838890076,
4807,0.8628048896789551,0.5221766829490662,
4808,0.8691860437393188,0.5028619170188904,
4809,0.875,0.48384565114974976,
4810,0.8803191781044006,0.46685686707496643,
4811,0.8852040767669678,0.45186206698417664,
4812,0.8897058963775635,0.43690377473831177,
4813,0.8938679099082947,0.42292505502700806,
4814,0.8977272510528564,0.40861400961875916,
4815,0.9013158082962036,0.39634624123573303,
4816,0.9046609997749329,0.38635948300361633,
4817,0.9077869057655334,0.3760753273963928,
4818,0.9107142686843872,0.36745789647102356,
4819,0.9134615659713745,0.35869961977005005,
4820,0.9160447716712952,0.35020288825035095,
4821,0.9175724387168884,0.3471634089946747,
4822,0.9198943376541138,0.3406508266925812,
4823,0.9212328791618347,0.3365388810634613,
4824,0.9233333468437195,0.32902342081069946,
4825,0.9253246784210205,0.3226553499698639,
4826,0.9272152185440063,0.3174782395362854,
4827,0.9290123581886292,0.3114091753959656,
4828,0.9307228922843933,0.30627337098121643,
4829,0.9323529601097107,0.3009013235569,
4830,0.9339080452919006,0.2960507273674011,
4831,0.9353932738304138,0.2917441427707672,
4832,0.9368131756782532,0.2861470580101013,
4833,0.9381720423698425,0.2811053991317749,
4834,0.9394736886024475,0.2767827808856964,
4835,0.9407216310501099,0.27273499965667725,
4836,0.941919207572937,0.2694716155529022,
4837,0.9430692791938782,0.26574957370758057,
4838,0.9441747665405273,0.26190534234046936,
4839,0.9452381134033203,0.25854986906051636,
4840,0.9462617039680481,0.25521355867385864,
4841,0.9472476840019226,0.2515006363391876,
4842,0.9481981992721558,0.24798183143138885,
4843,0.9491150379180908,0.24490751326084137,
4844,0.949999988079071,0.24154873192310333,
4845,0.9508547186851501,0.2380932867527008,
4846,0.9516806602478027,0.23507127165794373,
4847,0.952479362487793,0.23219625651836395,
4848,0.9532520174980164,0.2294287383556366,
4849,0.9539999961853027,0.22714149951934814,
4850,0.7893518805503845,0.7929633259773254,
4851,0.8038793206214905,0.7496495246887207,
4852,0.8165322542190552,0.7045962810516357,
4853,0.8238636255264282,0.6722739338874817,
4854,0.8339285850524902,0.6370992064476013,
4855,0.8429054021835327,0.6060255765914917,
4856,0.8509615659713745,0.5769668817520142,
4857,0.8582317233085632,0.5524997711181641,
4858,0.8633720874786377,0.5307165384292603,
4859,0.8694444298744202,0.510549783706665,
4860,0.875,0.4910399615764618,
4861,0.8801020383834839,0.4747464060783386,
4862,0.8848039507865906,0.4582277238368988,
4863,0.8891509175300598,0.4437236189842224,
4864,0.8920454382896423,0.4348392188549042,
4865,0.8958333134651184,0.4229937791824341,
4866,0.8993644118309021,0.41165396571159363,
4867,0.9026639461517334,0.40161895751953125,
4868,0.9057539701461792,0.39128926396369934,
4869,0.9086538553237915,0.38213515281677246,
4870,0.9113805890083313,0.3724082112312317,
4871,0.9139492511749268,0.36427703499794006,
4872,0.9163732528686523,0.35850420594215393,
4873,0.9186643958091736,0.350197434425354,
4874,0.9208333492279053,0.3425883948802948,
4875,0.9228895902633667,0.335827112197876,
4876,0.9248417615890503,0.3298262357711792,
4877,0.9259259104728699,0.32371875643730164,
4878,0.9277108311653137,0.318829745054245,
4879,0.929411768913269,0.31330403685569763,
4880,0.931034505367279,0.3071785867214203,
4881,0.932584285736084,0.30143722891807556,
4882,0.9340659379959106,0.295850932598114,
4883,0.9354838728904724,0.2918092906475067,
4884,0.9368420839309692,0.2867114543914795,
4885,0.938144326210022,0.2826713025569916,
4886,0.939393937587738,0.2783540189266205,
4887,0.9405940771102905,0.2738363444805145,
4888,0.9417475461959839,0.27053022384643555,
4889,0.9428571462631226,0.26681581139564514,
4890,0.9439252614974976,0.2632097601890564,
4891,0.9449541568756104,0.25995784997940063,
4892,0.9453828930854797,0.25793272256851196,
4893,0.946349561214447,0.25451797246932983,
4894,0.947282612323761,0.2510315477848053,
4895,0.9481837749481201,0.2475755661725998,
4896,0.9485294222831726,0.24631695449352264,
4897,0.9493801593780518,0.24358700215816498,
4898,0.9502032399177551,0.24098943173885345,
4899,0.9509999752044678,0.2381594181060791,
4900,0.7893518805503845,0.7539094090461731,
4901,0.8038793206214905,0.7090258598327637,
4902,0.8165322542190552,0.6688389778137207,
4903,0.8276515007019043,0.6328592896461487,
4904,0.8374999761581421,0.6012666821479797,
4905,0.8462837934494019,0.5736793279647827,
4906,0.8541666865348816,0.5491036176681519,
4907,0.8597561120986938,0.5284997820854187,
4908,0.8662790656089783,0.5069620609283447,
4909,0.8722222447395325,0.4878191351890564,
4910,0.8776595592498779,0.47070538997650146,
4911,0.8826530575752258,0.45426687598228455,
4912,0.8872548937797546,0.4397107660770416,
4913,0.8915094137191772,0.4252238869667053,
4914,0.8954545259475708,0.41134414076805115,
4915,0.8991228342056274,0.4008559584617615,
4916,0.9025423526763916,0.38948503136634827,
4917,0.9057376980781555,0.37794631719589233,
4918,0.908730149269104,0.3697505593299866,
4919,0.9115384817123413,0.36147382855415344,
4920,0.9141790866851807,0.3526541590690613,
4921,0.9166666865348816,0.34437575936317444,
4922,0.9190140962600708,0.3373261094093323,
4923,0.9212328791618347,0.3299270272254944,
4924,0.9225000143051147,0.3263557553291321,
4925,0.9245129823684692,0.31922805309295654,
4926,0.9264240264892578,0.3135225474834442,
4927,0.9274691343307495,0.308989942073822,
4928,0.9292168617248535,0.30431556701660156,
4929,0.9308823347091675,0.29880955815315247,
4930,0.9324712753295898,0.2937523424625397,
4931,0.9339887499809265,0.28890925645828247,
4932,0.9354395866394043,0.28458794951438904,
4933,0.9368279576301575,0.2796769440174103,
4934,0.9381579160690308,0.275758296251297,
4935,0.9394329786300659,0.2711949944496155,
4936,0.9406565427780151,0.26698362827301025,
4937,0.9418317079544067,0.2631685733795166,
4938,0.9429611563682556,0.25980234146118164,
4939,0.9440476298332214,0.25600436329841614,
4940,0.9450934529304504,0.25345364212989807,
4941,0.9461008906364441,0.24988743662834167,
4942,0.9470720887184143,0.2463928610086441,
4943,0.9480088353157043,0.24322509765625,
4944,0.948913037776947,0.24024653434753418,
4945,0.9497863054275513,0.23756080865859985,
4946,0.950630247592926,0.23459331691265106,
4947,0.9514462947845459,0.2318713515996933,
4948,0.952235758304596,0.22964473068714142,
4949,0.953000009059906,0.2274600714445114,
4950,0.7916666865348816,0.7807196974754333,
4951,0.806034505367279,0.7325428128242493,
4952,0.8185483813285828,0.6885122060775757,
4953,0.8295454382896423,0.6507473587989807,
4954,0.8392857313156128,0.6187576055526733,
4955,0.8479729890823364,0.5922662019729614,
4956,0.8557692170143127,0.5648637413978577,
4957,0.8628048896789551,0.5424529314041138,
4958,0.8691860437393188,0.5199023485183716,
4959,0.875,0.49934375286102295,
4960,0.8803191781044006,0.47934094071388245,
4961,0.8852040767669678,0.4662555754184723,
4962,0.8897058963775635,0.45141252875328064,
4963,0.8938679099082947,0.4377218782901764,
4964,0.8977272510528564,0.42645809054374695,
4965,0.9013158082962036,0.41471606492996216,
4966,0.9046609997749329,0.40333032608032227,
4967,0.9077869057655334,0.39255768060684204,
4968,0.9107142686843872,0.3828752040863037,
4969,0.9134615659713745,0.3727710247039795,
4970,0.9160447716712952,0.36331483721733093,
4971,0.91847825050354,0.3576982915401459,
4972,0.9207746386528015,0.34951359033584595,
4973,0.9229452013969421,0.34112200140953064,
4974,0.925000011920929,0.33341071009635925,
4975,0.9261363744735718,0.3279939591884613,
4976,0.9280063509941101,0.3207640051841736,
4977,0.9297839403152466,0.31496140360832214,
4978,0.9307228922843933,0.31188398599624634,
4979,0.9323529601097107,0.30569615960121155,
4980,0.9339080452919006,0.30107590556144714,
4981,0.9353932738304138,0.2961636781692505,
4982,0.9368131756782532,0.29215702414512634,
4983,0.9381720423698425,0.2866658866405487,
4984,0.9394736886024475,0.2822363078594208,
4985,0.9400773048400879,0.2798239588737488,
4986,0.9412878751754761,0.2766574025154114,
4987,0.9424505233764648,0.2729875445365906,
4988,0.9435679316520691,0.2688772976398468,
4989,0.9446428418159485,0.26679864525794983,
4990,0.9456775784492493,0.263124018907547,
4991,0.9466742873191833,0.2596166133880615,
4992,0.9476351141929626,0.25599607825279236,
4993,0.94856196641922,0.2526629865169525,
4994,0.949456512928009,0.24930739402770996,
4995,0.9503205418586731,0.24652476608753204,
4996,0.9511554837226868,0.24311600625514984,
4997,0.9519628286361694,0.24031788110733032,
4998,0.9527438879013062,0.2375175803899765,
4999,0.953499972820282,0.2351837158203125,
