train_batch,acc,loss,std_acc
0,0.0625,3.967066764831543,
1,0.03125,4.141048431396484,
2,0.0416666679084301,4.033083438873291,
3,0.0546875,3.9345016479492188,
4,0.05000000074505806,3.8547897338867188,
5,0.0572916679084301,3.834113121032715,
6,0.0535714291036129,3.7770657539367676,
7,0.06640625,3.7436256408691406,
8,0.0729166641831398,3.7045979499816895,
9,0.08124999701976776,3.6378579139709473,
10,0.08238636702299118,3.613961696624756,
11,0.0963541641831398,3.5795910358428955,
12,0.10096153616905212,3.548273801803589,
13,0.109375,3.5215933322906494,
14,0.11874999850988388,3.4941439628601074,
15,0.123046875,3.4755094051361084,
16,0.13419117033481598,3.4471046924591064,
17,0.140625,3.4150161743164062,
18,0.14802631735801697,3.393693685531616,
19,0.15000000596046448,3.372187376022339,
20,0.1547619104385376,3.3542661666870117,
21,0.15482954680919647,3.3425066471099854,
22,0.15896739065647125,3.3212544918060303,
23,0.1588541716337204,3.307615280151367,
24,0.16875000298023224,3.2826526165008545,
25,0.17067307233810425,3.2682902812957764,
26,0.17245370149612427,3.25233793258667,
27,0.1707589328289032,3.2368032932281494,
28,0.17133620381355286,3.2244033813476562,
29,0.17083333432674408,3.2192070484161377,
30,0.1733870953321457,3.203444480895996,
31,0.17578125,3.1916370391845703,
32,0.17803029716014862,3.184755325317383,
33,0.18106617033481598,3.1705565452575684,
34,0.18214285373687744,3.1645355224609375,
35,0.1866319477558136,3.1501359939575195,
36,0.18665540218353271,3.136798143386841,
37,0.19243420660495758,3.1221988201141357,
38,0.19951923191547394,3.1013214588165283,
39,0.20390625298023224,3.0847315788269043,
40,0.20426829159259796,3.074343204498291,
41,0.2075892835855484,3.0559909343719482,
42,0.213662788271904,3.040229558944702,
43,0.21732954680919647,3.0264272689819336,
44,0.22152778506278992,3.0150227546691895,
45,0.22554348409175873,2.999804973602295,
46,0.23005318641662598,2.987644672393799,
47,0.2337239533662796,2.974630355834961,
48,0.2359693944454193,2.9619150161743164,
49,0.24124999344348907,2.9433834552764893,
50,0.046296294778585434,3.9751813411712646,
51,0.06465516984462738,3.8627424240112305,
52,0.09072580933570862,3.763338804244995,
53,0.11174242198467255,3.687897205352783,
54,0.125,3.615323066711426,
55,0.1435810774564743,3.565037488937378,
56,0.15544871985912323,3.504100799560547,
57,0.1676829308271408,3.4467616081237793,
58,0.18023255467414856,3.402034044265747,
59,0.19305555522441864,3.3431241512298584,
60,0.20079787075519562,3.3021938800811768,
61,0.20790816843509674,3.259242534637451,
62,0.2181372493505478,3.216913938522339,
63,0.22641509771347046,3.1805388927459717,
64,0.23181818425655365,3.1462557315826416,
65,0.2368421107530594,3.112419605255127,
66,0.23834745585918427,3.092602252960205,
67,0.24590164422988892,3.0574522018432617,
68,0.25,3.0314669609069824,
69,0.2576923072338104,3.00905442237854,
70,0.26958954334259033,2.9776430130004883,
71,0.2762681245803833,2.94819974899292,
72,0.27640846371650696,2.934814691543579,
73,0.2791095972061157,2.91691255569458,
74,0.2783333361148834,2.90608286857605,
75,0.28409090638160706,2.883511543273926,
76,0.28560125827789307,2.864901304244995,
77,0.2908950746059418,2.8429224491119385,
78,0.2936747074127197,2.8218703269958496,
79,0.29926469922065735,2.799001932144165,
80,0.3024425208568573,2.7822365760803223,
81,0.30477526783943176,2.7652499675750732,
82,0.3076923191547394,2.7516870498657227,
83,0.3104838728904724,2.7369449138641357,
84,0.3131578862667084,2.7242255210876465,
85,0.3163659870624542,2.707218647003174,
86,0.3181818127632141,2.6988041400909424,
87,0.323019802570343,2.681093215942383,
88,0.32463592290878296,2.6709725856781006,
89,0.3303571343421936,2.652017116546631,
90,0.33411213755607605,2.637637138366699,
91,0.3388761579990387,2.621811866760254,
92,0.3406531512737274,2.6092112064361572,
93,0.3396017551422119,2.6009562015533447,
94,0.34239131212234497,2.588130474090576,
95,0.34294870495796204,2.5775671005249023,
96,0.3445378243923187,2.5652966499328613,
97,0.35072314739227295,2.5501017570495605,
98,0.3526422679424286,2.541142463684082,
99,0.3569999933242798,2.528916835784912,
100,0.08101851493120193,4.017045497894287,
101,0.10775861889123917,3.880527973175049,
102,0.13508065044879913,3.74979567527771,
103,0.15340909361839294,3.6549625396728516,
104,0.16607142984867096,3.577993869781494,
105,0.17736487090587616,3.501695394515991,
106,0.19070513546466827,3.4253008365631104,
107,0.21036584675312042,3.3427414894104004,
108,0.22674418985843658,3.2705702781677246,
109,0.23749999701976776,3.2056617736816406,
110,0.24867020547389984,3.1564555168151855,
111,0.2602040767669678,3.1144917011260986,
112,0.2720588147640228,3.063411235809326,
113,0.2830188572406769,3.021812677383423,
114,0.2863636314868927,2.9984476566314697,
115,0.29605263471603394,2.952810764312744,
116,0.30084747076034546,2.9202592372894287,
117,0.3063524663448334,2.883402109146118,
118,0.3154761791229248,2.848982334136963,
119,0.32307693362236023,2.813692092895508,
120,0.33208954334259033,2.78393816947937,
121,0.3396739065647125,2.752554178237915,
122,0.3494718372821808,2.724788188934326,
123,0.35359588265419006,2.701812982559204,
124,0.3541666567325592,2.687978744506836,
125,0.35876622796058655,2.660041332244873,
126,0.36471518874168396,2.637385129928589,
127,0.37037035822868347,2.6157801151275635,
128,0.3742469847202301,2.5906319618225098,
129,0.37867647409439087,2.570659637451172,
130,0.3836206793785095,2.5518414974212646,
131,0.3897472023963928,2.5273518562316895,
132,0.39354395866394043,2.5101332664489746,
133,0.39717742800712585,2.500476598739624,
134,0.3973684310913086,2.491363763809204,
135,0.40270617604255676,2.4725778102874756,
136,0.407196968793869,2.458930015563965,
137,0.40655940771102905,2.4460079669952393,
138,0.41019418835639954,2.429607629776001,
139,0.4148809611797333,2.412856101989746,
140,0.42114487290382385,2.392550230026245,
141,0.42717888951301575,2.3770384788513184,
142,0.42961710691452026,2.3644325733184814,
143,0.4347345232963562,2.347261428833008,
144,0.438043475151062,2.3366317749023438,
145,0.4412393271923065,2.323498249053955,
146,0.44117647409439087,2.3182241916656494,
147,0.44214877486228943,2.3094282150268555,
148,0.44461381435394287,2.2984464168548584,
149,0.44699999690055847,2.287882089614868,
150,0.0972222238779068,4.134307384490967,
151,0.11637931317090988,3.9958336353302,
152,0.1391129046678543,3.8581035137176514,
153,0.1609848439693451,3.7511661052703857,
154,0.17678570747375488,3.649548053741455,
155,0.19256757199764252,3.5527422428131104,
156,0.20512820780277252,3.4679603576660156,
157,0.21646341681480408,3.386569023132324,
158,0.23110465705394745,3.3135194778442383,
159,0.24583333730697632,3.245542049407959,
160,0.25930851697921753,3.1744608879089355,
161,0.27040815353393555,3.120685577392578,
162,0.27818626165390015,3.0752599239349365,
163,0.2853773534297943,3.0313611030578613,
164,0.2954545319080353,2.983191728591919,
165,0.30263158679008484,2.9381237030029297,
166,0.3093220293521881,2.906782388687134,
167,0.31454917788505554,2.879011392593384,
168,0.3214285671710968,2.843022346496582,
169,0.33076924085617065,2.8051884174346924,
170,0.3404850661754608,2.7651801109313965,
171,0.34601449966430664,2.7326416969299316,
172,0.3512323796749115,2.6990134716033936,
173,0.3544520437717438,2.6773643493652344,
174,0.3583333194255829,2.652400255203247,
175,0.36201298236846924,2.6279525756835938,
176,0.3670886158943176,2.6067216396331787,
177,0.37268519401550293,2.5821564197540283,
178,0.3742469847202301,2.5634543895721436,
179,0.38235294818878174,2.535411834716797,
180,0.3857758641242981,2.511723041534424,
181,0.3904494345188141,2.490910053253174,
182,0.3949175775051117,2.472053050994873,
183,0.39717742800712585,2.456721544265747,
184,0.3993421196937561,2.4430928230285645,
185,0.40528351068496704,2.419079065322876,
186,0.4084596037864685,2.4012856483459473,
187,0.4115099012851715,2.384847402572632,
188,0.41383495926856995,2.36969256401062,
189,0.4166666567325592,2.355839252471924,
190,0.4188084006309509,2.3442864418029785,
191,0.42316514253616333,2.3297886848449707,
192,0.4256756901741028,2.313404083251953,
193,0.4275442361831665,2.2973949909210205,
194,0.42934781312942505,2.285841941833496,
195,0.43322649598121643,2.2733564376831055,
196,0.43697479367256165,2.2577426433563232,
197,0.43956610560417175,2.244025230407715,
198,0.44258129596710205,2.232116460800171,
199,0.44600000977516174,2.2218449115753174,
200,0.1527777761220932,3.987492799758911,
201,0.17887930572032928,3.8435797691345215,
202,0.20564515888690948,3.6983675956726074,
203,0.22727273404598236,3.5673558712005615,
204,0.24821428954601288,3.449308395385742,
205,0.2668918967247009,3.353469133377075,
206,0.27724358439445496,3.2707412242889404,
207,0.2896341383457184,3.1861233711242676,
208,0.30377906560897827,3.1093597412109375,
209,0.3152777850627899,3.048630475997925,
210,0.3191489279270172,3.002803325653076,
211,0.3316326439380646,2.946335792541504,
212,0.3321078419685364,2.919050931930542,
213,0.34433960914611816,2.86594295501709,
214,0.3477272689342499,2.8261125087738037,
215,0.35197368264198303,2.7949326038360596,
216,0.36334747076034546,2.752973794937134,
217,0.36680328845977783,2.712303400039673,
218,0.3759920597076416,2.6788318157196045,
219,0.3759615421295166,2.656400680541992,
220,0.37966418266296387,2.6340951919555664,
221,0.3804347813129425,2.6136913299560547,
222,0.38556337356567383,2.584388256072998,
223,0.3929794430732727,2.54807448387146,
224,0.39916667342185974,2.5221829414367676,
225,0.40340909361839294,2.4910500049591064,
226,0.41060125827789307,2.466050148010254,
227,0.4128086566925049,2.4461987018585205,
228,0.41641566157341003,2.4271390438079834,
229,0.4227941036224365,2.403761386871338,
230,0.4295977056026459,2.375365734100342,
231,0.43328651785850525,2.356557846069336,
232,0.4368131756782532,2.3357832431793213,
233,0.43817204236984253,2.320760488510132,
234,0.4355263113975525,2.3143105506896973,
235,0.43878865242004395,2.299058198928833,
236,0.4431818127632141,2.2769579887390137,
237,0.4461633563041687,2.26420521736145,
238,0.44781553745269775,2.252776861190796,
239,0.4523809552192688,2.2326278686523438,
240,0.45560747385025024,2.2190890312194824,
241,0.45642203092575073,2.208371639251709,
242,0.4577702581882477,2.1950294971466064,
243,0.4629424810409546,2.17661452293396,
244,0.4635869562625885,2.1671907901763916,
245,0.47061964869499207,2.1459624767303467,
246,0.4732142984867096,2.1339035034179688,
247,0.47572314739227295,2.122631072998047,
248,0.4791666567325592,2.1091866493225098,
249,0.4794999957084656,2.1038339138031006,
250,0.1666666716337204,4.042684555053711,
251,0.19181033968925476,3.8689980506896973,
252,0.21169355511665344,3.7467410564422607,
253,0.23863635957241058,3.623506546020508,
254,0.2589285671710968,3.497313976287842,
255,0.2736486494541168,3.4098823070526123,
256,0.2868589758872986,3.3279643058776855,
257,0.3018292784690857,3.2475500106811523,
258,0.3125,3.167340040206909,
259,0.32499998807907104,3.0931813716888428,
260,0.332446813583374,3.0335049629211426,
261,0.3405612111091614,2.9725406169891357,
262,0.3529411852359772,2.916022777557373,
263,0.3596698045730591,2.8652563095092773,
264,0.3647727370262146,2.822195529937744,
265,0.3739035129547119,2.7743353843688965,
266,0.3855932056903839,2.723278522491455,
267,0.3893442749977112,2.6846535205841064,
268,0.3908730149269104,2.6615538597106934,
269,0.39423078298568726,2.632007598876953,
270,0.3992537260055542,2.601978063583374,
271,0.40760868787765503,2.5680489540100098,
272,0.40933099389076233,2.5475831031799316,
273,0.4178082048892975,2.5127668380737305,
274,0.41749998927116394,2.5008506774902344,
275,0.42370128631591797,2.474759817123413,
276,0.4264240562915802,2.458505868911743,
277,0.42824074625968933,2.4471120834350586,
278,0.4284638464450836,2.4385366439819336,
279,0.4316176474094391,2.421149492263794,
280,0.4382183849811554,2.398759603500366,
281,0.43820226192474365,2.3845200538635254,
282,0.43887361884117126,2.3709259033203125,
283,0.4395161271095276,2.3591363430023193,
284,0.4421052634716034,2.342294692993164,
285,0.44716495275497437,2.325986385345459,
286,0.44949495792388916,2.312046766281128,
287,0.4542079269886017,2.2914817333221436,
288,0.4563106894493103,2.279146432876587,
289,0.4571428596973419,2.2641613483428955,
290,0.461448609828949,2.249399423599243,
291,0.4621559679508209,2.2398171424865723,
292,0.4634009003639221,2.2265398502349854,
293,0.4673672616481781,2.2116024494171143,
294,0.47119563817977905,2.1957056522369385,
295,0.47168803215026855,2.1855051517486572,
296,0.4721638560295105,2.178495168685913,
297,0.47055783867836,2.1809134483337402,
298,0.47205284237861633,2.1718173027038574,
299,0.47450000047683716,2.160546064376831,
300,0.18518517911434174,3.6749494075775146,
301,0.2198275923728943,3.5305428504943848,
302,0.24596774578094482,3.3973677158355713,
303,0.27272728085517883,3.2852795124053955,
304,0.2874999940395355,3.2076609134674072,
305,0.2939189076423645,3.1443541049957275,
306,0.3157051205635071,3.059901714324951,
307,0.32774388790130615,2.9798390865325928,
308,0.34156978130340576,2.911914348602295,
309,0.3513889014720917,2.856252431869507,
310,0.3617021143436432,2.803093194961548,
311,0.3711734712123871,2.746772289276123,
312,0.3811274468898773,2.6931121349334717,
313,0.3903301954269409,2.6449058055877686,
314,0.396590918302536,2.6055095195770264,
315,0.4013157784938812,2.57828688621521,
316,0.402542382478714,2.55442476272583,
317,0.4067623019218445,2.5306105613708496,
318,0.408730149269104,2.503060817718506,
319,0.41826921701431274,2.468404531478882,
320,0.42070895433425903,2.445023775100708,
321,0.42391303181648254,2.4234869480133057,
322,0.42341548204421997,2.4064040184020996,
323,0.42380136251449585,2.3889338970184326,
324,0.4308333396911621,2.359713315963745,
325,0.4318181872367859,2.3387904167175293,
326,0.4335443079471588,2.324098825454712,
327,0.4382716119289398,2.308584690093994,
328,0.4405120611190796,2.287355899810791,
329,0.43970587849617004,2.276106595993042,
330,0.44396552443504333,2.266815423965454,
331,0.44662922620773315,2.257373809814453,
332,0.44711539149284363,2.243964672088623,
333,0.45228493213653564,2.2269279956817627,
334,0.45394736528396606,2.217017650604248,
335,0.4548968970775604,2.2052230834960938,
336,0.4583333432674408,2.190009117126465,
337,0.4628712832927704,2.1713693141937256,
338,0.46480581164360046,2.162041425704956,
339,0.46666666865348816,2.1548843383789062,
340,0.4690420627593994,2.1412649154663086,
341,0.4747706353664398,2.123368263244629,
342,0.47578829526901245,2.1131746768951416,
343,0.47787609696388245,2.106135845184326,
344,0.47771739959716797,2.099111318588257,
345,0.47970086336135864,2.0898046493530273,
346,0.4821428656578064,2.0782666206359863,
347,0.48398759961128235,2.0660672187805176,
348,0.48526424169540405,2.057257890701294,
349,0.4860000014305115,2.049988031387329,
350,0.30787035822868347,2.7491440773010254,
351,0.3211206793785095,2.681203842163086,
352,0.3427419364452362,2.5970780849456787,
353,0.35227271914482117,2.52439546585083,
354,0.36964285373687744,2.457920789718628,
355,0.3885135054588318,2.4017555713653564,
356,0.39423078298568726,2.366896629333496,
357,0.4039634168148041,2.3244800567626953,
358,0.40697672963142395,2.3000779151916504,
359,0.41527777910232544,2.264190673828125,
360,0.4268617033958435,2.230769395828247,
361,0.4336734712123871,2.202357053756714,
362,0.4436274468898773,2.1661856174468994,
363,0.4516509473323822,2.1341865062713623,
364,0.459090918302536,2.111687183380127,
365,0.46271929144859314,2.0864129066467285,
366,0.46716102957725525,2.0657596588134766,
367,0.4713114798069,2.04537296295166,
368,0.4751984179019928,2.0323474407196045,
369,0.4759615361690521,2.0221190452575684,
370,0.47481343150138855,2.0181455612182617,
371,0.48097825050354004,2.005481004714966,
372,0.48591548204421997,1.9843292236328125,
373,0.4914383590221405,1.9639087915420532,
374,0.4958333373069763,1.9520280361175537,
375,0.4967532455921173,1.9394158124923706,
376,0.49525317549705505,1.9296404123306274,
377,0.5,1.9183907508850098,
378,0.5015060305595398,1.9111928939819336,
379,0.5036764740943909,1.9036071300506592,
380,0.5028735399246216,1.8964601755142212,
381,0.5042135119438171,1.8904242515563965,
382,0.5027472376823425,1.8886969089508057,
383,0.5053763389587402,1.8796007633209229,
384,0.5072368383407593,1.8714876174926758,
385,0.5083763003349304,1.868327021598816,
386,0.5094696879386902,1.8635332584381104,
387,0.5142326951026917,1.850398302078247,
388,0.5163834691047668,1.8391282558441162,
389,0.5184524059295654,1.8299527168273926,
390,0.5175233483314514,1.8267565965652466,
391,0.5200688242912292,1.823637843132019,
392,0.5202702879905701,1.821112871170044,
393,0.5204645991325378,1.8184980154037476,
394,0.51902174949646,1.8243199586868286,
395,0.5208333134651184,1.8178045749664307,
396,0.5225840210914612,1.809881567955017,
397,0.5222107172012329,1.80818510055542,
398,0.5243902206420898,1.8008136749267578,
399,0.5260000228881836,1.7956280708312988,
400,0.30787035822868347,2.5777859687805176,
401,0.3318965435028076,2.5008981227874756,
402,0.3568548262119293,2.4291064739227295,
403,0.3712121248245239,2.3556861877441406,
404,0.3928571343421936,2.293900966644287,
405,0.3986486494541168,2.2639286518096924,
406,0.4086538553237915,2.210601568222046,
407,0.41920730471611023,2.1732237339019775,
408,0.42877906560897827,2.1316335201263428,
409,0.4375,2.099470853805542,
410,0.44281914830207825,2.066990852355957,
411,0.4426020383834839,2.049065113067627,
412,0.45098039507865906,2.0138204097747803,
413,0.4599056541919708,1.9925425052642822,
414,0.47045454382896423,1.9613081216812134,
415,0.47478070855140686,1.9384052753448486,
416,0.4830508530139923,1.9116002321243286,
417,0.49077868461608887,1.8856593370437622,
418,0.4950396716594696,1.8646234273910522,
419,0.5028846263885498,1.8551952838897705,
420,0.503731369972229,1.8420448303222656,
421,0.5054348111152649,1.8249098062515259,
422,0.5079225301742554,1.813752293586731,
423,0.5102739930152893,1.804344892501831,
424,0.5141666531562805,1.7873423099517822,
425,0.5154221057891846,1.7825666666030884,
426,0.517405092716217,1.7749321460723877,
427,0.5185185074806213,1.7745345830917358,
428,0.516566276550293,1.7713525295257568,
429,0.5176470875740051,1.7612807750701904,
430,0.5208333134651184,1.751721978187561,
431,0.5231741666793823,1.7391176223754883,
432,0.526098906993866,1.7271090745925903,
433,0.5282257795333862,1.7169551849365234,
434,0.5282894968986511,1.7124755382537842,
435,0.5289948582649231,1.7059400081634521,
436,0.5290403962135315,1.701024055480957,
437,0.5321782231330872,1.690197229385376,
438,0.5364077687263489,1.6829853057861328,
439,0.5398809313774109,1.673479676246643,
440,0.5432242751121521,1.6641473770141602,
441,0.5435779690742493,1.6563537120819092,
442,0.5484234094619751,1.6456944942474365,
443,0.5481194853782654,1.6447796821594238,
444,0.5494565367698669,1.6369500160217285,
445,0.5518162250518799,1.6333391666412354,
446,0.5551470518112183,1.6252156496047974,
447,0.5547520518302917,1.6265891790390015,
448,0.5543699264526367,1.6260449886322021,
449,0.5559999942779541,1.6184959411621094,
450,0.37037035822868347,2.1849076747894287,
451,0.38146552443504333,2.1378824710845947,
452,0.4032258093357086,2.0729222297668457,
453,0.4261363744735718,2.0226566791534424,
454,0.44107142090797424,1.974024772644043,
455,0.45270270109176636,1.9520667791366577,
456,0.45993590354919434,1.9224135875701904,
457,0.4679878056049347,1.893344759941101,
458,0.4781976640224457,1.8667864799499512,
459,0.4888888895511627,1.831897497177124,
460,0.4933510720729828,1.8056923151016235,
461,0.49872449040412903,1.7811558246612549,
462,0.5024510025978088,1.7751836776733398,
463,0.5047169923782349,1.76492178440094,
464,0.5079545378684998,1.7495372295379639,
465,0.5142543911933899,1.733411431312561,
466,0.5190678238868713,1.7252962589263916,
467,0.5215163826942444,1.7120572328567505,
468,0.5248016119003296,1.6967592239379883,
469,0.5230769515037537,1.694324016571045,
470,0.5298507213592529,1.6792962551116943,
471,0.5335144996643066,1.6692116260528564,
472,0.5352112650871277,1.655852198600769,
473,0.5368150472640991,1.6476491689682007,
474,0.5433333516120911,1.6357280015945435,
475,0.548701286315918,1.6233512163162231,
476,0.550632894039154,1.6145706176757812,
477,0.5547839403152466,1.606282353401184,
478,0.5587349534034729,1.5980138778686523,
479,0.5602940917015076,1.588240623474121,
480,0.5653735399246216,1.5806725025177002,
481,0.567415714263916,1.575088381767273,
482,0.5693681240081787,1.568826675415039,
483,0.5705645084381104,1.5679762363433838,
484,0.5730262994766235,1.5645920038223267,
485,0.5760309100151062,1.5580017566680908,
486,0.5776515007019043,1.5512382984161377,
487,0.5761138796806335,1.5491546392440796,
488,0.5782766938209534,1.544952154159546,
489,0.5767857432365417,1.546630859375,
490,0.5747663378715515,1.54734468460083,
491,0.5779816508293152,1.5404620170593262,
492,0.5771396160125732,1.5376478433609009,
493,0.5790929198265076,1.530851125717163,
494,0.5804347991943359,1.5275523662567139,
495,0.5811966061592102,1.5246878862380981,
496,0.5814075469970703,1.5238763093948364,
497,0.5826446413993835,1.5202301740646362,
498,0.5843495726585388,1.5166411399841309,
499,0.5845000147819519,1.5179543495178223,
500,0.32175925374031067,2.573904275894165,
501,0.3469827473163605,2.4733779430389404,
502,0.3709677457809448,2.3824856281280518,
503,0.39393940567970276,2.2924413681030273,
504,0.41428571939468384,2.216444253921509,
505,0.42736485600471497,2.162221670150757,
506,0.4407051205635071,2.1074411869049072,
507,0.44359755516052246,2.0799009799957275,
508,0.45639535784721375,2.0394341945648193,
509,0.47361111640930176,1.9940985441207886,
510,0.48803192377090454,1.9504321813583374,
511,0.4961734712123871,1.9147286415100098,
512,0.5049019455909729,1.8880548477172852,
513,0.5117924809455872,1.868281364440918,
514,0.5159090757369995,1.843497633934021,
515,0.5219298005104065,1.8257522583007812,
516,0.5338982939720154,1.7985836267471313,
517,0.5409836173057556,1.7702172994613647,
518,0.5486111044883728,1.7498133182525635,
519,0.5538461804389954,1.7368088960647583,
520,0.5531716346740723,1.7254923582077026,
521,0.5570651888847351,1.7118102312088013,
522,0.5554577708244324,1.7126367092132568,
523,0.5590753555297852,1.6928869485855103,
524,0.5625,1.681699514389038,
525,0.5657467246055603,1.6710848808288574,
526,0.5696202516555786,1.6618455648422241,
527,0.5740740895271301,1.6536115407943726,
528,0.5820783376693726,1.6373460292816162,
529,0.5845588445663452,1.6334651708602905,
530,0.5876436829566956,1.6193695068359375,
531,0.5898876190185547,1.6047569513320923,
532,0.5947802066802979,1.587955355644226,
533,0.5954301357269287,1.5791993141174316,
534,0.5993421077728271,1.564360499382019,
535,0.5985824465751648,1.5603352785110474,
536,0.6041666865348816,1.5458643436431885,
537,0.6070544719696045,1.532106637954712,
538,0.6080096960067749,1.5232499837875366,
539,0.6095238327980042,1.5148038864135742,
540,0.610397219657898,1.5056891441345215,
541,0.6135321259498596,1.4966144561767578,
542,0.6143018007278442,1.491386890411377,
543,0.6189159154891968,1.4801156520843506,
544,0.623369574546814,1.4703118801116943,
545,0.624465823173523,1.4657018184661865,
546,0.6255252361297607,1.4612234830856323,
547,0.6270661354064941,1.4532217979431152,
548,0.6290650367736816,1.4449440240859985,
549,0.6294999718666077,1.4435551166534424,
550,0.45370370149612427,1.9864411354064941,
551,0.48275861144065857,1.911283254623413,
552,0.4979838728904724,1.8684638738632202,
553,0.5056818127632141,1.831319808959961,
554,0.5214285850524902,1.7869268655776978,
555,0.5354729890823364,1.7391704320907593,
556,0.5448718070983887,1.7198641300201416,
557,0.5533536672592163,1.6937470436096191,
558,0.5566860437393188,1.6710467338562012,
559,0.5597222447395325,1.6577638387680054,
560,0.5664893388748169,1.6301907300949097,
561,0.5701530575752258,1.6142741441726685,
562,0.5784313678741455,1.5912282466888428,
563,0.5801886916160583,1.578536868095398,
564,0.5852272510528564,1.5603320598602295,
565,0.5921052694320679,1.543134331703186,
566,0.5921609997749329,1.5346417427062988,
567,0.5963114500045776,1.5230109691619873,
568,0.601190447807312,1.5121201276779175,
569,0.6086538434028625,1.4971460103988647,
570,0.6072761416435242,1.499612808227539,
571,0.6105072498321533,1.490964651107788,
572,0.6170774698257446,1.474726915359497,
573,0.6224315166473389,1.454923391342163,
574,0.6274999976158142,1.4465112686157227,
575,0.6306818127632141,1.4381040334701538,
576,0.6337025165557861,1.425938367843628,
577,0.6350308656692505,1.4180322885513306,
578,0.6355421543121338,1.4152580499649048,
579,0.637499988079071,1.40645170211792,
580,0.6386494040489197,1.4003058671951294,
581,0.6425561904907227,1.3885600566864014,
582,0.6442307829856873,1.3791296482086182,
583,0.6471773982048035,1.3705737590789795,
584,0.6499999761581421,1.3650901317596436,
585,0.6494845151901245,1.3655341863632202,
586,0.6521464586257935,1.3555628061294556,
587,0.6534653306007385,1.3490909337997437,
588,0.6541262269020081,1.3433674573898315,
589,0.6577380895614624,1.334338665008545,
590,0.6582943797111511,1.3264095783233643,
591,0.6599770784378052,1.3211137056350708,
592,0.662162184715271,1.3142876625061035,
593,0.6620575189590454,1.3136285543441772,
594,0.6630434989929199,1.3082605600357056,
595,0.6629273295402527,1.305812954902649,
596,0.6622899174690247,1.3053288459777832,
597,0.6637396812438965,1.3010567426681519,
598,0.6656504273414612,1.2947992086410522,
599,0.6660000085830688,1.2892298698425293,
600,0.36342594027519226,2.4468743801116943,
601,0.3943965435028076,2.3420183658599854,
602,0.4193548262119293,2.2391469478607178,
603,0.44507575035095215,2.1560416221618652,
604,0.45892858505249023,2.092637300491333,
605,0.4746621549129486,2.030216693878174,
606,0.49038460850715637,1.9708080291748047,
607,0.49695122241973877,1.9337477684020996,
608,0.5116279125213623,1.882045865058899,
609,0.5249999761581421,1.8484159708023071,
610,0.5319148898124695,1.8143987655639648,
611,0.5446428656578064,1.779279112815857,
612,0.5551470518112183,1.7412148714065552,
613,0.5648584961891174,1.7097821235656738,
614,0.5693181753158569,1.6940622329711914,
615,0.5734649300575256,1.674604892730713,
616,0.5826271176338196,1.6383486986160278,
617,0.5901639461517334,1.6176481246948242,
618,0.5972222089767456,1.5922437906265259,
619,0.6038461327552795,1.5680100917816162,
620,0.611940324306488,1.54322350025177,
621,0.616847813129425,1.528957486152649,
622,0.6241196990013123,1.509595513343811,
623,0.6284246444702148,1.4951958656311035,
624,0.6324999928474426,1.486463189125061,
625,0.6339285969734192,1.476762056350708,
626,0.6376582384109497,1.4647090435028076,
627,0.6419752836227417,1.44904625415802,
628,0.6438252925872803,1.4416565895080566,
629,0.6499999761581421,1.4243073463439941,
630,0.6551724076271057,1.410792589187622,
631,0.6566011309623718,1.4013943672180176,
632,0.6579670310020447,1.3924537897109985,
633,0.6612903475761414,1.378095030784607,
634,0.6657894849777222,1.3679574728012085,
635,0.6681700944900513,1.3573907613754272,
636,0.6698232293128967,1.3478344678878784,
637,0.6738861203193665,1.3349225521087646,
638,0.6771844625473022,1.3246244192123413,
639,0.6785714030265808,1.3127162456512451,
640,0.6793224215507507,1.3072524070739746,
641,0.6771789193153381,1.3048834800720215,
642,0.6801801919937134,1.2967854738235474,
643,0.6814159154891968,1.2895405292510986,
644,0.6826087236404419,1.282224416732788,
645,0.6875,1.2696008682250977,
646,0.6901260614395142,1.2620376348495483,
647,0.6936983466148376,1.2499237060546875,
648,0.6956300735473633,1.2431776523590088,
649,0.6945000290870667,1.2386044263839722,
650,0.4930555522441864,1.8463069200515747,
651,0.5193965435028076,1.763819932937622,
652,0.5342742204666138,1.7029528617858887,
653,0.5473484992980957,1.6684988737106323,
654,0.5589285492897034,1.634796142578125,
655,0.5709459185600281,1.5921911001205444,
656,0.5849359035491943,1.5591890811920166,
657,0.5853658318519592,1.5435823202133179,
658,0.5973837375640869,1.5109046697616577,
659,0.6041666865348816,1.481945276260376,
660,0.6077127456665039,1.4615356922149658,
661,0.6173469424247742,1.436723232269287,
662,0.6213235259056091,1.429127812385559,
663,0.6308962106704712,1.4049015045166016,
664,0.637499988079071,1.385890245437622,
665,0.640350878238678,1.380298137664795,
666,0.6430084705352783,1.3728374242782593,
667,0.6383196711540222,1.374963641166687,
668,0.6398809552192688,1.3674453496932983,
669,0.6413461565971375,1.3609791994094849,
670,0.6427238583564758,1.349791169166565,
671,0.6485507488250732,1.329530954360962,
672,0.6505281925201416,1.319522500038147,
673,0.653253436088562,1.3080744743347168,
674,0.6566666960716248,1.2955807447433472,
675,0.6590909361839294,1.2877932786941528,
676,0.6613923907279968,1.280074119567871,
677,0.6643518805503845,1.2746926546096802,
678,0.6679216623306274,1.2638626098632812,
679,0.6720588207244873,1.2571780681610107,
680,0.6752873659133911,1.245062232017517,
681,0.6776685118675232,1.2401740550994873,
682,0.6771978139877319,1.2400877475738525,
683,0.6780914068222046,1.2379107475280762,
684,0.6815789341926575,1.2272980213165283,
685,0.6829897165298462,1.2213267087936401,
686,0.6875,1.2100368738174438,
687,0.6893564462661743,1.2002065181732178,
688,0.6899271607398987,1.1964935064315796,
689,0.6928571462631226,1.1895276308059692,
690,0.6933411359786987,1.1860628128051758,
691,0.6949541568756104,1.1815773248672485,
692,0.6959459185600281,1.1769967079162598,
693,0.6974557638168335,1.1706773042678833,
694,0.699456512928009,1.1686937808990479,
695,0.7024572491645813,1.159990668296814,
696,0.7027310729026794,1.157382607460022,
697,0.7040289044380188,1.1532658338546753,
698,0.7068089246749878,1.14646577835083,
699,0.7064999938011169,1.1462668180465698,
700,0.5254629850387573,1.6802841424942017,
701,0.545258641242981,1.6147197484970093,
702,0.5584677457809448,1.572104811668396,
703,0.5719696879386902,1.5236564874649048,
704,0.5910714268684387,1.4815194606781006,
705,0.6047297120094299,1.4342306852340698,
706,0.6169871687889099,1.3990737199783325,
707,0.6219512224197388,1.3759751319885254,
708,0.625,1.3606150150299072,
709,0.6277777552604675,1.3548964262008667,
710,0.6329787373542786,1.3368377685546875,
711,0.6364796161651611,1.323655128479004,
712,0.6433823704719543,1.3037385940551758,
713,0.6521226167678833,1.2797690629959106,
714,0.6556817889213562,1.2639172077178955,
715,0.6622806787490845,1.249404788017273,
716,0.6652542352676392,1.2358660697937012,
717,0.6680327653884888,1.2250109910964966,
718,0.6696428656578064,1.2174255847930908,
719,0.675000011920929,1.2043123245239258,
720,0.6800373196601868,1.1923044919967651,
721,0.6820651888847351,1.1911975145339966,
722,0.6839788556098938,1.1835249662399292,
723,0.6857876777648926,1.1770139932632446,
724,0.6866666674613953,1.177966833114624,
725,0.6883116960525513,1.1695599555969238,
726,0.6914557218551636,1.1597291231155396,
727,0.6959876418113708,1.147696852684021,
728,0.6987951993942261,1.1425480842590332,
729,0.7029411792755127,1.1315492391586304,
730,0.704023003578186,1.129443883895874,
731,0.704353928565979,1.1231825351715088,
732,0.7060439586639404,1.1179572343826294,
733,0.7043010592460632,1.116512417793274,
734,0.7065789699554443,1.1083505153656006,
735,0.7074742317199707,1.1062431335449219,
736,0.7064393758773804,1.105395793914795,
737,0.7073019742965698,1.10354745388031,
738,0.7093446850776672,1.0995543003082275,
739,0.7089285850524902,1.0993938446044922,
740,0.7091121673583984,1.0966885089874268,
741,0.709289014339447,1.0975303649902344,
742,0.7111486196517944,1.0917736291885376,
743,0.7118362784385681,1.0891613960266113,
744,0.70923912525177,1.0889471769332886,
745,0.7083333134651184,1.087371587753296,
746,0.7095588445663452,1.084546685218811,
747,0.7122933864593506,1.0798215866088867,
748,0.7139227390289307,1.0757324695587158,
749,0.7164999842643738,1.0711753368377686,
750,0.4027777910232544,2.2267117500305176,
751,0.43318966031074524,2.123591423034668,
752,0.4556451737880707,2.0441184043884277,
753,0.4791666567325592,1.968906044960022,
754,0.49642857909202576,1.913203477859497,
755,0.5185810923576355,1.8459720611572266,
756,0.5304487347602844,1.7904424667358398,
757,0.5472561120986938,1.7375099658966064,
758,0.5508720874786377,1.7205479145050049,
759,0.5569444298744202,1.6845706701278687,
760,0.5678191781044006,1.6387760639190674,
761,0.579081654548645,1.6013875007629395,
762,0.5882353186607361,1.5655077695846558,
763,0.5908018946647644,1.545112133026123,
764,0.5965909361839294,1.5207760334014893,
765,0.6063596606254578,1.490513801574707,
766,0.6133474707603455,1.464831829071045,
767,0.618852436542511,1.4417929649353027,
768,0.6240079402923584,1.4219870567321777,
769,0.6317307949066162,1.3956962823867798,
770,0.6399253606796265,1.3714832067489624,
771,0.6422101259231567,1.3546754121780396,
772,0.6478873491287231,1.3378214836120605,
773,0.6523972749710083,1.321589469909668,
774,0.6541666388511658,1.3115465641021729,
775,0.6574675440788269,1.302529215812683,
776,0.6606012582778931,1.2924299240112305,
777,0.665123462677002,1.2802726030349731,
778,0.6679216623306274,1.2667007446289062,
779,0.6705882549285889,1.2589346170425415,
780,0.6716954112052917,1.2497116327285767,
781,0.675561785697937,1.240919589996338,
782,0.6785714030265808,1.2294164896011353,
783,0.6827957034111023,1.21455979347229,
784,0.6861842274665833,1.2036954164505005,
785,0.6913659572601318,1.1940665245056152,
786,0.6950757503509521,1.184438943862915,
787,0.6986386179924011,1.1739851236343384,
788,0.7014563083648682,1.1648621559143066,
789,0.7023809552192688,1.1615182161331177,
790,0.7044392228126526,1.1533714532852173,
791,0.7035550475120544,1.149655818939209,
792,0.7066441178321838,1.1388301849365234,
793,0.7101770043373108,1.126784324645996,
794,0.709782600402832,1.124557614326477,
795,0.7077991366386414,1.1265493631362915,
796,0.7090336084365845,1.1212011575698853,
797,0.7102272510528564,1.1200255155563354,
798,0.7078251838684082,1.1228384971618652,
799,0.7085000276565552,1.1197688579559326,
800,0.41203704476356506,2.3177716732025146,
801,0.4396551847457886,2.2078680992126465,
802,0.46370968222618103,2.1228749752044678,
803,0.4848484992980957,2.0339298248291016,
804,0.5035714507102966,1.9628987312316895,
805,0.5185810923576355,1.9115408658981323,
806,0.5368589758872986,1.8508706092834473,
807,0.5442073345184326,1.8036106824874878,
808,0.5523256063461304,1.7662795782089233,
809,0.5625,1.7250620126724243,
810,0.5731382966041565,1.68519127368927,
811,0.5803571343421936,1.6564382314682007,
812,0.591911792755127,1.6174819469451904,
813,0.6002358198165894,1.5811675786972046,
814,0.6090909242630005,1.554019808769226,
815,0.6151315569877625,1.5244964361190796,
816,0.6207627058029175,1.5026719570159912,
817,0.6270492076873779,1.476973295211792,
818,0.6319444179534912,1.4509363174438477,
819,0.6365384459495544,1.432539463043213,
820,0.641791045665741,1.4109210968017578,
821,0.6503623127937317,1.3833085298538208,
822,0.6566901206970215,1.3656120300292969,
823,0.6609588861465454,1.3437979221343994,
824,0.6625000238418579,1.3350883722305298,
825,0.6663960814476013,1.3229118585586548,
826,0.670094907283783,1.309507966041565,
827,0.6728395223617554,1.2977397441864014,
828,0.6777108311653137,1.2811424732208252,
829,0.6808823347091675,1.2686395645141602,
830,0.6846264600753784,1.2557621002197266,
831,0.6839887499809265,1.2502864599227905,
832,0.6881868243217468,1.2347379922866821,
833,0.6928763389587402,1.2190287113189697,
834,0.6940789222717285,1.2097312211990356,
835,0.6958763003349304,1.2005243301391602,
836,0.6988636255264282,1.1909980773925781,
837,0.7042078971862793,1.180627703666687,
838,0.707524299621582,1.1716887950897217,
839,0.7083333134651184,1.1666345596313477,
840,0.7079439163208008,1.1640187501907349,
841,0.709289014339447,1.1573766469955444,
842,0.712837815284729,1.1495112180709839,
843,0.7140486836433411,1.1437976360321045,
844,0.716304361820221,1.1370160579681396,
845,0.7174145579338074,1.1321284770965576,
846,0.7211134433746338,1.1218949556350708,
847,0.7246900796890259,1.114205002784729,
848,0.7271341681480408,1.10696542263031,
849,0.7300000190734863,1.1011791229248047,
850,0.5486111044883728,1.590269923210144,
851,0.5646551847457886,1.536131501197815,
852,0.5826612710952759,1.4910660982131958,
853,0.5909090638160706,1.4586681127548218,
854,0.5982142686843872,1.4223028421401978,
855,0.6081081032752991,1.3895982503890991,
856,0.6137820482254028,1.3586794137954712,
857,0.6204268336296082,1.334494948387146,
858,0.6279069781303406,1.3136706352233887,
859,0.637499988079071,1.2863768339157104,
860,0.647606372833252,1.2633411884307861,
861,0.6556122303009033,1.2370030879974365,
862,0.6642156839370728,1.216285228729248,
863,0.6733490824699402,1.1934242248535156,
864,0.6761363744735718,1.1771186590194702,
865,0.6798245906829834,1.1630803346633911,
866,0.6832627058029175,1.1512442827224731,
867,0.6823770403862,1.1483653783798218,
868,0.6805555820465088,1.1495856046676636,
869,0.6846153736114502,1.1369500160217285,
870,0.6875,1.1233160495758057,
871,0.6920289993286133,1.1132094860076904,
872,0.6927816867828369,1.1052088737487793,
873,0.6969178318977356,1.0939785242080688,
874,0.6991666555404663,1.0883822441101074,
875,0.7045454382896423,1.0722603797912598,
876,0.7088607549667358,1.0623412132263184,
877,0.7121913433074951,1.055719017982483,
878,0.7153614163398743,1.0482007265090942,
879,0.7154411673545837,1.0445075035095215,
880,0.7162356376647949,1.0399861335754395,
881,0.7205055952072144,1.0284830331802368,
882,0.7245879173278809,1.0184855461120605,
883,0.7278226017951965,1.0075074434280396,
884,0.7309210300445557,1.0004655122756958,
885,0.7326030731201172,0.9958810210227966,
886,0.7316918969154358,0.9985913634300232,
887,0.7351484894752502,0.9916988611221313,
888,0.7372573018074036,0.9842538833618164,
889,0.7398809790611267,0.9768776297569275,
890,0.7412382960319519,0.9715525507926941,
891,0.7419725060462952,0.9661588668823242,
892,0.7449324131011963,0.9588228464126587,
893,0.7466813921928406,0.9514874219894409,
894,0.748369574546814,0.9471160769462585,
895,0.7489316463470459,0.9463703632354736,
896,0.7484243512153625,0.9466900825500488,
897,0.7484503984451294,0.9475780725479126,
898,0.75,0.9453224539756775,
899,0.7509999871253967,0.943359911441803,
900,0.5162037014961243,1.7971715927124023,
901,0.5366379022598267,1.7212985754013062,
902,0.5524193644523621,1.664217233657837,
903,0.5719696879386902,1.5997945070266724,
904,0.5910714268684387,1.5435799360275269,
905,0.6030405163764954,1.4954686164855957,
906,0.6169871687889099,1.4445241689682007,
907,0.6280487775802612,1.4029523134231567,
908,0.6308139562606812,1.3809195756912231,
909,0.6388888955116272,1.3486905097961426,
910,0.6409574747085571,1.3411487340927124,
911,0.6505101919174194,1.3145766258239746,
912,0.658088207244873,1.2910362482070923,
913,0.6650943160057068,1.2715539932250977,
914,0.6727272868156433,1.2464600801467896,
915,0.6754385828971863,1.2308435440063477,
916,0.6843220591545105,1.2060025930404663,
917,0.688524603843689,1.186302661895752,
918,0.6914682388305664,1.1687616109848022,
919,0.6942307949066162,1.1546497344970703,
920,0.6986940503120422,1.1369359493255615,
921,0.7028985619544983,1.118764877319336,
922,0.7042253613471985,1.1082502603530884,
923,0.7089040875434875,1.0976295471191406,
924,0.7099999785423279,1.0931981801986694,
925,0.7126623392105103,1.0897763967514038,
926,0.7136076092720032,1.084553837776184,
927,0.7191358208656311,1.0693747997283936,
928,0.7228915691375732,1.0626740455627441,
929,0.7235293984413147,1.057753562927246,
930,0.7227011322975159,1.055130124092102,
931,0.7233145833015442,1.0499790906906128,
932,0.7259615659713745,1.040705680847168,
933,0.7284946441650391,1.0364326238632202,
934,0.7302631735801697,1.0304304361343384,
935,0.7300257682800293,1.0272599458694458,
936,0.7316918969154358,1.0203313827514648,
937,0.7339109182357788,1.01226806640625,
938,0.7348300814628601,1.0095152854919434,
939,0.738095223903656,0.9994975328445435,
940,0.7406542301177979,0.9900596141815186,
941,0.7436926364898682,0.9831619262695312,
942,0.7449324131011963,0.975231945514679,
943,0.7439159154891968,0.9762362837791443,
944,0.7451087236404419,0.9707047343254089,
945,0.7441239356994629,0.9720632433891296,
946,0.7442227005958557,0.9710308313369751,
947,0.74638432264328,0.9654790759086609,
948,0.747459352016449,0.9638544917106628,
949,0.7484999895095825,0.9596030116081238,
950,0.5555555820465088,1.632982611656189,
951,0.579741358757019,1.5556492805480957,
952,0.5987903475761414,1.4913783073425293,
953,0.6136363744735718,1.436061978340149,
954,0.6267856955528259,1.390740990638733,
955,0.6435810923576355,1.3393540382385254,
956,0.6538461446762085,1.3085360527038574,
957,0.667682945728302,1.2657651901245117,
958,0.6758720874786377,1.2328318357467651,
959,0.6791666746139526,1.220033884048462,
960,0.6914893388748169,1.1915199756622314,
961,0.7002550959587097,1.1724345684051514,
962,0.7058823704719543,1.1535862684249878,
963,0.7122641801834106,1.1314771175384521,
964,0.7124999761581421,1.1266943216323853,
965,0.7203947305679321,1.106366515159607,
966,0.7213982939720154,1.1071689128875732,
967,0.7243852615356445,1.096831202507019,
968,0.7271825671195984,1.085595726966858,
969,0.7336538434028625,1.0681490898132324,
970,0.7388059496879578,1.0558102130889893,
971,0.7427536249160767,1.0385594367980957,
972,0.7455986142158508,1.0258524417877197,
973,0.744006872177124,1.0249663591384888,
974,0.7475000023841858,1.012312650680542,
975,0.7508116960525513,1.0035521984100342,
976,0.7547468543052673,0.9919631481170654,
977,0.7577160596847534,0.9791530966758728,
978,0.7612951993942261,0.970944881439209,
979,0.7632352709770203,0.960503876209259,
980,0.766523003578186,0.95231032371521,
981,0.7682584524154663,0.9529123306274414,
982,0.7692307829856873,0.947120189666748,
983,0.772849440574646,0.9362658262252808,
984,0.7736842036247253,0.9286057353019714,
985,0.7725515365600586,0.9267581105232239,
986,0.7727272510528564,0.9224011301994324,
987,0.7747524976730347,0.9168761372566223,
988,0.7760922312736511,0.9116657376289368,
989,0.7785714268684387,0.9044601321220398,
990,0.7803738117218018,0.8981812596321106,
991,0.7792431116104126,0.8955714106559753,
992,0.7798423171043396,0.8925309777259827,
993,0.7804203629493713,0.8871267437934875,
994,0.780978262424469,0.8844640851020813,
995,0.7809829115867615,0.8838826417922974,
996,0.783088207244873,0.8792127370834351,
997,0.7851239442825317,0.8746558427810669,
998,0.7876016497612,0.8693151473999023,
999,0.7875000238418579,0.8697502613067627,
1000,0.5601851940155029,1.571545124053955,
1001,0.5840517282485962,1.50421142578125,
1002,0.5987903475761414,1.458739995956421,
1003,0.6212121248245239,1.3952367305755615,
1004,0.637499988079071,1.349380612373352,
1005,0.6469594836235046,1.3195083141326904,
1006,0.6586538553237915,1.2883589267730713,
1007,0.667682945728302,1.2578011751174927,
1008,0.6729651093482971,1.2377331256866455,
1009,0.6819444298744202,1.2101091146469116,
1010,0.6848404407501221,1.199891209602356,
1011,0.6926020383834839,1.1774218082427979,
1012,0.7009803652763367,1.149848222732544,
1013,0.7040094137191772,1.131239891052246,
1014,0.7102272510528564,1.1045773029327393,
1015,0.7149122953414917,1.0810999870300293,
1016,0.7171609997749329,1.062290072441101,
1017,0.7233606576919556,1.0440473556518555,
1018,0.72817462682724,1.027499794960022,
1019,0.7317307591438293,1.0141836404800415,
1020,0.7341417670249939,1.0001161098480225,
1021,0.7355072498321533,0.9932446479797363,
1022,0.7394366264343262,0.9800844788551331,
1023,0.7422945499420166,0.9693796634674072,
1024,0.7475000023841858,0.9591235518455505,
1025,0.7491883039474487,0.9502254128456116,
1026,0.75,0.9465116858482361,
1027,0.7530864477157593,0.9403129816055298,
1028,0.7567771077156067,0.9301932454109192,
1029,0.7595587968826294,0.9227087497711182,
1030,0.7622126340866089,0.9131775498390198,
1031,0.7661516666412354,0.9037072658538818,
1032,0.7685439586639404,0.8935466408729553,
1033,0.7681451439857483,0.8876990079879761,
1034,0.7717105150222778,0.876512885093689,
1035,0.7738401889801025,0.8683067560195923,
1036,0.7727272510528564,0.8644107580184937,
1037,0.7759901285171509,0.8563754558563232,
1038,0.7773058414459229,0.8517557382583618,
1039,0.7797619104385376,0.8435871005058289,
1040,0.7803738117218018,0.844609797000885,
1041,0.7821100950241089,0.843543291091919,
1042,0.7832207083702087,0.838991641998291,
1043,0.783738911151886,0.836214005947113,
1044,0.783695638179779,0.8342941403388977,
1045,0.7868589758872986,0.8295106887817383,
1046,0.7872899174690247,0.8242177963256836,
1047,0.7887396812438965,0.8208155632019043,
1048,0.7896341681480408,0.8213788866996765,
1049,0.7904999852180481,0.8170138597488403,
1050,0.5555555820465088,1.513853907585144,
1051,0.5818965435028076,1.435577154159546,
1052,0.5967742204666138,1.3794341087341309,
1053,0.6136363744735718,1.3383638858795166,
1054,0.6285714507102966,1.2955232858657837,
1055,0.6435810923576355,1.2592151165008545,
1056,0.6570512652397156,1.2193872928619385,
1057,0.6707317233085632,1.1858959197998047,
1058,0.6831395626068115,1.1537666320800781,
1059,0.6930555701255798,1.1343121528625488,
1060,0.6994680762290955,1.1104985475540161,
1061,0.7002550959587097,1.098904013633728,
1062,0.7058823704719543,1.0810630321502686,
1063,0.7122641801834106,1.059763789176941,
1064,0.7159090638160706,1.0495296716690063,
1065,0.7160087823867798,1.0392746925354004,
1066,0.7224576473236084,1.021075963973999,
1067,0.7284836173057556,1.0058594942092896,
1068,0.7271825671195984,0.998161256313324,
1069,0.7307692170143127,0.9860368967056274,
1070,0.7378731369972229,0.9663967490196228,
1071,0.7427536249160767,0.9494304656982422,
1072,0.7464788556098938,0.93695467710495,
1073,0.7482876777648926,0.9302337765693665,
1074,0.75,0.9256933331489563,
1075,0.7524350881576538,0.9164150357246399,
1076,0.7539557218551636,0.9121830463409424,
1077,0.7584876418113708,0.8998609185218811,
1078,0.7620481848716736,0.8888770341873169,
1079,0.7632352709770203,0.8809345960617065,
1080,0.7650862336158752,0.875414252281189,
1081,0.7675561904907227,0.8708849549293518,
1082,0.7685439586639404,0.8657504916191101,
1083,0.7701612710952759,0.860577404499054,
1084,0.7743421196937561,0.8544366955757141,
1085,0.7789948582649231,0.8447126150131226,
1086,0.7796717286109924,0.8414036631584167,
1087,0.781559407711029,0.8333027362823486,
1088,0.7839806079864502,0.8268777132034302,
1089,0.7851190567016602,0.827777624130249,
1090,0.7850467562675476,0.8228836059570312,
1091,0.786697268486023,0.8186302781105042,
1092,0.7882882952690125,0.8154712915420532,
1093,0.7887167930603027,0.8130395412445068,
1094,0.789130449295044,0.8096212148666382,
1095,0.7905982732772827,0.8027807474136353,
1096,0.7941176295280457,0.7942688465118408,
1097,0.7959710955619812,0.7875117659568787,
1098,0.7972561120986938,0.7829830050468445,
1099,0.7979999780654907,0.7789435982704163,
1100,0.5925925970077515,1.5778658390045166,
1101,0.618534505367279,1.5071465969085693,
1102,0.6370967626571655,1.4454578161239624,
1103,0.6515151262283325,1.386743426322937,
1104,0.6642857193946838,1.3411390781402588,
1105,0.6722972989082336,1.311084508895874,
1106,0.6810897588729858,1.2775381803512573,
1107,0.6875,1.24408757686615,
1108,0.6991279125213623,1.2117016315460205,
1109,0.7097222208976746,1.181326150894165,
1110,0.7114361524581909,1.1696767807006836,
1111,0.7193877696990967,1.145732045173645,
1112,0.7218137383460999,1.123458981513977,
1113,0.7287735939025879,1.0980522632598877,
1114,0.7318181991577148,1.082789659500122,
1115,0.7379385828971863,1.0658124685287476,
1116,0.741525411605835,1.048775553703308,
1117,0.7428278923034668,1.0293736457824707,
1118,0.7460317611694336,1.014643669128418,
1119,0.75,0.996813952922821,
1120,0.7509328126907349,0.9848441481590271,
1121,0.7536231875419617,0.9705890417098999,
1122,0.7588028311729431,0.9543972015380859,
1123,0.7628424763679504,0.9391764998435974,
1124,0.7666666507720947,0.9284111261367798,
1125,0.7694805264472961,0.9199363589286804,
1126,0.7753164768218994,0.9046929478645325,
1127,0.779321014881134,0.8933916687965393,
1128,0.7838855385780334,0.8823307156562805,
1129,0.7845588326454163,0.8751223683357239,
1130,0.7873563170433044,0.8665037751197815,
1131,0.788623571395874,0.8608110547065735,
1132,0.7898351550102234,0.8559022545814514,
1133,0.7930107712745667,0.8496720790863037,
1134,0.7947368621826172,0.844719409942627,
1135,0.7963917255401611,0.8390879034996033,
1136,0.7973484992980957,0.8317366242408752,
1137,0.8001237511634827,0.8225967288017273,
1138,0.8027912378311157,0.8152649998664856,
1139,0.8041666746139526,0.8109385371208191,
1140,0.8066588640213013,0.8043071031570435,
1141,0.8067660331726074,0.8001117706298828,
1142,0.8091216087341309,0.7963724136352539,
1143,0.8113937973976135,0.7901154160499573,
1144,0.811413049697876,0.7882270216941833,
1145,0.811965823173523,0.7855262160301208,
1146,0.8135504126548767,0.7786747217178345,
1147,0.8155992031097412,0.774391233921051,
1148,0.8155487775802612,0.7721170783042908,
1149,0.8165000081062317,0.7691051363945007,
1150,0.5532407164573669,1.713896632194519,
1151,0.5732758641242981,1.6353950500488281,
1152,0.5887096524238586,1.577087640762329,
1153,0.6117424368858337,1.4989409446716309,
1154,0.6232143044471741,1.45101797580719,
1155,0.6402027010917664,1.3930799961090088,
1156,0.6570512652397156,1.3434257507324219,
1157,0.6661585569381714,1.305821180343628,
1158,0.6744186282157898,1.274794578552246,
1159,0.6819444298744202,1.245490312576294,
1160,0.6875,1.2172743082046509,
1161,0.6926020383834839,1.1975215673446655,
1162,0.6985294222831726,1.1685760021209717,
1163,0.7051886916160583,1.147605061531067,
1164,0.7136363387107849,1.1186741590499878,
1165,0.7171052694320679,1.1036171913146973,
1166,0.7213982939720154,1.0846047401428223,
1167,0.7295082211494446,1.061493158340454,
1168,0.7361111044883728,1.0410248041152954,
1169,0.7413461804389954,1.026225209236145,
1170,0.7453358173370361,1.0105220079421997,
1171,0.7472826242446899,1.0005477666854858,
1172,0.7508803009986877,0.9873563647270203,
1173,0.755993127822876,0.9702589511871338,
1174,0.7591666579246521,0.9572673439979553,
1175,0.7613636255264282,0.944718599319458,
1176,0.765031635761261,0.9347487688064575,
1177,0.7708333134651184,0.9186445474624634,
1178,0.775602400302887,0.9051918983459473,
1179,0.7808823585510254,0.8924522995948792,
1180,0.7852011322975159,0.8820484280586243,
1181,0.788623571395874,0.8689852952957153,
1182,0.7891483306884766,0.862614631652832,
1183,0.7903226017951965,0.851797878742218,
1184,0.7907894849777222,0.8485718369483948,
1185,0.7918814420700073,0.842944324016571,
1186,0.7935606241226196,0.8370729684829712,
1187,0.7945544719696045,0.830327033996582,
1188,0.792475700378418,0.8279785513877869,
1189,0.7940475940704346,0.8218223452568054,
1190,0.7967289686203003,0.8153439164161682,
1191,0.7964449524879456,0.8153073191642761,
1192,0.7972972989082336,0.8109224438667297,
1193,0.7986725568771362,0.8057266473770142,
1194,0.7983695864677429,0.8018606305122375,
1195,0.8007478713989258,0.7960885763168335,
1196,0.8014705777168274,0.7940104007720947,
1197,0.8021694421768188,0.7925309538841248,
1198,0.8038617968559265,0.7885395884513855,
1199,0.8054999709129333,0.7835043668746948,
1200,0.6643518805503845,1.3376444578170776,
1201,0.681034505367279,1.2724286317825317,
1202,0.6955645084381104,1.2178642749786377,
1203,0.7045454382896423,1.1722354888916016,
1204,0.7107142806053162,1.1385234594345093,
1205,0.7212837934494019,1.1011583805084229,
1206,0.7291666865348816,1.074844479560852,
1207,0.7362805008888245,1.0493537187576294,
1208,0.742732584476471,1.026731252670288,
1209,0.75,1.000728964805603,
1210,0.7593085169792175,0.9694309830665588,
1211,0.7640306353569031,0.9508515000343323,
1212,0.7696078419685364,0.9336493015289307,
1213,0.7747641801834106,0.9175508618354797,
1214,0.7795454263687134,0.9027387499809265,
1215,0.780701756477356,0.8939775228500366,
1216,0.7838982939720154,0.8798931837081909,
1217,0.7909836173057556,0.8586740493774414,
1218,0.7946428656578064,0.8485190272331238,
1219,0.7980769276618958,0.8408460021018982,
1220,0.8003731369972229,0.8304870128631592,
1221,0.8025362491607666,0.8241936564445496,
1222,0.8080986142158508,0.8098278045654297,
1223,0.8133561611175537,0.7984747886657715,
1224,0.815833330154419,0.7894529700279236,
1225,0.8157467246055603,0.7835672497749329,
1226,0.815664529800415,0.778277575969696,
1227,0.8179012537002563,0.7690631151199341,
1228,0.8200300931930542,0.7621287703514099,
1229,0.8213235139846802,0.7518912553787231,
1230,0.8225574493408203,0.7461432218551636,
1231,0.8223314881324768,0.7461932897567749,
1232,0.8214285969734192,0.7452874779701233,
1233,0.8232526779174805,0.7382825016975403,
1234,0.824999988079071,0.7351857423782349,
1235,0.8240979313850403,0.7348013520240784,
1236,0.8251262903213501,0.7296648621559143,
1237,0.8267326951026917,0.7262415289878845,
1238,0.8276699185371399,0.7194287776947021,
1239,0.8303571343421936,0.7137916684150696,
1240,0.8306074738502502,0.7085590362548828,
1241,0.8325688242912292,0.7009011507034302,
1242,0.8327702879905701,0.6964703798294067,
1243,0.8351770043373108,0.691423237323761,
1244,0.8369565010070801,0.6858771443367004,
1245,0.8370726704597473,0.6834230422973633,
1246,0.8377100825309753,0.6799560785293579,
1247,0.8398760557174683,0.6762233376502991,
1248,0.8389227390289307,0.674293577671051,
1249,0.8395000100135803,0.6716936826705933,
1250,0.6597222089767456,1.2888150215148926,
1251,0.6788793206214905,1.2220982313156128,
1252,0.6955645084381104,1.1719578504562378,
1253,0.7083333134651184,1.122253179550171,
1254,0.7232142686843872,1.071045160293579,
1255,0.7331081032752991,1.0355113744735718,
1256,0.7419871687889099,1.0038338899612427,
1257,0.7515243887901306,0.9757528305053711,
1258,0.7601743936538696,0.9439274072647095,
1259,0.7680555582046509,0.91585373878479,
1260,0.769946813583374,0.9078772664070129,
1261,0.7755101919174194,0.8898158073425293,
1262,0.780637264251709,0.8711134195327759,
1263,0.7830188870429993,0.8578082323074341,
1264,0.7863636612892151,0.8516849875450134,
1265,0.7916666865348816,0.8331301212310791,
1266,0.7955508232116699,0.8213165998458862,
1267,0.8002049326896667,0.8044472336769104,
1268,0.8045634627342224,0.7916621565818787,
1269,0.8048076629638672,0.78725266456604,
1270,0.8069030046463013,0.7795982956886292,
1271,0.8097826242446899,0.7741476893424988,
1272,0.8107394576072693,0.7696089148521423,
1273,0.8090753555297852,0.7682698965072632,
1274,0.8133333325386047,0.7572028040885925,
1275,0.8181818127632141,0.7451751232147217,
1276,0.8204113841056824,0.7389422655105591,
1277,0.8225308656692505,0.7306132316589355,
1278,0.8253012299537659,0.7214967012405396,
1279,0.8272058963775635,0.7123659253120422,
1280,0.8304597735404968,0.703196108341217,
1281,0.8335674405097961,0.6936240196228027,
1282,0.8344780206680298,0.6910092234611511,
1283,0.8346773982048035,0.6877566576004028,
1284,0.8348684310913086,0.6834071278572083,
1285,0.8344072103500366,0.6822376251220703,
1286,0.8345959782600403,0.6803865432739258,
1287,0.8372524976730347,0.6741445064544678,
1288,0.8367718458175659,0.6741545796394348,
1289,0.8392857313156128,0.6687046885490417,
1290,0.84112149477005,0.6617893576622009,
1291,0.8388761281967163,0.660671055316925,
1292,0.8406531810760498,0.6561451554298401,
1293,0.841261088848114,0.6528144478797913,
1294,0.842391312122345,0.6539643406867981,
1295,0.8418803215026855,0.6530597805976868,
1296,0.8440126180648804,0.6467073559761047,
1297,0.8440082669258118,0.6480352878570557,
1298,0.8445122241973877,0.645723283290863,
1299,0.8445000052452087,0.6424870491027832,
1300,0.6296296119689941,1.4081261157989502,
1301,0.6443965435028076,1.3505481481552124,
1302,0.6612903475761414,1.2898238897323608,
1303,0.6799242496490479,1.230570673942566,
1304,0.6946428418159485,1.1847161054611206,
1305,0.7094594836235046,1.1371616125106812,
1306,0.7195512652397156,1.0975642204284668,
1307,0.730182945728302,1.061493992805481,
1308,0.7412790656089783,1.0275696516036987,
1309,0.7513889074325562,0.9975109696388245,
1310,0.7526595592498779,0.9842673540115356,
1311,0.7576530575752258,0.9591656923294067,
1312,0.7634803652763367,0.9414564371109009,
1313,0.7641509175300598,0.9314982295036316,
1314,0.7670454382896423,0.9138896465301514,
1315,0.7697368264198303,0.9031087756156921,
1316,0.7743644118309021,0.887130856513977,
1317,0.7786885499954224,0.8734902739524841,
1318,0.7847222089767456,0.8567500710487366,
1319,0.7903845906257629,0.8424898982048035,
1320,0.7938432693481445,0.8310873508453369,
1321,0.7980072498321533,0.8190937638282776,
1322,0.7992957830429077,0.8088642954826355,
1323,0.8030821681022644,0.7973366379737854,
1324,0.8075000047683716,0.7850631475448608,
1325,0.8116883039474487,0.775715172290802,
1326,0.815664529800415,0.7670485377311707,
1327,0.8155864477157593,0.7622827291488647,
1328,0.8155120611190796,0.7560972571372986,
1329,0.8161764740943909,0.7528967261314392,
1330,0.818965494632721,0.7434379458427429,
1331,0.8202247023582458,0.7382493019104004,
1332,0.8221153616905212,0.7315752506256104,
1333,0.8245967626571655,0.7247434258460999,
1334,0.8263157606124878,0.7199651598930359,
1335,0.8298969268798828,0.7086526155471802,
1336,0.8295454382896423,0.7058810591697693,
1337,0.8323019742965698,0.6980695724487305,
1338,0.8343446850776672,0.6904589533805847,
1339,0.8351190686225891,0.6895492672920227,
1340,0.836448609828949,0.6857354044914246,
1341,0.8394495248794556,0.6780969500541687,
1342,0.8412162065505981,0.6737595200538635,
1343,0.8423672318458557,0.6683064103126526,
1344,0.842934787273407,0.6636365056037903,
1345,0.8450854420661926,0.6568114161491394,
1346,0.8461134433746338,0.652326226234436,
1347,0.8476239442825317,0.6488546133041382,
1348,0.8480691313743591,0.6480321884155273,
1349,0.8495000004768372,0.6437646150588989,
1350,0.6273148059844971,1.2659986019134521,
1351,0.6465517282485962,1.2081351280212402,
1352,0.6612903475761414,1.1683441400527954,
1353,0.6799242496490479,1.1166706085205078,
1354,0.6928571462631226,1.0723475217819214,
1355,0.6993243098258972,1.0532118082046509,
1356,0.7099359035491943,1.0222594738006592,
1357,0.7179877758026123,0.9944547414779663,
1358,0.7281976938247681,0.9670958518981934,
1359,0.737500011920929,0.9430744647979736,
1360,0.7446808218955994,0.9234727025032043,
1361,0.7551020383834839,0.9002059102058411,
1362,0.7610294222831726,0.8810744285583496,
1363,0.7676886916160583,0.8642311096191406,
1364,0.7727272510528564,0.8443140983581543,
1365,0.7796052694320679,0.8252580761909485,
1366,0.7828390002250671,0.807941198348999,
1367,0.7899590134620667,0.7891265153884888,
1368,0.7946428656578064,0.7784483432769775,
1369,0.7980769276618958,0.7682002782821655,
1370,0.8041045069694519,0.751779317855835,
1371,0.8079710006713867,0.7415332794189453,
1372,0.8125,0.7296406626701355,
1373,0.8159246444702148,0.7179118990898132,
1374,0.8174999952316284,0.7141423225402832,
1375,0.8206169009208679,0.708676815032959,
1376,0.824367105960846,0.7001507878303528,
1377,0.8271604776382446,0.6904361844062805,
1378,0.829066276550293,0.6843084692955017,
1379,0.8316176533699036,0.6791802644729614,
1380,0.8311781883239746,0.6822524666786194,
1381,0.8314606547355652,0.6818959712982178,
1382,0.8344780206680298,0.6728212833404541,
1383,0.8360214829444885,0.6670701503753662,
1384,0.8361842036247253,0.6640075445175171,
1385,0.8389175534248352,0.6571525931358337,
1386,0.8396464586257935,0.6528539061546326,
1387,0.8403465151786804,0.6480551958084106,
1388,0.842839777469635,0.6406952738761902,
1389,0.8440476059913635,0.6372945308685303,
1390,0.8440420627593994,0.6363873481750488,
1391,0.8457568883895874,0.6327535510063171,
1392,0.8474099040031433,0.6303977370262146,
1393,0.8484513163566589,0.6275907754898071,
1394,0.8500000238418579,0.6225654482841492,
1395,0.8509615659713745,0.6177729368209839,
1396,0.8524159789085388,0.6128377318382263,
1397,0.8533057570457458,0.6096681952476501,
1398,0.8541666865348816,0.6061300039291382,
1399,0.8550000190734863,0.6023291945457458,
1400,0.6898148059844971,1.204105257987976,
1401,0.704741358757019,1.1449739933013916,
1402,0.7217742204666138,1.0857645273208618,
1403,0.7253788113594055,1.0583456754684448,
1404,0.7392857074737549,1.015519142150879,
1405,0.75,0.9762399196624756,
1406,0.7612179517745972,0.9447450637817383,
1407,0.7682926654815674,0.9213675260543823,
1408,0.7718023061752319,0.9014240503311157,
1409,0.7749999761581421,0.8836538791656494,
1410,0.7779255509376526,0.8777225613594055,
1411,0.7818877696990967,0.8637050986289978,
1412,0.7879902124404907,0.842261016368866,
1413,0.7936320900917053,0.8287865519523621,
1414,0.7977272868156433,0.8130977153778076,
1415,0.8037280440330505,0.7980287671089172,
1416,0.8103813529014587,0.7809776663780212,
1417,0.8165983557701111,0.7629116773605347,
1418,0.8214285969734192,0.745358407497406,
1419,0.824999988079071,0.7331535816192627,
1420,0.8283582329750061,0.7219347953796387,
1421,0.83152174949646,0.7087154388427734,
1422,0.8345070481300354,0.6997302174568176,
1423,0.8347602486610413,0.6929804086685181,
1424,0.8383333086967468,0.6879092454910278,
1425,0.8409090638160706,0.6797307729721069,
1426,0.842563271522522,0.673404335975647,
1427,0.8449074029922485,0.6667050123214722,
1428,0.8441265225410461,0.6667266488075256,
1429,0.8441176414489746,0.6612967848777771,
1430,0.8455459475517273,0.653933584690094,
1431,0.846207857131958,0.6496775150299072,
1432,0.8482142686843872,0.6449992656707764,
1433,0.8494623899459839,0.6384006142616272,
1434,0.8500000238418579,0.63824862241745,
1435,0.8518041372299194,0.6305611729621887,
1436,0.8541666865348816,0.6236061453819275,
1437,0.8558168411254883,0.6184903979301453,
1438,0.8561893105506897,0.618670642375946,
1439,0.8565475940704346,0.6168577671051025,
1440,0.8586448431015015,0.6105536222457886,
1441,0.8606651425361633,0.605736494064331,
1442,0.8609234094619751,0.6056230068206787,
1443,0.8617256879806519,0.601960301399231,
1444,0.8597826361656189,0.6070775389671326,
1445,0.8611111044883728,0.6025770306587219,
1446,0.8634454011917114,0.5990514159202576,
1447,0.8646694421768188,0.5943574905395508,
1448,0.8658536672592163,0.5902237296104431,
1449,0.8654999732971191,0.5871723890304565,
1450,0.7199074029922485,1.1240379810333252,
1451,0.7392241358757019,1.0644261837005615,
1452,0.75,1.0242677927017212,
1453,0.7575757503509521,0.9896283149719238,
1454,0.7678571343421936,0.9490415453910828,
1455,0.7770270109176636,0.9178637862205505,
1456,0.7836538553237915,0.894244372844696,
1457,0.7911585569381714,0.8644680976867676,
1458,0.7965116500854492,0.8401589393615723,
1459,0.8027777671813965,0.8200220465660095,
1460,0.8085106611251831,0.798790693283081,
1461,0.8125,0.7848182320594788,
1462,0.8186274766921997,0.7660797238349915,
1463,0.8219339847564697,0.7496961951255798,
1464,0.8272727131843567,0.7356436848640442,
1465,0.8311403393745422,0.7195661664009094,
1466,0.8358050584793091,0.7041199803352356,
1467,0.8370901346206665,0.6965112090110779,
1468,0.8402777910232544,0.6874318718910217,
1469,0.8432692289352417,0.676410973072052,
1470,0.8451492786407471,0.667807400226593,
1471,0.8478260636329651,0.6617509126663208,
1472,0.8512324094772339,0.6549349427223206,
1473,0.8535959124565125,0.651841402053833,
1474,0.8558333516120911,0.642029881477356,
1475,0.8579545617103577,0.6352189779281616,
1476,0.857594907283783,0.6314007639884949,
1477,0.8611111044883728,0.6216623187065125,
1478,0.8637048006057739,0.6144851446151733,
1479,0.8661764860153198,0.6068906784057617,
1480,0.8656609058380127,0.6049432158470154,
1481,0.8686797618865967,0.5984598398208618,
1482,0.8708791136741638,0.5930683612823486,
1483,0.8702957034111023,0.5922244191169739,
1484,0.8723683953285217,0.5881316065788269,
1485,0.874355673789978,0.5822831392288208,
1486,0.8762626051902771,0.5768412947654724,
1487,0.8774752616882324,0.5713966488838196,
1488,0.8768203854560852,0.5730916261672974,
1489,0.8773809671401978,0.5716086030006409,
1490,0.8785046935081482,0.5682550072669983,
1491,0.8784403800964355,0.5682401657104492,
1492,0.8795045018196106,0.5650354623794556,
1493,0.8805309534072876,0.5618146657943726,
1494,0.8815217614173889,0.5583858489990234,
1495,0.882478654384613,0.5545995831489563,
1496,0.8839285969734192,0.5509796142578125,
1497,0.8832644820213318,0.5492782592773438,
1498,0.8846544623374939,0.5463741421699524,
1499,0.8840000033378601,0.5474087595939636,
1500,0.6458333134651184,1.3166834115982056,
1501,0.6659482717514038,1.2417385578155518,
1502,0.6814516186714172,1.186546802520752,
1503,0.6950757503509521,1.1378748416900635,
1504,0.7071428298950195,1.0981123447418213,
1505,0.7195945978164673,1.054900884628296,
1506,0.7323718070983887,1.0145212411880493,
1507,0.7439024448394775,0.9757260680198669,
1508,0.7529069781303406,0.9451698660850525,
1509,0.7611111402511597,0.917533278465271,
1510,0.7686170339584351,0.8919680118560791,
1511,0.7767857313156128,0.8672676682472229,
1512,0.7855392098426819,0.8406525254249573,
1513,0.7841981053352356,0.835328996181488,
1514,0.7886363863945007,0.8182172775268555,
1515,0.7905701994895935,0.8102886080741882,
1516,0.7955508232116699,0.7931501269340515,
1517,0.7971311211585999,0.7873752117156982,
1518,0.7996031641960144,0.7770892381668091,
1519,0.8038461804389954,0.7636070847511292,
1520,0.8078358173370361,0.7547432780265808,
1521,0.8115941882133484,0.7424789071083069,
1522,0.8160211443901062,0.7335869073867798,
1523,0.818493127822876,0.7241044640541077,
1524,0.8224999904632568,0.7109622359275818,
1525,0.826298713684082,0.700424313545227,
1526,0.8283227682113647,0.6910138130187988,
1527,0.8302469253540039,0.6814693808555603,
1528,0.8335843086242676,0.6726710796356201,
1529,0.8367646932601929,0.6645196080207825,
1530,0.8369252681732178,0.6589100956916809,
1531,0.8377808928489685,0.6535243391990662,
1532,0.8392857313156128,0.6476740837097168,
1533,0.8413978219032288,0.6422858238220215,
1534,0.8440789580345154,0.6357808709144592,
1535,0.842783510684967,0.6344526410102844,
1536,0.8446969985961914,0.6276228427886963,
1537,0.8459158539772034,0.6215425729751587,
1538,0.8483009934425354,0.6148377656936646,
1539,0.851190447807312,0.6070091128349304,
1540,0.8533878326416016,0.6013398170471191,
1541,0.85550457239151,0.5959906578063965,
1542,0.857545018196106,0.5900931358337402,
1543,0.8595132827758789,0.5831462144851685,
1544,0.8614130616188049,0.5780408978462219,
1545,0.8632478713989258,0.5725266933441162,
1546,0.8650209903717041,0.5672667026519775,
1547,0.8662189841270447,0.5659536719322205,
1548,0.8668699264526367,0.5619035363197327,
1549,0.8675000071525574,0.5592101216316223,
1550,0.6504629850387573,1.2557823657989502,
1551,0.6681034564971924,1.1867756843566895,
1552,0.6794354915618896,1.1423105001449585,
1553,0.6969696879386902,1.0942606925964355,
1554,0.7124999761581421,1.0477300882339478,
1555,0.7263513803482056,1.004225730895996,
1556,0.7371794581413269,0.9694330096244812,
1557,0.7469512224197388,0.9419215321540833,
1558,0.7558139562606812,0.9146365523338318,
1559,0.762499988079071,0.8901208639144897,
1560,0.772606372833252,0.8633348941802979,
1561,0.7806122303009033,0.8370417952537537,
1562,0.7843137383460999,0.830801248550415,
1563,0.7900943160057068,0.8116916418075562,
1564,0.7965909242630005,0.7920985817909241,
1565,0.8026315569877625,0.7758341431617737,
1566,0.8072034120559692,0.7639440894126892,
1567,0.8094262480735779,0.7517268061637878,
1568,0.8144841194152832,0.7360113859176636,
1569,0.8192307949066162,0.7199225425720215,
1570,0.8227611780166626,0.7095514535903931,
1571,0.8278985619544983,0.695673942565918,
1572,0.8327465057373047,0.6832913756370544,
1573,0.8339040875434875,0.6779572367668152,
1574,0.8349999785423279,0.6694586277008057,
1575,0.8384740352630615,0.6588575839996338,
1576,0.8417721390724182,0.6483929753303528,
1577,0.8441358208656311,0.6407491564750671,
1578,0.8471385836601257,0.6336520314216614,
1579,0.8477941155433655,0.629195511341095,
1580,0.8491379022598267,0.621034562587738,
1581,0.8518258333206177,0.6131121516227722,
1582,0.853708803653717,0.6063790321350098,
1583,0.8555107712745667,0.5990572571754456,
1584,0.8572368621826172,0.5928149819374084,
1585,0.8588917255401611,0.5861679315567017,
1586,0.8604797720909119,0.580560028553009,
1587,0.8613861203193665,0.5733267068862915,
1588,0.8634708523750305,0.566680371761322,
1589,0.8642857074737549,0.5632770657539368,
1590,0.8656542301177979,0.557560384273529,
1591,0.8675458431243896,0.5532324314117432,
1592,0.8699324131011963,0.5473703742027283,
1593,0.8716813921928406,0.5419116020202637,
1594,0.873913049697876,0.5366697907447815,
1595,0.8760683536529541,0.5303843021392822,
1596,0.8765756487846375,0.5261022448539734,
1597,0.8780992031097412,0.5236594080924988,
1598,0.8780487775802612,0.5226770043373108,
1599,0.8784999847412109,0.5199319124221802,
1600,0.7106481194496155,1.1700079441070557,
1601,0.7241379022598267,1.124912142753601,
1602,0.7358871102333069,1.0785081386566162,
1603,0.748106062412262,1.0339698791503906,
1604,0.7571428418159485,0.9980141520500183,
1605,0.7668918967247009,0.9577909111976624,
1606,0.7756410241127014,0.9361695647239685,
1607,0.7850610017776489,0.9045369029045105,
1608,0.792151153087616,0.8840204477310181,
1609,0.7986111044883728,0.8569028973579407,
1610,0.8005319237709045,0.8415817618370056,
1611,0.8073979616165161,0.8180295825004578,
1612,0.8149510025978088,0.7944684028625488,
1613,0.8195754885673523,0.7741863131523132,
1614,0.8238636255264282,0.7582160830497742,
1615,0.8300438523292542,0.7388813495635986,
1616,0.8336864113807678,0.7228728532791138,
1617,0.8381147384643555,0.7070966362953186,
1618,0.841269850730896,0.6924454569816589,
1619,0.8451923131942749,0.6777830719947815,
1620,0.8479477763175964,0.6643559336662292,
1621,0.8496376872062683,0.6568120718002319,
1622,0.8529929518699646,0.6481064558029175,
1623,0.8544520735740662,0.6388552784919739,
1624,0.8533333539962769,0.6361300945281982,
1625,0.8547077775001526,0.6277040839195251,
1626,0.8560126423835754,0.6189495325088501,
1627,0.8572530746459961,0.6114903092384338,
1628,0.8591867685317993,0.6043949127197266,
1629,0.8602941036224365,0.6001893281936646,
1630,0.8613505959510803,0.5950670838356018,
1631,0.863061785697937,0.5883556604385376,
1632,0.8653846383094788,0.5791463255882263,
1633,0.8662634491920471,0.5767677426338196,
1634,0.86710524559021,0.571942150592804,
1635,0.8698453903198242,0.5676382184028625,
1636,0.8693181872367859,0.5643146634101868,
1637,0.8706682920455933,0.5581666827201843,
1638,0.8725728392601013,0.5519916415214539,
1639,0.875,0.5456583499908447,
1640,0.8761682510375977,0.5411363244056702,
1641,0.877293586730957,0.537407398223877,
1642,0.877815306186676,0.5332132577896118,
1643,0.8794247508049011,0.5281622409820557,
1644,0.8815217614173889,0.522705078125,
1645,0.8835470080375671,0.515985369682312,
1646,0.8849790096282959,0.5115379095077515,
1647,0.8863636255264282,0.5068599581718445,
1648,0.8877032399177551,0.5025286078453064,
1649,0.8895000219345093,0.49796873331069946,
1650,0.6180555820465088,1.3907363414764404,
1651,0.6357758641242981,1.325689435005188,
1652,0.6572580933570862,1.2548434734344482,
1653,0.6780303120613098,1.1915700435638428,
1654,0.6892856955528259,1.14308762550354,
1655,0.7060810923576355,1.095429539680481,
1656,0.7195512652397156,1.0521581172943115,
1657,0.7286585569381714,1.016897201538086,
1658,0.7412790656089783,0.9745858907699585,
1659,0.7486110925674438,0.9458116292953491,
1660,0.7553191781044006,0.9260039925575256,
1661,0.7627550959587097,0.9001116752624512,
1662,0.7708333134651184,0.874633252620697,
1663,0.7783018946647644,0.850909411907196,
1664,0.7840909361839294,0.8282979726791382,
1665,0.7872806787490845,0.8179633617401123,
1666,0.7913135886192322,0.7993168234825134,
1667,0.7971311211585999,0.7809885144233704,
1668,0.8035714030265808,0.7635944485664368,
1669,0.807692289352417,0.7537029385566711,
1670,0.8115671873092651,0.7473663091659546,
1671,0.8134058117866516,0.7389089465141296,
1672,0.8186619877815247,0.7242244482040405,
1673,0.8219178318977356,0.7101505994796753,
1674,0.8241666555404663,0.7020780444145203,
1675,0.826298713684082,0.6927991509437561,
1676,0.829905092716217,0.6815035343170166,
1677,0.832561731338501,0.6738132238388062,
1678,0.8365963697433472,0.6641187071800232,
1679,0.8389706015586853,0.6549149751663208,
1680,0.8426724076271057,0.6456426382064819,
1681,0.8448033928871155,0.6377565264701843,
1682,0.8461538553237915,0.6312194466590881,
1683,0.8487903475761414,0.6234268546104431,
1684,0.8500000238418579,0.6192183494567871,
1685,0.8524484634399414,0.6124945282936096,
1686,0.8541666865348816,0.6054800152778625,
1687,0.853960394859314,0.6027112007141113,
1688,0.854975700378418,0.5990872383117676,
1689,0.8565475940704346,0.592926561832428,
1690,0.8580607771873474,0.5864588022232056,
1691,0.8595183491706848,0.5817415714263916,
1692,0.8609234094619751,0.5759467482566833,
1693,0.8628318309783936,0.5701040625572205,
1694,0.863586962223053,0.5658912062644958,
1695,0.8648504018783569,0.5635787844657898,
1696,0.8665966391563416,0.5589607357978821,
1697,0.8677685856819153,0.554815948009491,
1698,0.8694105744361877,0.5494291186332703,
1699,0.8694999814033508,0.5497108101844788,
1700,0.6736111044883728,1.1802207231521606,
1701,0.6961206793785095,1.110642433166504,
1702,0.7157257795333862,1.0526965856552124,
1703,0.7310606241226196,1.0039317607879639,
1704,0.7428571581840515,0.9644415974617004,
1705,0.7516891956329346,0.9343314170837402,
1706,0.7628205418586731,0.895359992980957,
1707,0.7682926654815674,0.8695762157440186,
1708,0.7747092843055725,0.8452304601669312,
1709,0.7847222089767456,0.8176648616790771,
1710,0.7885638475418091,0.8000001907348633,
1711,0.7946428656578064,0.7752065658569336,
1712,0.8014705777168274,0.7548015713691711,
1713,0.8077830076217651,0.7344067692756653,
1714,0.8136363625526428,0.7180169820785522,
1715,0.8157894611358643,0.7025774717330933,
1716,0.820974588394165,0.688726544380188,
1717,0.8247950673103333,0.6765928268432617,
1718,0.829365074634552,0.6615367531776428,
1719,0.8346154093742371,0.6468790173530579,
1720,0.8367537260055542,0.6355665326118469,
1721,0.8414855003356934,0.6225804686546326,
1722,0.8433098793029785,0.6141948699951172,
1723,0.8450342416763306,0.6045288443565369,
1724,0.8491666913032532,0.5966612100601196,
1725,0.8498376607894897,0.5915398597717285,
1726,0.8520569801330566,0.5822361707687378,
1727,0.854938268661499,0.5731868743896484,
1728,0.8576807379722595,0.5652826428413391,
1729,0.8602941036224365,0.557695209980011,
1730,0.8627873659133911,0.5505056977272034,
1731,0.8658707737922668,0.543138325214386,
1732,0.8681318759918213,0.5376909375190735,
1733,0.8696236610412598,0.5325331091880798,
1734,0.871052622795105,0.5267639756202698,
1735,0.873711347579956,0.5193997025489807,
1736,0.8756313323974609,0.5131913423538208,
1737,0.8774752616882324,0.5088928937911987,
1738,0.8786407709121704,0.5068764090538025,
1739,0.8797619342803955,0.5031427145004272,
1740,0.8820093274116516,0.4974588453769684,
1741,0.8830274939537048,0.4923137426376343,
1742,0.8817567825317383,0.496382474899292,
1743,0.8832964897155762,0.491485595703125,
1744,0.885326087474823,0.4862135052680969,
1745,0.8862179517745972,0.48235318064689636,
1746,0.8876050710678101,0.47896867990493774,
1747,0.8884297609329224,0.4761815369129181,
1748,0.8887194991111755,0.47410503029823303,
1749,0.8895000219345093,0.4698987305164337,
1750,0.7129629850387573,1.0702908039093018,
1751,0.732758641242981,1.0102957487106323,
1752,0.75,0.9604130387306213,
1753,0.7632575631141663,0.9105672836303711,
1754,0.7696428298950195,0.8835844397544861,
1755,0.7787162065505981,0.8532170057296753,
1756,0.7868589758872986,0.8217296004295349,
1757,0.7957317233085632,0.7942357659339905,
1758,0.805232584476471,0.765201985836029,
1759,0.8125,0.7420151829719543,
1760,0.8178191781044006,0.7256596088409424,
1761,0.8239796161651611,0.7044119834899902,
1762,0.8296568393707275,0.6908985376358032,
1763,0.8325471878051758,0.6762852072715759,
1764,0.8352272510528564,0.6680572032928467,
1765,0.8388158082962036,0.6557061076164246,
1766,0.8411017060279846,0.6453462839126587,
1767,0.8452869057655334,0.6337020397186279,
1768,0.8482142686843872,0.6255932450294495,
1769,0.8519230484962463,0.6134956479072571,
1770,0.8554104566574097,0.6029165983200073,
1771,0.8586956262588501,0.5921183228492737,
1772,0.860035240650177,0.5840800404548645,
1773,0.863869845867157,0.5748021006584167,
1774,0.8666666746139526,0.5653230547904968,
1775,0.8693181872367859,0.5564553141593933,
1776,0.8702531456947327,0.5501196384429932,
1777,0.8719135522842407,0.5432702302932739,
1778,0.8734939694404602,0.5345797538757324,
1779,0.8764705657958984,0.5270833969116211,
1780,0.8771551847457886,0.5252825021743774,
1781,0.8792135119438171,0.5212528109550476,
1782,0.8818681240081787,0.5129074454307556,
1783,0.8823924660682678,0.5078085064888,
1784,0.883552610874176,0.5023947954177856,
1785,0.8846649527549744,0.49883973598480225,
1786,0.8851010203361511,0.49503177404403687,
1787,0.8861386179924011,0.4906061887741089,
1788,0.8859223127365112,0.4894682765007019,
1789,0.886904776096344,0.48827019333839417,
1790,0.889018714427948,0.4832744002342224,
1791,0.8910550475120544,0.47828125953674316,
1792,0.8918918967247009,0.4759267568588257,
1793,0.8938053250312805,0.47196754813194275,
1794,0.895108699798584,0.4681098461151123,
1795,0.8958333134651184,0.4640202522277832,
1796,0.8965336084365845,0.463104784488678,
1797,0.8972107172012329,0.459694504737854,
1798,0.897357702255249,0.4580245614051819,
1799,0.8989999890327454,0.4543130695819855,
1800,0.6990740895271301,1.1274689435958862,
1801,0.7176724076271057,1.0705426931381226,
1802,0.7278226017951965,1.0307475328445435,
1803,0.7367424368858337,0.985880970954895,
1804,0.7482143044471741,0.9474307298660278,
1805,0.7618243098258972,0.907328724861145,
1806,0.7676281929016113,0.8794094920158386,
1807,0.7774389982223511,0.8479390144348145,
1808,0.7863371968269348,0.816814661026001,
1809,0.793055534362793,0.7940838932991028,
1810,0.8018617033958435,0.7705779671669006,
1811,0.8061224222183228,0.7503794431686401,
1812,0.8125,0.7286695837974548,
1813,0.8160377144813538,0.719264566898346,
1814,0.8204545378684998,0.7015608549118042,
1815,0.8267543911933899,0.6830317974090576,
1816,0.8305084705352783,0.6720649003982544,
1817,0.8360655903816223,0.6535529494285583,
1818,0.8392857313156128,0.6402543783187866,
1819,0.8413461446762085,0.6285226345062256,
1820,0.8451492786407471,0.6152648329734802,
1821,0.8487318754196167,0.6051228046417236,
1822,0.8529929518699646,0.59319007396698,
1823,0.8561643958091736,0.5822719931602478,
1824,0.8575000166893005,0.5735074877738953,
1825,0.8603895902633667,0.5644855499267578,
1826,0.8623417615890503,0.5556827783584595,
1827,0.8649691343307495,0.5468516945838928,
1828,0.8674699068069458,0.5404871106147766,
1829,0.8698529601097107,0.5353851914405823,
1830,0.8714080452919006,0.531471312046051,
1831,0.8721910119056702,0.5262824892997742,
1832,0.8743131756782532,0.5191707015037537,
1833,0.875,0.5158223509788513,
1834,0.8763157725334167,0.5117239952087402,
1835,0.8775773048400879,0.5056750774383545,
1836,0.8800504803657532,0.49930861592292786,
1837,0.8811880946159363,0.49524712562561035,
1838,0.8822815418243408,0.48982635140419006,
1839,0.8833333253860474,0.48758500814437866,
1840,0.884929895401001,0.48220062255859375,
1841,0.8870412707328796,0.476436048746109,
1842,0.8885135054588318,0.47209152579307556,
1843,0.8893805146217346,0.47093918919563293,
1844,0.8913043737411499,0.4663819372653961,
1845,0.8915598392486572,0.46332472562789917,
1846,0.8928571343421936,0.4590870141983032,
1847,0.8930785059928894,0.4564864933490753,
1848,0.8943089246749878,0.4540731906890869,
1849,0.8960000276565552,0.44990673661231995,
1850,0.7361111044883728,0.9748221039772034,
1851,0.7521551847457886,0.9200725555419922,
1852,0.7681451439857483,0.8732318878173828,
1853,0.7765151262283325,0.8399381637573242,
1854,0.7892857193946838,0.8058302998542786,
1855,0.7972972989082336,0.7799304723739624,
1856,0.807692289352417,0.7467813491821289,
1857,0.8170731663703918,0.7182950377464294,
1858,0.8241279125213623,0.6941471099853516,
1859,0.8291666507720947,0.6843124032020569,
1860,0.8364361524581909,0.6640999913215637,
1861,0.8418367505073547,0.6475241184234619,
1862,0.8480392098426819,0.6290148496627808,
1863,0.8514150977134705,0.6141957640647888,
1864,0.8545454740524292,0.602348268032074,
1865,0.8563596606254578,0.5945900082588196,
1866,0.8591101765632629,0.5824164748191833,
1867,0.8596311211585999,0.5751183032989502,
1868,0.863095223903656,0.5634744167327881,
1869,0.8663461804389954,0.55035400390625,
1870,0.8684701323509216,0.5433641076087952,
1871,0.8704710006713867,0.5325473546981812,
1872,0.8741196990013123,0.521536111831665,
1873,0.8758561611175537,0.513538122177124,
1874,0.8758333325386047,0.5113118886947632,
1875,0.8774350881576538,0.5069832801818848,
1876,0.8797468543052673,0.5002686381340027,
1877,0.8827160596847534,0.49167340993881226,
1878,0.8855421543121338,0.48438599705696106,
1879,0.8882352709770203,0.4784475862979889,
1880,0.8879310488700867,0.47783029079437256,
1881,0.8890449404716492,0.4727887213230133,
1882,0.8880494236946106,0.4697980284690857,
1883,0.8904569745063782,0.4631494879722595,
1884,0.8907894492149353,0.46071696281433105,
1885,0.8923969268798828,0.4563591480255127,
1886,0.8945707082748413,0.4509301483631134,
1887,0.896039605140686,0.4468081593513489,
1888,0.8974514603614807,0.44228577613830566,
1889,0.8982142806053162,0.439209520816803,
1890,0.8995327353477478,0.43503639101982117,
1891,0.9013761281967163,0.43125393986701965,
1892,0.9031531810760498,0.42713800072669983,
1893,0.9048672318458557,0.42352229356765747,
1894,0.906521737575531,0.41859614849090576,
1895,0.9075854420661926,0.41532132029533386,
1896,0.908088207244873,0.4122921824455261,
1897,0.9096074104309082,0.4081316888332367,
1898,0.9110772609710693,0.40472254157066345,
1899,0.9120000004768372,0.40124666690826416,
1900,0.7569444179534912,0.9988105297088623,
1901,0.767241358757019,0.9553784728050232,
1902,0.7782257795333862,0.9111732244491577,
1903,0.7916666865348816,0.8702015280723572,
1904,0.8035714030265808,0.8309676051139832,
1905,0.8108108043670654,0.7981948852539062,
1906,0.817307710647583,0.7725746631622314,
1907,0.8262194991111755,0.7417951226234436,
1908,0.832848846912384,0.7176927328109741,
1909,0.8388888835906982,0.6952145099639893,
1910,0.8457446694374084,0.6728957295417786,
1911,0.8507652878761292,0.6539133191108704,
1912,0.8553921580314636,0.6382396817207336,
1913,0.8584905862808228,0.6270207166671753,
1914,0.862500011920929,0.6133597493171692,
1915,0.8662280440330505,0.5996312499046326,
1916,0.8707627058029175,0.5855047702789307,
1917,0.8729507923126221,0.5730964541435242,
1918,0.8759920597076416,0.5587549209594727,
1919,0.8778846263885498,0.5512252449989319,
1920,0.8805969953536987,0.5411551594734192,
1921,0.8822463750839233,0.5333148837089539,
1922,0.8838028311729431,0.524350106716156,
1923,0.8852739930152893,0.5230494737625122,
1924,0.8883333206176758,0.5126516222953796,
1925,0.8912337422370911,0.5054279565811157,
1926,0.8916139006614685,0.5015770196914673,
1927,0.8935185074806213,0.4963974058628082,
1928,0.8945783376693726,0.49139469861984253,
1929,0.8963235020637512,0.48642826080322266,
1930,0.8965517282485962,0.4825076460838318,
1931,0.898876428604126,0.47534260153770447,
1932,0.901098906993866,0.4706419110298157,
1933,0.9025537371635437,0.4656596779823303,
1934,0.9032894968986511,0.4611828327178955,
1935,0.9046391844749451,0.4568006098270416,
1936,0.9059343338012695,0.4512048065662384,
1937,0.906559407711029,0.44919443130493164,
1938,0.9083737730979919,0.44278499484062195,
1939,0.9089285731315613,0.4408612549304962,
1940,0.9100467562675476,0.43616703152656555,
1941,0.9088302850723267,0.43611282110214233,
1942,0.9082207083702087,0.43527403473854065,
1943,0.9076327681541443,0.43333590030670166,
1944,0.908152163028717,0.4312174916267395,
1945,0.9097222089767456,0.4267120957374573,
1946,0.9091386795043945,0.42558518052101135,
1947,0.9096074104309082,0.42494767904281616,
1948,0.9095528721809387,0.4241950213909149,
1949,0.9100000262260437,0.4213791489601135,
1950,0.6967592835426331,1.0671111345291138,
1951,0.7155172228813171,1.0071914196014404,
1952,0.7318548560142517,0.9543597102165222,
1953,0.7443181872367859,0.9127956032752991,
1954,0.7517856955528259,0.8818514943122864,
1955,0.7618243098258972,0.8452242016792297,
1956,0.7724359035491943,0.8117970824241638,
1957,0.7820122241973877,0.7808730006217957,
1958,0.792151153087616,0.7507038712501526,
1959,0.8013888597488403,0.7265538573265076,
1960,0.8085106611251831,0.7019717693328857,
1961,0.8163265585899353,0.6792320609092712,
1962,0.8210784196853638,0.6648706197738647,
1963,0.8278301954269409,0.6491467356681824,
1964,0.831818163394928,0.634623646736145,
1965,0.8344298005104065,0.622597336769104,
1966,0.8358050584793091,0.6126684546470642,
1967,0.8411885499954224,0.6003531217575073,
1968,0.8452380895614624,0.590462863445282,
1969,0.8490384817123413,0.5778513550758362,
1970,0.8516790866851807,0.5707349181175232,
1971,0.85597825050354,0.5594519376754761,
1972,0.8565140962600708,0.5569539070129395,
1973,0.8604452013969421,0.5472719669342041,
1974,0.8641666769981384,0.5381197333335876,
1975,0.8676947951316833,0.5284636616706848,
1976,0.8710442781448364,0.5198089480400085,
1977,0.8726851940155029,0.5126857757568359,
1978,0.875,0.5079168081283569,
1979,0.8764705657958984,0.5043087601661682,
1980,0.8771551847457886,0.500446081161499,
1981,0.879915714263916,0.4932880103588104,
1982,0.8811812996864319,0.4897850751876831,
1983,0.8830645084381104,0.48473575711250305,
1984,0.8848684430122375,0.47772637009620667,
1985,0.8853092789649963,0.47419998049736023,
1986,0.8869949579238892,0.46900323033332825,
1987,0.8886138796806335,0.4639904201030731,
1988,0.8901699185371399,0.4591319262981415,
1989,0.8916666507720947,0.45528173446655273,
1990,0.8931074738502502,0.4531003534793854,
1991,0.8939220309257507,0.44874247908592224,
1992,0.8952702879905701,0.4441770911216736,
1993,0.8971238732337952,0.4379872977733612,
1994,0.8989130258560181,0.43326207995414734,
1995,0.8995726704597473,0.4306839108467102,
1996,0.8996848464012146,0.4282591938972473,
1997,0.8997933864593506,0.4255119860172272,
1998,0.8993902206420898,0.4263199269771576,
1999,0.8999999761581421,0.4232858717441559,
2000,0.6898148059844971,1.1295732259750366,
2001,0.7090517282485962,1.0664498805999756,
2002,0.7237903475761414,1.0134106874465942,
2003,0.7386363744735718,0.9668242931365967,
2004,0.7517856955528259,0.9229161143302917,
2005,0.7635135054588318,0.8863697648048401,
2006,0.7724359035491943,0.8552183508872986,
2007,0.7835366129875183,0.8190503120422363,
2008,0.7936046719551086,0.7880991697311401,
2009,0.8013888597488403,0.7618629336357117,
2010,0.8085106611251831,0.7397230267524719,
2011,0.8150510191917419,0.7184755802154541,
2012,0.8186274766921997,0.7061286568641663,
2013,0.823113203048706,0.6899309158325195,
2014,0.8284090757369995,0.6733851432800293,
2015,0.8322368264198303,0.6569710373878479,
2016,0.8368644118309021,0.6437582969665527,
2017,0.8381147384643555,0.6327077150344849,
2018,0.8422619104385376,0.621009111404419,
2019,0.8461538553237915,0.6087042093276978,
2020,0.8479477763175964,0.5994924902915955,
2021,0.8514492511749268,0.5898275971412659,
2022,0.8556337952613831,0.5792971253395081,
2023,0.857876718044281,0.5702003240585327,
2024,0.8600000143051147,0.5615939497947693,
2025,0.8620129823684692,0.554476797580719,
2026,0.8655063509941101,0.5470913648605347,
2027,0.8680555820465088,0.5393200516700745,
2028,0.8682228922843933,0.5349243879318237,
2029,0.8713235259056091,0.5260902643203735,
2030,0.8735632300376892,0.5190956592559814,
2031,0.8757022619247437,0.5103791952133179,
2032,0.8784340620040894,0.5033649206161499,
2033,0.8810483813285828,0.4965176284313202,
2034,0.8822368383407593,0.4920286536216736,
2035,0.8840206265449524,0.48752039670944214,
2036,0.8844696879386902,0.48571568727493286,
2037,0.8861386179924011,0.4789106547832489,
2038,0.8883495330810547,0.47357654571533203,
2039,0.8904761672019958,0.4674392342567444,
2040,0.8913551568984985,0.4641358256340027,
2041,0.8927752375602722,0.45929697155952454,
2042,0.894707202911377,0.453878790140152,
2043,0.8960176706314087,0.4530137777328491,
2044,0.897282600402832,0.44980236887931824,
2045,0.8985042572021484,0.4460051655769348,
2046,0.8991596698760986,0.44363072514533997,
2047,0.9003099203109741,0.43908002972602844,
2048,0.9009146094322205,0.4356403946876526,
2049,0.9020000100135803,0.4330587685108185,
2050,0.7361111044883728,1.0483628511428833,
2051,0.7543103694915771,0.9848543405532837,
2052,0.7681451439857483,0.9358136653900146,
2053,0.7821969985961914,0.8879824280738831,
2054,0.7946428656578064,0.8456682562828064,
2055,0.8040540814399719,0.8086665272712708,
2056,0.8108974099159241,0.7795620560646057,
2057,0.8201219439506531,0.7493312358856201,
2058,0.8270348906517029,0.721458911895752,
2059,0.8347222208976746,0.6977121233940125,
2060,0.8404255509376526,0.6767770648002625,
2061,0.8456632494926453,0.6565760970115662,
2062,0.8504902124404907,0.6389714479446411,
2063,0.8525943160057068,0.6306387186050415,
2064,0.855681836605072,0.6166955828666687,
2065,0.859649121761322,0.6021850109100342,
2066,0.8644067645072937,0.5869690179824829,
2067,0.8657786846160889,0.5801301598548889,
2068,0.8690476417541504,0.5715406537055969,
2069,0.8711538314819336,0.5642669796943665,
2070,0.8740671873092651,0.5541078448295593,
2071,0.8768116235733032,0.5460216403007507,
2072,0.8776408433914185,0.5378684997558594,
2073,0.8784246444702148,0.5308305621147156,
2074,0.8808333277702332,0.5216772556304932,
2075,0.8823052048683167,0.514878511428833,
2076,0.8844936490058899,0.5086266994476318,
2077,0.8865740895271301,0.5007179379463196,
2078,0.8885542154312134,0.4929773211479187,
2079,0.8897058963775635,0.48735958337783813,
2080,0.892241358757019,0.48018574714660645,
2081,0.8932584524154663,0.4749576151371002,
2082,0.8949176073074341,0.4669801890850067,
2083,0.8965053558349609,0.46234315633773804,
2084,0.8986842036247253,0.458994060754776,
2085,0.8994845151901245,0.45392218232154846,
2086,0.9002525210380554,0.4504046142101288,
2087,0.9009901285171509,0.4473704993724823,
2088,0.9029126167297363,0.4425234794616699,
2089,0.9041666388511658,0.4386797547340393,
2090,0.9053738117218018,0.43446823954582214,
2091,0.9065366983413696,0.43065378069877625,
2092,0.9070945978164673,0.4262143075466156,
2093,0.9081858396530151,0.4219147264957428,
2094,0.908695638179779,0.41779541969299316,
2095,0.9102563858032227,0.41329485177993774,
2096,0.9117646813392639,0.4086809456348419,
2097,0.9121900796890259,0.40814608335494995,
2098,0.9131097793579102,0.404277503490448,
2099,0.9144999980926514,0.40160584449768066,
2100,0.7569444179534912,0.9152289032936096,
2101,0.7737069129943848,0.858488142490387,
2102,0.7842742204666138,0.8236199021339417,
2103,0.7973484992980957,0.7863061428070068,
2104,0.8071428537368774,0.7501174211502075,
2105,0.8158783912658691,0.7175248861312866,
2106,0.8253205418586731,0.6852144002914429,
2107,0.8338414430618286,0.662582278251648,
2108,0.8415697813034058,0.6442964673042297,
2109,0.8472222089767456,0.6257944107055664,
2110,0.852393627166748,0.6077058911323547,
2111,0.858418345451355,0.5903429985046387,
2112,0.8639705777168274,0.5726190805435181,
2113,0.8691037893295288,0.5574344992637634,
2114,0.8727272748947144,0.5430899262428284,
2115,0.8771929740905762,0.5294494032859802,
2116,0.8813559412956238,0.5186501741409302,
2117,0.8821721076965332,0.5108196139335632,
2118,0.8849206566810608,0.5029440522193909,
2119,0.8884615302085876,0.4918099045753479,
2120,0.8908582329750061,0.48944005370140076,
2121,0.89402174949646,0.4787254333496094,
2122,0.8970070481300354,0.4688253402709961,
2123,0.8989726305007935,0.46354758739471436,
2124,0.9008333086967468,0.45756539702415466,
2125,0.9025974273681641,0.4516797363758087,
2126,0.9042721390724182,0.4471958577632904,
2127,0.9058641791343689,0.4401254653930664,
2128,0.9073795080184937,0.43500450253486633,
2129,0.9095588326454163,0.430917888879776,
2130,0.9116379022598267,0.42441001534461975,
2131,0.9129213690757751,0.42061847448349,
2132,0.9141483306884766,0.4144780933856964,
2133,0.9153226017951965,0.41037747263908386,
2134,0.9171052575111389,0.4060118496417999,
2135,0.9175257682800293,0.4007932245731354,
2136,0.9191918969154358,0.39653581380844116,
2137,0.9207921028137207,0.3912055194377899,
2138,0.9223300814628601,0.38862931728363037,
2139,0.9232142567634583,0.38473692536354065,
2140,0.922897219657898,0.3820720613002777,
2141,0.9243119359016418,0.3786803185939789,
2142,0.9251126050949097,0.37525784969329834,
2143,0.92643803358078,0.37242060899734497,
2144,0.927717387676239,0.3690071105957031,
2145,0.9289529919624329,0.3653818666934967,
2146,0.9301470518112183,0.36111629009246826,
2147,0.9297520518302917,0.3599785566329956,
2148,0.9308943152427673,0.3577217161655426,
2149,0.9315000176429749,0.35538068413734436,
2150,0.75,0.9300621747970581,
2151,0.7650862336158752,0.8795186281204224,
2152,0.774193525314331,0.8375338315963745,
2153,0.7878788113594055,0.7949479222297668,
2154,0.7982142567634583,0.7609591484069824,
2155,0.8091216087341309,0.7297047972679138,
2156,0.817307710647583,0.7030370235443115,
2157,0.8246951103210449,0.6818804144859314,
2158,0.8313953280448914,0.6622992753982544,
2159,0.8374999761581421,0.6400810480117798,
2160,0.8444148898124695,0.6217799782752991,
2161,0.8507652878761292,0.6008676290512085,
2162,0.8553921580314636,0.5865341424942017,
2163,0.8596698045730591,0.571110725402832,
2164,0.862500011920929,0.5610597729682922,
2165,0.8662280440330505,0.5478987693786621,
2166,0.8697034120559692,0.536027729511261,
2167,0.8729507923126221,0.5243966579437256,
2168,0.8769841194152832,0.5135762691497803,
2169,0.8788461685180664,0.5074495673179626,
2170,0.8815298676490784,0.49844080209732056,
2171,0.8849637508392334,0.48930636048316956,
2172,0.8882042169570923,0.479185551404953,
2173,0.8912671208381653,0.4703502357006073,
2174,0.8933333158493042,0.46537384390830994,
2175,0.8961039185523987,0.4573602080345154,
2176,0.8971518874168396,0.451647013425827,
2177,0.8989197611808777,0.4470054805278778,
2178,0.9013554453849792,0.4411044418811798,
2179,0.903676450252533,0.43309277296066284,
2180,0.9051724076271057,0.427280068397522,
2181,0.9066011309623718,0.4224124550819397,
2182,0.906593382358551,0.4181789457798004,
2183,0.9086021780967712,0.4129660427570343,
2184,0.9105263352394104,0.40653249621391296,
2185,0.9123711585998535,0.40054214000701904,
2186,0.9135100841522217,0.3968726694583893,
2187,0.9152227640151978,0.39200323820114136,
2188,0.9168689250946045,0.38681530952453613,
2189,0.9178571701049805,0.3831455707550049,
2190,0.9188084006309509,0.37845924496650696,
2191,0.9191513657569885,0.37615492939949036,
2192,0.9194819927215576,0.37579280138015747,
2193,0.919800877571106,0.3739798665046692,
2194,0.9211956262588501,0.3711136281490326,
2195,0.9214743375778198,0.3699539601802826,
2196,0.9227941036224365,0.3659580647945404,
2197,0.9240702390670776,0.3625914454460144,
2198,0.9253048896789551,0.35888051986694336,
2199,0.9265000224113464,0.3556289076805115,
2200,0.7384259104728699,0.9839435815811157,
2201,0.7521551847457886,0.929813802242279,
2202,0.7661290168762207,0.8881449699401855,
2203,0.7746211886405945,0.8544071912765503,
2204,0.7875000238418579,0.8121843338012695,
2205,0.7989864945411682,0.7736750245094299,
2206,0.8092948794364929,0.7407441735267639,
2207,0.8170731663703918,0.7110331654548645,
2208,0.8241279125213623,0.6900532245635986,
2209,0.831944465637207,0.6657760739326477,
2210,0.8390957713127136,0.6486431956291199,
2211,0.8431122303009033,0.6306946277618408,
2212,0.8492646813392639,0.6131094098091125,
2213,0.8537735939025879,0.5978822708129883,
2214,0.8590909242630005,0.5823190808296204,
2215,0.8640350699424744,0.5697422623634338,
2216,0.867584764957428,0.5576349496841431,
2217,0.8719262480735779,0.5434412360191345,
2218,0.875,0.5319845676422119,
2219,0.8788461685180664,0.5191897749900818,
2220,0.8824626803398132,0.5101250410079956,
2221,0.8849637508392334,0.5011951327323914,
2222,0.8882042169570923,0.49264124035835266,
2223,0.8904109597206116,0.48378148674964905,
2224,0.8933333158493042,0.4766201674938202,
2225,0.8961039185523987,0.46967241168022156,
2226,0.8971518874168396,0.4644010663032532,
2227,0.8996913433074951,0.4579092562198639,
2228,0.9021084308624268,0.45020851492881775,
2229,0.903676450252533,0.444332480430603,
2230,0.9037356376647949,0.4445289671421051,
2231,0.9051966071128845,0.43866443634033203,
2232,0.905906617641449,0.43345072865486145,
2233,0.9072580933570862,0.43005043268203735,
2234,0.9078947305679321,0.42596057057380676,
2235,0.9085051417350769,0.42326661944389343,
2236,0.9103535413742065,0.4179699718952179,
2237,0.9115098714828491,0.41335567831993103,
2238,0.9126213788986206,0.4077661633491516,
2239,0.913095235824585,0.4040917754173279,
2240,0.9141355156898499,0.40029364824295044,
2241,0.915710985660553,0.39535969495773315,
2242,0.9166666865348816,0.39103132486343384,
2243,0.9181416034698486,0.38721346855163574,
2244,0.919021725654602,0.38436615467071533,
2245,0.9204059839248657,0.3798832297325134,
2246,0.9217436909675598,0.3763956129550934,
2247,0.922520637512207,0.3746072053909302,
2248,0.9222561120986938,0.37327736616134644,
2249,0.9225000143051147,0.3715725839138031,
2250,0.7129629850387573,1.0112494230270386,
2251,0.7306034564971924,0.9536590576171875,
2252,0.7479838728904724,0.9027206897735596,
2253,0.7613636255264282,0.8577449321746826,
2254,0.7749999761581421,0.8148077726364136,
2255,0.787162184715271,0.7783341407775879,
2256,0.7964743375778198,0.7508763074874878,
2257,0.8064024448394775,0.7260202765464783,
2258,0.8154069781303406,0.7000032067298889,
2259,0.8236111402511597,0.6759563684463501,
2260,0.8311170339584351,0.6512698531150818,
2261,0.8380101919174194,0.6317863464355469,
2262,0.844362735748291,0.6127492785453796,
2263,0.8466981053352356,0.6016490459442139,
2264,0.8522727489471436,0.587179958820343,
2265,0.8574561476707458,0.5702492594718933,
2266,0.8622881174087524,0.5557129383087158,
2267,0.8668032884597778,0.5420463681221008,
2268,0.870039701461792,0.5322165489196777,
2269,0.8740384578704834,0.5198575854301453,
2270,0.8759328126907349,0.5092124342918396,
2271,0.8795289993286133,0.49823594093322754,
2272,0.8829225301742554,0.48819130659103394,
2273,0.8852739930152893,0.4801812767982483,
2274,0.8883333206176758,0.4735286831855774,
2275,0.8896104097366333,0.4692288041114807,
2276,0.892405092716217,0.45982125401496887,
2277,0.895061731338501,0.4531722962856293,
2278,0.8960843086242676,0.4472309648990631,
2279,0.8977941274642944,0.44188717007637024,
2280,0.8987069129943848,0.4363921284675598,
2281,0.9002808928489685,0.4299018979072571,
2282,0.9017857313156128,0.4270648658275604,
2283,0.9032257795333862,0.4221600294113159,
2284,0.9046052694320679,0.4188311994075775,
2285,0.906572163105011,0.4130510687828064,
2286,0.9078282713890076,0.4096950590610504,
2287,0.9090346693992615,0.4046301245689392,
2288,0.9095873832702637,0.4021524488925934,
2289,0.9101190567016602,0.39910387992858887,
2290,0.9100467562675476,0.3961096405982971,
2291,0.911697268486023,0.3907374441623688,
2292,0.9127252101898193,0.3872069716453552,
2293,0.9126105904579163,0.38416123390197754,
2294,0.9135869741439819,0.38103365898132324,
2295,0.9150640964508057,0.37705206871032715,
2296,0.9164915680885315,0.37332960963249207,
2297,0.91787189245224,0.3700084388256073,
2298,0.9192073345184326,0.36633700132369995,
2299,0.9194999933242798,0.36405858397483826,
2300,0.7337962985038757,1.0431797504425049,
2301,0.7521551847457886,0.9803355932235718,
2302,0.7661290168762207,0.9272475242614746,
2303,0.7803030014038086,0.8786743879318237,
2304,0.7910714149475098,0.8365882635116577,
2305,0.8006756901741028,0.8011385202407837,
2306,0.8092948794364929,0.7665413618087769,
2307,0.8170731663703918,0.7391865253448486,
2308,0.8241279125213623,0.7156744003295898,
2309,0.831944465637207,0.6910262703895569,
2310,0.8390957713127136,0.6694694757461548,
2311,0.8443877696990967,0.6510655283927917,
2312,0.8492646813392639,0.6340582370758057,
2313,0.8549528121948242,0.6134293079376221,
2314,0.8590909242630005,0.5990769863128662,
2315,0.8629385828971863,0.5838379859924316,
2316,0.867584764957428,0.5679494738578796,
2317,0.8719262480735779,0.5544368624687195,
2318,0.8759920597076416,0.5416489839553833,
2319,0.8788461685180664,0.5297082662582397,
2320,0.8815298676490784,0.5222489833831787,
2321,0.883152186870575,0.5153446197509766,
2322,0.8846830725669861,0.5060850381851196,
2323,0.8869863152503967,0.499044805765152,
2324,0.8899999856948853,0.4879433214664459,
2325,0.8920454382896423,0.4794292151927948,
2326,0.8947784900665283,0.46908101439476013,
2327,0.897376537322998,0.46079277992248535,
2328,0.8998494148254395,0.45193108916282654,
2329,0.9022058844566345,0.44440194964408875,
2330,0.9037356376647949,0.4388907551765442,
2331,0.9058988690376282,0.4319712519645691,
2332,0.9079670310020447,0.4244007468223572,
2333,0.9099462628364563,0.41750726103782654,
2334,0.9118421077728271,0.41114169359207153,
2335,0.9117268323898315,0.4077628254890442,
2336,0.9128788113594055,0.40387919545173645,
2337,0.9133663177490234,0.3997289538383484,
2338,0.9150485396385193,0.3948415219783783,
2339,0.9160714149475098,0.3902675211429596,
2340,0.9170560836791992,0.38661646842956543,
2341,0.9185779690742493,0.38293612003326416,
2342,0.9194819927215576,0.3804699778556824,
2343,0.9203540086746216,0.3770117163658142,
2344,0.9217391014099121,0.37231025099754333,
2345,0.9220085740089417,0.3701774477958679,
2346,0.9233193397521973,0.36576879024505615,
2347,0.9240702390670776,0.3635118007659912,
2348,0.9247967600822449,0.3616882264614105,
2349,0.9254999756813049,0.35962459444999695,
2350,0.6921296119689941,1.0392956733703613,
2351,0.7133620977401733,0.9762033820152283,
2352,0.7318548560142517,0.9220373630523682,
2353,0.7443181872367859,0.879854679107666,
2354,0.7589285969734192,0.8384144306182861,
2355,0.7702702879905701,0.8028548955917358,
2356,0.7820512652397156,0.7705862522125244,
2357,0.7911585569381714,0.7398163080215454,
2358,0.7994186282157898,0.7139053344726562,
2359,0.8083333373069763,0.6871623396873474,
2360,0.8164893388748169,0.6652588248252869,
2361,0.8239796161651611,0.6430152654647827,
2362,0.8296568393707275,0.6258861422538757,
2363,0.8349056839942932,0.6063120365142822,
2364,0.8397727012634277,0.5919414758682251,
2365,0.8453947305679321,0.5761932134628296,
2366,0.8506355881690979,0.561149001121521,
2367,0.8545082211494446,0.5493175387382507,
2368,0.8591269850730896,0.53642338514328,
2369,0.862500011920929,0.5236497521400452,
2370,0.8647388219833374,0.5183519124984741,
2371,0.866847813129425,0.5101097226142883,
2372,0.8697183132171631,0.5014248490333557,
2373,0.8724315166473389,0.4921846389770508,
2374,0.875,0.48553740978240967,
2375,0.8782467246055603,0.4754447340965271,
2376,0.8813291192054749,0.4697374403476715,
2377,0.8834876418113708,0.46428632736206055,
2378,0.8862951993942261,0.4576289653778076,
2379,0.887499988079071,0.451609343290329,
2380,0.8900862336158752,0.4466002583503723,
2381,0.8925561904907227,0.43882861733436584,
2382,0.8942307829856873,0.43329596519470215,
2383,0.8944892287254333,0.42994406819343567,
2384,0.8967105150222778,0.42456677556037903,
2385,0.8975515365600586,0.4200272262096405,
2386,0.8996211886405945,0.41583606600761414,
2387,0.9009901285171509,0.41042450070381165,
2388,0.9029126167297363,0.40595322847366333,
2389,0.9029762148857117,0.4036645293235779,
2390,0.9042056202888489,0.39939457178115845,
2391,0.9048165082931519,0.3966725766658783,
2392,0.9065315127372742,0.39123594760894775,
2393,0.9076327681541443,0.3873640298843384,
2394,0.9092391133308411,0.3836553692817688,
2395,0.9107906222343445,0.3796320855617523,
2396,0.9122899174690247,0.375826895236969,
2397,0.9127066135406494,0.3760720491409302,
2398,0.9141260385513306,0.3721763491630554,
2399,0.9150000214576721,0.3698689639568329,
2400,0.7106481194496155,1.0566682815551758,
2401,0.7284482717514038,0.9921194314956665,
2402,0.7459677457809448,0.9359611868858337,
2403,0.7613636255264282,0.8848597407341003,
2404,0.7749999761581421,0.8412359356880188,
2405,0.7837837934494019,0.8085070252418518,
2406,0.7948718070983887,0.7759881019592285,
2407,0.8033536672592163,0.746117353439331,
2408,0.8110465407371521,0.717843234539032,
2409,0.8180555701255798,0.7024101614952087,
2410,0.8244680762290955,0.6793495416641235,
2411,0.8303571343421936,0.6588237285614014,
2412,0.8370097875595093,0.6377255320549011,
2413,0.8431603908538818,0.6172997355461121,
2414,0.8477272987365723,0.6013463139533997,
2415,0.8530701994895935,0.5856428742408752,
2416,0.8580508232116699,0.5701807737350464,
2417,0.8616803288459778,0.5601704716682434,
2418,0.8640872836112976,0.5522376894950867,
2419,0.8682692050933838,0.5410763621330261,
2420,0.8722015023231506,0.5291623473167419,
2421,0.875,0.5174210667610168,
2422,0.8785211443901062,0.5082029104232788,
2423,0.8792808055877686,0.5000095367431641,
2424,0.8824999928474426,0.4907742738723755,
2425,0.8847402334213257,0.4816274642944336,
2426,0.8876582384109497,0.47262659668922424,
2427,0.8896604776382446,0.46339839696884155,
2428,0.8923192620277405,0.45557981729507446,
2429,0.8941176533699036,0.45076584815979004,
2430,0.8958333134651184,0.44264838099479675,
2431,0.8981741666793823,0.43504512310028076,
2432,0.8997252583503723,0.43019187450408936,
2433,0.9018816947937012,0.42443740367889404,
2434,0.9039473533630371,0.4193224012851715,
2435,0.9046391844749451,0.4165927767753601,
2436,0.9065656661987305,0.41207507252693176,
2437,0.9084158539772034,0.40709051489830017,
2438,0.9101941585540771,0.4025363028049469,
2439,0.9119047522544861,0.3962242007255554,
2440,0.9129672646522522,0.39196982979774475,
2441,0.9145641922950745,0.3874680697917938,
2442,0.914977490901947,0.38385820388793945,
2443,0.9164823293685913,0.38016489148139954,
2444,0.917391300201416,0.37800145149230957,
2445,0.9188033938407898,0.373279869556427,
2446,0.9196428656578064,0.3702796697616577,
2447,0.9204545617103577,0.3666529655456543,
2448,0.9207317233085632,0.36378180980682373,
2449,0.921999990940094,0.36064577102661133,
2450,0.7615740895271301,0.9013921022415161,
2451,0.7780172228813171,0.848804235458374,
2452,0.7903226017951965,0.8036553859710693,
2453,0.8030303120613098,0.766402006149292,
2454,0.8142856955528259,0.7301346659660339,
2455,0.8243243098258972,0.6993604898452759,
2456,0.8317307829856873,0.6765528321266174,
2457,0.8384146094322205,0.6500260233879089,
2458,0.8459302186965942,0.6269378662109375,
2459,0.8527777791023254,0.6022663116455078,
2460,0.8577127456665039,0.5842934250831604,
2461,0.8596938848495483,0.5734448432922363,
2462,0.8627451062202454,0.5615792870521545,
2463,0.8667452931404114,0.5471006035804749,
2464,0.8715909123420715,0.5311057567596436,
2465,0.8760964870452881,0.515357255935669,
2466,0.8802965879440308,0.5012425184249878,
2467,0.8831967115402222,0.49018600583076477,
2468,0.886904776096344,0.47915858030319214,
2469,0.8903846144676208,0.46688157320022583,
2470,0.8927238583564758,0.4609033465385437,
2471,0.8958333134651184,0.4509454071521759,
2472,0.8978873491287231,0.4427460730075836,
2473,0.8998287916183472,0.4357302188873291,
2474,0.9024999737739563,0.4264518618583679,
2475,0.9050324559211731,0.41983142495155334,
2476,0.9058544039726257,0.41723665595054626,
2477,0.9074074029922485,0.4113013744354248,
2478,0.9096385836601257,0.4042690098285675,
2479,0.9095588326454163,0.40149274468421936,
2480,0.9116379022598267,0.39636409282684326,
2481,0.913623571395874,0.3902428448200226,
2482,0.9155219793319702,0.3847126364707947,
2483,0.9173387289047241,0.37926623225212097,
2484,0.9190789461135864,0.3732568919658661,
2485,0.9181700944900513,0.3731854259967804,
2486,0.9191918969154358,0.36817941069602966,
2487,0.9207921028137207,0.36259689927101135,
2488,0.9217233061790466,0.35892054438591003,
2489,0.9232142567634583,0.35448700189590454,
2490,0.9246495366096497,0.34992703795433044,
2491,0.9260321259498596,0.3458169996738434,
2492,0.9273648858070374,0.3422693908214569,
2493,0.9280973672866821,0.3411356806755066,
2494,0.927717387676239,0.34008264541625977,
2495,0.9289529919624329,0.3360813856124878,
2496,0.9301470518112183,0.33292558789253235,
2497,0.9313016533851624,0.3297053873538971,
2498,0.9314024448394775,0.3275580406188965,
2499,0.9325000047683716,0.32485464215278625,
2500,0.7546296119689941,0.9170545935630798,
2501,0.767241358757019,0.8735439777374268,
2502,0.7802419066429138,0.8286150693893433,
2503,0.7935606241226196,0.788815438747406,
2504,0.8053571581840515,0.7525245547294617,
2505,0.8141891956329346,0.7269370555877686,
2506,0.8237179517745972,0.6969614028930664,
2507,0.8292682766914368,0.671895444393158,
2508,0.8372092843055725,0.6448167562484741,
2509,0.8430555462837219,0.624619722366333,
2510,0.8497340679168701,0.6034060716629028,
2511,0.855867326259613,0.5838841795921326,
2512,0.8615196347236633,0.5660330653190613,
2513,0.8667452931404114,0.547675609588623,
2514,0.8704545497894287,0.5370826721191406,
2515,0.8739035129547119,0.5243812203407288,
2516,0.8781779408454895,0.5100589990615845,
2517,0.881147563457489,0.4999971091747284,
2518,0.8849206566810608,0.48772773146629333,
2519,0.8884615302085876,0.4767957329750061,
2520,0.8908582329750061,0.46641698479652405,
2521,0.89402174949646,0.4559149146080017,
2522,0.8970070481300354,0.4467771351337433,
2523,0.8998287916183472,0.43946927785873413,
2524,0.9024999737739563,0.4302915334701538,
2525,0.9042207598686218,0.4243290424346924,
2526,0.9058544039726257,0.41819679737091064,
2527,0.908178985118866,0.4100634753704071,
2528,0.9096385836601257,0.40441715717315674,
2529,0.9110293984413147,0.39870914816856384,
2530,0.9130747318267822,0.39253753423690796,
2531,0.9150280952453613,0.3866479992866516,
2532,0.916208803653717,0.3822517395019531,
2533,0.9180107712745667,0.37707021832466125,
2534,0.9190789461135864,0.3744996190071106,
2535,0.9207473993301392,0.3699841797351837,
2536,0.9217171669006348,0.36608412861824036,
2537,0.9232673048973083,0.36114469170570374,
2538,0.9247573018074036,0.3560514450073242,
2539,0.9261904954910278,0.35264724493026733,
2540,0.927570104598999,0.34771212935447693,
2541,0.9288991093635559,0.34323301911354065,
2542,0.9296171069145203,0.3391493856906891,
2543,0.9303097128868103,0.33580172061920166,
2544,0.9315217137336731,0.33319923281669617,
2545,0.932692289352417,0.32985547184944153,
2546,0.9332982897758484,0.32790282368659973,
2547,0.93388432264328,0.32575350999832153,
2548,0.9344512224197388,0.3238416612148285,
2549,0.9350000023841858,0.3217928111553192,
2550,0.7476851940155029,0.9325951337814331,
2551,0.7650862336158752,0.8773126006126404,
2552,0.7802419066429138,0.8277261853218079,
2553,0.7935606241226196,0.7875723838806152,
2554,0.8035714030265808,0.7492070198059082,
2555,0.8141891956329346,0.7148839831352234,
2556,0.8237179517745972,0.686091423034668,
2557,0.8307926654815674,0.6597902774810791,
2558,0.8372092843055725,0.633230984210968,
2559,0.8430555462837219,0.6159948706626892,
2560,0.8484042286872864,0.5946334600448608,
2561,0.8533163070678711,0.5779660940170288,
2562,0.8590686321258545,0.5599117279052734,
2563,0.864386796951294,0.5420470237731934,
2564,0.8693181872367859,0.5282015204429626,
2565,0.8739035129547119,0.5157911777496338,
2566,0.8781779408454895,0.5036171674728394,
2567,0.881147563457489,0.49075305461883545,
2568,0.8839285969734192,0.48201000690460205,
2569,0.8865384459495544,0.4713192880153656,
2570,0.8899253606796265,0.46246927976608276,
2571,0.8931159377098083,0.45380544662475586,
2572,0.8961267471313477,0.44605663418769836,
2573,0.8972602486610413,0.439788281917572,
2574,0.8983333110809326,0.4345336854457855,
2575,0.9001623392105103,0.4302906095981598,
2576,0.9018987417221069,0.42429521679878235,
2577,0.9035493731498718,0.4220288097858429,
2578,0.9051204919815063,0.4156273901462555,
2579,0.9073529243469238,0.41150274872779846,
2580,0.9080459475517273,0.40775737166404724,
2581,0.9094101190567017,0.40146997570991516,
2582,0.9107142686843872,0.3989349603652954,
2583,0.9126344323158264,0.39208221435546875,
2584,0.9144737124443054,0.3860204517841339,
2585,0.9162371158599854,0.3804798424243927,
2586,0.9172979593276978,0.37807002663612366,
2587,0.9183168411254883,0.37359553575515747,
2588,0.919296145439148,0.37113049626350403,
2589,0.9208333492279053,0.3663320243358612,
2590,0.9223130941390991,0.36250612139701843,
2591,0.9237385392189026,0.3589653968811035,
2592,0.9251126050949097,0.354653000831604,
2593,0.92643803358078,0.3498704731464386,
2594,0.927717387676239,0.34647172689437866,
2595,0.9284188151359558,0.3441086411476135,
2596,0.9296218752861023,0.34291282296180725,
2597,0.9307851195335388,0.33893826603889465,
2598,0.9319105744361877,0.33672136068344116,
2599,0.9330000281333923,0.3327752351760864,
2600,0.7615740895271301,0.928020179271698,
2601,0.7780172228813171,0.868449330329895,
2602,0.7923387289047241,0.8206886053085327,
2603,0.8049242496490479,0.7847165465354919,
2604,0.8107143044471741,0.7578517198562622,
2605,0.8209459185600281,0.7261699438095093,
2606,0.8253205418586731,0.7077344655990601,
2607,0.8338414430618286,0.6772547364234924,
2608,0.8401162624359131,0.6542983651161194,
2609,0.8472222089767456,0.6306248903274536,
2610,0.853723406791687,0.6098746657371521,
2611,0.8596938848495483,0.590469479560852,
2612,0.8651960492134094,0.5733024477958679,
2613,0.8702830076217651,0.5552999973297119,
2614,0.875,0.539167046546936,
2615,0.8760964870452881,0.5298117995262146,
2616,0.8792372941970825,0.5178782939910889,
2617,0.8821721076965332,0.5084579586982727,
2618,0.8859127163887024,0.496135950088501,
2619,0.8894230723381042,0.4845075309276581,
2620,0.891791045665741,0.4750868082046509,
2621,0.8949275612831116,0.46540573239326477,
2622,0.8978873491287231,0.4555920958518982,
2623,0.9006849527359009,0.4467141032218933,
2624,0.903333306312561,0.43781086802482605,
2625,0.9058441519737244,0.429254949092865,
2626,0.9082278609275818,0.420964777469635,
2627,0.9104938507080078,0.4128662943840027,
2628,0.9126505851745605,0.4048660099506378,
2629,0.9139705896377563,0.39958491921424866,
2630,0.9159482717514038,0.3928205668926239,
2631,0.9178370833396912,0.38698405027389526,
2632,0.9196428656578064,0.3818378150463104,
2633,0.9213709831237793,0.37651053071022034,
2634,0.9230263233184814,0.37107667326927185,
2635,0.9246134161949158,0.3659098446369171,
2636,0.9261363744735718,0.3608824610710144,
2637,0.9275990128517151,0.35578593611717224,
2638,0.928398072719574,0.3524130582809448,
2639,0.9291666746139526,0.34820693731307983,
2640,0.9304906725883484,0.3431851863861084,
2641,0.9317660331726074,0.33938518166542053,
2642,0.9324324131011963,0.3365967869758606,
2643,0.9336283206939697,0.33349359035491943,
2644,0.9347826242446899,0.329476922750473,
2645,0.9358974099159241,0.32590949535369873,
2646,0.9369747638702393,0.32177799940109253,
2647,0.9375,0.31935662031173706,
2648,0.9380081295967102,0.3169506788253784,
2649,0.9384999871253967,0.31376755237579346,
2650,0.7708333134651184,0.8603991270065308,
2651,0.7844827771186829,0.816963255405426,
2652,0.7983871102333069,0.7729891538619995,
2653,0.8068181872367859,0.7363411784172058,
2654,0.8178571462631226,0.701026439666748,
2655,0.8277027010917664,0.6721668839454651,
2656,0.8349359035491943,0.6497788429260254,
2657,0.8399389982223511,0.6267049908638,
2658,0.8459302186965942,0.6154730319976807,
2659,0.8513888716697693,0.5964748859405518,
2660,0.8577127456665039,0.5753440856933594,
2661,0.8635203838348389,0.5563985705375671,
2662,0.8664215803146362,0.5441625118255615,
2663,0.8714622855186462,0.5284335017204285,
2664,0.8761363625526428,0.5133041143417358,
2665,0.8804824352264404,0.49901288747787476,
2666,0.8845338821411133,0.4845341145992279,
2667,0.8883196711540222,0.47227606177330017,
2668,0.8908730149269104,0.46231013536453247,
2669,0.892307698726654,0.45309802889823914,
2670,0.89552241563797,0.4437752068042755,
2671,0.8976449370384216,0.43672165274620056,
2672,0.9005281925201416,0.4274703562259674,
2673,0.903253436088562,0.41995200514793396,
2674,0.9058333039283752,0.4113854467868805,
2675,0.9066558480262756,0.40610650181770325,
2676,0.907436728477478,0.4014114439487457,
2677,0.9097222089767456,0.3963782787322998,
2678,0.911897599697113,0.3899826109409332,
2679,0.9139705896377563,0.3822680413722992,
2680,0.9159482717514038,0.3758167028427124,
2681,0.9164325594902039,0.37538883090019226,
2682,0.9175823926925659,0.3707640469074249,
2683,0.9186828136444092,0.36795052886009216,
2684,0.9203947186470032,0.3625023663043976,
2685,0.9220361113548279,0.3575287163257599,
2686,0.9236111044883728,0.35281750559806824,
2687,0.9251237511634827,0.3487017750740051,
2688,0.9265776872634888,0.34347110986709595,
2689,0.9273809790611267,0.3389393985271454,
2690,0.9287382960319519,0.3343508243560791,
2691,0.9294725060462952,0.3304322063922882,
2692,0.9296171069145203,0.3285093605518341,
2693,0.9308628439903259,0.3250296115875244,
2694,0.9320651888847351,0.3217255175113678,
2695,0.933226466178894,0.31778380274772644,
2696,0.9343487620353699,0.3146681785583496,
2697,0.9344007968902588,0.3125331997871399,
2698,0.9354674816131592,0.30907273292541504,
2699,0.9359999895095825,0.3063727021217346,
2700,0.7685185074806213,0.9153187274932861,
2701,0.7844827771186829,0.8632981777191162,
2702,0.7903226017951965,0.82448410987854,
2703,0.8030303120613098,0.784603476524353,
2704,0.8142856955528259,0.7446404099464417,
2705,0.8243243098258972,0.712369441986084,
2706,0.8333333134651184,0.6820163726806641,
2707,0.8414633870124817,0.6549513936042786,
2708,0.8473837375640869,0.6285843849182129,
2709,0.8541666865348816,0.6090675592422485,
2710,0.8603723645210266,0.5882081985473633,
2711,0.8660714030265808,0.5675349235534668,
2712,0.8713235259056091,0.5483847260475159,
2713,0.8761792182922363,0.5316150784492493,
2714,0.8806818127632141,0.5158419013023376,
2715,0.8826754093170166,0.5041235089302063,
2716,0.8845338821411133,0.4935382604598999,
2717,0.8883196711540222,0.48187172412872314,
2718,0.8908730149269104,0.47150078415870667,
2719,0.8942307829856873,0.45912009477615356,
2720,0.8973880410194397,0.44801145792007446,
2721,0.9003623127937317,0.4379398822784424,
2722,0.9031690359115601,0.4291304051876068,
2723,0.9058219194412231,0.41908127069473267,
2724,0.9083333611488342,0.41290050745010376,
2725,0.9099025726318359,0.40691396594047546,
2726,0.9121835231781006,0.39917880296707153,
2727,0.9143518805503845,0.3918483853340149,
2728,0.9156626462936401,0.38733386993408203,
2729,0.916911780834198,0.38406258821487427,
2730,0.9181034564971924,0.379079133272171,
2731,0.9178370833396912,0.3755819797515869,
2732,0.9182692170143127,0.37195852398872375,
2733,0.9200268983840942,0.36649027466773987,
2734,0.9217105507850647,0.361326664686203,
2735,0.9233247637748718,0.3559219241142273,
2736,0.9248737096786499,0.35158824920654297,
2737,0.9263613820075989,0.34691449999809265,
2738,0.9277912378311157,0.34179815649986267,
2739,0.9291666746139526,0.33867937326431274,
2740,0.9304906725883484,0.3342064917087555,
2741,0.9317660331726074,0.3300330340862274,
2742,0.9329954981803894,0.32619595527648926,
2743,0.9341813921928406,0.3234197199344635,
2744,0.935326099395752,0.32028865814208984,
2745,0.9358974099159241,0.31754404306411743,
2746,0.9369747638702393,0.31436818838119507,
2747,0.9380165338516235,0.3108859956264496,
2748,0.9380081295967102,0.3089730739593506,
2749,0.9390000104904175,0.30574506521224976,
2750,0.7476851940155029,0.9782401323318481,
2751,0.7650862336158752,0.9202988147735596,
2752,0.7802419066429138,0.869010329246521,
2753,0.7935606241226196,0.8244481086730957,
2754,0.8035714030265808,0.7937093377113342,
2755,0.8141891956329346,0.7579663395881653,
2756,0.8237179517745972,0.724187433719635,
2757,0.8307926654815674,0.7001603245735168,
2758,0.8372092843055725,0.674826979637146,
2759,0.8444444537162781,0.6494596600532532,
2760,0.8497340679168701,0.6309000253677368,
2761,0.8545918464660645,0.6157791018486023,
2762,0.8602941036224365,0.5975013375282288,
2763,0.864386796951294,0.5778188109397888,
2764,0.8693181872367859,0.5616846084594727,
2765,0.8739035129547119,0.5452993512153625,
2766,0.8781779408454895,0.5330719351768494,
2767,0.8821721076965332,0.5189146995544434,
2768,0.8859127163887024,0.5081289410591125,
2769,0.8894230723381042,0.4951799809932709,
2770,0.8927238583564758,0.4844888746738434,
2771,0.8958333134651184,0.47486722469329834,
2772,0.8987675905227661,0.46329593658447266,
2773,0.9006849527359009,0.4559679329395294,
2774,0.903333306312561,0.4463464319705963,
2775,0.9050324559211731,0.4398033916950226,
2776,0.9066455960273743,0.43233567476272583,
2777,0.9089506268501282,0.42713814973831177,
2778,0.9103915691375732,0.4204186201095581,
2779,0.9125000238418579,0.41363632678985596,
2780,0.9137930870056152,0.40797626972198486,
2781,0.9150280952453613,0.4048002362251282,
2782,0.9168956279754639,0.3985710144042969,
2783,0.9180107712745667,0.39287346601486206,
2784,0.9190789461135864,0.3894093930721283,
2785,0.9207473993301392,0.3835793733596802,
2786,0.9223484992980957,0.3773082494735718,
2787,0.9238861203193665,0.3716888129711151,
2788,0.925364077091217,0.36623722314834595,
2789,0.9267857074737549,0.3612450063228607,
2790,0.9281542301177979,0.35769781470298767,
2791,0.9294725060462952,0.3538339138031006,
2792,0.9307432174682617,0.3504970073699951,
2793,0.9319690465927124,0.34696289896965027,
2794,0.9326087236404419,0.34265002608299255,
2795,0.9337607026100159,0.3385639786720276,
2796,0.9348739385604858,0.3341912031173706,
2797,0.9359503984451294,0.3309725522994995,
2798,0.9364837408065796,0.3279188275337219,
2799,0.9375,0.3243882954120636,
2800,0.7592592835426331,0.917572557926178,
2801,0.7758620977401733,0.864030122756958,
2802,0.7903226017951965,0.8132152557373047,
2803,0.8030303120613098,0.7709846496582031,
2804,0.8142856955528259,0.7319347858428955,
2805,0.8226351141929626,0.6990984082221985,
2806,0.8317307829856873,0.6709216833114624,
2807,0.8399389982223511,0.6438559293746948,
2808,0.8473837375640869,0.6180105209350586,
2809,0.8541666865348816,0.595969557762146,
2810,0.8603723645210266,0.5775504112243652,
2811,0.8635203838348389,0.5609714984893799,
2812,0.8688725233078003,0.5437703132629395,
2813,0.8738207817077637,0.5273066163063049,
2814,0.8761363625526428,0.5141775012016296,
2815,0.8793859481811523,0.5008897185325623,
2816,0.882415235042572,0.48830875754356384,
2817,0.8862704634666443,0.47480669617652893,
2818,0.8898809552192688,0.46441516280174255,
2819,0.892307698726654,0.4546239674091339,
2820,0.89552241563797,0.44358283281326294,
2821,0.8985507488250732,0.43386128544807434,
2822,0.9014084339141846,0.42419537901878357,
2823,0.9041095972061157,0.41761520504951477,
2824,0.9049999713897705,0.41169068217277527,
2825,0.9074675440788269,0.4034278988838196,
2826,0.9090189933776855,0.39589014649391174,
2827,0.9112654328346252,0.3881208002567291,
2828,0.9134036302566528,0.3804891109466553,
2829,0.9154411554336548,0.3744196593761444,
2830,0.9173850417137146,0.3685648739337921,
2831,0.9192415475845337,0.3622067868709564,
2832,0.9210164546966553,0.3560275733470917,
2833,0.9227150678634644,0.3524000942707062,
2834,0.9243420958518982,0.3477219343185425,
2835,0.9259020686149597,0.3423472046852112,
2836,0.9273989796638489,0.3371739983558655,
2837,0.9275990128517151,0.33489200472831726,
2838,0.9290048480033875,0.3327106833457947,
2839,0.9297618865966797,0.32888904213905334,
2840,0.9310747385025024,0.32427558302879333,
2841,0.9323394298553467,0.3201484978199005,
2842,0.9335585832595825,0.3155118227005005,
2843,0.9347345232963562,0.31173989176750183,
2844,0.935326099395752,0.308808833360672,
2845,0.935363233089447,0.30622440576553345,
2846,0.9359243512153625,0.30719971656799316,
2847,0.9369834661483765,0.3037019968032837,
2848,0.9375,0.30051055550575256,
2849,0.9384999871253967,0.2977120876312256,
2850,0.7824074029922485,0.8700026869773865,
2851,0.7974137663841248,0.8211820721626282,
2852,0.8104838728904724,0.771395206451416,
2853,0.8200757503509521,0.7321932911872864,
2854,0.8303571343421936,0.6968166828155518,
2855,0.8361486196517944,0.6706848740577698,
2856,0.8445512652397156,0.640489935874939,
2857,0.8521341681480408,0.6147471070289612,
2858,0.8590116500854492,0.5919533371925354,
2859,0.8638888597488403,0.5717068314552307,
2860,0.8696808218955994,0.5523637533187866,
2861,0.875,0.534733235836029,
2862,0.8786764740943909,0.5189197659492493,
2863,0.8820754885673523,0.5046979784965515,
2864,0.8863636255264282,0.49023208022117615,
2865,0.890350878238678,0.47618958353996277,
2866,0.8940678238868713,0.4639931917190552,
2867,0.8975409865379333,0.4514433443546295,
2868,0.9007936716079712,0.4427731931209564,
2869,0.9038461446762085,0.4324305057525635,
2870,0.9067164063453674,0.4226505160331726,
2871,0.9094203114509583,0.41320955753326416,
2872,0.9110915660858154,0.40627920627593994,
2873,0.9109588861465454,0.4053002595901489,
2874,0.9133333563804626,0.39861181378364563,
2875,0.9147727489471436,0.3918308913707733,
2876,0.9169303774833679,0.38538214564323425,
2877,0.9182098507881165,0.380148708820343,
2878,0.9194276928901672,0.3743824362754822,
2879,0.9213235378265381,0.36694014072418213,
2880,0.9224137663841248,0.3625795543193817,
2881,0.9241573214530945,0.3569989800453186,
2882,0.9251373410224915,0.35238298773765564,
2883,0.9267473220825195,0.3480672836303711,
2884,0.9282894730567932,0.3427511155605316,
2885,0.9297680258750916,0.3378691077232361,
2886,0.931186854839325,0.3324667513370514,
2887,0.9325494766235352,0.3278498947620392,
2888,0.9338592290878296,0.3245698809623718,
2889,0.9351190328598022,0.3199191987514496,
2890,0.9363317489624023,0.31616082787513733,
2891,0.9375,0.31191286444664,
2892,0.9386261105537415,0.3091360628604889,
2893,0.9386062026023865,0.3076368570327759,
2894,0.939673900604248,0.303922563791275,
2895,0.9407051205635071,0.30123278498649597,
2896,0.9417017102241516,0.29772305488586426,
2897,0.9426652789115906,0.29394400119781494,
2898,0.9435975551605225,0.29069820046424866,
2899,0.9445000290870667,0.287558376789093,
2900,0.7592592835426331,0.8871760964393616,
2901,0.7758620977401733,0.8322522640228271,
2902,0.7862903475761414,0.7981076836585999,
2903,0.7992424368858337,0.7599122524261475,
2904,0.8107143044471741,0.7221258878707886,
2905,0.8209459185600281,0.6887920498847961,
2906,0.8301281929016113,0.6576760411262512,
2907,0.8384146094322205,0.6307041049003601,
2908,0.8459302186965942,0.6059845089912415,
2909,0.8513888716697693,0.5840381979942322,
2910,0.8577127456665039,0.5628072619438171,
2911,0.8635203838348389,0.5457738637924194,
2912,0.8676470518112183,0.5288717746734619,
2913,0.8726415038108826,0.513472855091095,
2914,0.8772727251052856,0.49898889660835266,
2915,0.8815789222717285,0.48577454686164856,
2916,0.8855932354927063,0.47388556599617004,
2917,0.8872950673103333,0.46496158838272095,
2918,0.8908730149269104,0.4530413746833801,
2919,0.8942307829856873,0.44331303238868713,
2920,0.8964552283287048,0.43500831723213196,
2921,0.8994565010070801,0.4257577955722809,
2922,0.9022887349128723,0.41658318042755127,
2923,0.9049657583236694,0.4078635573387146,
2924,0.9075000286102295,0.399368017911911,
2925,0.9099025726318359,0.39311930537223816,
2926,0.9121835231781006,0.3865579664707184,
2927,0.9143518805503845,0.3798972964286804,
2928,0.9164156913757324,0.3727792799472809,
2929,0.9176470637321472,0.3677143156528473,
2930,0.9188218116760254,0.3621799349784851,
2931,0.920646071434021,0.35641351342201233,
2932,0.9223901033401489,0.35120105743408203,
2933,0.9233871102333069,0.3464678227901459,
2934,0.9243420958518982,0.34318414330482483,
2935,0.9246134161949158,0.34237462282180786,
2936,0.9261363744735718,0.3374061584472656,
2937,0.9275990128517151,0.3324408233165741,
2938,0.9290048480033875,0.3285332918167114,
2939,0.9297618865966797,0.32645925879478455,
2940,0.9310747385025024,0.3215107321739197,
2941,0.9323394298553467,0.3177076578140259,
2942,0.9335585832595825,0.31366395950317383,
2943,0.9347345232963562,0.3096702992916107,
2944,0.935869574546814,0.3060111403465271,
2945,0.936965823173523,0.3020175099372864,
2946,0.9375,0.29961147904396057,
2947,0.9385330677032471,0.2963829040527344,
2948,0.9395325183868408,0.29393941164016724,
2949,0.940500020980835,0.29188263416290283,
2950,0.7800925970077515,0.8663046956062317,
2951,0.795258641242981,0.8151540160179138,
2952,0.8084677457809448,0.7728269696235657,
2953,0.8200757503509521,0.7300240993499756,
2954,0.8285714387893677,0.7015661001205444,
2955,0.8361486196517944,0.6756401658058167,
2956,0.8429487347602844,0.6480145454406738,
2957,0.8506097793579102,0.6226987838745117,
2958,0.8575581312179565,0.6005493402481079,
2959,0.862500011920929,0.5790291428565979,
2960,0.8683510422706604,0.5590905547142029,
2961,0.8737244606018066,0.5415171384811401,
2962,0.875,0.5329665541648865,
2963,0.8785377144813538,0.5200520753860474,
2964,0.8818181753158569,0.506079375743866,
2965,0.8859649300575256,0.49086907505989075,
2966,0.8898305296897888,0.47657766938209534,
2967,0.8934426307678223,0.4639112949371338,
2968,0.89682537317276,0.45141690969467163,
2969,0.8999999761581421,0.4397870600223541,
2970,0.9029850959777832,0.42956146597862244,
2971,0.9057971239089966,0.41962409019470215,
2972,0.908450722694397,0.4100416898727417,
2973,0.909246563911438,0.40502360463142395,
2974,0.9116666913032532,0.39592716097831726,
2975,0.9139610528945923,0.38840559124946594,
2976,0.9161392450332642,0.382286936044693,
2977,0.9182098507881165,0.37568551301956177,
2978,0.9201807379722595,0.36954060196876526,
2979,0.9220588207244873,0.3636496663093567,
2980,0.9231321811676025,0.3592379689216614,
2981,0.9248595237731934,0.3530849814414978,
2982,0.9265109896659851,0.34821629524230957,
2983,0.9267473220825195,0.3457120358943939,
2984,0.9282894730567932,0.3414827883243561,
2985,0.9297680258750916,0.3373798429965973,
2986,0.931186854839325,0.3326398730278015,
2987,0.9325494766235352,0.32843339443206787,
2988,0.9338592290878296,0.32358479499816895,
2989,0.9351190328598022,0.31871944665908813,
2990,0.9363317489624023,0.31449148058891296,
2991,0.9375,0.31018462777137756,
2992,0.9386261105537415,0.30650103092193604,
2993,0.9391592741012573,0.3041079640388489,
2994,0.9402173757553101,0.30008864402770996,
2995,0.9407051205635071,0.2972867786884308,
2996,0.9417017102241516,0.2942509055137634,
2997,0.9426652789115906,0.29114192724227905,
2998,0.9435975551605225,0.2880469262599945,
2999,0.9445000290870667,0.2856076657772064,
3000,0.75,0.8435195088386536,
3001,0.767241358757019,0.7929094433784485,
3002,0.7822580933570862,0.7471932768821716,
3003,0.7935606241226196,0.713141679763794,
3004,0.8053571581840515,0.6771753430366516,
3005,0.8141891956329346,0.6503123044967651,
3006,0.8221153616905212,0.6243515610694885,
3007,0.8307926654815674,0.5999709367752075,
3008,0.8386628031730652,0.5771185159683228,
3009,0.8458333611488342,0.5587179660797119,
3010,0.852393627166748,0.5433565378189087,
3011,0.858418345451355,0.5247203707695007,
3012,0.8639705777168274,0.5089828372001648,
3013,0.8679245114326477,0.49691393971443176,
3014,0.8727272748947144,0.48450401425361633,
3015,0.8771929740905762,0.4711344838142395,
3016,0.8813559412956238,0.45891785621643066,
3017,0.8852459192276001,0.4486427307128906,
3018,0.8888888955116272,0.4390001893043518,
3019,0.892307698726654,0.42889925837516785,
3020,0.8945895433425903,0.42082422971725464,
3021,0.8976449370384216,0.4099588990211487,
3022,0.9005281925201416,0.40253081917762756,
3023,0.903253436088562,0.3940620422363281,
3024,0.9049999713897705,0.3871157765388489,
3025,0.9074675440788269,0.37977030873298645,
3026,0.9098101258277893,0.37131738662719727,
3027,0.9120370149612427,0.36471256613731384,
3028,0.9141566157341003,0.35770508646965027,
3029,0.9161764979362488,0.35091033577919006,
3030,0.9181034564971924,0.3452472984790802,
3031,0.9199438095092773,0.33907580375671387,
3032,0.9217032790184021,0.3336651623249054,
3033,0.9233871102333069,0.3294166028499603,
3034,0.9243420958518982,0.3263000547885895,
3035,0.9259020686149597,0.3222467005252838,
3036,0.9273989796638489,0.31757983565330505,
3037,0.9288366436958313,0.31347331404685974,
3038,0.9302184581756592,0.30895596742630005,
3039,0.9309523701667786,0.3062182366847992,
3040,0.9316588640213013,0.3033556640148163,
3041,0.9329128265380859,0.29962873458862305,
3042,0.9341216087341309,0.2960715889930725,
3043,0.935287594795227,0.29260459542274475,
3044,0.936413049697876,0.29006803035736084,
3045,0.9375,0.28639060258865356,
3046,0.9385504126548767,0.28273093700408936,
3047,0.9390496015548706,0.2800801396369934,
3048,0.940040647983551,0.27718183398246765,
3049,0.940500020980835,0.2746001183986664,
3050,0.7777777910232544,0.8650052547454834,
3051,0.7909482717514038,0.8141929507255554,
3052,0.8024193644523621,0.7704054713249207,
3053,0.814393937587738,0.7316067218780518,
3054,0.824999988079071,0.6961485147476196,
3055,0.8344594836235046,0.6680695414543152,
3056,0.8429487347602844,0.6404345035552979,
3057,0.8475610017776489,0.6198079586029053,
3058,0.854651153087616,0.5952407717704773,
3059,0.8611111044883728,0.5724631547927856,
3060,0.8656914830207825,0.5530958771705627,
3061,0.8711734414100647,0.536623477935791,
3062,0.876225471496582,0.5196002125740051,
3063,0.8785377144813538,0.5087423324584961,
3064,0.8818181753158569,0.4972847104072571,
3065,0.8859649300575256,0.48313796520233154,
3066,0.8898305296897888,0.4732973277568817,
3067,0.8924180269241333,0.46337199211120605,
3068,0.8958333134651184,0.451316237449646,
3069,0.8990384340286255,0.43894344568252563,
3070,0.9020522236824036,0.42907580733299255,
3071,0.904891312122345,0.4201849102973938,
3072,0.9075704216957092,0.41116437315940857,
3073,0.909246563911438,0.4051298499107361,
3074,0.9116666913032532,0.3984045088291168,
3075,0.9139610528945923,0.39108285307884216,
3076,0.9161392450332642,0.3837287425994873,
3077,0.9182098507881165,0.3767360746860504,
3078,0.9201807379722595,0.36913248896598816,
3079,0.9220588207244873,0.3632148504257202,
3080,0.9238505959510803,0.35730433464050293,
3081,0.925561785697937,0.3515867590904236,
3082,0.9265109896659851,0.3473620116710663,
3083,0.9280914068222046,0.34330758452415466,
3084,0.92960524559021,0.3379296064376831,
3085,0.9310566782951355,0.33423784375190735,
3086,0.9318181872367859,0.3299776613712311,
3087,0.9331682920455933,0.3260107934474945,
3088,0.9344660043716431,0.32148146629333496,
3089,0.9357143044471741,0.31661176681518555,
3090,0.9363317489624023,0.31292924284935,
3091,0.9375,0.30940479040145874,
3092,0.9386261105537415,0.30478793382644653,
3093,0.939712405204773,0.30159884691238403,
3094,0.9407608509063721,0.29760998487472534,
3095,0.941773533821106,0.29448893666267395,
3096,0.9427521228790283,0.29227617383003235,
3097,0.9436983466148376,0.2895086109638214,
3098,0.9441056847572327,0.28727224469184875,
3099,0.9449999928474426,0.2849077582359314,
3100,0.7592592835426331,0.9157662987709045,
3101,0.7758620977401733,0.8622398972511292,
3102,0.7903226017951965,0.8115671277046204,
3103,0.8030303120613098,0.7675842642784119,
3104,0.8142856955528259,0.7315506935119629,
3105,0.8243243098258972,0.6959308981895447,
3106,0.8333333134651184,0.6635239720344543,
3107,0.8399389982223511,0.6394834518432617,
3108,0.8444767594337463,0.6168081164360046,
3109,0.8513888716697693,0.5932103991508484,
3110,0.8563829660415649,0.572394609451294,
3111,0.8622449040412903,0.5545897483825684,
3112,0.8664215803146362,0.5399651527404785,
3113,0.8714622855186462,0.5235393047332764,
3114,0.8761363625526428,0.5066249966621399,
3115,0.8793859481811523,0.4926431179046631,
3116,0.883474588394165,0.4823819398880005,
3117,0.8842213153839111,0.47872787714004517,
3118,0.8878968358039856,0.4669969379901886,
3119,0.8913461565971375,0.4573085904121399,
3120,0.8945895433425903,0.44967254996299744,
3121,0.8976449370384216,0.44022756814956665,
3122,0.9005281925201416,0.4304080307483673,
3123,0.903253436088562,0.4242856502532959,
3124,0.9058333039283752,0.41564688086509705,
3125,0.9082792401313782,0.4078271687030792,
3126,0.9106012582778931,0.400221049785614,
3127,0.9120370149612427,0.39337533712387085,
3128,0.9141566157341003,0.38567206263542175,
3129,0.9161764979362488,0.3801964819431305,
3130,0.9181034564971924,0.374642550945282,
3131,0.9199438095092773,0.3680326044559479,
3132,0.9217032790184021,0.36258405447006226,
3133,0.9227150678634644,0.35879623889923096,
3134,0.9236842393875122,0.35438135266304016,
3135,0.9252577424049377,0.3490106761455536,
3136,0.9267676472663879,0.34333693981170654,
3137,0.9282178282737732,0.3382243514060974,
3138,0.9290048480033875,0.3339642882347107,
3139,0.9303571581840515,0.3297790288925171,
3140,0.9316588640213013,0.32461315393447876,
3141,0.9329128265380859,0.3209090232849121,
3142,0.9341216087341309,0.3170495629310608,
3143,0.9347345232963562,0.31432271003723145,
3144,0.935326099395752,0.3115016222000122,
3145,0.9358974099159241,0.3079400360584259,
3146,0.9369747638702393,0.30372095108032227,
3147,0.9375,0.3002420663833618,
3148,0.9385162591934204,0.29642730951309204,
3149,0.9390000104904175,0.293496310710907,
3150,0.7662037014961243,0.8533170223236084,
3151,0.7823275923728943,0.7989089488983154,
3152,0.7963709831237793,0.7577216625213623,
3153,0.8087121248245239,0.7211741805076599,
3154,0.8196428418159485,0.6893583536148071,
3155,0.8293918967247009,0.6561267375946045,
3156,0.8365384340286255,0.6313254237174988,
3157,0.8429877758026123,0.6064165830612183,
3158,0.8502907156944275,0.5815815329551697,
3159,0.8569444417953491,0.5612618923187256,
3160,0.8630319237709045,0.5415645241737366,
3161,0.8686224222183228,0.522172749042511,
3162,0.873774528503418,0.5058581233024597,
3163,0.8785377144813538,0.4887639284133911,
3164,0.8829545378684998,0.4745505154132843,
3165,0.8870614171028137,0.46332383155822754,
3166,0.8908898234367371,0.4516099691390991,
3167,0.8934426307678223,0.44318336248397827,
3168,0.89682537317276,0.4345071315765381,
3169,0.8999999761581421,0.4247634708881378,
3170,0.9020522236824036,0.4154830873012543,
3171,0.904891312122345,0.4060407876968384,
3172,0.9058098793029785,0.3993171155452728,
3173,0.9083904027938843,0.39140409231185913,
3174,0.9108333587646484,0.3835333287715912,
3175,0.9123376607894897,0.37653037905693054,
3176,0.9137658476829529,0.37089043855667114,
3177,0.9158950448036194,0.3639470338821411,
3178,0.9171686768531799,0.3583889305591583,
3179,0.9183823466300964,0.353401780128479,
3180,0.920258641242981,0.3486219346523285,
3181,0.9220505356788635,0.3440680205821991,
3182,0.9237637519836426,0.33938905596733093,
3183,0.9254032373428345,0.33347558975219727,
3184,0.9263157844543457,0.3288739323616028,
3185,0.9278350472450256,0.3233146071434021,
3186,0.9286616444587708,0.31984972953796387,
3187,0.9300742745399475,0.31511202454566956,
3188,0.9314320683479309,0.3107040822505951,
3189,0.9327380657196045,0.3067784905433655,
3190,0.9339953064918518,0.3026355504989624,
3191,0.935206413269043,0.2983798086643219,
3192,0.9363738894462585,0.2955254018306732,
3193,0.9375,0.2923513352870941,
3194,0.938586950302124,0.2898105978965759,
3195,0.9385683536529541,0.2886958718299866,
3196,0.9390756487846375,0.28605908155441284,
3197,0.9400826692581177,0.2833232581615448,
3198,0.9405487775802612,0.28120964765548706,
3199,0.9415000081062317,0.27758097648620605,
3200,0.7754629850387573,0.8302931189537048,
3201,0.7909482717514038,0.7780269980430603,
3202,0.8044354915618896,0.7342259287834167,
3203,0.814393937587738,0.6975558996200562,
3204,0.824999988079071,0.6598520278930664,
3205,0.8344594836235046,0.6321343183517456,
3206,0.8413461446762085,0.6075261235237122,
3207,0.8475610017776489,0.5909866690635681,
3208,0.854651153087616,0.5683808922767639,
3209,0.8597221970558167,0.5524692535400391,
3210,0.8656914830207825,0.5347533226013184,
3211,0.8698979616165161,0.5184416770935059,
3212,0.875,0.5031538009643555,
3213,0.8797169923782349,0.4863910377025604,
3214,0.8840909004211426,0.4730375111103058,
3215,0.8881579041481018,0.4584260880947113,
3216,0.8919491767883301,0.44543662667274475,
3217,0.8944672346115112,0.43617141246795654,
3218,0.8978174328804016,0.42427685856819153,
3219,0.9009615182876587,0.4142114222049713,
3220,0.9039179086685181,0.40493226051330566,
3221,0.9067028760910034,0.3976873457431793,
3222,0.9093309640884399,0.38892465829849243,
3223,0.9118150472640991,0.38110023736953735,
3224,0.9141666889190674,0.37285158038139343,
3225,0.9163960814476013,0.36561208963394165,
3226,0.9185126423835754,0.359651118516922,
3227,0.9197530746459961,0.35503432154655457,
3228,0.9216867685317993,0.3478977382183075,
3229,0.9227941036224365,0.3446291983127594,
3230,0.9224137663841248,0.3420860767364502,
3231,0.9241573214530945,0.33647632598876953,
3232,0.9258241653442383,0.33110538125038147,
3233,0.9274193644523621,0.32720082998275757,
3234,0.928947389125824,0.32305529713630676,
3235,0.9304123520851135,0.31790533661842346,
3236,0.9318181872367859,0.3143138587474823,
3237,0.9331682920455933,0.31028488278388977,
3238,0.9344660043716431,0.3060157597064972,
3239,0.9357143044471741,0.3016420602798462,
3240,0.9369158744812012,0.2981705665588379,
3241,0.9380733966827393,0.29589641094207764,
3242,0.9391891956329346,0.29271408915519714,
3243,0.9402654767036438,0.28918948769569397,
3244,0.9407608509063721,0.2876451015472412,
3245,0.941773533821106,0.28428471088409424,
3246,0.9427521228790283,0.28132814168930054,
3247,0.9436983466148376,0.27836140990257263,
3248,0.9446138143539429,0.27598312497138977,
3249,0.9455000162124634,0.2739965617656708,
3250,0.7870370149612427,0.8852347731590271,
3251,0.7995689511299133,0.8309592604637146,
3252,0.8125,0.787251889705658,
3253,0.8238636255264282,0.7459308505058289,
3254,0.8321428298950195,0.7113934755325317,
3255,0.8412162065505981,0.6793771982192993,
3256,0.8477563858032227,0.6526928544044495,
3257,0.8536585569381714,0.6280059218406677,
3258,0.8604651093482971,0.6040481925010681,
3259,0.8666666746139526,0.5805866718292236,
3260,0.8723404407501221,0.5582379102706909,
3261,0.8762755393981934,0.5404509902000427,
3262,0.8799019455909729,0.5254359245300293,
3263,0.8844339847564697,0.5095978379249573,
3264,0.8886363506317139,0.4955728352069855,
3265,0.8925438523292542,0.48180902004241943,
3266,0.8951271176338196,0.4708215892314911,
3267,0.8965163826942444,0.46313467621803284,
3268,0.8998016119003296,0.4518865942955017,
3269,0.9028846025466919,0.44137316942214966,
3270,0.9048507213592529,0.43196579813957214,
3271,0.907608687877655,0.42214423418045044,
3272,0.9102112650871277,0.411658376455307,
3273,0.9126712083816528,0.40349653363227844,
3274,0.9150000214576721,0.3972848355770111,
3275,0.9155844449996948,0.3929867148399353,
3276,0.9169303774833679,0.3869604468345642,
3277,0.9189814925193787,0.378925085067749,
3278,0.920933723449707,0.3721228837966919,
3279,0.9220588207244873,0.36772236227989197,
3280,0.9238505959510803,0.3610333502292633,
3281,0.925561785697937,0.35505497455596924,
3282,0.9271978139877319,0.3492725193500519,
3283,0.9287634491920471,0.3440626561641693,
3284,0.9302631616592407,0.3389737606048584,
3285,0.9317010045051575,0.3331330716609955,
3286,0.933080792427063,0.3281310796737671,
3287,0.9344059228897095,0.32377782464027405,
3288,0.9356796145439148,0.3189992308616638,
3289,0.936904788017273,0.31383875012397766,
3290,0.9380841255187988,0.3095754086971283,
3291,0.9392201900482178,0.3061124086380005,
3292,0.9397522807121277,0.3024559020996094,
3293,0.9408186078071594,0.2985653281211853,
3294,0.9418478012084961,0.2949405312538147,
3295,0.9428418874740601,0.29214033484458923,
3296,0.943802535533905,0.28884196281433105,
3297,0.9442148804664612,0.2862410545349121,
3298,0.9446138143539429,0.2838568091392517,
3299,0.9449999928474426,0.28149792551994324,
3300,0.7800925970077515,0.8608063459396362,
3301,0.7931034564971924,0.8146803379058838,
3302,0.8064516186714172,0.7668061852455139,
3303,0.8181818127632141,0.7276381850242615,
3304,0.8267857432365417,0.6985653042793274,
3305,0.8361486196517944,0.6660394668579102,
3306,0.8445512652397156,0.6355764865875244,
3307,0.8521341681480408,0.6105071902275085,
3308,0.8590116500854492,0.584860622882843,
3309,0.8652777671813965,0.5639621019363403,
3310,0.8710106611251831,0.5427184700965881,
3311,0.875,0.5241895318031311,
3312,0.8799019455909729,0.5084137916564941,
3313,0.8844339847564697,0.49229443073272705,
3314,0.8886363506317139,0.4782780408859253,
3315,0.8925438523292542,0.4646052420139313,
3316,0.8951271176338196,0.45250198245048523,
3317,0.8985655903816223,0.442258358001709,
3318,0.9017857313156128,0.43114611506462097,
3319,0.9048076868057251,0.42200788855552673,
3320,0.9076492786407471,0.4142553210258484,
3321,0.907608687877655,0.4113099277019501,
3322,0.9102112650871277,0.40308475494384766,
3323,0.9126712083816528,0.39464902877807617,
3324,0.9150000214576721,0.3875582814216614,
3325,0.9155844449996948,0.3815779387950897,
3326,0.9177215099334717,0.3767586350440979,
3327,0.9182098507881165,0.3732262849807739,
3328,0.9201807379722595,0.36583322286605835,
3329,0.9213235378265381,0.3613303303718567,
3330,0.9231321811676025,0.3550841808319092,
3331,0.9248595237731934,0.34879302978515625,
3332,0.9265109896659851,0.3449747562408447,
3333,0.9280914068222046,0.34046727418899536,
3334,0.928947389125824,0.33710283041000366,
3335,0.9304123520851135,0.332804411649704,
3336,0.9318181872367859,0.3274265229701996,
3337,0.9331682920455933,0.32276424765586853,
3338,0.9338592290878296,0.3193484842777252,
3339,0.9351190328598022,0.31543827056884766,
3340,0.9363317489624023,0.31093117594718933,
3341,0.9375,0.3064562976360321,
3342,0.9380630850791931,0.30362650752067566,
3343,0.9391592741012573,0.3003046214580536,
3344,0.9402173757553101,0.2966567575931549,
3345,0.9412392973899841,0.2933332026004791,
3346,0.9422268867492676,0.2893669307231903,
3347,0.9431818127632141,0.2867891788482666,
3348,0.9441056847572327,0.28473347425460815,
3349,0.9445000290870667,0.2817671000957489,
3350,0.7754629850387573,0.8552070260047913,
3351,0.7909482717514038,0.8035457730293274,
3352,0.8044354915618896,0.756315290927887,
3353,0.814393937587738,0.7177422642707825,
3354,0.824999988079071,0.6791200637817383,
3355,0.8344594836235046,0.6454564929008484,
3356,0.8429487347602844,0.6178554892539978,
3357,0.8490853905677795,0.5960965752601624,
3358,0.8561046719551086,0.5715852379798889,
3359,0.862500011920929,0.5512858033180237,
3360,0.8683510422706604,0.5314784646034241,
3361,0.8737244606018066,0.5123331546783447,
3362,0.8786764740943909,0.49519771337509155,
3363,0.8832547068595886,0.4802391231060028,
3364,0.8863636255264282,0.471531480550766,
3365,0.890350878238678,0.4579012989997864,
3366,0.8940678238868713,0.44438451528549194,
3367,0.8975409865379333,0.43267786502838135,
3368,0.9007936716079712,0.42136436700820923,
3369,0.9038461446762085,0.41102081537246704,
3370,0.9057835936546326,0.4025098383426666,
3371,0.9067028760910034,0.39507246017456055,
3372,0.9093309640884399,0.3866139352321625,
3373,0.9118150472640991,0.3801448941230774,
3374,0.9141666889190674,0.37354373931884766,
3375,0.9155844449996948,0.36754515767097473,
3376,0.9169303774833679,0.3638956844806671,
3377,0.9189814925193787,0.3568790555000305,
3378,0.920933723449707,0.35153788328170776,
3379,0.9227941036224365,0.34557104110717773,
3380,0.9238505959510803,0.34077000617980957,
3381,0.9248595237731934,0.33571484684944153,
3382,0.9258241653442383,0.33090636134147644,
3383,0.9267473220825195,0.3271045684814453,
3384,0.9282894730567932,0.3220862150192261,
3385,0.9297680258750916,0.3174835741519928,
3386,0.9305555820465088,0.31301042437553406,
3387,0.9319307208061218,0.30861377716064453,
3388,0.9320388436317444,0.30541032552719116,
3389,0.9327380657196045,0.30253854393959045,
3390,0.9334112405776978,0.29866543412208557,
3391,0.9346330165863037,0.29508188366889954,
3392,0.9358108043670654,0.29243743419647217,
3393,0.9369469285011292,0.2885482609272003,
3394,0.9375,0.28543564677238464,
3395,0.9385683536529541,0.28260523080825806,
3396,0.9396008253097534,0.27977636456489563,
3397,0.9405992031097412,0.2772330939769745,
3398,0.9415650367736816,0.27365708351135254,
3399,0.9424999952316284,0.27220451831817627,
3400,0.7615740895271301,0.8625121116638184,
3401,0.7780172228813171,0.8096872568130493,
3402,0.7923387289047241,0.7647778987884521,
3403,0.8049242496490479,0.7255818843841553,
3404,0.8160714507102966,0.6915358901023865,
3405,0.8243243098258972,0.6633095741271973,
3406,0.8333333134651184,0.6336376667022705,
3407,0.8414633870124817,0.6057515740394592,
3408,0.8488371968269348,0.5815494060516357,
3409,0.855555534362793,0.5606560111045837,
3410,0.8603723645210266,0.5422981381416321,
3411,0.8647959232330322,0.5270689129829407,
3412,0.8700980544090271,0.509682297706604,
3413,0.875,0.49316367506980896,
3414,0.8795454502105713,0.4765816628932953,
3415,0.8837719559669495,0.4625050127506256,
3416,0.8877118825912476,0.45060354471206665,
3417,0.8903688788414001,0.442159503698349,
3418,0.8938491940498352,0.4314570426940918,
3419,0.8971154093742371,0.42074254155158997,
3420,0.9001865386962891,0.40993109345436096,
3421,0.9021739363670349,0.40320977568626404,
3422,0.9049295783042908,0.39568015933036804,
3423,0.9075342416763306,0.38715997338294983,
3424,0.9100000262260437,0.37954190373420715,
3425,0.9123376607894897,0.37344661355018616,
3426,0.9145569801330566,0.3670732378959656,
3427,0.9166666865348816,0.36016151309013367,
3428,0.9186747074127197,0.3533387780189514,
3429,0.9198529124259949,0.3473149240016937,
3430,0.920976996421814,0.3422835171222687,
3431,0.9227527976036072,0.3378530740737915,
3432,0.9244505763053894,0.33357152342796326,
3433,0.926075279712677,0.3293296992778778,
3434,0.9276315569877625,0.3244927227497101,
3435,0.9291236996650696,0.3191428780555725,
3436,0.9305555820465088,0.3143231272697449,
3437,0.9319307208061218,0.31104886531829834,
3438,0.9332524538040161,0.3063419759273529,
3439,0.9345238208770752,0.3020375669002533,
3440,0.9357476830482483,0.2983730435371399,
3441,0.9369266033172607,0.2951940894126892,
3442,0.9380630850791931,0.292162150144577,
3443,0.9391592741012573,0.2890624701976776,
3444,0.9402173757553101,0.2848977744579315,
3445,0.9412392973899841,0.2821701467037201,
3446,0.9422268867492676,0.2791380286216736,
3447,0.9431818127632141,0.2756730616092682,
3448,0.9441056847572327,0.27305081486701965,
3449,0.9449999928474426,0.26992541551589966,
3450,0.7662037014961243,0.8333743810653687,
3451,0.7823275923728943,0.7812225222587585,
3452,0.7963709831237793,0.7335994243621826,
3453,0.8087121248245239,0.6935177445411682,
3454,0.8196428418159485,0.6589148044586182,
3455,0.8293918967247009,0.6284887790679932,
3456,0.8381410241127014,0.6008958220481873,
3457,0.8460366129875183,0.576569139957428,
3458,0.8531976938247681,0.5529946684837341,
3459,0.8597221970558167,0.5321788787841797,
3460,0.8656914830207825,0.5132594704627991,
3461,0.8711734414100647,0.49666234850883484,
3462,0.876225471496582,0.4807688891887665,
3463,0.8808962106704712,0.46516862511634827,
3464,0.8852272629737854,0.4507899582386017,
3465,0.8881579041481018,0.4401816427707672,
3466,0.8919491767883301,0.4289588928222656,
3467,0.8944672346115112,0.4208417236804962,
3468,0.8978174328804016,0.4114207625389099,
3469,0.9009615182876587,0.4008004367351532,
3470,0.9039179086685181,0.39084333181381226,
3471,0.9067028760910034,0.38282227516174316,
3472,0.9093309640884399,0.37405499815940857,
3473,0.9118150472640991,0.365121990442276,
3474,0.9141666889190674,0.3574294149875641,
3475,0.9163960814476013,0.3516012728214264,
3476,0.9185126423835754,0.34472784399986267,
3477,0.9205247163772583,0.33728450536727905,
3478,0.9224397540092468,0.33300623297691345,
3479,0.9242647290229797,0.32670435309410095,
3480,0.9252873659133911,0.3223850727081299,
3481,0.9269663095474243,0.3174537718296051,
3482,0.9285714030265808,0.31176358461380005,
3483,0.9294354915618896,0.3075518310070038,
3484,0.9309210777282715,0.3025813400745392,
3485,0.9323453903198242,0.29769042134284973,
3486,0.9337121248245239,0.2931740880012512,
3487,0.9350247383117676,0.2894411087036133,
3488,0.9362863898277283,0.2854802906513214,
3489,0.9375,0.28160515427589417,
3490,0.9386682510375977,0.27755898237228394,
3491,0.939793586730957,0.273911714553833,
3492,0.9408783912658691,0.27062031626701355,
3493,0.9419247508049011,0.2675694525241852,
3494,0.9429348111152649,0.2645229697227478,
3495,0.9439102411270142,0.2611272633075714,
3496,0.9448529481887817,0.2585548162460327,
3497,0.9457644820213318,0.2556326389312744,
3498,0.9466463327407837,0.25274038314819336,
3499,0.9474999904632568,0.2502627670764923,
3500,0.7569444179534912,0.8936402797698975,
3501,0.7737069129943848,0.8402349948883057,
3502,0.788306474685669,0.7906113266944885,
3503,0.8011363744735718,0.746147632598877,
3504,0.8107143044471741,0.7111544609069824,
3505,0.8209459185600281,0.6772225499153137,
3506,0.8301281929016113,0.645300030708313,
3507,0.8384146094322205,0.6188666820526123,
3508,0.8430232405662537,0.5982526540756226,
3509,0.8500000238418579,0.5746030807495117,
3510,0.8563829660415649,0.5528791546821594,
3511,0.8622449040412903,0.5326609015464783,
3512,0.8676470518112183,0.5178425908088684,
3513,0.8714622855186462,0.502805769443512,
3514,0.8761363625526428,0.48756834864616394,
3515,0.8782894611358643,0.4776292145252228,
3516,0.882415235042572,0.4647059440612793,
3517,0.8862704634666443,0.4524373710155487,
3518,0.8888888955116272,0.44294965267181396,
3519,0.8913461565971375,0.43832844495773315,
3520,0.8945895433425903,0.4288964569568634,
3521,0.8976449370384216,0.41896796226501465,
3522,0.9005281925201416,0.4103626608848572,
3523,0.903253436088562,0.40135034918785095,
3524,0.9058333039283752,0.39206355810165405,
3525,0.9082792401313782,0.38402214646339417,
3526,0.9106012582778931,0.3764116168022156,
3527,0.9128086566925049,0.36932867765426636,
3528,0.9149096608161926,0.36183732748031616,
3529,0.916911780834198,0.3554823696613312,
3530,0.9188218116760254,0.3499089181423187,
3531,0.920646071434021,0.34385785460472107,
3532,0.9223901033401489,0.3390595316886902,
3533,0.9240591526031494,0.33415132761001587,
3534,0.9256578683853149,0.3291587233543396,
3535,0.9271907210350037,0.32344865798950195,
3536,0.9286616444587708,0.31850457191467285,
3537,0.9300742745399475,0.31377851963043213,
3538,0.9308252334594727,0.31258031725883484,
3539,0.9321428537368774,0.30860599875450134,
3540,0.9334112405776978,0.30376508831977844,
3541,0.9346330165863037,0.2990160286426544,
3542,0.9358108043670654,0.2949247658252716,
3543,0.9369469285011292,0.29072850942611694,
3544,0.938043475151062,0.2888867259025574,
3545,0.9385683536529541,0.28564924001693726,
3546,0.9390756487846375,0.2830534279346466,
3547,0.9400826692581177,0.27921316027641296,
3548,0.9410569071769714,0.2761830687522888,
3549,0.9419999718666077,0.2735145688056946,
3550,0.7754629850387573,0.8540101051330566,
3551,0.7909482717514038,0.8043686151504517,
3552,0.8044354915618896,0.7582599520683289,
3553,0.814393937587738,0.7184388637542725,
3554,0.824999988079071,0.6818440556526184,
3555,0.8327702879905701,0.6522701382637024,
3556,0.8413461446762085,0.6239259839057922,
3557,0.8490853905677795,0.5970408916473389,
3558,0.8561046719551086,0.5725811123847961,
3559,0.862500011920929,0.553706169128418,
3560,0.8683510422706604,0.5322667956352234,
3561,0.8724489808082581,0.5182102918624878,
3562,0.876225471496582,0.5088173151016235,
3563,0.8808962106704712,0.49343782663345337,
3564,0.8840909004211426,0.4808523654937744,
3565,0.8870614171028137,0.4668924808502197,
3566,0.8908898234367371,0.4553785026073456,
3567,0.8944672346115112,0.4434322416782379,
3568,0.8978174328804016,0.43138349056243896,
3569,0.9009615182876587,0.42138218879699707,
3570,0.9029850959777832,0.4126183092594147,
3571,0.9057971239089966,0.40253815054893494,
3572,0.908450722694397,0.3940010368824005,
3573,0.9109588861465454,0.38509929180145264,
3574,0.9133333563804626,0.3775370717048645,
3575,0.9147727489471436,0.37037038803100586,
3576,0.9153481125831604,0.36587169766426086,
3577,0.917438268661499,0.358464777469635,
3578,0.9194276928901672,0.3530232310295105,
3579,0.9205882549285889,0.3497316539287567,
3580,0.9224137663841248,0.34400248527526855,
3581,0.9241573214530945,0.3399720788002014,
3582,0.9251373410224915,0.3345860540866852,
3583,0.9267473220825195,0.32958608865737915,
3584,0.9282894730567932,0.325844407081604,
3585,0.9297680258750916,0.3212100863456726,
3586,0.931186854839325,0.31700363755226135,
3587,0.9325494766235352,0.311819463968277,
3588,0.9338592290878296,0.30765172839164734,
3589,0.9351190328598022,0.30304190516471863,
3590,0.9363317489624023,0.2993355989456177,
3591,0.9369266033172607,0.2984797954559326,
3592,0.9380630850791931,0.2951985001564026,
3593,0.9386062026023865,0.2915242910385132,
3594,0.939673900604248,0.2876330316066742,
3595,0.9407051205635071,0.2838349938392639,
3596,0.9417017102241516,0.2817429006099701,
3597,0.942148745059967,0.28129127621650696,
3598,0.942581295967102,0.2793962061405182,
3599,0.9434999823570251,0.27796119451522827,
3600,0.7916666865348816,0.8518574237823486,
3601,0.806034505367279,0.8043481111526489,
3602,0.8185483813285828,0.7586352825164795,
3603,0.8295454382896423,0.7185467481613159,
3604,0.8392857313156128,0.6823380589485168,
3605,0.8479729890823364,0.6492266654968262,
3606,0.8541666865348816,0.6198114156723022,
3607,0.8612805008888245,0.5932736992835999,
3608,0.867732584476471,0.5684784054756165,
3609,0.8736110925674438,0.5464542508125305,
3610,0.8776595592498779,0.5278814435005188,
3611,0.8826530575752258,0.5104261636734009,
3612,0.8872548937797546,0.49412086606025696,
3613,0.8915094137191772,0.47890955209732056,
3614,0.8954545259475708,0.4641537070274353,
3615,0.8991228342056274,0.4511706233024597,
3616,0.9025423526763916,0.4387509226799011,
3617,0.9057376980781555,0.4268181025981903,
3618,0.908730149269104,0.4164707064628601,
3619,0.9115384817123413,0.4050835371017456,
3620,0.9141790866851807,0.39560559391975403,
3621,0.9166666865348816,0.38673892617225647,
3622,0.9190140962600708,0.37938809394836426,
3623,0.920376718044281,0.37230566143989563,
3624,0.9225000143051147,0.36442261934280396,
3625,0.9245129823684692,0.3571901321411133,
3626,0.9264240264892578,0.3494579493999481,
3627,0.9282407164573669,0.34238338470458984,
3628,0.9292168617248535,0.337948203086853,
3629,0.9308823347091675,0.3318910002708435,
3630,0.9317528605461121,0.3277755081653595,
3631,0.9332864880561829,0.32289615273475647,
3632,0.9347527623176575,0.3171631693840027,
3633,0.9354838728904724,0.3119104504585266,
3634,0.9361842274665833,0.30681657791137695,
3635,0.9375,0.3017054796218872,
3636,0.9387626051902771,0.29740074276924133,
3637,0.9399752616882324,0.2932703495025635,
3638,0.9405339956283569,0.2909765839576721,
3639,0.9416666626930237,0.28710711002349854,
3640,0.9427570104598999,0.28359925746917725,
3641,0.9438073635101318,0.2804129123687744,
3642,0.9448198080062866,0.27665525674819946,
3643,0.9457964897155762,0.2726519703865051,
3644,0.946739137172699,0.2687927484512329,
3645,0.9476495981216431,0.2654002606868744,
3646,0.9485294222831726,0.26305222511291504,
3647,0.9493801593780518,0.26013508439064026,
3648,0.9496951103210449,0.25761741399765015,
3649,0.9505000114440918,0.2542140781879425,
3650,0.7685185074806213,0.8769123554229736,
3651,0.7844827771186829,0.8253374695777893,
3652,0.7983871102333069,0.7785391211509705,
3653,0.810606062412262,0.739334225654602,
3654,0.8214285969734192,0.7090761065483093,
3655,0.8310810923576355,0.6764857769012451,
3656,0.8397436141967773,0.6458248496055603,
3657,0.8475610017776489,0.6220887899398804,
3658,0.854651153087616,0.5951445698738098,
3659,0.8611111044883728,0.5711141228675842,
3660,0.8670212626457214,0.551533043384552,
3661,0.8724489808082581,0.5318511724472046,
3662,0.8774510025978088,0.5132322311401367,
3663,0.8820754885673523,0.496368944644928,
3664,0.8863636255264282,0.48128917813301086,
3665,0.890350878238678,0.46691209077835083,
3666,0.8940678238868713,0.4533126950263977,
3667,0.8975409865379333,0.44207093119621277,
3668,0.9007936716079712,0.43052762746810913,
3669,0.9038461446762085,0.4215618073940277,
3670,0.9067164063453674,0.4114686846733093,
3671,0.9094203114509583,0.40126392245292664,
3672,0.9119718074798584,0.3934360146522522,
3673,0.9135273694992065,0.3862994611263275,
3674,0.9158333539962769,0.37962806224823,
3675,0.9172077775001526,0.3721110224723816,
3676,0.9177215099334717,0.36645737290382385,
3677,0.9189814925193787,0.3629732131958008,
3678,0.920933723449707,0.3556193709373474,
3679,0.9227941036224365,0.34849467873573303,
3680,0.9245689511299133,0.34325867891311646,
3681,0.9262640476226807,0.3383435606956482,
3682,0.9278846383094788,0.3324868679046631,
3683,0.9294354915618896,0.3272876441478729,
3684,0.9302631616592407,0.3226785361766815,
3685,0.9317010045051575,0.31993961334228516,
3686,0.933080792427063,0.31476321816444397,
3687,0.9331682920455933,0.31098851561546326,
3688,0.9344660043716431,0.30605706572532654,
3689,0.9357143044471741,0.30188626050949097,
3690,0.9369158744812012,0.29770901799201965,
3691,0.9380733966827393,0.29358479380607605,
3692,0.9391891956329346,0.28994810581207275,
3693,0.9402654767036438,0.28725025057792664,
3694,0.9413043260574341,0.2840409576892853,
3695,0.942307710647583,0.28085091710090637,
3696,0.9427521228790283,0.27758365869522095,
3697,0.9436983466148376,0.27426570653915405,
3698,0.9441056847572327,0.27221307158470154,
3699,0.9449999928474426,0.26924821734428406,
3700,0.7754629850387573,0.8170216083526611,
3701,0.7909482717514038,0.7652802467346191,
3702,0.8024193644523621,0.729325532913208,
3703,0.814393937587738,0.691464900970459,
3704,0.824999988079071,0.6550772786140442,
3705,0.8344594836235046,0.6264296770095825,
3706,0.8429487347602844,0.598374605178833,
3707,0.8506097793579102,0.5714694857597351,
3708,0.8575581312179565,0.5491560101509094,
3709,0.8638888597488403,0.5273784399032593,
3710,0.8683510422706604,0.510144054889679,
3711,0.8737244606018066,0.49208009243011475,
3712,0.8786764740943909,0.47564464807510376,
3713,0.8832547068595886,0.46120285987854004,
3714,0.887499988079071,0.4476938843727112,
3715,0.8914473652839661,0.4349566698074341,
3716,0.8951271176338196,0.4228820204734802,
3717,0.8985655903816223,0.4126788377761841,
3718,0.9017857313156128,0.40346187353134155,
3719,0.9048076868057251,0.39363524317741394,
3720,0.9076492786407471,0.383715957403183,
3721,0.9103260636329651,0.37500813603401184,
3722,0.9119718074798584,0.3678760528564453,
3723,0.914383590221405,0.35962772369384766,
3724,0.9166666865348816,0.3526887893676758,
3725,0.9188311696052551,0.34599679708480835,
3726,0.9208860993385315,0.3397757112979889,
3727,0.9228395223617554,0.3339633345603943,
3728,0.9246987700462341,0.3285791277885437,
3729,0.9264705777168274,0.32284319400787354,
3730,0.9281609058380127,0.31762412190437317,
3731,0.9297752976417542,0.311651349067688,
3732,0.9313187003135681,0.3069612681865692,
3733,0.9327957034111023,0.30196771025657654,
3734,0.933552622795105,0.29982978105545044,
3735,0.9349226951599121,0.29602453112602234,
3736,0.935606062412262,0.2923923432826996,
3737,0.9368811845779419,0.28813111782073975,
3738,0.9381067752838135,0.28372934460639954,
3739,0.9392856955528259,0.279465913772583,
3740,0.9404205679893494,0.27646493911743164,
3741,0.9415137767791748,0.2728012800216675,
3742,0.9420045018196106,0.2715684473514557,
3743,0.9430309534072876,0.26807156205177307,
3744,0.9434782862663269,0.26732099056243896,
3745,0.9444444179534912,0.26366811990737915,
3746,0.9448529481887817,0.26144978404045105,
3747,0.9457644820213318,0.25833654403686523,
3748,0.9466463327407837,0.25568050146102905,
3749,0.9474999904632568,0.2529647648334503,
3750,0.7847222089767456,0.832070529460907,
3751,0.7995689511299133,0.7807335257530212,
3752,0.8125,0.7350512146949768,
3753,0.8238636255264282,0.6964153051376343,
3754,0.8339285850524902,0.6632367372512817,
3755,0.8429054021835327,0.6321813464164734,
3756,0.8509615659713745,0.6044989228248596,
3757,0.8582317233085632,0.5780767202377319,
3758,0.8648256063461304,0.5534641146659851,
3759,0.8708333373069763,0.5332289338111877,
3760,0.876329779624939,0.5143445730209351,
3761,0.8813775777816772,0.49881690740585327,
3762,0.8860294222831726,0.4826306402683258,
3763,0.8903301954269409,0.46830448508262634,
3764,0.894318163394928,0.45722877979278564,
3765,0.8980262875556946,0.44332367181777954,
3766,0.9004237055778503,0.43380844593048096,
3767,0.9036885499954224,0.42204418778419495,
3768,0.9067460298538208,0.4112056493759155,
3769,0.9096153974533081,0.4005468189716339,
3770,0.9113805890083313,0.3910502791404724,
3771,0.9139492511749268,0.38225165009498596,
3772,0.9163732528686523,0.3729934096336365,
3773,0.9186643958091736,0.36709603667259216,
3774,0.9208333492279053,0.3590836524963379,
3775,0.9220778942108154,0.3530302345752716,
3776,0.9240506291389465,0.34605228900909424,
3777,0.9251543283462524,0.34011903405189514,
3778,0.9269578456878662,0.33316850662231445,
3779,0.9286764860153198,0.3282085359096527,
3780,0.9303160905838013,0.32271671295166016,
3781,0.9318820238113403,0.31771886348724365,
3782,0.9333791136741638,0.3131971061229706,
3783,0.9348118305206299,0.3081662654876709,
3784,0.9361842274665833,0.30296704173088074,
3785,0.9375,0.29873600602149963,
3786,0.9387626051902771,0.2943125367164612,
3787,0.9399752616882324,0.28972163796424866,
3788,0.9411407709121704,0.28543922305107117,
3789,0.9422619342803955,0.28117239475250244,
3790,0.9433411359786987,0.27756714820861816,
3791,0.9443807601928711,0.27365079522132874,
3792,0.9453828930854797,0.270053505897522,
3793,0.946349561214447,0.2658791244029999,
3794,0.946739137172699,0.26367053389549255,
3795,0.9476495981216431,0.260794073343277,
3796,0.9480041861534119,0.25814151763916016,
3797,0.9488636255264282,0.2552418112754822,
3798,0.9496951103210449,0.25223514437675476,
3799,0.9505000114440918,0.24930430948734283,
3800,0.7754629850387573,0.833801805973053,
3801,0.7909482717514038,0.7818728685379028,
3802,0.8044354915618896,0.7371591329574585,
3803,0.814393937587738,0.6999038457870483,
3804,0.824999988079071,0.6634799838066101,
3805,0.8327702879905701,0.6373109817504883,
3806,0.8413461446762085,0.6093286275863647,
3807,0.8490853905677795,0.5824482440948486,
3808,0.8561046719551086,0.559077799320221,
3809,0.862500011920929,0.5393586158752441,
3810,0.8683510422706604,0.5184415578842163,
3811,0.8737244606018066,0.5004413723945618,
3812,0.8774510025978088,0.4889858067035675,
3813,0.8820754885673523,0.47275424003601074,
3814,0.8863636255264282,0.45814213156700134,
3815,0.890350878238678,0.4451838433742523,
3816,0.8940678238868713,0.4334913492202759,
3817,0.8965163826942444,0.42515942454338074,
3818,0.898809552192688,0.4150717854499817,
3819,0.9019230604171753,0.40535518527030945,
3820,0.9039179086685181,0.39679908752441406,
3821,0.9067028760910034,0.38747116923332214,
3822,0.9093309640884399,0.3786527216434479,
3823,0.9118150472640991,0.3707154095172882,
3824,0.9141666889190674,0.3645485043525696,
3825,0.9163960814476013,0.357098788022995,
3826,0.9185126423835754,0.35092756152153015,
3827,0.9205247163772583,0.3450804352760315,
3828,0.9224397540092468,0.33854198455810547,
3829,0.9242647290229797,0.33264756202697754,
3830,0.9260057210922241,0.32621505856513977,
3831,0.9276685118675232,0.32069510221481323,
3832,0.9292582273483276,0.3155345916748047,
3833,0.9307795763015747,0.31044289469718933,
3834,0.9322368502616882,0.30580833554267883,
3835,0.9336340427398682,0.30129557847976685,
3836,0.934974730014801,0.2967676818370819,
3837,0.9356435537338257,0.2929328382015228,
3838,0.9368932247161865,0.289222776889801,
3839,0.938095211982727,0.28470516204833984,
3840,0.9392523169517517,0.2809528708457947,
3841,0.9403669834136963,0.27746453881263733,
3842,0.9414414167404175,0.2732478678226471,
3843,0.9424778819084167,0.26987770199775696,
3844,0.9434782862663269,0.26647287607192993,
3845,0.9439102411270142,0.2642844021320343,
3846,0.9448529481887817,0.2615432143211365,
3847,0.9457644820213318,0.2589193284511566,
3848,0.9461382031440735,0.2565040588378906,
3849,0.9470000267028809,0.25404226779937744,
3850,0.7893518805503845,0.8078433871269226,
3851,0.8038793206214905,0.7559452652931213,
3852,0.8145161271095276,0.7163655161857605,
3853,0.8257575631141663,0.6778845191001892,
3854,0.8357142806053162,0.6449944972991943,
3855,0.8429054021835327,0.6158977150917053,
3856,0.8509615659713745,0.5923112034797668,
3857,0.8582317233085632,0.5682339668273926,
3858,0.8648256063461304,0.5443454384803772,
3859,0.8708333373069763,0.5245079398155212,
3860,0.876329779624939,0.5063886046409607,
3861,0.8813775777816772,0.48783648014068604,
3862,0.8848039507865906,0.47589462995529175,
3863,0.8891509175300598,0.46204596757888794,
3864,0.8931818008422852,0.4502054452896118,
3865,0.8969298005104065,0.4371781647205353,
3866,0.9004237055778503,0.4265986382961273,
3867,0.9036885499954224,0.41547924280166626,
3868,0.9067460298538208,0.4050266146659851,
3869,0.9096153974533081,0.39607512950897217,
3870,0.9123134613037109,0.3861671984195709,
3871,0.9139492511749268,0.37790560722351074,
3872,0.9163732528686523,0.3691289722919464,
3873,0.9186643958091736,0.3610536754131317,
3874,0.9200000166893005,0.354463666677475,
3875,0.9220778942108154,0.34932446479797363,
3876,0.9240506291389465,0.34257447719573975,
3877,0.9259259104728699,0.3364831805229187,
3878,0.9277108311653137,0.3296476900577545,
3879,0.929411768913269,0.3233805000782013,
3880,0.931034505367279,0.3181127607822418,
3881,0.932584285736084,0.313260018825531,
3882,0.9340659379959106,0.3086743950843811,
3883,0.9354838728904724,0.30435460805892944,
3884,0.9368420839309692,0.30002912878990173,
3885,0.938144326210022,0.29655760526657104,
3886,0.939393937587738,0.29368674755096436,
3887,0.9405940771102905,0.2899852693080902,
3888,0.9417475461959839,0.28712132573127747,
3889,0.9422619342803955,0.28476351499557495,
3890,0.9433411359786987,0.2811788320541382,
3891,0.9443807601928711,0.2780594527721405,
3892,0.9453828930854797,0.27496063709259033,
3893,0.946349561214447,0.27151817083358765,
3894,0.947282612323761,0.2685340642929077,
3895,0.9481837749481201,0.26499900221824646,
3896,0.9490545988082886,0.2613290846347809,
3897,0.9493801593780518,0.2602597177028656,
3898,0.9502032399177551,0.2593573033809662,
3899,0.9509999752044678,0.2563997805118561,
3900,0.7777777910232544,0.8628047108650208,
3901,0.7909482717514038,0.8148411512374878,
3902,0.8044354915618896,0.7673658728599548,
3903,0.8162878751754761,0.7238153219223022,
3904,0.8267857432365417,0.6866137981414795,
3905,0.8361486196517944,0.6539381146430969,
3906,0.8429487347602844,0.6240842938423157,
3907,0.8506097793579102,0.5992916226387024,
3908,0.8575581312179565,0.5739911794662476,
3909,0.8638888597488403,0.5518547296524048,
3910,0.8696808218955994,0.5317419171333313,
3911,0.875,0.5157440900802612,
3912,0.8799019455909729,0.49715209007263184,
3913,0.8844339847564697,0.48072293400764465,
3914,0.8886363506317139,0.4665811061859131,
3915,0.8925438523292542,0.4532472491264343,
3916,0.8951271176338196,0.44113191962242126,
3917,0.8985655903816223,0.4286811649799347,
3918,0.9017857313156128,0.41671887040138245,
3919,0.9048076868057251,0.40595558285713196,
3920,0.9076492786407471,0.396267294883728,
3921,0.9103260636329651,0.3889475166797638,
3922,0.9128521084785461,0.3801121711730957,
3923,0.9152397513389587,0.3717406094074249,
3924,0.9175000190734863,0.36347535252571106,
3925,0.9196428656578064,0.35871320962905884,
3926,0.9216772317886353,0.3511521518230438,
3927,0.9236111044883728,0.34640568494796753,
3928,0.9254518151283264,0.3402417302131653,
3929,0.9272058606147766,0.33382952213287354,
3930,0.9288793206214905,0.32725104689598083,
3931,0.930477499961853,0.32242581248283386,
3932,0.9320054650306702,0.3164907693862915,
3933,0.9334677457809448,0.3110591173171997,
3934,0.9348683953285217,0.30660802125930786,
3935,0.936211347579956,0.3025835454463959,
3936,0.9375,0.3000772297382355,
3937,0.9387376308441162,0.2959437370300293,
3938,0.9399271607398987,0.2917175889015198,
3939,0.9410714507102966,0.2880752980709076,
3940,0.9421728849411011,0.28425493836402893,
3941,0.9432339668273926,0.28084349632263184,
3942,0.9442567825317383,0.2774345576763153,
3943,0.9452433586120605,0.2738443613052368,
3944,0.946195662021637,0.2705762982368469,
3945,0.9471153616905212,0.26678237318992615,
3946,0.9480041861534119,0.26335692405700684,
3947,0.9488636255264282,0.2604101896286011,
3948,0.9496951103210449,0.2570544183254242,
3949,0.9505000114440918,0.2542836368083954,
3950,0.7754629850387573,0.8240413665771484,
3951,0.7909482717514038,0.7731590270996094,
3952,0.8044354915618896,0.7289120554924011,
3953,0.814393937587738,0.6910455822944641,
3954,0.824999988079071,0.6545543074607849,
3955,0.8344594836235046,0.6248094439506531,
3956,0.8429487347602844,0.598436713218689,
3957,0.8506097793579102,0.5741046071052551,
3958,0.8561046719551086,0.5534408688545227,
3959,0.862500011920929,0.532488226890564,
3960,0.8683510422706604,0.5120071768760681,
3961,0.8737244606018066,0.4981461763381958,
3962,0.8786764740943909,0.4825265109539032,
3963,0.8832547068595886,0.46619847416877747,
3964,0.887499988079071,0.4523259699344635,
3965,0.8914473652839661,0.4381938874721527,
3966,0.8951271176338196,0.426143616437912,
3967,0.8985655903816223,0.4143281877040863,
3968,0.9007936716079712,0.4054289758205414,
3969,0.9038461446762085,0.3946905732154846,
3970,0.9057835936546326,0.38616979122161865,
3971,0.9085144996643066,0.37816399335861206,
3972,0.9110915660858154,0.371628075838089,
3973,0.9135273694992065,0.36365455389022827,
3974,0.9158333539962769,0.3563815951347351,
3975,0.9180194735527039,0.3498956561088562,
3976,0.920094907283783,0.3437422215938568,
3977,0.9220678806304932,0.3380148112773895,
3978,0.9239457845687866,0.331398606300354,
3979,0.9257352948188782,0.32530826330184937,
3980,0.9274425506591797,0.31923267245292664,
3981,0.9290730357170105,0.3138662278652191,
3982,0.9306318759918213,0.30895423889160156,
3983,0.9321236610412598,0.30443379282951355,
3984,0.933552622795105,0.29937198758125305,
3985,0.9342783689498901,0.29567623138427734,
3986,0.935606062412262,0.29074281454086304,
3987,0.9368811845779419,0.28692856431007385,
3988,0.9381067752838135,0.28246942162513733,
3989,0.9392856955528259,0.277944415807724,
3990,0.9404205679893494,0.2743152678012848,
3991,0.9415137767791748,0.2702518701553345,
3992,0.9425675868988037,0.26675570011138916,
3993,0.9435840845108032,0.2637770175933838,
3994,0.9445652365684509,0.26052749156951904,
3995,0.944978654384613,0.25808605551719666,
3996,0.9459033608436584,0.2551010549068451,
3997,0.9467975497245789,0.2520105540752411,
3998,0.9471544623374939,0.24984605610370636,
3999,0.9480000138282776,0.24663785099983215,
4000,0.7777777910232544,0.8128046989440918,
4001,0.7931034564971924,0.7632885575294495,
4002,0.8064516186714172,0.7176117300987244,
4003,0.8181818127632141,0.6773285865783691,
4004,0.8285714387893677,0.6432142853736877,
4005,0.837837815284729,0.6119356155395508,
4006,0.8461538553237915,0.5833157300949097,
4007,0.8536585569381714,0.5583879947662354,
4008,0.8604651093482971,0.5387194156646729,
4009,0.8666666746139526,0.5175094604492188,
4010,0.8723404407501221,0.4988541603088379,
4011,0.8775510191917419,0.48139992356300354,
4012,0.8823529481887817,0.4663141667842865,
4013,0.8867924809455872,0.45220184326171875,
4014,0.8909090757369995,0.4377194046974182,
4015,0.8947368264198303,0.42767834663391113,
4016,0.8983050584793091,0.4148818552494049,
4017,0.9016393423080444,0.40312132239341736,
4018,0.9047619104385376,0.3928598463535309,
4019,0.9076923131942749,0.38361042737960815,
4020,0.9104477763175964,0.37573620676994324,
4021,0.9130434989929199,0.36772051453590393,
4022,0.9154929518699646,0.36046189069747925,
4023,0.9178082346916199,0.3524356782436371,
4024,0.9200000166893005,0.34621575474739075,
4025,0.9220778942108154,0.3390839695930481,
4026,0.9240506291389465,0.3321892321109772,
4027,0.9251543283462524,0.3277306854724884,
4028,0.9262048006057739,0.32524871826171875,
4029,0.9264705777168274,0.3210538923740387,
4030,0.9281609058380127,0.3156035542488098,
4031,0.9290730357170105,0.3115607500076294,
4032,0.9306318759918213,0.30675414204597473,
4033,0.9321236610412598,0.3014480173587799,
4034,0.933552622795105,0.2964698374271393,
4035,0.9349226951599121,0.29211536049842834,
4036,0.9362373948097229,0.28720563650131226,
4037,0.9375,0.28325390815734863,
4038,0.9387136101722717,0.27857786417007446,
4039,0.9398809671401978,0.2744509279727936,
4040,0.9410046935081482,0.2724274694919586,
4041,0.9420871734619141,0.26844120025634766,
4042,0.943130612373352,0.26479572057724,
4043,0.9441371560096741,0.2610653042793274,
4044,0.9451087117195129,0.25736165046691895,
4045,0.9460470080375671,0.2557997405529022,
4046,0.9469537734985352,0.25263524055480957,
4047,0.9478305578231812,0.24976179003715515,
4048,0.9486788511276245,0.24690188467502594,
4049,0.9495000243186951,0.243918776512146,
4050,0.7754629850387573,0.854185163974762,
4051,0.7909482717514038,0.7993931174278259,
4052,0.8044354915618896,0.7524620890617371,
4053,0.8162878751754761,0.713841438293457,
4054,0.824999988079071,0.6814034581184387,
4055,0.8344594836235046,0.646600604057312,
4056,0.8429487347602844,0.6173786520957947,
4057,0.8490853905677795,0.5997281074523926,
4058,0.8561046719551086,0.5760984420776367,
4059,0.862500011920929,0.5528755187988281,
4060,0.8683510422706604,0.5333167314529419,
4061,0.8737244606018066,0.5145532488822937,
4062,0.8786764740943909,0.4990408420562744,
4063,0.8832547068595886,0.4826175272464752,
4064,0.887499988079071,0.4681546688079834,
4065,0.8914473652839661,0.4536747932434082,
4066,0.8951271176338196,0.44170504808425903,
4067,0.8985655903816223,0.4295459985733032,
4068,0.9017857313156128,0.4185616970062256,
4069,0.9048076868057251,0.40835535526275635,
4070,0.9076492786407471,0.39796340465545654,
4071,0.9103260636329651,0.38866353034973145,
4072,0.9128521084785461,0.3804563879966736,
4073,0.9152397513389587,0.3727428913116455,
4074,0.9175000190734863,0.365508496761322,
4075,0.9196428656578064,0.3573962450027466,
4076,0.9216772317886353,0.351634681224823,
4077,0.9236111044883728,0.34677034616470337,
4078,0.9254518151283264,0.34007197618484497,
4079,0.9272058606147766,0.33408233523368835,
4080,0.9288793206214905,0.3295172154903412,
4081,0.9297752976417542,0.3254619538784027,
4082,0.9313187003135681,0.31952589750289917,
4083,0.9327957034111023,0.3143775165081024,
4084,0.9342105388641357,0.30982980132102966,
4085,0.9355670213699341,0.30513834953308105,
4086,0.9368686676025391,0.2998776137828827,
4087,0.9381188154220581,0.29579535126686096,
4088,0.9393203854560852,0.292569637298584,
4089,0.9404761791229248,0.2881893813610077,
4090,0.9415887594223022,0.28419211506843567,
4091,0.9426605701446533,0.2809644043445587,
4092,0.9436936974525452,0.27670490741729736,
4093,0.9446902871131897,0.2736561894416809,
4094,0.945652186870575,0.26992833614349365,
4095,0.9465811848640442,0.2663992941379547,
4096,0.9474790096282959,0.26284679770469666,
4097,0.9483470916748047,0.25980135798454285,
4098,0.9491869807243347,0.2567857801914215,
4099,0.949999988079071,0.25442972779273987,
4100,0.7824074029922485,0.8198870420455933,
4101,0.7974137663841248,0.7676137685775757,
4102,0.8104838728904724,0.7238631844520569,
4103,0.8219696879386902,0.6837817430496216,
4104,0.8321428298950195,0.6479490995407104,
4105,0.8412162065505981,0.616005539894104,
4106,0.8493589758872986,0.5876955986022949,
4107,0.8567073345184326,0.5633463859558105,
4108,0.8633720874786377,0.5421291589736938,
4109,0.8694444298744202,0.5203526020050049,
4110,0.873670220375061,0.5020235776901245,
4111,0.8788265585899353,0.4839012622833252,
4112,0.8835784196853638,0.466492623090744,
4113,0.8879716992378235,0.45264318585395813,
4114,0.8920454382896423,0.4397023320198059,
4115,0.8958333134651184,0.43009626865386963,
4116,0.8983050584793091,0.4205743372440338,
4117,0.9016393423080444,0.40843328833580017,
4118,0.9047619104385376,0.39931604266166687,
4119,0.9076923131942749,0.3898410201072693,
4120,0.9095149040222168,0.38110607862472534,
4121,0.9121376872062683,0.37152743339538574,
4122,0.9146126508712769,0.362628698348999,
4123,0.9169520735740662,0.3553316593170166,
4124,0.9191666841506958,0.34771671891212463,
4125,0.9204545617103577,0.3414144814014435,
4126,0.922468364238739,0.33559244871139526,
4127,0.9243826866149902,0.32947173714637756,
4128,0.9262048006057739,0.32340043783187866,
4129,0.9272058606147766,0.31790632009506226,
4130,0.9288793206214905,0.3141981363296509,
4131,0.930477499961853,0.30889469385147095,
4132,0.9320054650306702,0.30335041880607605,
4133,0.9334677457809448,0.2990338206291199,
4134,0.9348683953285217,0.2946322560310364,
4135,0.936211347579956,0.28970563411712646,
4136,0.9375,0.28489038348197937,
4137,0.9381188154220581,0.28143569827079773,
4138,0.9393203854560852,0.2773800790309906,
4139,0.9404761791229248,0.27360284328460693,
4140,0.9415887594223022,0.2706463038921356,
4141,0.9426605701446533,0.266758531332016,
4142,0.9436936974525452,0.26303935050964355,
4143,0.9441371560096741,0.2624305784702301,
4144,0.9451087117195129,0.25858816504478455,
4145,0.9460470080375671,0.25596800446510315,
4146,0.9469537734985352,0.25261297821998596,
4147,0.9478305578231812,0.24915237724781036,
4148,0.9486788511276245,0.24563069641590118,
4149,0.9495000243186951,0.24325931072235107,
4150,0.7916666865348816,0.8375232219696045,
4151,0.806034505367279,0.7851600646972656,
4152,0.8165322542190552,0.7494454383850098,
4153,0.8276515007019043,0.7095339298248291,
4154,0.8374999761581421,0.6763988733291626,
4155,0.8462837934494019,0.6436083316802979,
4156,0.8541666865348816,0.6146260499954224,
4157,0.8612805008888245,0.5904456973075867,
4158,0.867732584476471,0.5674362778663635,
4159,0.8722222447395325,0.5464006066322327,
4160,0.8776595592498779,0.5260924100875854,
4161,0.8826530575752258,0.5084980726242065,
4162,0.8872548937797546,0.4912102520465851,
4163,0.8915094137191772,0.4776196777820587,
4164,0.8954545259475708,0.46412184834480286,
4165,0.8991228342056274,0.45044147968292236,
4166,0.9025423526763916,0.4373558759689331,
4167,0.9057376980781555,0.42499449849128723,
4168,0.908730149269104,0.4133707582950592,
4169,0.9115384817123413,0.40279966592788696,
4170,0.9132462739944458,0.39443716406822205,
4171,0.9148550629615784,0.38671407103538513,
4172,0.9172534942626953,0.3776293098926544,
4173,0.9195205569267273,0.3689112365245819,
4174,0.92166668176651,0.3612092435359955,
4175,0.923701286315918,0.35376212000846863,
4176,0.925632894039154,0.34724217653274536,
4177,0.9274691343307495,0.341012179851532,
4178,0.9292168617248535,0.33481869101524353,
4179,0.9308823347091675,0.32889512181282043,
4180,0.9324712753295898,0.32273855805397034,
4181,0.9339887499809265,0.31709349155426025,
4182,0.9354395866394043,0.31218627095222473,
4183,0.9368279576301575,0.3073001801967621,
4184,0.9381579160690308,0.3025709092617035,
4185,0.9394329786300659,0.29757121205329895,
4186,0.9406565427780151,0.29343098402023315,
4187,0.9412128925323486,0.28995636105537415,
4188,0.9423543810844421,0.2858066260814667,
4189,0.9434523582458496,0.281278520822525,
4190,0.9445093274116516,0.2768535315990448,
4191,0.9455274939537048,0.27259060740470886,
4192,0.9465090036392212,0.2690972089767456,
4193,0.9474557638168335,0.26570364832878113,
4194,0.948369562625885,0.26238253712654114,
4195,0.9492521286010742,0.25927188992500305,
4196,0.9501050710678101,0.2558346688747406,
4197,0.9509297609329224,0.25239211320877075,
4198,0.9517276287078857,0.24901501834392548,
4199,0.9524999856948853,0.24631984531879425,
4200,0.7824074029922485,0.809781551361084,
4201,0.7974137663841248,0.7569559216499329,
4202,0.8104838728904724,0.7118204236030579,
4203,0.8219696879386902,0.6734181046485901,
4204,0.8321428298950195,0.6378573179244995,
4205,0.8412162065505981,0.6056121587753296,
4206,0.8493589758872986,0.5787802934646606,
4207,0.8567073345184326,0.5546979904174805,
4208,0.8633720874786377,0.5317167043685913,
4209,0.8694444298744202,0.5131453275680542,
4210,0.875,0.4935016930103302,
4211,0.8801020383834839,0.47551587224006653,
4212,0.8848039507865906,0.45960819721221924,
4213,0.8891509175300598,0.44418078660964966,
4214,0.8931818008422852,0.4297877848148346,
4215,0.8969298005104065,0.4175724983215332,
4216,0.9004237055778503,0.40602949261665344,
4217,0.9036885499954224,0.3950151801109314,
4218,0.9067460298538208,0.38509634137153625,
4219,0.9096153974533081,0.3763604462146759,
4220,0.9123134613037109,0.3687605857849121,
4221,0.9148550629615784,0.35991546511650085,
4222,0.9172534942626953,0.35237056016921997,
4223,0.9186643958091736,0.3455598056316376,
4224,0.9208333492279053,0.338264137506485,
4225,0.9228895902633667,0.33182665705680847,
4226,0.9248417615890503,0.325005441904068,
4227,0.9266975522041321,0.3181508481502533,
4228,0.928463876247406,0.3126034438610077,
4229,0.9301470518112183,0.3070145547389984,
4230,0.9317528605461121,0.3012096881866455,
4231,0.9332864880561829,0.2959238886833191,
4232,0.9347527623176575,0.2905188500881195,
4233,0.9361559152603149,0.28561291098594666,
4234,0.9375,0.281208872795105,
4235,0.938144326210022,0.2767373323440552,
4236,0.939393937587738,0.2725154459476471,
4237,0.9405940771102905,0.2690746784210205,
4238,0.9417475461959839,0.26589053869247437,
4239,0.9428571462631226,0.26228412985801697,
4240,0.9433411359786987,0.2598533034324646,
4241,0.9438073635101318,0.25786253809928894,
4242,0.9448198080062866,0.2545483708381653,
4243,0.9457964897155762,0.25169143080711365,
4244,0.946739137172699,0.24896204471588135,
4245,0.9471153616905212,0.24648244678974152,
4246,0.9474790096282959,0.24451065063476562,
4247,0.9483470916748047,0.24156618118286133,
4248,0.9491869807243347,0.23868019878864288,
4249,0.949999988079071,0.2355290651321411,
4250,0.7986111044883728,0.7976412177085876,
4251,0.8125,0.7479659914970398,
4252,0.8245967626571655,0.7039893269538879,
4253,0.8352272510528564,0.6657435894012451,
4254,0.8446428775787354,0.6326393485069275,
4255,0.8530405163764954,0.6058675646781921,
4256,0.8605769276618958,0.5795456767082214,
4257,0.8673780560493469,0.555779218673706,
4258,0.8735465407371521,0.5320650339126587,
4259,0.8777777552604675,0.5180519819259644,
4260,0.8829787373542786,0.4994535744190216,
4261,0.8864796161651611,0.4830951988697052,
4262,0.8909313678741455,0.46741926670074463,
4263,0.8950471878051758,0.4521543085575104,
4264,0.8977272510528564,0.445523738861084,
4265,0.9013158082962036,0.4323306083679199,
4266,0.9046609997749329,0.4205884635448456,
4267,0.9077869057655334,0.4098367393016815,
4268,0.9107142686843872,0.39914670586586,
4269,0.9134615659713745,0.39072006940841675,
4270,0.9160447716712952,0.3805645704269409,
4271,0.91847825050354,0.3709147572517395,
4272,0.9207746386528015,0.36346909403800964,
4273,0.9220890402793884,0.35681936144828796,
4274,0.9241666793823242,0.34919440746307373,
4275,0.9261363744735718,0.34242308139801025,
4276,0.9272152185440063,0.3372628688812256,
4277,0.9290123581886292,0.3306838274002075,
4278,0.9307228922843933,0.32552987337112427,
4279,0.9323529601097107,0.3207385241985321,
4280,0.9339080452919006,0.31568896770477295,
4281,0.9353932738304138,0.31052646040916443,
4282,0.9368131756782532,0.30610397458076477,
4283,0.9381720423698425,0.3010660707950592,
4284,0.9388157725334167,0.29693084955215454,
4285,0.9400773048400879,0.29196152091026306,
4286,0.9412878751754761,0.28782007098197937,
4287,0.9424505233764648,0.283226877450943,
4288,0.9435679316520691,0.27899110317230225,
4289,0.9446428418159485,0.2756372392177582,
4290,0.9456775784492493,0.27140024304389954,
4291,0.9466742873191833,0.26716747879981995,
4292,0.9476351141929626,0.26399001479148865,
4293,0.9480088353157043,0.2635101079940796,
4294,0.948913037776947,0.25998455286026,
4295,0.9492521286010742,0.259276419878006,
4296,0.9495798349380493,0.25827181339263916,
4297,0.9498966932296753,0.25608697533607483,
4298,0.9507113695144653,0.2531297504901886,
4299,0.9514999985694885,0.25092199444770813,
4300,0.7916666865348816,0.8384067416191101,
4301,0.8038793206214905,0.7922379970550537,
4302,0.8165322542190552,0.7491656541824341,
4303,0.8276515007019043,0.7108765840530396,
4304,0.8374999761581421,0.6738688945770264,
4305,0.8462837934494019,0.639689028263092,
4306,0.8509615659713745,0.6163566708564758,
4307,0.8582317233085632,0.5906854867935181,
4308,0.8648256063461304,0.5665632486343384,
4309,0.8708333373069763,0.5441981554031372,
4310,0.876329779624939,0.5255529284477234,
4311,0.8801020383834839,0.5077881217002869,
4312,0.8848039507865906,0.49149027466773987,
4313,0.8891509175300598,0.474915087223053,
4314,0.8931818008422852,0.4617970883846283,
4315,0.8969298005104065,0.4471540153026581,
4316,0.9004237055778503,0.4346081614494324,
4317,0.9036885499954224,0.42176997661590576,
4318,0.9067460298538208,0.4105663299560547,
4319,0.9096153974533081,0.4001512825489044,
4320,0.9113805890083313,0.3910719156265259,
4321,0.9139492511749268,0.38168638944625854,
4322,0.9163732528686523,0.37422627210617065,
4323,0.9186643958091736,0.36526331305503845,
4324,0.9208333492279053,0.35730233788490295,
4325,0.9228895902633667,0.35129809379577637,
4326,0.9248417615890503,0.3440026044845581,
4327,0.9266975522041321,0.33757850527763367,
4328,0.928463876247406,0.3311559855937958,
4329,0.9301470518112183,0.32487067580223083,
4330,0.9317528605461121,0.31915152072906494,
4331,0.9332864880561829,0.31328442692756653,
4332,0.9347527623176575,0.30793341994285583,
4333,0.9361559152603149,0.30321362614631653,
4334,0.9375,0.2995642125606537,
4335,0.938788652420044,0.2952730357646942,
4336,0.939393937587738,0.29554858803749084,
4337,0.9405940771102905,0.2913258969783783,
4338,0.9417475461959839,0.2870213985443115,
4339,0.9428571462631226,0.2825410068035126,
4340,0.9439252614974976,0.27898624539375305,
4341,0.9449541568756104,0.27464479207992554,
4342,0.9459459185600281,0.2703935205936432,
4343,0.9469026327133179,0.26691868901252747,
4344,0.947826087474823,0.2635662853717804,
4345,0.9487179517745972,0.2598752975463867,
4346,0.9495798349380493,0.25673016905784607,
4347,0.9504132270812988,0.25387948751449585,
4348,0.9507113695144653,0.25200319290161133,
4349,0.9514999985694885,0.24993598461151123,
4350,0.8055555820465088,0.8169772028923035,
4351,0.818965494632721,0.7669582366943359,
4352,0.8306451439857483,0.723217785358429,
4353,0.8409090638160706,0.6842465400695801,
4354,0.8500000238418579,0.648975133895874,
4355,0.8581081032752991,0.616808295249939,
4356,0.8653846383094788,0.5885832905769348,
4357,0.8719512224197388,0.5626751780509949,
4358,0.8779069781303406,0.5417078137397766,
4359,0.8833333253860474,0.521355926990509,
4360,0.8882978558540344,0.505974292755127,
4361,0.8928571343421936,0.4891037046909332,
4362,0.8958333134651184,0.47552213072776794,
4363,0.8997641801834106,0.4613484740257263,
4364,0.9034090638160706,0.4486548602581024,
4365,0.906798243522644,0.43694207072257996,
4366,0.9099576473236084,0.4256018102169037,
4367,0.9129098653793335,0.4153369665145874,
4368,0.91567462682724,0.40604835748672485,
4369,0.9182692170143127,0.39487987756729126,
4370,0.9197761416435242,0.386361688375473,
4371,0.9221014380455017,0.37674856185913086,
4372,0.9242957830429077,0.36764830350875854,
4373,0.9255136847496033,0.3614131808280945,
4374,0.9275000095367432,0.35327017307281494,
4375,0.9293830990791321,0.3455081582069397,
4376,0.9311708807945251,0.33804649114608765,
4377,0.9328703880310059,0.33082497119903564,
4378,0.9344879388809204,0.325315922498703,
4379,0.9360294342041016,0.31932127475738525,
4380,0.9375,0.3139495253562927,
4381,0.9389045238494873,0.3092140555381775,
4382,0.9402472376823425,0.3043549954891205,
4383,0.9415322542190552,0.29885756969451904,
4384,0.9427631497383118,0.29470744729042053,
4385,0.9439433217048645,0.29035481810569763,
4386,0.9450757503509521,0.28610095381736755,
4387,0.9461633563041687,0.28182774782180786,
4388,0.9472087621688843,0.2781631052494049,
4389,0.9482142925262451,0.2735283076763153,
4390,0.9491822719573975,0.2700709402561188,
4391,0.9501146674156189,0.2674558758735657,
4392,0.9510135054588318,0.26393797993659973,
4393,0.9513274431228638,0.2615048587322235,
4394,0.9521738886833191,0.2587703764438629,
4395,0.9529914259910583,0.2551107406616211,
4396,0.9537814855575562,0.25190895795822144,
4397,0.9545454382896423,0.24968655407428741,
4398,0.9552845358848572,0.24610060453414917,
4399,0.9559999704360962,0.24311219155788422,
4400,0.7893518805503845,0.7895801067352295,
4401,0.8038793206214905,0.7391781210899353,
4402,0.8165322542190552,0.6952184438705444,
4403,0.8276515007019043,0.6596426963806152,
4404,0.8374999761581421,0.6252922415733337,
4405,0.8462837934494019,0.5960422158241272,
4406,0.8541666865348816,0.5684462189674377,
4407,0.8612805008888245,0.5468166470527649,
4408,0.867732584476471,0.5243033766746521,
4409,0.8736110925674438,0.5039452314376831,
4410,0.8789893388748169,0.4855857193470001,
4411,0.8839285969734192,0.4675578773021698,
4412,0.8884803652763367,0.45192384719848633,
4413,0.8926886916160583,0.4399600923061371,
4414,0.8965908885002136,0.4257142245769501,
4415,0.9002193212509155,0.41266748309135437,
4416,0.9036017060279846,0.4010448157787323,
4417,0.9067623019218445,0.3899107575416565,
4418,0.9097222089767456,0.37904059886932373,
4419,0.9125000238418579,0.36943507194519043,
4420,0.9151119589805603,0.36021220684051514,
4421,0.9175724387168884,0.3520450294017792,
4422,0.9198943376541138,0.3434050679206848,
4423,0.9220890402793884,0.3367648124694824,
4424,0.9241666793823242,0.3297255337238312,
4425,0.9261363744735718,0.3220007121562958,
4426,0.9280063509941101,0.3159569501876831,
4427,0.9297839403152466,0.3097122013568878,
4428,0.9314758777618408,0.3033325970172882,
4429,0.9330882430076599,0.2979044020175934,
4430,0.9339080452919006,0.2942653000354767,
4431,0.9353932738304138,0.2890014946460724,
4432,0.9368131756782532,0.28433385491371155,
4433,0.9381720423698425,0.279887855052948,
4434,0.9388157725334167,0.2778604030609131,
4435,0.9400773048400879,0.27371641993522644,
4436,0.9412878751754761,0.2707388997077942,
4437,0.9412128925323486,0.270011842250824,
4438,0.9423543810844421,0.26696592569351196,
4439,0.9434523582458496,0.26308393478393555,
4440,0.9445093274116516,0.2592720687389374,
4441,0.9455274939537048,0.25679725408554077,
4442,0.9465090036392212,0.2546355426311493,
4443,0.9474557638168335,0.2514082193374634,
4444,0.947826087474823,0.24871058762073517,
4445,0.9487179517745972,0.24530825018882751,
4446,0.9495798349380493,0.24248510599136353,
4447,0.9498966932296753,0.2403680384159088,
4448,0.9507113695144653,0.23766085505485535,
4449,0.9514999985694885,0.23514923453330994,
4450,0.7847222089767456,0.8082461357116699,
4451,0.7995689511299133,0.7580295205116272,
4452,0.8125,0.713764488697052,
4453,0.8238636255264282,0.6786775588989258,
4454,0.8339285850524902,0.6443598866462708,
4455,0.8429054021835327,0.6122446060180664,
4456,0.8509615659713745,0.5830110907554626,
4457,0.8582317233085632,0.5573691129684448,
4458,0.8648256063461304,0.5352210402488708,
4459,0.8708333373069763,0.514016330242157,
4460,0.876329779624939,0.4946546256542206,
4461,0.8801020383834839,0.4785715639591217,
4462,0.8848039507865906,0.46157121658325195,
4463,0.8879716992378235,0.4472026824951172,
4464,0.8920454382896423,0.4330463409423828,
4465,0.8958333134651184,0.4202004075050354,
4466,0.8993644118309021,0.4093693792819977,
4467,0.9026639461517334,0.3974059820175171,
4468,0.9057539701461792,0.38703253865242004,
4469,0.9067307710647583,0.3816054165363312,
4470,0.9095149040222168,0.37231120467185974,
4471,0.9121376872062683,0.3635672926902771,
4472,0.9146126508712769,0.3558633327484131,
4473,0.9169520735740662,0.34715867042541504,
4474,0.9191666841506958,0.33879706263542175,
4475,0.9212662577629089,0.3314317762851715,
4476,0.9232594966888428,0.3248295187950134,
4477,0.9251543283462524,0.3180815279483795,
4478,0.9269578456878662,0.31360989809036255,
4479,0.9279412031173706,0.30979567766189575,
4480,0.9295976758003235,0.3040422797203064,
4481,0.9311797618865967,0.2982827425003052,
4482,0.932692289352417,0.29410475492477417,
4483,0.9341397881507874,0.28867658972740173,
4484,0.9355263113975525,0.2836470901966095,
4485,0.936855673789978,0.279295414686203,
4486,0.9381313323974609,0.27531301975250244,
4487,0.9393564462661743,0.2708927094936371,
4488,0.9405339956283569,0.26721394062042236,
4489,0.9416666626930237,0.2628490924835205,
4490,0.9427570104598999,0.2584889531135559,
4491,0.9438073635101318,0.25498276948928833,
4492,0.9448198080062866,0.25163814425468445,
4493,0.9457964897155762,0.2490323930978775,
4494,0.946739137172699,0.24648647010326385,
4495,0.9476495981216431,0.24356000125408173,
4496,0.9485294222831726,0.24026590585708618,
4497,0.9493801593780518,0.23740454018115997,
4498,0.9502032399177551,0.23586896061897278,
4499,0.9509999752044678,0.23307260870933533,
4500,0.7962962985038757,0.8023573756217957,
4501,0.8081896305084229,0.7561038732528687,
4502,0.8205645084381104,0.7112545371055603,
4503,0.8314393758773804,0.6779678463935852,
4504,0.8410714268684387,0.6432427167892456,
4505,0.849662184715271,0.6110168695449829,
4506,0.8573718070983887,0.5835705995559692,
4507,0.8643292784690857,0.5617852807044983,
4508,0.8706395626068115,0.5404664874076843,
4509,0.8763889074325562,0.5186581015586853,
4510,0.8803191781044006,0.5001304149627686,
4511,0.8852040767669678,0.4839983284473419,
4512,0.8897058963775635,0.4667435586452484,
4513,0.8938679099082947,0.4520722031593323,
4514,0.8965908885002136,0.4439331293106079,
4515,0.9002193212509155,0.4309299886226654,
4516,0.9025423526763916,0.4202052354812622,
4517,0.9057376980781555,0.40851444005966187,
4518,0.9077380895614624,0.4018403887748718,
4519,0.9105769395828247,0.39270830154418945,
4520,0.9132462739944458,0.3837830424308777,
4521,0.91576087474823,0.37472519278526306,
4522,0.9181337952613831,0.3665039837360382,
4523,0.920376718044281,0.3585926294326782,
4524,0.9225000143051147,0.3507329225540161,
4525,0.9245129823684692,0.34309908747673035,
4526,0.9264240264892578,0.3371484577655792,
4527,0.9274691343307495,0.33287760615348816,
4528,0.9292168617248535,0.32595688104629517,
4529,0.9308823347091675,0.3198072612285614,
4530,0.9324712753295898,0.3150624632835388,
4531,0.9339887499809265,0.3094633221626282,
4532,0.9354395866394043,0.30438071489334106,
4533,0.9368279576301575,0.29897311329841614,
4534,0.9381579160690308,0.29412841796875,
4535,0.9394329786300659,0.28895261883735657,
4536,0.9406565427780151,0.2849152982234955,
4537,0.9418317079544067,0.28108686208724976,
4538,0.9429611563682556,0.277292400598526,
4539,0.9440476298332214,0.27350902557373047,
4540,0.9450934529304504,0.27024152874946594,
4541,0.9461008906364441,0.2665438950061798,
4542,0.9470720887184143,0.2633938193321228,
4543,0.9480088353157043,0.2605685591697693,
4544,0.948913037776947,0.2575669586658478,
4545,0.9497863054275513,0.2544403374195099,
4546,0.950630247592926,0.2510983645915985,
4547,0.9514462947845459,0.24796481430530548,
4548,0.952235758304596,0.24529580771923065,
4549,0.953000009059906,0.24255162477493286,
4550,0.7893518805503845,0.8214461803436279,
4551,0.8038793206214905,0.7722091674804688,
4552,0.8165322542190552,0.7271522283554077,
4553,0.8276515007019043,0.6886975765228271,
4554,0.8374999761581421,0.6523761749267578,
4555,0.8462837934494019,0.6188883185386658,
4556,0.8541666865348816,0.5904269814491272,
4557,0.8612805008888245,0.5655325651168823,
4558,0.867732584476471,0.5441113114356995,
4559,0.8736110925674438,0.521912157535553,
4560,0.8789893388748169,0.5030546188354492,
4561,0.8839285969734192,0.485706627368927,
4562,0.8884803652763367,0.4706710875034332,
4563,0.8926886916160583,0.4569028317928314,
4564,0.8965908885002136,0.4433642029762268,
4565,0.9002193212509155,0.4299870729446411,
4566,0.9036017060279846,0.4187016487121582,
4567,0.9067623019218445,0.409075528383255,
4568,0.908730149269104,0.4039369225502014,
4569,0.9105769395828247,0.394511342048645,
4570,0.9132462739944458,0.38405317068099976,
4571,0.91576087474823,0.3752034306526184,
4572,0.9181337952613831,0.3666846454143524,
4573,0.9195205569267273,0.3609730005264282,
4574,0.92166668176651,0.3527774512767792,
4575,0.923701286315918,0.34606388211250305,
4576,0.925632894039154,0.3386457562446594,
4577,0.9274691343307495,0.33390408754348755,
4578,0.9292168617248535,0.32718580961227417,
4579,0.9301470518112183,0.32152289152145386,
4580,0.9317528605461121,0.31540703773498535,
4581,0.9332864880561829,0.30993327498435974,
4582,0.9340659379959106,0.30772262811660767,
4583,0.9354838728904724,0.30235832929611206,
4584,0.9355263113975525,0.2997884750366211,
4585,0.936211347579956,0.29605576395988464,
4586,0.9375,0.2924548387527466,
4587,0.9387376308441162,0.288065642118454,
4588,0.9399271607398987,0.2844199538230896,
4589,0.9410714507102966,0.28073886036872864,
4590,0.9421728849411011,0.27713125944137573,
4591,0.9432339668273926,0.2736424207687378,
4592,0.9442567825317383,0.269727885723114,
4593,0.9452433586120605,0.26716727018356323,
4594,0.946195662021637,0.2632865309715271,
4595,0.9471153616905212,0.25990626215934753,
4596,0.9480041861534119,0.2567797005176544,
4597,0.9488636255264282,0.2538416087627411,
4598,0.9496951103210449,0.25132429599761963,
4599,0.949999988079071,0.2488170713186264,
4600,0.7662037014961243,0.8378565311431885,
4601,0.7823275923728943,0.7868419289588928,
4602,0.7923387289047241,0.7530897855758667,
4603,0.8049242496490479,0.7110680341720581,
4604,0.8160714507102966,0.6727304458618164,
4605,0.8260135054588318,0.6424776315689087,
4606,0.8349359035491943,0.6121963858604431,
4607,0.8429877758026123,0.5880669355392456,
4608,0.8502907156944275,0.5637543797492981,
4609,0.8569444417953491,0.5433208346366882,
4610,0.8630319237709045,0.5230346322059631,
4611,0.8686224222183228,0.5050789713859558,
4612,0.873774528503418,0.48729246854782104,
4613,0.8785377144813538,0.4713907539844513,
4614,0.8829545378684998,0.4569135010242462,
4615,0.8870614171028137,0.44321584701538086,
4616,0.8908898234367371,0.42985254526138306,
4617,0.8944672346115112,0.4203563332557678,
4618,0.8978174328804016,0.40824058651924133,
4619,0.9009615182876587,0.39795833826065063,
4620,0.9039179086685181,0.38796964287757874,
4621,0.9067028760910034,0.3780926764011383,
4622,0.908450722694397,0.3705424964427948,
4623,0.9109588861465454,0.3629537522792816,
4624,0.9133333563804626,0.35571542382240295,
4625,0.9155844449996948,0.3482362926006317,
4626,0.9177215099334717,0.3410543203353882,
4627,0.9197530746459961,0.335082471370697,
4628,0.9216867685317993,0.3283683955669403,
4629,0.9235293865203857,0.3213513195514679,
4630,0.9245689511299133,0.31758949160575867,
4631,0.925561785697937,0.31332480907440186,
4632,0.9271978139877319,0.30774903297424316,
4633,0.9287634491920471,0.3027363717556,
4634,0.9302631616592407,0.2979489862918854,
4635,0.9310566782951355,0.29423972964286804,
4636,0.9324495196342468,0.2905106544494629,
4637,0.9337871074676514,0.2864895462989807,
4638,0.9350728392601013,0.28296810388565063,
4639,0.9363095164299011,0.27896180748939514,
4640,0.9369158744812012,0.2756015956401825,
4641,0.9380733966827393,0.2719823718070984,
4642,0.9391891956329346,0.26810121536254883,
4643,0.9402654767036438,0.26535090804100037,
4644,0.9413043260574341,0.26196008920669556,
4645,0.942307710647583,0.25896909832954407,
4646,0.9432772994041443,0.2558823525905609,
4647,0.9442148804664612,0.25287559628486633,
4648,0.9451219439506531,0.24996070563793182,
4649,0.9459999799728394,0.24812963604927063,
4650,0.7847222089767456,0.824051022529602,
4651,0.7995689511299133,0.770590603351593,
4652,0.8125,0.7261109948158264,
4653,0.8219696879386902,0.6946396231651306,
4654,0.8321428298950195,0.657973051071167,
4655,0.8395270109176636,0.6311578154563904,
4656,0.8445512652397156,0.610600471496582,
4657,0.8521341681480408,0.5837486386299133,
4658,0.8590116500854492,0.5612626671791077,
4659,0.8652777671813965,0.5409592390060425,
4660,0.8710106611251831,0.520591139793396,
4661,0.8762755393981934,0.5024795532226562,
4662,0.8811274766921997,0.4865022301673889,
4663,0.885613203048706,0.47255295515060425,
4664,0.8897727131843567,0.45765554904937744,
4665,0.8936403393745422,0.44572415947914124,
4666,0.8961864113807678,0.43555834889411926,
4667,0.8995901346206665,0.42345505952835083,
4668,0.9027777910232544,0.4114609658718109,
4669,0.9057692289352417,0.3997928202152252,
4670,0.9085820913314819,0.3899044096469879,
4671,0.9112318754196167,0.3802284598350525,
4672,0.9137324094772339,0.3738730847835541,
4673,0.9160959124565125,0.36561861634254456,
4674,0.9183333516120911,0.3586781322956085,
4675,0.9204545617103577,0.35149362683296204,
4676,0.922468364238739,0.3456389605998993,
4677,0.9243826866149902,0.33966824412345886,
4678,0.9262048006057739,0.3336126506328583,
4679,0.9279412031173706,0.32865574955940247,
4680,0.9295976758003235,0.32247447967529297,
4681,0.9311797618865967,0.31741848587989807,
4682,0.932692289352417,0.31184983253479004,
4683,0.9341397881507874,0.30728381872177124,
4684,0.9355263113975525,0.3024994730949402,
4685,0.936855673789978,0.2975632846355438,
4686,0.9381313323974609,0.2942351996898651,
4687,0.9393564462661743,0.28956174850463867,
4688,0.9405339956283569,0.28581884503364563,
4689,0.9416666626930237,0.2821119725704193,
4690,0.9427570104598999,0.27814486622810364,
4691,0.9438073635101318,0.2742401659488678,
4692,0.9448198080062866,0.27090203762054443,
4693,0.9457964897155762,0.2668687403202057,
4694,0.946739137172699,0.26314231753349304,
4695,0.9476495981216431,0.2601090669631958,
4696,0.9485294222831726,0.25672248005867004,
4697,0.9493801593780518,0.25353536009788513,
4698,0.9502032399177551,0.25110679864883423,
4699,0.9509999752044678,0.24873292446136475,
4700,0.7824074029922485,0.825827419757843,
4701,0.7974137663841248,0.7761954665184021,
4702,0.8104838728904724,0.7349854707717896,
4703,0.8219696879386902,0.6938785314559937,
4704,0.8303571343421936,0.6611512899398804,
4705,0.8395270109176636,0.6306843161582947,
4706,0.8477563858032227,0.6020309925079346,
4707,0.855182945728302,0.5761993527412415,
4708,0.8619186282157898,0.5508044362068176,
4709,0.8680555820465088,0.5315634608268738,
4710,0.873670220375061,0.5112890005111694,
4711,0.8788265585899353,0.4936355948448181,
4712,0.8835784196853638,0.47645142674446106,
4713,0.8879716992378235,0.4637420177459717,
4714,0.8920454382896423,0.4499308466911316,
4715,0.8958333134651184,0.43582090735435486,
4716,0.8993644118309021,0.4230051338672638,
4717,0.9026639461517334,0.4113260805606842,
4718,0.9047619104385376,0.4044634699821472,
4719,0.9076923131942749,0.3939170241355896,
4720,0.9104477763175964,0.38477975130081177,
4721,0.9130434989929199,0.37623119354248047,
4722,0.9154929518699646,0.36737197637557983,
4723,0.9178082346916199,0.35889261960983276,
4724,0.9200000166893005,0.3525049686431885,
4725,0.9220778942108154,0.3457455337047577,
4726,0.9240506291389465,0.33800017833709717,
4727,0.9259259104728699,0.3325980603694916,
4728,0.9277108311653137,0.3261343240737915,
4729,0.929411768913269,0.3197093904018402,
4730,0.9303160905838013,0.31579533219337463,
4731,0.9318820238113403,0.310884565114975,
4732,0.9333791136741638,0.3057197332382202,
4733,0.9348118305206299,0.3012349009513855,
4734,0.9355263113975525,0.29615089297294617,
4735,0.936211347579956,0.29209089279174805,
4736,0.9368686676025391,0.2886635661125183,
4737,0.9381188154220581,0.28428640961647034,
4738,0.9387136101722717,0.282027930021286,
4739,0.9398809671401978,0.2776539623737335,
4740,0.9410046935081482,0.27474427223205566,
4741,0.9415137767791748,0.2711506485939026,
4742,0.9425675868988037,0.268520712852478,
4743,0.9435840845108032,0.26512855291366577,
4744,0.9440217614173889,0.26225680112838745,
4745,0.944978654384613,0.2594284117221832,
4746,0.9459033608436584,0.25610852241516113,
4747,0.9467975497245789,0.25335198640823364,
4748,0.9476625919342041,0.25009122490882874,
4749,0.9484999775886536,0.24709057807922363,
4750,0.7962962985038757,0.8152081966400146,
4751,0.8103448152542114,0.764370322227478,
4752,0.8225806355476379,0.7210782766342163,
4753,0.8314393758773804,0.6836361289024353,
4754,0.8392857313156128,0.6526331305503845,
4755,0.8479729890823364,0.6204472184181213,
4756,0.8557692170143127,0.5918250679969788,
4757,0.8628048896789551,0.5648141503334045,
4758,0.8691860437393188,0.5412908792495728,
4759,0.875,0.5195655226707458,
4760,0.8803191781044006,0.49992209672927856,
4761,0.8852040767669678,0.48402249813079834,
4762,0.8897058963775635,0.46740034222602844,
4763,0.8938679099082947,0.4554285705089569,
4764,0.8977272510528564,0.4417245388031006,
4765,0.9013158082962036,0.42791345715522766,
4766,0.9046609997749329,0.4154011011123657,
4767,0.9077869057655334,0.4030457139015198,
4768,0.9107142686843872,0.3940928876399994,
4769,0.9134615659713745,0.3831779658794403,
4770,0.9160447716712952,0.37314561009407043,
4771,0.91847825050354,0.36510467529296875,
4772,0.9207746386528015,0.35568565130233765,
4773,0.9229452013969421,0.34704193472862244,
4774,0.9241666793823242,0.3409334123134613,
4775,0.9261363744735718,0.3340226113796234,
4776,0.9280063509941101,0.3283848762512207,
4777,0.9297839403152466,0.3218897879123688,
4778,0.9314758777618408,0.315839558839798,
4779,0.9330882430076599,0.3097226619720459,
4780,0.9346264600753784,0.30372104048728943,
4781,0.9360954761505127,0.2992049753665924,
4782,0.9375,0.2949044704437256,
4783,0.9388440847396851,0.29010912775993347,
4784,0.9401316046714783,0.28550058603286743,
4785,0.9413659572601318,0.2815554738044739,
4786,0.9425504803657532,0.27741295099258423,
4787,0.9436880946159363,0.27294713258743286,
4788,0.9441747665405273,0.2699621021747589,
4789,0.9452381134033203,0.265621155500412,
4790,0.9462617039680481,0.2610743045806885,
4791,0.9472476840019226,0.25738102197647095,
4792,0.9481981992721558,0.25524044036865234,
4793,0.9491150379180908,0.2517125606536865,
4794,0.949999988079071,0.2491302341222763,
4795,0.9508547186851501,0.24634626507759094,
4796,0.9516806602478027,0.24409887194633484,
4797,0.9519628286361694,0.24161948263645172,
4798,0.9527438879013062,0.2383919656276703,
4799,0.953499972820282,0.23524540662765503,
4800,0.7939814925193787,0.808056652545929,
4801,0.8081896305084229,0.7559264898300171,
4802,0.8205645084381104,0.7164255976676941,
4803,0.8314393758773804,0.6768872141838074,
4804,0.8410714268684387,0.6420981287956238,
4805,0.849662184715271,0.6107713580131531,
4806,0.8573718070983887,0.5853625535964966,
4807,0.8628048896789551,0.5663694143295288,
4808,0.8691860437393188,0.5433464050292969,
4809,0.875,0.5222316384315491,
4810,0.8803191781044006,0.5019660592079163,
4811,0.8852040767669678,0.48315444588661194,
4812,0.8897058963775635,0.46656301617622375,
4813,0.8938679099082947,0.4522392451763153,
4814,0.8977272510528564,0.4381268322467804,
4815,0.9013158082962036,0.42689356207847595,
4816,0.9046609997749329,0.4144899547100067,
4817,0.9077869057655334,0.4035540819168091,
4818,0.9107142686843872,0.3925817310810089,
4819,0.9125000238418579,0.38351351022720337,
4820,0.9151119589805603,0.3740530014038086,
4821,0.9175724387168884,0.365753710269928,
4822,0.9198943376541138,0.3563706874847412,
4823,0.9220890402793884,0.3478797972202301,
4824,0.9241666793823242,0.3400225341320038,
4825,0.9261363744735718,0.3327973484992981,
4826,0.9280063509941101,0.32641518115997314,
4827,0.9297839403152466,0.31982433795928955,
4828,0.9307228922843933,0.31744539737701416,
4829,0.9323529601097107,0.3118041753768921,
4830,0.9339080452919006,0.3054744005203247,
4831,0.9346910119056702,0.3011203408241272,
4832,0.9361263513565063,0.2965936064720154,
4833,0.9375,0.29188135266304016,
4834,0.9388157725334167,0.28780004382133484,
4835,0.9400773048400879,0.2846677899360657,
4836,0.9412878751754761,0.280818372964859,
4837,0.9424505233764648,0.276507705450058,
4838,0.9435679316520691,0.272701621055603,
4839,0.9440476298332214,0.27150365710258484,
4840,0.9450934529304504,0.26774147152900696,
4841,0.9461008906364441,0.2638785243034363,
4842,0.9470720887184143,0.26121288537979126,
4843,0.9480088353157043,0.25775519013404846,
4844,0.948913037776947,0.25440049171447754,
4845,0.9497863054275513,0.25100451707839966,
4846,0.950630247592926,0.24769575893878937,
4847,0.9514462947845459,0.24463839828968048,
4848,0.9517276287078857,0.2423143982887268,
4849,0.9524999856948853,0.23959141969680786,
4850,0.7870370149612427,0.8004364967346191,
4851,0.8017241358757019,0.7487134337425232,
4852,0.8145161271095276,0.7064257264137268,
4853,0.8257575631141663,0.6726639866828918,
4854,0.8339285850524902,0.6392526626586914,
4855,0.8429054021835327,0.6088057160377502,
4856,0.8509615659713745,0.5818621516227722,
4857,0.8567073345184326,0.5581663846969604,
4858,0.8633720874786377,0.5345079898834229,
4859,0.8694444298744202,0.5133587121963501,
4860,0.875,0.49640071392059326,
4861,0.8801020383834839,0.47826796770095825,
4862,0.8848039507865906,0.4611300230026245,
4863,0.8891509175300598,0.44527292251586914,
4864,0.8931818008422852,0.431230366230011,
4865,0.8969298005104065,0.4173576533794403,
4866,0.9004237055778503,0.40482595562934875,
4867,0.9036885499954224,0.39389675855636597,
4868,0.9067460298538208,0.3830859661102295,
4869,0.9096153974533081,0.37446120381355286,
4870,0.9123134613037109,0.3649124205112457,
4871,0.9148550629615784,0.35636624693870544,
4872,0.9172534942626953,0.3487096428871155,
4873,0.9195205569267273,0.34057188034057617,
4874,0.92166668176651,0.33348914980888367,
4875,0.923701286315918,0.32778409123420715,
4876,0.925632894039154,0.32173365354537964,
4877,0.9274691343307495,0.3150363862514496,
4878,0.9292168617248535,0.3095376491546631,
4879,0.9308823347091675,0.3038329482078552,
4880,0.9317528605461121,0.29901307821273804,
4881,0.932584285736084,0.2943599224090576,
4882,0.9340659379959106,0.2890021800994873,
4883,0.9354838728904724,0.28403693437576294,
4884,0.9368420839309692,0.27928468585014343,
4885,0.9375,0.27576541900634766,
4886,0.9387626051902771,0.2718871235847473,
4887,0.9399752616882324,0.2692539393901825,
4888,0.9411407709121704,0.2650475800037384,
4889,0.9422619342803955,0.2612801790237427,
4890,0.9433411359786987,0.25755104422569275,
4891,0.9443807601928711,0.2549436688423157,
4892,0.9453828930854797,0.25104936957359314,
4893,0.946349561214447,0.24806463718414307,
4894,0.947282612323761,0.24456316232681274,
4895,0.9481837749481201,0.2415991723537445,
4896,0.9490545988082886,0.2385159283876419,
4897,0.9498966932296753,0.23642738163471222,
4898,0.9507113695144653,0.23376044631004333,
4899,0.9514999985694885,0.23102685809135437,
4900,0.7870370149612427,0.806732714176178,
4901,0.8017241358757019,0.7556031942367554,
4902,0.8145161271095276,0.7113314270973206,
4903,0.8257575631141663,0.6721552014350891,
4904,0.8357142806053162,0.636702835559845,
4905,0.8445945978164673,0.6055185198783875,
4906,0.8525640964508057,0.5781439542770386,
4907,0.8582317233085632,0.5617232918739319,
4908,0.8648256063461304,0.5383972525596619,
4909,0.8708333373069763,0.5176008343696594,
4910,0.876329779624939,0.49871110916137695,
4911,0.8801020383834839,0.483999103307724,
4912,0.8848039507865906,0.46815890073776245,
4913,0.8891509175300598,0.4526006877422333,
4914,0.8920454382896423,0.4394553005695343,
4915,0.8958333134651184,0.4252358376979828,
4916,0.8983050584793091,0.4142131507396698,
4917,0.9016393423080444,0.40249043703079224,
4918,0.9047619104385376,0.3934708833694458,
4919,0.9076923131942749,0.38311606645584106,
4920,0.9104477763175964,0.3738028109073639,
4921,0.9130434989929199,0.3663119971752167,
4922,0.9154929518699646,0.3576873540878296,
4923,0.9178082346916199,0.3493748605251312,
4924,0.9200000166893005,0.3427121043205261,
4925,0.9220778942108154,0.335509717464447,
4926,0.9240506291389465,0.3290424644947052,
4927,0.9259259104728699,0.3223690092563629,
4928,0.9277108311653137,0.3161698877811432,
4929,0.9286764860153198,0.31178194284439087,
4930,0.9303160905838013,0.30565345287323,
4931,0.9311797618865967,0.30124905705451965,
4932,0.932692289352417,0.29543158411979675,
4933,0.9341397881507874,0.2914978861808777,
4934,0.9355263113975525,0.2863796651363373,
4935,0.936855673789978,0.2816007137298584,
4936,0.9381313323974609,0.27731311321258545,
4937,0.9393564462661743,0.2736392915248871,
4938,0.9405339956283569,0.26895877718925476,
4939,0.9416666626930237,0.26458969712257385,
4940,0.9427570104598999,0.261381596326828,
4941,0.9438073635101318,0.2584981918334961,
4942,0.9448198080062866,0.2549895942211151,
4943,0.9457964897155762,0.25226157903671265,
4944,0.946739137172699,0.24897581338882446,
4945,0.9471153616905212,0.24625054001808167,
4946,0.9480041861534119,0.24392259120941162,
4947,0.9488636255264282,0.24147875607013702,
4948,0.9496951103210449,0.23855003714561462,
4949,0.949999988079071,0.23613806068897247,
4950,0.7800925970077515,0.817639946937561,
4951,0.795258641242981,0.7654318809509277,
4952,0.8084677457809448,0.7210868000984192,
4953,0.8200757503509521,0.68156498670578,
4954,0.8303571343421936,0.6450986862182617,
4955,0.8395270109176636,0.6128851771354675,
4956,0.8477563858032227,0.5856117606163025,
4957,0.855182945728302,0.5594877600669861,
4958,0.8619186282157898,0.5379608869552612,
4959,0.8680555820465088,0.5167204737663269,
4960,0.873670220375061,0.49808141589164734,
4961,0.8788265585899353,0.48069244623184204,
4962,0.8835784196853638,0.4648644030094147,
4963,0.8879716992378235,0.4498487412929535,
4964,0.8920454382896423,0.4358711540699005,
4965,0.8958333134651184,0.42289847135543823,
4966,0.8993644118309021,0.4127510190010071,
4967,0.9026639461517334,0.4034947454929352,
4968,0.9047619104385376,0.3966613709926605,
4969,0.9076923131942749,0.38722488284111023,
4970,0.9104477763175964,0.37722834944725037,
4971,0.9121376872062683,0.36869165301322937,
4972,0.9146126508712769,0.3609185814857483,
4973,0.9160959124565125,0.35800662636756897,
4974,0.9183333516120911,0.35003897547721863,
4975,0.9204545617103577,0.3423127233982086,
4976,0.922468364238739,0.3359025716781616,
4977,0.9243826866149902,0.32989218831062317,
4978,0.9262048006057739,0.32404428720474243,
4979,0.9279412031173706,0.3180895745754242,
4980,0.9295976758003235,0.3119569420814514,
4981,0.9311797618865967,0.30810490250587463,
4982,0.932692289352417,0.303322434425354,
4983,0.9341397881507874,0.299256831407547,
4984,0.9355263113975525,0.29459330439567566,
4985,0.936855673789978,0.2905597388744354,
4986,0.9381313323974609,0.28595685958862305,
4987,0.9393564462661743,0.2814578413963318,
4988,0.9405339956283569,0.2773151099681854,
4989,0.9416666626930237,0.27333810925483704,
4990,0.9427570104598999,0.26976320147514343,
4991,0.9438073635101318,0.2664346694946289,
4992,0.9448198080062866,0.2633110284805298,
4993,0.9457964897155762,0.25991758704185486,
4994,0.946739137172699,0.25689956545829773,
4995,0.9471153616905212,0.2558805048465729,
4996,0.9480041861534119,0.25243261456489563,
4997,0.9488636255264282,0.24942751228809357,
4998,0.9496951103210449,0.24620065093040466,
4999,0.9505000114440918,0.24332281947135925,
5000,0.7847222089767456,0.8016873598098755,
5001,0.7995689511299133,0.7507922649383545,
5002,0.8125,0.7065067887306213,
5003,0.8219696879386902,0.6716595888137817,
5004,0.8321428298950195,0.6364678740501404,
5005,0.8412162065505981,0.6062051653862,
5006,0.8493589758872986,0.5795353055000305,
5007,0.8567073345184326,0.5542200207710266,
5008,0.8633720874786377,0.5317932963371277,
5009,0.8694444298744202,0.5115419030189514,
5010,0.875,0.49501752853393555,
5011,0.8801020383834839,0.47944679856300354,
5012,0.8848039507865906,0.46226900815963745,
5013,0.8891509175300598,0.4477173686027527,
5014,0.8931818008422852,0.43439438939094543,
5015,0.8969298005104065,0.42242804169654846,
5016,0.9004237055778503,0.4099261462688446,
5017,0.9036885499954224,0.39832353591918945,
5018,0.9067460298538208,0.38714560866355896,
5019,0.9096153974533081,0.3778122365474701,
5020,0.9123134613037109,0.36949118971824646,
5021,0.9148550629615784,0.36071258783340454,
5022,0.9172534942626953,0.35230132937431335,
5023,0.9195205569267273,0.3447525203227997,
5024,0.92166668176651,0.33696407079696655,
5025,0.923701286315918,0.32963573932647705,
5026,0.925632894039154,0.3235500156879425,
5027,0.9274691343307495,0.3176034390926361,
5028,0.9292168617248535,0.3115573525428772,
5029,0.9308823347091675,0.30567029118537903,
5030,0.9324712753295898,0.2999318242073059,
5031,0.9339887499809265,0.29435059428215027,
5032,0.9354395866394043,0.2893296480178833,
5033,0.9368279576301575,0.28404301404953003,
5034,0.9381579160690308,0.2789507508277893,
5035,0.9394329786300659,0.27399200201034546,
5036,0.9406565427780151,0.27056780457496643,
5037,0.9418317079544067,0.2660204768180847,
5038,0.9429611563682556,0.2616684138774872,
5039,0.9440476298332214,0.25806283950805664,
5040,0.9450934529304504,0.25468480587005615,
5041,0.9461008906364441,0.2511126399040222,
5042,0.9470720887184143,0.2476995438337326,
5043,0.9480088353157043,0.24468563497066498,
5044,0.948913037776947,0.24204140901565552,
5045,0.9497863054275513,0.23895114660263062,
5046,0.950630247592926,0.23600220680236816,
5047,0.9514462947845459,0.23363055288791656,
5048,0.952235758304596,0.2309533655643463,
5049,0.953000009059906,0.22843298316001892,
5050,0.7870370149612427,0.8011028170585632,
5051,0.8017241358757019,0.7491679787635803,
5052,0.8145161271095276,0.7059453725814819,
5053,0.8257575631141663,0.6678069829940796,
5054,0.8357142806053162,0.633781909942627,
5055,0.8445945978164673,0.6052465438842773,
5056,0.8525640964508057,0.5776503682136536,
5057,0.8597561120986938,0.5527603626251221,
5058,0.8662790656089783,0.5302884578704834,
5059,0.8722222447395325,0.5100845694541931,
5060,0.8776595592498779,0.49195748567581177,
5061,0.8826530575752258,0.47502565383911133,
5062,0.8872548937797546,0.45925140380859375,
5063,0.8915094137191772,0.4449673891067505,
5064,0.8954545259475708,0.4319149851799011,
5065,0.8991228342056274,0.41822323203086853,
5066,0.9025423526763916,0.4061913788318634,
5067,0.9057376980781555,0.3952532708644867,
5068,0.908730149269104,0.3847850561141968,
5069,0.9115384817123413,0.3752383589744568,
5070,0.9132462739944458,0.3683270812034607,
5071,0.91576087474823,0.3593710660934448,
5072,0.9172534942626953,0.3525601327419281,
5073,0.9195205569267273,0.3464158773422241,
5074,0.92166668176651,0.33911290764808655,
5075,0.923701286315918,0.333238810300827,
5076,0.925632894039154,0.32785511016845703,
5077,0.9274691343307495,0.32160747051239014,
5078,0.9292168617248535,0.3153420686721802,
5079,0.9308823347091675,0.30905699729919434,
5080,0.9324712753295898,0.3044193387031555,
5081,0.9332864880561829,0.2993088960647583,
5082,0.9347527623176575,0.29535308480262756,
5083,0.9361559152603149,0.2912428081035614,
5084,0.9375,0.2861841022968292,
5085,0.938788652420044,0.28197142481803894,
5086,0.940025269985199,0.2779715657234192,
5087,0.9412128925323486,0.27364930510520935,
5088,0.9423543810844421,0.2690832018852234,
5089,0.9434523582458496,0.26581668853759766,
5090,0.9445093274116516,0.26220354437828064,
5091,0.9455274939537048,0.2586148679256439,
5092,0.9465090036392212,0.2548898160457611,
5093,0.9474557638168335,0.25147905945777893,
5094,0.947826087474823,0.24841175973415375,
5095,0.9487179517745972,0.24547386169433594,
5096,0.9495798349380493,0.24286285042762756,
5097,0.9504132270812988,0.23993760347366333,
5098,0.9512194991111755,0.23706409335136414,
5099,0.9520000219345093,0.23435896635055542,
5100,0.7916666865348816,0.8029683232307434,
5101,0.8038793206214905,0.7524061799049377,
5102,0.8165322542190552,0.7084964513778687,
5103,0.8257575631141663,0.6739227771759033,
5104,0.8357142806053162,0.6377318501472473,
5105,0.8445945978164673,0.609993577003479,
5106,0.8525640964508057,0.5805284976959229,
5107,0.8597561120986938,0.554025411605835,
5108,0.8662790656089783,0.5317128300666809,
5109,0.8722222447395325,0.5119009613990784,
5110,0.8776595592498779,0.49467605352401733,
5111,0.8826530575752258,0.47683969140052795,
5112,0.8872548937797546,0.46014854311943054,
5113,0.8915094137191772,0.44911831617355347,
5114,0.8954545259475708,0.4350070059299469,
5115,0.8980262875556946,0.42252790927886963,
5116,0.9004237055778503,0.41154906153678894,
5117,0.9036885499954224,0.3998212218284607,
5118,0.9067460298538208,0.38851016759872437,
5119,0.9096153974533081,0.3794201910495758,
5120,0.9123134613037109,0.3706006109714508,
5121,0.9148550629615784,0.361005961894989,
5122,0.9172534942626953,0.35212525725364685,
5123,0.9195205569267273,0.34409576654434204,
5124,0.92166668176651,0.33664917945861816,
5125,0.9228895902633667,0.33240458369255066,
5126,0.9232594966888428,0.32903343439102173,
5127,0.9251543283462524,0.3226303160190582,
5128,0.9254518151283264,0.3200380504131317,
5129,0.9272058606147766,0.31408074498176575,
5130,0.9288793206214905,0.3091491162776947,
5131,0.930477499961853,0.3039252460002899,
5132,0.9320054650306702,0.29875341057777405,
5133,0.9334677457809448,0.2938748598098755,
5134,0.9342105388641357,0.29189205169677734,
5135,0.9355670213699341,0.28751370310783386,
5136,0.9368686676025391,0.28289368748664856,
5137,0.9381188154220581,0.27828744053840637,
5138,0.9393203854560852,0.2737329304218292,
5139,0.9404761791229248,0.27072814106941223,
5140,0.9415887594223022,0.2671282887458801,
5141,0.9426605701446533,0.26349157094955444,
5142,0.9436936974525452,0.2598296105861664,
5143,0.9446902871131897,0.25656452775001526,
5144,0.945652186870575,0.2534817159175873,
5145,0.9465811848640442,0.2504734992980957,
5146,0.9474790096282959,0.2471158802509308,
5147,0.9483470916748047,0.24485592544078827,
5148,0.9491869807243347,0.24203860759735107,
5149,0.949999988079071,0.23971465229988098,
5150,0.7962962985038757,0.7892501354217529,
5151,0.8103448152542114,0.7422528266906738,
5152,0.8225806355476379,0.6996715664863586,
5153,0.8333333134651184,0.6634830832481384,
5154,0.8428571224212646,0.6294983625411987,
5155,0.8513513803482056,0.5983499884605408,
5156,0.8589743375778198,0.5703122019767761,
5157,0.8658536672592163,0.5449140667915344,
5158,0.8720930218696594,0.5220604538917542,
5159,0.8777777552604675,0.5009923577308655,
5160,0.8829787373542786,0.48268499970436096,
5161,0.8877550959587097,0.46513330936431885,
5162,0.8921568393707275,0.45117396116256714,
5163,0.8962264060974121,0.4380904734134674,
5164,0.8999999761581421,0.42349961400032043,
5165,0.9035087823867798,0.41176775097846985,
5166,0.9067796468734741,0.39998069405555725,
5167,0.9098360538482666,0.3901837468147278,
5168,0.9126983880996704,0.3802412152290344,
5169,0.9153845906257629,0.37114569544792175,
5170,0.9179104566574097,0.36198705434799194,
5171,0.9202898740768433,0.3528955578804016,
5172,0.9216549396514893,0.3485410511493683,
5173,0.9238013625144958,0.3403664529323578,
5174,0.9258333444595337,0.33324238657951355,
5175,0.9277597665786743,0.32645344734191895,
5176,0.9295886158943176,0.3195505142211914,
5177,0.9313271641731262,0.31313657760620117,
5178,0.9329819083213806,0.30723708868026733,
5179,0.9345588088035583,0.3017942011356354,
5180,0.9360632300376892,0.2961391806602478,
5181,0.9360954761505127,0.2926640808582306,
5182,0.9375,0.2872219383716583,
5183,0.9388440847396851,0.2819581925868988,
5184,0.9401316046714783,0.2778117060661316,
5185,0.9413659572601318,0.27317336201667786,
5186,0.941919207572937,0.27139824628829956,
5187,0.9430692791938782,0.26697373390197754,
5188,0.9441747665405273,0.26306357979774475,
5189,0.9452381134033203,0.25900590419769287,
5190,0.9462617039680481,0.2552361786365509,
5191,0.9472476840019226,0.2516932487487793,
5192,0.9481981992721558,0.24848569929599762,
5193,0.94856196641922,0.24630241096019745,
5194,0.949456512928009,0.24276426434516907,
5195,0.9503205418586731,0.23966065049171448,
5196,0.9511554837226868,0.23733992874622345,
5197,0.9519628286361694,0.23428967595100403,
5198,0.9527438879013062,0.23131398856639862,
5199,0.953499972820282,0.2285975068807602,
5200,0.7847222089767456,0.7965624332427979,
5201,0.7995689511299133,0.7453401684761047,
5202,0.8125,0.700528085231781,
5203,0.8238636255264282,0.6609370112419128,
5204,0.8339285850524902,0.6259480118751526,
5205,0.8429054021835327,0.5962468981742859,
5206,0.8509615659713745,0.5687686204910278,
5207,0.8582317233085632,0.5443183183670044,
5208,0.8648256063461304,0.5207271575927734,
5209,0.8708333373069763,0.4995884299278259,
5210,0.876329779624939,0.48027923703193665,
5211,0.8813775777816772,0.46352553367614746,
5212,0.8860294222831726,0.44744873046875,
5213,0.8903301954269409,0.43484050035476685,
5214,0.894318163394928,0.4223787188529968,
5215,0.8980262875556946,0.4094342291355133,
5216,0.9014830589294434,0.3984397351741791,
5217,0.9047130942344666,0.3879503011703491,
5218,0.9077380895614624,0.3767816126346588,
5219,0.9105769395828247,0.3667418360710144,
5220,0.9132462739944458,0.3587864339351654,
5221,0.91576087474823,0.35015925765037537,
5222,0.9181337952613831,0.343055784702301,
5223,0.920376718044281,0.33531737327575684,
5224,0.9225000143051147,0.3277036249637604,
5225,0.9245129823684692,0.320616751909256,
5226,0.9264240264892578,0.3139808177947998,
5227,0.9282407164573669,0.3080866038799286,
5228,0.9299699068069458,0.3034326732158661,
5229,0.9316176176071167,0.29708439111709595,
5230,0.9331896305084229,0.29231274127960205,
5231,0.9346910119056702,0.2875532805919647,
5232,0.9361263513565063,0.2836929261684418,
5233,0.9375,0.27912572026252747,
5234,0.9388157725334167,0.2744905948638916,
5235,0.9400773048400879,0.27120670676231384,
5236,0.9412878751754761,0.26706555485725403,
5237,0.9424505233764648,0.2634124159812927,
5238,0.9435679316520691,0.25919634103775024,
5239,0.9446428418159485,0.25531715154647827,
5240,0.9456775784492493,0.25166505575180054,
5241,0.9466742873191833,0.2479846477508545,
5242,0.9470720887184143,0.2451145052909851,
5243,0.9480088353157043,0.2429705113172531,
5244,0.948913037776947,0.24023683369159698,
5245,0.9497863054275513,0.2369842529296875,
5246,0.950630247592926,0.23378518223762512,
5247,0.9514462947845459,0.2314133644104004,
5248,0.952235758304596,0.22890236973762512,
5249,0.953000009059906,0.22675248980522156,
5250,0.7847222089767456,0.8004885315895081,
5251,0.7995689511299133,0.7513654828071594,
5252,0.8125,0.7083604335784912,
5253,0.8238636255264282,0.6692264080047607,
5254,0.8339285850524902,0.6354683637619019,
5255,0.8429054021835327,0.6040104627609253,
5256,0.8509615659713745,0.5759778022766113,
5257,0.8582317233085632,0.55085688829422,
5258,0.8648256063461304,0.528254508972168,
5259,0.8708333373069763,0.5067285895347595,
5260,0.876329779624939,0.4875246286392212,
5261,0.8813775777816772,0.4713732600212097,
5262,0.8860294222831726,0.45443031191825867,
5263,0.8891509175300598,0.44260314106941223,
5264,0.8931818008422852,0.4289117753505707,
5265,0.8969298005104065,0.41725432872772217,
5266,0.9004237055778503,0.4057179093360901,
5267,0.9036885499954224,0.39464321732521057,
5268,0.9057539701461792,0.38492047786712646,
5269,0.9086538553237915,0.37538111209869385,
5270,0.9113805890083313,0.3652253746986389,
5271,0.9139492511749268,0.3559442460536957,
5272,0.9154929518699646,0.3489223122596741,
5273,0.9178082346916199,0.3410325348377228,
5274,0.9200000166893005,0.3357427418231964,
5275,0.9220778942108154,0.3285202383995056,
5276,0.9240506291389465,0.32129403948783875,
5277,0.9259259104728699,0.3152327537536621,
5278,0.9277108311653137,0.3090907633304596,
5279,0.929411768913269,0.30306747555732727,
5280,0.931034505367279,0.2975683808326721,
5281,0.9318820238113403,0.2936176359653473,
5282,0.9333791136741638,0.2888675332069397,
5283,0.9348118305206299,0.28428521752357483,
5284,0.9361842274665833,0.2799549400806427,
5285,0.9375,0.27612176537513733,
5286,0.9387626051902771,0.272359699010849,
5287,0.9399752616882324,0.268709272146225,
5288,0.9411407709121704,0.2644435465335846,
5289,0.9422619342803955,0.2615692913532257,
5290,0.9433411359786987,0.2578999996185303,
5291,0.9443807601928711,0.25396832823753357,
5292,0.9453828930854797,0.2501967251300812,
5293,0.9457964897155762,0.24886229634284973,
5294,0.946739137172699,0.24573594331741333,
5295,0.9476495981216431,0.2420634925365448,
5296,0.9485294222831726,0.23915354907512665,
5297,0.9493801593780518,0.23587580025196075,
5298,0.9496951103210449,0.23368561267852783,
5299,0.9505000114440918,0.23090656101703644,
5300,0.7800925970077515,0.8102879524230957,
5301,0.795258641242981,0.7606220841407776,
5302,0.8084677457809448,0.7147031426429749,
5303,0.8200757503509521,0.6773293018341064,
5304,0.8303571343421936,0.6421486735343933,
5305,0.8395270109176636,0.6119089722633362,
5306,0.8477563858032227,0.5862130522727966,
5307,0.855182945728302,0.5601900815963745,
5308,0.8619186282157898,0.5379956960678101,
5309,0.8680555820465088,0.5169079899787903,
5310,0.873670220375061,0.49784019589424133,
5311,0.8788265585899353,0.4801037907600403,
5312,0.8835784196853638,0.46365052461624146,
5313,0.8879716992378235,0.4498962461948395,
5314,0.8920454382896423,0.43605756759643555,
5315,0.8958333134651184,0.42456042766571045,
5316,0.8993644118309021,0.411967396736145,
5317,0.9026639461517334,0.3999898433685303,
5318,0.9047619104385376,0.39377865195274353,
5319,0.9067307710647583,0.38896846771240234,
5320,0.9095149040222168,0.3788074254989624,
5321,0.9121376872062683,0.37042003870010376,
5322,0.9146126508712769,0.36375945806503296,
5323,0.9169520735740662,0.3555496633052826,
5324,0.9191666841506958,0.347443163394928,
5325,0.9212662577629089,0.3404308557510376,
5326,0.9232594966888428,0.333353728055954,
5327,0.9251543283462524,0.32649192214012146,
5328,0.9269578456878662,0.3202398121356964,
5329,0.9286764860153198,0.31381919980049133,
5330,0.9303160905838013,0.3088226616382599,
5331,0.9318820238113403,0.3033081293106079,
5332,0.9333791136741638,0.29784008860588074,
5333,0.9348118305206299,0.2928962707519531,
5334,0.9361842274665833,0.2880416810512543,
5335,0.9375,0.2832098603248596,
5336,0.9387626051902771,0.28026846051216125,
5337,0.9399752616882324,0.2761514186859131,
5338,0.9411407709121704,0.27170807123184204,
5339,0.9422619342803955,0.26737892627716064,
5340,0.9433411359786987,0.2633119523525238,
5341,0.9443807601928711,0.2596856951713562,
5342,0.9453828930854797,0.25617483258247375,
5343,0.946349561214447,0.2526032030582428,
5344,0.947282612323761,0.24869772791862488,
5345,0.9481837749481201,0.2457405924797058,
5346,0.9490545988082886,0.24232999980449677,
5347,0.9498966932296753,0.2395733743906021,
5348,0.9507113695144653,0.23666538298130035,
5349,0.9514999985694885,0.2340923398733139,
5350,0.7777777910232544,0.8070936799049377,
5351,0.7909482717514038,0.7570355534553528,
5352,0.8044354915618896,0.7110025882720947,
5353,0.8162878751754761,0.673519492149353,
5354,0.8267857432365417,0.6391355991363525,
5355,0.8361486196517944,0.6083872318267822,
5356,0.8445512652397156,0.579227864742279,
5357,0.8521341681480408,0.5533060431480408,
5358,0.8590116500854492,0.5298193097114563,
5359,0.8652777671813965,0.5094934701919556,
5360,0.8710106611251831,0.49158015847206116,
5361,0.8762755393981934,0.4744788110256195,
5362,0.8811274766921997,0.45924925804138184,
5363,0.885613203048706,0.4441753625869751,
5364,0.8897727131843567,0.4302486181259155,
5365,0.8936403393745422,0.41714969277381897,
5366,0.8972457647323608,0.4055882692337036,
5367,0.9006147384643555,0.39402589201927185,
5368,0.903769850730896,0.38455730676651,
5369,0.9067307710647583,0.3756644129753113,
5370,0.9095149040222168,0.3658390939235687,
5371,0.9121376872062683,0.35675564408302307,
5372,0.9146126508712769,0.34865131974220276,
5373,0.9169520735740662,0.3404429256916046,
5374,0.9191666841506958,0.3327724039554596,
5375,0.9212662577629089,0.3263193964958191,
5376,0.9232594966888428,0.31930556893348694,
5377,0.9251543283462524,0.3138584494590759,
5378,0.9269578456878662,0.30887141823768616,
5379,0.9286764860153198,0.3030086159706116,
5380,0.9303160905838013,0.29746395349502563,
5381,0.9318820238113403,0.2925877869129181,
5382,0.9333791136741638,0.2871190905570984,
5383,0.9348118305206299,0.28219670057296753,
5384,0.9361842274665833,0.27786627411842346,
5385,0.9375,0.2735268771648407,
5386,0.9387626051902771,0.27032285928726196,
5387,0.9399752616882324,0.26628828048706055,
5388,0.9411407709121704,0.2628506124019623,
5389,0.9422619342803955,0.25912603735923767,
5390,0.9433411359786987,0.25596335530281067,
5391,0.9443807601928711,0.2520577907562256,
5392,0.9448198080062866,0.24912706017494202,
5393,0.9457964897155762,0.24585838615894318,
5394,0.946739137172699,0.2431076020002365,
5395,0.9476495981216431,0.24056249856948853,
5396,0.9480041861534119,0.23781178891658783,
5397,0.9488636255264282,0.23440521955490112,
5398,0.9496951103210449,0.23159991204738617,
5399,0.9505000114440918,0.22926506400108337,
5400,0.7847222089767456,0.8038619756698608,
5401,0.7995689511299133,0.7518336772918701,
5402,0.8125,0.7071195840835571,
5403,0.8238636255264282,0.668751060962677,
5404,0.8339285850524902,0.6346730589866638,
5405,0.8429054021835327,0.6034159660339355,
5406,0.8509615659713745,0.577252984046936,
5407,0.8582317233085632,0.5514882802963257,
5408,0.8648256063461304,0.5283380150794983,
5409,0.8708333373069763,0.50843745470047,
5410,0.876329779624939,0.48921307921409607,
5411,0.8813775777816772,0.4738994836807251,
5412,0.8860294222831726,0.4580586850643158,
5413,0.8903301954269409,0.4436473548412323,
5414,0.8931818008422852,0.4316611886024475,
5415,0.8969298005104065,0.4197905361652374,
5416,0.9004237055778503,0.40806660056114197,
5417,0.9036885499954224,0.39727991819381714,
5418,0.9067460298538208,0.3869631886482239,
5419,0.9096153974533081,0.37637677788734436,
5420,0.9123134613037109,0.3665371835231781,
5421,0.9148550629615784,0.3590775728225708,
5422,0.9172534942626953,0.3504636585712433,
5423,0.9195205569267273,0.3429659605026245,
5424,0.92166668176651,0.3354357182979584,
5425,0.923701286315918,0.3301596939563751,
5426,0.925632894039154,0.3231737017631531,
5427,0.9274691343307495,0.3160480558872223,
5428,0.9292168617248535,0.3096044063568115,
5429,0.9308823347091675,0.30329036712646484,
5430,0.9324712753295898,0.2974146008491516,
5431,0.9339887499809265,0.29276734590530396,
5432,0.9354395866394043,0.2869618833065033,
5433,0.9368279576301575,0.28276070952415466,
5434,0.9381579160690308,0.27754485607147217,
5435,0.9394329786300659,0.27333950996398926,
5436,0.9406565427780151,0.2689189016819,
5437,0.9418317079544067,0.26457077264785767,
5438,0.9429611563682556,0.260554701089859,
5439,0.9440476298332214,0.2572323679924011,
5440,0.9450934529304504,0.25323134660720825,
5441,0.9455274939537048,0.2502163052558899,
5442,0.9459459185600281,0.2479850798845291,
5443,0.9469026327133179,0.24471358954906464,
5444,0.947826087474823,0.24156956374645233,
5445,0.9487179517745972,0.23879282176494598,
5446,0.9495798349380493,0.23559515178203583,
5447,0.9504132270812988,0.23258665204048157,
5448,0.9512194991111755,0.22980542480945587,
5449,0.9520000219345093,0.227764293551445,
5450,0.7870370149612427,0.8032525181770325,
5451,0.7995689511299133,0.7570540904998779,
5452,0.8125,0.7114090919494629,
5453,0.8238636255264282,0.6711054444313049,
5454,0.8339285850524902,0.6359960436820984,
5455,0.8429054021835327,0.6049657464027405,
5456,0.8509615659713745,0.5776327848434448,
5457,0.8582317233085632,0.5517553687095642,
5458,0.8648256063461304,0.5288429856300354,
5459,0.8708333373069763,0.5066088438034058,
5460,0.876329779624939,0.48705974221229553,
5461,0.8813775777816772,0.4697538912296295,
5462,0.8860294222831726,0.4548417329788208,
5463,0.8891509175300598,0.4420308470726013,
5464,0.8931818008422852,0.42811495065689087,
5465,0.8969298005104065,0.41497039794921875,
5466,0.9004237055778503,0.4022757411003113,
5467,0.9036885499954224,0.3905841112136841,
5468,0.9067460298538208,0.3808637857437134,
5469,0.9096153974533081,0.37061798572540283,
5470,0.9123134613037109,0.36309465765953064,
5471,0.9148550629615784,0.3549308776855469,
5472,0.9172534942626953,0.34728917479515076,
5473,0.9195205569267273,0.3408516049385071,
5474,0.92166668176651,0.33465391397476196,
5475,0.923701286315918,0.3295952379703522,
5476,0.925632894039154,0.3238782584667206,
5477,0.9266975522041321,0.3203960359096527,
5478,0.928463876247406,0.31371262669563293,
5479,0.9301470518112183,0.30752918124198914,
5480,0.931034505367279,0.3043201267719269,
5481,0.932584285736084,0.29894334077835083,
5482,0.9340659379959106,0.29345905780792236,
5483,0.9354838728904724,0.28801268339157104,
5484,0.9368420839309692,0.2828129231929779,
5485,0.938144326210022,0.27787700295448303,
5486,0.939393937587738,0.27312058210372925,
5487,0.9405940771102905,0.2700985372066498,
5488,0.9417475461959839,0.26587530970573425,
5489,0.9428571462631226,0.26163434982299805,
5490,0.9439252614974976,0.25777631998062134,
5491,0.9449541568756104,0.2545136511325836,
5492,0.9459459185600281,0.2512233257293701,
5493,0.9469026327133179,0.24774762988090515,
5494,0.947826087474823,0.245026096701622,
5495,0.9487179517745972,0.24163950979709625,
5496,0.9490545988082886,0.2392694652080536,
5497,0.9498966932296753,0.23703202605247498,
5498,0.9507113695144653,0.23395296931266785,
5499,0.9514999985694885,0.2309025228023529,
5500,0.7893518805503845,0.8160945177078247,
5501,0.8038793206214905,0.7633776068687439,
5502,0.8165322542190552,0.7176337242126465,
5503,0.8276515007019043,0.6796755194664001,
5504,0.8374999761581421,0.643785297870636,
5505,0.8462837934494019,0.6123178601264954,
5506,0.8541666865348816,0.5839110016822815,
5507,0.8612805008888245,0.556937575340271,
5508,0.867732584476471,0.5333941578865051,
5509,0.8736110925674438,0.5156256556510925,
5510,0.8789893388748169,0.4965748190879822,
5511,0.8839285969734192,0.48012062907218933,
5512,0.8884803652763367,0.46502602100372314,
5513,0.8926886916160583,0.4507687985897064,
5514,0.8965908885002136,0.43537771701812744,
5515,0.9002193212509155,0.4218468964099884,
5516,0.9025423526763916,0.4110138714313507,
5517,0.9057376980781555,0.39929354190826416,
5518,0.908730149269104,0.387898325920105,
5519,0.9105769395828247,0.3796190321445465,
5520,0.9132462739944458,0.371212363243103,
5521,0.91576087474823,0.3629894554615021,
5522,0.9181337952613831,0.35380908846855164,
5523,0.920376718044281,0.3459545075893402,
5524,0.9225000143051147,0.3384666442871094,
5525,0.9245129823684692,0.33132120966911316,
5526,0.9264240264892578,0.3247681260108948,
5527,0.9282407164573669,0.3188406825065613,
5528,0.9299699068069458,0.31361663341522217,
5529,0.9316176176071167,0.30778348445892334,
5530,0.9331896305084229,0.3018372654914856,
5531,0.9346910119056702,0.29712408781051636,
5532,0.9361263513565063,0.2921319603919983,
5533,0.9375,0.287395179271698,
5534,0.9388157725334167,0.28332701325416565,
5535,0.9394329786300659,0.280893474817276,
5536,0.9406565427780151,0.2769143879413605,
5537,0.9418317079544067,0.27340275049209595,
5538,0.9429611563682556,0.27108654379844666,
5539,0.9440476298332214,0.26688405871391296,
5540,0.9450934529304504,0.26292940974235535,
5541,0.9461008906364441,0.25888946652412415,
5542,0.9470720887184143,0.25637465715408325,
5543,0.9480088353157043,0.253282368183136,
5544,0.948913037776947,0.250905841588974,
5545,0.9497863054275513,0.24779517948627472,
5546,0.9501050710678101,0.24591811001300812,
5547,0.9509297609329224,0.24313390254974365,
5548,0.9517276287078857,0.23966144025325775,
5549,0.9524999856948853,0.23685264587402344,
5550,0.7986111044883728,0.7822415828704834,
5551,0.8125,0.7313721776008606,
5552,0.8245967626571655,0.6867200136184692,
5553,0.8352272510528564,0.6499186158180237,
5554,0.8446428775787354,0.6167997717857361,
5555,0.8530405163764954,0.5864077806472778,
5556,0.8605769276618958,0.5591922402381897,
5557,0.8673780560493469,0.534094512462616,
5558,0.8735465407371521,0.5127756595611572,
5559,0.8791666626930237,0.49373215436935425,
5560,0.8843085169792175,0.4756609797477722,
5561,0.8890306353569031,0.4589434266090393,
5562,0.8933823704719543,0.4428279995918274,
5563,0.8974056839942932,0.42836910486221313,
5564,0.9011363387107849,0.4144343435764313,
5565,0.9024122953414917,0.40829363465309143,
5566,0.9057203531265259,0.39735108613967896,
5567,0.9088114500045776,0.386517733335495,
5568,0.9117063283920288,0.3771941363811493,
5569,0.9144230484962463,0.36724013090133667,
5570,0.91697758436203,0.35759326815605164,
5571,0.9193840622901917,0.3488699495792389,
5572,0.9216549396514893,0.34054526686668396,
5573,0.9238013625144958,0.33278006315231323,
5574,0.9258333444595337,0.3260865807533264,
5575,0.9277597665786743,0.3192974328994751,
5576,0.9295886158943176,0.3128269910812378,
5577,0.9313271641731262,0.30610984563827515,
5578,0.9322289228439331,0.30491575598716736,
5579,0.9338235259056091,0.29924827814102173,
5580,0.9353448152542114,0.29387205839157104,
5581,0.9367977380752563,0.28908950090408325,
5582,0.9381868243217468,0.2842424213886261,
5583,0.9388440847396851,0.28175559639930725,
5584,0.9401316046714783,0.2773496210575104,
5585,0.9413659572601318,0.2731485962867737,
5586,0.9425504803657532,0.26945868134498596,
5587,0.9436880946159363,0.26520273089408875,
5588,0.9447815418243408,0.261554092168808,
5589,0.9458333253860474,0.25801947712898254,
5590,0.9468457698822021,0.2542887330055237,
5591,0.9478210806846619,0.2503047585487366,
5592,0.9487612843513489,0.2464023381471634,
5593,0.9496681690216064,0.24433906376361847,
5594,0.9505434632301331,0.24170130491256714,
5595,0.9513888955116272,0.23918040096759796,
5596,0.9522058963775635,0.2374829351902008,
5597,0.9529958963394165,0.23424100875854492,
5598,0.9537601470947266,0.2313431203365326,
5599,0.9545000195503235,0.2284959852695465,
5600,0.7824074029922485,0.8007950186729431,
5601,0.7974137663841248,0.7495510578155518,
5602,0.8104838728904724,0.7045751810073853,
5603,0.8219696879386902,0.6648370027542114,
5604,0.8321428298950195,0.6323038339614868,
5605,0.8412162065505981,0.6012583374977112,
5606,0.8493589758872986,0.5745245814323425,
5607,0.8567073345184326,0.549424409866333,
5608,0.8633720874786377,0.5280922651290894,
5609,0.8694444298744202,0.5076208710670471,
5610,0.873670220375061,0.4893239736557007,
5611,0.8788265585899353,0.47246691584587097,
5612,0.8835784196853638,0.4567450284957886,
5613,0.8879716992378235,0.44153717160224915,
5614,0.8920454382896423,0.42824676632881165,
5615,0.8958333134651184,0.41534489393234253,
5616,0.8993644118309021,0.40253978967666626,
5617,0.9026639461517334,0.3914170563220978,
5618,0.9057539701461792,0.38062605261802673,
5619,0.9086538553237915,0.37067294120788574,
5620,0.9113805890083313,0.36108189821243286,
5621,0.9139492511749268,0.3529188632965088,
5622,0.9163732528686523,0.345207542181015,
5623,0.9186643958091736,0.3371545076370239,
5624,0.9208333492279053,0.3301759958267212,
5625,0.9228895902633667,0.3235512971878052,
5626,0.9248417615890503,0.31859028339385986,
5627,0.9266975522041321,0.31257501244544983,
5628,0.928463876247406,0.3072884976863861,
5629,0.9301470518112183,0.30149462819099426,
5630,0.9317528605461121,0.29599684476852417,
5631,0.9332864880561829,0.29228201508522034,
5632,0.9347527623176575,0.28696563839912415,
5633,0.9361559152603149,0.2819189727306366,
5634,0.9375,0.2776220738887787,
5635,0.938788652420044,0.27318716049194336,
5636,0.940025269985199,0.2684308886528015,
5637,0.9412128925323486,0.26422736048698425,
5638,0.9423543810844421,0.25991886854171753,
5639,0.9434523582458496,0.25621506571769714,
5640,0.9445093274116516,0.2521820366382599,
5641,0.9455274939537048,0.24943837523460388,
5642,0.9465090036392212,0.2460092008113861,
5643,0.9474557638168335,0.24262887239456177,
5644,0.948369562625885,0.23968158662319183,
5645,0.9492521286010742,0.2367178499698639,
5646,0.9501050710678101,0.2333594411611557,
5647,0.9504132270812988,0.2316378802061081,
5648,0.9512194991111755,0.22892196476459503,
5649,0.9520000219345093,0.22625234723091125,
5650,0.7847222089767456,0.794211208820343,
5651,0.7995689511299133,0.743570864200592,
5652,0.8125,0.7002484202384949,
5653,0.8238636255264282,0.6651339530944824,
5654,0.8339285850524902,0.6303656101226807,
5655,0.8429054021835327,0.6008632183074951,
5656,0.8509615659713745,0.5744706392288208,
5657,0.8567073345184326,0.556870698928833,
5658,0.8633720874786377,0.5335193276405334,
5659,0.8694444298744202,0.5116925239562988,
5660,0.875,0.49224239587783813,
5661,0.8801020383834839,0.47726836800575256,
5662,0.8848039507865906,0.4616285562515259,
5663,0.8891509175300598,0.4463587701320648,
5664,0.8931818008422852,0.432554692029953,
5665,0.8969298005104065,0.4193142354488373,
5666,0.9004237055778503,0.4079493284225464,
5667,0.9036885499954224,0.39583688974380493,
5668,0.9067460298538208,0.38517865538597107,
5669,0.9096153974533081,0.3750433921813965,
5670,0.9123134613037109,0.36504796147346497,
5671,0.9148550629615784,0.3568807542324066,
5672,0.9172534942626953,0.34823718667030334,
5673,0.9195205569267273,0.34028446674346924,
5674,0.92166668176651,0.3332529067993164,
5675,0.923701286315918,0.32651573419570923,
5676,0.925632894039154,0.319240003824234,
5677,0.9274691343307495,0.31248363852500916,
5678,0.9292168617248535,0.30662912130355835,
5679,0.9308823347091675,0.30051007866859436,
5680,0.9324712753295898,0.29501986503601074,
5681,0.9339887499809265,0.2894226312637329,
5682,0.9354395866394043,0.28431570529937744,
5683,0.9368279576301575,0.280111163854599,
5684,0.9381579160690308,0.27531731128692627,
5685,0.9394329786300659,0.2708750367164612,
5686,0.9406565427780151,0.2671250104904175,
5687,0.9418317079544067,0.26264992356300354,
5688,0.9429611563682556,0.2593289315700531,
5689,0.9440476298332214,0.25531715154647827,
5690,0.9450934529304504,0.25172191858291626,
5691,0.9461008906364441,0.24818938970565796,
5692,0.9470720887184143,0.24567998945713043,
5693,0.9480088353157043,0.2423206865787506,
5694,0.948913037776947,0.23893514275550842,
5695,0.9497863054275513,0.23581407964229584,
5696,0.950630247592926,0.23359419405460358,
5697,0.9514462947845459,0.23074470460414886,
5698,0.952235758304596,0.22873778641223907,
5699,0.953000009059906,0.22608043253421783,
5700,0.7847222089767456,0.8091219663619995,
5701,0.7995689511299133,0.7568525671958923,
5702,0.8125,0.712661623954773,
5703,0.8238636255264282,0.6756279468536377,
5704,0.8321428298950195,0.6416435241699219,
5705,0.8412162065505981,0.6090183258056641,
5706,0.8477563858032227,0.5842400193214417,
5707,0.855182945728302,0.558518648147583,
5708,0.8619186282157898,0.5360753536224365,
5709,0.8680555820465088,0.51675945520401,
5710,0.873670220375061,0.49745237827301025,
5711,0.8788265585899353,0.4802801311016083,
5712,0.8835784196853638,0.4632461369037628,
5713,0.8879716992378235,0.44763004779815674,
5714,0.8920454382896423,0.4341604709625244,
5715,0.8958333134651184,0.41983193159103394,
5716,0.8983050584793091,0.40948307514190674,
5717,0.9016393423080444,0.39764440059661865,
5718,0.9047619104385376,0.3867277204990387,
5719,0.9076923131942749,0.37744563817977905,
5720,0.9104477763175964,0.3701188862323761,
5721,0.9130434989929199,0.3612698018550873,
5722,0.9154929518699646,0.35396862030029297,
5723,0.9178082346916199,0.3465304970741272,
5724,0.9200000166893005,0.3391211926937103,
5725,0.9220778942108154,0.3317071795463562,
5726,0.9240506291389465,0.32414475083351135,
5727,0.9259259104728699,0.3182062804698944,
5728,0.9277108311653137,0.3124064803123474,
5729,0.929411768913269,0.3067074120044708,
5730,0.931034505367279,0.30160287022590637,
5731,0.932584285736084,0.29701030254364014,
5732,0.9340659379959106,0.2922029197216034,
5733,0.9348118305206299,0.2877432405948639,
5734,0.9355263113975525,0.28579047322273254,
5735,0.936855673789978,0.28131985664367676,
5736,0.9381313323974609,0.2765129804611206,
5737,0.9393564462661743,0.2728659510612488,
5738,0.9405339956283569,0.2683342397212982,
5739,0.9416666626930237,0.2642117142677307,
5740,0.9427570104598999,0.2600330412387848,
5741,0.9438073635101318,0.2573285400867462,
5742,0.9448198080062866,0.25419408082962036,
5743,0.9457964897155762,0.251051127910614,
5744,0.946739137172699,0.2483588457107544,
5745,0.9476495981216431,0.24505065381526947,
5746,0.9485294222831726,0.24213190376758575,
5747,0.9493801593780518,0.23940175771713257,
5748,0.9502032399177551,0.23762255907058716,
5749,0.9509999752044678,0.23470595479011536,
5750,0.7939814925193787,0.7929457426071167,
5751,0.8081896305084229,0.7423102855682373,
5752,0.8205645084381104,0.6987337470054626,
5753,0.8295454382896423,0.6665176749229431,
5754,0.8392857313156128,0.6311813592910767,
5755,0.8479729890823364,0.60030597448349,
5756,0.8557692170143127,0.5737183094024658,
5757,0.8628048896789551,0.5502659678459167,
5758,0.8691860437393188,0.5274069309234619,
5759,0.875,0.5078491568565369,
5760,0.8803191781044006,0.48866006731987,
5761,0.8852040767669678,0.47032418847084045,
5762,0.8897058963775635,0.45390328764915466,
5763,0.8915094137191772,0.44097477197647095,
5764,0.894318163394928,0.42963045835494995,
5765,0.8980262875556946,0.41664835810661316,
5766,0.9014830589294434,0.4038570821285248,
5767,0.9047130942344666,0.3929891884326935,
5768,0.9077380895614624,0.3828033208847046,
5769,0.9096153974533081,0.3764151334762573,
5770,0.9123134613037109,0.3677670359611511,
5771,0.9148550629615784,0.35835325717926025,
5772,0.9172534942626953,0.349802702665329,
5773,0.9195205569267273,0.34296244382858276,
5774,0.92166668176651,0.33633914589881897,
5775,0.923701286315918,0.3294593393802643,
5776,0.925632894039154,0.32218554615974426,
5777,0.9274691343307495,0.31546446681022644,
5778,0.9292168617248535,0.3094775080680847,
5779,0.9308823347091675,0.3030136525630951,
5780,0.9324712753295898,0.2981598377227783,
5781,0.9339887499809265,0.2926935851573944,
5782,0.9354395866394043,0.28868404030799866,
5783,0.9368279576301575,0.2832180857658386,
5784,0.9381579160690308,0.27834829688072205,
5785,0.9394329786300659,0.2746860086917877,
5786,0.9406565427780151,0.27049997448921204,
5787,0.9412128925323486,0.2678554356098175,
5788,0.9423543810844421,0.2635180652141571,
5789,0.9434523582458496,0.26043805480003357,
5790,0.9445093274116516,0.25630655884742737,
5791,0.9455274939537048,0.25250688195228577,
5792,0.9465090036392212,0.24927522242069244,
5793,0.9469026327133179,0.2492295205593109,
5794,0.947826087474823,0.24571417272090912,
5795,0.9487179517745972,0.24286288022994995,
5796,0.9495798349380493,0.239629328250885,
5797,0.9498966932296753,0.23755809664726257,
5798,0.9507113695144653,0.23482100665569305,
5799,0.9514999985694885,0.23196688294410706,
5800,0.7939814925193787,0.7852578163146973,
5801,0.8081896305084229,0.7412439584732056,
5802,0.8205645084381104,0.6999325156211853,
5803,0.8295454382896423,0.6643614172935486,
5804,0.8392857313156128,0.6311917901039124,
5805,0.8479729890823364,0.6014081239700317,
5806,0.8557692170143127,0.5729249119758606,
5807,0.8628048896789551,0.552479088306427,
5808,0.8691860437393188,0.5299502015113831,
5809,0.875,0.5115386247634888,
5810,0.8803191781044006,0.4930714964866638,
5811,0.8852040767669678,0.47524213790893555,
5812,0.8897058963775635,0.4590800702571869,
5813,0.8926886916160583,0.448533833026886,
5814,0.8965908885002136,0.4339849352836609,
5815,0.9002193212509155,0.4198891818523407,
5816,0.9036017060279846,0.4080897271633148,
5817,0.9067623019218445,0.39656153321266174,
5818,0.9097222089767456,0.3855050206184387,
5819,0.9125000238418579,0.3763182461261749,
5820,0.9151119589805603,0.36706027388572693,
5821,0.9175724387168884,0.3587895631790161,
5822,0.9198943376541138,0.3496401011943817,
5823,0.9220890402793884,0.3421679139137268,
5824,0.9241666793823242,0.33533498644828796,
5825,0.9261363744735718,0.3279111087322235,
5826,0.9280063509941101,0.32157450914382935,
5827,0.9290123581886292,0.3155561685562134,
5828,0.9307228922843933,0.3095097243785858,
5829,0.9323529601097107,0.3035605847835541,
5830,0.9339080452919006,0.2977709472179413,
5831,0.9353932738304138,0.29280486702919006,
5832,0.9368131756782532,0.2878662347793579,
5833,0.9381720423698425,0.28278374671936035,
5834,0.9394736886024475,0.2784583568572998,
5835,0.9407216310501099,0.27387604117393494,
5836,0.941919207572937,0.26967546343803406,
5837,0.9430692791938782,0.2656605541706085,
5838,0.9441747665405273,0.26173755526542664,
5839,0.9452381134033203,0.2592604458332062,
5840,0.9462617039680481,0.2568497061729431,
5841,0.9472476840019226,0.25290510058403015,
5842,0.9481981992721558,0.25014734268188477,
5843,0.9491150379180908,0.247201070189476,
5844,0.949999988079071,0.24432004988193512,
5845,0.9508547186851501,0.24084694683551788,
5846,0.9516806602478027,0.2387302666902542,
5847,0.952479362487793,0.23565270006656647,
5848,0.9532520174980164,0.23240138590335846,
5849,0.9539999961853027,0.23039434850215912,
5850,0.7870370149612427,0.7962561845779419,
5851,0.8017241358757019,0.7435526251792908,
5852,0.8145161271095276,0.6982768774032593,
5853,0.8257575631141663,0.6640316843986511,
5854,0.8357142806053162,0.6307029128074646,
5855,0.8445945978164673,0.6003202199935913,
5856,0.8509615659713745,0.5733041763305664,
5857,0.8582317233085632,0.5492259860038757,
5858,0.8648256063461304,0.5261619687080383,
5859,0.8694444298744202,0.507871150970459,
5860,0.875,0.48949217796325684,
5861,0.8801020383834839,0.4735840857028961,
5862,0.8848039507865906,0.4602198004722595,
5863,0.8891509175300598,0.4453712999820709,
5864,0.8931818008422852,0.4321269392967224,
5865,0.8969298005104065,0.4191224277019501,
5866,0.9004237055778503,0.40630653500556946,
5867,0.9036885499954224,0.39595532417297363,
5868,0.9067460298538208,0.38509172201156616,
5869,0.9096153974533081,0.3747011721134186,
5870,0.9123134613037109,0.3651990294456482,
5871,0.9148550629615784,0.3564232885837555,
5872,0.9172534942626953,0.3479456603527069,
5873,0.9195205569267273,0.34156763553619385,
5874,0.92166668176651,0.33431217074394226,
5875,0.923701286315918,0.3272749185562134,
5876,0.925632894039154,0.3203125596046448,
5877,0.9274691343307495,0.3137337565422058,
5878,0.9292168617248535,0.3075290322303772,
5879,0.9308823347091675,0.3018910884857178,
5880,0.9324712753295898,0.2962248921394348,
5881,0.9339887499809265,0.29110705852508545,
5882,0.9354395866394043,0.28665420413017273,
5883,0.9368279576301575,0.2821670174598694,
5884,0.9381579160690308,0.27746641635894775,
5885,0.9394329786300659,0.27323684096336365,
5886,0.9406565427780151,0.2689995765686035,
5887,0.9418317079544067,0.2658308148384094,
5888,0.9429611563682556,0.26236745715141296,
5889,0.9440476298332214,0.2584538459777832,
5890,0.9450934529304504,0.2546021640300751,
5891,0.9461008906364441,0.250740647315979,
5892,0.9470720887184143,0.24760328233242035,
5893,0.9480088353157043,0.24440297484397888,
5894,0.948913037776947,0.24177134037017822,
5895,0.9497863054275513,0.2385619729757309,
5896,0.950630247592926,0.23572523891925812,
5897,0.9514462947845459,0.2327931523323059,
5898,0.952235758304596,0.23022887110710144,
5899,0.953000009059906,0.22784344851970673,
5900,0.7824074029922485,0.7974656224250793,
5901,0.7974137663841248,0.7490946054458618,
5902,0.8104838728904724,0.706034779548645,
5903,0.8219696879386902,0.6670474410057068,
5904,0.8321428298950195,0.6308637857437134,
5905,0.8412162065505981,0.6008256673812866,
5906,0.8493589758872986,0.5723913311958313,
5907,0.8567073345184326,0.5473101735115051,
5908,0.8633720874786377,0.5257894396781921,
5909,0.8694444298744202,0.5075152516365051,
5910,0.875,0.4887295663356781,
5911,0.8801020383834839,0.47191789746284485,
5912,0.8848039507865906,0.4568769335746765,
5913,0.8891509175300598,0.4423920214176178,
5914,0.8931818008422852,0.4288744032382965,
5915,0.8969298005104065,0.415270060300827,
5916,0.9004237055778503,0.40363243222236633,
5917,0.9036885499954224,0.3916502594947815,
5918,0.9067460298538208,0.38182976841926575,
5919,0.9096153974533081,0.3726889193058014,
5920,0.9123134613037109,0.36296847462654114,
5921,0.9148550629615784,0.354282945394516,
5922,0.9172534942626953,0.34661537408828735,
5923,0.9195205569267273,0.33886146545410156,
5924,0.92166668176651,0.33100032806396484,
5925,0.923701286315918,0.32423949241638184,
5926,0.925632894039154,0.3178993761539459,
5927,0.9274691343307495,0.311581552028656,
5928,0.9292168617248535,0.3052549660205841,
5929,0.9308823347091675,0.2994496822357178,
5930,0.9324712753295898,0.293534517288208,
5931,0.9339887499809265,0.28795331716537476,
5932,0.9354395866394043,0.2859712839126587,
5933,0.9368279576301575,0.2807861566543579,
5934,0.9381579160690308,0.2766849100589752,
5935,0.938788652420044,0.27329349517822266,
5936,0.940025269985199,0.26865115761756897,
5937,0.9412128925323486,0.2641649842262268,
5938,0.9423543810844421,0.25975003838539124,
5939,0.9434523582458496,0.25552576780319214,
5940,0.9445093274116516,0.2519712448120117,
5941,0.9449541568756104,0.2489040195941925,
5942,0.9459459185600281,0.24583004415035248,
5943,0.946349561214447,0.24371616542339325,
5944,0.947282612323761,0.24136674404144287,
5945,0.9481837749481201,0.2381114959716797,
5946,0.9490545988082886,0.23544277250766754,
5947,0.9498966932296753,0.23256488144397736,
5948,0.9507113695144653,0.22980740666389465,
5949,0.9514999985694885,0.2271842360496521,
5950,0.7870370149612427,0.7903168797492981,
5951,0.8017241358757019,0.7404431700706482,
5952,0.8145161271095276,0.6972108483314514,
5953,0.8257575631141663,0.6581611633300781,
5954,0.8357142806053162,0.6231785416603088,
5955,0.8429054021835327,0.600375235080719,
5956,0.8509615659713745,0.5722560882568359,
5957,0.8567073345184326,0.551767110824585,
5958,0.8633720874786377,0.5283406972885132,
5959,0.8680555820465088,0.5118519067764282,
5960,0.873670220375061,0.49334242939949036,
5961,0.8788265585899353,0.4752581715583801,
5962,0.8835784196853638,0.45927712321281433,
5963,0.8879716992378235,0.44466885924339294,
5964,0.8920454382896423,0.43197983503341675,
5965,0.8958333134651184,0.4188060760498047,
5966,0.8993644118309021,0.4064989984035492,
5967,0.9026639461517334,0.39478346705436707,
5968,0.9047619104385376,0.3867800533771515,
5969,0.9057692289352417,0.3821488320827484,
5970,0.9085820913314819,0.3733695447444916,
5971,0.9112318754196167,0.3637291193008423,
5972,0.9137324094772339,0.3548637330532074,
5973,0.9152397513389587,0.3503035306930542,
5974,0.9175000190734863,0.34239262342453003,
5975,0.9188311696052551,0.33535197377204895,
5976,0.9208860993385315,0.3281005322933197,
5977,0.9228395223617554,0.3210372030735016,
5978,0.9246987700462341,0.31404420733451843,
5979,0.9264705777168274,0.3081212341785431,
5980,0.9281609058380127,0.3021426200866699,
5981,0.9297752976417542,0.2972583472728729,
5982,0.9313187003135681,0.2919534146785736,
5983,0.9327957034111023,0.2892168462276459,
5984,0.9342105388641357,0.2837677597999573,
5985,0.9355670213699341,0.27889299392700195,
5986,0.9368686676025391,0.2745455205440521,
5987,0.9381188154220581,0.2698257863521576,
5988,0.9393203854560852,0.2654121220111847,
5989,0.9404761791229248,0.26143211126327515,
5990,0.9415887594223022,0.25803348422050476,
5991,0.9426605701446533,0.2542802393436432,
5992,0.9436936974525452,0.25092607736587524,
5993,0.9446902871131897,0.24825866520404816,
5994,0.945652186870575,0.24461889266967773,
5995,0.9465811848640442,0.24260613322257996,
5996,0.9469537734985352,0.24154172837734222,
5997,0.9478305578231812,0.23807169497013092,
5998,0.9486788511276245,0.237224742770195,
5999,0.9495000243186951,0.2344474047422409,
