train_batch,acc,loss,std_acc
0,0.03125,4.0398759841918945,
1,0.015625,4.031956672668457,
2,0.03125,3.9379119873046875,
3,0.03125,3.917367935180664,
4,0.03750000149011612,3.90645170211792,
5,0.03125,3.8981733322143555,
6,0.0446428582072258,3.8870158195495605,
7,0.0390625,3.8821287155151367,
8,0.0416666679084301,3.8797078132629395,
9,0.03750000149011612,3.8833510875701904,
10,0.04261363670229912,3.8623769283294678,
11,0.0390625,3.8464174270629883,
12,0.04086538404226303,3.8284642696380615,
13,0.046875,3.8120460510253906,
14,0.04791666567325592,3.7824199199676514,
15,0.060546875,3.7526912689208984,
16,0.0625,3.7395334243774414,
17,0.0607638880610466,3.7340872287750244,
18,0.05921052768826485,3.733350992202759,
19,0.05937499925494194,3.7259209156036377,
20,0.0669642835855484,3.7118642330169678,
21,0.07386363297700882,3.6933555603027344,
22,0.07336956262588501,3.6862616539001465,
23,0.0768229141831398,3.665947198867798,
24,0.07750000059604645,3.6584341526031494,
25,0.07932692021131516,3.6467442512512207,
26,0.0833333358168602,3.631626844406128,
27,0.0837053582072258,3.6184818744659424,
28,0.08836206793785095,3.603728771209717,
29,0.09166666865348816,3.5907444953918457,
30,0.09576612710952759,3.5744030475616455,
31,0.0966796875,3.570542812347412,
32,0.09848485141992569,3.564633369445801,
33,0.10018382221460342,3.5594165325164795,
34,0.10089285671710968,3.557129383087158,
35,0.1006944477558136,3.5504913330078125,
36,0.10304053872823715,3.539621353149414,
37,0.1027960553765297,3.528264045715332,
38,0.1041666641831398,3.520211696624756,
39,0.10546875,3.5136020183563232,
40,0.10823170840740204,3.502915620803833,
41,0.107886902987957,3.498739004135132,
42,0.10610464960336685,3.498491048812866,
43,0.10511363297700882,3.4901857376098633,
44,0.10694444179534912,3.479794979095459,
45,0.109375,3.476008653640747,
46,0.10970744490623474,3.468409538269043,
47,0.1106770858168602,3.4600303173065186,
48,0.1116071417927742,3.4501760005950928,
49,0.11312499642372131,3.444061040878296,
50,0.05324074253439903,3.792820930480957,
51,0.0517241396009922,3.775606393814087,
52,0.05040322616696358,3.7462894916534424,
53,0.07196969538927078,3.7026138305664062,
54,0.07857143133878708,3.665386915206909,
55,0.0878378376364708,3.6178171634674072,
56,0.10256410390138626,3.583099842071533,
57,0.10975609719753265,3.5490550994873047,
58,0.12063953280448914,3.518970251083374,
59,0.12083332985639572,3.5061864852905273,
60,0.125,3.484693765640259,
61,0.13265305757522583,3.4542651176452637,
62,0.1409313678741455,3.422945261001587,
63,0.14386792480945587,3.4065847396850586,
64,0.15000000596046448,3.381657361984253,
65,0.14912280440330505,3.376397132873535,
66,0.1525423675775528,3.3565657138824463,
67,0.15881147980690002,3.335057258605957,
68,0.1636904776096344,3.320218801498413,
69,0.16826923191547394,3.3035683631896973,
70,0.1753731369972229,3.2767293453216553,
71,0.1721014529466629,3.269219398498535,
72,0.17605634033679962,3.253300189971924,
73,0.18065068125724792,3.2403459548950195,
74,0.18166667222976685,3.2308616638183594,
75,0.1818181872367859,3.2224321365356445,
76,0.18117088079452515,3.2119131088256836,
77,0.18595679104328156,3.200486660003662,
78,0.1844879537820816,3.1973354816436768,
79,0.18897059559822083,3.1814026832580566,
80,0.19252873957157135,3.1755480766296387,
81,0.19382022321224213,3.166653633117676,
82,0.19574175775051117,3.156046152114868,
83,0.19354838132858276,3.1597282886505127,
84,0.19539473950862885,3.1553971767425537,
85,0.19974227249622345,3.1411054134368896,
86,0.20075757801532745,3.134856939315796,
87,0.20173268020153046,3.1299290657043457,
88,0.2026699036359787,3.125326156616211,
89,0.20416666567325592,3.1148440837860107,
90,0.20735980570316315,3.108267307281494,
91,0.2041284441947937,3.1138381958007812,
92,0.20495495200157166,3.107454538345337,
93,0.20630531013011932,3.0986976623535156,
94,0.20706522464752197,3.0946316719055176,
95,0.20673076808452606,3.089099407196045,
96,0.20798319578170776,3.0825562477111816,
97,0.21074379980564117,3.0756773948669434,
98,0.21392276883125305,3.067723274230957,
99,0.21649999916553497,3.0597362518310547,
100,0.07175926119089127,3.7873547077178955,
101,0.09267241507768631,3.7072811126708984,
102,0.11290322244167328,3.6095082759857178,
103,0.11742424219846725,3.572134017944336,
104,0.12321428209543228,3.5191729068756104,
105,0.13513512909412384,3.4678611755371094,
106,0.14423076808452606,3.425095319747925,
107,0.15243902802467346,3.390591621398926,
108,0.15988372266292572,3.3591623306274414,
109,0.16388888657093048,3.335895538330078,
110,0.16223403811454773,3.3120458126068115,
111,0.1658163219690323,3.286703586578369,
112,0.16911764442920685,3.2624080181121826,
113,0.1745283007621765,3.226463556289673,
114,0.17840908467769623,3.2043979167938232,
115,0.179824560880661,3.1961312294006348,
116,0.18644067645072937,3.1763715744018555,
117,0.1905737668275833,3.158626079559326,
118,0.1944444477558136,3.139183759689331,
119,0.19711539149284363,3.1195526123046875,
120,0.20055970549583435,3.106234312057495,
121,0.20742753148078918,3.0827274322509766,
122,0.2130281627178192,3.063603639602661,
123,0.21318493783473969,3.0541038513183594,
124,0.21916666626930237,3.0370564460754395,
125,0.22240260243415833,3.0213992595672607,
126,0.2262658178806305,3.003619909286499,
127,0.22993826866149902,2.9935131072998047,
128,0.22966867685317993,2.9875588417053223,
129,0.2286764681339264,2.9788284301757812,
130,0.2298850566148758,2.970954656600952,
131,0.23384831845760345,2.956934928894043,
132,0.23695054650306702,2.939288854598999,
133,0.23991934955120087,2.9216675758361816,
134,0.23947368562221527,2.910203695297241,
135,0.24162371456623077,2.8955538272857666,
136,0.2443181872367859,2.8872101306915283,
137,0.24628712236881256,2.8770394325256348,
138,0.24696601927280426,2.8705484867095947,
139,0.24880951642990112,2.8655354976654053,
140,0.24941588938236237,2.8592264652252197,
141,0.2528669834136963,2.852015495300293,
142,0.25394144654273987,2.845761299133301,
143,0.2544247806072235,2.84191632270813,
144,0.2543478310108185,2.836810350418091,
145,0.25427350401878357,2.834019422531128,
146,0.25367647409439087,2.8334381580352783,
147,0.25464877486228943,2.8232977390289307,
148,0.25660568475723267,2.8160173892974854,
149,0.25949999690055847,2.8072891235351562,
150,0.06481481343507767,3.766188144683838,
151,0.07758620381355286,3.6640257835388184,
152,0.09072580933570862,3.584050416946411,
153,0.1041666641831398,3.51737117767334,
154,0.11249999701976776,3.4477131366729736,
155,0.12668919563293457,3.389456272125244,
156,0.14102564752101898,3.337311267852783,
157,0.15396341681480408,3.284543037414551,
158,0.15552325546741486,3.251621723175049,
159,0.16527777910232544,3.212151050567627,
160,0.17287233471870422,3.1711266040802,
161,0.1823979616165161,3.1325082778930664,
162,0.19117647409439087,3.09858775138855,
163,0.19693395495414734,3.080336332321167,
164,0.19886364042758942,3.060722589492798,
165,0.20285087823867798,3.037222385406494,
166,0.20762711763381958,3.0129122734069824,
167,0.21413934230804443,2.99653697013855,
168,0.2162698358297348,2.9835548400878906,
169,0.2182692289352417,2.9663913249969482,
170,0.22294776141643524,2.946957588195801,
171,0.22644928097724915,2.928776264190674,
172,0.2315140813589096,2.9013195037841797,
173,0.23801369965076447,2.8772642612457275,
174,0.2408333271741867,2.865105628967285,
175,0.24350649118423462,2.853771448135376,
176,0.24525316059589386,2.8402535915374756,
177,0.24922838807106018,2.82918643951416,
178,0.2492469847202301,2.8180630207061768,
179,0.2514705955982208,2.8075289726257324,
180,0.2507183849811554,2.801506996154785,
181,0.2514044940471649,2.7982048988342285,
182,0.2568681240081787,2.7819771766662598,
183,0.2594085931777954,2.773252487182617,
184,0.26447367668151855,2.756849527359009,
185,0.26417526602745056,2.748279094696045,
186,0.2664141356945038,2.7429287433624268,
187,0.2698019742965698,2.7318809032440186,
188,0.2688106894493103,2.7288401126861572,
189,0.2708333432674408,2.7189698219299316,
190,0.2727803885936737,2.7082231044769287,
191,0.27408257126808167,2.699991464614868,
192,0.27646395564079285,2.695417642593384,
193,0.27654868364334106,2.6881916522979736,
194,0.27989131212234497,2.6762125492095947,
195,0.28205129504203796,2.6683127880096436,
196,0.2846638560295105,2.6621320247650146,
197,0.28564050793647766,2.653661012649536,
198,0.28709349036216736,2.646846294403076,
199,0.28949999809265137,2.6374518871307373,
200,0.1597222238779068,3.245985507965088,
201,0.17456896603107452,3.177828311920166,
202,0.18346774578094482,3.1276161670684814,
203,0.2083333283662796,3.049471378326416,
204,0.21785713732242584,2.996086359024048,
205,0.22804054617881775,2.9473776817321777,
206,0.23878204822540283,2.902236223220825,
207,0.24847561120986938,2.863023042678833,
208,0.25436046719551086,2.8346810340881348,
209,0.2638888955116272,2.797044038772583,
210,0.2646276652812958,2.7685906887054443,
211,0.2716836631298065,2.733734369277954,
212,0.281862735748291,2.698085308074951,
213,0.286556601524353,2.6724483966827393,
214,0.29318180680274963,2.652527093887329,
215,0.297149121761322,2.637327194213867,
216,0.30296608805656433,2.6155459880828857,
217,0.3063524663448334,2.589813709259033,
218,0.3095238208770752,2.576988697052002,
219,0.3125,2.5643484592437744,
220,0.31529849767684937,2.551377058029175,
221,0.3179347813129425,2.540773868560791,
222,0.32306337356567383,2.5260977745056152,
223,0.3287671208381653,2.5102779865264893,
224,0.3308333456516266,2.5025153160095215,
225,0.3295454680919647,2.4982385635375977,
226,0.3291139304637909,2.4920294284820557,
227,0.33101850748062134,2.4781956672668457,
228,0.3305722773075104,2.4706196784973145,
229,0.33161765336990356,2.4624838829040527,
230,0.3333333432674408,2.451974630355835,
231,0.33356741070747375,2.4498825073242188,
232,0.3365384638309479,2.440584182739258,
233,0.3360215127468109,2.4414713382720947,
234,0.34013158082962036,2.4285166263580322,
235,0.3395618498325348,2.4206290245056152,
236,0.33838382363319397,2.418837785720825,
237,0.3397277295589447,2.4143049716949463,
238,0.34405338764190674,2.4048635959625244,
239,0.3470238149166107,2.399345874786377,
240,0.34637850522994995,2.3924005031585693,
241,0.3474770784378052,2.387815237045288,
242,0.3502252399921417,2.3806145191192627,
243,0.35453540086746216,2.3717877864837646,
244,0.354891300201416,2.3634033203125,
245,0.35737180709838867,2.357044219970703,
246,0.3592436909675598,2.351377248764038,
247,0.3626033067703247,2.33970046043396,
248,0.3638211488723755,2.3367152214050293,
249,0.36649999022483826,2.3284239768981934,
250,0.13657407462596893,3.261446714401245,
251,0.15948276221752167,3.1770238876342773,
252,0.18145161867141724,3.087379217147827,
253,0.2026515156030655,3.01328706741333,
254,0.2232142835855484,2.946213483810425,
255,0.23986487090587616,2.8980672359466553,
256,0.24679486453533173,2.8538005352020264,
257,0.2621951103210449,2.8005528450012207,
258,0.2732558250427246,2.7562427520751953,
259,0.28333333134651184,2.7091457843780518,
260,0.29388296604156494,2.671281099319458,
261,0.31377550959587097,2.627169132232666,
262,0.31617647409439087,2.6115562915802,
263,0.3195754587650299,2.586965799331665,
264,0.3227272629737854,2.565030813217163,
265,0.3267543911933899,2.540154218673706,
266,0.3336864411830902,2.5158419609069824,
267,0.3401639461517334,2.4968647956848145,
268,0.3442460298538208,2.475498676300049,
269,0.3509615361690521,2.4570248126983643,
270,0.3544776141643524,2.4387409687042236,
271,0.3586956560611725,2.4216794967651367,
272,0.36091548204421997,2.4007933139801025,
273,0.36130136251449585,2.3973278999328613,
274,0.36250001192092896,2.384385347366333,
275,0.36444804072380066,2.3714442253112793,
276,0.3662974536418915,2.35602068901062,
277,0.3719135820865631,2.3428401947021484,
278,0.3742469847202301,2.3342928886413574,
279,0.3801470696926117,2.319506883621216,
280,0.3836206793785095,2.310476064682007,
281,0.38412922620773315,2.302882432937622,
282,0.3859890103340149,2.290376663208008,
283,0.3904569745063782,2.275693893432617,
284,0.39407894015312195,2.2654964923858643,
285,0.3975515365600586,2.253328323364258,
286,0.3983585834503174,2.245419502258301,
287,0.39789605140686035,2.24066162109375,
288,0.39866504073143005,2.233170986175537,
289,0.39821428060531616,2.2290241718292236,
290,0.4007009267807007,2.2197988033294678,
291,0.40481650829315186,2.2106287479400635,
292,0.40596845746040344,2.2030224800109863,
293,0.41095131635665894,2.189154624938965,
294,0.4114130437374115,2.1845617294311523,
295,0.41239315271377563,2.176025629043579,
296,0.4138655364513397,2.1731910705566406,
297,0.41477271914482117,2.1691765785217285,
298,0.4171747863292694,2.160059690475464,
299,0.4180000126361847,2.154134511947632,
300,0.28935185074806213,2.576977491378784,
301,0.30603447556495667,2.5120341777801514,
302,0.3125,2.4706203937530518,
303,0.32007575035095215,2.437466621398926,
304,0.33392858505249023,2.389680862426758,
305,0.3445945978164673,2.3522067070007324,
306,0.35737180709838867,2.3233304023742676,
307,0.3643292784690857,2.303234100341797,
308,0.3764534890651703,2.263612985610962,
309,0.3888888955116272,2.228187322616577,
310,0.40026596188545227,2.2040600776672363,
311,0.41326531767845154,2.176992177963257,
312,0.4178921580314636,2.1703317165374756,
313,0.42099055647850037,2.1527817249298096,
314,0.4272727370262146,2.135608434677124,
315,0.43421053886413574,2.117919445037842,
316,0.4417372941970825,2.0982236862182617,
317,0.44262295961380005,2.088408946990967,
318,0.4444444477558136,2.08665132522583,
319,0.4423076808452606,2.0776658058166504,
320,0.4430970251560211,2.06706166267395,
321,0.4492753744125366,2.0522031784057617,
322,0.4542253613471985,2.0362536907196045,
323,0.454623281955719,2.0335638523101807,
324,0.4541666805744171,2.0280866622924805,
325,0.4529220759868622,2.0278491973876953,
326,0.4501582384109497,2.0247883796691895,
327,0.45601850748062134,2.0103673934936523,
328,0.45481929183006287,2.0132699012756348,
329,0.4536764621734619,2.008540153503418,
330,0.45474138855934143,2.0019373893737793,
331,0.4578651785850525,1.9919008016586304,
332,0.4581044018268585,1.9874267578125,
333,0.46169355511665344,1.9778329133987427,
334,0.464473694562912,1.967808723449707,
335,0.46520617604255676,1.9603227376937866,
336,0.46590909361839294,1.9591259956359863,
337,0.46782177686691284,1.9547832012176514,
338,0.4678398072719574,1.9552690982818604,
339,0.47083333134651184,1.9470127820968628,
340,0.47488316893577576,1.9385875463485718,
341,0.47706422209739685,1.9333055019378662,
342,0.4791666567325592,1.9258244037628174,
343,0.48230087757110596,1.9180701971054077,
344,0.4836956560611725,1.9114885330200195,
345,0.48183760046958923,1.9125362634658813,
346,0.48056721687316895,1.911138653755188,
347,0.48243802785873413,1.9046134948730469,
348,0.48526424169540405,1.8934285640716553,
349,0.4855000078678131,1.889878511428833,
350,0.23842592537403107,2.9098682403564453,
351,0.2586206793785095,2.8304574489593506,
352,0.27217742800712585,2.7669811248779297,
353,0.2954545319080353,2.6847500801086426,
354,0.30714285373687744,2.6368863582611084,
355,0.3293918967247009,2.561450481414795,
356,0.3461538553237915,2.516968250274658,
357,0.35670730471611023,2.467667818069458,
358,0.3720930218696594,2.424474000930786,
359,0.3791666626930237,2.382138252258301,
360,0.38430851697921753,2.355158567428589,
361,0.3890306055545807,2.3330225944519043,
362,0.39828431606292725,2.2997593879699707,
363,0.4033018946647644,2.2710180282592773,
364,0.4056818187236786,2.2489819526672363,
365,0.4100877046585083,2.232779026031494,
366,0.4131355881690979,2.2172608375549316,
367,0.4200819730758667,2.1958250999450684,
368,0.42658731341362,2.1746039390563965,
369,0.428846150636673,2.1584503650665283,
370,0.4319029748439789,2.147594451904297,
371,0.4365941882133484,2.1316447257995605,
372,0.44190141558647156,2.114866018295288,
373,0.4443493187427521,2.1016077995300293,
374,0.44583332538604736,2.094738006591797,
375,0.4488636255264282,2.0838167667388916,
376,0.4556961953639984,2.067058801651001,
377,0.4591049253940582,2.057199001312256,
378,0.46686747670173645,2.038236379623413,
379,0.4691176414489746,2.026139736175537,
380,0.47270116209983826,2.0168535709381104,
381,0.47401684522628784,2.0106406211853027,
382,0.4773351550102234,1.9999803304672241,
383,0.47782257199287415,1.9928337335586548,
384,0.47631579637527466,1.985854983329773,
385,0.47873711585998535,1.9757370948791504,
386,0.48106059432029724,1.9684878587722778,
387,0.4814356565475464,1.9658695459365845,
388,0.4811893105506897,1.95976984500885,
389,0.48154762387275696,1.9526937007904053,
390,0.48364487290382385,1.943008542060852,
391,0.48279815912246704,1.9408704042434692,
392,0.4859234094619751,1.9310166835784912,
393,0.4889380633831024,1.9227755069732666,
394,0.49347826838493347,1.9129441976547241,
395,0.49252137541770935,1.9120936393737793,
396,0.49369746446609497,1.908421277999878,
397,0.49793389439582825,1.8997896909713745,
398,0.5,1.8922905921936035,
399,0.5034999847412109,1.8825970888137817,
400,0.25925925374031067,3.3694839477539062,
401,0.2823275923728943,3.2378690242767334,
402,0.30645161867141724,3.1273064613342285,
403,0.3181818127632141,3.0411407947540283,
404,0.3410714268684387,2.9265220165252686,
405,0.34797295928001404,2.8616867065429688,
406,0.3589743673801422,2.7924845218658447,
407,0.37042683362960815,2.72088885307312,
408,0.3866279125213623,2.649543046951294,
409,0.39722222089767456,2.5996949672698975,
410,0.40824466943740845,2.5445916652679443,
411,0.41326531767845154,2.4990434646606445,
412,0.41911765933036804,2.468729257583618,
413,0.4245283007621765,2.4257233142852783,
414,0.43522727489471436,2.390728712081909,
415,0.4375,2.3652570247650146,
416,0.4406779706478119,2.3366918563842773,
417,0.44672131538391113,2.309100866317749,
418,0.4454365074634552,2.303398847579956,
419,0.44711539149284363,2.2863962650299072,
420,0.4533582031726837,2.2602133750915527,
421,0.45652174949645996,2.248777151107788,
422,0.4612676203250885,2.228771924972534,
423,0.45976027846336365,2.2250609397888184,
424,0.4658333361148834,2.2009668350219727,
425,0.46834415197372437,2.1881086826324463,
426,0.4723101258277893,2.1656641960144043,
427,0.47453704476356506,2.154834032058716,
428,0.47891566157341003,2.1322858333587646,
429,0.4801470637321472,2.121826171875,
430,0.479885071516037,2.1112725734710693,
431,0.483146071434021,2.0957400798797607,
432,0.48557692766189575,2.087292432785034,
433,0.48723119497299194,2.075514554977417,
434,0.4894736707210541,2.0563130378723145,
435,0.48969072103500366,2.0437569618225098,
436,0.4943181872367859,2.033504009246826,
437,0.4925742447376251,2.026437997817993,
438,0.49150484800338745,2.0200936794281006,
439,0.494047611951828,2.008065938949585,
440,0.49707943201065063,2.0027992725372314,
441,0.4982798099517822,1.9942011833190918,
442,0.5005630850791931,1.9850245714187622,
443,0.5044247508049011,1.9738237857818604,
444,0.5070652365684509,1.9621373414993286,
445,0.5096153616905212,1.9526259899139404,
446,0.5120798349380493,1.9438679218292236,
447,0.5160123705863953,1.9315745830535889,
448,0.5193089246749878,1.922430157661438,
449,0.5210000276565552,1.9158704280853271,
450,0.37268519401550293,2.2992212772369385,
451,0.39224138855934143,2.245605945587158,
452,0.4052419364452362,2.193345785140991,
453,0.41477271914482117,2.1694037914276123,
454,0.4285714328289032,2.125049114227295,
455,0.4425675570964813,2.0828769207000732,
456,0.4535256326198578,2.046405792236328,
457,0.46341463923454285,2.0166828632354736,
458,0.4723837077617645,1.9910664558410645,
459,0.4680555462837219,1.9774224758148193,
460,0.4680851101875305,1.9645676612854004,
461,0.47576531767845154,1.9478298425674438,
462,0.4828431308269501,1.9374035596847534,
463,0.48938679695129395,1.9163262844085693,
464,0.4943181872367859,1.8918355703353882,
465,0.49671053886413574,1.871898889541626,
466,0.49788135290145874,1.857006311416626,
467,0.5020492076873779,1.8432493209838867,
468,0.5109127163887024,1.8219660520553589,
469,0.5163461565971375,1.8024810552597046,
470,0.5195895433425903,1.7920012474060059,
471,0.5262681245803833,1.77488374710083,
472,0.5299295783042908,1.7611192464828491,
473,0.5333904027938843,1.74462890625,
474,0.5366666913032532,1.728599190711975,
475,0.5397727489471436,1.7205508947372437,
476,0.5419303774833679,1.717010498046875,
477,0.5470678806304932,1.7053501605987549,
478,0.5474397540092468,1.700371265411377,
479,0.5507352948188782,1.6908082962036133,
480,0.5553160905838013,1.6779025793075562,
481,0.557584285736084,1.6725159883499146,
482,0.5597527623176575,1.667464256286621,
483,0.5598118305206299,1.6645711660385132,
484,0.5625,1.659829020500183,
485,0.563788652420044,1.6497267484664917,
486,0.5637626051902771,1.6472872495651245,
487,0.5680692791938782,1.6371572017669678,
488,0.5697815418243408,1.6320887804031372,
489,0.5726190209388733,1.6235164403915405,
490,0.5753504633903503,1.6162562370300293,
491,0.5779816508293152,1.6090980768203735,
492,0.5771396160125732,1.6061341762542725,
493,0.5790929198265076,1.6080756187438965,
494,0.5793478488922119,1.6046522855758667,
495,0.5795940160751343,1.601921796798706,
496,0.582457959651947,1.5930604934692383,
497,0.5810950398445129,1.595218539237976,
498,0.5828251838684082,1.5897066593170166,
499,0.5845000147819519,1.5838762521743774,
500,0.44907405972480774,1.9271398782730103,
501,0.45258620381355286,1.909786581993103,
502,0.46169355511665344,1.8737139701843262,
503,0.4734848439693451,1.8377680778503418,
504,0.4839285612106323,1.8063162565231323,
505,0.4949324429035187,1.7854981422424316,
506,0.5112179517745972,1.743472933769226,
507,0.5182926654815674,1.7124677896499634,
508,0.5276162624359131,1.6925688982009888,
509,0.5347222089767456,1.6695958375930786,
510,0.542553186416626,1.6463590860366821,
511,0.5471938848495483,1.644817590713501,
512,0.5514705777168274,1.6374399662017822,
513,0.551886796951294,1.644840121269226,
514,0.5465909242630005,1.6596972942352295,
515,0.5537280440330505,1.6418278217315674,
516,0.554025411605835,1.6438488960266113,
517,0.5604507923126221,1.6211867332458496,
518,0.5634920597076416,1.6086856126785278,
519,0.5682692527770996,1.5919519662857056,
520,0.5736940503120422,1.5737676620483398,
521,0.58152174949646,1.5626534223556519,
522,0.5836267471313477,1.55752432346344,
523,0.5839040875434875,1.5521557331085205,
524,0.5874999761581421,1.5429446697235107,
525,0.5876623392105103,1.5378334522247314,
526,0.5893987417221069,1.5290840864181519,
527,0.5887345671653748,1.521660566329956,
528,0.5926204919815063,1.506415605545044,
529,0.5948529243469238,1.4961079359054565,
530,0.5969827771186829,1.487486720085144,
531,0.6004213690757751,1.4794858694076538,
532,0.6009615659713745,1.4768757820129395,
533,0.6034946441650391,1.473711371421814,
534,0.6013157963752747,1.477062702178955,
535,0.6018041372299194,1.473132848739624,
536,0.6016414165496826,1.4743582010269165,
537,0.6027227640151978,1.4730523824691772,
538,0.6031553149223328,1.4707653522491455,
539,0.6035714149475098,1.4661916494369507,
540,0.6057242751121521,1.4627026319503784,
541,0.6066513657569885,1.4631433486938477,
542,0.6047297120094299,1.4645626544952393,
543,0.607300877571106,1.4577207565307617,
544,0.6086956262588501,1.4536951780319214,
545,0.6095085740089417,1.450032114982605,
546,0.6113445162773132,1.4415704011917114,
547,0.6110537052154541,1.4416223764419556,
548,0.6117886304855347,1.4386876821517944,
549,0.6119999885559082,1.4361919164657593,
550,0.28009259700775146,2.815507173538208,
551,0.3038793206214905,2.718883752822876,
552,0.3245967626571655,2.626410722732544,
553,0.33712121844291687,2.5777621269226074,
554,0.3642857074737549,2.4928414821624756,
555,0.37837839126586914,2.443540096282959,
556,0.39262819290161133,2.3838367462158203,
557,0.4085365831851959,2.3207273483276367,
558,0.4258720874786377,2.264434814453125,
559,0.4333333373069763,2.2156152725219727,
560,0.44680851697921753,2.175886392593384,
561,0.4566326439380646,2.1297965049743652,
562,0.469362735748291,2.083951234817505,
563,0.4775943458080292,2.047161102294922,
564,0.48636364936828613,2.0089075565338135,
565,0.49013158679008484,1.9837485551834106,
566,0.5,1.9504318237304688,
567,0.5051229596138,1.9245461225509644,
568,0.5109127163887024,1.8985992670059204,
569,0.5163461565971375,1.8773820400238037,
570,0.5214552283287048,1.8542006015777588,
571,0.529891312122345,1.826612114906311,
572,0.533450722694397,1.8119723796844482,
573,0.5291095972061157,1.806682825088501,
574,0.5333333611488342,1.787264347076416,
575,0.5397727489471436,1.7669461965560913,
576,0.5435126423835754,1.7513842582702637,
577,0.5509259104728699,1.7339873313903809,
578,0.5496987700462341,1.7259474992752075,
579,0.554411768913269,1.710216760635376,
580,0.5545976758003235,1.6996068954467773,
581,0.557584285736084,1.6865617036819458,
582,0.5597527623176575,1.6739040613174438,
583,0.5631720423698425,1.6611659526824951,
584,0.5677631497383118,1.6490294933319092,
585,0.5715206265449524,1.6363015174865723,
586,0.5713383555412292,1.6305122375488281,
587,0.5742574334144592,1.6224478483200073,
588,0.5752426981925964,1.6137547492980957,
589,0.5779761672019958,1.6011147499084473,
590,0.5806074738502502,1.5930322408676147,
591,0.5837156176567078,1.5829730033874512,
592,0.585022509098053,1.575561761856079,
593,0.5879424810409546,1.5664646625518799,
594,0.5891304612159729,1.5606313943862915,
595,0.5913461446762085,1.5543239116668701,
596,0.5945377945899963,1.5459200143814087,
597,0.5960744023323059,1.541218876838684,
598,0.5990853905677795,1.5315667390823364,
599,0.6000000238418579,1.5251623392105103,
600,0.4861111044883728,1.8847068548202515,
601,0.506465494632721,1.8245540857315063,
602,0.5181451439857483,1.7859869003295898,
603,0.5094696879386902,1.7864073514938354,
604,0.5142857432365417,1.7646019458770752,
605,0.5118243098258972,1.763380765914917,
606,0.5112179517745972,1.752055048942566,
607,0.5213414430618286,1.709500789642334,
608,0.5305232405662537,1.67466402053833,
609,0.5486111044883728,1.6294199228286743,
610,0.5545212626457214,1.6005778312683105,
611,0.5612244606018066,1.5802958011627197,
612,0.5649510025978088,1.5683845281600952,
613,0.573113203048706,1.5468356609344482,
614,0.5840908885002136,1.5174154043197632,
615,0.5833333134651184,1.5120880603790283,
616,0.5868644118309021,1.4957104921340942,
617,0.5891393423080444,1.4810909032821655,
618,0.5902777910232544,1.4744341373443604,
619,0.5961538553237915,1.4564496278762817,
620,0.6016790866851807,1.4397457838058472,
621,0.6096014380455017,1.4176278114318848,
622,0.6161971688270569,1.3992481231689453,
623,0.6198630332946777,1.3897861242294312,
624,0.6158333420753479,1.401578426361084,
625,0.6168830990791321,1.3946155309677124,
626,0.6194620132446289,1.3852684497833252,
627,0.6203703880310059,1.3788926601409912,
628,0.6212349534034729,1.3768641948699951,
629,0.6227940917015076,1.3756234645843506,
630,0.6271551847457886,1.3661365509033203,
631,0.6306179761886597,1.3604429960250854,
632,0.6325549483299255,1.3558377027511597,
633,0.636424720287323,1.3420912027359009,
634,0.6368421316146851,1.3375074863433838,
635,0.6385309100151062,1.3319361209869385,
636,0.6401515007019043,1.3251465559005737,
637,0.6392326951026917,1.3246303796768188,
638,0.6401699185371399,1.3196479082107544,
639,0.6398809552192688,1.3190314769744873,
640,0.6431074738502502,1.3132997751235962,
641,0.6439220309257507,1.3085843324661255,
642,0.6463963985443115,1.3028616905212402,
643,0.6465708017349243,1.2975423336029053,
644,0.647826075553894,1.295093297958374,
645,0.6485042572021484,1.2954304218292236,
646,0.6496848464012146,1.2938863039016724,
647,0.6528925895690918,1.2832187414169312,
648,0.6544715166091919,1.2778874635696411,
649,0.6539999842643738,1.2761362791061401,
650,0.4513888955116272,1.9866822957992554,
651,0.48275861144065857,1.8953338861465454,
652,0.49193549156188965,1.859283447265625,
653,0.5037878751754761,1.8055033683776855,
654,0.5214285850524902,1.7507795095443726,
655,0.525337815284729,1.7138493061065674,
656,0.5352563858032227,1.665887475013733,
657,0.5518292784690857,1.623081088066101,
658,0.5581395626068115,1.5957057476043701,
659,0.5597222447395325,1.5892105102539062,
660,0.563829779624939,1.574013590812683,
661,0.5727040767669678,1.551689624786377,
662,0.5735294222831726,1.5488085746765137,
663,0.5813679099082947,1.526688814163208,
664,0.5852272510528564,1.5114493370056152,
665,0.5921052694320679,1.4942375421524048,
666,0.5942796468734741,1.4841009378433228,
667,0.5983606576919556,1.469491958618164,
668,0.60317462682724,1.4491875171661377,
669,0.607692301273346,1.4396147727966309,
670,0.6128731369972229,1.4220396280288696,
671,0.616847813129425,1.415202021598816,
672,0.6232394576072693,1.3999024629592896,
673,0.6258561611175537,1.3896994590759277,
674,0.6258333325386047,1.383845567703247,
675,0.6290584206581116,1.3744560480117798,
676,0.628164529800415,1.3729276657104492,
677,0.6319444179534912,1.3655972480773926,
678,0.6355421543121338,1.3534748554229736,
679,0.6389706134796143,1.3412357568740845,
680,0.6408045887947083,1.3349214792251587,
681,0.6439606547355652,1.3239965438842773,
682,0.6476648449897766,1.3141412734985352,
683,0.6485214829444885,1.3123438358306885,
684,0.6519736647605896,1.3089354038238525,
685,0.6533505320549011,1.2991764545440674,
686,0.6571969985961914,1.2905693054199219,
687,0.6584158539772034,1.2843132019042969,
688,0.6601941585540771,1.278372883796692,
689,0.6601190567016602,1.2851746082305908,
690,0.663551390171051,1.2797861099243164,
691,0.6662843823432922,1.270095705986023,
692,0.6666666865348816,1.2684787511825562,
693,0.6670354008674622,1.2663078308105469,
694,0.669021725654602,1.2601048946380615,
695,0.6688033938407898,1.2585783004760742,
696,0.6691176295280457,1.2552052736282349,
697,0.6683884263038635,1.258244276046753,
698,0.6697154641151428,1.2552611827850342,
699,0.6710000038146973,1.2489638328552246,
700,0.47685185074806213,1.8974653482437134,
701,0.4978448152542114,1.8252614736557007,
702,0.5100806355476379,1.7677148580551147,
703,0.5170454382896423,1.7263524532318115,
704,0.5232142806053162,1.6969715356826782,
705,0.5304054021835327,1.6784508228302002,
706,0.5336538553237915,1.6535331010818481,
707,0.5396341681480408,1.6348806619644165,
708,0.5494186282157898,1.6090012788772583,
709,0.5569444298744202,1.5819798707962036,
710,0.5678191781044006,1.551417589187622,
711,0.5752550959587097,1.5267963409423828,
712,0.5784313678741455,1.5276426076889038,
713,0.5849056839942932,1.5005347728729248,
714,0.5897727012634277,1.4914318323135376,
715,0.593201756477356,1.474564552307129,
716,0.5985169410705566,1.462796926498413,
717,0.6075819730758667,1.442371129989624,
718,0.6111111044883728,1.4273320436477661,
719,0.6144230961799622,1.4133116006851196,
720,0.6231343150138855,1.3894296884536743,
721,0.6268116235733032,1.3819913864135742,
722,0.6329225301742554,1.3659780025482178,
723,0.6369863152503967,1.3514398336410522,
724,0.64083331823349,1.340071678161621,
725,0.6420454382896423,1.3319798707962036,
726,0.6416139006614685,1.3232269287109375,
727,0.6435185074806213,1.310655117034912,
728,0.6475903391838074,1.299285650253296,
729,0.645588219165802,1.2959123849868774,
730,0.6451149582862854,1.2949274778366089,
731,0.648876428604126,1.2868574857711792,
732,0.6517857313156128,1.2788655757904053,
733,0.6572580933570862,1.2669415473937988,
734,0.6565789580345154,1.2630984783172607,
735,0.6591494679450989,1.2552849054336548,
736,0.6616161465644836,1.2458759546279907,
737,0.6615098714828491,1.2407182455062866,
738,0.6626213788986206,1.2340227365493774,
739,0.663690447807312,1.22950279712677,
740,0.6653037667274475,1.224658489227295,
741,0.6651375889778137,1.2221271991729736,
742,0.6661036014556885,1.2175558805465698,
743,0.6670354008674622,1.2104250192642212,
744,0.6695652008056641,1.2037943601608276,
745,0.6704059839248657,1.2014435529708862,
746,0.6727941036224365,1.1978410482406616,
747,0.6740702390670776,1.1937280893325806,
748,0.6747967600822449,1.1869044303894043,
749,0.6744999885559082,1.1858404874801636,
750,0.47685185074806213,1.8299473524093628,
751,0.49353447556495667,1.7722357511520386,
752,0.5181451439857483,1.7000147104263306,
753,0.5359848737716675,1.6464829444885254,
754,0.5482142567634583,1.613779902458191,
755,0.5489864945411682,1.6048816442489624,
756,0.5592948794364929,1.5748668909072876,
757,0.5670731663703918,1.5506633520126343,
758,0.5755813717842102,1.5255870819091797,
759,0.581944465637207,1.508189082145691,
760,0.5811170339584351,1.5216063261032104,
761,0.5892857313156128,1.498009204864502,
762,0.591911792755127,1.47419011592865,
763,0.5896226167678833,1.463714599609375,
764,0.5920454263687134,1.4451570510864258,
765,0.6019737124443054,1.4203782081604004,
766,0.6059321761131287,1.406328797340393,
767,0.6157786846160889,1.3850696086883545,
768,0.6220238208770752,1.362823247909546,
769,0.625,1.3499891757965088,
770,0.6296641826629639,1.343016505241394,
771,0.6277173757553101,1.3322643041610718,
772,0.6294013857841492,1.3229790925979614,
773,0.6301369667053223,1.3185606002807617,
774,0.6316666603088379,1.3078075647354126,
775,0.635551929473877,1.2925254106521606,
776,0.6392405033111572,1.2809324264526367,
777,0.6442901492118835,1.266877293586731,
778,0.6460843086242676,1.2628720998764038,
779,0.6514706015586853,1.252247929573059,
780,0.6566091775894165,1.2388418912887573,
781,0.6622191071510315,1.2277100086212158,
782,0.6655219793319702,1.2188550233840942,
783,0.6686828136444092,1.205554485321045,
784,0.6710526347160339,1.1943013668060303,
785,0.6726804375648499,1.187179446220398,
786,0.6761363744735718,1.1814825534820557,
787,0.6745049357414246,1.178521752357483,
788,0.6741504669189453,1.1780515909194946,
789,0.675595223903656,1.1746931076049805,
790,0.6781542301177979,1.1689434051513672,
791,0.6777523159980774,1.1642073392868042,
792,0.6796171069145203,1.1577544212341309,
793,0.6825221180915833,1.149743676185608,
794,0.685869574546814,1.1418797969818115,
795,0.689636766910553,1.132946491241455,
796,0.6911764740943909,1.1297193765640259,
797,0.692148745059967,1.1262495517730713,
798,0.6941056847572327,1.1190558671951294,
799,0.6949999928474426,1.1175659894943237,
800,0.5439814925193787,1.6243001222610474,
801,0.556034505367279,1.5760098695755005,
802,0.5604838728904724,1.5505539178848267,
803,0.5776515007019043,1.5064175128936768,
804,0.5928571224212646,1.4682561159133911,
805,0.5962837934494019,1.4526731967926025,
806,0.6089743375778198,1.4148235321044922,
807,0.6234756112098694,1.372286081314087,
808,0.6337209343910217,1.3455500602722168,
809,0.6388888955116272,1.3228070735931396,
810,0.646276593208313,1.2969130277633667,
811,0.6517857313156128,1.2730255126953125,
812,0.6593137383460999,1.2490482330322266,
813,0.6639150977134705,1.227709174156189,
814,0.668181836605072,1.2084206342697144,
815,0.6710526347160339,1.2026444673538208,
816,0.6769067645072937,1.1848307847976685,
817,0.6793032884597778,1.1710267066955566,
818,0.6855158805847168,1.1525856256484985,
819,0.6884615421295166,1.142043113708496,
820,0.6902984976768494,1.144212007522583,
821,0.6929348111152649,1.1370997428894043,
822,0.6989436745643616,1.1263008117675781,
823,0.7020547986030579,1.12101149559021,
824,0.70333331823349,1.115286946296692,
825,0.7053571343421936,1.109727382659912,
826,0.7064873576164246,1.1073837280273438,
827,0.7067901492118835,1.1048173904418945,
828,0.7070783376693726,1.0995761156082153,
829,0.7073529362678528,1.0994510650634766,
830,0.710488498210907,1.092648983001709,
831,0.7120786309242249,1.0888867378234863,
832,0.7163461446762085,1.0794085264205933,
833,0.7184139490127563,1.0749391317367554,
834,0.7190789580345154,1.0707846879959106,
835,0.718427836894989,1.0683324337005615,
836,0.7184343338012695,1.0648232698440552,
837,0.719059407711029,1.0620073080062866,
838,0.719660222530365,1.0583244562149048,
839,0.7208333611488342,1.054701805114746,
840,0.7225467562675476,1.0505317449569702,
841,0.7236238718032837,1.0475951433181763,
842,0.7240990996360779,1.0437382459640503,
843,0.7267699241638184,1.0383622646331787,
844,0.7250000238418579,1.0366730690002441,
845,0.7275640964508057,1.0324143171310425,
846,0.7274159789085388,1.0306135416030884,
847,0.7277892827987671,1.0277427434921265,
848,0.727642297744751,1.025874137878418,
849,0.7285000085830688,1.0237370729446411,
850,0.5254629850387573,1.8135918378829956,
851,0.5409482717514038,1.754115104675293,
852,0.5544354915618896,1.7028896808624268,
853,0.564393937587738,1.6620224714279175,
854,0.5785714387893677,1.6130305528640747,
855,0.5912162065505981,1.566389799118042,
856,0.6009615659713745,1.5288139581680298,
857,0.6143292784690857,1.4806982278823853,
858,0.625,1.4498573541641235,
859,0.6222222447395325,1.4415676593780518,
860,0.6343085169792175,1.4084150791168213,
861,0.6364796161651611,1.3903428316116333,
862,0.6421568393707275,1.3653219938278198,
863,0.6438679099082947,1.350870966911316,
864,0.6522727012634277,1.3282383680343628,
865,0.6546052694320679,1.3119460344314575,
866,0.6567796468734741,1.2998641729354858,
867,0.6629098653793335,1.2771941423416138,
868,0.6696428656578064,1.2583863735198975,
869,0.675000011920929,1.2425332069396973,
870,0.6763059496879578,1.2336512804031372,
871,0.679347813129425,1.2183921337127686,
872,0.6830986142158508,1.2067075967788696,
873,0.6832191944122314,1.1948322057724,
874,0.6825000047683716,1.1864732503890991,
875,0.6858766078948975,1.175251841545105,
876,0.6882911324501038,1.1662181615829468,
877,0.6921296119689941,1.15646493434906,
878,0.6927710771560669,1.1459789276123047,
879,0.6970587968826294,1.1343544721603394,
880,0.6975574493408203,1.124996542930603,
881,0.699438214302063,1.116070032119751,
882,0.7005494236946106,1.1158236265182495,
883,0.6995967626571655,1.1138345003128052,
884,0.7032894492149353,1.1069210767745972,
885,0.7016752362251282,1.1086504459381104,
886,0.7007575631141663,1.1077430248260498,
887,0.7029703259468079,1.1027476787567139,
888,0.7032766938209534,1.1037890911102295,
889,0.7017857432365417,1.1031265258789062,
890,0.701518714427948,1.1028008460998535,
891,0.7041284441947937,1.0914496183395386,
892,0.707207202911377,1.0868701934814453,
893,0.7085176706314087,1.0792090892791748,
894,0.7130434513092041,1.0688282251358032,
895,0.7126068472862244,1.0668433904647827,
896,0.7148109078407288,1.0595840215682983,
897,0.7164255976676941,1.0558133125305176,
898,0.7174796462059021,1.052207112312317,
899,0.7200000286102295,1.0458489656448364,
900,0.5648148059844971,1.6329988241195679,
901,0.5905172228813171,1.5577260255813599,
902,0.600806474685669,1.5213072299957275,
903,0.6117424368858337,1.4795137643814087,
904,0.612500011920929,1.4565385580062866,
905,0.6182432174682617,1.4283589124679565,
906,0.6346153616905212,1.379616618156433,
907,0.6387194991111755,1.3534324169158936,
908,0.6409883499145508,1.3312427997589111,
909,0.6513888835906982,1.302972674369812,
910,0.6555851101875305,1.28557550907135,
911,0.6645408272743225,1.2627826929092407,
912,0.6691176295280457,1.2429265975952148,
913,0.6804245114326477,1.2141586542129517,
914,0.6886363625526428,1.1892796754837036,
915,0.6896929740905762,1.1867775917053223,
916,0.694915235042572,1.1719238758087158,
917,0.6987704634666443,1.1621007919311523,
918,0.7023809552192688,1.1468539237976074,
919,0.7086538672447205,1.1323280334472656,
920,0.7126865386962891,1.119622826576233,
921,0.7155796885490417,1.1055574417114258,
922,0.7174295783042908,1.0957221984863281,
923,0.7208904027938843,1.0820757150650024,
924,0.721666693687439,1.075742483139038,
925,0.7224025726318359,1.0668314695358276,
926,0.7262658476829529,1.054284930229187,
927,0.729938268661499,1.046282410621643,
928,0.733433723449707,1.034063458442688,
929,0.7360293865203857,1.0281842947006226,
930,0.7370689511299133,1.0229120254516602,
931,0.7373595237731934,1.018308162689209,
932,0.7390109896659851,1.0113167762756348,
933,0.7432795763015747,0.9984685182571411,
934,0.745394766330719,0.990729808807373,
935,0.7454897165298462,0.985710084438324,
936,0.745580792427063,0.97979336977005,
937,0.7487623691558838,0.969918429851532,
938,0.7493932247161865,0.9688933491706848,
939,0.75,0.9653304219245911,
940,0.7511682510375977,0.9613959193229675,
941,0.7517201900482178,0.9631621241569519,
942,0.7533783912658691,0.958888828754425,
943,0.7511062026023865,0.9624765515327454,
944,0.752173900604248,0.9597316384315491,
945,0.754273533821106,0.9561934471130371,
946,0.7542017102241516,0.954470694065094,
947,0.7572314143180847,0.94815993309021,
948,0.7571138143539429,0.946742832660675,
949,0.7590000033378601,0.941057562828064,
950,0.5555555820465088,1.670813798904419,
951,0.568965494632721,1.6067875623703003,
952,0.586693525314331,1.5501973628997803,
953,0.6022727489471436,1.4952373504638672,
954,0.6178571581840515,1.447869896888733,
955,0.6385135054588318,1.3937472105026245,
956,0.6426281929016113,1.362707257270813,
957,0.6463414430618286,1.341737151145935,
958,0.6584302186965942,1.30567467212677,
959,0.6694444417953491,1.269156575202942,
960,0.6781914830207825,1.247972846031189,
961,0.6887755393981934,1.2177863121032715,
962,0.6924019455909729,1.197646141052246,
963,0.698113203048706,1.1778703927993774,
964,0.7056818008422852,1.1613428592681885,
965,0.7083333134651184,1.1478883028030396,
966,0.7065678238868713,1.1408573389053345,
967,0.7110655903816223,1.1323477029800415,
968,0.716269850730896,1.1177316904067993,
969,0.7230769395828247,1.0978938341140747,
970,0.7248134613037109,1.099000334739685,
971,0.7255434989929199,1.0920566320419312,
972,0.7306337952613831,1.078533411026001,
973,0.7345890402793884,1.0701696872711182,
974,0.737500011920929,1.0586227178573608,
975,0.739448070526123,1.050175666809082,
976,0.7397152185440063,1.044162631034851,
977,0.7399691343307495,1.0417776107788086,
978,0.7424699068069458,1.031579852104187,
979,0.7448529601097107,1.022816777229309,
980,0.7464080452919006,1.0167248249053955,
981,0.7478932738304138,1.0078731775283813,
982,0.75,1.0007110834121704,
983,0.7526881694793701,0.991383969783783,
984,0.7552631497383118,0.9830917119979858,
985,0.7564433217048645,0.9750570058822632,
986,0.7569444179534912,0.9700379967689514,
987,0.7580445408821106,0.9645845890045166,
988,0.7584951519966125,0.963161051273346,
989,0.7595238089561462,0.959821343421936,
990,0.759929895401001,0.9580321311950684,
991,0.7614678740501404,0.949761152267456,
992,0.7623873949050903,0.9467698931694031,
993,0.7643805146217346,0.9415099024772644,
994,0.7663043737411499,0.9348956942558289,
995,0.7665598392486572,0.9291846752166748,
996,0.7673319578170776,0.9284387230873108,
997,0.7691115736961365,0.9206140041351318,
998,0.7718495726585388,0.9120035767555237,
999,0.7745000123977661,0.9041380286216736,
1000,0.6597222089767456,1.3534009456634521,
1001,0.6724137663841248,1.3061999082565308,
1002,0.6754032373428345,1.268890380859375,
1003,0.6875,1.225638508796692,
1004,0.699999988079071,1.1872292757034302,
1005,0.7094594836235046,1.1559360027313232,
1006,0.7131410241127014,1.1279568672180176,
1007,0.7164633870124817,1.1062055826187134,
1008,0.7165697813034058,1.0966533422470093,
1009,0.7250000238418579,1.0748339891433716,
1010,0.7313829660415649,1.051340937614441,
1011,0.7359693646430969,1.0326991081237793,
1012,0.7389705777168274,1.019270420074463,
1013,0.7441037893295288,1.0058908462524414,
1014,0.7477272748947144,0.9958919286727905,
1015,0.7489035129547119,0.9889321327209473,
1016,0.7563559412956238,0.9731156826019287,
1017,0.7602459192276001,0.9584181904792786,
1018,0.761904776096344,0.9543471336364746,
1019,0.7634615302085876,0.9468680620193481,
1020,0.7658582329750061,0.937274158000946,
1021,0.7681159377098083,0.9298520088195801,
1022,0.7711267471313477,0.9247363209724426,
1023,0.7722602486610413,0.9136911630630493,
1024,0.7741666436195374,0.9087822437286377,
1025,0.7767857313156128,0.8988569378852844,
1026,0.7808544039726257,0.8915408849716187,
1027,0.783178985118866,0.8840452432632446,
1028,0.7838855385780334,0.8796325325965881,
1029,0.7867646813392639,0.8688304424285889,
1030,0.7887930870056152,0.8614978790283203,
1031,0.788623571395874,0.8580887317657471,
1032,0.7891483306884766,0.8589378595352173,
1033,0.788306474685669,0.8608365058898926,
1034,0.7894737124443054,0.8585302829742432,
1035,0.7912371158599854,0.8576857447624207,
1036,0.7929292917251587,0.8535469174385071,
1037,0.7926980257034302,0.8512757420539856,
1038,0.791262149810791,0.8523770570755005,
1039,0.7940475940704346,0.8457058668136597,
1040,0.7955607771873474,0.8426027297973633,
1041,0.795298159122467,0.8416668176651001,
1042,0.7967342138290405,0.8395192623138428,
1043,0.7964601516723633,0.8397196531295776,
1044,0.7978261113166809,0.8342279195785522,
1045,0.7996794581413269,0.8282778263092041,
1046,0.7998949289321899,0.8282036781311035,
1047,0.8001033067703247,0.8264689445495605,
1048,0.8008130192756653,0.8219645023345947,
1049,0.8019999861717224,0.8180817365646362,
1050,0.5740740895271301,1.516833782196045,
1051,0.5991379022598267,1.445155143737793,
1052,0.6169354915618896,1.3898290395736694,
1053,0.6382575631141663,1.3291691541671753,
1054,0.6499999761581421,1.2898565530776978,
1055,0.6554054021835327,1.264832854270935,
1056,0.6666666865348816,1.2365471124649048,
1057,0.6783536672592163,1.203324556350708,
1058,0.6860465407371521,1.1784260272979736,
1059,0.6888889074325562,1.1668943166732788,
1060,0.6914893388748169,1.1450544595718384,
1061,0.6977040767669678,1.1227163076400757,
1062,0.7058823704719543,1.1022779941558838,
1063,0.7122641801834106,1.0806341171264648,
1064,0.7136363387107849,1.0718520879745483,
1065,0.719298243522644,1.0552791357040405,
1066,0.7277542352676392,1.034867286682129,
1067,0.7315573692321777,1.026803970336914,
1068,0.7371031641960144,1.0104265213012695,
1069,0.7394230961799622,1.0010708570480347,
1070,0.7406716346740723,0.9918329119682312,
1071,0.7400362491607666,0.9842207431793213,
1072,0.7447183132171631,0.975309431552887,
1073,0.7482876777648926,0.9661540389060974,
1074,0.746666669845581,0.9669390916824341,
1075,0.7524350881576538,0.9520307183265686,
1076,0.7547468543052673,0.9448755979537964,
1077,0.7569444179534912,0.9356369972229004,
1078,0.7605421543121338,0.9237964749336243,
1079,0.7639706134796143,0.9146247506141663,
1080,0.766523003578186,0.9070320725440979,
1081,0.7675561904907227,0.9031761288642883,
1082,0.7685439586639404,0.896847128868103,
1083,0.7701612710952759,0.8956366777420044,
1084,0.7717105150222778,0.891420304775238,
1085,0.7731958627700806,0.8870960474014282,
1086,0.7733585834503174,0.8821539878845215,
1087,0.7747524976730347,0.8763490915298462,
1088,0.7760922312736511,0.8712634444236755,
1089,0.7791666388511658,0.8635684847831726,
1090,0.7797897458076477,0.8593436479568481,
1091,0.7821100950241089,0.852423906326294,
1092,0.7826576828956604,0.8489695191383362,
1093,0.7848451137542725,0.8428219556808472,
1094,0.7858695387840271,0.839595377445221,
1095,0.7868589758872986,0.8393839597702026,
1096,0.7872899174690247,0.8368520140647888,
1097,0.7861570119857788,0.839003324508667,
1098,0.7876016497612,0.8331634998321533,
1099,0.7894999980926514,0.8274741768836975,
1100,0.6689814925193787,1.272640347480774,
1101,0.6788793206214905,1.2375620603561401,
1102,0.6915322542190552,1.1992146968841553,
1103,0.7045454382896423,1.1612470149993896,
1104,0.7071428298950195,1.1422500610351562,
1105,0.7145270109176636,1.1140438318252563,
1106,0.7211538553237915,1.089324712753296,
1107,0.7317073345184326,1.0586389303207397,
1108,0.7369186282157898,1.037307620048523,
1109,0.7416666746139526,1.0174155235290527,
1110,0.7420212626457214,1.0051743984222412,
1111,0.7448979616165161,0.992281436920166,
1112,0.75,0.9798529148101807,
1113,0.7523584961891174,0.9692989587783813,
1114,0.7556818127632141,0.9498884677886963,
1115,0.7631579041481018,0.9269450902938843,
1116,0.7669491767883301,0.9157590270042419,
1117,0.7674180269241333,0.912629246711731,
1118,0.7708333134651184,0.8994545340538025,
1119,0.7749999761581421,0.8870806097984314,
1120,0.7779850959777832,0.880364716053009,
1121,0.779891312122345,0.8723639249801636,
1122,0.7860915660858154,0.858548641204834,
1123,0.7910959124565125,0.8463670611381531,
1124,0.7941666841506958,0.8370882272720337,
1125,0.7978895902633667,0.8272621631622314,
1126,0.7966772317886353,0.8302715420722961,
1127,0.7993826866149902,0.8240600228309631,
1128,0.8004518151283264,0.8219262361526489,
1129,0.800000011920929,0.8187062740325928,
1130,0.8024425506591797,0.8143894672393799,
1131,0.8026685118675232,0.8111713528633118,
1132,0.8021978139877319,0.8093203902244568,
1133,0.8037634491920471,0.8038532137870789,
1134,0.80460524559021,0.8008114695549011,
1135,0.8067010045051575,0.7951392531394958,
1136,0.8074495196342468,0.7915137410163879,
1137,0.8063119053840637,0.7881852984428406,
1138,0.8052184581756592,0.783630907535553,
1139,0.8047618865966797,0.7829679846763611,
1140,0.8037382960319519,0.7861338257789612,
1141,0.8044725060462952,0.7818976044654846,
1142,0.8057432174682617,0.7797235250473022,
1143,0.8075221180915833,0.7735335826873779,
1144,0.8092391490936279,0.767012357711792,
1145,0.8108974099159241,0.7628234624862671,
1146,0.8119747638702393,0.7586864829063416,
1147,0.8125,0.7583128809928894,
1148,0.8145325183868408,0.7524293661117554,
1149,0.8169999718666077,0.7474203109741211,
1150,0.6180555820465088,1.3595772981643677,
1151,0.631465494632721,1.2988921403884888,
1152,0.6512096524238586,1.2430191040039062,
1153,0.6704545617103577,1.1944736242294312,
1154,0.6803571581840515,1.1616795063018799,
1155,0.6925675868988037,1.1327074766159058,
1156,0.7003205418586731,1.1052024364471436,
1157,0.7118902206420898,1.073720932006836,
1158,0.7209302186965942,1.048010230064392,
1159,0.7263888716697693,1.0287988185882568,
1160,0.7367021441459656,1.0052478313446045,
1161,0.7410714030265808,0.9894716739654541,
1162,0.75,0.9725496768951416,
1163,0.75,0.9655820727348328,
1164,0.7556818127632141,0.947670042514801,
1165,0.7609649300575256,0.9285303354263306,
1166,0.7658898234367371,0.9129226207733154,
1167,0.7725409865379333,0.8995059728622437,
1168,0.7777777910232544,0.8865224719047546,
1169,0.7826923131942749,0.874927818775177,
1170,0.7873134613037109,0.8636557459831238,
1171,0.7916666865348816,0.849886417388916,
1172,0.7922534942626953,0.8463433980941772,
1173,0.7945205569267273,0.8415400981903076,
1174,0.79666668176651,0.8316543698310852,
1175,0.7995129823684692,0.826442301273346,
1176,0.800632894039154,0.8197913765907288,
1177,0.8040123581886292,0.8094229102134705,
1178,0.8049699068069458,0.8052122592926025,
1179,0.8088235259056091,0.7984032034873962,
1180,0.8096264600753784,0.792990505695343,
1181,0.8082864880561829,0.7913944125175476,
1182,0.8083791136741638,0.7890684604644775,
1183,0.8091397881507874,0.7845373749732971,
1184,0.8098683953285217,0.7779725790023804,
1185,0.8125,0.7720450758934021,
1186,0.8137626051902771,0.7665620446205139,
1187,0.8143564462661743,0.7637239694595337,
1188,0.8161407709121704,0.7620550394058228,
1189,0.8142856955528259,0.7626448273658752,
1190,0.8160046935081482,0.7566913366317749,
1191,0.8142201900482178,0.7556610703468323,
1192,0.8147522807121277,0.7552239894866943,
1193,0.814712405204773,0.7518377304077148,
1194,0.8163043260574341,0.7478498220443726,
1195,0.8183760643005371,0.7436124086380005,
1196,0.8172268867492676,0.7407501339912415,
1197,0.817148745059967,0.7383211255073547,
1198,0.8196138143539429,0.7317693829536438,
1199,0.8209999799728394,0.7259487509727478,
1200,0.5856481194496155,1.5589665174484253,
1201,0.6099137663841248,1.4799551963806152,
1202,0.625,1.4126895666122437,
1203,0.6382575631141663,1.3657509088516235,
1204,0.6571428775787354,1.312684416770935,
1205,0.6672297120094299,1.2691396474838257,
1206,0.6794871687889099,1.2315645217895508,
1207,0.6875,1.197618007659912,
1208,0.6991279125213623,1.1606049537658691,
1209,0.7083333134651184,1.1359847784042358,
1210,0.7114361524581909,1.116236925125122,
1211,0.7193877696990967,1.0916438102722168,
1212,0.7267156839370728,1.065792441368103,
1213,0.7311320900917053,1.0446202754974365,
1214,0.7352272868156433,1.0262579917907715,
1215,0.7401315569877625,1.0110387802124023,
1216,0.7478813529014587,0.9912936091423035,
1217,0.7530737519264221,0.9761438965797424,
1218,0.7569444179534912,0.9625005722045898,
1219,0.762499988079071,0.944727897644043,
1220,0.766791045665741,0.9310765862464905,
1221,0.7708333134651184,0.9164834022521973,
1222,0.7728873491287231,0.9006110429763794,
1223,0.778253436088562,0.8897304534912109,
1224,0.7825000286102295,0.8765838742256165,
1225,0.7840909361839294,0.8705203533172607,
1226,0.7871835231781006,0.8600541949272156,
1227,0.7878086566925049,0.8560312390327454,
1228,0.7891566157341003,0.8494686484336853,
1229,0.7911764979362488,0.8421398997306824,
1230,0.7938218116760254,0.8312742114067078,
1231,0.7963483333587646,0.8228403925895691,
1232,0.7980769276618958,0.8146638870239258,
1233,0.801075279712677,0.8064553141593933,
1234,0.803947389125824,0.7980504035949707,
1235,0.8067010045051575,0.7896257638931274,
1236,0.809974730014801,0.7793639302253723,
1237,0.8125,0.7725043892860413,
1238,0.8137136101722717,0.7667586207389832,
1239,0.8154761791229248,0.7632424235343933,
1240,0.8154205679893494,0.7581549882888794,
1241,0.8142201900482178,0.7574074864387512,
1242,0.8147522807121277,0.7553020715713501,
1243,0.8158186078071594,0.7497258186340332,
1244,0.8173912763595581,0.7432117462158203,
1245,0.8178418874740601,0.7398769855499268,
1246,0.8182772994041443,0.736815333366394,
1247,0.8207644820213318,0.7315844893455505,
1248,0.8226625919342041,0.726868748664856,
1249,0.8240000009536743,0.7236419916152954,
1250,0.6226851940155029,1.3896141052246094,
1251,0.6487069129943848,1.3190973997116089,
1252,0.6552419066429138,1.2815930843353271,
1253,0.6647727489471436,1.2392011880874634,
1254,0.6785714030265808,1.193542718887329,
1255,0.6891891956329346,1.1635606288909912,
1256,0.7019230723381042,1.1248127222061157,
1257,0.7088414430618286,1.0937315225601196,
1258,0.7136628031730652,1.0744532346725464,
1259,0.7236111164093018,1.0459258556365967,
1260,0.7327127456665039,1.0188075304031372,
1261,0.7423469424247742,0.991087794303894,
1262,0.7475489974021912,0.9699766039848328,
1263,0.7511792182922363,0.9520981907844543,
1264,0.7545454502105713,0.9418583512306213,
1265,0.7576754093170166,0.9265894889831543,
1266,0.7616525292396545,0.9120361804962158,
1267,0.7663934230804443,0.9019803404808044,
1268,0.7698412537574768,0.8911875486373901,
1269,0.7701923251152039,0.8794139623641968,
1270,0.7714552283287048,0.8750616312026978,
1271,0.7744565010070801,0.8655998706817627,
1272,0.7781690359115601,0.8555098176002502,
1273,0.7808219194412231,0.8497515916824341,
1274,0.7833333611488342,0.8411174416542053,
1275,0.7889610528945923,0.830399751663208,
1276,0.7895569801330566,0.8260837197303772,
1277,0.7908950448036194,0.8201689720153809,
1278,0.7929216623306274,0.8105533719062805,
1279,0.7941176295280457,0.8030776977539062,
1280,0.7966954112052917,0.7941042184829712,
1281,0.7977527976036072,0.7918053269386292,
1282,0.8001373410224915,0.783193826675415,
1283,0.8017473220825195,0.7763296365737915,
1284,0.8032894730567932,0.7714813351631165,
1285,0.8047680258750916,0.7656555771827698,
1286,0.808080792427063,0.7588838338851929,
1287,0.8106435537338257,0.751470685005188,
1288,0.8118932247161865,0.7472789883613586,
1289,0.813095211982727,0.7451600432395935,
1290,0.8154205679893494,0.7420182228088379,
1291,0.8165137767791748,0.7380755543708801,
1292,0.8175675868988037,0.7371569275856018,
1293,0.8191371560096741,0.7313733100891113,
1294,0.821195662021637,0.7269222140312195,
1295,0.8226495981216431,0.7229052186012268,
1296,0.8230041861534119,0.7194685935974121,
1297,0.8233470916748047,0.7189165949821472,
1298,0.8231707215309143,0.7199413776397705,
1299,0.8240000009536743,0.717129111289978,
1300,0.6759259104728699,1.1778384447097778,
1301,0.6896551847457886,1.1252254247665405,
1302,0.7016128897666931,1.080029010772705,
1303,0.7159090638160706,1.03396475315094,
1304,0.7250000238418579,1.0078511238098145,
1305,0.7314189076423645,0.9862636923789978,
1306,0.7419871687889099,0.9557147026062012,
1307,0.7515243887901306,0.9259325265884399,
1308,0.7587209343910217,0.9021390080451965,
1309,0.7597222328186035,0.8858229517936707,
1310,0.7659574747085571,0.8666654825210571,
1311,0.7716836929321289,0.8495631814002991,
1312,0.7745097875595093,0.8326653242111206,
1313,0.7806603908538818,0.8149015307426453,
1314,0.7852272987365723,0.8012173175811768,
1315,0.7927631735801697,0.783926784992218,
1316,0.7976694703102112,0.7695686221122742,
1317,0.8012295365333557,0.759372889995575,
1318,0.8025793433189392,0.751791775226593,
1319,0.8038461804389954,0.7456067800521851,
1320,0.8097015023231506,0.7333909273147583,
1321,0.8106883764266968,0.7294939756393433,
1322,0.8142605423927307,0.7204428315162659,
1323,0.8150684833526611,0.7134233117103577,
1324,0.8199999928474426,0.7035822868347168,
1325,0.8181818127632141,0.7066636681556702,
1326,0.8196202516555786,0.7045398950576782,
1327,0.8209876418113708,0.698769748210907,
1328,0.8253012299537659,0.6894830465316772,
1329,0.8272058963775635,0.6851339340209961,
1330,0.8268678188323975,0.6809737086296082,
1331,0.8300561904907227,0.6738244295120239,
1332,0.8310439586639404,0.670160710811615,
1333,0.8326612710952759,0.6637066602706909,
1334,0.8335526585578918,0.6598393321037292,
1335,0.8337628841400146,0.6565719842910767,
1336,0.8339646458625793,0.6543227434158325,
1337,0.8353960514068604,0.6514485478401184,
1338,0.8361650705337524,0.6479427814483643,
1339,0.8380952477455139,0.6433371901512146,
1340,0.8393691778182983,0.641362190246582,
1341,0.8405963182449341,0.6407805681228638,
1342,0.8389639854431152,0.6438652276992798,
1343,0.8390486836433411,0.6431753039360046,
1344,0.841304361820221,0.6391249895095825,
1345,0.8429487347602844,0.6356214284896851,
1346,0.8440126180648804,0.6353735327720642,
1347,0.8455578684806824,0.6332794427871704,
1348,0.8455284833908081,0.6318334341049194,
1349,0.8454999923706055,0.6311190128326416,
1350,0.6203703880310059,1.363025426864624,
1351,0.6379310488700867,1.297716498374939,
1352,0.6532257795333862,1.2466667890548706,
1353,0.6666666865348816,1.198005199432373,
1354,0.6803571581840515,1.1577054262161255,
1355,0.6942567825317383,1.1184817552566528,
1356,0.7019230723381042,1.088408350944519,
1357,0.7118902206420898,1.0555617809295654,
1358,0.7209302186965942,1.0251948833465576,
1359,0.7319444417953491,0.9932592511177063,
1360,0.7406914830207825,0.964766800403595,
1361,0.7474489808082581,0.9411106705665588,
1362,0.7524510025978088,0.9257714748382568,
1363,0.760613203048706,0.9039000868797302,
1364,0.7681818008422852,0.8808442950248718,
1365,0.7752193212509155,0.8607991337776184,
1366,0.7743644118309021,0.8535955548286438,
1367,0.7797130942344666,0.8401394486427307,
1368,0.778769850730896,0.8304952383041382,
1369,0.7836538553237915,0.817772388458252,
1370,0.7863805890083313,0.807053804397583,
1371,0.7844203114509583,0.8063565492630005,
1372,0.7878521084785461,0.7981123328208923,
1373,0.7902397513389587,0.7902412414550781,
1374,0.7925000190734863,0.7802718877792358,
1375,0.7954545617103577,0.7709923982620239,
1376,0.7998417615890503,0.7619962692260742,
1377,0.8032407164573669,0.7534108757972717,
1378,0.8064758777618408,0.7448570132255554,
1379,0.8058823347091675,0.7445335388183594,
1380,0.8067528605461121,0.740689754486084,
1381,0.8089887499809265,0.736098051071167,
1382,0.8104395866394043,0.7325457334518433,
1383,0.8118279576301575,0.7280536890029907,
1384,0.8138157725334167,0.7202132344245911,
1385,0.8157216310501099,0.7144883275032043,
1386,0.8181818127632141,0.7071459293365479,
1387,0.8205445408821106,0.7003797292709351,
1388,0.8222087621688843,0.697368860244751,
1389,0.8226190209388733,0.6964018940925598,
1390,0.8253504633903503,0.6885387897491455,
1391,0.8279816508293152,0.6825997829437256,
1392,0.8288288116455078,0.6786831021308899,
1393,0.8290929198265076,0.6765071153640747,
1394,0.8298913240432739,0.6726853251457214,
1395,0.8317307829856873,0.6673203110694885,
1396,0.8335084319114685,0.6652661561965942,
1397,0.8341942429542542,0.6607891321182251,
1398,0.8363820910453796,0.6545541882514954,
1399,0.8374999761581421,0.6507584452629089,
1400,0.6921296119689941,1.1869897842407227,
1401,0.7068965435028076,1.1355232000350952,
1402,0.7217742204666138,1.083256483078003,
1403,0.7348484992980957,1.044865608215332,
1404,0.7482143044471741,1.001359224319458,
1405,0.7584459185600281,0.9702224731445312,
1406,0.7692307829856873,0.9332059025764465,
1407,0.7774389982223511,0.9050862193107605,
1408,0.7834302186965942,0.8793798089027405,
1409,0.7888888716697693,0.8637122511863708,
1410,0.7952127456665039,0.8390347361564636,
1411,0.8022959232330322,0.8167327642440796,
1412,0.8075980544090271,0.7956305146217346,
1413,0.8113207817077637,0.782228410243988,
1414,0.8125,0.7727914452552795,
1415,0.8157894611358643,0.7579517960548401,
1416,0.820974588394165,0.7404418587684631,
1417,0.8258196711540222,0.7268699407577515,
1418,0.8283730149269104,0.7226300239562988,
1419,0.8288461565971375,0.7164120674133301,
1420,0.8320895433425903,0.7073150277137756,
1421,0.83423912525177,0.6975197792053223,
1422,0.8353873491287231,0.6884734034538269,
1423,0.8390411138534546,0.6775510907173157,
1424,0.8399999737739563,0.6714298725128174,
1425,0.8433441519737244,0.6646803617477417,
1426,0.844936728477478,0.6595084071159363,
1427,0.8479938507080078,0.6515119075775146,
1428,0.8501505851745605,0.6450557708740234,
1429,0.8514705896377563,0.6413937211036682,
1430,0.8534482717514038,0.6332605481147766,
1431,0.8546348214149475,0.6276247501373291,
1432,0.8564560413360596,0.6210495829582214,
1433,0.8588709831237793,0.6152534484863281,
1434,0.8598684072494507,0.6095467805862427,
1435,0.8601804375648499,0.60651034116745,
1436,0.8604797720909119,0.6054126620292664,
1437,0.8626237511634827,0.5997411608695984,
1438,0.862864077091217,0.5966039299964905,
1439,0.862500011920929,0.5941280722618103,
1440,0.8644859790802002,0.5895498394966125,
1441,0.8641055226325989,0.5909768342971802,
1442,0.8643018007278442,0.5894809365272522,
1443,0.8655973672866821,0.5888439416885376,
1444,0.866304337978363,0.5872671008110046,
1445,0.8643162250518799,0.5880203247070312,
1446,0.8650209903717041,0.5866571664810181,
1447,0.8646694421768188,0.585576057434082,
1448,0.8658536672592163,0.5832796692848206,
1449,0.8665000200271606,0.5815067887306213,
1450,0.5277777910232544,2.2357494831085205,
1451,0.556034505367279,2.112206220626831,
1452,0.5745967626571655,2.012317419052124,
1453,0.5946969985961914,1.9150209426879883,
1454,0.6160714030265808,1.8284235000610352,
1455,0.6351351141929626,1.7472362518310547,
1456,0.6490384340286255,1.6787420511245728,
1457,0.6646341681480408,1.6207468509674072,
1458,0.6744186282157898,1.5703462362289429,
1459,0.6875,1.512511134147644,
1460,0.6968085169792175,1.4721862077713013,
1461,0.706632673740387,1.427280068397522,
1462,0.716911792755127,1.382532000541687,
1463,0.724056601524353,1.3474489450454712,
1464,0.7261363863945007,1.3246716260910034,
1465,0.734649121761322,1.2936091423034668,
1466,0.741525411605835,1.2643975019454956,
1467,0.748975396156311,1.2348624467849731,
1468,0.754960298538208,1.2065904140472412,
1469,0.7576923370361328,1.188442587852478,
1470,0.7593283653259277,1.1687990427017212,
1471,0.760869562625885,1.1496516466140747,
1472,0.7632042169570923,1.1349689960479736,
1473,0.7688356041908264,1.114077091217041,
1474,0.7716666460037231,1.099914789199829,
1475,0.7751623392105103,1.081390142440796,
1476,0.780063271522522,1.0638673305511475,
1477,0.7824074029922485,1.0512512922286987,
1478,0.7861445546150208,1.0355712175369263,
1479,0.7897058725357056,1.0209869146347046,
1480,0.7945402264595032,1.0026088953018188,
1481,0.7970505356788635,0.9889806509017944,
1482,0.7987637519836426,0.9799752831459045,
1483,0.8004032373428345,0.9685643315315247,
1484,0.80460524559021,0.954131543636322,
1485,0.8079897165298462,0.9421364068984985,
1486,0.8118686676025391,0.9279880523681641,
1487,0.8137376308441162,0.9181199669837952,
1488,0.8155339956283569,0.9089648723602295,
1489,0.8190476298332214,0.8970330357551575,
1490,0.8195093274116516,0.8898627758026123,
1491,0.8205274939537048,0.8828428983688354,
1492,0.8209459185600281,0.8755537271499634,
1493,0.8224557638168335,0.8690761923789978,
1494,0.823913037776947,0.8588771224021912,
1495,0.8263888955116272,0.8510715961456299,
1496,0.8282563090324402,0.8412581086158752,
1497,0.8285123705863953,0.8356346487998962,
1498,0.8307926654815674,0.8271647691726685,
1499,0.8324999809265137,0.8187133073806763,
1500,0.6342592835426331,1.5899773836135864,
1501,0.6508620977401733,1.524198293685913,
1502,0.6693548560142517,1.450067400932312,
1503,0.6780303120613098,1.3945754766464233,
1504,0.6892856955528259,1.3470033407211304,
1505,0.7027027010917664,1.3018512725830078,
1506,0.7115384340286255,1.259719729423523,
1507,0.7240853905677795,1.216647744178772,
1508,0.7325581312179565,1.1791225671768188,
1509,0.7402777671813965,1.1417571306228638,
1510,0.7446808218955994,1.11451256275177,
1511,0.75,1.084547519683838,
1512,0.7573529481887817,1.0614715814590454,
1513,0.7641509175300598,1.0345641374588013,
1514,0.769318163394928,1.0104752779006958,
1515,0.7719298005104065,0.9957872629165649,
1516,0.7743644118309021,0.9758183360099792,
1517,0.7807376980781555,0.9537882208824158,
1518,0.7817460298538208,0.93975830078125,
1519,0.7846153974533081,0.921676516532898,
1520,0.7882462739944458,0.9076435565948486,
1521,0.79347825050354,0.8924612998962402,
1522,0.797535240650177,0.8760040998458862,
1523,0.7996575236320496,0.8632217049598694,
1524,0.8025000095367432,0.8519678711891174,
1525,0.8076298832893372,0.8365224003791809,
1526,0.8109177350997925,0.8265765309333801,
1527,0.8140432238578796,0.8127709031105042,
1528,0.8155120611190796,0.8072944283485413,
1529,0.8191176652908325,0.7952110767364502,
1530,0.8211206793785095,0.7880133390426636,
1531,0.824438214302063,0.7771121263504028,
1532,0.8234890103340149,0.7754695415496826,
1533,0.8259408473968506,0.7669969201087952,
1534,0.8296052813529968,0.755780816078186,
1535,0.8318299055099487,0.7465028166770935,
1536,0.8345959782600403,0.7388032674789429,
1537,0.8360148668289185,0.7339500188827515,
1538,0.8379854559898376,0.725583553314209,
1539,0.8398809432983398,0.7183092832565308,
1540,0.84112149477005,0.7128284573554993,
1541,0.8423165082931519,0.7077435851097107,
1542,0.8434684872627258,0.7052028179168701,
1543,0.8451327681541443,0.6988504528999329,
1544,0.8467391133308411,0.6939282417297363,
1545,0.8482906222343445,0.6879780292510986,
1546,0.8508403301239014,0.6812584400177002,
1547,0.8527892827987671,0.6743143796920776,
1548,0.8541666865348816,0.6700452566146851,
1549,0.8544999957084656,0.6649864912033081,
1550,0.6550925970077515,1.1741950511932373,
1551,0.670258641242981,1.1252177953720093,
1552,0.6814516186714172,1.0830429792404175,
1553,0.6950757503509521,1.0404157638549805,
1554,0.7124999761581421,0.9944103956222534,
1555,0.7229729890823364,0.9594489336013794,
1556,0.7307692170143127,0.9340231418609619,
1557,0.7439024448394775,0.9008052945137024,
1558,0.75,0.8753746151924133,
1559,0.7583333253860474,0.8507678508758545,
1560,0.7659574747085571,0.8310573697090149,
1561,0.7716836929321289,0.8113836050033569,
1562,0.7769607901573181,0.7934578657150269,
1563,0.7841981053352356,0.776066243648529,
1564,0.7920454740524292,0.7563329339027405,
1565,0.797149121761322,0.7417302131652832,
1566,0.7997881174087524,0.7308457493782043,
1567,0.8012295365333557,0.7256218194961548,
1568,0.8065476417541504,0.7109236121177673,
1569,0.8096153736114502,0.7005707621574402,
1570,0.8143656849861145,0.6877586245536804,
1571,0.8170289993286133,0.6815522313117981,
1572,0.8186619877815247,0.6735615134239197,
1573,0.8202054500579834,0.66485595703125,
1574,0.8224999904632568,0.6582536101341248,
1575,0.8254870176315308,0.6526827812194824,
1576,0.8259493708610535,0.6484219431877136,
1577,0.8294752836227417,0.6383640170097351,
1578,0.8313252925872803,0.6326375007629395,
1579,0.8338235020637512,0.6277832984924316,
1580,0.8340517282485962,0.6237870454788208,
1581,0.836376428604126,0.6161056756973267,
1582,0.8379120826721191,0.6126996278762817,
1583,0.8407257795333862,0.6054897904396057,
1584,0.8440789580345154,0.5967876315116882,
1585,0.8460051417350769,0.5925225615501404,
1586,0.8472222089767456,0.5909497737884521,
1587,0.8496286869049072,0.5853424072265625,
1588,0.8513349294662476,0.580310583114624,
1589,0.8529762029647827,0.5745218396186829,
1590,0.8539719581604004,0.5707380175590515,
1591,0.8560779690742493,0.5679973363876343,
1592,0.8581081032752991,0.5639146566390991,
1593,0.8595132827758789,0.5599073171615601,
1594,0.8603261113166809,0.5568514466285706,
1595,0.8595085740089417,0.5570068359375,
1596,0.8608193397521973,0.5530785322189331,
1597,0.8615702390670776,0.5506987571716309,
1598,0.8622967600822449,0.5486514568328857,
1599,0.8634999990463257,0.5453102588653564,
1600,0.6851851940155029,1.117974877357483,
1601,0.6982758641242981,1.0663963556289673,
1602,0.7056451439857483,1.041459083557129,
1603,0.7196969985961914,1.0074083805084229,
1604,0.7357142567634583,0.969679057598114,
1605,0.7449324131011963,0.9414827227592468,
1606,0.7532051205635071,0.9230248928070068,
1607,0.7591463327407837,0.9028623700141907,
1608,0.7674418687820435,0.880243182182312,
1609,0.7763888835906982,0.8503603339195251,
1610,0.7845744490623474,0.8337521553039551,
1611,0.7882652878761292,0.8210246562957764,
1612,0.7928921580314636,0.8059763312339783,
1613,0.7959905862808228,0.793380618095398,
1614,0.8034090995788574,0.7736726999282837,
1615,0.8081140518188477,0.7597224712371826,
1616,0.8114407062530518,0.746873140335083,
1617,0.8155737519264221,0.7311415076255798,
1618,0.8184523582458496,0.7236053943634033,
1619,0.8211538195610046,0.7146493792533875,
1620,0.8236940503120422,0.7037538886070251,
1621,0.8278985619544983,0.690252423286438,
1622,0.8292253613471985,0.6820530891418457,
1623,0.8313356041908264,0.6742172837257385,
1624,0.8341666460037231,0.6639503240585327,
1625,0.8352272510528564,0.6582835912704468,
1626,0.8378164768218994,0.6495146751403809,
1627,0.8395061492919922,0.6417223215103149,
1628,0.8418674468994141,0.6359502077102661,
1629,0.8448529243469238,0.6266716122627258,
1630,0.8484195470809937,0.6171547174453735,
1631,0.851123571395874,0.6094135046005249,
1632,0.8516483306884766,0.6049484610557556,
1633,0.8541666865348816,0.59854656457901,
1634,0.8565789461135864,0.5923070907592773,
1635,0.8576030731201172,0.5896466970443726,
1636,0.8592171669006348,0.5844848155975342,
1637,0.8595296740531921,0.5810420513153076,
1638,0.8604369163513184,0.5771271586418152,
1639,0.8613095283508301,0.5728698372840881,
1640,0.8621495366096497,0.5690010190010071,
1641,0.8629587292671204,0.5629534721374512,
1642,0.8648648858070374,0.5581215620040894,
1643,0.8667035102844238,0.5525733828544617,
1644,0.8673912882804871,0.5490679144859314,
1645,0.8680555820465088,0.546053946018219,
1646,0.868697464466095,0.5431642532348633,
1647,0.8688016533851624,0.5399323105812073,
1648,0.869918704032898,0.535620391368866,
1649,0.8694999814033508,0.535305380821228,
1650,0.6875,1.1456831693649292,
1651,0.6982758641242981,1.0973399877548218,
1652,0.7157257795333862,1.0389822721481323,
1653,0.7310606241226196,0.994587779045105,
1654,0.7428571581840515,0.9611642956733704,
1655,0.7516891956329346,0.9382899403572083,
1656,0.7580128312110901,0.9093069434165955,
1657,0.7637194991111755,0.8862667679786682,
1658,0.770348846912384,0.8660687208175659,
1659,0.7777777910232544,0.8397098183631897,
1660,0.7845744490623474,0.8163766264915466,
1661,0.7908163070678711,0.7969301342964172,
1662,0.7977941036224365,0.7786405086517334,
1663,0.8042452931404114,0.7610710263252258,
1664,0.8068181872367859,0.7529380917549133,
1665,0.8114035129547119,0.7400331497192383,
1666,0.8156779408454895,0.7258569598197937,
1667,0.8196721076965332,0.717336118221283,
1668,0.8224206566810608,0.7092642188072205,
1669,0.824999988079071,0.7000306248664856,
1670,0.8283582329750061,0.6891480088233948,
1671,0.8306159377098083,0.6787804365158081,
1672,0.8336267471313477,0.6718572974205017,
1673,0.8347602486610413,0.6628327965736389,
1674,0.8366666436195374,0.6587744355201721,
1675,0.8360389471054077,0.6527844071388245,
1676,0.8393987417221069,0.6439688205718994,
1677,0.8410493731498718,0.6368853449821472,
1678,0.8441265225410461,0.6292940974235535,
1679,0.8470588326454163,0.6213129162788391,
1680,0.8484195470809937,0.6181174516677856,
1681,0.8518258333206177,0.6129201054573059,
1682,0.853708803653717,0.6096161007881165,
1683,0.8561828136444092,0.6025028228759766,
1684,0.8578947186470032,0.5962909460067749,
1685,0.8595361113548279,0.5908689498901367,
1686,0.8604797720909119,0.5857970714569092,
1687,0.8607673048973083,0.5833760499954224,
1688,0.8622573018074036,0.5780379772186279,
1689,0.8636904954910278,0.5744463801383972,
1690,0.8627336621284485,0.5721900463104248,
1691,0.8635321259498596,0.5709552764892578,
1692,0.8648648858070374,0.5650956034660339,
1693,0.8655973672866821,0.5607646107673645,
1694,0.866847813129425,0.557979166507721,
1695,0.8685897588729858,0.5523186922073364,
1696,0.8702731132507324,0.5469186902046204,
1697,0.8708677887916565,0.5450629591941833,
1698,0.8719512224197388,0.5442644357681274,
1699,0.8725000023841858,0.5442802309989929,
1700,0.6504629850387573,1.3384228944778442,
1701,0.6659482717514038,1.274994969367981,
1702,0.6814516186714172,1.2218737602233887,
1703,0.6950757503509521,1.163359522819519,
1704,0.7107142806053162,1.1192333698272705,
1705,0.7229729890823364,1.0814151763916016,
1706,0.7323718070983887,1.0473486185073853,
1707,0.7454268336296082,1.0078771114349365,
1708,0.7543604373931885,0.9808498024940491,
1709,0.762499988079071,0.9465599060058594,
1710,0.769946813583374,0.9171585440635681,
1711,0.7767857313156128,0.8968371152877808,
1712,0.7855392098426819,0.8686379790306091,
1713,0.7924528121948242,0.8464004397392273,
1714,0.7954545617103577,0.8302764892578125,
1715,0.8004385828971863,0.8091315031051636,
1716,0.8061440587043762,0.7902645468711853,
1717,0.8094262480735779,0.7742840051651001,
1718,0.8115079402923584,0.7636772990226746,
1719,0.817307710647583,0.7474244236946106,
1720,0.8190298676490784,0.7393515110015869,
1721,0.8242753744125366,0.7244486808776855,
1722,0.8283450603485107,0.712543785572052,
1723,0.8313356041908264,0.704703688621521,
1724,0.8333333134651184,0.6961630582809448,
1725,0.8352272510528564,0.6880629658699036,
1726,0.8378164768218994,0.678169846534729,
1727,0.8402777910232544,0.6724450588226318,
1728,0.8441265225410461,0.6617996096611023,
1729,0.8470588326454163,0.6510477662086487,
1730,0.8498563170433044,0.6422128081321716,
1731,0.8518258333206177,0.637325644493103,
1732,0.8509615659713745,0.6351673603057861,
1733,0.852150559425354,0.6282958388328552,
1734,0.8552631735801697,0.6216162443161011,
1735,0.8582473993301392,0.6127111315727234,
1736,0.8585858345031738,0.609216034412384,
1737,0.8613861203193665,0.6016802787780762,
1738,0.8598300814628601,0.6004931926727295,
1739,0.8613095283508301,0.5973641276359558,
1740,0.8633177280426025,0.5927650332450867,
1741,0.8646789193153381,0.588839590549469,
1742,0.8659909963607788,0.5853663682937622,
1743,0.8667035102844238,0.5809012651443481,
1744,0.8684782385826111,0.5761170387268066,
1745,0.870192289352417,0.5707950592041016,
1746,0.8723739385604858,0.5651434063911438,
1747,0.8734503984451294,0.5629558563232422,
1748,0.8755081295967102,0.5569171905517578,
1749,0.8769999742507935,0.5535979270935059,
1750,0.6736111044883728,1.1634323596954346,
1751,0.6918103694915771,1.1038726568222046,
1752,0.7096773982048035,1.0484122037887573,
1753,0.7253788113594055,1.0006357431411743,
1754,0.737500011920929,0.9602017998695374,
1755,0.7466216087341309,0.928351640701294,
1756,0.7564102411270142,0.8951672315597534,
1757,0.7667682766914368,0.8654748797416687,
1758,0.7732558250427246,0.8408429622650146,
1759,0.7777777910232544,0.8232438564300537,
1760,0.7845744490623474,0.8040494918823242,
1761,0.7882652878761292,0.791126549243927,
1762,0.7879902124404907,0.7798532843589783,
1763,0.7959905862808228,0.7591242790222168,
1764,0.8011363744735718,0.7450547814369202,
1765,0.8015350699424744,0.736682653427124,
1766,0.8061440587043762,0.7219293117523193,
1767,0.8104507923126221,0.7082035541534424,
1768,0.8134920597076416,0.697131872177124,
1769,0.8163461685180664,0.6871973276138306,
1770,0.8208954930305481,0.6733443140983582,
1771,0.8242753744125366,0.6622852087020874,
1772,0.8283450603485107,0.6507575511932373,
1773,0.8330479264259338,0.6384219527244568,
1774,0.8374999761581421,0.6290361285209656,
1775,0.8417207598686218,0.6183227896690369,
1776,0.8457278609275818,0.606247067451477,
1777,0.8472222089767456,0.6001980900764465,
1778,0.8486445546150208,0.5933077335357666,
1779,0.8507353067398071,0.5876275300979614,
1780,0.852729856967926,0.5840111970901489,
1781,0.8553370833396912,0.5789722204208374,
1782,0.8564560413360596,0.5731713771820068,
1783,0.8595430254936218,0.5653374195098877,
1784,0.8611842393875122,0.559689998626709,
1785,0.8627577424049377,0.5550855994224548,
1786,0.8655303120613098,0.5485870242118835,
1787,0.8675742745399475,0.5443562269210815,
1788,0.8683252334594727,0.5453833937644958,
1789,0.8684523701667786,0.5429553389549255,
1790,0.8691588640213013,0.5392529368400574,
1791,0.8704128265380859,0.5345943570137024,
1792,0.8710585832595825,0.5300523638725281,
1793,0.872787594795227,0.5268586874008179,
1794,0.873913049697876,0.5218756198883057,
1795,0.875534176826477,0.5181311964988708,
1796,0.8771008253097534,0.5160021781921387,
1797,0.8780992031097412,0.5127452611923218,
1798,0.8790650367736816,0.510460376739502,
1799,0.8805000185966492,0.5072317719459534,
1800,0.6967592835426331,1.0752129554748535,
1801,0.7133620977401733,1.01981782913208,
1802,0.7318548560142517,0.9652397632598877,
1803,0.7443181872367859,0.9236437082290649,
1804,0.7517856955528259,0.8929122090339661,
1805,0.7652027010917664,0.8577762842178345,
1806,0.7772436141967773,0.8254700899124146,
1807,0.7865853905677795,0.8011364936828613,
1808,0.7950581312179565,0.7738719582557678,
1809,0.7986111044883728,0.7613704204559326,
1810,0.8045212626457214,0.7463405132293701,
1811,0.8125,0.7212725877761841,
1812,0.8186274766921997,0.7029425501823425,
1813,0.8242924809455872,0.6847665905952454,
1814,0.8306818008422852,0.6660330295562744,
1815,0.8355262875556946,0.6499545574188232,
1816,0.8400423526763916,0.6357260942459106,
1817,0.8442623019218445,0.6231312155723572,
1818,0.8452380895614624,0.6149587035179138,
1819,0.8500000238418579,0.6016489267349243,
1820,0.8535447716712952,0.591871440410614,
1821,0.8550724387168884,0.5899319052696228,
1822,0.8547534942626953,0.5845429301261902,
1823,0.857876718044281,0.5750436782836914,
1824,0.8616666793823242,0.5647647380828857,
1825,0.8636363744735718,0.5562549233436584,
1826,0.8655063509941101,0.5524583458900452,
1827,0.8672839403152466,0.5481411218643188,
1828,0.8689758777618408,0.5439514517784119,
1829,0.8713235259056091,0.5373209714889526,
1830,0.8706896305084229,0.5333751440048218,
1831,0.8714887499809265,0.5293524265289307,
1832,0.8736263513565063,0.5233995914459229,
1833,0.8756720423698425,0.5182907581329346,
1834,0.8769736886024475,0.513976514339447,
1835,0.8788659572601318,0.5069146156311035,
1836,0.8806818127632141,0.5000066161155701,
1837,0.8799505233764648,0.49762970209121704,
1838,0.8816747665405273,0.492501825094223,
1839,0.8833333253860474,0.48827245831489563,
1840,0.8855140209197998,0.4822075664997101,
1841,0.8864678740501404,0.47733670473098755,
1842,0.8868243098258972,0.4762047231197357,
1843,0.8888274431228638,0.47114646434783936,
1844,0.8896738886833191,0.4684586822986603,
1845,0.8910256624221802,0.4654863774776459,
1846,0.8928571343421936,0.4614691138267517,
1847,0.8941115736961365,0.4577624797821045,
1848,0.894817054271698,0.4557788372039795,
1849,0.8955000042915344,0.4551642835140228,
1850,0.7152777910232544,1.0707634687423706,
1851,0.7306034564971924,1.018426775932312,
1852,0.7479838728904724,0.9619529247283936,
1853,0.7594696879386902,0.9251324534416199,
1854,0.7696428298950195,0.8911601901054382,
1855,0.7804054021835327,0.8579824566841125,
1856,0.7852563858032227,0.8298562169075012,
1857,0.7911585569381714,0.811116635799408,
1858,0.7950581312179565,0.7940633893013,
1859,0.800000011920929,0.778593897819519,
1860,0.8071808218955994,0.7542325258255005,
1861,0.8112244606018066,0.74118572473526,
1862,0.8174019455909729,0.7215508818626404,
1863,0.8219339847564697,0.702947735786438,
1864,0.8272727131843567,0.6868780851364136,
1865,0.8300438523292542,0.6748484969139099,
1866,0.8326271176338196,0.6652088761329651,
1867,0.8350409865379333,0.6524432301521301,
1868,0.8382936716079712,0.6436477899551392,
1869,0.8423076868057251,0.6329919099807739,
1870,0.8470149040222168,0.6231004595756531,
1871,0.8505434989929199,0.6125262975692749,
1872,0.8547534942626953,0.6011632084846497,
1873,0.8570205569267273,0.5935430526733398,
1874,0.8566666841506958,0.5955629348754883,
1875,0.8579545617103577,0.5879976749420166,
1876,0.8615506291389465,0.5792339444160461,
1877,0.8641975522041321,0.5700123906135559,
1878,0.8667168617248535,0.5618979930877686,
1879,0.8683823347091675,0.5570061206817627,
1880,0.8714080452919006,0.547878623008728,
1881,0.8728932738304138,0.5435157418251038,
1882,0.875,0.5363792181015015,
1883,0.8763440847396851,0.5300397276878357,
1884,0.8769736886024475,0.5307902097702026,
1885,0.8795102834701538,0.5257202386856079,
1886,0.881313145160675,0.5206135511398315,
1887,0.8830445408821106,0.5144183039665222,
1888,0.884101927280426,0.5090126991271973,
1889,0.8851190209388733,0.5057639479637146,
1890,0.8872663378715515,0.5003177523612976,
1891,0.8870412707328796,0.4971105456352234,
1892,0.8873873949050903,0.49461808800697327,
1893,0.8877212405204773,0.49183785915374756,
1894,0.8885869383811951,0.4874475300312042,
1895,0.8894230723381042,0.48506560921669006,
1896,0.8902310729026794,0.48164603114128113,
1897,0.8904958963394165,0.4800504446029663,
1898,0.892276406288147,0.476965993642807,
1899,0.8934999704360962,0.4722965955734253,
1900,0.6921296119689941,1.141872763633728,
1901,0.7090517282485962,1.0823367834091187,
1902,0.7217742204666138,1.0318477153778076,
1903,0.7348484992980957,0.9834665060043335,
1904,0.7482143044471741,0.9398015737533569,
1905,0.7584459185600281,0.9064805507659912,
1906,0.7676281929016113,0.8759075999259949,
1907,0.7774389982223511,0.8442564010620117,
1908,0.7848837375640869,0.8214525580406189,
1909,0.7875000238418579,0.8019182085990906,
1910,0.7965425252914429,0.7771481275558472,
1911,0.7997449040412903,0.7658256888389587,
1912,0.8075980544090271,0.7441429495811462,
1913,0.8148584961891174,0.7257393598556519,
1914,0.8147727251052856,0.7266877889633179,
1915,0.8201754093170166,0.7105398178100586,
1916,0.8262711763381958,0.6927968263626099,
1917,0.8309426307678223,0.6792259812355042,
1918,0.83432537317276,0.669309675693512,
1919,0.8384615182876587,0.6561486124992371,
1920,0.8423507213592529,0.6422913670539856,
1921,0.8469203114509583,0.6297891139984131,
1922,0.8494718074798584,0.6201935410499573,
1923,0.8527397513389587,0.6125760078430176,
1924,0.8566666841506958,0.5995540618896484,
1925,0.8595778942108154,0.5907984375953674,
1926,0.8623417615890503,0.583584189414978,
1927,0.8641975522041321,0.5778547525405884,
1928,0.865963876247406,0.5717878937721252,
1929,0.8691176176071167,0.5627203583717346,
1930,0.8706896305084229,0.5585179924964905,
1931,0.8735954761505127,0.5498965978622437,
1932,0.8756868243217468,0.5435187816619873,
1933,0.8770161271095276,0.5374747514724731,
1934,0.8769736886024475,0.5350104570388794,
1935,0.8788659572601318,0.5296180844306946,
1936,0.881313145160675,0.5224376916885376,
1937,0.8830445408821106,0.5180813074111938,
1938,0.8847087621688843,0.5118153095245361,
1939,0.8851190209388733,0.5081904530525208,
1940,0.884929895401001,0.5059747695922852,
1941,0.8858944773674011,0.5023848414421082,
1942,0.8879504799842834,0.4968379735946655,
1943,0.8893805146217346,0.4936930239200592,
1944,0.8902173638343811,0.4906398057937622,
1945,0.8910256624221802,0.48983585834503174,
1946,0.8918067216873169,0.4866907000541687,
1947,0.8930785059928894,0.48557043075561523,
1948,0.894817054271698,0.48346540331840515,
1949,0.8960000276565552,0.480929970741272,
1950,0.7175925970077515,1.0129019021987915,
1951,0.732758641242981,0.9631772041320801,
1952,0.7459677457809448,0.9247000217437744,
1953,0.7575757503509521,0.8874541521072388,
1954,0.7714285850524902,0.849441409111023,
1955,0.7804054021835327,0.8188549876213074,
1956,0.7916666865348816,0.7872008085250854,
1957,0.8003048896789551,0.7597436904907227,
1958,0.8081395626068115,0.7345139980316162,
1959,0.8152777552604675,0.7132203578948975,
1960,0.8204787373542786,0.6974661946296692,
1961,0.8239796161651611,0.6792083382606506,
1962,0.8272058963775635,0.6661331057548523,
1963,0.8337264060974121,0.6465921401977539,
1964,0.8397727012634277,0.633012592792511,
1965,0.8399122953414917,0.6264578700065613,
1966,0.8442796468734741,0.6140044927597046,
1967,0.8483606576919556,0.6008464097976685,
1968,0.85317462682724,0.5882632732391357,
1969,0.8567307591438293,0.5810240507125854,
1970,0.858208954334259,0.5713791847229004,
1971,0.8623188138008118,0.5604509711265564,
1972,0.8653169274330139,0.5491139888763428,
1973,0.8681507110595703,0.5397322177886963,
1974,0.871666669845581,0.5300936102867126,
1975,0.8725649118423462,0.526325523853302,
1976,0.8757911324501038,0.5164433717727661,
1977,0.8780864477157593,0.5112641453742981,
1978,0.8810241222381592,0.5028405785560608,
1979,0.883088231086731,0.49603891372680664,
1980,0.8843390941619873,0.491526335477829,
1981,0.886938214302063,0.4863170385360718,
1982,0.8894230723381042,0.47857049107551575,
1983,0.8904569745063782,0.47423750162124634,
1984,0.8921052813529968,0.4702044725418091,
1985,0.8943299055099487,0.4655691981315613,
1986,0.8939393758773804,0.46490147709846497,
1987,0.8948019742965698,0.4611116647720337,
1988,0.8956310749053955,0.45803043246269226,
1989,0.8964285850524902,0.4544190764427185,
1990,0.8960280418395996,0.4525156021118164,
1991,0.8973624110221863,0.4471728503704071,
1992,0.897522509098053,0.4452242851257324,
1993,0.8976770043373108,0.4446914494037628,
1994,0.8989130258560181,0.44060102105140686,
1995,0.9006410241127014,0.43792298436164856,
1996,0.9002100825309753,0.43606388568878174,
1997,0.9003099203109741,0.4349389970302582,
1998,0.9014227390289307,0.4318808317184448,
1999,0.9024999737739563,0.43092629313468933,
2000,0.6481481194496155,1.2713371515274048,
2001,0.670258641242981,1.2008030414581299,
2002,0.6875,1.1468684673309326,
2003,0.7026515007019043,1.0941253900527954,
2004,0.7196428775787354,1.044095516204834,
2005,0.7297297120094299,1.0031917095184326,
2006,0.7387820482254028,0.9666360020637512,
2007,0.7515243887901306,0.9290215969085693,
2008,0.7587209343910217,0.9000754952430725,
2009,0.7666666507720947,0.8781372308731079,
2010,0.7765957713127136,0.8514310121536255,
2011,0.7831632494926453,0.8275054693222046,
2012,0.7916666865348816,0.8023269772529602,
2013,0.7971698045730591,0.7814208269119263,
2014,0.8011363744735718,0.7641420364379883,
2015,0.8059210777282715,0.7462360858917236,
2016,0.8125,0.7279639840126038,
2017,0.8165983557701111,0.7152700424194336,
2018,0.8204365372657776,0.7022420763969421,
2019,0.824999988079071,0.6882017850875854,
2020,0.8283582329750061,0.6743065118789673,
2021,0.8306159377098083,0.6622874140739441,
2022,0.8353873491287231,0.6483325958251953,
2023,0.8390411138534546,0.6375859379768372,
2024,0.8433333039283752,0.6268557906150818,
2025,0.8457792401313782,0.6170486807823181,
2026,0.8481012582778931,0.6087796688079834,
2027,0.8503086566925049,0.6008744239807129,
2028,0.8524096608161926,0.5941257476806641,
2029,0.8558823466300964,0.585455060005188,
2030,0.858476996421814,0.5767915844917297,
2031,0.8616573214530945,0.5686591863632202,
2032,0.8646978139877319,0.5611145496368408,
2033,0.8662634491920471,0.5538634657859802,
2034,0.8677631616592407,0.5499522089958191,
2035,0.8704897165298462,0.5440495014190674,
2036,0.8718434572219849,0.5390959978103638,
2037,0.8719059228897095,0.5363842248916626,
2038,0.8731796145439148,0.5321266651153564,
2039,0.875,0.5261489152908325,
2040,0.8767523169517517,0.520517885684967,
2041,0.8778669834136963,0.5151024460792542,
2042,0.8789414167404175,0.5105381608009338,
2043,0.8805309534072876,0.5067424178123474,
2044,0.8815217614173889,0.502964437007904,
2045,0.8835470080375671,0.4982942044734955,
2046,0.8849790096282959,0.4923062324523926,
2047,0.8863636255264282,0.49005556106567383,
2048,0.8877032399177551,0.48638486862182617,
2049,0.8889999985694885,0.4851206839084625,
2050,0.6828703880310059,1.1528873443603516,
2051,0.7004310488700867,1.093684434890747,
2052,0.7177419066429138,1.0354745388031006,
2053,0.7310606241226196,0.9937919974327087,
2054,0.7446428537368774,0.9524692893028259,
2055,0.7516891956329346,0.9213338494300842,
2056,0.7628205418586731,0.8892830014228821,
2057,0.7728658318519592,0.8539815545082092,
2058,0.7834302186965942,0.8265633583068848,
2059,0.793055534362793,0.7984395623207092,
2060,0.8018617033958435,0.7735882997512817,
2061,0.8099489808082581,0.7529823184013367,
2062,0.8161764740943909,0.7355801463127136,
2063,0.8207547068595886,0.7202467322349548,
2064,0.824999988079071,0.7023211121559143,
2065,0.8311403393745422,0.684290885925293,
2066,0.8358050584793091,0.6677474975585938,
2067,0.8411885499954224,0.6507704854011536,
2068,0.8452380895614624,0.6386774182319641,
2069,0.8490384817123413,0.6267169713973999,
2070,0.8516790866851807,0.6204027533531189,
2071,0.85326087474823,0.6106184720993042,
2072,0.8565140962600708,0.5987708568572998,
2073,0.8587328791618347,0.5907561779022217,
2074,0.8608333468437195,0.5823243260383606,
2075,0.8636363744735718,0.5758316516876221,
2076,0.8639240264892578,0.5709100365638733,
2077,0.8665123581886292,0.5619620084762573,
2078,0.8697289228439331,0.5537399053573608,
2079,0.8720588088035583,0.5459761023521423,
2080,0.8742815852165222,0.5383886098861694,
2081,0.8771067261695862,0.5292047262191772,
2082,0.879807710647583,0.5218241810798645,
2083,0.8823924660682678,0.5155272483825684,
2084,0.8848684430122375,0.5078088641166687,
2085,0.8865979313850403,0.5013229846954346,
2086,0.8882575631141663,0.4960646629333496,
2087,0.8879950642585754,0.4920711815357208,
2088,0.8883495330810547,0.48853978514671326,
2089,0.8898809552192688,0.4865994155406952,
2090,0.8907710313796997,0.4819647967815399,
2091,0.8910550475120544,0.47894954681396484,
2092,0.892454981803894,0.47353583574295044,
2093,0.8938053250312805,0.4710579812526703,
2094,0.895652174949646,0.466781347990036,
2095,0.8969017267227173,0.46362489461898804,
2096,0.8986344337463379,0.45922157168388367,
2097,0.8997933864593506,0.45683175325393677,
2098,0.9009146094322205,0.45374271273612976,
2099,0.9010000228881836,0.4520825445652008,
2100,0.6851851940155029,1.1208076477050781,
2101,0.7025862336158752,1.0711863040924072,
2102,0.7197580933570862,1.0118855237960815,
2103,0.7367424368858337,0.9655486941337585,
2104,0.7517856955528259,0.9194197654724121,
2105,0.7618243098258972,0.884878396987915,
2106,0.7724359035491943,0.8469439744949341,
2107,0.7835366129875183,0.8135996460914612,
2108,0.7936046719551086,0.7838160395622253,
2109,0.8027777671813965,0.7586573958396912,
2110,0.8098404407501221,0.7348843812942505,
2111,0.8163265585899353,0.7138416767120361,
2112,0.8198529481887817,0.6990013122558594,
2113,0.8266509175300598,0.6781065464019775,
2114,0.8272727131843567,0.6715600490570068,
2115,0.8322368264198303,0.655859649181366,
2116,0.8358050584793091,0.6421675682067871,
2117,0.8391393423080444,0.6312223672866821,
2118,0.841269850730896,0.6197739839553833,
2119,0.8442307710647583,0.6078768372535706,
2120,0.8460820913314819,0.5999494791030884,
2121,0.8505434989929199,0.588847279548645,
2122,0.8547534942626953,0.5772222280502319,
2123,0.8561643958091736,0.5698636174201965,
2124,0.8583333492279053,0.5605229139328003,
2125,0.8603895902633667,0.5547257661819458,
2126,0.8639240264892578,0.5441919565200806,
2127,0.8672839403152466,0.5348636507987976,
2128,0.8697289228439331,0.526624321937561,
2129,0.8727940917015076,0.5172597765922546,
2130,0.8742815852165222,0.5121651887893677,
2131,0.8757022619247437,0.506920337677002,
2132,0.8777472376823425,0.500522255897522,
2133,0.8803763389587402,0.493009477853775,
2134,0.8815789222717285,0.4889970123767853,
2135,0.8827319741249084,0.48461607098579407,
2136,0.8844696879386902,0.4782414734363556,
2137,0.885519802570343,0.47385039925575256,
2138,0.887135922908783,0.4681277573108673,
2139,0.8886904716491699,0.46378761529922485,
2140,0.8901869058609009,0.45923539996147156,
2141,0.892201840877533,0.4544845223426819,
2142,0.8935810923576355,0.4497449994087219,
2143,0.8954645991325378,0.4461497962474823,
2144,0.89673912525177,0.4425370395183563,
2145,0.8979700803756714,0.4382525682449341,
2146,0.8996848464012146,0.4341880977153778,
2147,0.9008264541625977,0.4305528998374939,
2148,0.9024389982223511,0.4266243577003479,
2149,0.9035000205039978,0.4235979914665222,
2150,0.7060185074806213,1.1886208057403564,
2151,0.7241379022598267,1.1191143989562988,
2152,0.7419354915618896,1.0563774108886719,
2153,0.7556818127632141,1.0099936723709106,
2154,0.7660714387893677,0.9674411416053772,
2155,0.7770270109176636,0.9300626516342163,
2156,0.7868589758872986,0.894881010055542,
2157,0.7972561120986938,0.8573472499847412,
2158,0.8066860437393188,0.8239244818687439,
2159,0.8138889074325562,0.7970357537269592,
2160,0.8218085169792175,0.7687886953353882,
2161,0.8278061151504517,0.7453342080116272,
2162,0.8345588445663452,0.726350724697113,
2163,0.8396226167678833,0.7070726156234741,
2164,0.8431817889213562,0.690800666809082,
2165,0.8486841917037964,0.6745026707649231,
2166,0.8527542352676392,0.6578393578529358,
2167,0.8534836173057556,0.650741696357727,
2168,0.858134925365448,0.6375837326049805,
2169,0.862500011920929,0.6231527328491211,
2170,0.8656716346740723,0.6102697849273682,
2171,0.8677536249160767,0.6004549264907837,
2172,0.8705986142158508,0.5898110866546631,
2173,0.8681507110595703,0.5875229239463806,
2174,0.8708333373069763,0.5783028602600098,
2175,0.8741883039474487,0.5676628947257996,
2176,0.8765822649002075,0.5588226318359375,
2177,0.8788580298423767,0.5482837557792664,
2178,0.8810241222381592,0.5392593145370483,
2179,0.8823529481887817,0.5329416394233704,
2180,0.8850574493408203,0.5264616012573242,
2181,0.8855336904525757,0.5230821967124939,
2182,0.8880494236946106,0.5152530670166016,
2183,0.8897849321365356,0.5119093060493469,
2184,0.8914473652839661,0.5052646398544312,
2185,0.8923969268798828,0.49833619594573975,
2186,0.8939393758773804,0.49300724267959595,
2187,0.8941831588745117,0.4902799129486084,
2188,0.896237850189209,0.48345425724983215,
2189,0.8976190686225891,0.47894513607025146,
2190,0.8977803587913513,0.47638842463493347,
2191,0.8990825414657593,0.47170785069465637,
2192,0.900337815284729,0.46632760763168335,
2193,0.9021017551422119,0.46214786171913147,
2194,0.9032608866691589,0.45745182037353516,
2195,0.9049145579338074,0.4536610543727875,
2196,0.9065126180648804,0.448675274848938,
2197,0.9080578684806824,0.4440871477127075,
2198,0.9095528721809387,0.43916574120521545,
2199,0.9104999899864197,0.43593209981918335,
2200,0.6689814925193787,1.1321823596954346,
2201,0.6896551847457886,1.067341685295105,
2202,0.7036290168762207,1.0168254375457764,
2203,0.7196969985961914,0.9739567041397095,
2204,0.7321428656578064,0.9319556355476379,
2205,0.7398648858070374,0.9058529734611511,
2206,0.7532051205635071,0.8665342330932617,
2207,0.7621951103210449,0.8401700258255005,
2208,0.7718023061752319,0.8088048100471497,
2209,0.7819444537162781,0.780964732170105,
2210,0.791223406791687,0.7542251944541931,
2211,0.7984693646430969,0.732818067073822,
2212,0.8039215803146362,0.714209258556366,
2213,0.8077830076217651,0.6997875571250916,
2214,0.8125,0.6828686594963074,
2215,0.8190789222717285,0.6666825413703918,
2216,0.8252118825912476,0.6495882272720337,
2217,0.8288934230804443,0.6345784068107605,
2218,0.8333333134651184,0.6194111108779907,
2219,0.8374999761581421,0.6068859100341797,
2220,0.8414179086685181,0.5940349102020264,
2221,0.8442028760910034,0.5850550532341003,
2222,0.8477112650871277,0.5757111310958862,
2223,0.8510273694992065,0.5660839080810547,
2224,0.8533333539962769,0.5551231503486633,
2225,0.8571428656578064,0.5460240840911865,
2226,0.859968364238739,0.536374032497406,
2227,0.8626543283462524,0.5279862880706787,
2228,0.8644578456878662,0.52045738697052,
2229,0.8661764860153198,0.5138177871704102,
2230,0.8692528605461121,0.5063626766204834,
2231,0.8714887499809265,0.49958211183547974,
2232,0.8729395866394043,0.49356675148010254,
2233,0.8756720423698425,0.4868651330471039,
2234,0.8782894611358643,0.47981855273246765,
2235,0.8807989954948425,0.47679275274276733,
2236,0.8825757503509521,0.470960795879364,
2237,0.8849009871482849,0.46513596177101135,
2238,0.887135922908783,0.4593879282474518,
2239,0.8886904716491699,0.4546719491481781,
2240,0.889018714427948,0.4523925483226776,
2241,0.8910550475120544,0.4480021893978119,
2242,0.892454981803894,0.4436512887477875,
2243,0.8943583965301514,0.43860653042793274,
2244,0.895652174949646,0.43607625365257263,
2245,0.8969017267227173,0.43188515305519104,
2246,0.8981092572212219,0.4275895655155182,
2247,0.8977272510528564,0.4271201491355896,
2248,0.8993902206420898,0.42261984944343567,
2249,0.8999999761581421,0.4212534725666046,
2250,0.7152777910232544,1.0901623964309692,
2251,0.7306034564971924,1.0325969457626343,
2252,0.7419354915618896,0.9854840040206909,
2253,0.7556818127632141,0.9379919767379761,
2254,0.7660714387893677,0.8976570963859558,
2255,0.7770270109176636,0.8596000075340271,
2256,0.7852563858032227,0.8273223638534546,
2257,0.7942073345184326,0.7997433543205261,
2258,0.8037790656089783,0.7700179219245911,
2259,0.8097222447395325,0.7462533116340637,
2260,0.8151595592498779,0.7249842882156372,
2261,0.8227040767669678,0.7002842426300049,
2262,0.8296568393707275,0.6782062649726868,
2263,0.8349056839942932,0.6621189713478088,
2264,0.8397727012634277,0.6448026299476624,
2265,0.844298243522644,0.629226803779602,
2266,0.8463982939720154,0.6184457540512085,
2267,0.8504098653793335,0.6061209440231323,
2268,0.85317462682724,0.5965896844863892,
2269,0.8567307591438293,0.5839295983314514,
2270,0.8591417670249939,0.5726833343505859,
2271,0.8614130616188049,0.5631731748580933,
2272,0.8653169274330139,0.5505061745643616,
2273,0.8681507110595703,0.5421001315116882,
2274,0.8691666722297668,0.5355663895606995,
2275,0.8725649118423462,0.5263537764549255,
2276,0.8734177350997925,0.5211656093597412,
2277,0.8765432238578796,0.5136314034461975,
2278,0.8787650465965271,0.5045813322067261,
2279,0.8808823823928833,0.4979783892631531,
2280,0.8821839094161987,0.49193891882896423,
2281,0.8848314881324768,0.4831397533416748,
2282,0.8866758346557617,0.47723132371902466,
2283,0.8891128897666931,0.46885135769844055,
2284,0.8901315927505493,0.4651944637298584,
2285,0.8923969268798828,0.45953860878944397,
2286,0.8933081030845642,0.45390909910202026,
2287,0.8948019742965698,0.44921156764030457,
2288,0.8968446850776672,0.444303035736084,
2289,0.8982142806053162,0.44052383303642273,
2290,0.9001168012619019,0.43508660793304443,
2291,0.9019495248794556,0.4301351010799408,
2292,0.9037162065505981,0.423966646194458,
2293,0.9043141603469849,0.42097368836402893,
2294,0.905434787273407,0.4170685410499573,
2295,0.9065170884132385,0.4140446186065674,
2296,0.9075630307197571,0.41043156385421753,
2297,0.9085744023323059,0.4064467251300812,
2298,0.9095528721809387,0.40312859416007996,
2299,0.9110000133514404,0.39998430013656616,
2300,0.7037037014961243,1.042824625968933,
2301,0.7176724076271057,0.9850356578826904,
2302,0.7338709831237793,0.9338365793228149,
2303,0.75,0.8868265151977539,
2304,0.7642857432365417,0.8434075117111206,
2305,0.775337815284729,0.8090307116508484,
2306,0.7868589758872986,0.7784098386764526,
2307,0.7957317233085632,0.7532926201820374,
2308,0.8037790656089783,0.7285395860671997,
2309,0.8097222447395325,0.7067937254905701,
2310,0.8151595592498779,0.6866637468338013,
2311,0.8227040767669678,0.6645207405090332,
2312,0.8296568393707275,0.6437135338783264,
2313,0.8337264060974121,0.6314651370048523,
2314,0.8397727012634277,0.6173380017280579,
2315,0.843201756477356,0.6051068305969238,
2316,0.8463982939720154,0.5918790698051453,
2317,0.8514344096183777,0.5781156420707703,
2318,0.8541666865348816,0.5675047039985657,
2319,0.857692301273346,0.557446300983429,
2320,0.8610074520111084,0.5479819774627686,
2321,0.8632246255874634,0.5384426116943359,
2322,0.8661971688270569,0.5297923684120178,
2323,0.869006872177124,0.5205910801887512,
2324,0.8708333373069763,0.5154710412025452,
2325,0.8733766078948975,0.5099248290061951,
2326,0.8757911324501038,0.5037045478820801,
2327,0.8788580298423767,0.49545952677726746,
2328,0.8817771077156067,0.4874175786972046,
2329,0.8845587968826294,0.479055792093277,
2330,0.8857758641242981,0.4729096293449402,
2331,0.8876404762268066,0.4676555395126343,
2332,0.8894230723381042,0.4629495143890381,
2333,0.8897849321365356,0.46107015013694763,
2334,0.8921052813529968,0.4552733898162842,
2335,0.8943299055099487,0.4481099247932434,
2336,0.8958333134651184,0.4424416422843933,
2337,0.8966584205627441,0.4366258382797241,
2338,0.8980582356452942,0.4324631690979004,
2339,0.8999999761581421,0.4268379807472229,
2340,0.9018691778182983,0.42343243956565857,
2341,0.9030963182449341,0.4184046685695648,
2342,0.9048423171043396,0.413222074508667,
2343,0.9059734344482422,0.410127192735672,
2344,0.907608687877655,0.40589651465415955,
2345,0.9091880321502686,0.4013412296772003,
2346,0.9096638560295105,0.39916878938674927,
2347,0.9111570119857788,0.3953392207622528,
2348,0.9126016497612,0.39097166061401367,
2349,0.9139999747276306,0.38933447003364563,
2350,0.7407407164573669,0.9899666905403137,
2351,0.756465494632721,0.9370334148406982,
2352,0.7721773982048035,0.8885482549667358,
2353,0.7840909361839294,0.8450595736503601,
2354,0.7928571701049805,0.8077074289321899,
2355,0.8040540814399719,0.7729828953742981,
2356,0.8141025900840759,0.73880535364151,
2357,0.8201219439506531,0.7137984037399292,
2358,0.8270348906517029,0.6893953084945679,
2359,0.831944465637207,0.6716426014900208,
2360,0.8364361524581909,0.6537011861801147,
2361,0.8431122303009033,0.6322314739227295,
2362,0.8492646813392639,0.6126200556755066,
2363,0.8549528121948242,0.593589186668396,
2364,0.8590909242630005,0.5772387385368347,
2365,0.8629385828971863,0.5648924708366394,
2366,0.8644067645072937,0.5524815320968628,
2367,0.868852436542511,0.5390795469284058,
2368,0.8730158805847168,0.5257160663604736,
2369,0.8759615421295166,0.5167824625968933,
2370,0.8796641826629639,0.5056648254394531,
2371,0.8813405632972717,0.5010570287704468,
2372,0.8846830725669861,0.49033644795417786,
2373,0.8878424763679504,0.4802372455596924,
2374,0.8899999856948853,0.47441259026527405,
2375,0.8928571343421936,0.46432480216026306,
2376,0.8947784900665283,0.45792871713638306,
2377,0.895061731338501,0.45328617095947266,
2378,0.8975903391838074,0.44571933150291443,
2379,0.8999999761581421,0.43997591733932495,
2380,0.9015804529190063,0.43566012382507324,
2381,0.903792142868042,0.4308632016181946,
2382,0.9045329689979553,0.4321538507938385,
2383,0.9052419066429138,0.4281870424747467,
2384,0.9072368144989014,0.42195776104927063,
2385,0.9085051417350769,0.41767388582229614,
2386,0.9090909361839294,0.4169344902038574,
2387,0.9090346693992615,0.4161360263824463,
2388,0.9108009934425354,0.41191235184669495,
2389,0.9119047522544861,0.40785545110702515,
2390,0.913551390171051,0.4027623236179352,
2391,0.9134174585342407,0.4003670811653137,
2392,0.9144144058227539,0.3994627296924591,
2393,0.9153761267662048,0.3962910771369934,
2394,0.91576087474823,0.3939383327960968,
2395,0.9166666865348816,0.3898649513721466,
2396,0.918067216873169,0.3846682012081146,
2397,0.9194214940071106,0.3817442059516907,
2398,0.920223593711853,0.37993451952934265,
2399,0.9210000038146973,0.37759608030319214,
2400,0.7152777910232544,1.0672338008880615,
2401,0.732758641242981,1.0089915990829468,
2402,0.75,0.9489473700523376,
2403,0.7651515007019043,0.9004731774330139,
2404,0.7785714268684387,0.8592137098312378,
2405,0.7905405163764954,0.8217371106147766,
2406,0.8012820482254028,0.7879157662391663,
2407,0.8109756112098694,0.7577618360519409,
2408,0.819767415523529,0.7286264300346375,
2409,0.8277778029441833,0.7049721479415894,
2410,0.835106372833252,0.6798483729362488,
2411,0.8418367505073547,0.6586427688598633,
2412,0.8480392098426819,0.640447199344635,
2413,0.8537735939025879,0.6221198439598083,
2414,0.8590909242630005,0.605323076248169,
2415,0.8640350699424744,0.5880218744277954,
2416,0.8686440587043762,0.5731661319732666,
2417,0.8698770403862,0.567507266998291,
2418,0.8740079402923584,0.5540278553962708,
2419,0.8769230842590332,0.5440647006034851,
2420,0.8805969953536987,0.5338431596755981,
2421,0.8840579986572266,0.5237470269203186,
2422,0.8864436745643616,0.5146364569664001,
2423,0.8886986374855042,0.5075321197509766,
2424,0.8916666507720947,0.497433066368103,
2425,0.8944805264472961,0.4888569116592407,
2426,0.8963607549667358,0.48028531670570374,
2427,0.8981481194496155,0.47215723991394043,
2428,0.900602400302887,0.46406832337379456,
2429,0.9029411673545837,0.45604369044303894,
2430,0.9037356376647949,0.45199257135391235,
2431,0.9044944047927856,0.44724881649017334,
2432,0.9052197933197021,0.4435477554798126,
2433,0.9059139490127563,0.4402449131011963,
2434,0.9072368144989014,0.4347818195819855,
2435,0.9085051417350769,0.4303020238876343,
2436,0.9097222089767456,0.42802393436431885,
2437,0.9115098714828491,0.4230325520038605,
2438,0.9126213788986206,0.4180143177509308,
2439,0.913690447807312,0.4126828908920288,
2440,0.9153037667274475,0.40727052092552185,
2441,0.9162843823432922,0.40258100628852844,
2442,0.917792797088623,0.3978216052055359,
2443,0.9192478060722351,0.3931710124015808,
2444,0.9206521511077881,0.38885989785194397,
2445,0.9220085740089417,0.38488882780075073,
2446,0.9233193397521973,0.3797578811645508,
2447,0.9240702390670776,0.37710657715797424,
2448,0.9253048896789551,0.37232762575149536,
2449,0.9265000224113464,0.3686705231666565,
2450,0.7453703880310059,0.9795485138893127,
2451,0.7629310488700867,0.9228392839431763,
2452,0.7782257795333862,0.8707452416419983,
2453,0.7897727489471436,0.8314080834388733,
2454,0.7928571701049805,0.8123137950897217,
2455,0.8023648858070374,0.775890052318573,
2456,0.8108974099159241,0.746265172958374,
2457,0.8185975551605225,0.7216804027557373,
2458,0.8270348906517029,0.6955840587615967,
2459,0.8333333134651184,0.6735285520553589,
2460,0.8377659320831299,0.6596536040306091,
2461,0.8443877696990967,0.64149010181427,
2462,0.8504902124404907,0.6207446455955505,
2463,0.8561320900917053,0.6023043394088745,
2464,0.8613636493682861,0.5877529382705688,
2465,0.8640350699424744,0.5755674242973328,
2466,0.866525411605835,0.5652671456336975,
2467,0.8698770403862,0.5528861284255981,
2468,0.8740079402923584,0.5398181676864624,
2469,0.8778846263885498,0.5303895473480225,
2470,0.8805969953536987,0.5205004215240479,
2471,0.8840579986572266,0.5092142820358276,
2472,0.8864436745643616,0.4994637370109558,
2473,0.8895547986030579,0.48823997378349304,
2474,0.8916666507720947,0.48112472891807556,
2475,0.8944805264472961,0.4730760157108307,
2476,0.8963607549667358,0.4656141400337219,
2477,0.8958333134651184,0.46634724736213684,
2478,0.8975903391838074,0.459104061126709,
2479,0.8977941274642944,0.4544385075569153,
2480,0.9001436829566956,0.4480630159378052,
2481,0.9009831547737122,0.4423975646495819,
2482,0.9024725556373596,0.43640005588531494,
2483,0.9038978219032288,0.43238282203674316,
2484,0.9052631855010986,0.43026405572891235,
2485,0.906572163105011,0.4261159598827362,
2486,0.9078282713890076,0.42117443680763245,
2487,0.9096534848213196,0.4151831269264221,
2488,0.9108009934425354,0.41073837876319885,
2489,0.9125000238418579,0.40475913882255554,
2490,0.9141355156898499,0.4004756808280945,
2491,0.9151375889778137,0.3969162702560425,
2492,0.9166666865348816,0.3915938436985016,
2493,0.917588472366333,0.38872525095939636,
2494,0.917934775352478,0.3857051730155945,
2495,0.9193376302719116,0.38162365555763245,
2496,0.9201680421829224,0.37804654240608215,
2497,0.9214876294136047,0.3744732141494751,
2498,0.9222561120986938,0.37233635783195496,
2499,0.9225000143051147,0.3712866008281708,
2500,0.7060185074806213,1.015048861503601,
2501,0.7262930870056152,0.95185387134552,
2502,0.7399193644523621,0.9044643640518188,
2503,0.7537878751754761,0.8574639558792114,
2504,0.7660714387893677,0.8170075416564941,
2505,0.7770270109176636,0.7817980647087097,
2506,0.7884615659713745,0.7473081350326538,
2507,0.7972561120986938,0.7214704155921936,
2508,0.8066860437393188,0.6955085396766663,
2509,0.8152777552604675,0.6702603101730347,
2510,0.8218085169792175,0.6474769711494446,
2511,0.8265306353569031,0.6327767372131348,
2512,0.8321078419685364,0.6132922768592834,
2513,0.8360849022865295,0.5992239117622375,
2514,0.8420454263687134,0.5836529731750488,
2515,0.8464912176132202,0.570055365562439,
2516,0.8516949415206909,0.5561164617538452,
2517,0.8565573692321777,0.5425323247909546,
2518,0.8611111044883728,0.5287531614303589,
2519,0.8644230961799622,0.5180675387382507,
2520,0.8684701323509216,0.5062392950057983,
2521,0.8722826242446899,0.4945564270019531,
2522,0.875,0.4853399693965912,
2523,0.8767123222351074,0.4798632562160492,
2524,0.8799999952316284,0.4725899398326874,
2525,0.8823052048683167,0.46369627118110657,
2526,0.8844936490058899,0.456780344247818,
2527,0.8873456716537476,0.44848763942718506,
2528,0.8885542154312134,0.44507884979248047,
2529,0.8911764621734619,0.4370052218437195,
2530,0.8929597735404968,0.42963671684265137,
2531,0.8953651785850525,0.4224316477775574,
2532,0.8969780206680298,0.41811785101890564,
2533,0.899193525314331,0.4119168221950531,
2534,0.9006578922271729,0.4086240530014038,
2535,0.9020618796348572,0.4037836194038391,
2536,0.9027777910232544,0.4013061225414276,
2537,0.9047029614448547,0.3966596722602844,
2538,0.9065533876419067,0.39175674319267273,
2539,0.9083333611488342,0.3860833942890167,
2540,0.9094626307487488,0.3812830448150635,
2541,0.9111238718032837,0.3763437271118164,
2542,0.9115990996360779,0.37414848804473877,
2543,0.9131637215614319,0.37059688568115234,
2544,0.914673924446106,0.36673474311828613,
2545,0.9155982732772827,0.36309343576431274,
2546,0.9170168042182922,0.3588980436325073,
2547,0.91787189245224,0.3553609549999237,
2548,0.9192073345184326,0.35282954573631287,
2549,0.9200000166893005,0.35062384605407715,
2550,0.7245370149612427,0.9797943234443665,
2551,0.743534505367279,0.9245721697807312,
2552,0.7600806355476379,0.8780017495155334,
2553,0.7746211886405945,0.830518364906311,
2554,0.7821428775787354,0.8021878600120544,
2555,0.7922297120094299,0.7654507756233215,
2556,0.7980769276618958,0.7461779713630676,
2557,0.8079268336296082,0.719731330871582,
2558,0.8139534592628479,0.6991048455238342,
2559,0.8194444179534912,0.6780037879943848,
2560,0.8257978558540344,0.6598231196403503,
2561,0.8303571343421936,0.6451876759529114,
2562,0.8357843160629272,0.6266599893569946,
2563,0.8419811129570007,0.6105335354804993,
2564,0.8465909361839294,0.592952311038971,
2565,0.8519737124443054,0.5769802331924438,
2566,0.8527542352676392,0.5709741115570068,
2567,0.8565573692321777,0.5589613318443298,
2568,0.8591269850730896,0.5496386289596558,
2569,0.8634615540504456,0.5349089503288269,
2570,0.8675373196601868,0.5229475498199463,
2571,0.8713768124580383,0.511317253112793,
2572,0.8732394576072693,0.5037723183631897,
2573,0.8758561611175537,0.49717649817466736,
2574,0.8774999976158142,0.489791601896286,
2575,0.8806818127632141,0.4809496998786926,
2576,0.8837025165557861,0.4723997414112091,
2577,0.8858024477958679,0.46613165736198425,
2578,0.8885542154312134,0.45793354511260986,
2579,0.8911764621734619,0.4522700607776642,
2580,0.8936781883239746,0.44546785950660706,
2581,0.8960674405097961,0.4382514953613281,
2582,0.8976648449897766,0.4325319230556488,
2583,0.899193525314331,0.4271746277809143,
2584,0.9006578922271729,0.4216563105583191,
2585,0.9027062058448792,0.41514959931373596,
2586,0.9040403962135315,0.4117498993873596,
2587,0.9047029614448547,0.41090327501296997,
2588,0.9065533876419067,0.40579476952552795,
2589,0.9083333611488342,0.40153980255126953,
2590,0.9100467562675476,0.39731839299201965,
2591,0.911697268486023,0.3923671245574951,
2592,0.9132882952690125,0.3873762786388397,
2593,0.9148229956626892,0.3836866617202759,
2594,0.91576087474823,0.37963351607322693,
2595,0.9166666865348816,0.3764660954475403,
2596,0.918067216873169,0.37243905663490295,
2597,0.9194214940071106,0.36985334753990173,
2598,0.920223593711853,0.36746835708618164,
2599,0.9210000038146973,0.36423295736312866,
2600,0.7615740895271301,0.9183160066604614,
2601,0.7780172228813171,0.8711684942245483,
2602,0.7923387289047241,0.8247718214988708,
2603,0.8030303120613098,0.7863494157791138,
2604,0.8142856955528259,0.753023087978363,
2605,0.8243243098258972,0.7188717126846313,
2606,0.8333333134651184,0.6892760396003723,
2607,0.8414633870124817,0.6622291803359985,
2608,0.8473837375640869,0.6383928060531616,
2609,0.8541666865348816,0.6192795038223267,
2610,0.8603723645210266,0.5971025228500366,
2611,0.8635203838348389,0.5823082327842712,
2612,0.8676470518112183,0.5686599016189575,
2613,0.8726415038108826,0.5509759187698364,
2614,0.8761363625526428,0.5366792678833008,
2615,0.8804824352264404,0.5219325423240662,
2616,0.883474588394165,0.5093551874160767,
2617,0.8872950673103333,0.4987484812736511,
2618,0.8908730149269104,0.4867932200431824,
2619,0.8942307829856873,0.4750109910964966,
2620,0.8964552283287048,0.46597763895988464,
2621,0.8985507488250732,0.4567708671092987,
2622,0.9005281925201416,0.44856807589530945,
2623,0.9023972749710083,0.44130125641822815,
2624,0.9049999713897705,0.4327160716056824,
2625,0.9066558480262756,0.42684802412986755,
2626,0.9082278609275818,0.420000284910202,
2627,0.9097222089767456,0.4144042730331421,
2628,0.911897599697113,0.4109252691268921,
2629,0.9132353067398071,0.4072764813899994,
2630,0.914511501789093,0.40312519669532776,
2631,0.9164325594902039,0.3973917067050934,
2632,0.9175823926925659,0.39307546615600586,
2633,0.9193548560142517,0.38871756196022034,
2634,0.9203947186470032,0.3845629096031189,
2635,0.9220361113548279,0.37922826409339905,
2636,0.9236111044883728,0.3743641674518585,
2637,0.9245049357414246,0.372994989156723,
2638,0.9259708523750305,0.3674815893173218,
2639,0.9267857074737549,0.3625384271144867,
2640,0.927570104598999,0.36048203706741333,
2641,0.9288991093635559,0.35644426941871643,
2642,0.9301801919937134,0.35275834798812866,
2643,0.9314159154891968,0.34973862767219543,
2644,0.9326087236404419,0.34514468908309937,
2645,0.933226466178894,0.3421936333179474,
2646,0.9343487620353699,0.33757057785987854,
2647,0.9354338645935059,0.33419838547706604,
2648,0.9364837408065796,0.33051398396492004,
2649,0.9365000128746033,0.3290100395679474,
2650,0.7268518805503845,0.9604349732398987,
2651,0.743534505367279,0.9103560447692871,
2652,0.7600806355476379,0.8595395684242249,
2653,0.7727272510528564,0.8160231113433838,
2654,0.7857142686843872,0.7739600539207458,
2655,0.7939189076423645,0.7495508193969727,
2656,0.8044871687889099,0.7174107432365417,
2657,0.8140243887901306,0.6863184571266174,
2658,0.8226743936538696,0.6649413108825684,
2659,0.8291666507720947,0.6439149379730225,
2660,0.835106372833252,0.6217843294143677,
2661,0.8405612111091614,0.6032508015632629,
2662,0.8468137383460999,0.5852111577987671,
2663,0.8525943160057068,0.5675643682479858,
2664,0.8568181991577148,0.5537042021751404,
2665,0.8618420958518982,0.5382615923881531,
2666,0.8644067645072937,0.5263904929161072,
2667,0.8678278923034668,0.5140417814254761,
2668,0.8720238208770752,0.501467764377594,
2669,0.8740384578704834,0.4924358129501343,
2670,0.875,0.4854603707790375,
2671,0.8786231875419617,0.4749223589897156,
2672,0.8820422291755676,0.4648466110229492,
2673,0.8852739930152893,0.4550711214542389,
2674,0.887499988079071,0.4484597146511078,
2675,0.8871753215789795,0.4445580244064331,
2676,0.890031635761261,0.43735969066619873,
2677,0.8919752836227417,0.431583970785141,
2678,0.8938252925872803,0.4269365966320038,
2679,0.8963235020637512,0.4186762273311615,
2680,0.897988498210907,0.4172958433628082,
2681,0.8995786309242249,0.41213059425354004,
2682,0.9017857313156128,0.40545332431793213,
2683,0.9032257795333862,0.4008501470088959,
2684,0.9052631855010986,0.39548638463020325,
2685,0.906572163105011,0.3921681046485901,
2686,0.9084596037864685,0.38724029064178467,
2687,0.9096534848213196,0.3822650611400604,
2688,0.9108009934425354,0.37803468108177185,
2689,0.9125000238418579,0.3736851215362549,
2690,0.913551390171051,0.37104666233062744,
2691,0.9151375889778137,0.36723172664642334,
2692,0.9166666865348816,0.3622453808784485,
2693,0.917588472366333,0.3583119213581085,
2694,0.919021725654602,0.3536110818386078,
2695,0.9193376302719116,0.35109856724739075,
2696,0.9201680421829224,0.3474688231945038,
2697,0.9214876294136047,0.344290167093277,
2698,0.9222561120986938,0.34108537435531616,
2699,0.9229999780654907,0.3379800319671631,
2700,0.7731481194496155,0.9267556667327881,
2701,0.7887930870056152,0.8693872094154358,
2702,0.8024193644523621,0.822309672832489,
2703,0.814393937587738,0.7824668288230896,
2704,0.8232142925262451,0.747037410736084,
2705,0.8327702879905701,0.710856020450592,
2706,0.8413461446762085,0.6823374629020691,
2707,0.8475610017776489,0.66334468126297,
2708,0.854651153087616,0.6411681771278381,
2709,0.8611111044883728,0.6190875768661499,
2710,0.8656914830207825,0.599867045879364,
2711,0.8711734414100647,0.5794774889945984,
2712,0.876225471496582,0.5646392703056335,
2713,0.8797169923782349,0.5523117780685425,
2714,0.8829545378684998,0.5365504622459412,
2715,0.8870614171028137,0.5208739042282104,
2716,0.8908898234367371,0.507866621017456,
2717,0.8944672346115112,0.49661609530448914,
2718,0.8978174328804016,0.4848555028438568,
2719,0.9009615182876587,0.47522321343421936,
2720,0.9029850959777832,0.4687401354312897,
2721,0.9021739363670349,0.468732088804245,
2722,0.9049295783042908,0.4620888829231262,
2723,0.9066780805587769,0.4547834098339081,
2724,0.9083333611488342,0.44647908210754395,
2725,0.9107142686843872,0.4394344985485077,
2726,0.9129746556282043,0.4324851334095001,
2727,0.9135802388191223,0.42766237258911133,
2728,0.9141566157341003,0.421594500541687,
2729,0.9154411554336548,0.41608622670173645,
2730,0.9173850417137146,0.40834885835647583,
2731,0.9192415475845337,0.4015369713306427,
2732,0.9210164546966553,0.3968605101108551,
2733,0.9220430254936218,0.39266812801361084,
2734,0.9230263233184814,0.38748157024383545,
2735,0.9246134161949158,0.3816791772842407,
2736,0.9261363744735718,0.3788844347000122,
2737,0.9275990128517151,0.3737568259239197,
2738,0.9290048480033875,0.3684602677822113,
2739,0.9303571581840515,0.3641294240951538,
2740,0.9316588640213013,0.3602319657802582,
2741,0.9323394298553467,0.35623252391815186,
2742,0.9335585832595825,0.35360294580459595,
2743,0.9347345232963562,0.3491884768009186,
2744,0.935869574546814,0.34563854336738586,
2745,0.9364316463470459,0.3431452214717865,
2746,0.9369747638702393,0.34232911467552185,
2747,0.9375,0.33923032879829407,
2748,0.9385162591934204,0.3364843428134918,
2749,0.9390000104904175,0.3334748446941376,
2750,0.7546296119689941,0.9815667271614075,
2751,0.7715517282485962,0.9330254197120667,
2752,0.7842742204666138,0.8849793672561646,
2753,0.7973484992980957,0.8365710973739624,
2754,0.8089285492897034,0.7952286601066589,
2755,0.8175675868988037,0.7634392976760864,
2756,0.8269230723381042,0.7328611612319946,
2757,0.8353658318519592,0.7015683650970459,
2758,0.8430232405662537,0.675123929977417,
2759,0.8500000238418579,0.651486337184906,
2760,0.8563829660415649,0.628881573677063,
2761,0.8596938848495483,0.6130000352859497,
2762,0.8651960492134094,0.5948472023010254,
2763,0.8691037893295288,0.5775554776191711,
2764,0.8727272748947144,0.5630341172218323,
2765,0.8771929740905762,0.5484165549278259,
2766,0.8802965879440308,0.5350809693336487,
2767,0.8831967115402222,0.523047685623169,
2768,0.886904776096344,0.5117672681808472,
2769,0.8903846144676208,0.5023298263549805,
2770,0.8936567306518555,0.4895639419555664,
2771,0.89673912525177,0.47862061858177185,
2772,0.8996478915214539,0.46731606125831604,
2773,0.9023972749710083,0.4607290029525757,
2774,0.9049999713897705,0.45207417011260986,
2775,0.9074675440788269,0.44296878576278687,
2776,0.9098101258277893,0.4347282648086548,
2777,0.9120370149612427,0.42686331272125244,
2778,0.9141566157341003,0.4185679256916046,
2779,0.9161764979362488,0.4113939702510834,
2780,0.9173850417137146,0.4059027433395386,
2781,0.9192415475845337,0.39944028854370117,
2782,0.9210164546966553,0.39318743348121643,
2783,0.9213709831237793,0.38815242052078247,
2784,0.9217105507850647,0.3847748637199402,
2785,0.9233247637748718,0.38027724623680115,
2786,0.9242424368858337,0.3756383955478668,
2787,0.9257425665855408,0.3699262738227844,
2788,0.9271844625473022,0.3655488193035126,
2789,0.9285714030265808,0.3616262674331665,
2790,0.9299065470695496,0.35716623067855835,
2791,0.9306192398071289,0.3544365167617798,
2792,0.931869387626648,0.34972408413887024,
2793,0.9330752491950989,0.34612348675727844,
2794,0.9342391490936279,0.34193116426467896,
2795,0.93482905626297,0.3388579487800598,
2796,0.9359243512153625,0.33525681495666504,
2797,0.9369834661483765,0.33187830448150635,
2798,0.9375,0.3292078673839569,
2799,0.9369999766349792,0.3285354673862457,
2800,0.7152777910232544,1.0033923387527466,
2801,0.7349137663841248,0.9427575469017029,
2802,0.7520161271095276,0.8920027017593384,
2803,0.7670454382896423,0.8425387740135193,
2804,0.7785714268684387,0.8096169829368591,
2805,0.7888513803482056,0.7755385637283325,
2806,0.7996794581413269,0.7427704930305481,
2807,0.8094512224197388,0.7150838971138,
2808,0.8168604373931885,0.6880916953086853,
2809,0.8236111402511597,0.6639837026596069,
2810,0.8311170339584351,0.6411882042884827,
2811,0.8380101919174194,0.6220341324806213,
2812,0.843137264251709,0.6051196455955505,
2813,0.849056601524353,0.5852059125900269,
2814,0.8534091114997864,0.5699043869972229,
2815,0.8585526347160339,0.5536190271377563,
2816,0.8622881174087524,0.541151225566864,
2817,0.8668032884597778,0.5262628793716431,
2818,0.870039701461792,0.5145879983901978,
2819,0.8740384578704834,0.5018521547317505,
2820,0.8777984976768494,0.49055325984954834,
2821,0.8813405632972717,0.48155471682548523,
2822,0.8838028311729431,0.4714166224002838,
2823,0.8869863152503967,0.4604892432689667,
2824,0.8883333206176758,0.4547955393791199,
2825,0.8896104097366333,0.4472609758377075,
2826,0.892405092716217,0.4407951831817627,
2827,0.895061731338501,0.4335453510284424,
2828,0.8968373537063599,0.42709246277809143,
2829,0.8992646932601929,0.42075270414352417,
2830,0.9015804529190063,0.4147103428840637,
2831,0.9023876190185547,0.40963050723075867,
2832,0.9045329689979553,0.4024863541126251,
2833,0.9059139490127563,0.39845865964889526,
2834,0.9072368144989014,0.3931576907634735,
2835,0.9091494679450989,0.38745275139808655,
2836,0.9103535413742065,0.3834562301635742,
2837,0.9115098714828491,0.37924543023109436,
2838,0.9132281541824341,0.3742125332355499,
2839,0.9142857193946838,0.37067532539367676,
2840,0.9158878326416016,0.36542782187461853,
2841,0.9174311757087708,0.3612954318523407,
2842,0.9189189076423645,0.35755306482315063,
2843,0.919800877571106,0.3537060022354126,
2844,0.9211956262588501,0.3498106002807617,
2845,0.9225427508354187,0.34676918387413025,
2846,0.9238445162773132,0.3427896201610565,
2847,0.9251033067703247,0.33898618817329407,
2848,0.9258130192756653,0.33581072092056274,
2849,0.9265000224113464,0.33317944407463074,
2850,0.7337962985038757,0.991128146648407,
2851,0.75,0.9310077428817749,
2852,0.7661290168762207,0.8803178668022156,
2853,0.7746211886405945,0.851990282535553,
2854,0.7875000238418579,0.8135866522789001,
2855,0.7989864945411682,0.7755888104438782,
2856,0.8060897588729858,0.7459542751312256,
2857,0.8155487775802612,0.7162824273109436,
2858,0.8241279125213623,0.6888872385025024,
2859,0.831944465637207,0.6645193099975586,
2860,0.8390957713127136,0.6393128633499146,
2861,0.8456632494926453,0.6192580461502075,
2862,0.8504902124404907,0.6021788716316223,
2863,0.8561320900917053,0.5832253694534302,
2864,0.8613636493682861,0.5666001439094543,
2865,0.8662280440330505,0.5507858395576477,
2866,0.8697034120559692,0.538460373878479,
2867,0.873975396156311,0.5249567031860352,
2868,0.8759920597076416,0.51756352186203,
2869,0.879807710647583,0.5051330924034119,
2870,0.8833954930305481,0.4941970407962799,
2871,0.8867753744125366,0.4842747747898102,
2872,0.889964759349823,0.47490036487579346,
2873,0.8929794430732727,0.4650532007217407,
2874,0.8958333134651184,0.455865740776062,
2875,0.8985389471054077,0.44641202688217163,
2876,0.9011076092720032,0.43838727474212646,
2877,0.9012345671653748,0.4334350824356079,
2878,0.9028614163398743,0.4290076494216919,
2879,0.9051470756530762,0.42176172137260437,
2880,0.9073275923728943,0.4147559404373169,
2881,0.908707857131958,0.4095160961151123,
2882,0.9107142686843872,0.40506839752197266,
2883,0.9126344323158264,0.39966344833374023,
2884,0.9144737124443054,0.3944237530231476,
2885,0.9162371158599854,0.38867953419685364,
2886,0.9179292917251587,0.3839981257915497,
2887,0.9195544719696045,0.37946727871894836,
2888,0.9211165308952332,0.3737500011920929,
2889,0.9226190447807312,0.36918193101882935,
2890,0.9240654110908508,0.3642251193523407,
2891,0.9254587292671204,0.3594040870666504,
2892,0.9268018007278442,0.35644951462745667,
2893,0.9280973672866821,0.3524390161037445,
2894,0.928804337978363,0.34923475980758667,
2895,0.930021345615387,0.3452874720096588,
2896,0.930672287940979,0.3421918749809265,
2897,0.9318181872367859,0.33885031938552856,
2898,0.9329268336296082,0.3363969027996063,
2899,0.9334999918937683,0.33334869146347046,
2900,0.7708333134651184,0.9363684058189392,
2901,0.7844827771186829,0.8825175762176514,
2902,0.7983871102333069,0.8307088017463684,
2903,0.8087121248245239,0.7877277135848999,
2904,0.8178571462631226,0.7531235814094543,
2905,0.8260135054588318,0.7185329794883728,
2906,0.8317307829856873,0.6910516023635864,
2907,0.8399389982223511,0.6611341834068298,
2908,0.8473837375640869,0.6371565461158752,
2909,0.8541666865348816,0.6143830418586731,
2910,0.8603723645210266,0.5946788191795349,
2911,0.8635203838348389,0.5796792507171631,
2912,0.8688725233078003,0.5613635778427124,
2913,0.8738207817077637,0.5428894758224487,
2914,0.8784090876579285,0.527425229549408,
2915,0.8826754093170166,0.5133122801780701,
2916,0.8855932354927063,0.5009793639183044,
2917,0.8893442749977112,0.4886017143726349,
2918,0.8928571343421936,0.478388249874115,
2919,0.8961538672447205,0.46589794754981995,
2920,0.8992537260055542,0.4559203088283539,
2921,0.9021739363670349,0.44602417945861816,
2922,0.9031690359115601,0.4404626488685608,
2923,0.9041095972061157,0.4335253834724426,
2924,0.9066666960716248,0.4260691702365875,
2925,0.9082792401313782,0.4182897210121155,
2926,0.9090189933776855,0.41327354311943054,
2927,0.9112654328346252,0.40735456347465515,
2928,0.9134036302566528,0.4005998373031616,
2929,0.9147058725357056,0.394266277551651,
2930,0.915229856967926,0.38868477940559387,
2931,0.9171348214149475,0.381822407245636,
2932,0.9182692170143127,0.37879642844200134,
2933,0.9193548560142517,0.37342482805252075,
2934,0.9210526347160339,0.3675351142883301,
2935,0.9220361113548279,0.3628953695297241,
2936,0.9236111044883728,0.358195036649704,
2937,0.9245049357414246,0.35343998670578003,
2938,0.9259708523750305,0.34910497069358826,
2939,0.9267857074737549,0.34520021080970764,
2940,0.9281542301177979,0.3421493172645569,
2941,0.9294725060462952,0.33818721771240234,
2942,0.9301801919937134,0.3353790044784546,
2943,0.9314159154891968,0.3330107033252716,
2944,0.9326087236404419,0.32929250597953796,
2945,0.932692289352417,0.3278675377368927,
2946,0.9338235259056091,0.3240247368812561,
2947,0.9349173307418823,0.32054638862609863,
2948,0.9359756112098694,0.3172858655452728,
2949,0.9365000128746033,0.31513530015945435,
2950,0.7592592835426331,0.9638209939002991,
2951,0.7737069129943848,0.9119756817817688,
2952,0.7862903475761414,0.8678461313247681,
2953,0.7992424368858337,0.823650598526001,
2954,0.8107143044471741,0.7806098461151123,
2955,0.8209459185600281,0.7471873760223389,
2956,0.8285256624221802,0.7193443775177002,
2957,0.8368902206420898,0.6911900043487549,
2958,0.8430232405662537,0.6644231081008911,
2959,0.8486111164093018,0.6458222270011902,
2960,0.853723406791687,0.6222484111785889,
2961,0.8596938848495483,0.6000500321388245,
2962,0.8651960492134094,0.5812353491783142,
2963,0.8702830076217651,0.5630423426628113,
2964,0.8738636374473572,0.5481857061386108,
2965,0.8760964870452881,0.5348474383354187,
2966,0.8802965879440308,0.5191026329994202,
2967,0.8831967115402222,0.5070587992668152,
2968,0.886904776096344,0.4951699376106262,
2969,0.8903846144676208,0.48433369398117065,
2970,0.8936567306518555,0.4734095633029938,
2971,0.8958333134651184,0.46479493379592896,
2972,0.8987675905227661,0.456086128950119,
2973,0.9015411138534546,0.4461464583873749,
2974,0.9041666388511658,0.4366530478000641,
2975,0.9058441519737244,0.43008580803871155,
2976,0.9082278609275818,0.4219611883163452,
2977,0.9104938507080078,0.41460368037223816,
2978,0.9126505851745605,0.406939297914505,
2979,0.9147058725357056,0.3995380997657776,
2980,0.9166666865348816,0.3929138481616974,
2981,0.9185393452644348,0.38606682419776917,
2982,0.9203296899795532,0.38245588541030884,
2983,0.9220430254936218,0.3762769103050232,
2984,0.9236842393875122,0.37065231800079346,
2985,0.9252577424049377,0.36557695269584656,
2986,0.9267676472663879,0.36121147871017456,
2987,0.9275990128517151,0.35687950253486633,
2988,0.9290048480033875,0.35197779536247253,
2989,0.9297618865966797,0.3488968312740326,
2990,0.9310747385025024,0.3437150716781616,
2991,0.9323394298553467,0.3397367596626282,
2992,0.9335585832595825,0.3358291983604431,
2993,0.9347345232963562,0.33171147108078003,
2994,0.935869574546814,0.32754337787628174,
2995,0.936965823173523,0.32393497228622437,
2996,0.9380252361297607,0.32023167610168457,
2997,0.9390496015548706,0.3183993399143219,
2998,0.940040647983551,0.31689634919166565,
2999,0.940500020980835,0.3152783513069153,
3000,0.75,0.9411472678184509,
3001,0.767241358757019,0.8874866962432861,
3002,0.7822580933570862,0.838273286819458,
3003,0.7935606241226196,0.7948979735374451,
3004,0.8053571581840515,0.7576561570167542,
3005,0.8158783912658691,0.7216114401817322,
3006,0.8253205418586731,0.6893676519393921,
3007,0.832317054271698,0.6615825295448303,
3008,0.8401162624359131,0.6381512880325317,
3009,0.8472222089767456,0.6134639978408813,
3010,0.853723406791687,0.595171332359314,
3011,0.8596938848495483,0.5751782655715942,
3012,0.8651960492134094,0.55842524766922,
3013,0.8702830076217651,0.5430192351341248,
3014,0.8738636374473572,0.5278741121292114,
3015,0.8760964870452881,0.520017147064209,
3016,0.8802965879440308,0.5079818367958069,
3017,0.8842213153839111,0.49418216943740845,
3018,0.8878968358039856,0.483897864818573,
3019,0.8894230723381042,0.47886061668395996,
3020,0.8927238583564758,0.4684408903121948,
3021,0.8958333134651184,0.4579700827598572,
3022,0.8970070481300354,0.4530928134918213,
3023,0.8989726305007935,0.4467514753341675,
3024,0.9016666412353516,0.43641167879104614,
3025,0.9042207598686218,0.42706674337387085,
3026,0.9066455960273743,0.4191317856311798,
3027,0.9089506268501282,0.40989142656326294,
3028,0.9111445546150208,0.4042326807975769,
3029,0.9132353067398071,0.3980676531791687,
3030,0.915229856967926,0.3912901282310486,
3031,0.915730357170105,0.3893689811229706,
3032,0.9175823926925659,0.38326841592788696,
3033,0.9193548560142517,0.3781311810016632,
3034,0.9210526347160339,0.37386032938957214,
3035,0.9226804375648499,0.3696034550666809,
3036,0.9242424368858337,0.36402565240859985,
3037,0.9257425665855408,0.35894614458084106,
3038,0.9271844625473022,0.3536941111087799,
3039,0.9279761910438538,0.3493095636367798,
3040,0.9293224215507507,0.34627291560173035,
3041,0.9306192398071289,0.3419167697429657,
3042,0.931869387626648,0.33761167526245117,
3043,0.9325221180915833,0.33445343375205994,
3044,0.9336956739425659,0.3313678801059723,
3045,0.9337607026100159,0.3281661570072174,
3046,0.9348739385604858,0.32397526502609253,
3047,0.9359503984451294,0.31993743777275085,
3048,0.9364837408065796,0.31817272305488586,
3049,0.9359999895095825,0.3177013099193573,
3050,0.7615740895271301,0.9041976928710938,
3051,0.7780172228813171,0.8476338386535645,
3052,0.7923387289047241,0.7996974587440491,
3053,0.8049242496490479,0.7590271830558777,
3054,0.8160714507102966,0.7226737141609192,
3055,0.8243243098258972,0.6925306916236877,
3056,0.8317307829856873,0.6653298139572144,
3057,0.8368902206420898,0.6457083821296692,
3058,0.8415697813034058,0.6308311820030212,
3059,0.8486111164093018,0.6094672083854675,
3060,0.855053186416626,0.588272213935852,
3061,0.8609693646430969,0.5689022541046143,
3062,0.8664215803146362,0.550651490688324,
3063,0.8702830076217651,0.5378484725952148,
3064,0.8738636374473572,0.5229856371879578,
3065,0.8782894611358643,0.5072295665740967,
3066,0.8813559412956238,0.4978158175945282,
3067,0.8842213153839111,0.4860821068286896,
3068,0.886904776096344,0.47606161236763,
3069,0.8903846144676208,0.4646313786506653,
3070,0.8927238583564758,0.4574604630470276,
3071,0.8958333134651184,0.447042852640152,
3072,0.8970070481300354,0.4430605173110962,
3073,0.8998287916183472,0.4372260868549347,
3074,0.9024999737739563,0.4282950460910797,
3075,0.9042207598686218,0.4203440546989441,
3076,0.9066455960273743,0.41249364614486694,
3077,0.9089506268501282,0.40437835454940796,
3078,0.9111445546150208,0.39664018154144287,
3079,0.9132353067398071,0.38857927918434143,
3080,0.915229856967926,0.3839237689971924,
3081,0.9164325594902039,0.37851038575172424,
3082,0.9182692170143127,0.37286868691444397,
3083,0.9200268983840942,0.3667392432689667,
3084,0.9217105507850647,0.36096030473709106,
3085,0.9233247637748718,0.3573285639286041,
3086,0.9242424368858337,0.35391077399253845,
3087,0.9257425665855408,0.3492835462093353,
3088,0.9265776872634888,0.34588196873664856,
3089,0.9279761910438538,0.3416578471660614,
3090,0.9293224215507507,0.33774369955062866,
3091,0.9306192398071289,0.3338016867637634,
3092,0.931869387626648,0.3292049169540405,
3093,0.9330752491950989,0.3251873254776001,
3094,0.9342391490936279,0.32068464159965515,
3095,0.935363233089447,0.31779733300209045,
3096,0.9364495873451233,0.3139670193195343,
3097,0.9375,0.31077104806900024,
3098,0.9380081295967102,0.3079560101032257,
3099,0.9390000104904175,0.30601245164871216,
3100,0.7615740895271301,0.9393743872642517,
3101,0.7780172228813171,0.8788501024246216,
3102,0.7923387289047241,0.8285817503929138,
3103,0.8049242496490479,0.7836565375328064,
3104,0.8125,0.7547634243965149,
3105,0.8226351141929626,0.7209419012069702,
3106,0.8317307829856873,0.6898895502090454,
3107,0.8399389982223511,0.6616250276565552,
3108,0.8473837375640869,0.6347013115882874,
3109,0.8541666865348816,0.6129821538925171,
3110,0.8603723645210266,0.5903114676475525,
3111,0.8660714030265808,0.5710981488227844,
3112,0.8713235259056091,0.5525276064872742,
3113,0.8761792182922363,0.5355218052864075,
3114,0.8795454502105713,0.5224981307983398,
3115,0.8837719559669495,0.5106730461120605,
3116,0.8877118825912476,0.49585190415382385,
3117,0.8913934230804443,0.48618119955062866,
3118,0.8948412537574768,0.4740414023399353,
3119,0.8980769515037537,0.46319758892059326,
3120,0.9011194109916687,0.45224910974502563,
3121,0.9039855003356934,0.44419369101524353,
3122,0.9066901206970215,0.43407872319221497,
3123,0.909246563911438,0.4253460466861725,
3124,0.9116666913032532,0.4155846834182739,
3125,0.9139610528945923,0.4069010019302368,
3126,0.9161392450332642,0.3978113532066345,
3127,0.917438268661499,0.3916204869747162,
3128,0.9194276928901672,0.3846478760242462,
3129,0.9213235378265381,0.37768855690956116,
3130,0.9231321811676025,0.37175965309143066,
3131,0.9248595237731934,0.36512240767478943,
3132,0.9265109896659851,0.3593476712703705,
3133,0.9280914068222046,0.35335445404052734,
3134,0.92960524559021,0.3482202887535095,
3135,0.9310566782951355,0.34333887696266174,
3136,0.9324495196342468,0.3384909927845001,
3137,0.9331682920455933,0.33402466773986816,
3138,0.9344660043716431,0.3306061923503876,
3139,0.9351190328598022,0.32680025696754456,
3140,0.9363317489624023,0.3230069577693939,
3141,0.9369266033172607,0.31929337978363037,
3142,0.9369369149208069,0.31769368052482605,
3143,0.9375,0.3148373067378998,
3144,0.938043475151062,0.3116231858730316,
3145,0.9391025900840759,0.3080403506755829,
3146,0.9401260614395142,0.30553188920021057,
3147,0.94111567735672,0.30277571082115173,
3148,0.9420731663703918,0.29969385266304016,
3149,0.9424999952316284,0.2993219196796417,
3150,0.7685185074806213,0.9363983869552612,
3151,0.7823275923728943,0.8878753781318665,
3152,0.7963709831237793,0.8380932807922363,
3153,0.8087121248245239,0.7958682775497437,
3154,0.8196428418159485,0.7555698752403259,
3155,0.8293918967247009,0.7251195311546326,
3156,0.8381410241127014,0.6912318468093872,
3157,0.8460366129875183,0.6642048954963684,
3158,0.8517441749572754,0.6411483287811279,
3159,0.8583333492279053,0.6181663274765015,
3160,0.8643617033958435,0.595680296421051,
3161,0.8698979616165161,0.5758089423179626,
3162,0.875,0.5580785274505615,
3163,0.8797169923782349,0.5421171188354492,
3164,0.8840909004211426,0.5255740284919739,
3165,0.8870614171028137,0.5113555788993835,
3166,0.8898305296897888,0.49900615215301514,
3167,0.8934426307678223,0.48595085740089417,
3168,0.8958333134651184,0.48044508695602417,
3169,0.8980769515037537,0.47006455063819885,
3170,0.9011194109916687,0.4578065872192383,
3171,0.9030796885490417,0.4505186378955841,
3172,0.9058098793029785,0.43997615575790405,
3173,0.9083904027938843,0.43082499504089355,
3174,0.9108333587646484,0.42108407616615295,
3175,0.913149356842041,0.4148969352245331,
3176,0.9153481125831604,0.40729328989982605,
3177,0.917438268661499,0.4008224904537201,
3178,0.9194276928901672,0.3929555118083954,
3179,0.9198529124259949,0.3905079960823059,
3180,0.920976996421814,0.38669541478157043,
3181,0.9227527976036072,0.379759281873703,
3182,0.9244505763053894,0.37309810519218445,
3183,0.9240591526031494,0.3699600100517273,
3184,0.925000011920929,0.3654494881629944,
3185,0.9259020686149597,0.36015212535858154,
3186,0.9273989796638489,0.3558328151702881,
3187,0.9288366436958313,0.3502698838710785,
3188,0.9302184581756592,0.3459765613079071,
3189,0.9309523701667786,0.3412840962409973,
3190,0.9322429895401001,0.33634525537490845,
3191,0.9323394298553467,0.33493295311927795,
3192,0.9329954981803894,0.3331942558288574,
3193,0.9336283206939697,0.3303990960121155,
3194,0.9342391490936279,0.327414333820343,
3195,0.935363233089447,0.3243522047996521,
3196,0.9364495873451233,0.32055166363716125,
3197,0.9369834661483765,0.318386971950531,
3198,0.9380081295967102,0.3163166344165802,
3199,0.9384999871253967,0.31347063183784485,
3200,0.7592592835426331,0.9551643133163452,
3201,0.7758620977401733,0.9022218585014343,
3202,0.788306474685669,0.8553222417831421,
3203,0.8011363744735718,0.8100500106811523,
3204,0.8125,0.77240389585495,
3205,0.8226351141929626,0.7367181777954102,
3206,0.8301281929016113,0.7078485488891602,
3207,0.8384146094322205,0.6781149506568909,
3208,0.8459302186965942,0.6533533334732056,
3209,0.8527777791023254,0.6303645372390747,
3210,0.8590425252914429,0.6096101999282837,
3211,0.8647959232330322,0.589546263217926,
3212,0.8700980544090271,0.5701260566711426,
3213,0.8726415038108826,0.5561826229095459,
3214,0.875,0.5476767420768738,
3215,0.8782894611358643,0.5341220498085022,
3216,0.882415235042572,0.5212745070457458,
3217,0.8852459192276001,0.509188711643219,
3218,0.8888888955116272,0.4975666403770447,
3219,0.8913461565971375,0.48780229687690735,
3220,0.8945895433425903,0.47613629698753357,
3221,0.8976449370384216,0.46588897705078125,
3222,0.8996478915214539,0.45990538597106934,
3223,0.9015411138534546,0.45307594537734985,
3224,0.9041666388511658,0.44635528326034546,
3225,0.9066558480262756,0.4369787871837616,
3226,0.9090189933776855,0.42875346541404724,
3227,0.9112654328346252,0.42058441042900085,
3228,0.9134036302566528,0.4124648869037628,
3229,0.9147058725357056,0.4066963791847229,
3230,0.9166666865348816,0.4000912308692932,
3231,0.9178370833396912,0.39498013257980347,
3232,0.9196428656578064,0.38813501596450806,
3233,0.9213709831237793,0.38188183307647705,
3234,0.9230263233184814,0.3760584890842438,
3235,0.9246134161949158,0.3708760440349579,
3236,0.9261363744735718,0.36516305804252625,
3237,0.9275990128517151,0.3592459559440613,
3238,0.9290048480033875,0.3543987572193146,
3239,0.9297618865966797,0.3498457372188568,
3240,0.9310747385025024,0.34503665566444397,
3241,0.9323394298553467,0.34066686034202576,
3242,0.9335585832595825,0.3361966013908386,
3243,0.9347345232963562,0.33195260167121887,
3244,0.935869574546814,0.3270389139652252,
3245,0.936965823173523,0.3235398232936859,
3246,0.9375,0.3212202787399292,
3247,0.9380165338516235,0.31888100504875183,
3248,0.9390243887901306,0.31475815176963806,
3249,0.9399999976158142,0.3121269643306732,
3250,0.7731481194496155,0.9641051292419434,
3251,0.7887930870056152,0.9044954180717468,
3252,0.8004032373428345,0.8629375100135803,
3253,0.8125,0.815863311290741,
3254,0.8232142925262451,0.7759084701538086,
3255,0.8327702879905701,0.7403385043144226,
3256,0.8413461446762085,0.7051826119422913,
3257,0.8490853905677795,0.6769179105758667,
3258,0.8561046719551086,0.6501405239105225,
3259,0.862500011920929,0.6288260817527771,
3260,0.8683510422706604,0.607138454914093,
3261,0.8737244606018066,0.5861271023750305,
3262,0.8786764740943909,0.5669536590576172,
3263,0.8832547068595886,0.5508418083190918,
3264,0.887499988079071,0.5366328358650208,
3265,0.8914473652839661,0.5191435217857361,
3266,0.8951271176338196,0.5050352811813354,
3267,0.8985655903816223,0.49115583300590515,
3268,0.9017857313156128,0.47830265760421753,
3269,0.9048076868057251,0.4675266444683075,
3270,0.9076492786407471,0.45668840408325195,
3271,0.9103260636329651,0.44604337215423584,
3272,0.9119718074798584,0.4372577667236328,
3273,0.914383590221405,0.428353875875473,
3274,0.9166666865348816,0.42036065459251404,
3275,0.9188311696052551,0.4112264811992645,
3276,0.9208860993385315,0.40314316749572754,
3277,0.9228395223617554,0.39630597829818726,
3278,0.9246987700462341,0.3892323076725006,
3279,0.9257352948188782,0.3828894793987274,
3280,0.9260057210922241,0.3791959583759308,
3281,0.9276685118675232,0.374565988779068,
3282,0.9292582273483276,0.36971986293792725,
3283,0.9307795763015747,0.3655000627040863,
3284,0.9322368502616882,0.3613431751728058,
3285,0.9336340427398682,0.35666176676750183,
3286,0.934974730014801,0.35179993510246277,
3287,0.9362623691558838,0.3471226096153259,
3288,0.9375,0.34290140867233276,
3289,0.9386904835700989,0.33824604749679565,
3290,0.9398364424705505,0.3336196839809418,
3291,0.9409403800964355,0.3296416401863098,
3292,0.9420045018196106,0.326010525226593,
3293,0.9430309534072876,0.3220541179180145,
3294,0.9440217614173889,0.3186498284339905,
3295,0.944978654384613,0.3144947290420532,
3296,0.9448529481887817,0.31431546807289124,
3297,0.9457644820213318,0.3107099235057831,
3298,0.9466463327407837,0.3078053593635559,
3299,0.9474999904632568,0.3045138716697693,
3300,0.7384259104728699,0.9503002166748047,
3301,0.7543103694915771,0.8973623514175415,
3302,0.7701612710952759,0.8500738739967346,
3303,0.7840909361839294,0.8066994547843933,
3304,0.7964285612106323,0.766258180141449,
3305,0.8074324131011963,0.730180561542511,
3306,0.8157051205635071,0.697443962097168,
3307,0.8246951103210449,0.6684367656707764,
3308,0.832848846912384,0.6415491700172424,
3309,0.8388888835906982,0.6203790307044983,
3310,0.8457446694374084,0.5990305542945862,
3311,0.8520408272743225,0.5771084427833557,
3312,0.8566176295280457,0.5616945028305054,
3313,0.8620283007621765,0.5456902384757996,
3314,0.8670454621315002,0.5305123925209045,
3315,0.8717105388641357,0.5199909210205078,
3316,0.8760592937469482,0.5039270520210266,
3317,0.8801229596138,0.4906933605670929,
3318,0.8839285969734192,0.4789324998855591,
3319,0.887499988079071,0.46795061230659485,
3320,0.8908582329750061,0.4575977623462677,
3321,0.89402174949646,0.4478115141391754,
3322,0.8943662047386169,0.4413081705570221,
3323,0.8972602486610413,0.4338517189025879,
3324,0.8991666436195374,0.4267629086971283,
3325,0.9017857313156128,0.4178785979747772,
3326,0.9042721390724182,0.4103327989578247,
3327,0.9066358208656311,0.40338724851608276,
3328,0.9088855385780334,0.39731454849243164,
3329,0.9102941155433655,0.391940176486969,
3330,0.9123563170433044,0.38524478673934937,
3331,0.913623571395874,0.3791680634021759,
3332,0.9155219793319702,0.3739354610443115,
3333,0.9173387289047241,0.36738261580467224,
3334,0.9184210300445557,0.3627522885799408,
3335,0.9201030731201172,0.35643574595451355,
3336,0.9217171669006348,0.3516582250595093,
3337,0.9232673048973083,0.3480151295661926,
3338,0.9247573018074036,0.3431183099746704,
3339,0.9261904954910278,0.339744508266449,
3340,0.9269859790802002,0.3361780345439911,
3341,0.9283257126808167,0.3325735628604889,
3342,0.9296171069145203,0.32819104194641113,
3343,0.9308628439903259,0.3243243098258972,
3344,0.9320651888847351,0.3221326172351837,
3345,0.933226466178894,0.32003042101860046,
3346,0.9343487620353699,0.3167181611061096,
3347,0.9354338645935059,0.3134767413139343,
3348,0.9364837408065796,0.310491681098938,
3349,0.9375,0.3066351115703583,
3350,0.7384259104728699,0.9147704839706421,
3351,0.756465494632721,0.859469473361969,
3352,0.7721773982048035,0.8095441460609436,
3353,0.7859848737716675,0.7656207084655762,
3354,0.7982142567634583,0.7295976281166077,
3355,0.8057432174682617,0.7022461891174316,
3356,0.8157051205635071,0.6710907220840454,
3357,0.8246951103210449,0.6451302766799927,
3358,0.832848846912384,0.6178173422813416,
3359,0.8388888835906982,0.5971531271934509,
3360,0.8457446694374084,0.5777952671051025,
3361,0.8507652878761292,0.5603004693984985,
3362,0.8566176295280457,0.5428926944732666,
3363,0.8620283007621765,0.526820957660675,
3364,0.8670454621315002,0.5105015635490417,
3365,0.8717105388641357,0.49634629487991333,
3366,0.8760592937469482,0.4838387370109558,
3367,0.8801229596138,0.472157746553421,
3368,0.8829365372657776,0.4615310728549957,
3369,0.8865384459495544,0.45061683654785156,
3370,0.8899253606796265,0.438871294260025,
3371,0.8931159377098083,0.42914173007011414,
3372,0.8961267471313477,0.4213561713695526,
3373,0.898116409778595,0.41404807567596436,
3374,0.9008333086967468,0.4045949876308441,
3375,0.9034090638160706,0.39718061685562134,
3376,0.9058544039726257,0.39074578881263733,
3377,0.908178985118866,0.3831429183483124,
3378,0.9103915691375732,0.37709563970565796,
3379,0.9125000238418579,0.37105339765548706,
3380,0.914511501789093,0.3649282157421112,
3381,0.9150280952453613,0.3630913197994232,
3382,0.916208803653717,0.35836562514305115,
3383,0.9180107712745667,0.3535991311073303,
3384,0.9177631735801697,0.351296991109848,
3385,0.9194587469100952,0.34601277112960815,
3386,0.9210858345031738,0.3412887454032898,
3387,0.9226484894752502,0.3363312780857086,
3388,0.9241504669189453,0.33257320523262024,
3389,0.925595223903656,0.3277386724948883,
3390,0.9269859790802002,0.3237730860710144,
3391,0.9277523159980774,0.32004833221435547,
3392,0.9290540814399719,0.31563594937324524,
3393,0.9303097128868103,0.31178802251815796,
3394,0.9315217137336731,0.30869948863983154,
3395,0.932692289352417,0.3049919903278351,
3396,0.9338235259056091,0.3010501265525818,
3397,0.9344007968902588,0.2977694869041443,
3398,0.9344512224197388,0.2957864999771118,
3399,0.934499979019165,0.295186311006546,
3400,0.7708333134651184,0.8706264495849609,
3401,0.7866379022598267,0.8223096132278442,
3402,0.8004032373428345,0.7758832573890686,
3403,0.8125,0.7406558394432068,
3404,0.8232142925262451,0.7034116983413696,
3405,0.8327702879905701,0.6757021546363831,
3406,0.8413461446762085,0.6466346383094788,
3407,0.8490853905677795,0.6208187341690063,
3408,0.8561046719551086,0.5950241088867188,
3409,0.862500011920929,0.5770785212516785,
3410,0.8683510422706604,0.5568015575408936,
3411,0.8724489808082581,0.5396419167518616,
3412,0.876225471496582,0.5227183699607849,
3413,0.8808962106704712,0.5064616799354553,
3414,0.8840909004211426,0.49304431676864624,
3415,0.8881579041481018,0.47964152693748474,
3416,0.8919491767883301,0.46686509251594543,
3417,0.8954917788505554,0.454860121011734,
3418,0.898809552192688,0.4428212642669678,
3419,0.8990384340286255,0.4371335208415985,
3420,0.9020522236824036,0.42865607142448425,
3421,0.904891312122345,0.4198998510837555,
3422,0.9075704216957092,0.41114845871925354,
3423,0.9101027250289917,0.4034006595611572,
3424,0.9125000238418579,0.3949422240257263,
3425,0.913149356842041,0.38959333300590515,
3426,0.9153481125831604,0.3835039436817169,
3427,0.9166666865348816,0.3776678144931793,
3428,0.9179216623306274,0.37313568592071533,
3429,0.9198529124259949,0.36684587597846985,
3430,0.920976996421814,0.3620871603488922,
3431,0.9220505356788635,0.3565703332424164,
3432,0.9237637519836426,0.35082128643989563,
3433,0.9254032373428345,0.3458530008792877,
3434,0.9263157844543457,0.34207165241241455,
3435,0.9271907210350037,0.3378794193267822,
3436,0.9286616444587708,0.33424368500709534,
3437,0.9300742745399475,0.32968664169311523,
3438,0.9308252334594727,0.32627689838409424,
3439,0.9321428537368774,0.32226622104644775,
3440,0.9334112405776978,0.318714439868927,
3441,0.9346330165863037,0.314888596534729,
3442,0.9358108043670654,0.31095749139785767,
3443,0.9369469285011292,0.3072703182697296,
3444,0.938043475151062,0.3053762912750244,
3445,0.9391025900840759,0.30174997448921204,
3446,0.9401260614395142,0.2981072664260864,
3447,0.94111567735672,0.29537492990493774,
3448,0.9420731663703918,0.2925640642642975,
3449,0.9430000185966492,0.28925639390945435,
3450,0.7615740895271301,0.9154850244522095,
3451,0.7780172228813171,0.8563962578773499,
3452,0.7923387289047241,0.8090542554855347,
3453,0.8049242496490479,0.7651106119155884,
3454,0.8142856955528259,0.7299861311912537,
3455,0.8243243098258972,0.6947712898254395,
3456,0.8333333134651184,0.6617035269737244,
3457,0.8399389982223511,0.6375007033348083,
3458,0.8473837375640869,0.6127302646636963,
3459,0.8541666865348816,0.5888773798942566,
3460,0.8603723645210266,0.5696293115615845,
3461,0.8660714030265808,0.5510352253913879,
3462,0.8713235259056091,0.532536506652832,
3463,0.8738207817077637,0.5203102231025696,
3464,0.8761363625526428,0.5085700154304504,
3465,0.8804824352264404,0.49332818388938904,
3466,0.8845338821411133,0.4807661771774292,
3467,0.8872950673103333,0.4712521433830261,
3468,0.8908730149269104,0.46028539538383484,
3469,0.8942307829856873,0.4487146735191345,
3470,0.8973880410194397,0.44020983576774597,
3471,0.9003623127937317,0.4303411543369293,
3472,0.9031690359115601,0.42047494649887085,
3473,0.9049657583236694,0.4128548502922058,
3474,0.9075000286102295,0.4039260745048523,
3475,0.9099025726318359,0.3964675962924957,
3476,0.9121835231781006,0.39012452960014343,
3477,0.9143518805503845,0.3817253112792969,
3478,0.9164156913757324,0.3740934431552887,
3479,0.9183823466300964,0.3672844469547272,
3480,0.9188218116760254,0.3633674085140228,
3481,0.920646071434021,0.35796719789505005,
3482,0.9223901033401489,0.35241490602493286,
3483,0.9240591526031494,0.3461402952671051,
3484,0.9256578683853149,0.3404794931411743,
3485,0.9265463948249817,0.3388625979423523,
3486,0.9280303120613098,0.3335832953453064,
3487,0.9294554591178894,0.3287985026836395,
3488,0.9302184581756592,0.3268496096134186,
3489,0.9315476417541504,0.3226388394832611,
3490,0.9328271150588989,0.3205502927303314,
3491,0.9334862232208252,0.31653743982315063,
3492,0.934684693813324,0.313278466463089,
3493,0.9358407258987427,0.3098480999469757,
3494,0.936956524848938,0.3064190149307251,
3495,0.938034176826477,0.30334192514419556,
3496,0.9390756487846375,0.2997117042541504,
3497,0.9400826692581177,0.2961322069168091,
3498,0.9410569071769714,0.29288944602012634,
3499,0.9419999718666077,0.29023921489715576,
3500,0.75,0.8833529353141785,
3501,0.767241358757019,0.8287481665611267,
3502,0.7822580933570862,0.7809403538703918,
3503,0.7954545617103577,0.7422025799751282,
3504,0.8071428537368774,0.7045664191246033,
3505,0.8175675868988037,0.6736432909965515,
3506,0.8269230723381042,0.6427984833717346,
3507,0.8353658318519592,0.6154749393463135,
3508,0.8430232405662537,0.590953528881073,
3509,0.8486111164093018,0.572069525718689,
3510,0.855053186416626,0.5527902841567993,
3511,0.8609693646430969,0.533430278301239,
3512,0.8664215803146362,0.5192856192588806,
3513,0.8714622855186462,0.5036799907684326,
3514,0.8761363625526428,0.4894980788230896,
3515,0.8804824352264404,0.47850170731544495,
3516,0.8845338821411133,0.46559813618659973,
3517,0.8883196711540222,0.45293790102005005,
3518,0.891865074634552,0.44031432271003723,
3519,0.8942307829856873,0.43583056330680847,
3520,0.8973880410194397,0.4254307448863983,
3521,0.9003623127937317,0.41694560647010803,
3522,0.9031690359115601,0.4071477949619293,
3523,0.9058219194412231,0.3994181156158447,
3524,0.9083333611488342,0.3920285105705261,
3525,0.9107142686843872,0.38489970564842224,
3526,0.9129746556282043,0.3788487911224365,
3527,0.9143518805503845,0.37335753440856934,
3528,0.9164156913757324,0.36569610238075256,
3529,0.9176470637321472,0.36328592896461487,
3530,0.9195402264595032,0.35692864656448364,
3531,0.9213483333587646,0.3525084853172302,
3532,0.9230769276618958,0.3470604121685028,
3533,0.9247311949729919,0.3413139581680298,
3534,0.9256578683853149,0.33678433299064636,
3535,0.9271907210350037,0.33185601234436035,
3536,0.9286616444587708,0.32714685797691345,
3537,0.9294554591178894,0.3235066831111908,
3538,0.9308252334594727,0.31862640380859375,
3539,0.9321428537368774,0.3139084577560425,
3540,0.9322429895401001,0.31121939420700073,
3541,0.9334862232208252,0.308377742767334,
3542,0.934684693813324,0.30521464347839355,
3543,0.935287594795227,0.3022725284099579,
3544,0.936413049697876,0.2983964681625366,
3545,0.9375,0.29514962434768677,
3546,0.9385504126548767,0.2918156087398529,
3547,0.9395661354064941,0.2886234521865845,
3548,0.9405487775802612,0.28515538573265076,
3549,0.9415000081062317,0.28254446387290955,
3550,0.7546296119689941,0.9070215821266174,
3551,0.7715517282485962,0.851682722568512,
3552,0.7862903475761414,0.7999383211135864,
3553,0.7992424368858337,0.7548853158950806,
3554,0.8107143044471741,0.7154253125190735,
3555,0.8209459185600281,0.6829018592834473,
3556,0.8301281929016113,0.6543557047843933,
3557,0.8384146094322205,0.6271400451660156,
3558,0.8459302186965942,0.6030759215354919,
3559,0.8527777791023254,0.5800428986549377,
3560,0.8590425252914429,0.5600310564041138,
3561,0.8647959232330322,0.5433216691017151,
3562,0.8700980544090271,0.5258013606071472,
3563,0.875,0.5117675065994263,
3564,0.8772727251052856,0.49957725405693054,
3565,0.8804824352264404,0.4868335425853729,
3566,0.883474588394165,0.4777059257030487,
3567,0.8862704634666443,0.46568310260772705,
3568,0.8898809552192688,0.45473456382751465,
3569,0.8932692408561707,0.4442717432975769,
3570,0.8964552283287048,0.43335312604904175,
3571,0.8994565010070801,0.42421865463256836,
3572,0.9022887349128723,0.4150031507015228,
3573,0.9049657583236694,0.40636590123176575,
3574,0.9075000286102295,0.39859509468078613,
3575,0.9099025726318359,0.39076727628707886,
3576,0.9121835231781006,0.382255882024765,
3577,0.9143518805503845,0.37603676319122314,
3578,0.9156626462936401,0.37050193548202515,
3579,0.9176470637321472,0.3649022579193115,
3580,0.9195402264595032,0.3587527871131897,
3581,0.9213483333587646,0.35274824500083923,
3582,0.9230769276618958,0.34723204374313354,
3583,0.9247311949729919,0.3423551321029663,
3584,0.9263157844543457,0.33714234828948975,
3585,0.9278350472450256,0.3317272961139679,
3586,0.9292929172515869,0.326032817363739,
3587,0.9306930899620056,0.32249024510383606,
3588,0.9320388436317444,0.31761622428894043,
3589,0.9333333373069763,0.3132885992527008,
3590,0.9345794320106506,0.3092893660068512,
3591,0.9357798099517822,0.30549195408821106,
3592,0.9369369149208069,0.3013593554496765,
3593,0.9380530714988708,0.2972368597984314,
3594,0.939130425453186,0.2935970723628998,
3595,0.94017094373703,0.2902555465698242,
3596,0.9411764740943909,0.2870422899723053,
3597,0.942148745059967,0.28357797861099243,
3598,0.942581295967102,0.28106486797332764,
3599,0.9424999952316284,0.2813046872615814,
3600,0.7546296119689941,0.910780668258667,
3601,0.7715517282485962,0.8538209795951843,
3602,0.7862903475761414,0.8056423664093018,
3603,0.7992424368858337,0.7640048861503601,
3604,0.8107143044471741,0.7261008620262146,
3605,0.8209459185600281,0.6925750374794006,
3606,0.8301281929016113,0.6641985774040222,
3607,0.8384146094322205,0.6354239583015442,
3608,0.8444767594337463,0.6152563691139221,
3609,0.8500000238418579,0.5938144326210022,
3610,0.8563829660415649,0.5713396072387695,
3611,0.8622449040412903,0.5522440075874329,
3612,0.8676470518112183,0.5342597365379333,
3613,0.8726415038108826,0.5170021653175354,
3614,0.8761363625526428,0.5065897107124329,
3615,0.8804824352264404,0.49167323112487793,
3616,0.8845338821411133,0.4787118434906006,
3617,0.8883196711540222,0.46727320551872253,
3618,0.8908730149269104,0.45684874057769775,
3619,0.8942307829856873,0.4463748335838318,
3620,0.8973880410194397,0.4357898235321045,
3621,0.8985507488250732,0.4301956295967102,
3622,0.9014084339141846,0.4192372262477875,
3623,0.9041095972061157,0.40987569093704224,
3624,0.9058333039283752,0.40288037061691284,
3625,0.9082792401313782,0.39396512508392334,
3626,0.9106012582778931,0.38619697093963623,
3627,0.9120370149612427,0.3800117075443268,
3628,0.9134036302566528,0.37453514337539673,
3629,0.9154411554336548,0.3686293065547943,
3630,0.9173850417137146,0.3629085421562195,
3631,0.9192415475845337,0.35723331570625305,
3632,0.9210164546966553,0.35201653838157654,
3633,0.9220430254936218,0.35013023018836975,
3634,0.9236842393875122,0.34443944692611694,
3635,0.9252577424049377,0.3401717245578766,
3636,0.9267676472663879,0.3360912501811981,
3637,0.926980197429657,0.33191201090812683,
3638,0.928398072719574,0.3267372250556946,
3639,0.9297618865966797,0.3239988684654236,
3640,0.9310747385025024,0.31972116231918335,
3641,0.9323394298553467,0.3153737187385559,
3642,0.9335585832595825,0.3112117350101471,
3643,0.9347345232963562,0.30714309215545654,
3644,0.935869574546814,0.30327191948890686,
3645,0.936965823173523,0.2997467815876007,
3646,0.9380252361297607,0.2965814471244812,
3647,0.9390496015548706,0.29337266087532043,
3648,0.940040647983551,0.29028114676475525,
3649,0.9409999847412109,0.2878650426864624,
3650,0.7662037014961243,0.932650089263916,
3651,0.7801724076271057,0.8765514492988586,
3652,0.7943548560142517,0.8255505561828613,
3653,0.8068181872367859,0.7792969942092896,
3654,0.8178571462631226,0.7384927868843079,
3655,0.8277027010917664,0.7036474347114563,
3656,0.8365384340286255,0.6714372634887695,
3657,0.8429877758026123,0.6441014409065247,
3658,0.8502907156944275,0.618117094039917,
3659,0.8527777791023254,0.6032766699790955,
3660,0.8590425252914429,0.5830799341201782,
3661,0.8647959232330322,0.5625739097595215,
3662,0.8700980544090271,0.5446455478668213,
3663,0.875,0.5278239250183105,
3664,0.8795454502105713,0.5102965831756592,
3665,0.8826754093170166,0.49695560336112976,
3666,0.8866525292396545,0.48343032598495483,
3667,0.8903688788414001,0.4716646373271942,
3668,0.8928571343421936,0.46053367853164673,
3669,0.8961538672447205,0.44856810569763184,
3670,0.8992537260055542,0.43695902824401855,
3671,0.9021739363670349,0.4263281524181366,
3672,0.9049295783042908,0.4173533618450165,
3673,0.9075342416763306,0.40805453062057495,
3674,0.9100000262260437,0.3994348347187042,
3675,0.9123376607894897,0.3911404311656952,
3676,0.9137658476829529,0.38375967741012573,
3677,0.915123462677002,0.37781116366386414,
3678,0.9164156913757324,0.3722286820411682,
3679,0.9183823466300964,0.3664279878139496,
3680,0.920258641242981,0.359845370054245,
3681,0.9213483333587646,0.3543218672275543,
3682,0.9230769276618958,0.35016974806785583,
3683,0.9247311949729919,0.343839555978775,
3684,0.9263157844543457,0.33838748931884766,
3685,0.9278350472450256,0.3331555724143982,
3686,0.9292929172515869,0.3299882411956787,
3687,0.9306930899620056,0.32521000504493713,
3688,0.9314320683479309,0.3219728469848633,
3689,0.9327380657196045,0.3182816505432129,
3690,0.9339953064918518,0.314579576253891,
3691,0.935206413269043,0.3108346462249756,
3692,0.9363738894462585,0.307679146528244,
3693,0.9375,0.3052997887134552,
3694,0.938043475151062,0.30276554822921753,
3695,0.9391025900840759,0.2987859547138214,
3696,0.9401260614395142,0.29487061500549316,
3697,0.94111567735672,0.2924375832080841,
3698,0.9420731663703918,0.28955087065696716,
3699,0.9424999952316284,0.28710827231407166,
3700,0.7731481194496155,0.8722930550575256,
3701,0.7887930870056152,0.8163349628448486,
3702,0.8024193644523621,0.7727397680282593,
3703,0.814393937587738,0.7316931486129761,
3704,0.8232142925262451,0.7000149488449097,
3705,0.8327702879905701,0.6654506921768188,
3706,0.8413461446762085,0.6406298875808716,
3707,0.8490853905677795,0.6159840822219849,
3708,0.8561046719551086,0.593726634979248,
3709,0.862500011920929,0.5714206695556641,
3710,0.8683510422706604,0.5499488115310669,
3711,0.8737244606018066,0.5304189920425415,
3712,0.8786764740943909,0.5121588110923767,
3713,0.8832547068595886,0.4970419108867645,
3714,0.887499988079071,0.48124489188194275,
3715,0.8914473652839661,0.4669231176376343,
3716,0.8951271176338196,0.45421260595321655,
3717,0.8985655903816223,0.4419119954109192,
3718,0.9017857313156128,0.4298521876335144,
3719,0.9048076868057251,0.4188631772994995,
3720,0.9076492786407471,0.41019099950790405,
3721,0.9103260636329651,0.40303125977516174,
3722,0.9128521084785461,0.394571989774704,
3723,0.9152397513389587,0.3864589035511017,
3724,0.9175000190734863,0.3788384199142456,
3725,0.9196428656578064,0.37119829654693604,
3726,0.9216772317886353,0.364247590303421,
3727,0.9236111044883728,0.35850104689598083,
3728,0.9254518151283264,0.35123467445373535,
3729,0.9272058606147766,0.34550413489341736,
3730,0.9288793206214905,0.33904245495796204,
3731,0.930477499961853,0.3336876332759857,
3732,0.9320054650306702,0.3295248746871948,
3733,0.9327957034111023,0.3250194787979126,
3734,0.9342105388641357,0.31990137696266174,
3735,0.9355670213699341,0.3156755864620209,
3736,0.9368686676025391,0.311762273311615,
3737,0.9381188154220581,0.3078782558441162,
3738,0.9393203854560852,0.3052906394004822,
3739,0.9404761791229248,0.30150750279426575,
3740,0.9410046935081482,0.2977614998817444,
3741,0.9420871734619141,0.2932766079902649,
3742,0.943130612373352,0.290291965007782,
3743,0.9441371560096741,0.2868811786174774,
3744,0.9451087117195129,0.283743292093277,
3745,0.9460470080375671,0.2803371548652649,
3746,0.9469537734985352,0.2773650288581848,
3747,0.9473140239715576,0.27628204226493835,
3748,0.9481707215309143,0.27383092045783997,
3749,0.9484999775886536,0.27062109112739563,
3750,0.7662037014961243,0.9156237840652466,
3751,0.7823275923728943,0.8597255349159241,
3752,0.7963709831237793,0.8105869889259338,
3753,0.8087121248245239,0.7672386169433594,
3754,0.8196428418159485,0.7263766527175903,
3755,0.8293918967247009,0.6941179037094116,
3756,0.8381410241127014,0.6646092534065247,
3757,0.8460366129875183,0.634917140007019,
3758,0.8517441749572754,0.6114993691444397,
3759,0.8583333492279053,0.5883168578147888,
3760,0.8643617033958435,0.5675948262214661,
3761,0.8698979616165161,0.547423243522644,
3762,0.875,0.5288828611373901,
3763,0.8785377144813538,0.514756441116333,
3764,0.8829545378684998,0.49818286299705505,
3765,0.8870614171028137,0.4828154146671295,
3766,0.8908898234367371,0.468408465385437,
3767,0.8944672346115112,0.457734078168869,
3768,0.8978174328804016,0.44683313369750977,
3769,0.9009615182876587,0.436727374792099,
3770,0.9039179086685181,0.4276667833328247,
3771,0.9067028760910034,0.4172220230102539,
3772,0.9093309640884399,0.4069828689098358,
3773,0.9118150472640991,0.39840391278266907,
3774,0.9141666889190674,0.3897593021392822,
3775,0.9163960814476013,0.3817127048969269,
3776,0.9185126423835754,0.37419790029525757,
3777,0.9205247163772583,0.3684137761592865,
3778,0.9224397540092468,0.36192646622657776,
3779,0.9242647290229797,0.3549398183822632,
3780,0.9260057210922241,0.3485758602619171,
3781,0.9276685118675232,0.34187397360801697,
3782,0.9292582273483276,0.3364344835281372,
3783,0.9307795763015747,0.33206987380981445,
3784,0.9315789341926575,0.32765641808509827,
3785,0.9329897165298462,0.3221668303012848,
3786,0.9343434572219849,0.3175925314426422,
3787,0.9350247383117676,0.3142029643058777,
3788,0.9362863898277283,0.30946969985961914,
3789,0.9375,0.30630603432655334,
3790,0.9386682510375977,0.30265912413597107,
3791,0.939793586730957,0.29815757274627686,
3792,0.9408783912658691,0.29410213232040405,
3793,0.9419247508049011,0.2899758219718933,
3794,0.9429348111152649,0.2866486608982086,
3795,0.9439102411270142,0.2825276851654053,
3796,0.944327712059021,0.27982524037361145,
3797,0.9452479481697083,0.276803582906723,
3798,0.9461382031440735,0.2735631763935089,
3799,0.9470000267028809,0.27022621035575867,
3800,0.7615740895271301,0.8934714198112488,
3801,0.7780172228813171,0.8353901505470276,
3802,0.7923387289047241,0.7872238755226135,
3803,0.8030303120613098,0.7485142350196838,
3804,0.8142856955528259,0.7101952433586121,
3805,0.8243243098258972,0.6776346564292908,
3806,0.8333333134651184,0.6473751664161682,
3807,0.8399389982223511,0.6239916086196899,
3808,0.8473837375640869,0.6008738875389099,
3809,0.8527777791023254,0.5784280300140381,
3810,0.8590425252914429,0.5574136972427368,
3811,0.8647959232330322,0.5381710529327393,
3812,0.8700980544090271,0.5209397077560425,
3813,0.875,0.5042320489883423,
3814,0.8795454502105713,0.4906202554702759,
3815,0.8837719559669495,0.4773477613925934,
3816,0.8866525292396545,0.46509498357772827,
3817,0.8903688788414001,0.45352789759635925,
3818,0.8938491940498352,0.4415239691734314,
3819,0.8942307829856873,0.43761610984802246,
3820,0.8973880410194397,0.4266013205051422,
3821,0.8994565010070801,0.41720643639564514,
3822,0.9022887349128723,0.40961530804634094,
3823,0.9049657583236694,0.40095052123069763,
3824,0.9066666960716248,0.3937153220176697,
3825,0.9090909361839294,0.3854982852935791,
3826,0.9113923907279968,0.37776514887809753,
3827,0.9135802388191223,0.37138715386390686,
3828,0.9156626462936401,0.3649198114871979,
3829,0.916911780834198,0.3590441346168518,
3830,0.9188218116760254,0.3520756959915161,
3831,0.920646071434021,0.34749290347099304,
3832,0.9223901033401489,0.3426840305328369,
3833,0.9240591526031494,0.33719509840011597,
3834,0.9256578683853149,0.3326868414878845,
3835,0.9265463948249817,0.32915356755256653,
3836,0.9273989796638489,0.32495826482772827,
3837,0.9282178282737732,0.32040929794311523,
3838,0.9296116232872009,0.3166450560092926,
3839,0.9309523701667786,0.31212118268013,
3840,0.9322429895401001,0.3077648878097534,
3841,0.9334862232208252,0.3033173978328705,
3842,0.934684693813324,0.29895085096359253,
3843,0.9358407258987427,0.29513275623321533,
3844,0.936956524848938,0.2920627295970917,
3845,0.938034176826477,0.2882090210914612,
3846,0.9390756487846375,0.2842865586280823,
3847,0.9395661354064941,0.2823736071586609,
3848,0.9405487775802612,0.2790731191635132,
3849,0.9415000081062317,0.2772517204284668,
3850,0.7662037014961243,0.8980560898780823,
3851,0.7823275923728943,0.8415611982345581,
3852,0.7963709831237793,0.792104959487915,
3853,0.8068181872367859,0.7521843314170837,
3854,0.8160714507102966,0.7167162895202637,
3855,0.8260135054588318,0.6870042681694031,
3856,0.8333333134651184,0.6582846641540527,
3857,0.8414633870124817,0.6299950480461121,
3858,0.8488371968269348,0.606201171875,
3859,0.8541666865348816,0.5844005346298218,
3860,0.8603723645210266,0.5639724731445312,
3861,0.8660714030265808,0.5450354814529419,
3862,0.8713235259056091,0.5263074040412903,
3863,0.8761792182922363,0.5086904168128967,
3864,0.8806818127632141,0.49662989377975464,
3865,0.8837719559669495,0.4827624261379242,
3866,0.8866525292396545,0.4720657169818878,
3867,0.8903688788414001,0.4591461420059204,
3868,0.8928571343421936,0.44871386885643005,
3869,0.8942307829856873,0.43945345282554626,
3870,0.8973880410194397,0.42977797985076904,
3871,0.9003623127937317,0.41967010498046875,
3872,0.9031690359115601,0.410938560962677,
3873,0.9058219194412231,0.40105190873146057,
3874,0.9083333611488342,0.3920861780643463,
3875,0.9107142686843872,0.38342031836509705,
3876,0.9129746556282043,0.37541452050209045,
3877,0.915123462677002,0.36929890513420105,
3878,0.9164156913757324,0.3633832037448883,
3879,0.9183823466300964,0.3568893074989319,
3880,0.920258641242981,0.35094738006591797,
3881,0.9220505356788635,0.34572917222976685,
3882,0.9237637519836426,0.3395278751850128,
3883,0.9254032373428345,0.3339126408100128,
3884,0.9269737005233765,0.32979121804237366,
3885,0.9278350472450256,0.32552483677864075,
3886,0.9286616444587708,0.3222244679927826,
3887,0.9294554591178894,0.32032185792922974,
3888,0.9308252334594727,0.31657764315605164,
3889,0.9321428537368774,0.31204286217689514,
3890,0.9334112405776978,0.3069605529308319,
3891,0.9346330165863037,0.30379101634025574,
3892,0.9352477192878723,0.30131369829177856,
3893,0.9363937973976135,0.29804328083992004,
3894,0.9375,0.29568976163864136,
3895,0.938034176826477,0.2941138446331024,
3896,0.9390756487846375,0.29079771041870117,
3897,0.9395661354064941,0.2878338694572449,
3898,0.9405487775802612,0.2847352623939514,
3899,0.9415000081062317,0.2812683880329132,
3900,0.7731481194496155,0.8812450170516968,
3901,0.7866379022598267,0.8291794061660767,
3902,0.7983871102333069,0.7846546769142151,
3903,0.8087121248245239,0.7489212155342102,
3904,0.8196428418159485,0.7137414813041687,
3905,0.8293918967247009,0.6830002069473267,
3906,0.8381410241127014,0.6532212495803833,
3907,0.8445122241973877,0.6329996585845947,
3908,0.8502907156944275,0.6118375062942505,
3909,0.855555534362793,0.5916646122932434,
3910,0.8617021441459656,0.5703020095825195,
3911,0.8673469424247742,0.5529756546020508,
3912,0.8725489974021912,0.5351909399032593,
3913,0.8761792182922363,0.5197961330413818,
3914,0.8806818127632141,0.5040140151977539,
3915,0.8848684430122375,0.4890592694282532,
3916,0.8877118825912476,0.4772823750972748,
3917,0.8913934230804443,0.46507108211517334,
3918,0.8948412537574768,0.4526573121547699,
3919,0.8980769515037537,0.4415833055973053,
3920,0.9011194109916687,0.4310711622238159,
3921,0.9039855003356934,0.4222676157951355,
3922,0.9066901206970215,0.4121721088886261,
3923,0.9075342416763306,0.40817657113075256,
3924,0.9100000262260437,0.3994100093841553,
3925,0.9123376607894897,0.3911892771720886,
3926,0.9145569801330566,0.3828676640987396,
3927,0.9166666865348816,0.37701812386512756,
3928,0.9186747074127197,0.36920714378356934,
3929,0.9205882549285889,0.3619955778121948,
3930,0.9224137663841248,0.3562260866165161,
3931,0.9241573214530945,0.35165899991989136,
3932,0.9258241653442383,0.34528806805610657,
3933,0.9274193644523621,0.3403918147087097,
3934,0.928947389125824,0.335464745759964,
3935,0.9304123520851135,0.33075428009033203,
3936,0.9318181872367859,0.3270772695541382,
3937,0.9331682920455933,0.32278159260749817,
3938,0.9344660043716431,0.31806668639183044,
3939,0.9357143044471741,0.31285929679870605,
3940,0.9369158744812012,0.3080820143222809,
3941,0.9380733966827393,0.3035770654678345,
3942,0.9391891956329346,0.2992542088031769,
3943,0.9402654767036438,0.2956758439540863,
3944,0.9413043260574341,0.2915894687175751,
3945,0.942307710647583,0.2874349057674408,
3946,0.9422268867492676,0.28521883487701416,
3947,0.9431818127632141,0.2820471525192261,
3948,0.9441056847572327,0.27915674448013306,
3949,0.9434999823570251,0.2806375026702881,
3950,0.7731481194496155,0.8980095386505127,
3951,0.7887930870056152,0.8423531651496887,
3952,0.8004032373428345,0.7984408140182495,
3953,0.8125,0.7568270564079285,
3954,0.8232142925262451,0.7160779237747192,
3955,0.8327702879905701,0.6792463064193726,
3956,0.8413461446762085,0.6475282907485962,
3957,0.8490853905677795,0.6229475736618042,
3958,0.8561046719551086,0.5966698527336121,
3959,0.862500011920929,0.5738182067871094,
3960,0.8683510422706604,0.5524932742118835,
3961,0.8724489808082581,0.5363343954086304,
3962,0.8774510025978088,0.5175026655197144,
3963,0.8820754885673523,0.5018962621688843,
3964,0.8863636255264282,0.48606809973716736,
3965,0.890350878238678,0.4718588590621948,
3966,0.8940678238868713,0.45883995294570923,
3967,0.8975409865379333,0.4464872479438782,
3968,0.9007936716079712,0.43483421206474304,
3969,0.9028846025466919,0.42728304862976074,
3970,0.9057835936546326,0.41666173934936523,
3971,0.907608687877655,0.4086407423019409,
3972,0.9102112650871277,0.40067920088768005,
3973,0.9126712083816528,0.39154350757598877,
3974,0.9150000214576721,0.3838827908039093,
3975,0.9172077775001526,0.37644311785697937,
3976,0.9193037748336792,0.3694574236869812,
3977,0.9212962985038757,0.3623235821723938,
3978,0.9231927990913391,0.3552267849445343,
3979,0.9235293865203857,0.3503910005092621,
3980,0.9245689511299133,0.3462721109390259,
3981,0.9262640476226807,0.34017106890678406,
3982,0.9278846383094788,0.3340470790863037,
3983,0.9294354915618896,0.3285013735294342,
3984,0.9309210777282715,0.3236028552055359,
3985,0.9323453903198242,0.3182353675365448,
3986,0.9337121248245239,0.3138381242752075,
3987,0.9350247383117676,0.3096790313720703,
3988,0.9356796145439148,0.30560925602912903,
3989,0.936904788017273,0.30169400572776794,
3990,0.9380841255187988,0.29736438393592834,
3991,0.9392201900482178,0.29327473044395447,
3992,0.940315306186676,0.2894710898399353,
3993,0.9413716793060303,0.28605860471725464,
3994,0.9423912763595581,0.2823107838630676,
3995,0.9433760643005371,0.27908164262771606,
3996,0.944327712059021,0.2754553258419037,
3997,0.9452479481697083,0.27219027280807495,
3998,0.9461382031440735,0.2686571776866913,
3999,0.9465000033378601,0.26894330978393555,
4000,0.7824074029922485,0.8722389340400696,
4001,0.7974137663841248,0.8192554712295532,
4002,0.8104838728904724,0.7713771462440491,
4003,0.8219696879386902,0.7299622297286987,
4004,0.8303571343421936,0.6953808665275574,
4005,0.8395270109176636,0.6639436483383179,
4006,0.8477563858032227,0.6332160830497742,
4007,0.855182945728302,0.6074039936065674,
4008,0.8619186282157898,0.5853882431983948,
4009,0.8680555820465088,0.5641931295394897,
4010,0.873670220375061,0.5432218909263611,
4011,0.8788265585899353,0.5235128402709961,
4012,0.8835784196853638,0.5054841041564941,
4013,0.8879716992378235,0.48997238278388977,
4014,0.8920454382896423,0.47424647212028503,
4015,0.8958333134651184,0.4608742594718933,
4016,0.8993644118309021,0.4485267102718353,
4017,0.9026639461517334,0.4388872981071472,
4018,0.9047619104385376,0.42972859740257263,
4019,0.9076923131942749,0.421451598405838,
4020,0.9104477763175964,0.41155147552490234,
4021,0.9130434989929199,0.40124017000198364,
4022,0.9154929518699646,0.3918883502483368,
4023,0.9178082346916199,0.3846695125102997,
4024,0.9200000166893005,0.3764505684375763,
4025,0.9204545617103577,0.3717905879020691,
4026,0.922468364238739,0.36463382840156555,
4027,0.9243826866149902,0.35734298825263977,
4028,0.9262048006057739,0.3505202829837799,
4029,0.9279412031173706,0.3446870446205139,
4030,0.9295976758003235,0.3389010727405548,
4031,0.9311797618865967,0.33308926224708557,
4032,0.932692289352417,0.3283397853374481,
4033,0.9341397881507874,0.3237319588661194,
4034,0.9355263113975525,0.31833910942077637,
4035,0.936211347579956,0.3139476478099823,
4036,0.9375,0.30891069769859314,
4037,0.9381188154220581,0.30526405572891235,
4038,0.9393203854560852,0.30108803510665894,
4039,0.9398809671401978,0.2978668510913849,
4040,0.9410046935081482,0.29376259446144104,
4041,0.9409403800964355,0.29361391067504883,
4042,0.9420045018196106,0.28980010747909546,
4043,0.9430309534072876,0.28607434034347534,
4044,0.9440217614173889,0.2824680209159851,
4045,0.9444444179534912,0.2799282968044281,
4046,0.9453781247138977,0.2764410376548767,
4047,0.9457644820213318,0.2750606834888458,
4048,0.9466463327407837,0.2720314562320709,
4049,0.9474999904632568,0.26992112398147583,
4050,0.7685185074806213,0.8968508243560791,
4051,0.7823275923728943,0.8448432683944702,
4052,0.7963709831237793,0.794060230255127,
4053,0.8087121248245239,0.749908447265625,
4054,0.8178571462631226,0.7155249714851379,
4055,0.8277027010917664,0.6799706816673279,
4056,0.8365384340286255,0.6474378705024719,
4057,0.8429877758026123,0.6208398938179016,
4058,0.8502907156944275,0.5945209860801697,
4059,0.8569444417953491,0.570995032787323,
4060,0.8630319237709045,0.5488083362579346,
4061,0.8686224222183228,0.5287402868270874,
4062,0.873774528503418,0.510775089263916,
4063,0.8773584961891174,0.4952598214149475,
4064,0.8818181753158569,0.481555312871933,
4065,0.8859649300575256,0.46972280740737915,
4066,0.8898305296897888,0.4574890732765198,
4067,0.8934426307678223,0.4445522427558899,
4068,0.89682537317276,0.4334377348423004,
4069,0.8999999761581421,0.422737181186676,
4070,0.9029850959777832,0.4117898941040039,
4071,0.9057971239089966,0.4024028182029724,
4072,0.908450722694397,0.3937731981277466,
4073,0.9109588861465454,0.38502925634384155,
4074,0.9125000238418579,0.37919244170188904,
4075,0.9147727489471436,0.37205955386161804,
4076,0.9169303774833679,0.3647967576980591,
4077,0.9189814925193787,0.35720738768577576,
4078,0.9201807379722595,0.35351184010505676,
4079,0.9220588207244873,0.34882643818855286,
4080,0.9238505959510803,0.34288811683654785,
4081,0.925561785697937,0.3368595242500305,
4082,0.9271978139877319,0.33100712299346924,
4083,0.9280914068222046,0.3288358449935913,
4084,0.92960524559021,0.3233642876148224,
4085,0.9304123520851135,0.3219234347343445,
4086,0.9318181872367859,0.3174775242805481,
4087,0.9331682920455933,0.3129235506057739,
4088,0.9344660043716431,0.3083522319793701,
4089,0.9357143044471741,0.30350151658058167,
4090,0.9369158744812012,0.29935702681541443,
4091,0.9380733966827393,0.2948962152004242,
4092,0.9391891956329346,0.29179948568344116,
4093,0.939712405204773,0.2901967763900757,
4094,0.9407608509063721,0.28693997859954834,
4095,0.941773533821106,0.28417736291885376,
4096,0.9422268867492676,0.2825334668159485,
4097,0.9426652789115906,0.2801539897918701,
4098,0.9435975551605225,0.27636054158210754,
4099,0.9445000290870667,0.27357032895088196,
4100,0.7824074029922485,0.8684924244880676,
4101,0.7974137663841248,0.8152816295623779,
4102,0.8104838728904724,0.7701505422592163,
4103,0.8219696879386902,0.7277746200561523,
4104,0.8321428298950195,0.6889162659645081,
4105,0.8412162065505981,0.6564604043960571,
4106,0.8477563858032227,0.6299254894256592,
4107,0.8536585569381714,0.6092016100883484,
4108,0.8604651093482971,0.5862846374511719,
4109,0.8666666746139526,0.5663374662399292,
4110,0.8723404407501221,0.5454192757606506,
4111,0.8762755393981934,0.5287371277809143,
4112,0.8811274766921997,0.5119320750236511,
4113,0.885613203048706,0.49506622552871704,
4114,0.8897727131843567,0.48101893067359924,
4115,0.8936403393745422,0.46758949756622314,
4116,0.8972457647323608,0.4541010856628418,
4117,0.9006147384643555,0.4417652189731598,
4118,0.903769850730896,0.4310629963874817,
4119,0.9067307710647583,0.4212694466114044,
4120,0.9095149040222168,0.41141268610954285,
4121,0.9121376872062683,0.40090397000312805,
4122,0.9146126508712769,0.3910730481147766,
4123,0.9169520735740662,0.3829907774925232,
4124,0.9191666841506958,0.3758765459060669,
4125,0.9212662577629089,0.36865296959877014,
4126,0.9232594966888428,0.3611961901187897,
4127,0.9251543283462524,0.35456061363220215,
4128,0.9269578456878662,0.34772878885269165,
4129,0.9279412031173706,0.3424649238586426,
4130,0.9295976758003235,0.33669906854629517,
4131,0.9311797618865967,0.3312188684940338,
4132,0.932692289352417,0.3266834318637848,
4133,0.9341397881507874,0.3220524787902832,
4134,0.9355263113975525,0.31690001487731934,
4135,0.936855673789978,0.3118986487388611,
4136,0.9381313323974609,0.3083552420139313,
4137,0.9387376308441162,0.3048033118247986,
4138,0.9399271607398987,0.30007612705230713,
4139,0.9410714507102966,0.2959965765476227,
4140,0.9421728849411011,0.29198166728019714,
4141,0.9432339668273926,0.2883739173412323,
4142,0.9436936974525452,0.28517478704452515,
4143,0.9446902871131897,0.28164950013160706,
4144,0.9451087117195129,0.27962541580200195,
4145,0.9460470080375671,0.27595141530036926,
4146,0.9469537734985352,0.2728019654750824,
4147,0.9478305578231812,0.2695750892162323,
4148,0.9486788511276245,0.2661052346229553,
4149,0.9495000243186951,0.2634414732456207,
4150,0.7662037014961243,0.8939073085784912,
4151,0.7823275923728943,0.8413842916488647,
4152,0.7963709831237793,0.7924571633338928,
4153,0.8087121248245239,0.7488431930541992,
4154,0.8196428418159485,0.7144932150840759,
4155,0.8293918967247009,0.6792758107185364,
4156,0.8381410241127014,0.6469382643699646,
4157,0.8460366129875183,0.6200096011161804,
4158,0.8531976938247681,0.5954908728599548,
4159,0.8597221970558167,0.5768318772315979,
4160,0.8656914830207825,0.5546027421951294,
4161,0.8711734414100647,0.5351060628890991,
4162,0.876225471496582,0.5164967179298401,
4163,0.8808962106704712,0.5003222823143005,
4164,0.8852272629737854,0.48430442810058594,
4165,0.8892543911933899,0.4695330858230591,
4166,0.8930084705352783,0.4587179720401764,
4167,0.8965163826942444,0.44770756363868713,
4168,0.8998016119003296,0.43481016159057617,
4169,0.9028846025466919,0.4239981770515442,
4170,0.9057835936546326,0.4131242036819458,
4171,0.9085144996643066,0.404375284910202,
4172,0.9102112650871277,0.3955409824848175,
4173,0.9126712083816528,0.3877502679824829,
4174,0.9150000214576721,0.3795160949230194,
4175,0.9172077775001526,0.37412944436073303,
4176,0.9185126423835754,0.3671720623970032,
4177,0.9205247163772583,0.35962289571762085,
4178,0.9224397540092468,0.35323014855384827,
4179,0.9242647290229797,0.3482075035572052,
4180,0.9260057210922241,0.34233465790748596,
4181,0.9276685118675232,0.3370915651321411,
4182,0.9292582273483276,0.33126354217529297,
4183,0.9307795763015747,0.32588082551956177,
4184,0.9322368502616882,0.32032713294029236,
4185,0.9336340427398682,0.3154889643192291,
4186,0.934974730014801,0.3102664351463318,
4187,0.9362623691558838,0.3065382242202759,
4188,0.9375,0.3025874197483063,
4189,0.9386904835700989,0.2983425259590149,
4190,0.9398364424705505,0.2941991984844208,
4191,0.9409403800964355,0.28977200388908386,
4192,0.9420045018196106,0.2855776846408844,
4193,0.9430309534072876,0.2817568778991699,
4194,0.9440217614173889,0.2780560255050659,
4195,0.944978654384613,0.2740149199962616,
4196,0.9459033608436584,0.27146902680397034,
4197,0.9467975497245789,0.2678269147872925,
4198,0.9476625919342041,0.2647211253643036,
4199,0.9484999775886536,0.26134586334228516,
4200,0.7731481194496155,0.8574241995811462,
4201,0.7866379022598267,0.8113188743591309,
4202,0.8004032373428345,0.7679327726364136,
4203,0.8125,0.7249416708946228,
4204,0.8232142925262451,0.6880024671554565,
4205,0.8327702879905701,0.6556802988052368,
4206,0.8397436141967773,0.6281853914260864,
4207,0.8475610017776489,0.6011090874671936,
4208,0.854651153087616,0.578269898891449,
4209,0.8611111044883728,0.555601954460144,
4210,0.8670212626457214,0.534774899482727,
4211,0.8724489808082581,0.5185270309448242,
4212,0.8774510025978088,0.501610517501831,
4213,0.8820754885673523,0.4860699772834778,
4214,0.8863636255264282,0.4706041216850281,
4215,0.890350878238678,0.4567548632621765,
4216,0.8940678238868713,0.44418251514434814,
4217,0.8965163826942444,0.4336775839328766,
4218,0.8998016119003296,0.42251136898994446,
4219,0.9028846025466919,0.4116027057170868,
4220,0.9057835936546326,0.40289825201034546,
4221,0.9085144996643066,0.3930600583553314,
4222,0.9110915660858154,0.38455450534820557,
4223,0.9135273694992065,0.37779131531715393,
4224,0.9150000214576721,0.3706466555595398,
4225,0.9172077775001526,0.364669531583786,
4226,0.9193037748336792,0.35823795199394226,
4227,0.9212962985038757,0.35039493441581726,
4228,0.9216867685317993,0.3485109210014343,
4229,0.9235293865203857,0.3417438864707947,
4230,0.9252873659133911,0.3347588777542114,
4231,0.9262640476226807,0.3294285535812378,
4232,0.9278846383094788,0.323311984539032,
4233,0.9294354915618896,0.3183450400829315,
4234,0.9309210777282715,0.31293681263923645,
4235,0.9323453903198242,0.3086676001548767,
4236,0.9337121248245239,0.30400797724723816,
4237,0.9350247383117676,0.300080269575119,
4238,0.9362863898277283,0.29587921500205994,
4239,0.9375,0.2924262285232544,
4240,0.9386682510375977,0.28889796137809753,
4241,0.939793586730957,0.28457874059677124,
4242,0.9408783912658691,0.2801046669483185,
4243,0.9419247508049011,0.27666786313056946,
4244,0.9423912763595581,0.2752871513366699,
4245,0.9433760643005371,0.2716407775878906,
4246,0.944327712059021,0.2682190239429474,
4247,0.9452479481697083,0.2655285894870758,
4248,0.9461382031440735,0.2623412013053894,
4249,0.9470000267028809,0.2603794038295746,
4250,0.7685185074806213,0.8730501532554626,
4251,0.7823275923728943,0.8233619928359985,
4252,0.7963709831237793,0.7769572138786316,
4253,0.8087121248245239,0.7338757514953613,
4254,0.8178571462631226,0.6985518336296082,
4255,0.8277027010917664,0.6663208603858948,
4256,0.8365384340286255,0.6381456851959229,
4257,0.8445122241973877,0.6114569306373596,
4258,0.8517441749572754,0.5879815220832825,
4259,0.8583333492279053,0.5648673176765442,
4260,0.8630319237709045,0.5455365777015686,
4261,0.8686224222183228,0.5270368456840515,
4262,0.873774528503418,0.509473979473114,
4263,0.8785377144813538,0.49346375465393066,
4264,0.8829545378684998,0.4783613383769989,
4265,0.8870614171028137,0.46760132908821106,
4266,0.8898305296897888,0.4546225965023041,
4267,0.8934426307678223,0.44151198863983154,
4268,0.89682537317276,0.4295116364955902,
4269,0.8999999761581421,0.41856667399406433,
4270,0.9029850959777832,0.4077252149581909,
4271,0.9057971239089966,0.3974563479423523,
4272,0.9075704216957092,0.3923293650150299,
4273,0.9101027250289917,0.3830740749835968,
4274,0.9125000238418579,0.374435693025589,
4275,0.9147727489471436,0.3676377832889557,
4276,0.9169303774833679,0.36005839705467224,
4277,0.9189814925193787,0.35305431485176086,
4278,0.920933723449707,0.3466000258922577,
4279,0.9227941036224365,0.3410727381706238,
4280,0.9238505959510803,0.3364724814891815,
4281,0.925561785697937,0.3312094807624817,
4282,0.9271978139877319,0.3257738947868347,
4283,0.9287634491920471,0.32084643840789795,
4284,0.9302631616592407,0.3158303201198578,
4285,0.9317010045051575,0.3105272948741913,
4286,0.933080792427063,0.30611827969551086,
4287,0.9344059228897095,0.3016601502895355,
4288,0.9356796145439148,0.29751893877983093,
4289,0.936904788017273,0.29399916529655457,
4290,0.9380841255187988,0.2906104326248169,
4291,0.9392201900482178,0.28685489296913147,
4292,0.940315306186676,0.28369855880737305,
4293,0.9413716793060303,0.2799206078052521,
4294,0.9423912763595581,0.27705371379852295,
4295,0.9433760643005371,0.2746811807155609,
4296,0.944327712059021,0.2725852429866791,
4297,0.9452479481697083,0.26889917254447937,
4298,0.9461382031440735,0.2659240961074829,
4299,0.9470000267028809,0.2627400755882263,
4300,0.7777777910232544,0.8700264692306519,
4301,0.7931034564971924,0.8149396777153015,
4302,0.8064516186714172,0.7655250430107117,
4303,0.8181818127632141,0.7249158620834351,
4304,0.8285714387893677,0.6873592734336853,
4305,0.837837815284729,0.6529722213745117,
4306,0.8461538553237915,0.6226000189781189,
4307,0.8536585569381714,0.5968502163887024,
4308,0.8604651093482971,0.5719626545906067,
4309,0.8666666746139526,0.5506439208984375,
4310,0.8723404407501221,0.5320993661880493,
4311,0.8775510191917419,0.5146026611328125,
4312,0.8823529481887817,0.4973388612270355,
4313,0.8867924809455872,0.4814296364784241,
4314,0.8909090757369995,0.46708473563194275,
4315,0.8947368264198303,0.45354485511779785,
4316,0.8983050584793091,0.44171395897865295,
4317,0.9006147384643555,0.4304686188697815,
4318,0.903769850730896,0.42158108949661255,
4319,0.9067307710647583,0.4109562635421753,
4320,0.9095149040222168,0.40128293633461,
4321,0.9121376872062683,0.3922753930091858,
4322,0.9146126508712769,0.38259556889533997,
4323,0.9169520735740662,0.37452957034111023,
4324,0.9183333516120911,0.3678230941295624,
4325,0.9204545617103577,0.36168137192726135,
4326,0.922468364238739,0.35491544008255005,
4327,0.9243826866149902,0.34925377368927,
4328,0.9262048006057739,0.3427106738090515,
4329,0.9279412031173706,0.33639857172966003,
4330,0.9295976758003235,0.33002769947052,
4331,0.9311797618865967,0.3240288197994232,
4332,0.932692289352417,0.31790122389793396,
4333,0.9341397881507874,0.3129473626613617,
4334,0.9355263113975525,0.307536780834198,
4335,0.9355670213699341,0.3069453239440918,
4336,0.9368686676025391,0.30281537771224976,
4337,0.9381188154220581,0.29872778058052063,
4338,0.9393203854560852,0.29458701610565186,
4339,0.9398809671401978,0.29064854979515076,
4340,0.9410046935081482,0.2862202525138855,
4341,0.9420871734619141,0.2825457453727722,
4342,0.943130612373352,0.27871251106262207,
4343,0.9441371560096741,0.2765246331691742,
4344,0.9451087117195129,0.2734752595424652,
4345,0.9460470080375671,0.2702154517173767,
4346,0.9469537734985352,0.2668524384498596,
4347,0.9478305578231812,0.2643533945083618,
4348,0.9486788511276245,0.261850506067276,
4349,0.9495000243186951,0.2590373754501343,
4350,0.7754629850387573,0.8646122813224792,
4351,0.7909482717514038,0.8085688352584839,
4352,0.8044354915618896,0.761863648891449,
4353,0.8162878751754761,0.7215757369995117,
4354,0.8267857432365417,0.6859786510467529,
4355,0.8361486196517944,0.6559089422225952,
4356,0.8445512652397156,0.6262549161911011,
4357,0.8521341681480408,0.6000680923461914,
4358,0.8590116500854492,0.5770590305328369,
4359,0.8652777671813965,0.5566980242729187,
4360,0.8710106611251831,0.5375480055809021,
4361,0.8762755393981934,0.5199819207191467,
4362,0.8811274766921997,0.5025661587715149,
4363,0.885613203048706,0.4855976402759552,
4364,0.8897727131843567,0.47091051936149597,
4365,0.8936403393745422,0.45623886585235596,
4366,0.8972457647323608,0.44429197907447815,
4367,0.8995901346206665,0.43311941623687744,
4368,0.9027777910232544,0.42320340871810913,
4369,0.9057692289352417,0.41273605823516846,
4370,0.9085820913314819,0.40203243494033813,
4371,0.9112318754196167,0.3939632177352905,
4372,0.9137324094772339,0.3853273391723633,
4373,0.9160959124565125,0.3758906424045563,
4374,0.9183333516120911,0.3696430027484894,
4375,0.9196428656578064,0.36214444041252136,
4376,0.9216772317886353,0.3548413813114166,
4377,0.9236111044883728,0.347512423992157,
4378,0.9254518151283264,0.3420197665691376,
4379,0.9272058606147766,0.33566904067993164,
4380,0.9288793206214905,0.3299592435359955,
4381,0.930477499961853,0.32497215270996094,
4382,0.9320054650306702,0.3199780583381653,
4383,0.9334677457809448,0.31392303109169006,
4384,0.9348683953285217,0.30856049060821533,
4385,0.936211347579956,0.30466169118881226,
4386,0.9375,0.30007895827293396,
4387,0.9387376308441162,0.2954447865486145,
4388,0.9393203854560852,0.29481980204582214,
4389,0.9404761791229248,0.28998759388923645,
4390,0.9415887594223022,0.2855997383594513,
4391,0.9426605701446533,0.28219059109687805,
4392,0.9436936974525452,0.2791655361652374,
4393,0.9446902871131897,0.27541542053222656,
4394,0.945652186870575,0.272833913564682,
4395,0.9460470080375671,0.2700096070766449,
4396,0.9469537734985352,0.26737749576568604,
4397,0.9478305578231812,0.2641751170158386,
4398,0.9486788511276245,0.2611486315727234,
4399,0.9495000243186951,0.2582907974720001,
4400,0.7824074029922485,0.8538439869880676,
4401,0.7974137663841248,0.8004485964775085,
4402,0.8104838728904724,0.751833975315094,
4403,0.8219696879386902,0.711216390132904,
4404,0.8321428298950195,0.6784331202507019,
4405,0.8412162065505981,0.6446471214294434,
4406,0.8493589758872986,0.61772620677948,
4407,0.8567073345184326,0.5925471782684326,
4408,0.8633720874786377,0.5707741379737854,
4409,0.8694444298744202,0.548413872718811,
4410,0.875,0.5279003977775574,
4411,0.8788265585899353,0.5098813772201538,
4412,0.8835784196853638,0.492538183927536,
4413,0.8879716992378235,0.47665315866470337,
4414,0.8920454382896423,0.46211960911750793,
4415,0.8958333134651184,0.4485901892185211,
4416,0.8983050584793091,0.4372709095478058,
4417,0.9016393423080444,0.4247692823410034,
4418,0.9047619104385376,0.41472285985946655,
4419,0.9076923131942749,0.4045548439025879,
4420,0.9104477763175964,0.39413556456565857,
4421,0.9130434989929199,0.38377073407173157,
4422,0.9154929518699646,0.3756190240383148,
4423,0.9178082346916199,0.36878326535224915,
4424,0.9200000166893005,0.3602486550807953,
4425,0.9220778942108154,0.3523358404636383,
4426,0.9240506291389465,0.3444828391075134,
4427,0.9259259104728699,0.3380541205406189,
4428,0.9277108311653137,0.33172836899757385,
4429,0.929411768913269,0.326445072889328,
4430,0.931034505367279,0.32089486718177795,
4431,0.932584285736084,0.3157583177089691,
4432,0.9333791136741638,0.3113102614879608,
4433,0.9341397881507874,0.30649203062057495,
4434,0.9355263113975525,0.30252256989479065,
4435,0.936211347579956,0.29871439933776855,
4436,0.9375,0.2942107617855072,
4437,0.9387376308441162,0.29038846492767334,
4438,0.9399271607398987,0.28606465458869934,
4439,0.9410714507102966,0.2823483347892761,
4440,0.9421728849411011,0.27856209874153137,
4441,0.9432339668273926,0.2756277620792389,
4442,0.9442567825317383,0.2714345157146454,
4443,0.9452433586120605,0.2681898772716522,
4444,0.946195662021637,0.26428207755088806,
4445,0.9471153616905212,0.2607858180999756,
4446,0.9480041861534119,0.25777995586395264,
4447,0.9488636255264282,0.2549060583114624,
4448,0.9491869807243347,0.2524825930595398,
4449,0.949999988079071,0.25050657987594604,
4450,0.7847222089767456,0.8494358062744141,
4451,0.7974137663841248,0.7999879717826843,
4452,0.8104838728904724,0.7556820511817932,
4453,0.8219696879386902,0.7152442932128906,
4454,0.8321428298950195,0.680009126663208,
4455,0.8412162065505981,0.6471746563911438,
4456,0.8493589758872986,0.6186490058898926,
4457,0.8567073345184326,0.5933853983879089,
4458,0.8633720874786377,0.5693181753158569,
4459,0.8694444298744202,0.55057692527771,
4460,0.875,0.5300166010856628,
4461,0.8801020383834839,0.513279914855957,
4462,0.8848039507865906,0.4962943494319916,
4463,0.8891509175300598,0.4801388382911682,
4464,0.8931818008422852,0.46541303396224976,
4465,0.8969298005104065,0.45096540451049805,
4466,0.8993644118309021,0.439014732837677,
4467,0.9026639461517334,0.4281066060066223,
4468,0.9057539701461792,0.4171180725097656,
4469,0.9086538553237915,0.4058462381362915,
4470,0.9113805890083313,0.39620670676231384,
4471,0.9130434989929199,0.3874885141849518,
4472,0.9154929518699646,0.37920743227005005,
4473,0.9178082346916199,0.3706422448158264,
4474,0.9200000166893005,0.36346888542175293,
4475,0.9220778942108154,0.35594838857650757,
4476,0.9240506291389465,0.35023584961891174,
4477,0.9259259104728699,0.34428107738494873,
4478,0.9269578456878662,0.3412662744522095,
4479,0.9286764860153198,0.33575716614723206,
4480,0.9303160905838013,0.3304281234741211,
4481,0.9318820238113403,0.32609742879867554,
4482,0.9333791136741638,0.32102450728416443,
4483,0.9341397881507874,0.3165406882762909,
4484,0.9355263113975525,0.31109222769737244,
4485,0.936855673789978,0.3066326379776001,
4486,0.9381313323974609,0.30138644576072693,
4487,0.9393564462661743,0.29679393768310547,
4488,0.9405339956283569,0.29208552837371826,
4489,0.9416666626930237,0.2879389822483063,
4490,0.9427570104598999,0.28464341163635254,
4491,0.9438073635101318,0.28078195452690125,
4492,0.9448198080062866,0.27713653445243835,
4493,0.9457964897155762,0.27360886335372925,
4494,0.946195662021637,0.27084672451019287,
4495,0.9471153616905212,0.2673770785331726,
4496,0.9474790096282959,0.26497843861579895,
4497,0.9483470916748047,0.2628932595252991,
4498,0.9491869807243347,0.2595531940460205,
4499,0.949999988079071,0.2571324408054352,
4500,0.7777777910232544,0.8633002638816833,
4501,0.7931034564971924,0.8107286691665649,
4502,0.8064516186714172,0.7635012865066528,
4503,0.8181818127632141,0.7214908003807068,
4504,0.8285714387893677,0.6860572099685669,
4505,0.837837815284729,0.652043342590332,
4506,0.8461538553237915,0.6226215362548828,
4507,0.8536585569381714,0.5977596044540405,
4508,0.8604651093482971,0.5735362768173218,
4509,0.8666666746139526,0.5519570112228394,
4510,0.8710106611251831,0.5383381247520447,
4511,0.875,0.5216254591941833,
4512,0.8799019455909729,0.5054738521575928,
4513,0.8844339847564697,0.489115834236145,
4514,0.8886363506317139,0.47407764196395874,
4515,0.8925438523292542,0.46055594086647034,
4516,0.8961864113807678,0.44996464252471924,
4517,0.8995901346206665,0.4386981725692749,
4518,0.9027777910232544,0.4278118908405304,
4519,0.9057692289352417,0.41678816080093384,
4520,0.9085820913314819,0.4071556031703949,
4521,0.9112318754196167,0.39855828881263733,
4522,0.9137324094772339,0.38974273204803467,
4523,0.9160959124565125,0.3819916248321533,
4524,0.9183333516120911,0.37368401885032654,
4525,0.9204545617103577,0.36627522110939026,
4526,0.922468364238739,0.3580540418624878,
4527,0.9243826866149902,0.35096728801727295,
4528,0.9262048006057739,0.34424665570259094,
4529,0.9279412031173706,0.33784398436546326,
4530,0.9295976758003235,0.33214467763900757,
4531,0.9311797618865967,0.3262147009372711,
4532,0.932692289352417,0.32139885425567627,
4533,0.9341397881507874,0.31667041778564453,
4534,0.9355263113975525,0.31249308586120605,
4535,0.936855673789978,0.3080247640609741,
4536,0.9381313323974609,0.303627073764801,
4537,0.9393564462661743,0.2998618185520172,
4538,0.9405339956283569,0.2950056195259094,
4539,0.9416666626930237,0.2909611463546753,
4540,0.9427570104598999,0.28727075457572937,
4541,0.9438073635101318,0.28366217017173767,
4542,0.9448198080062866,0.27997028827667236,
4543,0.9457964897155762,0.27658671140670776,
4544,0.946739137172699,0.2744348347187042,
4545,0.9476495981216431,0.27050185203552246,
4546,0.9485294222831726,0.2676316797733307,
4547,0.9493801593780518,0.26450327038764954,
4548,0.9502032399177551,0.26119154691696167,
4549,0.9509999752044678,0.2583753764629364,
4550,0.7662037014961243,0.8753520846366882,
4551,0.7823275923728943,0.820360004901886,
4552,0.7963709831237793,0.7702815532684326,
4553,0.8087121248245239,0.7280584573745728,
4554,0.8178571462631226,0.6925250887870789,
4555,0.8277027010917664,0.6600939035415649,
4556,0.8365384340286255,0.6282612085342407,
4557,0.8429877758026123,0.6030768156051636,
4558,0.8502907156944275,0.5790483951568604,
4559,0.8569444417953491,0.5578884482383728,
4560,0.8630319237709045,0.5392544269561768,
4561,0.8686224222183228,0.5210934281349182,
4562,0.873774528503418,0.5032663345336914,
4563,0.8785377144813538,0.4872475266456604,
4564,0.8829545378684998,0.4717748463153839,
4565,0.8870614171028137,0.45772257447242737,
4566,0.8908898234367371,0.44659510254859924,
4567,0.8944672346115112,0.4349237084388733,
4568,0.8978174328804016,0.4251926839351654,
4569,0.9009615182876587,0.4140796959400177,
4570,0.9029850959777832,0.40488505363464355,
4571,0.9057971239089966,0.39571914076805115,
4572,0.908450722694397,0.38640016317367554,
4573,0.9109588861465454,0.37834370136260986,
4574,0.9133333563804626,0.3707837462425232,
4575,0.9155844449996948,0.362749308347702,
4576,0.9177215099334717,0.35690543055534363,
4577,0.9197530746459961,0.35076382756233215,
4578,0.9216867685317993,0.3443763256072998,
4579,0.9235293865203857,0.3386898338794708,
4580,0.9252873659133911,0.3331057131290436,
4581,0.9269663095474243,0.32736507058143616,
4582,0.9285714030265808,0.3214399814605713,
4583,0.9301075339317322,0.31660518050193787,
4584,0.9315789341926575,0.3116283714771271,
4585,0.9323453903198242,0.30794891715049744,
4586,0.9337121248245239,0.30322322249412537,
4587,0.9350247383117676,0.29871463775634766,
4588,0.9362863898277283,0.29524481296539307,
4589,0.9375,0.292883962392807,
4590,0.9386682510375977,0.2884385883808136,
4591,0.939793586730957,0.2845882475376129,
4592,0.9408783912658691,0.2819095551967621,
4593,0.9419247508049011,0.27825409173965454,
4594,0.9429348111152649,0.2751178443431854,
4595,0.9439102411270142,0.27133408188819885,
4596,0.9448529481887817,0.26824143528938293,
4597,0.9457644820213318,0.26620596647262573,
4598,0.9466463327407837,0.26333528757095337,
4599,0.9470000267028809,0.2613169848918915,
4600,0.7777777910232544,0.8736039400100708,
4601,0.7909482717514038,0.8193183541297913,
4602,0.8044354915618896,0.7712472081184387,
4603,0.814393937587738,0.7308239936828613,
4604,0.824999988079071,0.6926456093788147,
4605,0.8344594836235046,0.6585001945495605,
4606,0.8429487347602844,0.6323927044868469,
4607,0.8506097793579102,0.6054819822311401,
4608,0.8575581312179565,0.5808436274528503,
4609,0.8638888597488403,0.5585530400276184,
4610,0.8696808218955994,0.5376342535018921,
4611,0.875,0.518566370010376,
4612,0.8799019455909729,0.5002810955047607,
4613,0.8844339847564697,0.48536282777786255,
4614,0.8886363506317139,0.4710330367088318,
4615,0.8925438523292542,0.4576118588447571,
4616,0.8961864113807678,0.4440127909183502,
4617,0.8995901346206665,0.43137603998184204,
4618,0.9027777910232544,0.42085322737693787,
4619,0.9057692289352417,0.4094809591770172,
4620,0.9076492786407471,0.40126222372055054,
4621,0.9094203114509583,0.39311888813972473,
4622,0.9110915660858154,0.38885459303855896,
4623,0.9135273694992065,0.37995824217796326,
4624,0.9158333539962769,0.37131643295288086,
4625,0.9180194735527039,0.3639892041683197,
4626,0.920094907283783,0.3566434681415558,
4627,0.9220678806304932,0.349308580160141,
4628,0.9239457845687866,0.3426981270313263,
4629,0.9257352948188782,0.33563825488090515,
4630,0.9274425506591797,0.32969778776168823,
4631,0.9290730357170105,0.324466347694397,
4632,0.9306318759918213,0.31880509853363037,
4633,0.9321236610412598,0.31275472044944763,
4634,0.933552622795105,0.3086968958377838,
4635,0.9349226951599121,0.30349665880203247,
4636,0.9362373948097229,0.29854774475097656,
4637,0.9375,0.2933560311794281,
4638,0.9387136101722717,0.2886987626552582,
4639,0.9398809671401978,0.28551438450813293,
4640,0.9410046935081482,0.2813931107521057,
4641,0.9420871734619141,0.2773239314556122,
4642,0.943130612373352,0.2736106216907501,
4643,0.9435840845108032,0.27109789848327637,
4644,0.9445652365684509,0.2678956687450409,
4645,0.9455128312110901,0.26435917615890503,
4646,0.9464285969734192,0.2614213824272156,
4647,0.9473140239715576,0.2578718364238739,
4648,0.9481707215309143,0.25469154119491577,
4649,0.9490000009536743,0.2516975700855255,
4650,0.7777777910232544,0.8757861852645874,
4651,0.7909482717514038,0.8248873353004456,
4652,0.8044354915618896,0.7767096161842346,
4653,0.8162878751754761,0.7339748740196228,
4654,0.8267857432365417,0.6977139711380005,
4655,0.8361486196517944,0.6640884280204773,
4656,0.8445512652397156,0.6349858641624451,
4657,0.8521341681480408,0.6076784133911133,
4658,0.8590116500854492,0.583251416683197,
4659,0.8652777671813965,0.5633601546287537,
4660,0.8710106611251831,0.5422387719154358,
4661,0.8762755393981934,0.5219826698303223,
4662,0.8799019455909729,0.5057575702667236,
4663,0.8844339847564697,0.49036669731140137,
4664,0.8886363506317139,0.47532200813293457,
4665,0.8925438523292542,0.46249523758888245,
4666,0.8961864113807678,0.4504081904888153,
4667,0.8995901346206665,0.4378035366535187,
4668,0.9027777910232544,0.42593914270401,
4669,0.9057692289352417,0.4147476255893707,
4670,0.9085820913314819,0.4044095277786255,
4671,0.9112318754196167,0.39464858174324036,
4672,0.9128521084785461,0.38618069887161255,
4673,0.9152397513389587,0.37742042541503906,
4674,0.9175000190734863,0.3698502480983734,
4675,0.9196428656578064,0.3629834055900574,
4676,0.9216772317886353,0.35648149251937866,
4677,0.9236111044883728,0.3492513597011566,
4678,0.9254518151283264,0.3425861597061157,
4679,0.9272058606147766,0.3368641138076782,
4680,0.9288793206214905,0.3317706286907196,
4681,0.930477499961853,0.32547712326049805,
4682,0.9320054650306702,0.3201780915260315,
4683,0.9334677457809448,0.3153553605079651,
4684,0.9348683953285217,0.3101576268672943,
4685,0.936211347579956,0.3057173788547516,
4686,0.9375,0.3012489676475525,
4687,0.9387376308441162,0.29848814010620117,
4688,0.9399271607398987,0.29445943236351013,
4689,0.9410714507102966,0.29011839628219604,
4690,0.9421728849411011,0.28662917017936707,
4691,0.9432339668273926,0.2825908958911896,
4692,0.9442567825317383,0.2787395119667053,
4693,0.9446902871131897,0.2760506570339203,
4694,0.945652186870575,0.2725841701030731,
4695,0.9465811848640442,0.2690909206867218,
4696,0.9474790096282959,0.2658408582210541,
4697,0.9483470916748047,0.2627534568309784,
4698,0.9491869807243347,0.25968754291534424,
4699,0.949999988079071,0.25633394718170166,
4700,0.7824074029922485,0.8357906937599182,
4701,0.7974137663841248,0.7830938100814819,
4702,0.8104838728904724,0.7368171215057373,
4703,0.8219696879386902,0.6963109970092773,
4704,0.8321428298950195,0.6625645756721497,
4705,0.8412162065505981,0.6313371658325195,
4706,0.8493589758872986,0.6033765077590942,
4707,0.8567073345184326,0.5760299563407898,
4708,0.8633720874786377,0.5547611117362976,
4709,0.8694444298744202,0.5333496928215027,
4710,0.875,0.5137556791305542,
4711,0.8801020383834839,0.4963167905807495,
4712,0.8848039507865906,0.48070189356803894,
4713,0.8879716992378235,0.4709356129169464,
4714,0.8920454382896423,0.4554940164089203,
4715,0.8947368264198303,0.44831252098083496,
4716,0.8983050584793091,0.435157835483551,
4717,0.9016393423080444,0.42300641536712646,
4718,0.9047619104385376,0.41246089339256287,
4719,0.9076923131942749,0.40335139632225037,
4720,0.9104477763175964,0.39366763830184937,
4721,0.9130434989929199,0.38495635986328125,
4722,0.9154929518699646,0.3761049807071686,
4723,0.9178082346916199,0.36804133653640747,
4724,0.9200000166893005,0.3609238564968109,
4725,0.9220778942108154,0.3527251183986664,
4726,0.9240506291389465,0.3460542559623718,
4727,0.9259259104728699,0.3411688804626465,
4728,0.9269578456878662,0.3380722999572754,
4729,0.9286764860153198,0.3320167064666748,
4730,0.9295976758003235,0.32837730646133423,
4731,0.9311797618865967,0.32228878140449524,
4732,0.932692289352417,0.31688404083251953,
4733,0.9334677457809448,0.3127705454826355,
4734,0.9342105388641357,0.3083760440349579,
4735,0.9355670213699341,0.30443158745765686,
4736,0.9368686676025391,0.29954254627227783,
4737,0.9381188154220581,0.29564833641052246,
4738,0.9393203854560852,0.2911970317363739,
4739,0.9404761791229248,0.2869250476360321,
4740,0.9415887594223022,0.2839396893978119,
4741,0.9426605701446533,0.2793360650539398,
4742,0.9436936974525452,0.275896817445755,
4743,0.9446902871131897,0.2727715075016022,
4744,0.945652186870575,0.2692932188510895,
4745,0.9465811848640442,0.2663630247116089,
4746,0.9474790096282959,0.26259323954582214,
4747,0.9483470916748047,0.2599622905254364,
4748,0.9491869807243347,0.25723570585250854,
4749,0.949999988079071,0.2545366883277893,
4750,0.7754629850387573,0.863060474395752,
4751,0.7909482717514038,0.8065745234489441,
4752,0.8044354915618896,0.7608430981636047,
4753,0.8162878751754761,0.718436062335968,
4754,0.824999988079071,0.68280428647995,
4755,0.8344594836235046,0.6498868465423584,
4756,0.8429487347602844,0.6190332770347595,
4757,0.8490853905677795,0.594807505607605,
4758,0.8561046719551086,0.5699021816253662,
4759,0.862500011920929,0.5470663905143738,
4760,0.8683510422706604,0.5268087983131409,
4761,0.8737244606018066,0.5087187886238098,
4762,0.8786764740943909,0.4906727373600006,
4763,0.8832547068595886,0.4754626750946045,
4764,0.887499988079071,0.45987367630004883,
4765,0.8914473652839661,0.4456791579723358,
4766,0.8951271176338196,0.4325011968612671,
4767,0.8985655903816223,0.4215698540210724,
4768,0.9007936716079712,0.41615965962409973,
4769,0.9038461446762085,0.4056442379951477,
4770,0.9067164063453674,0.3955477774143219,
4771,0.9094203114509583,0.38713598251342773,
4772,0.9119718074798584,0.37869107723236084,
4773,0.914383590221405,0.3695843815803528,
4774,0.9166666865348816,0.3628332316875458,
4775,0.9188311696052551,0.3566979467868805,
4776,0.9208860993385315,0.3488823473453522,
4777,0.9228395223617554,0.34207653999328613,
4778,0.9246987700462341,0.3359711468219757,
4779,0.9257352948188782,0.3303174674510956,
4780,0.9267241358757019,0.3252183198928833,
4781,0.9283707737922668,0.3194728195667267,
4782,0.9299450516700745,0.31404930353164673,
4783,0.9307795763015747,0.3130662441253662,
4784,0.9315789341926575,0.3094313144683838,
4785,0.9329897165298462,0.3055669367313385,
4786,0.9337121248245239,0.30225813388824463,
4787,0.9350247383117676,0.2976095974445343,
4788,0.9362863898277283,0.2929919958114624,
4789,0.9375,0.28857073187828064,
4790,0.9386682510375977,0.2839011251926422,
4791,0.939793586730957,0.279856413602829,
4792,0.9408783912658691,0.27715250849723816,
4793,0.9419247508049011,0.2732631266117096,
4794,0.9429348111152649,0.2696106433868408,
4795,0.9439102411270142,0.2665972113609314,
4796,0.9448529481887817,0.26514410972595215,
4797,0.9457644820213318,0.262538343667984,
4798,0.9461382031440735,0.2598856985569,
4799,0.9470000267028809,0.25665777921676636,
4800,0.7916666865348816,0.8393000364303589,
4801,0.806034505367279,0.7858282923698425,
4802,0.8185483813285828,0.7391273379325867,
4803,0.8295454382896423,0.6970260739326477,
4804,0.8392857313156128,0.6605971455574036,
4805,0.8479729890823364,0.6299723982810974,
4806,0.8557692170143127,0.6009480357170105,
4807,0.8628048896789551,0.5737649202346802,
4808,0.8691860437393188,0.5501053333282471,
4809,0.875,0.5284976959228516,
4810,0.8803191781044006,0.5101915597915649,
4811,0.8852040767669678,0.4925341010093689,
4812,0.8897058963775635,0.4775181710720062,
4813,0.8938679099082947,0.46443691849708557,
4814,0.8977272510528564,0.4497281610965729,
4815,0.9013158082962036,0.4362016022205353,
4816,0.9046609997749329,0.4232468903064728,
4817,0.9077869057655334,0.4105549156665802,
4818,0.9107142686843872,0.40083879232406616,
4819,0.9134615659713745,0.3923843801021576,
4820,0.9160447716712952,0.3825390636920929,
4821,0.91847825050354,0.37320154905319214,
4822,0.9198943376541138,0.3667125999927521,
4823,0.9220890402793884,0.35848692059516907,
4824,0.9241666793823242,0.35096263885498047,
4825,0.9261363744735718,0.343532919883728,
4826,0.9280063509941101,0.33662518858909607,
4827,0.9297839403152466,0.3295707702636719,
4828,0.9314758777618408,0.32308778166770935,
4829,0.9330882430076599,0.31742438673973083,
4830,0.9346264600753784,0.31172043085098267,
4831,0.9360954761505127,0.30649757385253906,
4832,0.9375,0.30172574520111084,
4833,0.9388440847396851,0.2965621054172516,
4834,0.9401316046714783,0.29150092601776123,
4835,0.9413659572601318,0.2870495021343231,
4836,0.941919207572937,0.28462833166122437,
4837,0.9430692791938782,0.28028005361557007,
4838,0.9435679316520691,0.2776775658130646,
4839,0.9446428418159485,0.2738097012042999,
4840,0.9456775784492493,0.2696930468082428,
4841,0.9466742873191833,0.2659648656845093,
4842,0.9476351141929626,0.2621797025203705,
4843,0.94856196641922,0.2585279941558838,
4844,0.949456512928009,0.2560923993587494,
4845,0.9503205418586731,0.25296735763549805,
4846,0.9511554837226868,0.25075408816337585,
4847,0.9519628286361694,0.2474481612443924,
4848,0.9527438879013062,0.244953915476799,
4849,0.953000009059906,0.2427414357662201,
4850,0.7777777910232544,0.8612422347068787,
4851,0.7909482717514038,0.8176404237747192,
4852,0.8044354915618896,0.767336368560791,
4853,0.8162878751754761,0.7232504487037659,
4854,0.8267857432365417,0.6860018372535706,
4855,0.8361486196517944,0.655842661857605,
4856,0.8445512652397156,0.6266694664955139,
4857,0.8521341681480408,0.5982234477996826,
4858,0.8590116500854492,0.5730384588241577,
4859,0.8652777671813965,0.5534458756446838,
4860,0.8710106611251831,0.5328395962715149,
4861,0.8762755393981934,0.5137266516685486,
4862,0.8811274766921997,0.4978046119213104,
4863,0.885613203048706,0.48122042417526245,
4864,0.8897727131843567,0.46799877285957336,
4865,0.8936403393745422,0.45590728521347046,
4866,0.8972457647323608,0.44183048605918884,
4867,0.9006147384643555,0.43005409836769104,
4868,0.903769850730896,0.41856905817985535,
4869,0.9067307710647583,0.4087042510509491,
4870,0.9095149040222168,0.3979650139808655,
4871,0.9121376872062683,0.3886076509952545,
4872,0.9146126508712769,0.3813328742980957,
4873,0.9169520735740662,0.3724896311759949,
4874,0.9191666841506958,0.3640190660953522,
4875,0.9212662577629089,0.35617315769195557,
4876,0.9232594966888428,0.3491118848323822,
4877,0.9251543283462524,0.34290197491645813,
4878,0.9262048006057739,0.3384341597557068,
4879,0.9279412031173706,0.3318817913532257,
4880,0.9295976758003235,0.32633551955223083,
4881,0.9311797618865967,0.3209860026836395,
4882,0.932692289352417,0.3152022659778595,
4883,0.9341397881507874,0.31010085344314575,
4884,0.9355263113975525,0.30505242943763733,
4885,0.936855673789978,0.3012203276157379,
4886,0.9375,0.2970442771911621,
4887,0.9387376308441162,0.2919638156890869,
4888,0.9399271607398987,0.2874840795993805,
4889,0.9404761791229248,0.28586915135383606,
4890,0.9415887594223022,0.28188323974609375,
4891,0.9420871734619141,0.27855658531188965,
4892,0.943130612373352,0.27517446875572205,
4893,0.9441371560096741,0.27143850922584534,
4894,0.9451087117195129,0.2677597999572754,
4895,0.9460470080375671,0.26510271430015564,
4896,0.9469537734985352,0.26153090596199036,
4897,0.9478305578231812,0.2578984200954437,
4898,0.9486788511276245,0.254721075296402,
4899,0.9495000243186951,0.2520759701728821,
4900,0.7893518805503845,0.841131865978241,
4901,0.8038793206214905,0.7887005805969238,
4902,0.8165322542190552,0.7413318753242493,
4903,0.8276515007019043,0.7012624740600586,
4904,0.8374999761581421,0.6659049987792969,
4905,0.8462837934494019,0.6330384612083435,
4906,0.8541666865348816,0.6030638217926025,
4907,0.8612805008888245,0.5786356329917908,
4908,0.867732584476471,0.5548676252365112,
4909,0.8736110925674438,0.5328654050827026,
4910,0.8789893388748169,0.5134900212287903,
4911,0.8839285969734192,0.49625205993652344,
4912,0.8872548937797546,0.482971727848053,
4913,0.8915094137191772,0.467149555683136,
4914,0.8954545259475708,0.45318639278411865,
4915,0.8991228342056274,0.4399591386318207,
4916,0.9025423526763916,0.42681944370269775,
4917,0.9057376980781555,0.4166085422039032,
4918,0.908730149269104,0.40537428855895996,
4919,0.9115384817123413,0.3973390460014343,
4920,0.9141790866851807,0.3882807195186615,
4921,0.9166666865348816,0.379682719707489,
4922,0.9190140962600708,0.3705735206604004,
4923,0.9212328791618347,0.3618679940700531,
4924,0.9233333468437195,0.3537829518318176,
4925,0.9253246784210205,0.34624627232551575,
4926,0.9272152185440063,0.3405536115169525,
4927,0.9290123581886292,0.3340594172477722,
4928,0.9307228922843933,0.3272922933101654,
4929,0.9323529601097107,0.3222171366214752,
4930,0.9339080452919006,0.31687989830970764,
4931,0.9346910119056702,0.31273534893989563,
4932,0.9361263513565063,0.3082117736339569,
4933,0.9375,0.3040989935398102,
4934,0.9388157725334167,0.29928871989250183,
4935,0.9400773048400879,0.2953789234161377,
4936,0.9412878751754761,0.29131829738616943,
4937,0.9424505233764648,0.2867059111595154,
4938,0.9435679316520691,0.2824980616569519,
4939,0.9446428418159485,0.2789967358112335,
4940,0.9456775784492493,0.2750527262687683,
4941,0.9461008906364441,0.2718963325023651,
4942,0.9470720887184143,0.2680291533470154,
4943,0.9480088353157043,0.2643258571624756,
4944,0.948369562625885,0.26308444142341614,
4945,0.9492521286010742,0.2598009407520294,
4946,0.9501050710678101,0.2574249804019928,
4947,0.9509297609329224,0.2544811964035034,
4948,0.9517276287078857,0.2520913779735565,
4949,0.9524999856948853,0.2491815984249115,
4950,0.7847222089767456,0.837518572807312,
4951,0.7995689511299133,0.783598780632019,
4952,0.8125,0.7377668619155884,
4953,0.8238636255264282,0.696941614151001,
4954,0.8339285850524902,0.6596024632453918,
4955,0.8429054021835327,0.6270586252212524,
4956,0.8509615659713745,0.5992439985275269,
4957,0.8582317233085632,0.5726029276847839,
4958,0.8648256063461304,0.5492201447486877,
4959,0.8708333373069763,0.5280571579933167,
4960,0.876329779624939,0.508339524269104,
4961,0.8813775777816772,0.48911067843437195,
4962,0.8860294222831726,0.47377920150756836,
4963,0.8903301954269409,0.4602784216403961,
4964,0.894318163394928,0.44712457060813904,
4965,0.8980262875556946,0.43453195691108704,
4966,0.9014830589294434,0.42374303936958313,
4967,0.9047130942344666,0.4122733771800995,
4968,0.9077380895614624,0.4035312533378601,
4969,0.9105769395828247,0.3929344713687897,
4970,0.9132462739944458,0.38516274094581604,
4971,0.91576087474823,0.37684115767478943,
4972,0.9181337952613831,0.3688790798187256,
4973,0.920376718044281,0.3618928790092468,
4974,0.9225000143051147,0.35346829891204834,
4975,0.9245129823684692,0.3454357385635376,
4976,0.9264240264892578,0.33917129039764404,
4977,0.9282407164573669,0.33379220962524414,
4978,0.9299699068069458,0.3279266059398651,
4979,0.9316176176071167,0.3230222761631012,
4980,0.9331896305084229,0.3166528642177582,
4981,0.9346910119056702,0.3106566071510315,
4982,0.9361263513565063,0.3059611916542053,
4983,0.9375,0.300721675157547,
4984,0.9388157725334167,0.2951551675796509,
4985,0.9400773048400879,0.2902282178401947,
4986,0.9412878751754761,0.28601643443107605,
4987,0.9424505233764648,0.28178274631500244,
4988,0.9435679316520691,0.27776333689689636,
4989,0.9446428418159485,0.2732102572917938,
4990,0.9456775784492493,0.26961883902549744,
4991,0.9466742873191833,0.2659885883331299,
4992,0.9476351141929626,0.2626945674419403,
4993,0.94856196641922,0.26057183742523193,
4994,0.949456512928009,0.25720906257629395,
4995,0.9503205418586731,0.25425398349761963,
4996,0.9511554837226868,0.250681072473526,
4997,0.9519628286361694,0.2487528920173645,
4998,0.9527438879013062,0.24602742493152618,
4999,0.953499972820282,0.24386920034885406,
