batch,mean_loss,std_loss,mean_accuracy,std_accuracy
0,0.693146288394928,1.264405455326821e-06,0.484375,0.02209708691207961
1,0.6925515234470367,0.0003660453793171147,0.53515625,0.016572815184059706
2,0.6929310858249664,0.000213979549889809,0.5182291567325592,0.01841425314234918
3,0.6926100254058838,0.000353190590521292,0.51953125,0.016572815184059706
4,0.6929845809936523,0.001084606999579347,0.5140624940395355,0.024306804032657274
5,0.6933597028255463,0.0005201342574729433,0.5026041567325592,0.014731377225770236
6,0.6935772895812988,0.0008616501709567176,0.501116082072258,0.017361993849001944
7,0.6934628784656525,0.0008277219579054479,0.5,0.013810679320049757
8,0.6936832368373871,0.0011471950696180246,0.4921874850988388,0.018414232068924924
9,0.6938616335391998,0.0009979952258894597,0.48749999701976776,0.01767767374434854
10,0.6937714517116547,0.001027750900938151,0.4900568127632141,0.016070593337203894
11,0.6939780414104462,0.0008884134197611353,0.4850260317325592,0.01933495104806966
12,0.6939906775951385,0.0007701493628395667,0.48617789149284363,0.019547413311413075
13,0.6937740743160248,0.0010558207020464063,0.489397332072258,0.019729550917252904
14,0.6938682496547699,0.0007161171030486005,0.4895833283662796,0.01620451494834726
15,0.6938280761241913,0.0003925136001819561,0.4931640625,0.01242961138804478
16,0.6938866376876831,5.234638585053039e-05,0.4944852888584137,0.009098788097077336
17,0.6940404772758484,0.00019387550315011254,0.4939236044883728,0.008593320942886184
18,0.6939426958560944,0.00045784121537384187,0.49424341320991516,0.010467043387135
19,0.6942506432533264,6.751925131445224e-05,0.4906250089406967,0.006629130288308734
20,0.6946653425693512,0.0003021507569745993,0.4862351268529892,0.004735093063077667
21,0.6946729421615601,0.00019261109769478572,0.4865056872367859,0.008035296668601947
22,0.6945453584194183,0.00010566214921681134,0.4884510934352875,0.007685941441295146
23,0.6945570707321167,0.00011784258843645972,0.4876302182674408,0.008286407592029853
24,0.6945737302303314,4.1767526874295984e-05,0.48874999582767487,0.009722708969008356
25,0.6944323480129242,6.410535658506982e-05,0.49188701808452606,0.008073924255262181
26,0.6943992078304291,0.00035129398233830177,0.49016204476356506,0.002455222513153621
27,0.6944663226604462,0.0004067592349786383,0.4885602593421936,0.0011837785341254807
28,0.6944766938686371,0.00028621924823748134,0.4881465435028076,0.0015239457484569063
29,0.6946034729480743,0.00010144746436572193,0.4859374910593033,0.0014731377225770236
30,0.6944946050643921,0.00022852021262606743,0.4881552457809448,0.0010692233998728707
31,0.6943521201610565,0.00037396898683716274,0.49072265625,0.0006905339660024879
32,0.6942072212696075,0.00042960282687154287,0.4938446879386902,0.0
33,0.6942336857318878,0.0003732946372609884,0.4937959462404251,0.0009748776794812344
34,0.6943041086196899,0.0003666775820447781,0.49241071939468384,0.0012626774345378742
35,0.6942441761493683,0.00044410134275929043,0.4926215261220932,0.003069028141442026
36,0.6942382454872131,0.0003433282279697428,0.49387669563293457,0.0008958312650990527
37,0.6942717432975769,0.0003459413325774182,0.4934210479259491,0.0011630001378096098
38,0.6942508518695831,0.00027273225671399525,0.4945913404226303,0.00028329004226597426
39,0.6942022740840912,0.00034412901809144976,0.4951171875,0.0013810679320049757
40,0.6942123770713806,0.00021714056352812604,0.4958079308271408,0.0005389528253330574
41,0.6942768692970276,5.622389591353264e-05,0.4957217276096344,0.0007891997383664908
42,0.6942830383777618,4.193611426833956e-05,0.4950944781303406,0.00025692718852241003
43,0.6942225098609924,9.938226878868813e-05,0.4962712973356247,0.0007533116968594644
44,0.6941705644130707,0.0001299387339590863,0.49687498807907104,0.0
45,0.6941251456737518,0.00015615407373286238,0.49745243787765503,0.0002401948896635851
46,0.6941240429878235,7.350410380299919e-05,0.49750664830207825,0.0016455394064108357
47,0.6941150426864624,4.4675659421547675e-05,0.4972330778837204,0.0016112529451472234
48,0.6941807270050049,0.00019438126533224327,0.4961734712123871,0.0013528716903511875
49,0.6941011250019073,0.00014199273263320198,0.4973437488079071,0.0011048374868645762
50,0.6940919458866119,7.953110314005704e-05,0.4970894604921341,0.0006499254774622414
51,0.6940173506736755,9.398747217929369e-05,0.49789664149284363,0.0
52,0.6940259039402008,0.00010009876521337333,0.4973466992378235,0.00041691662546976374
53,0.6940388977527618,0.00011687321092070915,0.4969618171453476,0.0010230093804806755
54,0.6940475404262543,2.937635341209314e-05,0.497017040848732,0.00020089295342717642
55,0.6939491927623749,0.00011173129540238008,0.4977678507566452,0.001972957199067716
56,0.693948358297348,0.00011544021807133876,0.49808113276958466,0.003101354774249882
57,0.6939297914505005,6.962659373999695e-05,0.49851833283901215,0.001714428430301892
58,0.6938128173351288,0.00010085740848656941,0.5003972500562668,0.001685389251677886
59,0.6937116980552673,0.00015484752142902466,0.5010416805744171,0.0018414379582894712
60,0.6936058700084686,0.00018877573448029437,0.5021772682666779,0.002354617985758117
61,0.6935223340988159,0.00021848926268047466,0.503150224685669,0.0030294311772660412
62,0.6935251653194427,0.0003544971428251297,0.5034722089767456,0.004559698952999582
63,0.6935229599475861,0.00028815800326898247,0.503662109375,0.003797936813013683
64,0.6934160590171814,0.0003354889141467165,0.5045673251152039,0.0044194342411553265
65,0.6934459209442139,0.00017431936544105771,0.5049715936183929,0.0036828337697304312
66,0.6934283077716827,8.290285102092856e-05,0.5057136118412018,0.0018139582130603682
67,0.6936688423156738,0.0002637549779811748,0.5051700472831726,0.0011373748539149863
68,0.6935763359069824,0.0004137134649829358,0.50611412525177,0.0006404635099715458
69,0.6937636435031891,0.0003342666555399006,0.5049107074737549,0.0006313597906931926
70,0.693828284740448,0.00016614287682994427,0.504841536283493,0.001244891464466277
71,0.6937768161296844,0.0002323555758405588,0.5052083432674408,0.0009206979057204801
72,0.6938180327415466,0.00030354160297545884,0.5047088861465454,0.0
73,0.6937420964241028,0.0004053683889777788,0.5052787363529205,0.0008958312650990527
74,0.6937336325645447,0.0004302350295992063,0.5052083432674408,0.001473158796001279
75,0.6937541365623474,0.00042779051238557445,0.5049341917037964,0.0023260002756192197
76,0.6937139630317688,0.00034863873088211543,0.5055803656578064,0.001291379438373793
77,0.6937379539012909,0.00028992817090644005,0.5056089758872986,0.0008498490533736672
78,0.693670004606247,0.00037295746247290127,0.5062302052974701,0.0015384021174961432
79,0.6937668323516846,0.0002614790481615866,0.5054687559604645,0.0008286491885726875
80,0.693780779838562,0.0002530496784594078,0.5052083134651184,0.0008184075043845403
81,0.6938475370407104,0.00018266444144621473,0.5044778883457184,0.00040423042406798466
82,0.6938428282737732,0.0001744879528351013,0.5048945844173431,0.0005324411372381243
83,0.6938564479351044,0.00012909579698886843,0.5045573115348816,0.00039457879575898993
84,0.6938039362430573,0.0002063088234608263,0.505330890417099,0.0015598127165396772
85,0.6938245296478271,0.00019294827248287288,0.5052689015865326,0.0017986167602024028
86,0.6938150525093079,0.00017044185537805546,0.5055675208568573,0.0020319417135587123
87,0.6937901377677917,0.00022422123407795624,0.5059481561183929,0.002636580402295998
88,0.6937980353832245,0.00018127359544535524,0.5059691071510315,0.0012413932760398727
89,0.693822979927063,0.00014928413742558666,0.5049479007720947,0.0011048374868645762
90,0.6938065588474274,0.00015564831155073165,0.5054086446762085,0.0010926991944934386
91,0.6937862038612366,0.00015906220628011407,0.5059443116188049,0.0012009323014694146
92,0.693785697221756,0.0001610431081601261,0.5061323940753937,0.0013068473317772913
93,0.6937929689884186,0.00014325713808852883,0.5054853558540344,0.0
94,0.6937908828258514,0.00013878957214637404,0.5050164461135864,0.0003488916119731808
95,0.6937900185585022,0.00013014946820164076,0.5049642026424408,0.0005754309227192362
96,0.6937913000583649,0.00015935723421969033,0.5046713650226593,0.00022780371620138225
97,0.6938101351261139,0.00018472963702324854,0.504225105047226,0.0003382284592999246
98,0.693790853023529,0.00020323210351953102,0.5037089586257935,0.000558024274284237
99,0.6938028633594513,0.00017048400222656636,0.5034374892711639,0.0002209759267426174
100,0.6943319737911224,0.0002895067024213311,0.49936163425445557,0.010099902189756602
101,0.6943221390247345,0.000294311443151573,0.4994627386331558,0.01027116590868062
102,0.6943242847919464,0.00028293179405363165,0.49948397278785706,0.010104749077335355
103,0.694314569234848,0.00027593541720082325,0.4995644688606262,0.009967139616947287
104,0.694311261177063,0.00026999271156078717,0.4996642917394638,0.009690593070443055
105,0.6943117678165436,0.0002743338369574093,0.49972422420978546,0.009805443232635241
106,0.6943143606185913,0.000266873844770981,0.4996659755706787,0.009641850240140205
107,0.6943007409572601,0.0002598353210696617,0.49982360005378723,0.009562234843303126
108,0.6943033933639526,0.0002528810910653642,0.4997849613428116,0.009483019841526902
109,0.6943120062351227,0.00025949814628157457,0.49970749020576477,0.009514524610788794
110,0.6943059265613556,0.00026573587986118685,0.49978603422641754,0.009600862429963362
111,0.6942981481552124,0.00026805395652928604,0.4998447746038437,0.009549569715325603
112,0.6943111419677734,0.0002836482904783168,0.4997096657752991,0.009608048467634469
113,0.6942962408065796,0.00027277440356250615,0.49982623755931854,0.009475054087158343
114,0.6942932605743408,0.00028297394090214255,0.49994221329689026,0.009560633263059714
115,0.6943012475967407,0.0002839011715693822,0.4998270869255066,0.009374133458399008
116,0.6943097412586212,0.0003099900707976256,0.49978916347026825,0.009676347435646373
117,0.6943018436431885,0.0003234349154726008,0.4999426454305649,0.009923075086829146
118,0.694299191236496,0.00032802892196028824,0.49998094141483307,0.010006736581123271
119,0.6942996680736542,0.00033451953663096593,0.5000000149011612,0.010116908443130748
120,0.6942952871322632,0.00033456168347947683,0.500018984079361,0.010172858384528959
121,0.6942985355854034,0.00033637399796544525,0.4999053478240967,0.010308866264673614
122,0.6942908465862274,0.0003483437029425392,0.4999244511127472,0.010470920897198002
123,0.6942898631095886,0.00034299105318165565,0.49996232986450195,0.010498948551457747
124,0.6942816376686096,0.00036111419804134005,0.4998871982097626,0.010792669938730168
125,0.694282591342926,0.0003520947724600087,0.49992500245571136,0.010766770700320224
126,0.6942710876464844,0.0003692906866524535,0.499906450510025,0.010873254713082996
127,0.6942804455757141,0.0003579953312515339,0.49981337785720825,0.010926486182752255
128,0.6942960619926453,0.00033523603305565114,0.49977657198905945,0.0107951144559438
129,0.6943001747131348,0.00032402497135175333,0.4997028410434723,0.010611859958618432
130,0.6942790448665619,0.0003516311571263889,0.49979618191719055,0.010927371266570984
131,0.6942784786224365,0.00034931308045828974,0.4997042119503021,0.01092762414766205
132,0.6942777931690216,0.0003530641499757593,0.4996495991945267,0.010980075900633858
133,0.6942760646343231,0.00034058868281653466,0.49974241852760315,0.01077210227665685
134,0.6942762136459351,0.0003342245086913897,0.499651238322258,0.010668905718077926
135,0.6942735910415649,0.00032284485959344826,0.49978025257587433,0.0104625968946171
136,0.694274365901947,0.00033860778093652263,0.49976250529289246,0.010825713067962709
137,0.6942685842514038,0.00033161140408371424,0.4998541921377182,0.01062001537380529
138,0.6942622065544128,0.0003254579642011237,0.49985451996326447,0.01033809510411592
139,0.6942579746246338,0.0003036258966724806,0.4999637305736542,0.010057544607003154
140,0.6942529380321503,0.0003067026166137759,0.5001267045736313,0.010264633147161431
141,0.6942474246025085,0.00030750340673548285,0.5001263916492462,0.010240883398025542
142,0.6942447423934937,0.0002774948505957263,0.5001801550388336,0.009937004620261997
143,0.6942460238933563,0.00026759034119566623,0.5001977384090424,0.009837875232564373
144,0.6942289471626282,0.0002521224477921681,0.5003228187561035,0.009587059337076044
145,0.6942055225372314,0.0002154546895876903,0.5005010068416595,0.009210814420419293
146,0.6941856145858765,0.0001871320073883695,0.5006426721811295,0.009038286296039947
147,0.6941729187965393,0.00018342308471941082,0.500837117433548,0.009093224713073899
148,0.6941621005535126,0.00016694366695165126,0.5009063184261322,0.008921771333331581
149,0.6941821575164795,0.0002196693744387797,0.5009574592113495,0.009127195072973679
150,0.6941945254802704,0.00024053206445167225,0.5009729564189911,0.009181564507552732
151,0.694177895784378,0.0002083318721893492,0.5010943114757538,0.008936185555522306
152,0.6941737234592438,0.00022569637377583754,0.5011270940303802,0.008965856936873977
153,0.6941670477390289,0.00023859330942017112,0.5011772662401199,0.009119629713665974
154,0.6941578090190887,0.0002742495432603875,0.501279816031456,0.009297531561230457
155,0.6941657960414886,0.0002797286335668037,0.5012769550085068,0.009276711018066075
156,0.6941442787647247,0.00031639639177128147,0.5014486163854599,0.009502786713478512
157,0.6941335797309875,0.0002973038693958465,0.5015673041343689,0.00930922731169223
158,0.6941181719303131,0.0003154691611040418,0.5016854405403137,0.00946053449784634
159,0.6941235065460205,0.0003213275730470561,0.5016990154981613,0.00951307054451517
160,0.6940869987010956,0.0003601448205255895,0.501920148730278,0.009663281912607995
161,0.6940989792346954,0.000356773072644718,0.5018641203641891,0.009715122536276394
162,0.6940934062004089,0.00035698380688727245,0.5018944591283798,0.009693711937232861
163,0.6941108703613281,0.0003656660576805166,0.5017184317111969,0.00991542543382442
164,0.694103330373764,0.0003626736314362431,0.5018347203731537,0.009820932199462994
165,0.6941196620464325,0.00033215931311435584,0.5018477886915207,0.009726839360162423
166,0.6940985023975372,0.00033704834754161956,0.5020144879817963,0.009560717556756734
167,0.6940936148166656,0.0003342666555399006,0.5021463632583618,0.009539854866743842
168,0.6940895915031433,0.00033532032675267294,0.5021926909685135,0.009495073840201018
169,0.6941002607345581,0.00032183333522918685,0.5021539926528931,0.009426479844249538
170,0.6940836608409882,0.0003383970466939682,0.5023524314165115,0.009549696155871135
171,0.6940741240978241,0.0003354467672982056,0.5024993121623993,0.009457373484208022
172,0.6940761208534241,0.0003196416991066203,0.5025444775819778,0.009270178256546887
173,0.6940613090991974,0.00033923998366418604,0.5027239620685577,0.009416659628546499
174,0.6940628290176392,0.0003402093611799366,0.5026845484972,0.009443907566108791
175,0.6940699815750122,0.00032663807595942877,0.5025951117277145,0.009352659639082706
176,0.6940687894821167,0.0003497345489433987,0.5026062577962875,0.00968705273516814
177,0.6940599679946899,0.0003601026736770786,0.5027007162570953,0.009760662206092416
178,0.694055587053299,0.0003341823618428788,0.5028114318847656,0.009434066276981498
179,0.6940483152866364,0.00033704834754161956,0.5029050558805466,0.00950792862899684
180,0.6940505504608154,0.00031331967182998623,0.5028657615184784,0.009347201622200546
181,0.694046139717102,0.00030387877776354594,0.5029588639736176,0.009233910893403263
182,0.694042295217514,0.0003049324489763183,0.5029196441173553,0.00921443904939123
183,0.6940461695194244,0.00032120113250152344,0.5028640925884247,0.009311376800966286
184,0.6940478682518005,0.00031955740540959857,0.5028909295797348,0.009338245416891981
185,0.6940418779850006,0.0002990318901847932,0.5029668211936951,0.009110041305629745
186,0.6940433979034424,0.000315005545770422,0.5029606074094772,0.009276036668489902
187,0.6940482258796692,0.0003095264554640058,0.5028728246688843,0.009187422919495746
188,0.694051206111908,0.00030876781219080966,0.5028016567230225,0.009214312608845697
189,0.6940546333789825,0.00030678691031079763,0.5027470886707306,0.009126183548609418
190,0.694054514169693,0.0003228027127449374,0.5028873533010483,0.009405427493418345
191,0.6940417885780334,0.0003130667907389209,0.5030432492494583,0.009157056115143647
192,0.6940321326255798,0.00030623900128015603,0.503069281578064,0.008909675187808955
193,0.6940280497074127,0.0003185037341968262,0.5031435489654541,0.009096470020409237
194,0.6940313577651978,0.0003198102865006639,0.5031370520591736,0.009168709718756909
195,0.6940335333347321,0.0003091471338274077,0.5031145513057709,0.009081760770278936
196,0.6940304636955261,0.0003007599109737398,0.503028079867363,0.00890455434571488
197,0.694031834602356,0.0002848284022366219,0.5029899030923843,0.00856978192799285
198,0.6940352320671082,0.00027715767580763917,0.5030316710472107,0.008394303524217743
199,0.6940248608589172,0.00028651427617705765,0.5031050890684128,0.008399719394251392
200,0.7103497982025146,0.015267358698283277,0.5049672722816467,0.007306914832636677
201,0.7103081047534943,0.015227529926440482,0.5050342231988907,0.007400881231391715
202,0.7102499604225159,0.015183992231928728,0.5052397549152374,0.007410132464639856
203,0.7102170288562775,0.015148631026028087,0.5051869004964828,0.00744736920529923
204,0.7101914882659912,0.015129117035167543,0.5051342844963074,0.007372663916313671
205,0.710168331861496,0.015103112429636321,0.5050622522830963,0.007326260236103177
206,0.7101366519927979,0.015067751223735682,0.5049512833356857,0.00733559576304834
207,0.710093080997467,0.015031757815107379,0.505036860704422,0.007234042931561341
208,0.7100439965724945,0.01498467978532071,0.5050437748432159,0.007243568119324802
209,0.709995836019516,0.014948939257783471,0.5050897002220154,0.007197923082387504
210,0.7099572718143463,0.014909995569759405,0.5050964802503586,0.0073175569118856774
211,0.709926962852478,0.014874044307979613,0.505045011639595,0.007299391620177482
212,0.7098946273326874,0.014844415073476454,0.5048970282077789,0.0072539362440584825
213,0.7098557353019714,0.014817904705763102,0.5049235373735428,0.00712675812867686
214,0.7098210155963898,0.014789877051503357,0.5048343539237976,0.007054708091147487
215,0.709784597158432,0.014765347585670018,0.504841685295105,0.006847177009079845
216,0.7097421884536743,0.014731166491527682,0.5048873126506805,0.006640615304527953
217,0.7097089290618896,0.014694077264838096,0.5047988593578339,0.0067866119877696895
218,0.7096755504608154,0.014664068708698338,0.5046727061271667,0.006716100310210964
219,0.7096316516399384,0.01462634727928109,0.5048325955867767,0.006619036118090375
220,0.7095876336097717,0.01458398969652764,0.504915714263916,0.006683478649463532
221,0.7095545530319214,0.014550440805112969,0.5046008825302124,0.006720820757244184
222,0.7095169126987457,0.014514573837030198,0.5044764280319214,0.006597751959592373
223,0.7094784080982208,0.014471246876760999,0.5044279545545578,0.006848293900565383
224,0.7094413638114929,0.014437150076315686,0.5042669177055359,0.006778646233401131
225,0.7094025909900665,0.014407436548115505,0.5042941719293594,0.006656315005598261
226,0.7093640863895416,0.01437658505500553,0.5043213218450546,0.006534552760250288
227,0.709326297044754,0.014348599547594296,0.5042549967765808,0.006545321280044821
228,0.7092869281768799,0.014300341406049324,0.5042820870876312,0.006950984696962177
229,0.7092527747154236,0.014264938053300173,0.5041604787111282,0.006986999179014735
230,0.7092075347900391,0.01422759594551952,0.5043914914131165,0.006996629733899475
231,0.7091666162014008,0.014188778698040987,0.5045289695262909,0.007136936592592241
232,0.7091301083564758,0.014147095464863712,0.5044260919094086,0.007354835799393563
233,0.7090949416160583,0.014116243971753739,0.5044340491294861,0.007311466692275853
234,0.7090606689453125,0.014082610786642044,0.504313513636589,0.0073981416862385066
235,0.7090317010879517,0.014052602230502288,0.5041569024324417,0.0075361726151116845
236,0.7089965641498566,0.014026850506062132,0.5040741115808487,0.007415211159885419
237,0.7089655995368958,0.013988791901856795,0.5039552301168442,0.007449476547724775
238,0.7089255452156067,0.013956423122200428,0.5040733367204666,0.007457863770578443
239,0.7088840007781982,0.013925487335393432,0.5040820091962814,0.007363581270459573
240,0.7088467180728912,0.01389754397483071,0.5041268467903137,0.00721849074446082
241,0.7088190019130707,0.013865343782568386,0.5039006173610687,0.007201842739299018
242,0.7087793052196503,0.013836431044489913,0.5038916170597076,0.007032328114588202
243,0.7087507545948029,0.013811985872353594,0.5037568360567093,0.006889049903075418
244,0.7087146639823914,0.013776708960149976,0.5036943852901459,0.007000043628628857
245,0.7086794674396515,0.013741937810128488,0.5036501735448837,0.007085243482893629
246,0.7086436450481415,0.01370670304477338,0.5036953836679459,0.007094305055323472
247,0.7086153328418732,0.013688579899913697,0.5036513358354568,0.006977389697554252
248,0.7085857689380646,0.013657981287894787,0.5035541504621506,0.006986619857378138
249,0.7085494995117188,0.013623968781146497,0.5035993009805679,0.006945695267474059
250,0.7085246741771698,0.013600914455011036,0.5035734474658966,0.00690496033838828
251,0.708479255437851,0.013550843998980095,0.5036359876394272,0.00708903669925961
252,0.7084532678127289,0.013530444924300822,0.5035397261381149,0.007048154256204042
253,0.7084318697452545,0.013510973080288789,0.5034087598323822,0.007106843742755463
254,0.708408772945404,0.01349643241755253,0.5032783895730972,0.007165280348215817
255,0.7083885967731476,0.01348130169893712,0.5031836032867432,0.007025542471977948
256,0.7083567082881927,0.013457868051165063,0.5032288432121277,0.006837061765437229
257,0.7083329558372498,0.013437173948546214,0.5031171590089798,0.006723328494730583
258,0.7082865536212921,0.01340451014095027,0.5034056305885315,0.0067329590496153216
259,0.7082536816596985,0.01337336361990072,0.503398060798645,0.006816072634878804
260,0.7082349359989166,0.013352838104675914,0.5032002478837967,0.006776517817551331
261,0.7081890404224396,0.013328898694721727,0.5034003108739853,0.006712749635754348
262,0.7081534266471863,0.013298763698036438,0.5033755749464035,0.006673553066639216
263,0.7081119120121002,0.013271326099655846,0.5034884512424469,0.006731821084705527
264,0.7080806195735931,0.01323339393599604,0.5035150796175003,0.006862497388513554
265,0.7080427408218384,0.013193649457850268,0.5037298202514648,0.006968475639094198
266,0.7080146670341492,0.013161533559284967,0.5036704540252686,0.006929110482585023
267,0.7079801559448242,0.013128490430052426,0.503798708319664,0.007058522380937723
268,0.7079426348209381,0.01309717532160883,0.5039604157209396,0.007043180928079757
269,0.7079118192195892,0.013062024849950745,0.5039518475532532,0.007027902695494558
270,0.7078830897808075,0.013030920475749707,0.5038925111293793,0.007036627093136313
271,0.7078550755977631,0.012992988312089901,0.5039516389369965,0.007069164460186723
272,0.7078203856945038,0.0129628111685561,0.5040273666381836,0.007030094331617124
273,0.7077918946743011,0.012920411438954142,0.5039682388305664,0.007228943162891522
274,0.7077513635158539,0.01289343745590717,0.5040603876113892,0.007213433122639513
275,0.7077222764492035,0.012877843121958138,0.504068449139595,0.007032264894315436
276,0.7076865136623383,0.012846232985574968,0.5040430426597595,0.007088088395168115
277,0.707651674747467,0.012829500686716143,0.5041177570819855,0.006907910617784042
278,0.7076220214366913,0.012802231675729595,0.5041422694921494,0.006893222441077996
279,0.7075928747653961,0.012762360757038288,0.5041002482175827,0.007019410105519613
280,0.7075769007205963,0.012740360102115602,0.503959059715271,0.006957686045875409
281,0.7075348794460297,0.012714060468644805,0.5041655600070953,0.006872844439822979
282,0.7075101435184479,0.012670817802072628,0.5041237771511078,0.0069982734609914
283,0.7074906229972839,0.012653242566243584,0.5040492415428162,0.006890419675652021
284,0.7074556946754456,0.012621716723557436,0.5041721314191818,0.00687594223318853
285,0.7074051797389984,0.01256772661061498,0.5043928623199463,0.007186037671107433
286,0.7073756754398346,0.012549687759452317,0.5044327527284622,0.007055361367299406
287,0.7073412537574768,0.012520479993434268,0.5044398009777069,0.007017492423912367
288,0.7073121964931488,0.012486888955171086,0.5043979585170746,0.007048933972901494
289,0.7072949409484863,0.012457091133273883,0.5042425245046616,0.007149222398933166
290,0.7072643041610718,0.012436439177503545,0.5043148100376129,0.007019684060034934
291,0.7072345614433289,0.012413511291913619,0.5043220520019531,0.006936444034225918
292,0.707203596830368,0.01239374441996201,0.5043938905000687,0.0068535622566292444
293,0.7071866691112518,0.012376211330981478,0.5043364763259888,0.006816662690757957
294,0.7071591317653656,0.012350248872298767,0.5043114423751831,0.006825344941551201
295,0.7071292400360107,0.01231977670082539,0.5042865425348282,0.0069248747243096775
296,0.7070989906787872,0.012281380921831966,0.5042617470026016,0.007069269827308
297,0.7070767879486084,0.012268779014127209,0.5041890442371368,0.00691912167948794
298,0.7070547044277191,0.0122319848153772,0.5040688067674637,0.007062947800031367
299,0.7070187330245972,0.012202861343056171,0.5041560679674149,0.007003520743631006
300,0.719156801700592,0.03625134734119018,0.5037903040647507,0.005698865047976281
301,0.7190912067890167,0.03615268156882617,0.5038005411624908,0.0058812976817556855
302,0.7190278172492981,0.03605553308300856,0.5037710517644882,0.0059505660272833405
303,0.718964546918869,0.035971028651744216,0.5038208812475204,0.005851520933282739
304,0.7188982665538788,0.0358815930392041,0.5039494633674622,0.005697073806914568
305,0.7188267409801483,0.035788027035509914,0.5041955709457397,0.005710560798438054
306,0.7187640964984894,0.03569572543727106,0.5041260570287704,0.005890717502397871
307,0.7187071740627289,0.03561800664861697,0.5040373057126999,0.005765035600138385
308,0.7186360359191895,0.03552507284765045,0.5042031705379486,0.005888884114487646
309,0.7185776829719543,0.03542720786540815,0.5041536539793015,0.006094792542887619
310,0.7185054421424866,0.03532571825419392,0.5042211413383484,0.006189686172309898
311,0.7184331119060516,0.035217443000369435,0.5043270736932755,0.006448699629833597
312,0.7183686196804047,0.03513011473025486,0.5042969882488251,0.006514849108571445
313,0.7183108031749725,0.0350614153671821,0.5043635964393616,0.006171057265268082
314,0.7182504832744598,0.0349677650697909,0.504256546497345,0.00640101047074352
315,0.7181962728500366,0.034875758499491614,0.5040539503097534,0.006602640994019637
316,0.718131959438324,0.03478851452307406,0.5041398406028748,0.006505113186565429
317,0.7180674970149994,0.03469751947713905,0.5042061805725098,0.006543298231316298
318,0.7179946899414062,0.03459632489386439,0.5043485015630722,0.006581251468400358
319,0.7179396748542786,0.034524590957698845,0.5042427778244019,0.006430681852095189
320,0.7178683578968048,0.0344172429345416,0.5043653100728989,0.006710305118540716
321,0.7178263962268829,0.03432106382623974,0.5040896534919739,0.006961816437029476
322,0.7177726030349731,0.03423470493364092,0.5040231198072433,0.007025142076917094
323,0.7177203893661499,0.03417477211505843,0.5040887743234634,0.006741704520681332
324,0.7176647484302521,0.03410459761228779,0.5041165351867676,0.006619162558635908
325,0.7176107466220856,0.03404533914328147,0.5040691494941711,0.00628502234364154
326,0.7175624370574951,0.033980053674938095,0.5039658844470978,0.006137719108095965
327,0.717511922121048,0.03390279850161763,0.5039190798997879,0.0062286087869097085
328,0.7174592614173889,0.033823183104780545,0.5040028393268585,0.00618745238933882
329,0.7174150943756104,0.03374689730897583,0.5036961436271667,0.0061727431392085185
330,0.7173587381839752,0.033671833771777925,0.5037244409322739,0.005948458684857796
331,0.7172990441322327,0.03361244886222608,0.5037895441055298,0.005516095239408789
332,0.7172403335571289,0.03352908239587153,0.5037253051996231,0.005633495285935884
333,0.717183530330658,0.03344647457279018,0.5036245286464691,0.005542184138637033
334,0.7171311676502228,0.03337554142674634,0.5035425871610641,0.005269557249044314
335,0.7170771956443787,0.03329533597403011,0.5033694803714752,0.005438502891300233
336,0.7170154750347137,0.03321799650701262,0.5033798664808273,0.005399959598337021
337,0.7169566750526428,0.033145461780725374,0.5033719688653946,0.005232678756597282
338,0.7169084548950195,0.03305686910515547,0.5033459514379501,0.005503387964582754
339,0.7168537676334381,0.03298568307802057,0.503410741686821,0.005387989893359927
340,0.7168051898479462,0.0329115046246414,0.5032399296760559,0.0051962849529081255
341,0.7167505621910095,0.0328337436891388,0.5032685548067093,0.005133212194111572
342,0.716691792011261,0.03276015529163878,0.5034592151641846,0.0051978022394545175
343,0.7166374921798706,0.03268825276807919,0.5035051703453064,0.005262118330282142
344,0.7165842354297638,0.032612262000214054,0.5034971237182617,0.005351469649125237
345,0.7165289521217346,0.03254478489574811,0.5035070180892944,0.005111485493704207
346,0.716471940279007,0.03247359886861321,0.5035168528556824,0.005074564854408663
347,0.7164203226566315,0.03238863082201525,0.5036513209342957,0.005314886184617781
348,0.716373860836029,0.03230842536929902,0.5036607831716537,0.005428450867930385
349,0.7163098454475403,0.03224899831289865,0.5037943422794342,0.005265700812405568
350,0.716265857219696,0.03214953175041295,0.5037857443094254,0.0056540629480092
351,0.7162027955055237,0.03208226538018956,0.5039713382720947,0.005666222313804594
352,0.7161572873592377,0.03201537833160277,0.5038919448852539,0.005603676390614427
353,0.7161062061786652,0.0319508936533811,0.5039359033107758,0.005516474561045387
354,0.7160546183586121,0.03187456571072787,0.5039621144533157,0.0056528828362508955
355,0.7159884870052338,0.03180093516637934,0.5041631758213043,0.005590737308121582
356,0.7159373462200165,0.03172953840500189,0.5041887760162354,0.0055289078813561005
357,0.7158791720867157,0.03165738300035124,0.5042839348316193,0.005615098186560879
358,0.7158229351043701,0.03157650319805883,0.5043612718582153,0.005627194332083506
359,0.7157783508300781,0.03150299909425583,0.504368931055069,0.005688265115575792
360,0.7157351672649384,0.031452802197679354,0.5042727589607239,0.0054554880712501235
361,0.7156882584095001,0.031390003393398126,0.5042978227138519,0.005394585875151882
362,0.715636134147644,0.03132589803681306,0.504357248544693,0.005285256950114623
363,0.7155906558036804,0.03127051707786974,0.5043304860591888,0.005249347835183341
364,0.7155253887176514,0.031217664929837078,0.5045439004898071,0.005019605363950457
365,0.7154831290245056,0.031137333036575315,0.5044825971126556,0.00512956649171538
366,0.7154273390769958,0.03107672586841665,0.5045923292636871,0.004997646855876282
367,0.7153711020946503,0.031027203321416348,0.5047015249729156,0.004721753585523969
368,0.7153260409832001,0.030978060096052647,0.5047253370285034,0.004471106277429682
369,0.7152832746505737,0.030904935313886245,0.5046472251415253,0.004413407241818269
370,0.715239942073822,0.030835983069722423,0.5046709775924683,0.004451718727114671
371,0.715202659368515,0.030765892860648805,0.5045426785945892,0.004322707223822824
372,0.7151539325714111,0.030694285365028797,0.5046002864837646,0.004361018709119227
373,0.7151128351688385,0.030622762163105808,0.5044727027416229,0.004280307494220865
374,0.7150671780109406,0.03053745694171976,0.5045973360538483,0.00455586358978509
375,0.7150187194347382,0.03048131733950325,0.5046209394931793,0.00430930452599636
376,0.7149838507175446,0.030412786563824536,0.5045442581176758,0.00420558113181105
377,0.7149529755115509,0.030334224838200228,0.5044678449630737,0.00438521100016448
378,0.7149089872837067,0.030266621293188755,0.5044916272163391,0.004517046342306557
379,0.7148662209510803,0.03019341221732533,0.5044820606708527,0.004601382186176856
380,0.7148196697235107,0.0301344909231071,0.504472553730011,0.0044510443775384965
381,0.7147716879844666,0.030064864329367107,0.5044796466827393,0.004558518841241276
382,0.7147180736064911,0.02998777774344068,0.5045361518859863,0.004735535604987032
383,0.7146790623664856,0.02993538921074164,0.5045265853404999,0.004632402266680874
384,0.714636355638504,0.029876257182280853,0.5044513940811157,0.004529774690556847
385,0.7145946025848389,0.02982471158655203,0.5044584274291992,0.004404345669388426
386,0.7145432829856873,0.029752977650386488,0.5045145153999329,0.0045339050817109145
387,0.7145035564899445,0.029689462349680572,0.5044561326503754,0.004593711459747873
388,0.7144635915756226,0.02963041461491681,0.504316508769989,0.0045841441251359
389,0.7144220769405365,0.029567152195301958,0.5043237805366516,0.004459642334634719
390,0.6895329058170319,0.0070821456895280785,0.53125,0.11048543456039805
391,0.6946308016777039,0.0015883461329815524,0.4609375,0.06629126073623882
392,0.6949256658554077,9.356600369418474e-06,0.4635416567325592,0.02209708691207961
393,0.6949139535427094,0.00043533479826902445,0.4609375,0.005524271728019903
394,0.6952627301216125,0.0014902282696481913,0.4515625089406967,0.015467956623770877
395,0.6942282617092133,0.00026582017355820866,0.4661458283662796,0.007365688612885118
396,0.6939986944198608,0.00045476449543254663,0.4765625,0.004735071989653412
397,0.6936111450195312,0.0005044134829783797,0.4892578125,0.0013810679320049757
398,0.693567544221878,0.0003453934235467766,0.4921875,0.0036828337697304312
399,0.6936433613300323,0.00014755611663664,0.48906248807907104,0.0
400,0.7120087146759033,0.02566144589064592,0.5028128027915955,0.006799129601777425
401,0.7119636833667755,0.02559455884205913,0.5027658492326736,0.006725520130853149
402,0.7119182646274567,0.025532012918868963,0.5026992708444595,0.006736478311465981
403,0.7118678390979767,0.02546390361167536,0.5028112232685089,0.006719429911243325
404,0.711820662021637,0.025402327066000943,0.5029225945472717,0.006702444731293434
405,0.7117717266082764,0.02534804192511891,0.5030531138181686,0.0063791151829421106
406,0.7117280066013336,0.025281323463926166,0.5028882473707199,0.006363099380507971
407,0.7116817831993103,0.025221179911101118,0.5029594004154205,0.0065134161157220745
408,0.7116254568099976,0.02516048844924543,0.5031865835189819,0.00633121528960948
409,0.711579293012619,0.025084413387683267,0.5031591206789017,0.006508463861022044
410,0.7115269899368286,0.025030844743225922,0.5034041553735733,0.006409755941809531
411,0.7114780843257904,0.024973482882402594,0.5034732967615128,0.006393824433072412
412,0.7114367187023163,0.024906132218482188,0.5033679306507111,0.006514849108571445
413,0.7113784551620483,0.024855260972329537,0.5035526901483536,0.006389525454524302
414,0.7113382518291473,0.02480169232787219,0.5034475922584534,0.006237564992218273
415,0.7112970650196075,0.024746732837413986,0.5033815056085587,0.006195059895495037
416,0.7112480401992798,0.02468515629173957,0.5035456866025925,0.006261188300808629
417,0.7112159729003906,0.024598502371201172,0.503498762845993,0.006462165547932827
418,0.7111774682998657,0.02453578786061696,0.5034330189228058,0.006365480677448836
419,0.7111289203166962,0.024474801370821697,0.5035197734832764,0.006430681852095189
420,0.7110879421234131,0.024435646948555077,0.5033214241266251,0.005985590058395893
421,0.7110527753829956,0.0243858293736152,0.5031808614730835,0.005890780722670637
422,0.7110106945037842,0.024342839588134088,0.5031164884567261,0.005582687260056001
423,0.7109642624855042,0.0242840868813099,0.5032220482826233,0.005462653035496976
424,0.7109100222587585,0.02423401642527896,0.5033458769321442,0.005316614205406728
425,0.7108792960643768,0.024169658187602826,0.5031503289937973,0.0053568855191588865
426,0.7108301520347595,0.024122664451513176,0.5032550096511841,0.00513239033056561
427,0.7107819616794586,0.024069180100752853,0.5033592283725739,0.0050673577433133
428,0.7107491791248322,0.023986825158762565,0.5032208859920502,0.005292253326967431
429,0.710697740316391,0.023952349036680653,0.5033618211746216,0.004964477286098208
430,0.7106562256813049,0.023911424446776578,0.5032982379198074,0.004769232010371491
431,0.7106128334999084,0.023849974341647692,0.5033459067344666,0.004731826682318073
432,0.7105652987957001,0.023804329304710395,0.5034117698669434,0.0047206156206141756
433,0.7105205357074738,0.023765554204080372,0.5033853352069855,0.004631475036013634
434,0.7104654908180237,0.02372361808981203,0.5034508109092712,0.0046205590022493125
435,0.7104454934597015,0.02363717490351619,0.5034976601600647,0.004687488197684613
436,0.7104137539863586,0.023579560161601797,0.5033981204032898,0.004547307779537379
437,0.7103719711303711,0.023534715914786206,0.5034266412258148,0.0043820499865261636
438,0.7103360891342163,0.0234731815159603,0.5034550726413727,0.004423269604369818
439,0.7102994918823242,0.023403133453735195,0.5034107267856598,0.004464320634819429
440,0.7102628648281097,0.023345097243335694,0.5034752488136292,0.00445399465693426
441,0.710247814655304,0.02325637812722026,0.5033588707447052,0.004494750659444294
442,0.7102161645889282,0.02320403174136973,0.5033330917358398,0.004407970298360363
443,0.7101879119873047,0.02314645914630385,0.5031636357307434,0.0044232274575213065
444,0.7101517617702484,0.02307763334268556,0.5031205266714096,0.004514538604820159
445,0.7101067006587982,0.023024275432470768,0.5032028555870056,0.004428285079342614
446,0.7100628614425659,0.022968430858193833,0.5033204853534698,0.004392923873441974
447,0.7100210785865784,0.022910942556824975,0.5033307373523712,0.004357689108086866
448,0.7099794745445251,0.022855814478972725,0.5033408999443054,0.004372904120399299
449,0.7099413871765137,0.022811560288036287,0.5034042596817017,0.004062113259479967
450,0.70990189909935,0.0227655780763109,0.503467321395874,0.004002854790473649
451,0.709865003824234,0.022708089774942042,0.5034771263599396,0.0040687303146961775
452,0.7098500728607178,0.02265949445860898,0.5032755732536316,0.004084451089190741
453,0.7098155617713928,0.022620466476887893,0.5032857954502106,0.003901323032410906
454,0.7097835540771484,0.02258835057832259,0.5032959282398224,0.0037189957657527786
455,0.7097503840923309,0.022551809260663646,0.5032185912132263,0.003512771235988974
456,0.7097311913967133,0.02249019056814072,0.5030368566513062,0.0036036398413784613
457,0.7096977531909943,0.02245537727127072,0.5029778480529785,0.003472478848812559
458,0.7096600830554962,0.022396624564446535,0.5029712021350861,0.003612195651626173
459,0.7096243798732758,0.022354814890723728,0.5028606057167053,0.0033590195326212327
460,0.7095940709114075,0.02230495516893534,0.5027504861354828,0.0032536945581925084
461,0.7095594704151154,0.0222506278812048,0.5026926398277283,0.0033197386698090793
462,0.7095169425010681,0.0221984079358998,0.5027900338172913,0.003361126875046777
463,0.709479421377182,0.02214382776707819,0.5028698146343231,0.003572493320328911
464,0.7094437181949615,0.02208625517201231,0.5029149651527405,0.0037343793654592548
465,0.7094069421291351,0.02203913499537713,0.5029256641864777,0.0036051992747733646
466,0.7093742191791534,0.021985524204071273,0.5028851330280304,0.00374217653243377
467,0.7093344628810883,0.021941607187922922,0.5029980838298798,0.0037099763401714472
468,0.709298849105835,0.021898406668199255,0.5029915571212769,0.003605747183804006
469,0.7092675566673279,0.021844542995802334,0.5029850602149963,0.003741797210797172
470,0.7092261910438538,0.021805852188869334,0.5031647682189941,0.0036140079661121415
471,0.7091943025588989,0.021764463983631636,0.5031072795391083,0.0035345611566691064
472,0.7091546654701233,0.021716585163723257,0.5031342804431915,0.0035269747239371455
473,0.7091155052185059,0.02167233097278682,0.5032788515090942,0.0035431169669168177
474,0.7090793550014496,0.02163410378118744,0.503288596868515,0.003369429804203423
475,0.709039568901062,0.021594190715647624,0.5033485293388367,0.0033148496353818157
476,0.7090085446834564,0.021548545678710323,0.5033246576786041,0.003331413346846597
477,0.7089774012565613,0.021500961886741526,0.5033175647258759,0.0033714528529319465
478,0.7089487016201019,0.02145118645865016,0.5033271312713623,0.0033407278003675044
479,0.7089153528213501,0.021421472930449978,0.5032868385314941,0.0031458407728531305
480,0.7088868021965027,0.021383709354184217,0.5031970739364624,0.003022013331928124
481,0.7088588178157806,0.021331152234091134,0.503074586391449,0.0029922576568794327
482,0.7088295817375183,0.021284495672789575,0.5031010806560516,0.0030325921909043585
483,0.7087929844856262,0.021248670851555313,0.5031439363956451,0.002816716032831559
484,0.708763837814331,0.021192784130429868,0.5031701624393463,0.00304304460933506
485,0.7087326049804688,0.021147855589917254,0.5031635165214539,0.003036680435209915
486,0.7087063193321228,0.0211000610637059,0.5030914843082428,0.0030765935007497315
487,0.7086696922779083,0.02105239297804008,0.5032645463943481,0.003139434451879475
488,0.7086362540721893,0.021009656073650032,0.5032903254032135,0.003086793038089368
489,0.7085966467857361,0.02097463204253748,0.5034460425376892,0.003080344570267201
490,0.7085591852664948,0.020943232640396863,0.5034875571727753,0.00291340090331555
491,0.7085380554199219,0.020890928401394844,0.5033022463321686,0.0029760311202027385
492,0.7085140645503998,0.020856494426161443,0.5031500458717346,0.002718556022649687
493,0.7084773778915405,0.020814726899287147,0.5032563805580139,0.0026901490467533444
494,0.7084401845932007,0.02078168377005461,0.5033140182495117,0.002593632763663397
495,0.7084129154682159,0.02072954811844663,0.5032750964164734,0.00267910657244349
496,0.7083938717842102,0.020676990998353545,0.5030761361122131,0.0027189774911347956
497,0.7083641290664673,0.02063577138050989,0.5030218660831451,0.0026907812494810076
498,0.7083423137664795,0.020586038099267037,0.5029040277004242,0.0026627114483727525
499,0.7083140909671783,0.02054469204087785,0.502993643283844,0.0026572745049148467
500,0.7079658806324005,0.01862456591641854,0.502952441573143,0.004513948548941007
501,0.7079223692417145,0.018567920552019897,0.5030643045902252,0.004333581110738635
502,0.7078824043273926,0.018513340383198292,0.5031160712242126,0.004013812971086482
503,0.7078458368778229,0.018458760214376684,0.5030487775802612,0.003863685896690678
504,0.707808643579483,0.01840624524113211,0.5030608177185059,0.003770119892996493
505,0.7077723145484924,0.018363719070984618,0.5030137002468109,0.0038163549858129435
506,0.7077437341213226,0.018316472453803904,0.5027506947517395,0.0036677873448120422
507,0.707708090543747,0.018274072724201944,0.5027437806129456,0.0036585993318366673
508,0.7076677083969116,0.018224634470898667,0.5028737783432007,0.003732356316730732
509,0.7076376080513,0.01817776717535455,0.5027886033058167,0.003723084010058335
510,0.7076028883457184,0.018134650949327907,0.5027621984481812,0.0037412914486150413
511,0.7075643539428711,0.0180885844439055,0.5027747452259064,0.0037594567403232367
512,0.7075258195400238,0.018039230484299243,0.5026323795318604,0.0036680402259031074
513,0.7074945867061615,0.018004922949611375,0.5026645064353943,0.0038228034536351104
514,0.7074554860591888,0.017963871919161767,0.5026771873235703,0.003840610497130963
515,0.7074240148067474,0.01792770992313942,0.5026706010103226,0.004048520900835203
516,0.7073954939842224,0.017889819906328125,0.5025298893451691,0.004065695741603393
517,0.7073647975921631,0.01784817881999936,0.5024663358926773,0.004028711882035083
518,0.7073314487934113,0.01780936157252083,0.5025175362825394,0.004045823502530506
519,0.7073094546794891,0.017773789632377635,0.5022070109844208,0.0040360243602517235
520,0.7072741389274597,0.017724772847559463,0.5023724585771561,0.003945682590468622
521,0.7072448134422302,0.01768650350911157,0.5022909641265869,0.003936094182432393
522,0.7072127163410187,0.017648613492300277,0.502228781580925,0.0041669956919993265
523,0.7071775496006012,0.017602167665241274,0.5022987574338913,0.003997059598803402
524,0.7071435153484344,0.01755825064909292,0.5023308396339417,0.0038811346919741876
525,0.7071086168289185,0.017514712954581166,0.5023252218961716,0.0038717991650290247
526,0.7070741653442383,0.017472566106070272,0.5022822469472885,0.003862526858356628
527,0.7070403695106506,0.017429744907983206,0.502332791686058,0.003721334915845133
528,0.7070087790489197,0.017385237835955702,0.5024203211069107,0.0034754923484810883
529,0.7069718241691589,0.017344271099203112,0.5024331361055374,0.003546046172888325
530,0.7069397270679474,0.017305791026512665,0.5025385618209839,0.0035376378766104016
531,0.7069025039672852,0.01727051411430905,0.5026988983154297,0.003659948030989016
532,0.7068655490875244,0.017241011320351423,0.5027109682559967,0.003833888074793476
533,0.7068372666835785,0.017196462101475407,0.5027413964271545,0.00377281729130119
534,0.706811934709549,0.017140406792955917,0.5026615262031555,0.0034525012426183956
535,0.7067790627479553,0.017099397909354816,0.502710223197937,0.003366690259050215
536,0.7067420780658722,0.017062097948422675,0.5027586817741394,0.0033846448165158563
537,0.7067147195339203,0.01702264849821648,0.5026611387729645,0.0034540606760132984
538,0.7066737711429596,0.016999804906323576,0.502854973077774,0.0037289424220013495
539,0.7066437602043152,0.0169600604281778,0.5028483271598816,0.003668967456570347
540,0.7066144943237305,0.01692735447373335,0.5027874410152435,0.003788453772098732
541,0.7065914869308472,0.016879981416007103,0.502726823091507,0.0037030642570156603
542,0.7065638303756714,0.01684735975525967,0.5026664733886719,0.003719965143268529
543,0.7065282762050629,0.016814527360269685,0.5027502179145813,0.0037877372756740467
544,0.7064918577671051,0.01678409733564482,0.5027976930141449,0.0039565354039601775
545,0.7064651250839233,0.016741402578103283,0.5027912855148315,0.003947473831530335
546,0.7064302265644073,0.01671624090954228,0.5028027594089508,0.004216159990787284
547,0.7063926160335541,0.01668471506685613,0.5028320252895355,0.00425695814014583
548,0.7063736021518707,0.016646192847317175,0.502772256731987,0.004222123769851576
549,0.7063536047935486,0.016582003197035084,0.5026773065328598,0.0039868600614637656
550,0.7063283920288086,0.01653673748173438,0.502688929438591,0.003852748789502101
551,0.7062946856021881,0.016479375620911056,0.5027711093425751,0.003819136677814663
552,0.7062745690345764,0.016438366737309956,0.5026768147945404,0.0038852229362797445
553,0.706247091293335,0.016399760224073977,0.5026883631944656,0.0038516108245923064
554,0.7062289118766785,0.016359720717988628,0.5025596022605896,0.003818167300298912
555,0.7062019407749176,0.016323432281420747,0.5025888681411743,0.003760173236747922
556,0.7061648368835449,0.016292285760371197,0.5027226805686951,0.003751743867045743
557,0.7061409950256348,0.016250391792951367,0.5026121437549591,0.003694129125131351
558,0.7061120867729187,0.01621642143305159,0.5026237070560455,0.003710482102353578
559,0.7060830891132355,0.016172125095266637,0.5026352405548096,0.0034815825680909124
560,0.7060588896274567,0.016141779364338794,0.5025256127119064,0.003620688241601118
561,0.7060252130031586,0.016102919970011752,0.5026580989360809,0.0035150050189600513
562,0.7059960067272186,0.016065324981140033,0.5025661289691925,0.0035316108772733435
563,0.7059672772884369,0.01603042739057301,0.502526119351387,0.0036210675632377164
564,0.7059357762336731,0.015995319065763437,0.502537727355957,0.0035888884443996487
565,0.7059076130390167,0.015959452097680668,0.5024979412555695,0.0034358532374565926
566,0.7058744430541992,0.01591717880862424,0.5025778710842133,0.003259342235892968
567,0.7058412730693817,0.015878698735933793,0.5026063024997711,0.0032040455706466753
568,0.7058167159557343,0.015842452446214426,0.5024986267089844,0.0031009122323405174
569,0.705781102180481,0.015798661870611606,0.5026119351387024,0.002878292578505975
570,0.7057540416717529,0.01576494439180289,0.5025724172592163,0.002967812484743114
571,0.7057343423366547,0.015739276961059756,0.5025162100791931,0.002985261280026624
572,0.7057164013385773,0.01572115381620007,0.50252765417099,0.003145672185459087
573,0.7056820392608643,0.01567525589817171,0.5025894641876221,0.0029962194606394568
574,0.7056630551815033,0.01565692201906947,0.502550333738327,0.003227057749933623
575,0.7056321799755096,0.015611824891162814,0.5025950968265533,0.0030070512007067565
576,0.7056214809417725,0.01560318478721808,0.5024392008781433,0.003165986966441338
577,0.7055927217006683,0.01555753975028078,0.5024506449699402,0.002994196411910934
578,0.7055521607398987,0.015509028727644742,0.5026284158229828,0.002917278413378552
579,0.7055247724056244,0.015479483786838605,0.5026892423629761,0.003004986005129723
580,0.7054978907108307,0.015444249021483497,0.5026835501194,0.0029048872399163495
581,0.7054675817489624,0.015399109746728331,0.5027439892292023,0.002805252090036596
582,0.705445259809494,0.015369564805922194,0.5027051866054535,0.002752652823095
583,0.7054255604743958,0.015345246074331407,0.5026665925979614,0.0027468787048490076
584,0.7053944170475006,0.01530904193146055,0.5027430951595306,0.0027178395262250016
585,0.7053760290145874,0.01528539754944594,0.5027373433113098,0.0028048727683999976
586,0.7053481638431549,0.01525104786790956,0.5027152597904205,0.0026833634041430903
587,0.7053220868110657,0.015219058409889791,0.5026769638061523,0.0026315649273232016
588,0.7052959501743317,0.015190862168236003,0.5027202367782593,0.0026952066685746517
589,0.7052638828754425,0.015149895431483415,0.5027145743370056,0.0026436189259973174
590,0.7052467167377472,0.015118453882494286,0.5026764869689941,0.0025921997708140266
591,0.7052343487739563,0.015113522701218513,0.5026061832904816,0.0027700173246814883
592,0.7052083313465118,0.015082376180168961,0.5026654303073883,0.002809972537069816
593,0.7051748633384705,0.01504642491838917,0.5027405321598053,0.0026901911936018552
594,0.7051474153995514,0.015015025516248554,0.5027831494808197,0.0027073871077943
595,0.7051182687282562,0.014983415379865382,0.5027934908866882,0.00267910657244349
596,0.7051024436950684,0.014957157893243096,0.5025954842567444,0.002764243206435496
597,0.7050802111625671,0.014920827309826705,0.5025262236595154,0.002713414107131358
598,0.7050592005252838,0.014887236271563523,0.5024732053279877,0.0025950236096642563
599,0.705039381980896,0.014855415400937797,0.5023726224899292,0.002544658125693738
600,0.705779492855072,0.0001221415669845709,0.5076204836368561,0.00022569637377583754
601,0.7057493925094604,0.00012795783207907428,0.5075016021728516,0.0003095264554640058
602,0.7057141959667206,0.0001263141049871494,0.5076214671134949,0.0002245584088660434
603,0.7056871652603149,0.00012745206989694355,0.5075031518936157,0.00019598284557565724
604,0.7056616544723511,0.00013048664298972792,0.5074249804019928,0.00033510959251011844
605,0.7056281864643097,0.00013120313941441313,0.5074259340763092,0.0003621678692541124
606,0.7055925130844116,0.00013554426481103522,0.5075840950012207,0.00044456495809291023
607,0.7055634558200836,0.00012909579698886843,0.5075062811374664,0.0003603134079196331
608,0.7055329084396362,0.0001207928678322223,0.5075461268424988,0.00027648332623146486
609,0.7054935693740845,0.00012205727328754911,0.5076442956924438,0.0004964055817613099
610,0.7054660022258759,0.00012193083274201644,0.5075669288635254,0.0005227052152321078
611,0.7054319679737091,0.00012117218946882034,0.5075869262218475,0.00046652346616708604
612,0.7053957879543304,0.00011586168655644769,0.5075874924659729,0.0002737016342297458
613,0.7053655982017517,0.00010789593218788873,0.5077039003372192,8.1933473505178e-05
614,0.705333024263382,0.00010557785551978956,0.5078582167625427,0.0
615,0.7052993774414062,0.00010393412842786468,0.5078581273555756,0.00013583929275061147
616,0.7052692472934723,0.00011594598025346948,0.5077813267707825,0.0
617,0.7052363455295563,0.00011594598025346948,0.5078196823596954,8.113268338347101e-05
618,0.7051955759525299,0.00012150936425690749,0.5079340934753418,5.394796609394436e-05
619,0.7051630616188049,0.00011615671449602395,0.5079528093338013,0.00016142242979672413
620,0.70514315366745,9.88765066065574e-05,0.507952481508255,0.0003489337588216917
621,0.705114334821701,8.47573123554079e-05,0.5078763961791992,0.0006426551460941122
622,0.7050946950912476,7.34198101059774e-05,0.5077062547206879,0.0006945379166110227
623,0.7050677835941315,5.592886797395638e-05,0.5076311230659485,0.0008793518473312931
624,0.7050322592258453,5.820479779354466e-05,0.5078571438789368,0.0008506919903438851
625,0.7050060629844666,5.7404007671837674e-05,0.5078382790088654,0.000901647530193556
626,0.7049696445465088,5.0239043424985685e-05,0.5079130530357361,0.001031754851546686
627,0.7049505114555359,5.0154749727963896e-05,0.5077821910381317,0.0011348881898528436
628,0.704926609992981,5.2009211062443235e-05,0.507670521736145,0.0012638153994476685
629,0.7049042284488678,6.174513306845976e-05,0.5076151788234711,0.001260822973203395
630,0.7048768103122711,6.157654567441618e-05,0.5075785517692566,0.0012840458867328975
631,0.7048649787902832,7.139676137745448e-05,0.5073572993278503,0.0012025338817128286
632,0.7048380672931671,7.084885234681286e-05,0.5073214769363403,0.0012779767405473289
633,0.7048121392726898,7.76766418055777e-05,0.507285863161087,0.0012489375619233229
634,0.7047854065895081,8.277641047539588e-05,0.5073237717151642,0.001271949741210271
635,0.7047554850578308,8.252352938433052e-05,0.5075080394744873,0.0012430791499803086
636,0.7047333717346191,8.581098356818025e-05,0.5073991417884827,0.001317679071844591
637,0.7046955823898315,8.631674575031098e-05,0.5075459182262421,0.0014434874146496096
638,0.7046653628349304,7.864601932132826e-05,0.5075101554393768,0.001362986933993802
639,0.7046355605125427,8.437799071880986e-05,0.5075109004974365,0.0012828657749745925
640,0.7046076953411102,9.1079339632042e-05,0.5075477659702301,0.0012030817907434702
641,0.7045904099941254,9.588408036228392e-05,0.507620632648468,0.0011237192749974567
642,0.70456263422966,0.00011291140716068511,0.5076931416988373,0.0009936962473413487
643,0.7045502066612244,0.0001228159165607452,0.5076574683189392,0.0007626050769561166
644,0.7045129835605621,0.00012378529407649577,0.50774747133255,0.000659429591801448
645,0.7044809758663177,0.00012757851044247623,0.5077297389507294,0.0005060572100703047
646,0.7044424712657928,0.00013609217384167682,0.5077299177646637,0.000479673282902485
647,0.704432874917984,0.0001454487742110953,0.5075519979000092,0.00040305031230967965
648,0.7044084072113037,0.00014995848700176097,0.5076236724853516,0.00037696141308143623
649,0.7043780088424683,0.0001462495643328023,0.5077837109565735,0.00047642797556714613
650,0.7043493688106537,0.00014578594899918246,0.5077483952045441,0.0005503956947037652
651,0.7043240964412689,0.0001448587183319428,0.5076955556869507,0.0006489771733707463
652,0.7042906880378723,0.000166648639012075,0.5076958239078522,0.00022417908722944534
653,0.7042748332023621,0.00016125384240268055,0.5076433718204498,0.00017394004380445966
654,0.7042452394962311,0.00015269803215496908,0.5077664852142334,0.00012399602831905025
655,0.7042243182659149,0.0001426670822093763,0.5078015625476837,0.00019787945375864747
656,0.7042081654071808,0.00013019161505015167,0.5075572431087494,0.0003208639577134363
657,0.704185962677002,0.00013242539802122905,0.507592648267746,0.0003448033676676241
658,0.7041597664356232,0.00014232990742128914,0.5075583755970001,7.371483804555367e-05
659,0.7041439414024353,0.00014136052990553857,0.5074722766876221,2.4529465833340328e-05
660,0.7041139602661133,0.00015484752142902466,0.5075594782829285,0.0002201751366209104
661,0.7040859162807465,0.00015665983591499311,0.5075945854187012,0.00029292059715071354
662,0.7040659189224243,0.00014102335511745142,0.507526159286499,2.436087843929675e-05
663,0.7040531039237976,0.00012837930056418321,0.5073034167289734,0.00021874214377154002
664,0.7040261030197144,0.00013655578917529665,0.5072359442710876,9.702204527207806e-05
665,0.7040040194988251,0.00013154031420250029,0.5072543025016785,0.00014515374627151905
666,0.7039879858493805,0.00010911819079470464,0.5071360468864441,0.0003380177250573701
667,0.7039602696895599,0.00010498779964063703,0.507188618183136,0.0003854750764806368
668,0.7039447128772736,0.00010920248449172643,0.5070369839668274,0.00033650043851097796
669,0.7039299011230469,0.00011244779182706528,0.5068690478801727,0.00035980764573750233
670,0.703909158706665,0.0001228159165607452,0.5069049298763275,0.00019147313278499158
671,0.703879177570343,0.00011236349813004349,0.5069575905799866,0.0003821033285997653
672,0.7038582265377045,0.00012041354619562425,0.5069594383239746,0.00016681722640611858
673,0.703839123249054,0.00012011851825604798,0.5069444477558136,7.13546145289436e-05
674,0.7038117945194244,0.00011383863782792478,0.5069295465946198,2.372867571163334e-05
675,0.7037874162197113,0.00010810666643044319,0.5069648921489716,9.470396860397889e-05
676,0.7037677466869354,0.000116536036132622,0.5069667100906372,2.360223516610066e-05
677,0.7037447690963745,0.00011952846237689548,0.5069518387317657,2.3560088317589764e-05
678,0.7037160396575928,0.00011463942794963177,0.5071699619293213,2.351794146907887e-05
679,0.7036948800086975,0.00011767400104241614,0.507221132516861,0.0002112821515851118
680,0.7036791145801544,0.00011813761637603597,0.5070898532867432,0.00023425218402354904
681,0.7036577761173248,0.0001256397554109751,0.5070417821407318,0.0002337885686899292
682,0.7036342918872833,0.0001333947755369796,0.5070599019527435,0.00046652346616708604
683,0.7036150395870209,0.00014317284439150702,0.5070285797119141,0.0005354335634823978
684,0.7035948038101196,0.00014009612445021175,0.506898820400238,0.0004646268579840958
685,0.7035684585571289,0.00013318404129442513,0.5070154666900635,0.0005099768669818178
686,0.7035472393035889,0.00013605002699316592,0.5069189965724945,0.0006245741480829386
687,0.7035220265388489,0.00012930653123142288,0.5069698393344879,0.0005309238506917321
688,0.7034993767738342,0.00012669342662374747,0.5069878697395325,0.0004837615272080417
689,0.7034754455089569,0.00012167795165095107,0.5069733560085297,0.0004367677911183949
690,0.7034509181976318,0.00012753636359396535,0.5070886313915253,0.00048178062532802966
691,0.7034274339675903,0.00012618766444161673,0.5071710646152496,0.0003891418523010846
692,0.7034035325050354,0.00012053998674115693,0.507285475730896,0.00011421795946452283
693,0.7033843100070953,0.00011813761637603597,0.5072543323040009,0.00018236941350663848
694,0.7033602595329285,0.00012264732916670163,0.5072554647922516,0.00029574443600094343
695,0.7033337950706482,0.000130065174504619,0.5074492692947388,0.00036330583416390653
696,0.7033122777938843,0.00013545997111401341,0.507514089345932,0.0005211457818372047
697,0.703297346830368,0.00012597693019906226,0.5074187815189362,0.0004974592529740822
698,0.7032836675643921,0.00010477706539808257,0.5072599947452545,0.00011282711346366332
699,0.7032707929611206,0.00011152056115982561,0.5071496963500977,0.00015762921343074368
700,0.7222731113433838,0.009494673445140165,0.503929927945137,0.005614192029317895
701,0.7221949100494385,0.009478657642706024,0.5040591955184937,0.0056280372690537235
702,0.7221309840679169,0.00945155721911352,0.5039496719837189,0.005529540084083765
703,0.7220601439476013,0.009412318503149877,0.5039198696613312,0.005207538161460534
704,0.7219941020011902,0.009381045541554793,0.503791481256485,0.005194388344725135
705,0.7219225466251373,0.009358075509116357,0.5036637187004089,0.005292716942301051
706,0.7218623161315918,0.009314032052422472,0.5035366117954254,0.0050015243659392835
707,0.7217984199523926,0.009283096265615475,0.5034101605415344,0.004933541499291212
708,0.7217244505882263,0.009253424884263806,0.5035775899887085,0.004727696291164005
709,0.721646249294281,0.009235133152010078,0.5036466419696808,0.004881321553986214
710,0.7215727269649506,0.009203733749869462,0.5036181211471558,0.004841661369537463
711,0.7215061783790588,0.00918480981488807,0.5035897195339203,0.004966879656463329
712,0.7214364111423492,0.009169173334090529,0.5035034120082855,0.005173567801560753
713,0.7213651239871979,0.00915315753165639,0.5034561455249786,0.0052699997909536785
714,0.7212971150875092,0.009125930667518352,0.5034476071596146,0.00498460240626216
715,0.7212241291999817,0.009114003109389769,0.5035159736871719,0.005081034395655086
716,0.7211504578590393,0.00909798730695563,0.5036415159702301,0.005149881272697631
717,0.7210847735404968,0.009082224385612556,0.5035370290279388,0.005218412048376344
718,0.7210220992565155,0.0090603501712354,0.503471165895462,0.005232657683173027
719,0.7209610939025879,0.009033249747642896,0.5032914876937866,0.005192997498724276
720,0.7208930850028992,0.009006865820475076,0.5033973455429077,0.005180353444171008
721,0.720829963684082,0.008980481893307257,0.503275528550148,0.0049000558281493065
722,0.7207578718662262,0.008961220783537779,0.5034564882516861,0.005048497028604675
723,0.7206942737102509,0.00893685990509848,0.5034104734659195,0.004929727209500976
724,0.7206345200538635,0.008922740710847333,0.503345862030983,0.005050772958424264
725,0.720568984746933,0.008899602091014851,0.5033190846443176,0.0049060617540621085
726,0.7204927802085876,0.008876969233364502,0.5035543143749237,0.004920771004192411
727,0.7204286754131317,0.008852313326985628,0.5035271644592285,0.0049881638149613305
728,0.720371663570404,0.008840385768857045,0.5034256726503372,0.005265890473223867
729,0.7203100621700287,0.008828121035940375,0.5034546852111816,0.00541098099922262
730,0.7202446162700653,0.008808480604534298,0.5035391449928284,0.005371953017501531
731,0.7201842963695526,0.00878597418742948,0.5035307556390762,0.005254679411519969
732,0.720116376876831,0.008765027203719567,0.5036146193742752,0.005268334990437499
733,0.7200505137443542,0.008743363723584967,0.5036061257123947,0.00530799517488625
734,0.7199881076812744,0.008723386117390803,0.5036160200834274,0.005269557249044314
735,0.7199162542819977,0.008686254743852706,0.5037357211112976,0.004920560269949857
736,0.7198526263237,0.008668595214326641,0.503781795501709,0.004831546125894848
737,0.7197873294353485,0.00864781681801077,0.5038458704948425,0.004768663027916595
738,0.7197286188602448,0.008612497758958641,0.5037460029125214,0.004526107914736399
739,0.7196780741214752,0.008592941621249586,0.5036284625530243,0.004464320634819429
740,0.7196124792098999,0.008563565267837492,0.5037286281585693,0.004300411540960562
741,0.7195464074611664,0.008545062801341211,0.5038825571537018,0.004367045708456285
742,0.7195022702217102,0.008545189241886743,0.5036393702030182,0.004586293614409956
743,0.7194328606128693,0.008503927477194579,0.5037208795547485,0.004346941661716589
744,0.7193806171417236,0.00849697324719028,0.5037302672863007,0.0045652201901545085
745,0.7193177342414856,0.008471095082204592,0.5037932991981506,0.004453573188449151
746,0.7192586064338684,0.008448167196614665,0.5037310719490051,0.004216202137635796
747,0.7192011177539825,0.008431519191452862,0.5037938356399536,0.004307323624116348
748,0.7191508114337921,0.008420392423445985,0.503678560256958,0.004398023642111793
749,0.7190772593021393,0.008398138887432233,0.50400710105896,0.004563576463062584
750,0.7190114855766296,0.00836876253402014,0.5040864646434784,0.004478229094828023
751,0.7189622521400452,0.0083678353033529,0.5039889812469482,0.004642812538263065
752,0.7188989520072937,0.008344233068186801,0.5040152072906494,0.004433089820072856
753,0.7188478708267212,0.008330493195572249,0.5039710402488708,0.00447287644506714
754,0.7187956273555756,0.008318818518534731,0.5038569569587708,0.004512410188970359
755,0.7187421917915344,0.00829374114367075,0.5038308203220367,0.004428074345100059
756,0.7186814844608307,0.008272625572566791,0.5038920938968658,0.0043688158760937425
757,0.7186260521411896,0.008261414510862894,0.5038485825061798,0.004457577139057685
758,0.7185614109039307,0.00823481984945252,0.5040311515331268,0.004275671340884667
759,0.7185092270374298,0.008225673983325656,0.5039181709289551,0.004315247231636396
760,0.7184600830078125,0.008211976257559615,0.5038575828075409,0.004427990051403038
761,0.7184025049209595,0.00818769967281734,0.5039008557796478,0.004393766810412192
762,0.718348503112793,0.008177415841780682,0.5038750469684601,0.004457155670572577
763,0.718296468257904,0.008161737214134629,0.5037462115287781,0.004471696333308835
764,0.7182431519031525,0.008150821180370308,0.5036865472793579,0.004534579431287089
765,0.7181911766529083,0.008131349336358274,0.5036613643169403,0.004548867212932282
766,0.7181299924850464,0.008108210716525795,0.5037387311458588,0.004321611405761541
767,0.7180778980255127,0.008089497515786958,0.5037305653095245,0.00426403881069566
768,0.7180222570896149,0.008085072096693314,0.5037564337253571,0.004543219535231822
769,0.7179672718048096,0.008071121489836207,0.5037482976913452,0.004677288660344976
770,0.717909574508667,0.008058814610071026,0.5037401616573334,0.004715010089762226
771,0.7178530991077423,0.008045116884304985,0.5037320852279663,0.004800357457996786
772,0.7177930772304535,0.008031039836902346,0.5038925409317017,0.004694653161931465
773,0.717732310295105,0.0080293118161134,0.5039009749889374,0.004946143406995969
774,0.7176758646965027,0.00801093579016265,0.5040100812911987,0.004959251076882857
775,0.7176242470741272,0.007990452421786356,0.504051685333252,0.004877570484468744
776,0.7175905704498291,0.007947209755214178,0.503859281539917,0.00460724059811987
777,0.7175284028053284,0.007938864679209021,0.503884345293045,0.004597420382416832
778,0.7174763977527618,0.007931826155507702,0.5038594603538513,0.004752310050694367
779,0.717428058385849,0.007911511374525452,0.5037848651409149,0.004601382186176856
780,0.6959972083568573,0.011041167757550398,0.5546875,0.03314563036811941
781,0.6926870346069336,0.005495106108850364,0.56640625,0.016572815184059706
782,0.6914056539535522,0.0059916802780057175,0.5520833432674408,0.05155988351046859
783,0.6927340626716614,0.003818757356178065,0.525390625,0.013810679320049757
784,0.6921213865280151,0.00209925023063061,0.53125,0.0044194342411553265
785,0.691800594329834,0.0006009297660683271,0.5364583432674408,0.01841425314234918
786,0.6925029456615448,0.0020279799097986883,0.5256696343421936,0.004735114136501923
787,0.6937543749809265,0.0014125937746911244,0.5166015625,0.0013810679320049757
788,0.6936490535736084,0.0010606675896251592,0.5173611044883728,0.0
789,0.6933596432209015,0.0017410441651365216,0.51171875,0.016572815184059706
790,0.6933780312538147,0.0016750843472169725,0.5092329680919647,0.013057388696614547
791,0.6934466361999512,0.0013739872614551454,0.5110677182674408,0.004603573822299423
792,0.6938095092773438,0.0009864891362459857,0.5060096085071564,0.008498869855373271
793,0.6941089034080505,0.0009837074442442667,0.4994419664144516,0.01183772212098204
794,0.6940868198871613,0.0010020413233465056,0.4963541775941849,0.009575405733462782
795,0.6939354538917542,0.0009630554884739286,0.49755859375,0.007595873626027366
796,0.6937589347362518,0.0010199115871151246,0.4990808814764023,0.007798958215577109
797,0.6937055587768555,0.0008613972898656522,0.5026041567325592,0.0036828337697304312
798,0.6937592923641205,0.0007227763051133217,0.5016447305679321,0.0011630001378096098
799,0.6937950253486633,0.0009345642188805643,0.4996093809604645,0.0038670154977230383
800,0.7010107040405273,0.00544967180615562,0.5065033435821533,0.0006206544911714255
801,0.7009922862052917,0.005443434072576008,0.5065265893936157,0.00033768055026928297
802,0.7009675800800323,0.005417682348135852,0.5065695345401764,0.0006455632786413639
803,0.7009497582912445,0.005395765986910187,0.5064737200737,0.0007559458748913954
804,0.7009331285953522,0.005384386337812245,0.50639808177948,0.0007261059061456824
805,0.7009148299694061,0.005371320814773868,0.5064607560634613,0.0007242935916597139
806,0.7008951008319855,0.005358761053917621,0.5064641833305359,0.0006946643571565554
807,0.7008735239505768,0.005341649433422199,0.5064283311367035,0.0007760499216310918
808,0.7008471786975861,0.005336086049418761,0.5065686404705048,0.0006635178361070048
809,0.7008211314678192,0.0053273195049284945,0.5066302716732025,0.00044123535706054964
810,0.7007992267608643,0.0053154762404969335,0.5066721141338348,0.00035761600961493585
811,0.7007767260074615,0.005313748219707987,0.5066943466663361,0.00013718799190296006
812,0.7007656097412109,0.005294908578423617,0.506522923707962,0.00030113923261033786
813,0.7007504105567932,0.005286647796115482,0.5065068006515503,0.0003003384424886309
814,0.7007203698158264,0.005265658665557057,0.5067218840122223,0.0005175211528652678
815,0.7007066309452057,0.005252213820882081,0.5066669285297394,0.0006792807574500791
816,0.7006945312023163,0.005232067627293874,0.5064780712127686,0.0010299846839092284
817,0.7006762623786926,0.005218622782618899,0.506557822227478,0.0011085464095335349
818,0.70066237449646,0.005210699175098851,0.5064845979213715,0.0010789171750303762
819,0.7006478309631348,0.005198645176424735,0.5063736736774445,0.0011569731384725522
820,0.700626790523529,0.005180690618959094,0.5065100193023682,0.0013152345546309592
821,0.700603574514389,0.005159322166764071,0.5064563751220703,0.0014191686830588239
822,0.7005865573883057,0.005155318216155536,0.5065352320671082,0.001175307017574791
823,0.7005660235881805,0.005144992238270367,0.5064817667007446,0.001225798942090842
824,0.7005436420440674,0.005117723227283819,0.5065037608146667,0.0013823323374603025
825,0.7005314826965332,0.005115784472252318,0.5064506530761719,0.0012729191187260216
826,0.7005123198032379,0.005107987305277802,0.5064164996147156,0.001031754851546686
827,0.7004970908164978,0.005095553984967089,0.5064571499824524,0.0010556942615008737
828,0.7004844546318054,0.005095385397573045,0.5063859224319458,0.001026865817119422
829,0.7004671096801758,0.005083584279989994,0.5065193176269531,0.0010244212999057903
830,0.7004517614841461,0.005070223729012041,0.5064853429794312,0.0009957614429183825
831,0.7004433274269104,0.005063775261189874,0.5064145028591156,0.0010718365044805462
832,0.7004328370094299,0.005057958996095371,0.5063256025314331,0.0010171720419619166
833,0.7004165053367615,0.005042701836934427,0.5063475072383881,0.0010667788826592389
834,0.7003944516181946,0.005032755180685857,0.5064610838890076,0.0011941045120106497
835,0.7003799378871918,0.005009447973459332,0.5064093172550201,0.0015020715340797524
836,0.7003630995750427,0.004995834541390313,0.5064308643341064,0.0016535894544764164
837,0.7003543376922607,0.004984623479686415,0.5062336027622223,0.001752845282719572
838,0.7003412246704102,0.004966584628523753,0.5060918033123016,0.001877347073220753
839,0.7003248035907745,0.0049608105102777605,0.5060413479804993,0.001924256515613378
840,0.7003069519996643,0.004952423287424092,0.5060816705226898,0.001843039538532885
841,0.7002924084663391,0.004937924771536345,0.5060495436191559,0.0019153635305775793
842,0.7002811431884766,0.004931349863168645,0.505963534116745,0.0017580714919349226
843,0.7002579867839813,0.004916893494129409,0.5060756504535675,0.001779482090978457
844,0.7002374529838562,0.004893333405811819,0.5060975551605225,0.0020290335810114603
845,0.7002187073230743,0.004879635680045779,0.5061193704605103,0.0021255498641014076
846,0.7002083361148834,0.004872807890587014,0.5060339868068695,0.002171194901038706
847,0.7001990377902985,0.004864294227187813,0.5059668123722076,0.0022418330191429645
848,0.7001788914203644,0.004855106214212438,0.505988746881485,0.0023372534841716286
849,0.700163871049881,0.004846086788631107,0.5059219598770142,0.0023570203561232377
850,0.7001431882381439,0.004834707139533165,0.5059970319271088,0.002276646316012963
851,0.7001190781593323,0.00481654184782497,0.5059658288955688,0.002296413187964572
852,0.7001055181026459,0.004826277769830987,0.5060404539108276,0.001967499182185555
853,0.7000936567783356,0.00482172591019181,0.5061322748661041,0.0017643092255145351
854,0.7000714838504791,0.004812706484610478,0.5061711072921753,0.001685958234132783
855,0.7000555992126465,0.004801116101269983,0.5062097609043121,0.0017069052178426973
856,0.7000424265861511,0.004802127625634244,0.5061610043048859,0.0014069039501421537
857,0.7000358700752258,0.004797997234480177,0.5060775876045227,0.0012067485665639179
858,0.7000241577625275,0.004782697928470722,0.506011962890625,0.0012286649277895828
859,0.7000089287757874,0.004769590258583834,0.5060506463050842,0.0012994716332878848
860,0.6999936401844025,0.0047695481117353234,0.5060026347637177,0.001247673156467996
861,0.699974924325943,0.0047524364912399,0.5060929358005524,0.0012936975150418923
862,0.6999585628509521,0.0047303093957716804,0.5060278475284576,0.0016075229490540093
863,0.6999456882476807,0.004718086809703522,0.5060317516326904,0.0017254919780360016
864,0.6999310553073883,0.004717960369157989,0.5059842467308044,0.001576207840610415
865,0.6999194324016571,0.004705906370483873,0.5058513581752777,0.0016937554011072985
866,0.6999056935310364,0.004697519147630206,0.5058214962482452,0.0015210376159096547
867,0.6998940110206604,0.00468925836532207,0.5057406723499298,0.0013731864713334384
868,0.6998753249645233,0.004686855994956949,0.5057621598243713,0.0012740149367873048
869,0.6998600661754608,0.0046813769046505325,0.5057327151298523,0.0013432200620421928
870,0.699836790561676,0.004667594885187471,0.5059233605861664,0.0015796217353397973
871,0.6998165249824524,0.004667173416702361,0.5059612095355988,0.0014568058187790522
872,0.6998150050640106,0.0046528013413601466,0.5058641135692596,0.00142983183573208
873,0.6998031139373779,0.004656552410877616,0.5058010518550873,0.0013554005012618412
874,0.6997828781604767,0.004629367693588089,0.5058892667293549,0.0015898212726794339
875,0.6997788548469543,0.004604711787209216,0.5057929158210754,0.0018468749017473765
876,0.6997714638710022,0.004577822097859266,0.505763828754425,0.002008297331544101
877,0.6997691690921783,0.004552829016692306,0.5056848526000977,0.0020983229999633705
878,0.6997630298137665,0.0045368132142581665,0.5056560933589935,0.002211487288215121
879,0.6997504532337189,0.004530744068072598,0.5056773126125336,0.0022537184304230367
880,0.6997344493865967,0.0045200809153993415,0.5056818127632141,0.0022255221887692482
881,0.6997266709804535,0.004502337092176255,0.5055871307849884,0.0024779396645009926
882,0.6997207403182983,0.004501789183145613,0.5055093765258789,0.0025660687247372723
883,0.6997008323669434,0.004483160276103798,0.5055142045021057,0.0026304691092619184
884,0.6996852159500122,0.004474225144219489,0.5055847764015198,0.002648170785636494
885,0.699678897857666,0.0044650371312441135,0.5055402517318726,0.002781692001719006
886,0.6996742486953735,0.004477175423615251,0.5054632425308228,0.0026833212572945795
887,0.6996670365333557,0.0044635198446977215,0.5053212344646454,0.0026777157264426307
888,0.6996505260467529,0.004453151719964041,0.5053426921367645,0.0026721523424391926
889,0.6996334195137024,0.004438821791470338,0.5054453909397125,0.002827505626050348
890,0.6996125280857086,0.0044224266673996,0.5056287348270416,0.0029592566744954026
891,0.6995987594127655,0.004417959101457445,0.5056979954242706,0.0028844881652370768
892,0.6995938420295715,0.004413196507575714,0.5054600536823273,0.0028328161289627204
893,0.6995834410190582,0.004404472109933959,0.5053520798683167,0.0027357519368421315
894,0.699567437171936,0.0043938932509577245,0.5054536759853363,0.0027529057041860653
895,0.6995530426502228,0.004387781957923645,0.5054585337638855,0.0027245408751382337
896,0.699542224407196,0.004385463881255546,0.5054152607917786,0.0025830117578386517
897,0.699529230594635,0.004380406259434239,0.5054201781749725,0.002555068397275929
898,0.6995138823986053,0.004379268294524444,0.5056005716323853,0.0024145086574920973
899,0.6995011568069458,0.0043768659241593235,0.5056369602680206,0.0021618383006692878
900,0.6984942257404327,0.00571178305704487,0.503969818353653,0.007532611206412514
901,0.6984854638576508,0.0057034379810397134,0.5038602203130722,0.007428993179348481
902,0.6984685063362122,0.005697073806914568,0.5039099752902985,0.007269783459098579
903,0.6984613537788391,0.0056804679486012755,0.5038406699895859,0.007279371867134807
904,0.6984348595142365,0.005673766599688043,0.5039296895265579,0.00706547661094202
905,0.6984140276908875,0.005686621388483866,0.503919780254364,0.006601966644443463
906,0.6984008550643921,0.00568350252169406,0.5038706511259079,0.0064186489268453295
907,0.6983883678913116,0.005664241411924582,0.5038805156946182,0.006430239310185825
908,0.6983793079853058,0.005642999400275091,0.5038903802633286,0.006497126358772614
909,0.6983701884746552,0.005641650701122742,0.5038611441850662,0.006342995333768275
910,0.6983844935894012,0.005584668161936013,0.5037931948900223,0.006574803000578192
911,0.6983726024627686,0.005582940141147067,0.503667339682579,0.006284031892701534
912,0.6983544528484344,0.005573119925444028,0.5037163197994232,0.006295854083708839
913,0.6983595788478851,0.005522122238745847,0.5037843585014343,0.006662573812602129
914,0.6983411908149719,0.00552317590995862,0.5038135498762131,0.006482712136581888
915,0.6983526349067688,0.005478921719022181,0.5036696940660477,0.006602619920595382
916,0.6983599960803986,0.005446089324032194,0.5034690201282501,0.006640615304527953
917,0.6983452439308167,0.005436690576814265,0.5034031718969345,0.006489202751252566
918,0.6983340978622437,0.0054275025638388895,0.5034139454364777,0.006338506694401864
919,0.6983259916305542,0.005414099866012425,0.5033485442399979,0.00624234865952426
920,0.6983087658882141,0.0053873787640565185,0.5034922659397125,0.006388239975644719
921,0.6982927024364471,0.0053799187718700904,0.5036352574825287,0.00637272993539271
922,0.698283314704895,0.005374903296897294,0.5035509169101715,0.0061970618707993036
923,0.6982731819152832,0.005366473927195115,0.503523513674736,0.006155484004743307
924,0.6982584297657013,0.0053521018518529005,0.5035714358091354,0.006114095799505609
925,0.6982484757900238,0.005347802873304789,0.5036003589630127,0.0060463868873728574
926,0.6982414424419403,0.005333810119599172,0.5035356134176254,0.0061641662555365516
927,0.698234885931015,0.005320576009166752,0.5033032298088074,0.006466169498541363
928,0.69823157787323,0.005319859512742066,0.5031464099884033,0.006240093803128927
929,0.6982163786888123,0.005298954675880663,0.503138929605484,0.006487959419221495
930,0.6982034742832184,0.005284076838356317,0.5031685382127762,0.006629762491036397
931,0.6981886923313141,0.0052686510918013305,0.5031055957078934,0.00658795281731359
932,0.6981728971004486,0.005254995512883801,0.5031904578208923,0.0064419772074961095
933,0.6981610059738159,0.005247788401788437,0.503201350569725,0.006348769452014267
934,0.6981686651706696,0.005259294491431912,0.5030286461114883,0.006100229486345525
935,0.6981521546840668,0.005252045233488038,0.5031497180461884,0.0060082439894704985
936,0.6981391310691833,0.005230592487595993,0.5031606256961823,0.006226733252150974
937,0.6981216669082642,0.005204292854125195,0.5031532496213913,0.006418396045754264
938,0.6981136500835419,0.005194388344725135,0.5031640976667404,0.006377766483789762
939,0.6981058120727539,0.005191395918480861,0.5031386166810989,0.006183343071609008
940,0.6980879008769989,0.005162693914644943,0.503167524933815,0.0064761793750627
941,0.6980712413787842,0.005138038008266069,0.5032324343919754,0.006665503018573635
942,0.6980527639389038,0.005115531591161252,0.5033150911331177,0.006777550415339848
943,0.6980503797531128,0.005109462444975683,0.5032894760370255,0.006787391704467141
944,0.6980454623699188,0.00511591091279785,0.5032819211483002,0.006619626173969527
945,0.6980406939983368,0.005100232285151798,0.5032922923564911,0.0067309781477353095
946,0.6980299651622772,0.005083879307929571,0.503266915678978,0.006740819436862604
947,0.6980182230472565,0.005079243154593373,0.5033129006624222,0.006750639652565641
948,0.6980059444904327,0.005064238876523494,0.5032342821359634,0.0065844967757356975
949,0.6979935765266418,0.005042448955843362,0.5033156126737595,0.006745118415410714
950,0.6979952156543732,0.005048728836271485,0.5030781328678131,0.006654776645627613
951,0.6979889869689941,0.0050462421722093425,0.5031417608261108,0.006489940321101507
952,0.6979705989360809,0.005019394629707903,0.5030818581581116,0.0066994944518976715
953,0.6979464590549469,0.004999332729816717,0.5031803548336029,0.00653533247694774
954,0.697934627532959,0.004981504612896609,0.503120630979538,0.006545447720590354
955,0.697974443435669,0.0050439662423897545,0.5032535791397095,0.006481342364005284
956,0.6980043053627014,0.00508948483878152,0.5032986551523209,0.006491520827920665
957,0.6979986429214478,0.005082741343019777,0.5033609718084335,0.006477064458881429
958,0.6979930698871613,0.005085565181870006,0.503318727016449,0.00631519948717534
959,0.6979855000972748,0.005079158860896351,0.5033113658428192,0.006350223518287893
960,0.6979778409004211,0.0050625108557345476,0.5032348483800888,0.006482965017672954
961,0.6979643106460571,0.005055935947366848,0.503365769982338,0.006370980841179508
962,0.697953462600708,0.005043629067601667,0.5033411383628845,0.006381285745640421
963,0.6979443728923798,0.005034483201474803,0.503282219171524,0.006440164893010141
964,0.6979359090328217,0.005029425579653496,0.5033436417579651,0.006280554777699385
965,0.6979329586029053,0.00502255564334622,0.5031823068857193,0.006339370704796338
966,0.697921633720398,0.005011934637521475,0.5032095015048981,0.006325525465060509
967,0.6979022324085236,0.004994780870177541,0.5033558309078217,0.00638402529079363
968,0.6978953182697296,0.004987784493324732,0.5032635480165482,0.0063941616078604996
969,0.697891503572464,0.004994612282783497,0.5032394975423813,0.006164419136627616
970,0.6978792548179626,0.004975941228893171,0.5031816810369492,0.00617495584875534
971,0.6978776454925537,0.004956806559669225,0.5030734986066818,0.0063049367295629375
972,0.6978781521320343,0.0049589560489432805,0.5029657483100891,0.0061006720282548894
973,0.6978714466094971,0.0049425609248725435,0.502908930182457,0.006063772462383601
974,0.697857677936554,0.004931855625350776,0.5030201375484467,0.005979584132483091
975,0.6978546679019928,0.004919338011343041,0.5029132068157196,0.006156179427743737
976,0.6978409588336945,0.004911330110125971,0.5029236972332001,0.006072138611813014
977,0.6978221237659454,0.0049050080828493365,0.5030674785375595,0.005846969073643563
978,0.697824627161026,0.004905682432425511,0.5028446763753891,0.005810975665015259
979,0.6978156864643097,0.004893544140054373,0.502772256731987,0.0057517171960089425
980,0.6978080868721008,0.004892490468841601,0.5026669800281525,0.005458396203797376
981,0.6977995038032532,0.004879846414288333,0.50266133248806,0.005446826893881135
982,0.6977984309196472,0.004865263604703563,0.5024577677249908,0.005481998438963476
983,0.697784423828125,0.004850259326633685,0.5025678128004074,0.005773043501355455
984,0.6977709531784058,0.004849163508572402,0.5025952607393265,0.005575079753899786
985,0.6977621912956238,0.004843768711963008,0.5026389956474304,0.005447480170033054
986,0.6977479457855225,0.004833231999835284,0.5027316063642502,0.005621146259322193
987,0.6977410614490509,0.004822315966070963,0.5026606172323227,0.005563236489468224
988,0.6977291405200958,0.004807648862789171,0.5026550740003586,0.0055055796007053215
989,0.6977151036262512,0.004796817122721872,0.5027796030044556,0.005586059007936873
990,0.6977083086967468,0.0047891463962928885,0.502660259604454,0.005597375436762048
991,0.6977004110813141,0.004778483243619632,0.5025738179683685,0.005562920388104392
992,0.6976974606513977,0.004770180314462987,0.5024877190589905,0.005574257890353823
993,0.6977012753486633,0.004783667305986472,0.5026115477085114,0.005471546020532774
994,0.6976976096630096,0.004775364376829827,0.5026061683893204,0.005414753142164344
995,0.6976895332336426,0.004780295558105601,0.50269715487957,0.005222015603924026
996,0.6976699829101562,0.0047497812397837135,0.5027557015419006,0.00543787068857257
997,0.6976766288280487,0.004731447360681475,0.5025742053985596,0.005585047483572612
998,0.6976676881313324,0.0047254625081929276,0.5025210529565811,0.005460777500738241
999,0.6976613998413086,0.00472887640292231,0.5024681389331818,0.005246987611666731
1000,0.6938546299934387,0.000700817797039146,0.502752959728241,0.0031033567495541495
1001,0.6938551366329193,0.0007078563207404653,0.5027061402797699,0.0032080073744066994
1002,0.6938652694225311,0.0007129139425617726,0.5027191340923309,0.003452459095769885
1003,0.6938650012016296,0.0007243357385082248,0.5026528537273407,0.003639675396855276
1004,0.6938681900501251,0.0007290983323899559,0.5024881660938263,0.0037980632535592157
1005,0.6938767433166504,0.0007361368560912752,0.5024030953645706,0.004011347380448595
1006,0.6938729286193848,0.0007263587872367478,0.5024756491184235,0.003890111970707008
1007,0.6938643157482147,0.0007457884844002699,0.5024694353342056,0.003991201186860387
1008,0.6938753426074982,0.0007240407105686485,0.5025023519992828,0.003981233457187561
1009,0.6938758790493011,0.0007156113408664698,0.5025156140327454,0.004054021064565875
1010,0.6938729882240295,0.0007095843415294119,0.5027038604021072,0.003933881472885572
1011,0.6938713490962982,0.000707940614437487,0.5027941465377808,0.0038966447322261967
1012,0.6938640177249908,0.0007076877333464217,0.5029807984828949,0.0038322864945500618
1013,0.6938616931438446,0.0006991740699472211,0.5030120313167572,0.0036043563378031465
1014,0.6938604116439819,0.000700396328554037,0.50304314494133,0.0037588666844440843
1015,0.6938552558422089,0.0007081934955285524,0.5031124949455261,0.00396702996923939
1016,0.6938411295413971,0.0007212590185669296,0.5033156871795654,0.004038595318010888
1017,0.6938493847846985,0.0007084042297711069,0.5032884776592255,0.0038394514587969135
1018,0.6938432455062866,0.0007148105507447628,0.5032613575458527,0.003911016807568411
1019,0.6938310861587524,0.0007208796969303315,0.5034246742725372,0.0039283813091549
1020,0.6938301026821136,0.0007236192420835396,0.5032645165920258,0.004079857082703053
1021,0.6938292682170868,0.0007122395929855983,0.5033323168754578,0.003962899578085322
1022,0.6938229203224182,0.00070477960079917,0.5033620595932007,0.003793047778586419
1023,0.6938199102878571,0.0006990897762501993,0.5034104585647583,0.0037572229573521595
1024,0.693831205368042,0.0006731694644159995,0.503383457660675,0.0036152723715674683
1025,0.6938210427761078,0.0006743074293257936,0.5034690797328949,0.003580079753060872
1026,0.6938170790672302,0.0006925570147310107,0.5034233629703522,0.003677354679424015
1027,0.693797767162323,0.0007122817398341092,0.503583163022995,0.003694972062101569
1028,0.6938430666923523,0.0006745181635683481,0.5034070312976837,0.003817787978662314
1029,0.6938307881355286,0.0006694605417470408,0.5035846829414368,0.003651097192801728
1030,0.6938242316246033,0.0006753611005385659,0.5036503076553345,0.0036948456215560362
1031,0.6938280463218689,0.0006807558971479604,0.503530740737915,0.0036338169849122618
1032,0.6938147842884064,0.0006856027847267132,0.50365149974823,0.003599172275436307
1033,0.6938125491142273,0.0006963502310969912,0.5036797225475311,0.0037988218968324117
1034,0.6938027441501617,0.0007194045572324503,0.503799557685852,0.004179281498340252
1035,0.693801760673523,0.0007053696566783225,0.5038639008998871,0.004065948622694458
1036,0.6938002705574036,0.0006921355462459018,0.5039096772670746,0.0038755291611222388
1037,0.6937922537326813,0.000694032154428892,0.5040463507175446,0.0039696009269985545
1038,0.6937960088253021,0.0006893117073956718,0.5038732886314392,0.0038318228792164418
1039,0.6938019692897797,0.0006996798321293518,0.5038098692893982,0.004105103044961079
1040,0.693790078163147,0.000707561292800889,0.5039639472961426,0.004172369415184465
1041,0.6937885284423828,0.0007150634318358281,0.5038644969463348,0.004239340757468276
1042,0.6937872171401978,0.000701576440312342,0.5039276480674744,0.004076696069064736
1043,0.6937845051288605,0.0006917562246093038,0.503882646560669,0.0038131096784776047
1044,0.6937854290008545,0.0006798286664807207,0.5038378834724426,0.0036521930108630116
1045,0.6937844157218933,0.000682526064785418,0.503775417804718,0.003618559825751318
1046,0.6937758922576904,0.0006790700232075246,0.5038560628890991,0.0034335351607884933
1047,0.6937775015830994,0.0006832004143615923,0.503882884979248,0.003576834445725533
1048,0.6937790215015411,0.0006722843805972707,0.5038740336894989,0.0035687001039629304
1049,0.693756639957428,0.0006758668627206966,0.5039361715316772,0.00330987630725753
1050,0.6937691271305084,0.0006591345638618717,0.5038211047649384,0.0032523458590401596
1051,0.6937615871429443,0.0006785642610253939,0.503759503364563,0.00341971099447692
1052,0.6937628388404846,0.0006728322896279123,0.503715842962265,0.003312362971319673
1053,0.6937912106513977,0.0006351530070591731,0.5036371946334839,0.0033049029791332447
1054,0.69377201795578,0.0006631385144704067,0.5036465525627136,0.0034214811621143776
1055,0.6937757432460785,0.0006620005495606126,0.5035859048366547,0.0034880310359130793
1056,0.6937642693519592,0.0006829475332705268,0.5036128163337708,0.003677734001060613
1057,0.6937743723392487,0.0006632649550159394,0.5035873353481293,0.0035463622742521565
1058,0.6938052475452423,0.0006111714502564743,0.5034925043582916,0.003415622750171363
1059,0.6938247680664062,0.0005700782729583527,0.5034674108028412,0.003187355418636361
1060,0.6938208639621735,0.0005609324068314886,0.5035289227962494,0.002984629077298961
1061,0.6938164234161377,0.000560805966285956,0.5035901665687561,0.003026818072658366
1062,0.6938089728355408,0.0005540624705242129,0.5037200450897217,0.002971437113715051
1063,0.6938085854053497,0.0005602580572553143,0.5037634074687958,0.0031350090327858307
1064,0.6938089728355408,0.0005630818961055443,0.5038237273693085,0.0032251189949021224
1065,0.6938067972660065,0.0005580664211327479,0.5038324594497681,0.003097119015974537
1066,0.6938041150569916,0.0005575606589506172,0.5038753151893616,0.0033559006658314262
1067,0.6938022673130035,0.0005545260858578327,0.5039520263671875,0.0032763274158428583
1068,0.6937951147556305,0.000538931751908802,0.5040114223957062,0.0030287989745383776
1069,0.6937938630580902,0.000541291975425412,0.5040366351604462,0.002974260952565281
1070,0.6937974095344543,0.0005480776180356659,0.5039771199226379,0.0031353883544224287
1071,0.6937975883483887,0.0005547368201003872,0.5039178729057312,0.0032480047336435375
1072,0.6937954723834991,0.0005552847291310288,0.5039094090461731,0.0032410083567907294
1073,0.6938005983829498,0.0005486255270663077,0.5038001239299774,0.0030913448977285445
1074,0.6937941908836365,0.0005485833802177968,0.5039261877536774,0.003227057749933623
1075,0.6937976777553558,0.0005530930930084624,0.5037670731544495,0.003385909221971183
1076,0.6937977373600006,0.0005521658623412227,0.5037255883216858,0.0034731531983887335
1077,0.6938061416149139,0.0005593308265880747,0.5035009384155273,0.0036307824118194773
1078,0.6938030421733856,0.0005478668837931115,0.5035600364208221,0.003387805830154173
1079,0.6938038766384125,0.0005450008980943707,0.5034694373607635,0.003404074513679378
1080,0.693806916475296,0.0005376673464534752,0.5034289956092834,0.0033500001070399014
1081,0.6938040852546692,0.0005370351437258118,0.5035374462604523,0.00345979264741078
1082,0.6938016414642334,0.0005366979689377246,0.5036784112453461,0.00361582028059811
1083,0.6938017904758453,0.0005381731086356059,0.5036048293113708,0.003701251942529692
1084,0.6938007771968842,0.0005347170670577126,0.5037286579608917,0.003786430723370209
1085,0.6937997043132782,0.0005326097246321679,0.5037863850593567,0.0037321034356396663
1086,0.6938014328479767,0.0005346327733606908,0.5035658478736877,0.003978746793125419
1087,0.6938048005104065,0.0005326518714806787,0.5033625066280365,0.003970443863968772
1088,0.6938033103942871,0.0005329890462687659,0.5034043788909912,0.004031261766369992
1089,0.6937969326972961,0.0005349278013002671,0.5035110712051392,0.004137808999405532
1090,0.6937925219535828,0.0005385524302722039,0.5036011040210724,0.004358616338754106
1091,0.6937955617904663,0.0005340848643300491,0.5035774409770966,0.004326669027582848
1092,0.6937915086746216,0.0005380466680900732,0.5036669671535492,0.004363421079484348
1093,0.6937899589538574,0.000544115814275642,0.5036593973636627,0.004582416104346954
1094,0.6937897205352783,0.0005445372827607509,0.5037001073360443,0.004641253104868162
1095,0.6937916576862335,0.0005403647447581723,0.5037406980991364,0.004518184307216351
1096,0.6937902867794037,0.000541291975425412,0.5037170052528381,0.004667510591490448
1097,0.6937946379184723,0.0005322725498440807,0.5036294460296631,0.0043187875669113114
1098,0.6937955915927887,0.0005296594452364053,0.5036060810089111,0.004242248890015528
1099,0.6937907636165619,0.000532946899420255,0.5036942660808563,0.004233608786070794
1100,0.6938381195068359,0.0018481393072027033,0.508318692445755,0.0005924582495176374
1101,0.6938320994377136,0.001850668118113357,0.5084367990493774,0.0009567334611972945
1102,0.6938214302062988,0.001853449810115076,0.5086733996868134,0.0010385404941569399
1103,0.6938158869743347,0.0018539555722972066,0.5087504088878632,0.0011198839117829652
1104,0.6938206255435944,0.0018436295944120377,0.5086492896080017,0.0010053709243788662
1105,0.6938201785087585,0.0018381926509541324,0.508706271648407,0.0010028421134682126
1106,0.6938177347183228,0.0018381083572571106,0.5086057782173157,0.001222595781604014
1107,0.6938110589981079,0.001837518301377958,0.5086625814437866,0.0012749421674545444
1108,0.6938053369522095,0.0018429130979873524,0.5086800158023834,0.0014376711495551063
1109,0.6938090920448303,0.001822851198096167,0.5086388289928436,0.0012410139544032747
1110,0.6938037276268005,0.0018264758270681038,0.5086173415184021,0.0014580280773858682
1111,0.6938143074512482,0.0018046859063879715,0.5084601044654846,0.0012622981129012762
1112,0.6938243508338928,0.00179140964910704,0.5083036422729492,0.001231783794579389
1113,0.6938265860080719,0.0017890915724389407,0.5082831382751465,0.001337993852826842
1114,0.6938274800777435,0.0017882486354687229,0.5082241892814636,0.0014436138551951424
1115,0.6938337683677673,0.0017807886432822946,0.5081079006195068,0.0013585615149001582
1116,0.6938247680664062,0.0017774168954014231,0.5081838369369507,0.001273930643090283
1117,0.6938207745552063,0.0017705891059426582,0.5081638097763062,0.0012708117763004768
1118,0.6938156485557556,0.0017701676374575494,0.508277416229248,0.0013486148586515873
1119,0.693824291229248,0.0017678074139409392,0.5079908668994904,0.0016144350322097958
1120,0.6938130855560303,0.0017762367836431181,0.5081802308559418,0.0019057540491170953
1121,0.6938101947307587,0.0017761103430975853,0.5081225335597992,0.0019546443933897324
1122,0.6938052773475647,0.0017748880844907695,0.5081595778465271,0.0019232449912491164
1123,0.6937996745109558,0.0017773326017044013,0.5082152783870697,0.002078471834314739
1124,0.6937999129295349,0.0017737922664294863,0.5081202983856201,0.002179835004983439
1125,0.6937995254993439,0.0017654893372728402,0.5082133412361145,0.0020684830312176572
1126,0.693807989358902,0.0017546997440540512,0.5080814063549042,0.0020106154082121996
1127,0.693813681602478,0.0017499371501723201,0.5079874396324158,0.002058620668666108
1128,0.6938119232654572,0.00173531219373904,0.5080615282058716,0.0017640984912719805
1129,0.693805068731308,0.0017271357051279266,0.5081537961959839,0.0016022545929901474
1130,0.6938031315803528,0.0017072002457822737,0.5082085728645325,0.0012840458867328975
1131,0.6938003897666931,0.0017085489449346224,0.5082446038722992,0.0014117086908723956
1132,0.6937984526157379,0.001713058657725288,0.5082435607910156,0.0015387814391327412
1133,0.693793922662735,0.0017135644199074186,0.5083345472812653,0.0016392173791342016
1134,0.6937838792800903,0.0017139437415440166,0.5084801614284515,0.0018170770798501745
1135,0.6937860548496246,0.0017089282665712204,0.5084786117076874,0.0019423375136245515
1136,0.6937765777111053,0.0016970428552911482,0.5085866749286652,0.0018085634164509738
1137,0.6937758922576904,0.0016922802614094171,0.5085666477680206,0.0017012575401422377
1138,0.693778395652771,0.001699529519353291,0.5084921717643738,0.0018258857711889512
1139,0.6937843561172485,0.0017096447629959056,0.5083816945552826,0.0019499239463565124
1140,0.6937888562679291,0.0017091811476622858,0.5082355737686157,0.0018686226755789978
1141,0.6937850713729858,0.0017131850982708206,0.5082707107067108,0.002043068481565588
1142,0.6937817931175232,0.0017104034062691016,0.5082336366176605,0.001961893651333606
1143,0.6937820911407471,0.0017023112113550099,0.5082147121429443,0.0019065548392388023
1144,0.693779468536377,0.001693966135349853,0.5081779062747955,0.0017753516998243893
1145,0.693784236907959,0.0017003724563235088,0.5080339014530182,0.0018978304415970474
1146,0.6937857866287231,0.0017028169735371407,0.5079620182514191,0.002019719127490553
1147,0.6937890648841858,0.001697506470624768,0.5079438388347626,0.002065490604973384
1148,0.693789154291153,0.0016786668293403983,0.5078902542591095,0.0017592516036932279
1149,0.6937772929668427,0.001677655304976137,0.5081737637519836,0.0017301281313722
1150,0.6937710046768188,0.0016779503329157131,0.5082437098026276,0.0018013141585071
1151,0.6937812566757202,0.0016648005161803143,0.5080132782459259,0.0016973800300792354
1152,0.6937860250473022,0.001645412965865303,0.5079599916934967,0.001494316513953748
1153,0.6937825977802277,0.0016409032530746374,0.5079596638679504,0.0014661202722999597
1154,0.6937898397445679,0.001619113332394505,0.5079067349433899,0.0011652760676291983
1155,0.6937912702560425,0.0016041090543246269,0.5079065263271332,0.0009894815624902592
1156,0.6937912404537201,0.0016021281524446148,0.5077492594718933,0.0009379359667614358
1157,0.6937904059886932,0.0016017066839595058,0.5076623260974884,0.0011328651411243206
1158,0.6937931180000305,0.0015932351674088161,0.5075236558914185,0.0010074782668044108
1159,0.693784773349762,0.0015886833077696397,0.5077149868011475,0.0009562276990151638
1160,0.693782776594162,0.0015847636508581264,0.5076978802680969,0.0011008756831045522
1161,0.6937807500362396,0.0015920129088020003,0.5077326595783234,0.0013669487377538261
1162,0.6937784254550934,0.0015781887424904271,0.5077500641345978,0.0010716679170865025
1163,0.6937706768512726,0.0015735525891542286,0.5079392492771149,0.0009234795977221992
1164,0.6937739253044128,0.0015672727087261056,0.5077503621578217,0.0007759656279340701
1165,0.6937684416770935,0.0015637323734511903,0.5078360140323639,0.0007742797539936342
1166,0.6937684118747711,0.0015656289816341805,0.5077676773071289,0.0007967440242499408
1167,0.693760097026825,0.001561034975146493,0.5079210996627808,0.000843189851308946
1168,0.6937572062015533,0.0015570310245379582,0.5079548358917236,0.0008653590936256762
1169,0.6937481462955475,0.0015476744241685397,0.5080902278423309,0.0008395230754884983
1170,0.6913719773292542,0.0031037782180392583,0.5234375,0.03314563036811941
1171,0.6906720399856567,0.006095277231645495,0.515625,0.07733980419227864
1172,0.6939643621444702,0.0024553911005476643,0.4895833283662796,0.04419415275073497
1173,0.694810301065445,0.0009355335963963148,0.47265625,0.04971844555217912
1174,0.6942520141601562,0.0005048349514634887,0.4781250059604645,0.03535534748869708
1175,0.6937595903873444,2.6510367713352347e-05,0.4856770932674408,0.02393852487036908
1176,0.6943298876285553,0.000872229029932952,0.4810267835855484,0.017361993849001944
1177,0.6942064762115479,0.0010777792101205822,0.4853515625,0.006905339660024878
1178,0.6946755647659302,0.0018762091083109587,0.4869791567325592,0.0012276112565768106
1179,0.6949962973594666,0.0020600536615154783,0.48046875,0.0033145546074422392
1180,0.6946620345115662,0.002133052003136347,0.48579545319080353,0.008035317742026203
1181,0.6943928003311157,0.0019577211133310277,0.486328125,0.006444969633740382
1182,0.6944302022457123,0.0016769809553999627,0.4837740361690521,0.0042494560011108904
1183,0.694350004196167,0.001695567715593267,0.483258917927742,0.004735093063077667
1184,0.6943384110927582,0.0016996559598988236,0.4807291775941849,0.006629130288308734
1185,0.6945991814136505,0.0013675387936329787,0.47412109375,0.004833737762017415
1186,0.6943881809711456,0.0013315453850046752,0.47840073704719543,0.0019497553589624688
1187,0.6943034827709198,0.0013890336863735346,0.48046875,0.005524271728019903
1188,0.6942755281925201,0.0012977436124989381,0.48231907188892365,0.0029075214179482803
1189,0.6940829753875732,0.0012773866846681763,0.48828125,0.0011048374868645762
1190,0.6940679252147675,0.0012233122780286993,0.4880952388048172,0.0010522592933472359
1191,0.6940969824790955,0.0010045279874086484,0.48970170319080353,0.0025110460140063
1192,0.6939699351787567,0.0010136738535355123,0.49082881212234497,0.002401864602938829
1193,0.6939242780208588,0.0008765280084810632,0.4915364682674408,0.0027621358640099515
1194,0.6938757598400116,0.0007451984285211173,0.4934374988079071,0.0022097171205776632
1195,0.6938201487064362,0.0005985273957032062,0.49489183723926544,0.0012748368003332672
1196,0.6938499212265015,0.0005592886797395638,0.49450230598449707,0.00040920375219227013
1197,0.6939883530139923,0.0006999327132204172,0.4924665242433548,0.001972957199067716
1198,0.6939337253570557,0.0007305734720878371,0.4929956942796707,0.004571816171946463
1199,0.6938300430774689,0.0007887782698813819,0.49531249701976776,0.003682854843154687
1200,0.6949291229248047,0.00014085476772340787,0.5090169310569763,0.004401058215204577
1201,0.6949217319488525,0.00014650244542386764,0.509033739566803,0.004446155343111233
1202,0.6949219107627869,0.0001404332992382989,0.508971095085144,0.004378720385493803
1203,0.6949095129966736,0.00014700820760599838,0.5090671479701996,0.004479577793980372
1204,0.6949009001255035,0.00015699701070308027,0.5090837478637695,0.0046917028825357015
1205,0.6949019730091095,0.00016424626864695405,0.5089229345321655,0.004874873086164047
1206,0.6949047148227692,0.00016584784889036802,0.5088611841201782,0.004973749592770605
1207,0.6949039101600647,0.0001575449197337219,0.5089369714260101,0.004878118393499386
1208,0.694904237985611,0.0001533723817311434,0.5088754892349243,0.004810641289033445
1209,0.6949102282524109,0.00014810402566728162,0.5085998475551605,0.004881321553986214
1210,0.6949031352996826,0.00015375170336774142,0.5085395276546478,0.004979270829925532
1211,0.6948955059051514,0.00015526898991413362,0.5084989070892334,0.004939442058082737
1212,0.6948838531970978,0.00015724989179414562,0.5087682008743286,0.0048998240204824964
1213,0.6948795020580292,0.00015590119264179703,0.5087851583957672,0.004778483243619632
1214,0.6948681473731995,0.000161085255008637,0.508956104516983,0.0048756738762857545
1215,0.694852888584137,0.0001757523582904281,0.5091069638729095,0.005053870751789815
1216,0.6948446333408356,0.0001786604908376798,0.5091229677200317,0.005041437431479101
1217,0.6948390901088715,0.00017343428162232895,0.5091771185398102,0.004920939591586454
1218,0.6948189735412598,0.00017819687550405997,0.5094598829746246,0.004908969886609361
1219,0.6948308646678925,0.0001766374421091569,0.5091704726219177,0.004789399277383954
1220,0.6948217451572418,0.00016938818416528312,0.5092620849609375,0.00461668149218631
1221,0.6948263049125671,0.00016411982810142137,0.5091449320316315,0.004525180684069159
1222,0.6948144733905792,0.00015977870270479928,0.5092361867427826,0.004514222503456327
1223,0.6948123276233673,0.00015320379433709982,0.5091196596622467,0.004263533048513529
1224,0.6948040127754211,0.0001540045844588068,0.5092481076717377,0.004359627863118368
1225,0.6948003172874451,0.000149537018516652,0.5092259049415588,0.00429611256241245
1226,0.6948060691356659,0.00014553306790811708,0.509166419506073,0.004285828731375793
1227,0.6947869956493378,0.00015295091324603444,0.5092564821243286,0.004170009191667856
1228,0.6947846710681915,0.00015025351494133722,0.5091785788536072,0.004133762901948486
1229,0.6947758495807648,0.0001504221023353808,0.509268194437027,0.004123942686245449
1230,0.6947712004184723,0.00014949487166814114,0.5093017816543579,0.004140337810316186
1231,0.6947729587554932,0.00015560616470222078,0.509242832660675,0.004182821833615167
1232,0.6947774589061737,0.00014308855069448525,0.5090919137001038,0.004042557121770912
1233,0.6947726905345917,0.00013524923687145894,0.5089969038963318,0.003928929218185542
1234,0.6947689652442932,0.0001363029080842313,0.5089941322803497,0.003893736599678945
1235,0.6947587132453918,0.00014254064166384361,0.5090279877185822,0.003962351669054681
1236,0.6947537958621979,0.0001454487742110953,0.5090251266956329,0.003927201197396595
1237,0.6947363317012787,0.00015193938888177297,0.5090769827365875,0.0038665097355409074
1238,0.6947308778762817,0.00014456369039236652,0.509055882692337,0.0037546519995929947
1239,0.6947287321090698,0.00014464798408938832,0.5091799795627594,0.0038998900395615355
1240,0.694725751876831,0.00016622717052696605,0.5090863108634949,0.004044411583105392
1241,0.6947401165962219,0.00013411127196166482,0.5090291798114777,0.003779687227608466
1242,0.6947122812271118,0.00014608097693875871,0.5092605948448181,0.003770962829966711
1243,0.6946806311607361,0.0001724649041065784,0.5094729661941528,0.003889395474282323
1244,0.6946833431720734,0.00016483632452610655,0.5093615353107452,0.0039565354039601775
1245,0.6946503520011902,0.0001857833082360209,0.5095011591911316,0.003922185722423799
1246,0.6946393847465515,0.00020002894303270308,0.5096936523914337,0.0042666519153033355
1247,0.6946463286876678,0.0001949291743628849,0.50981405377388,0.004559235337665962
1248,0.6945457458496094,0.00032587943268623266,0.5100938081741333,0.004875547435740222
1249,0.6944853961467743,0.00041131109461781486,0.510301411151886,0.005190468687813622
1250,0.6947111487388611,9.196442345077077e-05,0.510207325220108,0.0050285826426832774
1251,0.6947139203548431,9.015210896480234e-05,0.5102019309997559,0.005191985974360014
1252,0.6946955323219299,0.00010798022588491051,0.5102669894695282,0.005254995512883801
1253,0.694700300693512,0.00012972799971653183,0.5102438628673553,0.005690456751698358
1254,0.6946280896663666,0.00023614879220653926,0.5102559328079224,0.005876029325691824
1255,0.6946250796318054,0.00024521036463638146,0.5101805329322815,0.005986538362487389
1256,0.6946252584457397,0.00024832923142618766,0.5102101266384125,0.005948479758282051
1257,0.6946258246898651,0.00024761273500150245,0.5101525485515594,0.00593524564784963
1258,0.6946225762367249,0.0002479077629410787,0.510147362947464,0.005995768522311274
1259,0.6946202218532562,0.0002562106920977248,0.5100901424884796,0.006129542619484851
1260,0.6946209371089935,0.0002519960072466354,0.5100678205490112,0.006164903825385492
1261,0.6946216523647308,0.00025587351730963767,0.5099074840545654,0.006200138590740599
1262,0.6946138739585876,0.00025524131458197426,0.5100750625133514,0.006259523500292449
1263,0.694600373506546,0.00026986627101525446,0.5101044774055481,0.006561674257267048
1264,0.6946127116680145,0.0002541876433692019,0.5099279880523682,0.006571536619818598
1265,0.6946018040180206,0.0002670845790135355,0.5098720192909241,0.006605506979718378
1266,0.6946191489696503,0.0002460954484551102,0.5096455812454224,0.006687693334314622
1267,0.6946126222610474,0.0002564214263402793,0.5096075236797333,0.00708265145171021
1268,0.6946005821228027,0.00026855971871141674,0.5096886157989502,0.007163362666608572
1269,0.6946062743663788,0.00025798085973518234,0.5096845328807831,0.007267760410370056
1270,0.6945993304252625,0.0002600460553122162,0.5096466243267059,0.007084505913044689
1271,0.6946007013320923,0.00025102662973088485,0.5097270905971527,0.007212463745123763
1272,0.6945985853672028,0.00025452481815728905,0.5095376074314117,0.007244579643689064
1273,0.6945890486240387,0.0002595824399785963,0.5095507204532623,0.007276526954860322
1274,0.6946040093898773,0.0002401105959665633,0.5094295144081116,0.00726089047406278
1275,0.6946061849594116,0.00023737105081335518,0.5093758404254913,0.007434746224170218
1276,0.694600522518158,0.00024613759530362113,0.50942263007164,0.007607885477852971
1277,0.6945874094963074,0.00025743295070454074,0.5095858871936798,0.007756663853096426
1278,0.6945811808109283,0.00025595781100665947,0.5097651183605194,0.007693106405541998
1279,0.6945750117301941,0.0002555784893700614,0.509910374879837,0.007629801839078636
1280,0.6945768892765045,0.00024820279088065496,0.5098562240600586,0.007519925005010735
1281,0.6945642530918121,0.0002590766777964656,0.5098684132099152,0.007504035643122128
1282,0.6945638060569763,0.00025574707676410496,0.509814590215683,0.0072548634747257226
1283,0.6945692598819733,0.00024112212033082476,0.5098268389701843,0.007379238824681371
1284,0.694560706615448,0.0002456318331214904,0.5099047124385834,0.007456662585395883
1285,0.6945690810680389,0.00022392620613838,0.5098839402198792,0.007116495371064457
1286,0.6945706009864807,0.00022422123407795624,0.5097323954105377,0.007147894773205073
1287,0.6945804357528687,0.0002054237396420975,0.5096794366836548,0.006948245151808969
1288,0.6945737302303314,0.0002174355914677023,0.5095452070236206,0.007048976119750005
1289,0.6945598125457764,0.00023669670123718087,0.5096553862094879,0.007034266869619703
1290,0.6945555508136749,0.0002358116174184521,0.5096515715122223,0.00704261194562486
1291,0.6945561170578003,0.0002350951209937669,0.5095344483852386,0.007256970817151267
1292,0.6945642530918121,0.00022493773050264145,0.5094339549541473,0.007356184498545912
1293,0.6945571899414062,0.00023383071553844008,0.5093338787555695,0.00740937382136666
1294,0.6945510506629944,0.00023947839323889988,0.5093951225280762,0.007507871006336619
1295,0.6945559978485107,0.00023113331723374287,0.5092152655124664,0.007492487406630143
1296,0.6945619583129883,0.00021907931855962717,0.5092123746871948,0.00759039453572095
1297,0.6945638954639435,0.00020782611000721846,0.5091135799884796,0.007416538785613512
1298,0.6945752501487732,0.00018561472084197732,0.508999228477478,0.007266032389581109
1299,0.6945939660072327,0.00015113859876006599,0.5089490413665771,0.007206183864695639
1300,0.694071888923645,0.001639849581861865,0.5059846937656403,0.010889860571396289
1301,0.6940638720989227,0.0016376157988907875,0.5061286240816116,0.010974681104024463
1302,0.6940538585186005,0.0016468881055631843,0.5061527490615845,0.01105908016816753
1303,0.6941335201263428,0.001522512755607536,0.5062361508607864,0.010835090741756382
1304,0.6941568553447723,0.001477963536731521,0.5063388794660568,0.010584274846268052
1305,0.6941536068916321,0.001479185795338337,0.5062834918498993,0.010613292951467802
1306,0.6941449642181396,0.0014780056835800319,0.5063266307115555,0.010503226456581603
1307,0.6941735446453094,0.0014404528415568254,0.5061931610107422,0.010476863602838038
1308,0.6942582428455353,0.0013206714980888645,0.50602126121521,0.010284758267325384
1309,0.6942294836044312,0.0013505536136830883,0.5060842335224152,0.010424559363836019
1310,0.694200724363327,0.001369393254967458,0.5063414424657822,0.010343616341270847
1311,0.6942087709903717,0.0013461281945894444,0.5063256621360779,0.010208135296732578
1312,0.6941951513290405,0.0013635348430244437,0.506406769156456,0.010374467834380821
1313,0.6942103505134583,0.0013309131822770118,0.5063716471195221,0.010212307834735156
1314,0.6941696405410767,0.0013768532471538863,0.5064329653978348,0.010241578821025972
1315,0.694171279668808,0.0013385417618574835,0.5065516531467438,0.009808878200788879
1316,0.6941832900047302,0.0013231581621510073,0.5064205676317215,0.009838992124049912
1317,0.6942457556724548,0.0012575776658680562,0.5061180740594864,0.009950091216724629
1318,0.6942379176616669,0.0012512977854399329,0.5062175691127777,0.009871845592464155
1319,0.6942653357982635,0.001204683370986884,0.5062214583158493,0.009820911126038738
1320,0.6942465305328369,0.0012004265392872838,0.506358191370964,0.0095286648784642
1321,0.6942737102508545,0.0011571838727151066,0.5062102228403091,0.00937166786776112
1322,0.6942951679229736,0.0011228763380272389,0.5060630291700363,0.00910862938620463
1323,0.6942847371101379,0.0011556665861687143,0.5060295611619949,0.009326486446157441
1324,0.694262832403183,0.0011871502820063522,0.5060902088880539,0.009516695173487105
1325,0.694294661283493,0.0011329494348213424,0.5059818476438522,0.009361257596178929
1326,0.6943187415599823,0.0011027722912875424,0.5057804435491562,0.009180110441279107
1327,0.694325864315033,0.0010939635999487655,0.5058039724826813,0.009263750862148975
1328,0.6943198144435883,0.0010820360418201825,0.5059577077627182,0.009215345206634213
1329,0.6943098604679108,0.0010904654115223612,0.5060549676418304,0.009245964892077378
1330,0.6943202018737793,0.0010667367358107279,0.5060591548681259,0.009250242797201234
1331,0.6943166851997375,0.00106117335180729,0.5060632973909378,0.009254499628900834
1332,0.6943304538726807,0.001059150303078767,0.5059014558792114,0.009441315534925372
1333,0.6943359971046448,0.0010681697286600983,0.5058875530958176,0.009731306926104579
1334,0.6943071782588959,0.0010929942224330148,0.5059654861688614,0.009682458728680452
1335,0.694293737411499,0.0011122553322024935,0.5059514939785004,0.009763359604397113
1336,0.694300502538681,0.0010962816766168647,0.5060106664896011,0.009843881158477176
1337,0.6942994892597198,0.0010871779573385116,0.5061242431402206,0.00974361380586976
1338,0.6943273544311523,0.0010402685149458865,0.5060554444789886,0.009540908537956614
1339,0.6943393349647522,0.0010202909087517228,0.5059687942266464,0.009416132792940114
1340,0.6943215429782867,0.0010518588982863823,0.505936861038208,0.009573488051855535
1341,0.6943352520465851,0.0010176356572955364,0.5058870315551758,0.00929599320125981
1342,0.6943225860595703,0.0010298160965151848,0.5059094876050949,0.009325517068641691
1343,0.6943215429782867,0.0010209231114793862,0.5059138834476471,0.009126099254912395
1344,0.6943207383155823,0.0010116929516555003,0.5059720426797867,0.009155876003385343
1345,0.6943381726741791,0.0009852668776391697,0.5059583485126495,0.009084289581189588
1346,0.6943322122097015,0.0009793663188476446,0.5061053931713104,0.009139249071647794
1347,0.6943568885326385,0.0009381467010039903,0.5060202479362488,0.009068063044512895
1348,0.6943693459033966,0.0009142072910498024,0.5059887766838074,0.009022291567030064
1349,0.6943705081939697,0.0009014367959510015,0.5059751719236374,0.00895167452235006
1350,0.6943985521793365,0.000856297521195834,0.5059439390897751,0.008856338351018418
1351,0.6944183707237244,0.000827679811056937,0.5058775842189789,0.00876144472159614
1352,0.694448858499527,0.0007757127468430047,0.5057586580514908,0.008492653195217914
1353,0.6944410800933838,0.0007786208793902563,0.5058862864971161,0.008572964015055423
1354,0.6944769024848938,0.0007331865766955126,0.5057152807712555,0.008429749023815405
1355,0.6944808959960938,0.0007178451238375471,0.5057549625635147,0.008435586362334163
1356,0.6944798827171326,0.0007148948444417846,0.5057421028614044,0.00836737168801928
1357,0.6944907903671265,0.0006929784832161197,0.5057118982076645,0.008176341097143654
1358,0.6945213675498962,0.0006482185300975502,0.5054559260606766,0.008158175805435458
1359,0.6945100128650665,0.0006570272214363271,0.5054785013198853,0.00833622516696973
1360,0.6945310533046722,0.0006163133657748034,0.5053625851869583,0.00817098844738277
1361,0.6945340037345886,0.000610117779043702,0.5052471607923508,0.008152907449371596
1362,0.694526731967926,0.0006115507718930724,0.5053906142711639,0.008013169573133729
1363,0.6945330500602722,0.0005935119207304098,0.5053272098302841,0.00782542643644195
1364,0.6945366859436035,0.0005893815295763421,0.5052640438079834,0.007977976954627132
1365,0.6945481300354004,0.00056476777004598,0.5051669776439667,0.007839524557268844
1366,0.6945366561412811,0.0005689403080485585,0.5051727592945099,0.007846520934121652
1367,0.6945276856422424,0.0005688138675030258,0.5052466541528702,0.00794988608009462
1368,0.6945408284664154,0.000568350252169406,0.5050652623176575,0.008028721760234248
1369,0.6945367157459259,0.000578718376903086,0.5050203651189804,0.008203230786493605
1370,0.6945458650588989,0.0005787605237515969,0.5048571676015854,0.00825726304628457
1371,0.6945430934429169,0.000579898488661391,0.5047791004180908,0.008382670994028736
1372,0.694555938243866,0.0005816265094503376,0.5044823288917542,0.008483739136757859
1373,0.694552481174469,0.0005883700052120807,0.5044054388999939,0.00856061498844173
1374,0.6945492923259735,0.0005855461663618508,0.5044798702001572,0.008471031861931825
1375,0.6945422291755676,0.0005849982573312092,0.5045037567615509,0.008405556732770152
1376,0.6945386230945587,0.0005874006276963301,0.5044774115085602,0.008505697644832036
1377,0.6945312917232513,0.000584281760906524,0.5046512484550476,0.00836968976468738
1378,0.694529801607132,0.0005815000689048049,0.5046912431716919,0.008281265676511525
1379,0.6945302784442902,0.0005754309227192362,0.5046978741884232,0.008052387215673114
1380,0.6945262253284454,0.000569530363927711,0.5047707259654999,0.007918170576590172
1381,0.6945205330848694,0.0005700782729583527,0.5047606527805328,0.00794817913272993
1382,0.6945172548294067,0.0005701625666553745,0.5048000812530518,0.007861398771646
1383,0.6945107579231262,0.0005700782729583527,0.5047899782657623,0.00779830493942519
1384,0.6945092082023621,0.0005618174906502174,0.5048620104789734,0.007712198927917434
1385,0.6945007145404816,0.0005685188395634496,0.5049993395805359,0.007904641438218176
1386,0.6945002675056458,0.0005697410981702656,0.504972517490387,0.007911216346585875
1387,0.6945037841796875,0.0005589515049514766,0.5047989040613174,0.007617684620131754
1388,0.694498211145401,0.0005532616804025059,0.5049843639135361,0.007601795258243146
1389,0.6944940090179443,0.0005495106108850364,0.5049902349710464,0.007425073522436968
1390,0.6944953501224518,0.0005546946732518763,0.5049474537372589,0.007501422538514452
1391,0.6944861114025116,0.000565990028652796,0.5050666928291321,0.00776058351000794
1392,0.6944726407527924,0.0005741665172639094,0.5051531344652176,0.007790233817935354
1393,0.6944736540317535,0.000570373300897929,0.5050457715988159,0.0077741547952284475
1394,0.6944665908813477,0.0005879485367269717,0.5051319152116776,0.007894673708545349
1395,0.6944786310195923,0.000574714426294551,0.5050089955329895,0.007855751093945538
1396,0.6944940984249115,0.0005463495972467193,0.5048865675926208,0.00759039453572095
1397,0.6944776475429535,0.0005510700442799395,0.5051003992557526,0.007484395211716051
1398,0.6944678723812103,0.0005624496933778808,0.5051538199186325,0.007694771206058179
1399,0.6944750547409058,0.000563587658287675,0.5050955563783646,0.007746653976575089
1400,0.694517970085144,0.0010121144201406093,0.49942147731781006,0.0004795889892054632
1401,0.694511890411377,0.0010081526163805853,0.49940304458141327,0.0005628079415902235
1402,0.6944985687732697,0.0010076890010469654,0.49952365458011627,0.000561374948740853
1403,0.6944971978664398,0.0010092905812903795,0.4994852691888809,0.0005039709410690154
1404,0.6944984495639801,0.0010159497833551006,0.49930883944034576,0.0007540281932841497
1405,0.6944937705993652,0.001019363678084483,0.499349981546402,0.0008635467791397078
1406,0.6944912075996399,0.0010135474129899797,0.49925337731838226,0.0008336014432727176
1407,0.6944980621337891,0.0010017462954069294,0.499098464846611,0.000831494100847173
1408,0.6944965124130249,0.0010027578197711908,0.499022513628006,0.0008847044970921766
1409,0.6944906115531921,0.0010048651621967356,0.4989079535007477,0.0007170443337158401
1410,0.6944943368434906,0.000988807212914085,0.4989301264286041,0.00046766143107688016
1411,0.6944946944713593,0.000989144387702172,0.49891339242458344,0.00043906479436223855
1412,0.6944813430309296,0.0009958035897668933,0.49899350106716156,0.000547466488732258
1413,0.6944794058799744,0.0009944127437660339,0.49901528656482697,0.0006826314319066951
1414,0.6944798529148102,0.0009846768217600173,0.4989984631538391,0.0004902942887272302
1415,0.6944817304611206,0.0009746037249659136,0.49903933703899384,0.0003803963812350741
1416,0.6944880485534668,0.0009634769569590375,0.4988692104816437,0.00035234765355107413
1417,0.6944803595542908,0.0009602737964722096,0.4990249276161194,0.0004055791232203333
1418,0.6944820880889893,0.0009460281616755275,0.4991035908460617,0.00045853663837427163
1419,0.6944767832756042,0.0009370087360941961,0.49912481009960175,0.00026908655431780295
1420,0.6944707036018372,0.0009321197016669324,0.49918387830257416,8.052155408006305e-05
1421,0.6944789886474609,0.0009354914495478039,0.49907225370407104,0.00018742703532794575
1422,0.694476991891861,0.0009434572039163629,0.4990367144346237,0.0004006690153688141
1423,0.694465845823288,0.0009421927984610361,0.4991520941257477,0.00023981556802698704
1424,0.6944619417190552,0.0009409705398542202,0.49915413558483124,0.00023924658557208998
1425,0.6944479644298553,0.0009471661265853216,0.49939994513988495,0.00047733413281013035
1426,0.6944456398487091,0.0009489362942227791,0.4994574934244156,0.0005026643887651777
1427,0.6944400668144226,0.0009510014897998129,0.49944013357162476,0.00036950142089500797
1428,0.6944401860237122,0.0009612010271394493,0.49938561022281647,0.0006582284066188875
1429,0.6944468319416046,0.0009682395508407686,0.49931277334690094,0.0008668131598993022
1430,0.6944539844989777,0.0009562698458636747,0.4992217570543289,0.0007861440918494509
1431,0.6944561004638672,0.0009553004683479241,0.49922360479831696,0.0008365517226684802
1432,0.6944428086280823,0.0009531931259223795,0.49939142167568207,0.0009650153169296852
1433,0.6944378018379211,0.0009546261187717498,0.4994112402200699,0.0010407532037037617
1434,0.6944371163845062,0.0009556797899845222,0.4993208348751068,0.0013238746585756925
1435,0.6944344341754913,0.0009507907555572584,0.49923087656497955,0.0013466550301958306
1436,0.694426953792572,0.0009492313221623554,0.4994153678417206,0.0013951871262561251
1437,0.6944288909435272,0.0009411812740967746,0.49939851462841034,0.0014692602125140214
1438,0.6944226622581482,0.0009418977705214598,0.4995090216398239,0.0015687267749997314
1439,0.6944203674793243,0.0009396639875503825,0.4994013160467148,0.0015137672845415254
1440,0.6944185793399811,0.0009330047854856612,0.4993302822113037,0.0014590396017501296
1441,0.6944195628166199,0.0009269777861486033,0.49927765130996704,0.00148120884406686
1442,0.6944151520729065,0.0009247861500260369,0.4993513822555542,0.0015287504891871484
1443,0.6944153606891632,0.0009167361019604561,0.49944277107715607,0.0014489875783802813
1444,0.6944099962711334,0.0009169889830515215,0.49949784576892853,0.0015217330389100845
1445,0.6944105327129364,0.0009138701162617153,0.4996063709259033,0.0014170613406332792
1446,0.6944001615047455,0.0009170732767485433,0.4997679144144058,0.0014895328466477615
1447,0.6943959891796112,0.000918759150688979,0.49978625774383545,0.0015617093247226675
1448,0.6943947076797485,0.0009181269479613156,0.4997156709432602,0.0017592305302689723
1449,0.6943886280059814,0.0009200657029928167,0.4998226910829544,0.0018053813293884013
1450,0.6943889558315277,0.000918759150688979,0.49969926476478577,0.0018763355488564913
1451,0.6943826079368591,0.0009185484164464245,0.4998234808444977,0.001747281898716134
1452,0.6943741142749786,0.0009289586880286153,0.49977104365825653,0.0018180675307901805
1453,0.6943637132644653,0.000939453253307828,0.4999648481607437,0.0019382281958947392
1454,0.6943582594394684,0.0009429514417342321,0.4999123364686966,0.002256184021060924
1455,0.6943560838699341,0.0009336369882133246,0.5000175088644028,0.0021027273456327585
1456,0.6943569779396057,0.0009314453520907581,0.49987782537937164,0.0020486529389932818
1457,0.6943580508232117,0.0009198971155987731,0.4999825805425644,0.0018470645625656755
1458,0.6943463385105133,0.0009219623111758069,0.5001737475395203,0.0016709539560629048
1459,0.6943396031856537,0.0009291272754226589,0.5001907050609589,0.0018878837853484763
1460,0.6943413317203522,0.0009221308985698505,0.5003459751605988,0.0019081985663307274
1461,0.6943353116512299,0.0009268513456030707,0.5004315227270126,0.0020260200813429314
1462,0.6943319737911224,0.0009178319200217394,0.5005166828632355,0.001948490953507142
1463,0.6943335235118866,0.0009186748569919572,0.5004296153783798,0.0021629130453063154
1464,0.6943171322345734,0.0009290429817256371,0.5005315542221069,0.0020126806037892337
1465,0.6943126618862152,0.0009273571077852014,0.5004277229309082,0.0017662901273945472
1466,0.6942960619926453,0.0009437522318559391,0.5005975067615509,0.001955571624056972
1467,0.6942856311798096,0.0009568177548943163,0.5006643384695053,0.002047683561477531
1468,0.6942916810512543,0.0009396639875503825,0.5006119161844254,0.0019230553304308174
1469,0.6943062543869019,0.000919559940810686,0.5004409700632095,0.0018708775319743306
1470,0.6943084299564362,0.000908812494440408,0.5005923360586166,0.0020822439772564642
1471,0.6942961513996124,0.000924744003177526,0.5006248354911804,0.0023643539077641334
1472,0.6942788660526276,0.0009383152883980339,0.500876247882843,0.0024784032798346126
1473,0.6942712664604187,0.0009499056717385297,0.5009079873561859,0.002710843149372193
1474,0.6942645609378815,0.00095652272695474,0.5010234713554382,0.0028711276142591234
1475,0.6942684054374695,0.0009403804839750676,0.5009543299674988,0.0027229392948948197
1476,0.6942559480667114,0.0009506643150117257,0.501052513718605,0.0028115951907374853
1477,0.6942476034164429,0.0009577449855615559,0.5011169612407684,0.0028999139117920638
1478,0.6942349672317505,0.0009718220329641945,0.5011811256408691,0.003081946150510615
1479,0.694239616394043,0.0009556376431360113,0.5012284070253372,0.0030049649317054673
1480,0.6942294538021088,0.0009612431739879602,0.5013583153486252,0.002951733462036208
1481,0.6942138373851776,0.000972454235691858,0.5014877021312714,0.003038998511878014
1482,0.6942056715488434,0.000983243828910647,0.501583531498909,0.003172540801384782
1483,0.694196492433548,0.0009965622330400893,0.501497894525528,0.0032822701214828944
1484,0.6941788494586945,0.0010156969022640354,0.501593291759491,0.0034147376663526342
1485,0.6942121088504791,0.00096689085168842,0.5015407800674438,0.003430753468786774
1486,0.6941754519939423,0.0010033057288018324,0.5018156319856644,0.003354193718466735
1487,0.6941914558410645,0.0009838760316383103,0.5017302185297012,0.0036010899570435525
1488,0.6941725015640259,0.0010068039172282366,0.5017917603254318,0.0036396543234310207
1489,0.6941685974597931,0.0010016198548613968,0.5018530488014221,0.0035861067523979295
1490,0.6941621601581573,0.0010002711557090481,0.501897856593132,0.003372190422780887
1491,0.6941536068916321,0.0010076468541984544,0.5019101202487946,0.003479685959907922
1492,0.6941547393798828,0.0009981216664349925,0.5018738508224487,0.0035181660325983685
1493,0.6941524744033813,0.0010004818899516025,0.50196672976017,0.003647704371496601
1494,0.6941430270671844,0.0010025470855286364,0.5020270198583603,0.0037311972783966823
1495,0.6941247582435608,0.001021723901601093,0.5021513104438782,0.003768939781238188
1496,0.6941233277320862,0.001018605034811287,0.5020667612552643,0.0038291676277602553
1497,0.6941357851028442,0.000999554659284363,0.5020465552806854,0.00379873760313539
1498,0.6941339075565338,0.0010049916027422682,0.502122163772583,0.0037684340190560573
1499,0.6941483914852142,0.0009909145553396296,0.5020859986543655,0.0038958650155287455
1500,0.696298211812973,0.002942482228788067,0.505904883146286,0.01015633681991269
1501,0.6963021159172058,0.0029342635933284427,0.5057107657194138,0.010214899865918576
1502,0.6962934136390686,0.002941175676484229,0.505914568901062,0.010160846532703355
1503,0.6962855458259583,0.0029346850618135515,0.5058995932340622,0.0102471000581809
1504,0.6962698698043823,0.0029142016934372568,0.5058846920728683,0.010221221893195211
1505,0.6962513029575348,0.002901852666823565,0.5059486329555511,0.010084012827867994
1506,0.6962468326091766,0.0029000824991861074,0.505914032459259,0.010030865651895758
1507,0.6962309777736664,0.002876901732505116,0.5059579908847809,0.010144282821238573
1508,0.6962091624736786,0.002865269202316109,0.5060212761163712,0.010118931491859271
1509,0.6961977183818817,0.002844280071757684,0.5059867352247238,0.01050731470088716
1510,0.6961846947669983,0.002835724261509972,0.5060107409954071,0.010426160944079433
1511,0.6961658895015717,0.0028117427047072738,0.506131649017334,0.010647221164519072
1512,0.6961507797241211,0.0027904585462092723,0.5062519460916519,0.010867206640321684
1513,0.6961379647254944,0.0027764657925036552,0.5062171816825867,0.010922271497901167
1514,0.6961381435394287,0.0027727568698346964,0.5061247944831848,0.01084084378657812
1515,0.6961423754692078,0.0027696380030448903,0.5058407485485077,0.010868534266049777
1516,0.696140468120575,0.002764580381223583,0.505788117647171,0.011004499999345921
1517,0.6961230039596558,0.00274510853721155,0.5059268772602081,0.010923493756507982
1518,0.6961085498332977,0.0027185981694981976,0.5060650110244751,0.011220502597964253
1519,0.6961145401000977,0.002737184929691502,0.5060312002897263,0.011166238530506477
1520,0.696095198392868,0.002724498728289723,0.5061114430427551,0.011165964575991156
1521,0.6960753500461578,0.002693562941482727,0.5061345100402832,0.011085379801638326
1522,0.696075052022934,0.002716406533375631,0.5062519013881683,0.010925011043054374
1523,0.6960369646549225,0.0026578224139454884,0.5064252465963364,0.011165142712445193
1524,0.6960261464118958,0.002631143458838093,0.5065037757158279,0.011377520682091588
1525,0.6960395872592926,0.00265175326775992,0.5064881592988968,0.011350209524256529
1526,0.696025013923645,0.00264656920539308,0.5064913332462311,0.01113785262803439
1527,0.6960013508796692,0.0026176564673146066,0.5065878033638,0.011164025820959655
1528,0.6960027813911438,0.0026055181749434692,0.5064790099859238,0.011216393280234441
1529,0.6960088908672333,0.0025890387571757094,0.5063707232475281,0.01137357995175582
1530,0.6959830224514008,0.002558945907338931,0.5065964907407761,0.011687257871798149
1531,0.695987194776535,0.0025633291795840642,0.5064699798822403,0.011555043208019474
1532,0.6959837377071381,0.002547060496058859,0.5064547210931778,0.011736443244010361
1533,0.6959464251995087,0.002504407885365834,0.5067338943481445,0.011760825195873913
1534,0.6959317028522491,0.002482660111534213,0.5066079348325729,0.011785122854040445
1535,0.695938766002655,0.002489530047841489,0.5065741240978241,0.01188697071346702
1536,0.6959295272827148,0.002485315362990399,0.5065404772758484,0.011781645739038296
1537,0.6959133744239807,0.0024686252109800853,0.5065799206495285,0.011883072129979763
1538,0.6958979070186615,0.002451555737333173,0.5066736787557602,0.011958262107723197
1539,0.69587641954422,0.0024322103338666728,0.506894052028656,0.011853548262597881
1540,0.6958502531051636,0.002392760883660476,0.5068237781524658,0.012056443191329326
1541,0.6958325803279877,0.0023707180818892783,0.5068621933460236,0.012156289075451633
1542,0.6958237588405609,0.0023611086004287946,0.5068463534116745,0.012077284807917962
1543,0.6958042681217194,0.0023340503236848006,0.506794661283493,0.012354547850846878
1544,0.6957888007164001,0.0023122604030046683,0.5068149119615555,0.012376906753981908
1545,0.6957717835903168,0.0022940951112964732,0.5068351030349731,0.012297944633296748
1546,0.6957502663135529,0.002265941016491196,0.5067123770713806,0.012269874832188492
1547,0.6957627534866333,0.0022895011048087856,0.5068217515945435,0.012115954541426707
1548,0.695762425661087,0.002296033866327974,0.5069128572940826,0.012038109312227086
1549,0.6957641839981079,0.0023081300118506006,0.5069326311349869,0.011810200228904427
1550,0.6957623958587646,0.0023113331723374287,0.5067930817604065,0.011558267441930557
1551,0.6957552433013916,0.00230197657196801,0.5067424476146698,0.011532178542702314
1552,0.6957406401634216,0.00227980732965128,0.5067448616027832,0.011730310877552027
1553,0.6957421004772186,0.0022879416714138823,0.5067121237516403,0.011579699114398347
1554,0.6957430243492126,0.0023015551034829013,0.5066444575786591,0.011280983325577386
1555,0.6957428455352783,0.0022926199715985916,0.5064721554517746,0.011280456489970999
1556,0.6957368850708008,0.002279385861166171,0.5064926147460938,0.011304627707591997
1557,0.6957309544086456,0.002297635446571388,0.5066000372171402,0.010910027838408751
1558,0.695727676153183,0.002290470482324536,0.5065853595733643,0.011082345228545542
1559,0.6957428753376007,0.0023165172347042687,0.5064840465784073,0.010886088428454564
1560,0.6972691118717194,0.006094560735220809,0.5,0.0
1561,0.7018010914325714,0.007262197026366618,0.48828125,0.005524271728019903
1562,0.7021947503089905,0.009185652751858288,0.4713541716337204,0.018414232068924924
1563,0.697603851556778,0.0033496207854033034,0.5,0.016572815184059706
1564,0.6986429393291473,0.0012468302194977782,0.5,0.02209708691207961
1565,0.6990430355072021,0.0008565082554383885,0.4973958283662796,0.022097065838655356
1566,0.6977936923503876,0.0025039864168807254,0.5022321343421936,0.02525380157184855
1567,0.6979570686817169,0.007205973130453085,0.5048828125,0.03452669830012439
1568,0.6969553530216217,0.006190318375037561,0.5052083432674408,0.034373241624696224
1569,0.6962999701499939,0.0056649579083492664,0.503125011920929,0.03314563036811941
1570,0.6959589719772339,0.004315668700121505,0.4978693276643753,0.03113680620096893
1571,0.6953815817832947,0.005802103753403716,0.4980468600988388,0.03222491138897468
1572,0.6954426169395447,0.003744157434313782,0.49819710850715637,0.024646760512746144
1573,0.6946475803852081,0.0024178382585244578,0.5016741007566452,0.022886265577021846
1574,0.694474071264267,0.0018834162194063216,0.5036458522081375,0.0198873908649262
1575,0.6957208514213562,0.004274364788580829,0.501953125,0.015191747252054731
1576,0.6961426436901093,0.003728268072425175,0.5059742778539658,0.012348373337540032
1577,0.6958028972148895,0.00539121412727101,0.5069444477558136,0.01841425314234918
1578,0.6961466073989868,0.005371615842713445,0.5049342066049576,0.016282065149607304
1579,0.6962034404277802,0.005273540126228594,0.5011718720197678,0.014915537880338588
1580,0.6959808468818665,0.005405164734128116,0.5026041716337204,0.017361993849001944
1581,0.6960219144821167,0.0054562467145233195,0.5049715787172318,0.017075015957491266
1582,0.6953670382499695,0.005334189441235771,0.5071331560611725,0.018734484897334952
1583,0.6949147284030914,0.0057776164344188865,0.5081380158662796,0.02071599790665038
1584,0.6953228712081909,0.005646329001307452,0.504687488079071,0.01811960452440952
1585,0.6949394941329956,0.005503704065946587,0.5084134638309479,0.01784763091096872
1586,0.6952756941318512,0.005170617522164991,0.5078125,0.014322173473577966
1587,0.6952324509620667,0.004974676823437845,0.506696417927742,0.013416079450866512
1588,0.6955384910106659,0.004472750004521607,0.5064655095338821,0.011429529893154032
1589,0.6957947015762329,0.004422805989036198,0.5049479156732559,0.015099677461482684
1590,0.6959314346313477,0.004131908440614007,0.5037802457809448,0.01603822455754753
1591,0.696250855922699,0.004042978590256021,0.50244140625,0.01933495104806966
1592,0.6966190338134766,0.003941067510556679,0.5011837184429169,0.02042305623607541
1593,0.6968472898006439,0.003651223633347261,0.5002297908067703,0.019822400424522404
1594,0.6965498924255371,0.0033371031713955676,0.5015624910593033,0.014836596833077684
1595,0.6963585317134857,0.002732085161021684,0.501953125,0.011355456806896135
1596,0.6963895261287689,0.0025888701697816658,0.5029560625553131,0.009555491347541384
1597,0.6964811086654663,0.0026558415120654763,0.5014391541481018,0.009594814357202048
1598,0.6963442265987396,0.0025525395863652753,0.5024038553237915,0.009632072171285679
1599,0.6961999237537384,0.002317613052765552,0.503710925579071,0.00966747552403483
1600,0.6972368359565735,0.006175271950119172,0.5081192255020142,0.00126954737084515
1601,0.6972436904907227,0.006148466554466243,0.5080189406871796,0.0010974617883751697
1602,0.697240799665451,0.0061474971769504925,0.5081374943256378,0.0012911687041312386
1603,0.6972240507602692,0.006102990104922989,0.508196085691452,0.001287881249947389
1604,0.6972241103649139,0.006099281182254029,0.5081753432750702,0.0013404805168889848
1605,0.6972167789936066,0.006067671045870859,0.5080759525299072,0.0011699965146624183
1606,0.697204977273941,0.006039938419550691,0.507957398891449,0.0013615117942959208
1607,0.6972067654132843,0.0060623605429584865,0.5079178512096405,0.0015521419901106945
1608,0.697198897600174,0.00606581658453638,0.507800281047821,0.0017417606615612068
1609,0.6971560716629028,0.006026409281178694,0.5080538094043732,0.0016822914583123354
1610,0.6971705257892609,0.005989952257216771,0.5077419877052307,0.0014304640384597434
1611,0.6971388459205627,0.0059360464379713375,0.5076257586479187,0.0015092786451751153
1612,0.6971067488193512,0.005898830770736218,0.5076842904090881,0.001560276331873297
1613,0.6972127258777618,0.006088154414247154,0.5077424943447113,0.0017748459376422585
1614,0.697162926197052,0.006028516623604239,0.5078389644622803,0.0018249585405217116
1615,0.697151780128479,0.005988814292306977,0.5076659917831421,0.0018204909745795567
1616,0.6971543729305267,0.0060020062558908864,0.5075130462646484,0.0021683710621884763
1617,0.6971394717693329,0.0059611238128353195,0.507418155670166,0.0020549117459971494
1618,0.697137713432312,0.005978361873876275,0.5073619186878204,0.0024275320336819635
1619,0.6971568167209625,0.00600217484328493,0.5076103508472443,0.002367767802493516
1620,0.697141706943512,0.006004240038861964,0.5076487958431244,0.0024425363117518417
1621,0.6971442103385925,0.006005757325408356,0.5074409246444702,0.0025437308950264984
1622,0.6971405148506165,0.006008876192198162,0.5075362622737885,0.002323935080042186
1623,0.6971264481544495,0.006041835027733681,0.50755575299263,0.0027446449218779304
1624,0.6971113383769989,0.006037493902337059,0.50761279463768,0.0028975536882754538
1625,0.6971089243888855,0.0060249762883293236,0.5074632465839386,0.0027579633260073726
1626,0.6971105337142944,0.006009803422865402,0.507538914680481,0.0026720259018936598
1627,0.6971110105514526,0.005982660852424386,0.507483571767807,0.002560041725400214
1628,0.697096437215805,0.005983040174060984,0.507670521736145,0.002738280747752785
1629,0.6970672309398651,0.0060050408289836705,0.5077451467514038,0.00270549049961131
1630,0.6970744729042053,0.00599370332673424,0.5076526999473572,0.0028562919235832884
1631,0.6970731616020203,0.005977350349512013,0.5077269971370697,0.0027711131427427716
1632,0.6970541775226593,0.005978572608118829,0.5078931748867035,0.0029732494282010196
1633,0.6970349252223969,0.0059813543001205486,0.5080217719078064,0.0031223228313840517
1634,0.6970370709896088,0.005954717491861663,0.5078928172588348,0.003115031426591667
1635,0.6970162689685822,0.005928417858390865,0.5079841613769531,0.0031594963517706603
1636,0.6970160603523254,0.005907808049469038,0.5080385804176331,0.0029970623976096748
1637,0.6969971656799316,0.005909156748621387,0.5080198347568512,0.0030931993590630237
1638,0.696954995393753,0.005923950292448711,0.5081466436386108,0.003446010627947718
1639,0.6969477534294128,0.005912275615411193,0.5080551505088806,0.0033867521589414007
1640,0.69694784283638,0.005929682263846193,0.5082175135612488,0.0034300791192106
1641,0.6969400942325592,0.005965759966171517,0.5083248913288116,0.0036009002962252533
1642,0.6969225704669952,0.005953200205315271,0.5082516670227051,0.003414231904170504
1643,0.6969492733478546,0.005948732639373116,0.5081967115402222,0.0034063925903474773
1644,0.6969412267208099,0.005920915719355926,0.5081958472728729,0.0034239678261765204
1645,0.6969186067581177,0.0059405982976105135,0.5082665383815765,0.003745042518132511
1646,0.6968947350978851,0.005964832735504278,0.5083726048469543,0.003761774816991336
1647,0.6969053149223328,0.005962430365139157,0.5084960162639618,0.0038539499746846613
1648,0.6968768537044525,0.005968457364476215,0.5085300207138062,0.0039708231856053705
1649,0.6968646049499512,0.005942537052642015,0.5084751844406128,0.0038113395108401475
1650,0.6968435347080231,0.005921674362629122,0.5084382891654968,0.003927833400124259
1651,0.6968261003494263,0.005917501824626544,0.5083662867546082,0.0038939473339214994
1652,0.6968155205249786,0.005899083651827283,0.5084707140922546,0.0038104965738699295
1653,0.6968149542808533,0.005872573284113931,0.5084867775440216,0.003752207482379363
1654,0.696809709072113,0.005857316124952987,0.5084677338600159,0.003842949647223318
1655,0.6967683136463165,0.0058775044653897055,0.5085537433624268,0.003933312490430675
1656,0.6967572569847107,0.0058747649202364974,0.5085171461105347,0.0038998478927130247
1657,0.696707546710968,0.005926689837601919,0.5087419748306274,0.004038932492798975
1658,0.6967343389987946,0.0058678106902322,0.5086182951927185,0.004128199517945049
1659,0.6967563331127167,0.005803326012010532,0.5085644721984863,0.003873885434030314
1660,0.6967345178127289,0.005794475173823244,0.5087185204029083,0.003914219968055239
1661,0.6967127025127411,0.005795065229702396,0.5088373422622681,0.004052082309534374
1662,0.6967127323150635,0.005775214064053766,0.5088006258010864,0.004018786299210768
1663,0.6967025995254517,0.00578296908417977,0.5087812840938568,0.004204358873204234
1664,0.6966872811317444,0.005815422157533158,0.5088991820812225,0.004437599532863522
1665,0.6966616213321686,0.005807034934679491,0.5088967978954315,0.004500482630841776
1666,0.6966725587844849,0.005759956904892822,0.5088944137096405,0.0044182119825485104
1667,0.6966791749000549,0.005735680320150547,0.5089601874351501,0.004191756965499477
1668,0.6966715455055237,0.00569007743006176,0.5090256929397583,0.004302856058174194
1669,0.696644514799118,0.005714564749046589,0.5090230703353882,0.004461412502272177
1670,0.6966731548309326,0.005645570358034256,0.5089358389377594,0.004356003234146431
1671,0.6966661214828491,0.005635539408088663,0.5088658332824707,0.004227160318248628
1672,0.6966554820537567,0.005610293445830637,0.5089309811592102,0.004194201482713109
1673,0.6966309249401093,0.005629428115054583,0.5088781416416168,0.004327849139341154
1674,0.69663006067276,0.005595078433518205,0.5088926255702972,0.00412874742697569
1675,0.6966167688369751,0.005566081401742709,0.5088568031787872,0.00409621005992528
1676,0.6966077089309692,0.005554533165250724,0.5090550780296326,0.0039693058990589785
1677,0.6966000199317932,0.005559422199677988,0.509035736322403,0.004008038852840489
1678,0.6966353952884674,0.005566292135985264,0.5089499652385712,0.003858333246929794
1679,0.6966286301612854,0.005520141336865835,0.5087317228317261,0.003709259843746762
1680,0.6966277360916138,0.005495274696244407,0.5086138248443604,0.0033265664592678442
1681,0.6966189444065094,0.005503156156915945,0.5085460245609283,0.0032961785814914894
1682,0.6966085433959961,0.005504125534431695,0.5084784924983978,0.003359145973166765
1683,0.6965972483158112,0.005480228271326018,0.5085264444351196,0.003212432793500343
1684,0.6965921521186829,0.005470323761925958,0.5084756910800934,0.0032986230987051214
1685,0.6965873539447784,0.005461767951678247,0.5086218118667603,0.0032916688687008237
1686,0.6965705454349518,0.005465645461741249,0.5086037814617157,0.003284798932393548
1687,0.6965527534484863,0.005464507496831455,0.5086837410926819,0.0034164235402930703
1688,0.6965319514274597,0.0054554880712501235,0.5086981952190399,0.0032710590597789966
1689,0.6965257823467255,0.0054712931394417085,0.5087126195430756,0.003310255628894128
1690,0.6965099275112152,0.005446426498820281,0.508726954460144,0.0033033856925868523
1691,0.6965208649635315,0.005421517711350343,0.5086926817893982,0.0031820870625724994
1692,0.6965290904045105,0.005414858509285621,0.508497029542923,0.0032440007830350026
1693,0.6965124905109406,0.005423667200624398,0.5084955990314484,0.003351306659343739
1694,0.6965384781360626,0.00538792667308716,0.5082207024097443,0.003389913172579718
1695,0.6965481638908386,0.0053989270005485035,0.5081075131893158,0.003473785401116397
1696,0.6965381503105164,0.005393110735454,0.5081228911876678,0.003285388988272701
1697,0.6965366303920746,0.0053814360584164824,0.5080743134021759,0.0032334640709072793
1698,0.6965191066265106,0.005383374813447984,0.508233368396759,0.0032945348543995646
1699,0.6965169906616211,0.005375493352776446,0.5081847012042999,0.0033328463396959675
1700,0.6932848989963531,0.0005557061976161379,0.514562726020813,0.001297785759347449
1701,0.6932865381240845,0.000559204386042542,0.5144659280776978,0.0014914083814064963
1702,0.693290650844574,0.000570752622534527,0.5144688785076141,0.0013753781074560048
1703,0.6933023035526276,0.0005702047135038854,0.5143530368804932,0.0015398772571940244
1704,0.6933062374591827,0.0005850404041797201,0.5144154727458954,0.0015080563865682993
1705,0.6933019161224365,0.0005717641468987885,0.5144185423851013,0.0016713754245480138
1706,0.6933028995990753,0.0005571391904655082,0.5144215822219849,0.0018338936724060211
1707,0.6932955980300903,0.0005452116323369252,0.514346182346344,0.0019401880243504958
1708,0.6932770311832428,0.0005396061014849763,0.5144080519676208,0.0017970573268074998
1709,0.6932849586009979,0.000550058519915678,0.5142550468444824,0.001627121233611575
1710,0.6932719349861145,0.0005260769631129793,0.5142001211643219,0.0018706878711560316
1711,0.6932719051837921,0.0005181955024414421,0.5142230689525604,0.0016739463823071783
1712,0.6932587027549744,0.00048839768054424,0.514284610748291,0.0018066668082679835
1713,0.6932533979415894,0.0004862903381186953,0.514287918806076,0.0017475347798071993
1714,0.6932515501976013,0.00048688039399784783,0.5146186351776123,0.0015526056054443143
1715,0.6932666301727295,0.00046993736089646844,0.5143713355064392,0.0015215855249402963
1716,0.6932733058929443,0.0004905893166668065,0.5142211019992828,0.0015720353026078364
1717,0.6932892501354218,0.0005149080482575924,0.5142627656459808,0.0017304231593117763
1718,0.6932938098907471,0.0005106512165579921,0.5140944421291351,0.0018610783896955477
1719,0.6932777464389801,0.0004858267227850755,0.5141742825508118,0.0019642117280017054
1720,0.6932851374149323,0.0005042870424328471,0.5140829086303711,0.001878906506615656
1721,0.6932873427867889,0.0005027697558864549,0.5140487849712372,0.001660122215995605
1722,0.6933010518550873,0.0005189541457146382,0.5139770209789276,0.0014958338005001401
1723,0.6933129727840424,0.0005069844407375443,0.5139244794845581,0.001732066886403701
1724,0.6933364570140839,0.0005353071229368651,0.513627827167511,0.0015683685267873888
1725,0.6933481395244598,0.0005367401157862355,0.5135763585567474,0.0015381492364050777
1726,0.6933461427688599,0.000525402613536805,0.5136935114860535,0.001587334608617291
1727,0.6933369934558868,0.0005336212489964293,0.5137540996074677,0.001398811755228062
1728,0.6933361887931824,0.0005326518714806787,0.5137399435043335,0.0015271489089437344
1729,0.6933459937572479,0.0005115363003767208,0.5136329829692841,0.0017861412930431783
1730,0.6933352947235107,0.0005162146005614301,0.5136191844940186,0.0019129611602124582
1731,0.6933415830135345,0.0005312610254798193,0.5135869681835175,0.0015947103071066975
1732,0.6933411359786987,0.0005229580963231732,0.5134811103343964,0.0016952726876536906
1733,0.6933375597000122,0.0005297015920849162,0.5133941769599915,0.0015612035625405367
1734,0.6933222115039825,0.0005267091658406427,0.5136563777923584,0.0015055697225061567
1735,0.6933183073997498,0.0005242225017785,0.513624370098114,0.0015020293872312414
1736,0.6933195888996124,0.0005201342574729433,0.5135925114154816,0.0016535473076279056
1737,0.6933215856552124,0.0005175632997137787,0.5135972797870636,0.0017012575401422377
1738,0.6933332681655884,0.0005468975062773609,0.5135655999183655,0.0015944152791671211
1739,0.6933346390724182,0.0005350963886943107,0.5135522484779358,0.001667666501879055
1740,0.6933220326900482,0.0005526716245233534,0.5136294662952423,0.0015102480226908657
1741,0.6933465600013733,0.0005419241781530755,0.5133993029594421,0.0016344547852524705
1742,0.6933318376541138,0.0005493420234909928,0.5136206448078156,0.0015797060290368191
1743,0.6933378577232361,0.0005522923028867554,0.5135533511638641,0.0014744232014566058
1744,0.6933463513851166,0.0005383416960296495,0.5135580897331238,0.00152175411233434
1745,0.6933458745479584,0.0005422192060926518,0.5134733617305756,0.0013917310846782319
1746,0.6933465301990509,0.0005437364926390439,0.5133354663848877,0.0012875862220078126
1747,0.6933483183383942,0.000537751640150497,0.5133941173553467,0.0013098397580215647
1748,0.693363606929779,0.0005181533555929312,0.5132570266723633,0.0013571285220507878
1749,0.6933627724647522,0.0005281000118415023,0.5132269561290741,0.0014543613015654204
1750,0.6933653354644775,0.0005151187825001469,0.5131970047950745,0.0015510883188979221
1751,0.6933484673500061,0.0005294487109938508,0.5133083760738373,0.001347898362226902
1752,0.6933526396751404,0.0005125056778924714,0.5132607817649841,0.001569042876363563
1753,0.6933590173721313,0.000499945917036225,0.5132485330104828,0.0016400603161044194
1754,0.6933456063270569,0.0005044977766754015,0.5132363140583038,0.0018594768094521339
1755,0.6933450102806091,0.0005172261249256915,0.5132416784763336,0.001756385617994487
1756,0.6933353841304779,0.0005300809137215142,0.513316810131073,0.0015549658289609244
1757,0.6933294534683228,0.000538130961787095,0.5133742094039917,0.0014776685087919447
1758,0.6933221817016602,0.0005255712009308485,0.513466089963913,0.001449809441926244
1759,0.6933190226554871,0.0005298701794789598,0.5133668482303619,0.0014466062814394158
1760,0.6933165490627289,0.0005284793334781003,0.5133545398712158,0.0012231858374831667
1761,0.6933238208293915,0.0005475297090050243,0.5133595764636993,0.000976416039451882
1762,0.6933202743530273,0.000529785885781938,0.5134851038455963,0.0010960287955257993
1763,0.6933487057685852,0.0005030647838260312,0.513524204492569,0.0010450311088276176
1764,0.6933456063270569,0.00048401440829910704,0.5134944915771484,0.0011882039532191246
1765,0.6933568716049194,0.0004581362433134181,0.5135163068771362,0.001161398557566196
1766,0.6933529078960419,0.00045312076834062176,0.5134696960449219,0.0013761788975777118
1767,0.6933468878269196,0.00045598675403936255,0.5135936141014099,0.001397252321833159
1768,0.6933305859565735,0.000464542564287074,0.5136320292949677,0.0014903547101937239
1769,0.6933389604091644,0.0004704852699271101,0.5136193931102753,0.001415164732450289
1770,0.6933342516422272,0.00047849317114417996,0.5135729610919952,0.0013881907494033168
1771,0.6933216154575348,0.00044823173391335804,0.513577401638031,0.001576207840610415
1772,0.6933179497718811,0.00042467164559576825,0.5136829316616058,0.0015251680070637224
1773,0.6933116018772125,0.00042892847729536856,0.5136030316352844,0.0014029842932306404
1774,0.6933060884475708,0.00042467164559576825,0.513607382774353,0.0011626629630215228
1775,0.6932997405529022,0.00040718070346374726,0.5135949552059174,0.0012786089432749923
1776,0.6932923197746277,0.00043461830184433924,0.513599306344986,0.0010868407825504244
1777,0.6932948529720306,0.0004379479028766999,0.5135369598865509,0.0010373603823986349
1778,0.6932839155197144,0.00045021263579337006,0.5136744678020477,0.0008469409208264156
1779,0.6932788491249084,0.00044591365724525885,0.5136122107505798,0.0007512254278581752
1780,0.693276584148407,0.0004503812231874136,0.5135999321937561,0.0006325399024514976
1781,0.693271666765213,0.00043230022517624006,0.5135050415992737,0.0005844082014520567
1782,0.6932696998119354,0.0004103838639505752,0.513493001461029,0.0006998062726748845
1783,0.6932537257671356,0.00041940328953190653,0.5136456489562988,0.0006284938049944518
1784,0.6932363510131836,0.00042644181323322583,0.5136826634407043,0.00048780762466508755
1785,0.693219006061554,0.00045586031349382984,0.5136703252792358,0.0003708922668958675
1786,0.6931979954242706,0.0004602857325874737,0.5137889087200165,0.00034699500379019055
1787,0.6932367980480194,0.00038518004854106054,0.5138254165649414,0.00048477305157230315
1788,0.6932647824287415,0.00034990313633744225,0.5137314200401306,0.0006680275488976704
1789,0.6932732164859772,0.0003290404463245497,0.5136703550815582,0.0006666367028968109
1790,0.6933058202266693,0.00028697789151067746,0.5135446488857269,0.0008487953821608949
1791,0.6933062970638275,0.00030543821115844907,0.5135813355445862,0.0007096686352264337
1792,0.6933034956455231,0.00028343755623576236,0.5136663019657135,0.0007310370874214569
1793,0.6932784020900726,0.0002670845790135355,0.5137187242507935,0.0008435270260970331
1794,0.6932621896266937,0.00022847806577755656,0.5138191878795624,0.000796280408916321
1795,0.6932606399059296,0.0002344629182661035,0.51385498046875,0.0008400709845191399
1796,0.6932431161403656,0.0002691076277420584,0.5140829086303711,0.000657069368284838
1797,0.6932719945907593,0.0002378768129954859,0.5139741599559784,0.0006330878114821392
1798,0.6932998597621918,0.000180177777384072,0.5139934718608856,0.0006995112447353083
1799,0.6933266222476959,0.00014140267675404947,0.5139490365982056,0.000765639650048901
1800,0.6946122646331787,0.00395994929868956,0.5122286975383759,0.017293989908929615
1801,0.694610059261322,0.003963152459176387,0.5122771561145782,0.017306212494997773
1802,0.6946157217025757,0.003980432667065854,0.5122459530830383,0.01759909094529998
1803,0.6946253180503845,0.004003782021140889,0.5122743248939514,0.01775048242515111
1804,0.6946050822734833,0.003961340144690419,0.5123420208692551,0.017510097874669225
1805,0.6945943832397461,0.003958684893234233,0.5124290883541107,0.017465949050854062
1806,0.694581151008606,0.0039326381408545,0.5125550329685211,0.01742203203470571
1807,0.6945588886737823,0.00391236550672076,0.5126607120037079,0.01729517002068792
1808,0.6945871710777283,0.003954217327292078,0.5125703811645508,0.017390126870382966
1809,0.6946060955524445,0.003975332898396036,0.5124804973602295,0.01726402349963837
1810,0.6946099996566772,0.004003782021140889,0.5125272274017334,0.017496084047539353
1811,0.6946188807487488,0.004013307208904351,0.5124185085296631,0.01745267279357313
1812,0.6946024298667908,0.003987344750221641,0.5125232338905334,0.01727253716303757
1813,0.6945994198322296,0.0039393394897677325,0.512608140707016,0.016956815120842465
1814,0.6945706009864807,0.0038992578368338723,0.51273113489151,0.01686050957199507
1815,0.6945984661579132,0.003900648682834732,0.5126229524612427,0.016873406507639403
1816,0.6946443021297455,0.0039433012935277565,0.5124386847019196,0.016777775308368187
1817,0.6946451663970947,0.003938032937463895,0.5124082267284393,0.016736724277918575
1818,0.6946554183959961,0.0039566618445057095,0.5123588740825653,0.0169925556483797
1819,0.6946568191051483,0.0039580526905065696,0.5122907161712646,0.017004988968690415
1820,0.6946755945682526,0.004007954559143468,0.5122988224029541,0.017124770312158377
1821,0.6946777701377869,0.004004624958111107,0.5121175646781921,0.0170296870219178
1822,0.6946816146373749,0.0039802219328232994,0.5119560360908508,0.016694703869953212
1823,0.6946728825569153,0.003960960823053821,0.5118894875049591,0.016494548486374976
1824,0.6946979463100433,0.003986881134888021,0.5118797123432159,0.016534587992460326
1825,0.6946762800216675,0.003938791580737091,0.5119074285030365,0.016309270940321086
1826,0.6946507096290588,0.0038745597836064884,0.5121782422065735,0.016217348663718826
1827,0.6946412324905396,0.0040031919652617366,0.5121864676475525,0.016442497128464025
1828,0.694981187582016,0.0035834515009417435,0.5120643377304077,0.016377000925878096
1829,0.6951708197593689,0.0033645829166246708,0.5118685066699982,0.016259284777987167
1830,0.6952314078807831,0.0032905309037910297,0.5117847621440887,0.01619446292497741
1831,0.6952569484710693,0.0032260040787208508,0.5117753744125366,0.015973149823446706
1832,0.6952510178089142,0.0032034555147675225,0.5118029117584229,0.016065872890170675
1833,0.6952674686908722,0.0031769030002056593,0.5117934942245483,0.016054071772587625
1834,0.6952755451202393,0.0031545230236463746,0.5117107331752777,0.01588653804975682
1835,0.6952759623527527,0.003146093653944196,0.5117382109165192,0.015771645740716125
1836,0.695259302854538,0.0031597070860132147,0.5118386447429657,0.015812275302680624
1837,0.6952802538871765,0.0031753435668107565,0.5117563307285309,0.015801148534673747
1838,0.6952430903911591,0.0031601285544983235,0.5119653940200806,0.015790063913515385
1839,0.6952224969863892,0.0031521628001297645,0.5121190249919891,0.0159073585929212
1840,0.6952157020568848,0.0031413732069109756,0.5121452510356903,0.015844896963428057
1841,0.6952118277549744,0.003140530269940758,0.5121713280677795,0.015782730361874487
1842,0.6952243149280548,0.0031428483466088572,0.512017160654068,0.015669903248410826
1843,0.6952387988567352,0.0031537222335246678,0.5119715332984924,0.015710069195041705
1844,0.6952248811721802,0.0031644696798949455,0.512069582939148,0.015902258824251385
1845,0.6952297687530518,0.0031590748832855515,0.5121135115623474,0.015967080677261138
1846,0.6952362656593323,0.0031291506208428166,0.5119608640670776,0.015753901917493037
1847,0.6952262818813324,0.003150856247825927,0.5120048224925995,0.01586908925447331
1848,0.6952288150787354,0.003119456845685311,0.5119953155517578,0.015757610840161994
1849,0.6952535808086395,0.003082325472147213,0.5117907822132111,0.015571363916592355
1850,0.6952694654464722,0.003054044936796403,0.5115872025489807,0.015486100842054816
1851,0.6952769160270691,0.0030537077620083164,0.511508047580719,0.01562585979171694
1852,0.6952628493309021,0.003042496700304418,0.5116406083106995,0.01561549166698326
1853,0.6952633261680603,0.0030348259738754357,0.5117198526859283,0.015729498892205228
1854,0.6952504813671112,0.003033940890056707,0.5117461383342743,0.015669397486228694
1855,0.6952453255653381,0.003028082478113693,0.5117723345756531,0.015758032308647103
1856,0.695233553647995,0.0030252586392634628,0.5118507444858551,0.01582154760935302
1857,0.6952378749847412,0.0030038058933714177,0.5117024481296539,0.015712387271709805
1858,0.6952462196350098,0.002960816107890306,0.5116590261459351,0.015357974422581699
1859,0.6952456533908844,0.0029557163392204874,0.5115984678268433,0.015274860837318214
1860,0.6952168047428131,0.0029219145667147505,0.5117457807064056,0.015094261591449033
1861,0.6952441036701202,0.002944336690122546,0.5116680264472961,0.01523178675814008
1862,0.6952549815177917,0.0029461490046085144,0.5115045607089996,0.015295639233634086
1863,0.6952414810657501,0.002953608996794943,0.5116510689258575,0.015359196681188514
1864,0.6952396929264069,0.002942313641394023,0.511591225862503,0.015277010326592271
1865,0.695216029882431,0.0029267193074449926,0.5116856098175049,0.015122542126799844
1866,0.6952284276485443,0.0029497314867319405,0.5115917921066284,0.015137799285960788
1867,0.6952095031738281,0.0029220410072602833,0.5116857588291168,0.014984342610532622
1868,0.6952132880687714,0.0029184585251368573,0.5117113292217255,0.01516810287004012
1869,0.6952093243598938,0.0029346850618135515,0.5117537379264832,0.015327038635774701
1870,0.6952158808708191,0.0029126001131938428,0.5117282569408417,0.015198111426179876
1871,0.6952046155929565,0.0029131058753759736,0.5117029249668121,0.015213031410552734
1872,0.6952004432678223,0.0029131058753759736,0.5117956399917603,0.015204054131819912
1873,0.6952102780342102,0.0028881549410575244,0.511719822883606,0.015242660645055892
1874,0.6952044665813446,0.0029148338961649204,0.511610746383667,0.01551838532801416
1875,0.695184201002121,0.002936750257390585,0.5116695463657379,0.015698225930610144
1876,0.695158839225769,0.002950279395762582,0.5117448568344116,0.01580641689073761
1877,0.6951491832733154,0.0029514595075208873,0.511803150177002,0.015843421823730174
1878,0.6951553225517273,0.002907458197675514,0.5118445754051208,0.015621476519471808
1879,0.6951661109924316,0.0029096498337980803,0.5117197930812836,0.01563525853893487
1880,0.6951505541801453,0.002895151317910333,0.5118274688720703,0.015555221673612682
1881,0.6951524317264557,0.002844617246545771,0.5117197930812836,0.015358690919006383
1882,0.6951402425765991,0.00282712630441375,0.5117115378379822,0.0152562319302764
1883,0.6951040625572205,0.0028325211010231444,0.5119502246379852,0.015456893076036766
1884,0.6950957477092743,0.002840065386906594,0.5119743645191193,0.01544762076936437
1885,0.6950890123844147,0.0028557440145526468,0.5119328498840332,0.015438390609540484
1886,0.6950710713863373,0.002850517805337296,0.5120223760604858,0.015521757075895032
1887,0.6950871646404266,0.002857682769584148,0.5118829905986786,0.015420056730438244
1888,0.6950742602348328,0.002908301134645732,0.5119722485542297,0.01573341854911674
1889,0.6950839459896088,0.002873698572018288,0.5119798183441162,0.01570071259467229
1890,0.6950899660587311,0.0028675451321356973,0.511857658624649,0.01571398885195322
1891,0.695077121257782,0.002872813488199559,0.5118492841720581,0.015704337223644227
1892,0.6950799226760864,0.002860422314737356,0.5116632282733917,0.015763216371013945
1893,0.6950783729553223,0.0028708747331680578,0.5115585327148438,0.01589028911927429
1894,0.6951062977313995,0.0028659435518922833,0.5113095343112946,0.01572106952250305
1895,0.6951027512550354,0.0028466824421228046,0.5113184154033661,0.01564335073384896
1896,0.6950948536396027,0.0028173060887107114,0.5112951993942261,0.015611276982132171
1897,0.6950817406177521,0.002787297532570955,0.511288046836853,0.015375844686350316
1898,0.6951192021369934,0.0028337012127814492,0.5110575556755066,0.01550236952558002
1899,0.6951261460781097,0.002822195123137975,0.5109076201915741,0.01538069157392907
1900,0.6947904527187347,0.0029224203288968813,0.4998404085636139,5.643463015608711e-05
1901,0.6947894096374512,0.0029172362665300412,0.4998607188463211,2.8133021381021766e-05
1902,0.6947811543941498,0.0028886185563911444,0.49980151653289795,0.00016841880664953256
1903,0.6947746872901917,0.002861265251707574,0.499703049659729,8.39986690822118e-05
1904,0.694766491651535,0.00288086353626514,0.499822273850441,2.7922287138467295e-05
1905,0.6947665512561798,0.0028964578702141705,0.4996848553419113,0.0002228514615013522
1906,0.6947582364082336,0.0028781239911119315,0.49976421892642975,0.00016671185928484133
1907,0.6947506964206696,0.0028658592581952613,0.4997648149728775,0.0001662903907997324
1908,0.6947531998157501,0.002870579705228482,0.4997263103723526,0.0002764622528072094
1909,0.694757729768753,0.002875300152261702,0.499687984585762,0.0004963845083370544
1910,0.694729745388031,0.0028506442458828287,0.4998638480901718,0.0004676825045011356
1911,0.6947081685066223,0.0028427206383627806,0.4999805837869644,0.0003018346556107676
1912,0.6947203278541565,0.002814313662466438,0.4998257905244827,0.0001916206467547797
1913,0.6946994960308075,0.002792860916574393,0.4999420791864395,8.191240008092254e-05
1914,0.6947067379951477,0.0027796689529904833,0.49990369379520416,2.724793756229299e-05
1915,0.6947068870067596,0.0027482695508498673,0.49998079240322113,2.7163643865271203e-05
1916,0.6947319805622101,0.0027374799576310783,0.4998275190591812,0.00013552319138677977
1917,0.6947447955608368,0.002747173732788584,0.4996941089630127,5.4074406639477046e-05
1918,0.6947441101074219,0.0026928464450580417,0.49973298609256744,0.00026971875704546636
1919,0.6947695016860962,0.0027142570441015756,0.4995433837175369,0.0003228659330177037
1920,0.6947638988494873,0.0026853443060231024,0.4994875490665436,0.0004562817819789388
1921,0.694762647151947,0.002663596532191481,0.4994698613882065,0.0007497292147360385
1922,0.6947625279426575,0.0026775049922000763,0.49943335354328156,0.0006410746392749537
1923,0.6947585940361023,0.002679443747231577,0.4993405193090439,0.0005062890177371146
1924,0.6947478652000427,0.0026706772027413114,0.49939849972724915,0.0003721566723511943
1925,0.6947298049926758,0.0026395728285402713,0.49943743646144867,0.00047733413281013035
1926,0.6947408616542816,0.002647285701817765,0.4993078410625458,0.0005555797570706052
1927,0.6947548389434814,0.0026220397395597395,0.49917885661125183,0.0006861928406058657
1928,0.6947495639324188,0.002586847121053143,0.4993297606706619,0.0009478615495857513
1929,0.6947431266307831,0.0025783334576539424,0.49944280087947845,0.000998142739859248
1930,0.6947328448295593,0.0025771954927441484,0.4994441270828247,0.0008385536979727477
1931,0.6947108805179596,0.0025835596668692933,0.499537855386734,0.0007058332720119424
1932,0.6947204768657684,0.002558187264065735,0.49940985441207886,0.0007824140957562368
1933,0.6946918368339539,0.002552328852122721,0.4995768219232559,0.000650473386492883
1934,0.6946853995323181,0.0025593252289755294,0.49959617853164673,0.0005191648799571926
1935,0.6946914494037628,0.0025759732341373324,0.49965205788612366,0.0003366690259050215
1936,0.6946700215339661,0.0025723907520139064,0.49981729686260223,0.000361725327344748
1937,0.6946708858013153,0.0025357651406579394,0.49969013035297394,0.0005413130488496674
1938,0.6946735084056854,0.002542002874237552,0.499799981713295,0.00043721033302775923
1939,0.6946730315685272,0.0025234582608927585,0.4997822791337967,0.0004618240925581214
1940,0.6946499943733215,0.002529232379138751,0.49996379017829895,0.00025595781100665947
1941,0.6946460902690887,0.0025274200646527825,0.5001806020736694,0.0001532459411856107
1942,0.6946628391742706,0.0025063466403973354,0.4999639689922333,0.00015286661954901266
1943,0.6946549713611603,0.0024697631758898793,0.5000359565019608,0.00015255051818518096
1944,0.6946299970149994,0.0024339383546556196,0.5001255571842194,0.00012681986716928014
1945,0.6946167945861816,0.0024097039167618553,0.5002862811088562,0.00010123673012316747
1946,0.6945974826812744,0.0023919179466902582,0.5004284381866455,0.0001009838490321021
1947,0.6945700347423553,0.002416573853069131,0.5005877614021301,0.00017634241416958062
1948,0.6945847272872925,0.002452525114848924,0.5005508959293365,0.00027644117938295396
1949,0.6945862174034119,0.002475368706741828,0.5006028115749359,0.0003510411012472364
1950,0.7026328444480896,0.002234710201744623,0.5,0.02209708691207961
1951,0.7021300792694092,0.003473406079479799,0.51171875,0.016572815184059706
1952,0.6955591440200806,0.010701759186492169,0.5208333432674408,0.029462796598388984
1953,0.7029712200164795,0.009046399564378294,0.490234375,0.02485922277608956
1954,0.701395720243454,0.008823569176301197,0.4859374910593033,0.03314560929469516
1955,0.7013680636882782,0.007901396130882837,0.4869791716337204,0.022097107985503867
1956,0.7008134722709656,0.005298111738910445,0.4854910671710968,0.014205258115808746
1957,0.7007972896099091,0.004430097393828583,0.4833984375,0.00966747552403483
1958,0.6993488669395447,0.004695074630416574,0.4869791567325592,0.011048543456039806
1959,0.6988054513931274,0.00570095131697757,0.48828125,0.020992249425215034
1960,0.6987821757793427,0.005715829154501916,0.4865056723356247,0.027119157866667954
1961,0.697922021150589,0.005433866737964035,0.4889322966337204,0.03222491138897468
1962,0.6975179314613342,0.004705189874059188,0.48798078298568726,0.02719643411341268
1963,0.6970469653606415,0.005159827928946202,0.4921874850988388,0.02841053730504175
1964,0.6968865394592285,0.00474345921250708,0.4937500059604645,0.029462796598388984
1965,0.6960955858230591,0.004812495750367924,0.49609375,0.029002426572104487
1966,0.6960275769233704,0.0043127184207257425,0.49494484066963196,0.03054597060511896
1967,0.6957442760467529,0.0035687422508114412,0.4969617873430252,0.025166115053521638
1968,0.6955240666866302,0.0035236872697532954,0.49835526943206787,0.02093408677427
1969,0.6950788199901581,0.003742935175706966,0.49882814288139343,0.02154466816864732
1970,0.6945542395114899,0.0038322022008530398,0.5040922462940216,0.0226232060220411
1971,0.6945104598999023,0.003564780447051417,0.5049715787172318,0.022097065838655356
1972,0.6941925883293152,0.003792289135313223,0.5054347962141037,0.024018582809115525
1973,0.694250226020813,0.003672760672936328,0.5058593600988388,0.023938503796944826
1974,0.6942892074584961,0.0035089780196229936,0.5078124850988388,0.02430678295923302
1975,0.6939061880111694,0.0044521401955997806,0.5084134787321091,0.029746086640654958
1976,0.6937943994998932,0.0045529133103893275,0.5078125,0.029053592846196713
1977,0.6934414207935333,0.005287448586237189,0.5066964328289032,0.0339348301064859
1978,0.6936240494251251,0.00549160792042396,0.5059267282485962,0.03581251435449474
1979,0.6935593783855438,0.005468427153742968,0.5078125149011612,0.0368284852112741
1980,0.6936489939689636,0.005219718600680183,0.5052923411130905,0.03599688574330565
1981,0.6934203505516052,0.005559422199677988,0.50537109375,0.03659830019813185
1982,0.6934014558792114,0.005381393911567972,0.5044981092214584,0.0351544545352699
1983,0.6935210227966309,0.005098757145453916,0.5029871463775635,0.032820678166100424
1984,0.6939149796962738,0.004373536323126963,0.5020089447498322,0.03188295293358154
1985,0.6937149167060852,0.0043831036577389355,0.501953125,0.030383494504109463
1986,0.6940557956695557,0.0038343516901270954,0.5006334483623505,0.026576243237574872
1987,0.6939851939678192,0.003981823513066714,0.4987664371728897,0.02849360874345672
1988,0.6942539215087891,0.0034767778273606703,0.4971954971551895,0.027196413039988425
1989,0.6942818462848663,0.00356962733463017,0.4964843839406967,0.028726217200388343
1990,0.6942740678787231,0.0034834370294253916,0.4963795840740204,0.028295076013546153
1991,0.6942867338657379,0.003334532213636403,0.4962797611951828,0.02735829908511877
1992,0.6943919360637665,0.003532200933152496,0.49400435388088226,0.029548417921138864
1993,0.6942470967769623,0.00352672184284608,0.4941406399011612,0.02887689218381479
1994,0.6942380666732788,0.0034461792153417615,0.49427084624767303,0.029708323064389197
1995,0.6941954791545868,0.0034151169879892327,0.4930367022752762,0.028582117125329598
1996,0.6941357851028442,0.003354046204496947,0.49418218433856964,0.027503832153026885
1997,0.6941002011299133,0.003216141716169302,0.4944661408662796,0.02624026963467028
1998,0.6941728293895721,0.003103567483796704,0.4939413219690323,0.026606694335623994
1999,0.6941522657871246,0.003084348520875736,0.4945312440395355,0.025853593373007085
2000,0.6923796534538269,0.000994328450069012,0.5100542604923248,0.006206671352259788
2001,0.6923813223838806,0.0009960986177064695,0.5100087523460388,0.006275244274787013
2002,0.6923888325691223,0.001010175665109108,0.5100428462028503,0.006511940976024194
2003,0.6923899352550507,0.0010194901186300158,0.5098986327648163,0.006775400926065792
2004,0.6923869848251343,0.0010272872856045311,0.50985386967659,0.006786190519284581
2005,0.6923999488353729,0.0009948763590996537,0.5097896456718445,0.0066576847781748645
2006,0.6923793852329254,0.0010199958808121464,0.5098043084144592,0.006696544172501909
2007,0.692388653755188,0.000993906981583903,0.5096425414085388,0.0064302603836100805
2008,0.6923620402812958,0.0010186471816597978,0.5097748041152954,0.006469456952725212
2009,0.6923463940620422,0.0010342836624573396,0.5099844038486481,0.0063981866318932904
2010,0.6923337876796722,0.0010567479327136461,0.5099400877952576,0.006519780289847219
2011,0.6923085153102875,0.0010803501678797467,0.5101094245910645,0.006448720703257852
2012,0.6923069357872009,0.0010824996571538023,0.5100843906402588,0.0064327049008237125
2013,0.6923018395900726,0.0010644186591426289,0.5101560056209564,0.006444126696770165
2014,0.6923060119152069,0.0010551463524702321,0.510073184967041,0.00640101047074352
2015,0.6923159658908844,0.0010489086188906198,0.509990781545639,0.006412432266689972
2016,0.6922867000102997,0.0010732694973299166,0.5100812613964081,0.006559356180598949
2017,0.6922627091407776,0.0010817410138806063,0.5101521909236908,0.00662443091469977
2018,0.6922599673271179,0.001062353463565595,0.5102799832820892,0.0065003505926836975
2019,0.6922419667243958,0.0010581387787145056,0.5103310346603394,0.006538324903192013
2020,0.692317932844162,0.000997826638495416,0.5102110505104065,0.006280891952487472
2021,0.6923176050186157,0.0009528559511342923,0.51014843583107,0.006105013153651511
2022,0.6922624409198761,0.0009644463344747881,0.5102561116218567,0.0061169407117800945
2023,0.6922524571418762,0.0008731984074487025,0.5103444159030914,0.00599559993491723
2024,0.6922692954540253,0.0008381743763361497,0.5102631449699402,0.0057951073765509075
2025,0.6922532618045807,0.0007895369131545779,0.5103510320186615,0.0056220945634136875
2026,0.6922460496425629,0.0008171852457777243,0.5103075504302979,0.005740906529365898
2027,0.6922712028026581,0.0008050469534065869,0.510170966386795,0.005621588801231557
2028,0.6922504901885986,0.0008319787896050482,0.5102211833000183,0.005766194638472434
2029,0.6922829747200012,0.0009062415366812435,0.5103083252906799,0.005857569006044052
2030,0.6922743916511536,0.0009069158862574178,0.5103394687175751,0.005712625994015088
2031,0.6922554671764374,0.0009242382409953953,0.5103889405727386,0.006012795849109675
2032,0.6922892928123474,0.0009313610583937364,0.5102353096008301,0.005972545608781772
2033,0.6922833621501923,0.0009054407465595365,0.5102111995220184,0.005698296065521384
2034,0.6922884881496429,0.0008978543138275756,0.5102422833442688,0.005503198303764455
2035,0.6922715604305267,0.0008914479928539197,0.5105479061603546,0.005490259221271611
2036,0.6922765672206879,0.0008824285672725884,0.5104684233665466,0.005348266488638409
2037,0.6922812163829803,0.0008725662047210391,0.5104804635047913,0.00528420327890185
2038,0.692287415266037,0.0008692787505371894,0.5104015171527863,0.005297648123576825
2039,0.6922912001609802,0.0008855052872138836,0.5104136168956757,0.005285341243811644
2040,0.6922754645347595,0.0009018582644361104,0.5105705261230469,0.005426659626868672
2041,0.6922776997089386,0.0009023218797697304,0.5104919075965881,0.005541804817000434
2042,0.6922638118267059,0.0008839458538189805,0.5107019245624542,0.0054525799387028714
2043,0.6922658085823059,0.0008801947843015109,0.5106952786445618,0.0054655190211957165
2044,0.6922529339790344,0.0008983179291611954,0.5107245147228241,0.005529034321901633
2045,0.6922639608383179,0.0008935974821279752,0.5107536315917969,0.005642872959729558
2046,0.6922468543052673,0.0008989922787373697,0.5109254419803619,0.0057057139108593015
2047,0.6922584474086761,0.0009101611935927567,0.510722428560257,0.005692732681517946
2048,0.692256510257721,0.0009377673793673923,0.5106980502605438,0.00583055287614857
2049,0.6922332644462585,0.0009526030700432269,0.5106914937496185,0.00569197403824475
2050,0.6922115385532379,0.0009682395508407686,0.5108442008495331,0.0057791337209652785
2051,0.6922101974487305,0.0009706419212058895,0.5109608769416809,0.005816012213412311
2052,0.692200243473053,0.0010027578197711908,0.5109009742736816,0.0059523151214965426
2053,0.6921747922897339,0.0010374868229441675,0.5109818577766418,0.005988645704912933
2054,0.6921679079532623,0.0010843119716397707,0.5108344852924347,0.00614876158240582
2055,0.6921840906143188,0.0010756718676950374,0.510705292224884,0.005937057962335598
2056,0.6921860575675964,0.0010927834881904604,0.5107860863208771,0.006170677943631484
2057,0.6921873688697815,0.0011073662977752299,0.5106575787067413,0.006255393109138381
2058,0.6921575367450714,0.0011186195063276384,0.5107381045818329,0.0061923414237660835
2059,0.692150890827179,0.0011189988279642366,0.510644942522049,0.005884416548545492
2060,0.692147433757782,0.0011232978065123477,0.5107251405715942,0.006018148498870559
2061,0.6921384930610657,0.00112717531657535,0.5106842219829559,0.0059316210188776934
2062,0.6921276450157166,0.0011230449254212823,0.5109362006187439,0.005723710615173453
2063,0.6921141445636749,0.001127976106697057,0.5109809041023254,0.005856894656467878
2064,0.6921075880527496,0.001123592834451924,0.510991096496582,0.0057470599692484884
2065,0.6920943856239319,0.0011098108149888617,0.5111894309520721,0.005661881188407971
2066,0.6921305060386658,0.0010585602471996146,0.5110966861248016,0.005456373155068852
2067,0.6921408176422119,0.001026865817119422,0.5111917555332184,0.005420379746440549
2068,0.692121833562851,0.001040142074400354,0.511235386133194,0.005264352113253219
2069,0.6921572089195251,0.0010542612686515033,0.5110583305358887,0.005372880248168771
2070,0.6921554505825043,0.00104090071767355,0.5110682249069214,0.005169732438346262
2071,0.692145973443985,0.001058012338168973,0.511162519454956,0.005182460786596552
2072,0.6921356618404388,0.0010875151321265988,0.5112058520317078,0.005361922067555939
2073,0.6921374201774597,0.0010892431529155454,0.5112153589725494,0.005302790039095154
2074,0.6920939385890961,0.0011090943185641765,0.5114597380161285,0.005433782444267013
2075,0.6920799612998962,0.0011461413984052524,0.5115188956260681,0.005635286526997597
2076,0.6920563876628876,0.0011881618063706136,0.5115443766117096,0.005694081380670295
2077,0.6920405626296997,0.0011835677998829261,0.5117197930812836,0.005634822911663977
2078,0.6919963657855988,0.0012216264040882635,0.5118112862110138,0.005646286854458941
2079,0.6919701099395752,0.0012224271942099705,0.5119853913784027,0.005634317149481847
2080,0.6919540166854858,0.001234902661369195,0.5120759308338165,0.005739515683365039
2081,0.6919518113136292,0.001280336964063939,0.5120669007301331,0.005984515313758865
2082,0.6919111609458923,0.0013878114277667186,0.5121404230594635,0.006391780310919634
2083,0.6918959617614746,0.001371795625332579,0.5122465193271637,0.006192088542675019
2084,0.6918748319149017,0.0013925740216484497,0.512253612279892,0.0062719989674516734
2085,0.6917736232280731,0.0015158957003913256,0.5125721096992493,0.006513795437358673
2086,0.6917232275009155,0.001575364903640197,0.5127584338188171,0.00670834529008496
2087,0.6916186511516571,0.0016576776987819732,0.5131725072860718,0.006671256063395373
2088,0.6915160119533539,0.0018131152760901504,0.5134056508541107,0.006979813141343628
2089,0.6915227770805359,0.0017986589070509136,0.5133939981460571,0.006850380169566672
2090,0.6915228962898254,0.0018252957153097988,0.5134311020374298,0.007019684060034934
2091,0.6915125846862793,0.0017875321390440377,0.5134841799736023,0.006890672556743087
2092,0.6915090382099152,0.001765152162484753,0.5135694146156311,0.006944957697625118
2093,0.6915186941623688,0.001712637189240179,0.5136542618274689,0.006862223433998234
2094,0.6915303468704224,0.0016463401965325427,0.5137226581573486,0.006620595551485278
2095,0.6915435492992401,0.0016162894935442752,0.513758659362793,0.0065161556608752825
2096,0.6915445327758789,0.001593740929590947,0.5138426125049591,0.006434854390097768
2097,0.6915686726570129,0.0015999786631705592,0.5137663185596466,0.006444295284164209
2098,0.6915982961654663,0.0015800010569763955,0.5136264860630035,0.006408554756626971
2099,0.691645085811615,0.0015323751181590853,0.5135191082954407,0.006282915001215995
2100,0.694116085767746,0.0007353360659695682,0.5052465498447418,0.005727040216205814
2101,0.6940407156944275,0.0006428237334881558,0.5055515766143799,0.006050180103738838
2102,0.6941268742084503,0.0007387078138504397,0.5053985416889191,0.005894447498491085
2103,0.6940959990024567,0.0007755441594489611,0.505424439907074,0.0057114880291052935
2104,0.6940577030181885,0.0008382165231846606,0.5055489838123322,0.005557441297797976
2105,0.6940760910511017,0.000831683761665472,0.5054955780506134,0.005543448544092359
2106,0.6941175162792206,0.0007964489963103646,0.5053442418575287,0.0056128222567412905
2107,0.6940843164920807,0.0007704865376276538,0.5055464208126068,0.0057373240472424715
2108,0.6940605044364929,0.0007898319410941542,0.5056107342243195,0.005557104123009889
2109,0.694081574678421,0.0007595283570148213,0.5055577456951141,0.005653536112402814
2110,0.6940732896327972,0.0007605398813790829,0.5055438876152039,0.005639501211848687
2111,0.6940430998802185,0.0007218069275975712,0.5057047307491302,0.005872446843568398
2112,0.6940155029296875,0.0007391714291840595,0.5057874023914337,0.0058852594855157096
2113,0.6940151154994965,0.000742163855428333,0.5057344734668732,0.0057615163382877255
2114,0.6940162479877472,0.0007239564168716268,0.5056240260601044,0.005883489317878253
2115,0.6939960420131683,0.0006943693292169792,0.5056486427783966,0.005705966791950367
2116,0.6939892768859863,0.000684886288302028,0.5055772960186005,0.005827518303055785
2117,0.693946897983551,0.0006934842453982504,0.5058121681213379,0.005732139984875632
2118,0.6938578188419342,0.0006432873488217756,0.5059696435928345,0.005745121214216988
2119,0.6938891112804413,0.0007054118035268334,0.5059931576251984,0.005515884505166235
2120,0.6938675045967102,0.0007454091627636718,0.5059975683689117,0.00547559211798982
2121,0.6938574612140656,0.0006827367990279725,0.506172388792038,0.005676548291689763
2122,0.6938407123088837,0.0006538240609494991,0.5063274502754211,0.005636129463967816
2123,0.6938154697418213,0.00069205125254888,0.5063121914863586,0.0056225581787473075
2124,0.693822056055069,0.0007360104155457425,0.5062593817710876,0.005608986893526799
2125,0.6938039064407349,0.0007602448534395065,0.5061881244182587,0.0056220945634136875
2126,0.6938274502754211,0.0007349567443329701,0.5062107145786285,0.005608607571890202
2127,0.6937708556652069,0.0007694750132633924,0.5063078701496124,0.005647972728399377
2128,0.6937651336193085,0.0007722567052651113,0.5063486695289612,0.005660827517195199
2129,0.6937572658061981,0.0007867552211528589,0.5062964558601379,0.0056999397926133085
2130,0.6937672793865204,0.0007425010302164202,0.5063371062278748,0.0057650145267141295
2131,0.6937417984008789,0.0007325122271193383,0.5065254271030426,0.005725270048568356
2132,0.6937445402145386,0.0006692076606559755,0.5063624978065491,0.006181172508910697
2133,0.6937010884284973,0.0006378504053638703,0.5063475370407104,0.0065309070578540955
2134,0.693678230047226,0.0006278616022667884,0.5064978003501892,0.006437678228947998
2135,0.6936825811862946,0.0006334249862702265,0.5064276456832886,0.006655661729446342
2136,0.6936914920806885,0.0006592610044074044,0.5063395202159882,0.006640109542345822
2137,0.6937069594860077,0.00067413884193175,0.5062518119812012,0.006676145097822637
2138,0.6936958432197571,0.0006712307093844984,0.5062918365001678,0.006480625867580599
2139,0.6936941742897034,0.0006708935345964112,0.5062953531742096,0.006337242288946538
2140,0.693699300289154,0.0006869936307275727,0.5063712894916534,0.006194617353585672
2141,0.6936966776847839,0.0006783113799343286,0.5063746273517609,0.00620582841528957
2142,0.6937134563922882,0.000723872123174605,0.5063058435916901,0.005962219630896603
2143,0.6937101185321808,0.0007265695214793022,0.5062374174594879,0.006024765554086769
2144,0.6937038898468018,0.000733017989301469,0.506294846534729,0.006061644046533802
2145,0.693720281124115,0.0007526584207075456,0.5062446296215057,0.005895964785037477
2146,0.6937268078327179,0.000768042020414022,0.5061946511268616,0.0056804679486012755
2147,0.6937334835529327,0.0007527848612530783,0.5059846043586731,0.005944644395067559
2148,0.6937335729598999,0.000745746337551759,0.5060243308544159,0.006006473821833041
2149,0.693743497133255,0.0007529534486471218,0.5060283839702606,0.005817318765716149
2150,0.69371697306633,0.0007707394187187192,0.5060677826404572,0.0057791337209652785
2151,0.6936999559402466,0.0007806439281187792,0.5062129199504852,0.005741117263608452
2152,0.6936907768249512,0.0007705286844761647,0.5062517821788788,0.005753086968585546
2153,0.6936874985694885,0.0007595705038633322,0.5062376856803894,0.005889263436124245
2154,0.6936674118041992,0.0007615935525918552,0.5063289105892181,0.0057768577911456905
2155,0.6936538219451904,0.0007541757072539378,0.5063846707344055,0.005862879508956425
2156,0.6936361491680145,0.0007586011263475817,0.5063878893852234,0.005677011907023383
2157,0.6936374008655548,0.0007415737995491805,0.5064955353736877,0.005590442280182006
2158,0.6936132311820984,0.0007317535838461421,0.5066548585891724,0.0057254807828109105
2159,0.6936090886592865,0.0007429224987015291,0.5066227614879608,0.00559014725224243
2160,0.6935921907424927,0.0007524055396164802,0.5066426694393158,0.005773486043264819
2161,0.6935734748840332,0.0007788737604813217,0.506628006696701,0.005467837097863816
2162,0.6935499310493469,0.0007868816616983916,0.5067683756351471,0.005333978706993216
2163,0.6935626268386841,0.0007679998735655111,0.5067019462585449,0.005297943151516401
2164,0.6935341954231262,0.000787893186062653,0.506807267665863,0.0053105872060696694
2165,0.6934964656829834,0.0008195876161428454,0.5068265795707703,0.00520218551169965
2166,0.6934621334075928,0.0008501019344647326,0.5070506632328033,0.005190763715753198
2167,0.6934860050678253,0.000811368980683221,0.5070012509822845,0.005179468360352279
2168,0.6934447884559631,0.000825319587540327,0.5071899592876434,0.0050720781903465205
2169,0.6934499740600586,0.0008356877122740069,0.5071065127849579,0.004869183261615077
2170,0.6934272646903992,0.0008668763801720685,0.5071080327033997,0.004547476366931423
2171,0.6933999359607697,0.0009151345217170421,0.5071264505386353,0.004442109245654188
2172,0.6934079825878143,0.0009096554314106259,0.5071784853935242,0.004384873825376393
2173,0.6933736801147461,0.0009082645854097663,0.5072303116321564,0.004470558368399041
2174,0.6933013796806335,0.0009646570687173426,0.5075167715549469,0.00455586358978509
2175,0.6932632327079773,0.0009960143240094477,0.5077350735664368,0.004451381552326584
2176,0.6932375133037567,0.0010027999666197018,0.5078020393848419,0.0044655007465777335
2177,0.6931988298892975,0.0010149382589908391,0.5077854096889496,0.00440877108848207
2178,0.6932333707809448,0.0010426287384624965,0.5076024532318115,0.004258264692449667
2179,0.6932107508182526,0.0009938648347353923,0.5076859295368195,0.004483961066225505
2180,0.693146675825119,0.001043682409675269,0.5077855885028839,0.004357351933298779
2181,0.6931354105472565,0.001050425905437012,0.507851779460907,0.004277989417552766
2182,0.6931244432926178,0.0010035586098928978,0.5079341530799866,0.004315584406424483
2183,0.6931188404560089,0.0010235362160870615,0.5078845322132111,0.004306522833994642
2184,0.6930736005306244,0.001112466066445048,0.5079500675201416,0.004181304547068775
2185,0.693048894405365,0.0011039102561973364,0.5078350305557251,0.004265261069302476
2186,0.693052351474762,0.0010976725226177241,0.5078840553760529,0.004117536365271793
2187,0.6930196583271027,0.0011188723874187038,0.5078186094760895,0.00413203488115954
2188,0.6929470002651215,0.0012201091175418712,0.5078674852848053,0.0038469535978318528
2189,0.6929376721382141,0.0012978700530444707,0.5078348517417908,0.003953880152503991
2190,0.6928019821643829,0.0014546984763535076,0.5079807937145233,0.003762154138627934
2191,0.692767471075058,0.0016021281524446148,0.5079480707645416,0.0035025295518008267
2192,0.6927275359630585,0.0016445278820465742,0.5079962611198425,0.0033582608893480363
2193,0.6926352977752686,0.001693544666864744,0.5081732273101807,0.003214540135925888
2194,0.6927913725376129,0.0015127768336015196,0.5082529187202454,0.002843900750121086
2195,0.6927485764026642,0.0015902427411645427,0.5082519948482513,0.0027699330309844668
2196,0.6926713585853577,0.0016551910347198304,0.5084753930568695,0.0026056446154890016
2197,0.6926703155040741,0.0016370257430116351,0.5085379779338837,0.0026229248233784683
2198,0.6926348805427551,0.0016635361107249875,0.5086801052093506,0.002482196496200593
2199,0.6925815939903259,0.001697927939109877,0.5089012682437897,0.0024545903104259575
2200,0.6663278937339783,0.03453647636897892,0.5813118517398834,0.07961442745956307
2201,0.6664421558380127,0.0343526318157744,0.5812042355537415,0.07949603696209598
2202,0.6665515899658203,0.03419137797337172,0.5810971856117249,0.07949055787178956
2203,0.6665011346340179,0.03423314550024601,0.5812678337097168,0.07937313675183821
2204,0.6665497422218323,0.03413616560182245,0.5810821354389191,0.0792562635409175
2205,0.666624128818512,0.033996069477372236,0.5810156166553497,0.07914002253272445
2206,0.6666692197322845,0.03399063253391433,0.5808314979076385,0.07913547067308528
2207,0.6670319139957428,0.033475513751414186,0.5808051228523254,0.07885380328448698
2208,0.6670783460140228,0.03332538667701838,0.5806420147418976,0.07832473389512971
2209,0.6670882701873779,0.03329483021184798,0.5806747078895569,0.0782395551142892
2210,0.6671066284179688,0.03311435740652433,0.5807072818279266,0.07787966317485467
2211,0.6671389937400818,0.0330206228154361,0.5807202756404877,0.07754906329513522
2212,0.6672087907791138,0.03296642196825109,0.5806364119052887,0.07741166456898971
2213,0.6671867668628693,0.03293443251023132,0.5806109011173248,0.07719300671891519
2214,0.6671963334083557,0.03286880986709986,0.5806625485420227,0.07692103310547439
2215,0.6672613322734833,0.03291437061034014,0.5805025994777679,0.07678620533708805
2216,0.6674402058124542,0.03293308381107898,0.5802284479141235,0.07670625276546288
2217,0.6675414144992828,0.032789700232444915,0.5801850855350494,0.07657260510883483
2218,0.6675693392753601,0.0327451510135689,0.5801609754562378,0.07635870985264205
2219,0.6675948798656464,0.03267935978304339,0.5801369845867157,0.0760381830697167
2220,0.6675724983215332,0.03266726363752077,0.580170065164566,0.07601449654085357
2221,0.6676333248615265,0.032578881696193426,0.5802029669284821,0.07593736780807864
2222,0.6676895320415497,0.03249062619541161,0.5799713134765625,0.07575381828281369
2223,0.6677125692367554,0.032464284415092304,0.5798726379871368,0.07581092726254596
2224,0.667792797088623,0.032379569249585405,0.5796240568161011,0.07560192104078044
2225,0.6678315997123718,0.03231921496251781,0.5796392261981964,0.075606093578783
2226,0.6678076386451721,0.032368189600487464,0.5796168744564056,0.07582188544315879
2227,0.6678348183631897,0.032341215617440494,0.5795200169086456,0.07571997436345944
2228,0.6678633689880371,0.03228305296649546,0.579609751701355,0.0755658433384551
2229,0.6679130792617798,0.03219597757747195,0.5795876681804657,0.07525484174329322
2230,0.6679926812648773,0.03210220083953521,0.5793618261814117,0.07507639198669809
2231,0.6680081188678741,0.03207573261867037,0.5792664885520935,0.075186268820766
2232,0.6680166721343994,0.03206903126975714,0.5792638063430786,0.07526963528712054
2233,0.6680767238140106,0.03201141652784274,0.5791323184967041,0.0751704216057259
2234,0.6681287884712219,0.03192547910372903,0.5790932476520538,0.07504570908098217
2235,0.6681510210037231,0.031882320730853876,0.5789994299411774,0.07494750692395177
2236,0.6682240962982178,0.03179591969140654,0.5789059996604919,0.07490144041852938
2237,0.6682456433773041,0.0317829806089137,0.5787219405174255,0.07482979077606085
2238,0.6682711243629456,0.03177585779151536,0.578575074672699,0.07480989746356372
2239,0.6682206094264984,0.0318452736510128,0.5786284506320953,0.07496976045996553
2240,0.6681951284408569,0.031885439597643686,0.5786091685295105,0.07502644797121269
2241,0.66811203956604,0.032010868618812104,0.5787344574928284,0.07538933233689148
2242,0.6681181490421295,0.032028359560944124,0.5787330567836761,0.07541929874618272
2243,0.668105810880661,0.032041593671376545,0.5787496268749237,0.07527119472051544
2244,0.6681245267391205,0.03202296476433473,0.5786047279834747,0.07530128757035222
2245,0.6680628955364227,0.03208685938667725,0.5787825584411621,0.07533125397964346
2246,0.6680400967597961,0.032170183706183283,0.5786561071872711,0.07558830760871141
2247,0.6680693328380585,0.032129680584764314,0.5785836279392242,0.07566788085869998
2248,0.6680916249752045,0.032077839961095915,0.5786181390285492,0.07559631550992849
2249,0.6679981350898743,0.03222236150463977,0.5786347389221191,0.07580085416575186
2250,0.6679898202419281,0.032270282471396655,0.5785451233386993,0.07590440897254312
2251,0.6680020987987518,0.03226522484957535,0.5784206390380859,0.07600745801715225
2252,0.6681954562664032,0.031991270334254536,0.5783671438694,0.07576144686239417
2253,0.6683057546615601,0.03182415807990884,0.5783490240573883,0.07576498719766908
2254,0.6683839857578278,0.031714955595417114,0.5782257914543152,0.07571892069224667
2255,0.6684109568595886,0.03170783277801878,0.5780506432056427,0.0757472855212945
2256,0.6683679223060608,0.0317787237772141,0.5779984593391418,0.07584957592263045
2257,0.6683796644210815,0.031767765596601265,0.5779290795326233,0.0759267889491024
2258,0.668414294719696,0.03171727367208522,0.5778599977493286,0.07610195125151367
2259,0.6684162616729736,0.03171803231535841,0.577877938747406,0.07600661508018204
2260,0.668403148651123,0.03176506819829657,0.5778611898422241,0.07635205065057732
2261,0.6683869957923889,0.03178850184606863,0.5779135823249817,0.07630543623612428
2262,0.6684377193450928,0.03169434578649529,0.5779484808444977,0.07603978464996011
2263,0.6684390306472778,0.031699319114619574,0.5778457522392273,0.07596977873458352
2264,0.6684423685073853,0.03168718082224844,0.5778806507587433,0.0758030036550259
2265,0.6684161722660065,0.0317520448221067,0.5777101218700409,0.07587895227604254
2266,0.6684261858463287,0.03173291015288276,0.5775573551654816,0.07583385514813588
2267,0.6684260070323944,0.03169801256231574,0.5776948630809784,0.07547577552318732
2268,0.6684617400169373,0.03165835237786699,0.5774918496608734,0.07540775050969074
2269,0.6684672832489014,0.031677908515576045,0.5773914456367493,0.07562779920576612
2270,0.6685061454772949,0.03164604549810181,0.5772407352924347,0.07553579263546684
2271,0.6684888303279877,0.03167339880278538,0.577175110578537,0.07561131978799836
2272,0.6684724390506744,0.03170711628159409,0.5771265923976898,0.07571036488199896
2273,0.6684623658657074,0.031712511078203484,0.5771287381649017,0.07559496681077614
2274,0.6684907376766205,0.031676686256969226,0.577030211687088,0.07543261715031217
2275,0.6684829890727997,0.03168326116533692,0.5769990682601929,0.0752709839862729
2276,0.66848424077034,0.03168342975273097,0.5770348906517029,0.07539354702174257
2277,0.6684870421886444,0.03169497798922295,0.5769705176353455,0.07532695500109536
2278,0.6684482991695404,0.03173164574742743,0.5770228803157806,0.07523714006691865
2279,0.6685096919536591,0.03159399414019085,0.577124834060669,0.07503032548127568
2280,0.6685223579406738,0.031553575312468905,0.5770606696605682,0.07519920790325883
2281,0.6684991419315338,0.03156331123447492,0.5770959854125977,0.07518036826197447
2282,0.6685879826545715,0.031453771575195105,0.5769827365875244,0.07490498075380429
2283,0.6684969365596771,0.031546536788767586,0.5770838856697083,0.07479371307373553
2284,0.6683600544929504,0.03171230034396093,0.5772831737995148,0.07482233078387443
2285,0.6684304773807526,0.031616163382507584,0.577235758304596,0.07492032220666225
2286,0.6685457527637482,0.03144049531791417,0.5771722197532654,0.07480972887616967
2287,0.6685653030872345,0.031390509155580254,0.5772884488105774,0.07486114803135296
2288,0.6685088574886322,0.031449514743495506,0.5773879289627075,0.07484327776758434
2289,0.6684080064296722,0.03153684301361008,0.5775520205497742,0.07500942064441428
2290,0.6684220433235168,0.03150822530347118,0.577764093875885,0.07510602122120125
2291,0.6684264540672302,0.031563943437202584,0.5777648389339447,0.07540825627187288
2292,0.6684480309486389,0.03151960495256912,0.5778786540031433,0.07559500895762464
2293,0.6685468852519989,0.0313755891712074,0.5778308212757111,0.07568979721992565
2294,0.6685440540313721,0.03137478838108569,0.5778957605361938,0.07567045181645915
2295,0.6685528755187988,0.031406567104862906,0.5779764950275421,0.07571930001388327
2296,0.6685004830360413,0.031482009963697405,0.5780088603496552,0.07583587819686441
2297,0.6685253977775574,0.03141668234850552,0.5778491795063019,0.07586158777445605
2298,0.668400228023529,0.03157920059636353,0.5780412256717682,0.07597740731416398
2299,0.6683389842510223,0.03164490753319201,0.5781528651714325,0.07602520184037534
2300,0.6495305895805359,0.05969865069216478,0.592722624540329,0.11550010874307273
2301,0.6494899690151215,0.059755843965594066,0.5928247272968292,0.11540291811040661
2302,0.6494443714618683,0.059821845930362126,0.5928271114826202,0.11550272184768041
2303,0.6494925022125244,0.05969991509762011,0.5927898287773132,0.11521001198477225
2304,0.6494642198085785,0.05983263552358092,0.5929107367992401,0.11547734944487685
2305,0.6494244039058685,0.05984123348067714,0.5931689143180847,0.1153254943496921
2306,0.6494562923908234,0.05981990717533063,0.5930525064468384,0.11520217267094922
2307,0.6493598222732544,0.05993593744928112,0.5931914448738098,0.11532895039126999
2308,0.6494356095790863,0.05975078634377276,0.5932319164276123,0.11515092210315998
2309,0.649461567401886,0.05974071324697866,0.5931162238121033,0.11502894912356945
2310,0.6494375467300415,0.059819696441088074,0.5930983424186707,0.11510017729755286
2311,0.6493006944656372,0.05991899441617974,0.593332827091217,0.11519846374828026
2312,0.6491748094558716,0.060123322337760556,0.5934306383132935,0.11548792830385309
2313,0.6492061614990234,0.06002748040424678,0.5934314131736755,0.115530159446061
2314,0.6491488814353943,0.06005597167384014,0.5935092568397522,0.11540877652234963
2315,0.6491255164146423,0.060095421124046346,0.5935866832733154,0.11539663822997849
2316,0.6490488052368164,0.060168419465667214,0.593702107667923,0.11554722891970791
2317,0.6488812863826752,0.06036140988499859,0.5939698815345764,0.11569706096616414
2318,0.6488783061504364,0.0603265965881286,0.5940837562084198,0.11536068696819869
2319,0.6489062011241913,0.06027913923670533,0.5940448939800262,0.11534880155691862
2320,0.6490061283111572,0.06015746128505438,0.5940441787242889,0.11544439060934134
2321,0.6490325331687927,0.06004627789868264,0.594100296497345,0.11524490957533927
2322,0.648914098739624,0.06011750607266605,0.5941749811172485,0.11534024574667091
2323,0.6489440202713013,0.06003253802606809,0.5941174030303955,0.115301892114526
2324,0.6487480401992798,0.060266031566818444,0.5942293107509613,0.11550297472877147
2325,0.6485738754272461,0.06045864266451323,0.5944907069206238,0.11559700434779928
2326,0.6483583748340607,0.0607366854241396,0.5946759879589081,0.115849337529834
2327,0.6482273638248444,0.060919855627767944,0.5947670936584473,0.11617964238161388
2328,0.6482662558555603,0.06088727611386902,0.5947832763195038,0.1162976957042929
2329,0.6489013731479645,0.05999667105798532,0.5945579409599304,0.11617879944464365
2330,0.6489864587783813,0.05990146132719921,0.5945930778980255,0.1164273394103124
2331,0.6494277119636536,0.059300362973736837,0.5943692922592163,0.11625643393960072
2332,0.6496802866458893,0.05896626490559098,0.5941464900970459,0.11608632925901076
2333,0.6499367952346802,0.05858968281414614,0.593998372554779,0.11576087129480964
2334,0.6499291658401489,0.05859541478554362,0.594071239233017,0.1156446724334651
2335,0.6499615013599396,0.05856957876740645,0.5939789116382599,0.1155548996461369
2336,0.6500034630298615,0.058534512589445385,0.5939601063728333,0.11567219432554271
2337,0.6499876379966736,0.05854441709884544,0.594032496213913,0.11566009818002009
2338,0.6499901413917542,0.058508676571308205,0.5941409766674042,0.11554520587097938
2339,0.6500344276428223,0.05843180071962433,0.5939949154853821,0.1153281917479968
2340,0.6534915566444397,0.09593946132122724,0.59375,0.2430679560328757
2341,0.6557042896747589,0.0712169207748585,0.59765625,0.1933495104806966
2342,0.6543037295341492,0.05590324269006176,0.609375,0.13994818901193853
2343,0.6538686156272888,0.05067340884573896,0.611328125,0.13534465733648762
2344,0.6428626477718353,0.06862952574477472,0.609375,0.15026017414340195
2345,0.6452557444572449,0.0701502261858963,0.6067708432674408,0.15099677461482683
2346,0.6394730508327484,0.07441519222725919,0.6138392984867096,0.14836613691817088
2347,0.6475153267383575,0.06390646560694692,0.611328125,0.13810679320049757
2348,0.653266191482544,0.05428109478457447,0.6102430522441864,0.13135491021590084
2349,0.6573078632354736,0.04807817450183215,0.6117187440395355,0.12926796686503542
2350,0.6534652411937714,0.054985410770040016,0.6136363744735718,0.13860901504735337
2351,0.6563141047954559,0.048379903790321636,0.6100260317325592,0.13718609529477707
2352,0.6512162685394287,0.05629419685684881,0.6105769276618958,0.1461806963823355
2353,0.6484180688858032,0.06218995090764373,0.6110491156578064,0.15231205131630632
2354,0.6480701565742493,0.06298534623274132,0.6109375059604645,0.15688932550513493
2355,0.6486203372478485,0.06268024519637096,0.6083984375,0.15467960838455727
2356,0.6488181352615356,0.06101944863079918,0.6061580777168274,0.15013019326259436
2357,0.6484158933162689,0.060502770414904136,0.6106770932674408,0.14424484948338162
2358,0.6472692787647247,0.060898950790906535,0.6118421256542206,0.14421256499742227
2359,0.6481285691261292,0.059695363237980935,0.6117187440395355,0.1414213478079398
2360,0.6508816480636597,0.056062136308947824,0.6082589328289032,0.1362653552422081
2361,0.6527434289455414,0.05228868681491897,0.6068891882896423,0.13208029962562184
2362,0.6553410291671753,0.048478148094200535,0.60326087474823,0.1277787922666
2363,0.6565282344818115,0.044711990004964064,0.6018880009651184,0.12291504594844282
2364,0.6571217179298401,0.041709364223350955,0.6006250083446503,0.11667263406864581
2365,0.6581697463989258,0.040880588594232735,0.5982572138309479,0.11261018363437775
2366,0.6595329642295837,0.04109427311618297,0.5963541567325592,0.11171304581697486
2367,0.6599800884723663,0.040876247468836106,0.5943080484867096,0.11206379189028252
2368,0.660854697227478,0.04022925119734538,0.5915948450565338,0.1097234616861696
2369,0.6610323190689087,0.039805506782416844,0.5908854007720947,0.10569772115695453
2370,0.6609125733375549,0.039001934968708143,0.5912298262119293,0.1033573488059931
2371,0.6609684824943542,0.03919555759076719,0.59130859375,0.1021990269683682
2372,0.6610854268074036,0.03850198905167192,0.5920927822589874,0.09809767499292459
2373,0.6615377366542816,0.03811284719937083,0.5907628834247589,0.09716218354337679
2374,0.662226676940918,0.03783665890107894,0.5875000059604645,0.09533317890539802
2375,0.6626349091529846,0.03717899947691495,0.5872395634651184,0.09391261937633834
2376,0.6623442769050598,0.037429941812948814,0.5876266956329346,0.09346468267036456
2377,0.6623122990131378,0.037367100861819075,0.5884045958518982,0.09187734806174727
2378,0.6626862287521362,0.03671985170923727,0.5873397588729858,0.0900881300487628
2379,0.6633624732494354,0.036005757654917196,0.5863281190395355,0.08894076639175073
2380,0.6634596884250641,0.03613717152857416,0.5863186120986938,0.08811886069893979
2381,0.6644485294818878,0.03483997582510587,0.5859375,0.08575770995166247
2382,0.6635885238647461,0.035822461010743316,0.5875726938247681,0.08684670022348696
2383,0.6633732318878174,0.03541709262176554,0.5882457494735718,0.08562621178430849
2384,0.6628867089748383,0.0353999388544216,0.5901041626930237,0.08519656681058843
2385,0.6624810099601746,0.034503770414534465,0.5918818116188049,0.08286407592029854
2386,0.6622203290462494,0.03577074682762045,0.5919215679168701,0.08439206776621248
2387,0.6607996821403503,0.0373594722822386,0.59326171875,0.08447534993887001
2388,0.6590564250946045,0.04005417318863112,0.5951849520206451,0.0877119328765671
2389,0.6573935151100159,0.041836731999550875,0.5971875190734863,0.08838834764831845
2390,0.6567196846008301,0.04262900845785866,0.5989583134651184,0.08882161725101043
2391,0.6560332775115967,0.043163093322188706,0.6005108058452606,0.08987566778541937
2392,0.6561928689479828,0.04316743444758533,0.6002358496189117,0.09088988954798553
2393,0.6558270454406738,0.04315963728061081,0.6014178097248077,0.09104819311099245
2394,0.6580600738525391,0.03956206658541792,0.6005681753158569,0.08838834764831845
2395,0.6593180596828461,0.03748696649898405,0.6004464328289032,0.08720456911419296
2396,0.6587541401386261,0.03759612683662727,0.6007401049137115,0.08741918086681043
2397,0.6584738492965698,0.037211115375480254,0.6004849076271057,0.0861024711724816
2398,0.6582273542881012,0.03753425526301328,0.6001059412956238,0.08539212818767898
2399,0.6578924655914307,0.03647337693914556,0.6005208492279053,0.08360063424487492
2400,0.6512710154056549,0.01347902576911753,0.6040336787700653,0.01847890640796489
2401,0.6513242721557617,0.013492807788580594,0.6040671765804291,0.018178567965476258
2402,0.6513791978359222,0.013508697150469201,0.6039417088031769,0.018216584422833085
2403,0.6513344347476959,0.01352943339993656,0.6039555072784424,0.018170433623713657
2404,0.6512875258922577,0.013520329680658208,0.6040087044239044,0.018180338133113715
2405,0.6512185335159302,0.013579798883907078,0.6041797995567322,0.018134524508782376
2406,0.6512604355812073,0.013790280245370483,0.6041732132434845,0.01794996345915317
2407,0.6512347459793091,0.013792303294099006,0.6041666865348816,0.01782179489283154
2408,0.6513560116291046,0.013784590420821512,0.6040623784065247,0.017556016866121845
2409,0.6513656377792358,0.013841783694250796,0.60391965508461,0.017401885841117504
2410,0.6514278948307037,0.013872677334209282,0.6037581861019135,0.017220991567308747
2411,0.6515070796012878,0.013804188705379078,0.6037333011627197,0.01717821251607019
2412,0.6515757441520691,0.013833522911942661,0.6036505103111267,0.016944044625743664
2413,0.6515554487705231,0.014013953570417799,0.6037611961364746,0.016547189900165085
2414,0.651622086763382,0.01408948072294932,0.6036594808101654,0.01612508921232848
2415,0.6516966223716736,0.014046448790619698,0.6037696003913879,0.01578652357824047
2416,0.6518890261650085,0.013880305913789753,0.6036491990089417,0.015612288506496432
2417,0.6518467664718628,0.014032540330611102,0.6037970185279846,0.015114449931885753
2418,0.651726096868515,0.014213139576480283,0.6038869321346283,0.01469993567678111
2419,0.6517032384872437,0.014325798102549903,0.6039763987064362,0.014502688425750126
2420,0.6516513526439667,0.014483300875435114,0.6042552292346954,0.014199062529077645
2421,0.6516244113445282,0.014511033501755283,0.6043812334537506,0.014111059909386898
2422,0.6515646874904633,0.014656102954329779,0.6044310927391052,0.013596151861129306
2423,0.6515539288520813,0.014718943905459523,0.6045937836170197,0.01345677223310378
2424,0.6515093147754669,0.014649359458568037,0.6047744154930115,0.01361048178962301
2425,0.6514486074447632,0.014717342325216109,0.6049167215824127,0.013445223996611794
2426,0.6513498723506927,0.01486220104354805,0.6050022542476654,0.013254298772857444
2427,0.6513189077377319,0.014904727213695543,0.6050686836242676,0.013249030416793582
2428,0.6511543989181519,0.014969464773008277,0.6053954660892487,0.01308579567251089
2429,0.651010662317276,0.01510538835945591,0.6056463718414307,0.012818289625012245
2430,0.6508669257164001,0.015208690285156111,0.6059146225452423,0.012578263322742703
2431,0.650573194026947,0.01549528885503019,0.6063664555549622,0.012182462268376899
2432,0.6504720151424408,0.015553830827611822,0.6065764129161835,0.0122319848153772
2433,0.650266021490097,0.015505361951824295,0.6068958044052124,0.012333263692348877
2434,0.6502024829387665,0.015628009280990996,0.6071952879428864,0.012252383890056472
2435,0.6503044664859772,0.016110590696440732,0.607200413942337,0.01196468950212111
2436,0.650300920009613,0.016091413880368277,0.6073150932788849,0.011936703994709875
2437,0.6501219570636749,0.016181818870424143,0.6076662242412567,0.011986184394861665
2438,0.6503103375434875,0.015994729009884284,0.6074338257312775,0.011983992758739098
2439,0.6505879461765289,0.015796849556125637,0.6071843206882477,0.01190484097723564
2440,0.6507806777954102,0.01559045643896779,0.6070626974105835,0.0120052769172371
2441,0.6509766280651093,0.015478219381383279,0.6068152487277985,0.012028584124463624
2442,0.651143491268158,0.015489894058420797,0.6065689027309418,0.011847942731745931
2443,0.6512174010276794,0.015487028072722056,0.6064315438270569,0.011820673720759383
2444,0.6513069570064545,0.015480832485990954,0.6062768995761871,0.011717456088756205
2445,0.651349812746048,0.015566306294771048,0.6062661111354828,0.011412312905537332
2446,0.6514001786708832,0.015563861777557416,0.6061303913593292,0.011386181859460578
2447,0.6514400839805603,0.015639178195846384,0.6060130894184113,0.011133553649486278
2448,0.6514528393745422,0.015679639170416843,0.6060207486152649,0.010957421969559253
2449,0.6514490842819214,0.01576637738465226,0.6060815453529358,0.010706901102010499
2450,0.6515358090400696,0.015735778772633352,0.606000542640686,0.010607603126918832
2451,0.6515198945999146,0.015838785670393978,0.6060434877872467,0.01028412606459772
2452,0.6515519618988037,0.015901247299887122,0.6060157716274261,0.009962039848277468
2453,0.6515590250492096,0.01601904774147507,0.6059530377388,0.009591779784109264
2454,0.6515154838562012,0.016129177456634038,0.6060834527015686,0.009495853556898469
2455,0.6515704691410065,0.01619345140061315,0.6060033738613129,0.009152988944262346
2456,0.6515004634857178,0.016386441819944534,0.6060632467269897,0.0087129336989601
2457,0.6514962017536163,0.016497667353164783,0.6060706079006195,0.008348742780977466
2458,0.6515009999275208,0.016625667332092368,0.6059910953044891,0.007961581830556393
2459,0.6514982581138611,0.01670785368668861,0.6059986054897308,0.007698754083242458
2460,0.6515122056007385,0.016810691997055194,0.6059022843837738,0.007388131809717169
2461,0.6514805257320404,0.01694248519234876,0.6059099733829498,0.007030052184768614
2462,0.6514560580253601,0.017042836838653198,0.6060037314891815,0.006697935018502768
2463,0.6514756083488464,0.0171418819326538,0.6059252321720123,0.006270060212420173
2464,0.6515065729618073,0.01719848515020393,0.6059156358242035,0.0059895307887316614
2465,0.6514130234718323,0.017412801874881825,0.60592320561409,0.005589304315272212
2466,0.6515002846717834,0.017365007348670473,0.6058965921401978,0.0054322230108721095
2467,0.6515052914619446,0.017457224653212308,0.6057849526405334,0.005251750205548461
2468,0.6515219211578369,0.01751673600330969,0.6058267652988434,0.00499992278569587
2469,0.6514838635921478,0.017668591098494443,0.6058344841003418,0.004605301843088369
2470,0.6514515280723572,0.017822469242407716,0.6057913601398468,0.004140548544558741
2471,0.6513775587081909,0.018036828113934124,0.6057822406291962,0.00358235568288046
2472,0.6512815356254578,0.018250512635884356,0.605891078710556,0.0033363023812738608
2473,0.6512329280376434,0.01843271346199695,0.6057977080345154,0.002805968586461281
2474,0.6512045860290527,0.018565265300563714,0.6057718098163605,0.002515197478584623
2475,0.6511377096176147,0.018745990986978427,0.6057962775230408,0.002107342425544702
2476,0.6512638330459595,0.018668272198324336,0.605636864900589,0.001866557480001964
2477,0.6514317095279694,0.01852737528375242,0.6054447889328003,0.0017682288824260482
2478,0.6513924300670624,0.018679019644694615,0.6053533256053925,0.0013409862790711153
2479,0.6513616740703583,0.018809590581381364,0.6053452789783478,0.000986025520912366
2480,0.651207447052002,0.019104323493018046,0.6054697930812836,0.0007262323466912151
2481,0.6511148512363434,0.01931046372908483,0.6056268215179443,0.000420794135532766
2482,0.6510665118694305,0.019459242104328284,0.6056017279624939,0.00018662624520623876
2483,0.6508978307247162,0.019768937147186336,0.6058565974235535,0.00020946983709914334
2484,0.650734007358551,0.020077578518831612,0.606011837720871,0.0006968981401276329
2485,0.6505199372768402,0.020455172134640712,0.6061992049217224,0.0011358575673685943
2486,0.6504586040973663,0.0206234223538962,0.6063367128372192,0.0013647992484797705
2487,0.6502644717693329,0.020985126607816693,0.6063756942749023,0.0018698027873373028
2488,0.650059163570404,0.0213612029370794,0.6065448224544525,0.002418765489191698
2489,0.6498915553092957,0.021671993797998734,0.6067132651805878,0.002735541202599577
2490,0.649736076593399,0.021989233126740233,0.6067674458026886,0.003349283610615216
2491,0.649533599615097,0.022357680876422467,0.6069347262382507,0.0037085854941705876
2492,0.6493513882160187,0.022694012727539403,0.6070528328418732,0.0041349851605553024
2493,0.6493426561355591,0.02278441771759527,0.606993168592453,0.004445607434080592
2494,0.6493216753005981,0.022909509563975604,0.6069176197052002,0.004959756839064988
2495,0.6494153141975403,0.022848818102119917,0.606842428445816,0.005108493067459933
2496,0.649198979139328,0.023241078821210806,0.6069437265396118,0.005687127150665997
2497,0.6491279602050781,0.023418559200290182,0.6069326996803284,0.006059873878896344
2498,0.6490378081798553,0.023605480473435997,0.6070334315299988,0.006273136932361468
2499,0.6490761041641235,0.023649861104917968,0.6069585978984833,0.0067332540775548975
2500,0.5937942117452621,0.1402635528059213,0.6399417370557785,0.19824606812041948
2501,0.5937094688415527,0.14038963510324162,0.6401026695966721,0.198360201786187
2502,0.5938516557216644,0.14017346391722926,0.6400841474533081,0.19822118040637382
2503,0.5938747972249985,0.14014385575615035,0.6400657147169113,0.19836281489079466
2504,0.5940441638231277,0.13989556867157268,0.6400671303272247,0.1982524112211204
2505,0.5943684428930283,0.13946326844639642,0.6399306654930115,0.19789184493210968
2506,0.5944847166538239,0.13931240380215168,0.6397948563098907,0.19786651467615463
2507,0.5946189761161804,0.13911857044585008,0.6396401822566986,0.19792450873970563
2508,0.594663143157959,0.13905037684495947,0.6395057737827301,0.1977886273001065
2509,0.5946509540081024,0.1390726725278217,0.63954758644104,0.19784649492311196
2510,0.5946938246488571,0.13900285627326342,0.6395308077335358,0.19771149856733156
2511,0.5948553532361984,0.13878251254924848,0.6393200755119324,0.19757717656112736
2512,0.5949213057756424,0.13869109603482835,0.6393620520830154,0.19763514955125408
2513,0.5949678421020508,0.13860429460032014,0.6394423693418503,0.19747435932418503
2514,0.595015823841095,0.13855464561277434,0.6393875032663345,0.1976139918333016
2515,0.5950852632522583,0.13844101770918896,0.6394097656011581,0.19742690197276175
2516,0.5951962172985077,0.13827466409811645,0.6393360942602158,0.19737624146085167
2517,0.5951935946941376,0.13829868780176766,0.6393583863973618,0.19756918973333454
2518,0.5952607840299606,0.1381821728390593,0.6394949555397034,0.19722171004078648
2519,0.5952523797750473,0.13819245667009594,0.6395738124847412,0.1972257561382435
2520,0.5952252894639969,0.13822781787599658,0.6395763754844666,0.1973371081120093
2521,0.5951845794916153,0.1382735050597824,0.6396925151348114,0.19723372189261207
2522,0.5951198935508728,0.13836169734029144,0.6396947801113129,0.19734456810419573
2523,0.5950594395399094,0.13844272465655363,0.6397347152233124,0.19740155064338244
2524,0.5949624329805374,0.13859592845089075,0.6396616548299789,0.19777722657758431
2525,0.5950581878423691,0.13845334566237838,0.6397764980792999,0.19751467278478568
2526,0.5950485616922379,0.13848103614185003,0.6397598087787628,0.19743855557637502
2527,0.5953346937894821,0.1380811889900272,0.6395005881786346,0.19723085590691333
2528,0.5951549112796783,0.13833881160155004,0.6396335959434509,0.19731375875793425
2529,0.5952749997377396,0.13815321795413232,0.6397102475166321,0.19700229354743876
2530,0.595407098531723,0.13797162825732312,0.6397124230861664,0.1967970805420392
2531,0.595381423830986,0.13801687289919956,0.6396960914134979,0.19698497119270078
2532,0.5953876376152039,0.1379998244989769,0.6397720575332642,0.1970415744102509
2533,0.5952737033367157,0.13814695914712843,0.6399028599262238,0.1971239714990897
2534,0.5951725542545319,0.1383041668920741,0.639886200428009,0.19736172187153966
2535,0.5950618833303452,0.13845317707498433,0.6399428844451904,0.19749473732544004
2536,0.5949651598930359,0.13856779542950973,0.6401636898517609,0.19739463856022665
2537,0.5949757248163223,0.13852512174539244,0.6403652727603912,0.1973723007305159
2538,0.5949794501066208,0.13850763080326042,0.6403476893901825,0.19729862803931886
2539,0.5949608981609344,0.13855013589998366,0.6403664648532867,0.19727662738439616
2540,0.5948610752820969,0.13867023334481546,0.6405480802059174,0.19722917003297288
2541,0.5947204679250717,0.13885171767450336,0.6406927108764648,0.19723292110249036
2542,0.5947207063436508,0.1388437940669833,0.6407105624675751,0.19726221316220544
2543,0.5946823060512543,0.1388872263943738,0.6407822668552399,0.19731675118417855
2544,0.5946422815322876,0.1388956979109245,0.6408715844154358,0.19724421645789128
2545,0.5946616977453232,0.138815555678481,0.6409246921539307,0.19717206105324064
2546,0.59462109208107,0.13890636106359774,0.6409061849117279,0.1972516764500777
2547,0.5945380926132202,0.13897409104915473,0.6411014497280121,0.19712945058939613
2548,0.5944609194993973,0.13904192640183302,0.6412602961063385,0.19710829287144366
2549,0.5943942070007324,0.13912809563361356,0.6413829624652863,0.19713737419691615
2550,0.5943597257137299,0.13914794679926218,0.6413635611534119,0.19716632908184314
2551,0.5943634361028671,0.13910535740884192,0.6414854526519775,0.19714517136389068
2552,0.5944010317325592,0.13905808971823697,0.6415539383888245,0.1969996804428311
2553,0.5945594310760498,0.13883382633731048,0.6415167152881622,0.1967057061744676
2554,0.5946068167686462,0.13871724815432934,0.6415673196315765,0.196537034486727
2555,0.5946495831012726,0.13860804566983762,0.641582727432251,0.1963690792954111
2556,0.5947150439023972,0.1384591619274729,0.641615480184555,0.19617718469414097
2557,0.5946274846792221,0.13861915136442024,0.6418570578098297,0.19618325384032656
2558,0.5944869071245193,0.13870846053641483,0.6421149671077728,0.19621376815864844
2559,0.5943279266357422,0.13885110654519994,0.6422156691551208,0.1961706519326218
2560,0.5942698866128922,0.1389307430154613,0.6421602666378021,0.19625001444836782
2561,0.5943263918161392,0.13884206604619437,0.6422086656093597,0.19613377344017477
2562,0.5943823009729385,0.13877463108857693,0.6421706974506378,0.19609112082948174
2563,0.5944126695394516,0.13873277926800562,0.6420985758304596,0.19614582743884887
2564,0.5943169742822647,0.13885681744317319,0.642215371131897,0.19612757785344365
2565,0.5944651067256927,0.13860517968413888,0.6421947777271271,0.19596417452176693
2566,0.5944452434778214,0.13863504072630886,0.6421913504600525,0.19597053869589207
2567,0.5945138037204742,0.13853032688118352,0.6420857012271881,0.19583233917962484
2568,0.5945729613304138,0.1383568083058642,0.642116516828537,0.19559859275778343
2569,0.594513326883316,0.13848978161291606,0.6421302556991577,0.19558169187153057
2570,0.5945212841033936,0.13848940229127946,0.6421269774436951,0.19549309919596067
2571,0.5945727080106735,0.13843429528685147,0.6421575248241425,0.1954526803682387
2572,0.5946710705757141,0.13836793507387107,0.6420194208621979,0.19536467774854796
2573,0.5946847200393677,0.1383305929660904,0.6420836448669434,0.19527713874419084
2574,0.5946354269981384,0.1383939818262508,0.6420637369155884,0.19535603764460324
2575,0.5945277810096741,0.138534077950701,0.6423118114471436,0.1953872263125013
2576,0.5945015996694565,0.138571778306694,0.6422915160655975,0.1953710840695216
2577,0.5943520367145538,0.13880773743808225,0.6423713266849518,0.1955907534439604
2578,0.5942878276109695,0.1389098381785999,0.642400860786438,0.19569186373353803
2579,0.5941063463687897,0.13914322635222895,0.6426295042037964,0.19569860722929977
2580,0.5941068679094315,0.13914813646008048,0.6426914930343628,0.1957053507250615
2581,0.5939474105834961,0.13940078574347903,0.6427367329597473,0.1959691899967397
2582,0.5939064472913742,0.13949336129623321,0.6427487432956696,0.19609196376645197
2583,0.5938747525215149,0.13954096616162626,0.6427936255931854,0.19616765950637752
2584,0.5939876884222031,0.1393772045817372,0.6426412761211395,0.19615012641739699
2585,0.5939700305461884,0.13940394675711734,0.6425714790821075,0.19615585838879446
2586,0.5938837677240372,0.13951784861521804,0.6426655054092407,0.1960689937340135
2587,0.5938291996717453,0.1395961996065998,0.6425796449184418,0.19623644316314728
2588,0.5937045216560364,0.13980784000639723,0.6425755620002747,0.19651836343283666
2589,0.5936606973409653,0.13985784724215541,0.6425877809524536,0.19645430022310012
2590,0.5937824994325638,0.1396739605421024,0.6426161527633667,0.19618405463044825
2591,0.5937446504831314,0.13974063685644664,0.6426605880260468,0.1962125037531931
2592,0.5937054008245468,0.13977169908379916,0.6428017616271973,0.1960581198470977
2593,0.5937850177288055,0.13968017720225775,0.6426844000816345,0.19613229830047688
2594,0.5937798470258713,0.1396770372620437,0.6428088843822479,0.19600143233585055
2595,0.5937691181898117,0.13970822592994175,0.6427080631256104,0.19609815935318306
2596,0.5937549024820328,0.1397138314607937,0.6428159475326538,0.19599060059578324
2597,0.5936657637357712,0.13986054464046013,0.6427634954452515,0.19619998613918538
2598,0.5935822129249573,0.13997617451934977,0.6427112817764282,0.1964085287456173
2599,0.5936097949743271,0.13989965691587822,0.6427547633647919,0.19625591500715933
2600,0.5674301832914352,0.17397740698566458,0.6717203855514526,0.1749711243064302
2601,0.5675043165683746,0.17386481167986773,0.6716412007808685,0.1749194101233073
2602,0.5674528479576111,0.17394333125864353,0.6715822517871857,0.17512061917809832
2603,0.5676285922527313,0.173695634229945,0.6714444160461426,0.1750408351938672
2604,0.5675286650657654,0.17380559535770992,0.6714455187320709,0.17515694976151472
2605,0.5675422549247742,0.17375864376846878,0.6713874936103821,0.17524457305956886
2606,0.5674973875284195,0.1737945318099758,0.6715459227561951,0.17524845056963187
2607,0.5674776583909988,0.17383617289630457,0.6715467274188995,0.175196820680206
2608,0.5674062520265579,0.17395603853346955,0.6715475618839264,0.17531137581445863
2609,0.56732377409935,0.1740484876456782,0.6715678572654724,0.17528747855135296
2610,0.5672627240419388,0.17413094795478976,0.6716464161872864,0.17529118747402192
2611,0.5674877911806107,0.17379343599191452,0.6714141666889191,0.17507535346279762
2612,0.5673241019248962,0.1739896927920055,0.6715895235538483,0.17505217269611664
2613,0.5671750009059906,0.17417669835884833,0.6716481447219849,0.17519298531699154
2614,0.5670316517353058,0.17430136873674357,0.6719568371772766,0.1749789636202532
2615,0.5670590698719025,0.1741722307929062,0.6720911264419556,0.17479318031201718
2616,0.5669643133878708,0.1742611395698399,0.6721672713756561,0.17479802719959595
2617,0.5669853836297989,0.17420832956865576,0.6721092164516449,0.17488400677055815
2618,0.5667994469404221,0.1745229557927896,0.6721849143505096,0.17499653885608224
2619,0.5669177621603012,0.1743315248068531,0.6721270680427551,0.1750277696708288
2620,0.5668555349111557,0.17437105855075632,0.6720885336399078,0.17503202650252841
2621,0.5667248219251633,0.17447912307033825,0.6721069514751434,0.17511657308064127
2622,0.5668564587831497,0.1742503078297726,0.6721441447734833,0.1750671769741865
2623,0.5668753683567047,0.17413505727251957,0.6721246540546417,0.17488476541383136
2624,0.5667713284492493,0.1742365890305823,0.6722368597984314,0.17494246444944278
2625,0.5666504204273224,0.1742589690071416,0.6724047362804413,0.17481429588312114
2626,0.5666538327932358,0.17416344317499166,0.672403484582901,0.17455441841520297
2627,0.5666011720895767,0.17411510073974967,0.6725701689720154,0.17442776713542774
2628,0.5664520710706711,0.17427487944245446,0.6727546751499176,0.17443337266627967
2629,0.5664978176355362,0.17406798056311448,0.6727711856365204,0.17409746228364786
2630,0.5664565116167068,0.1739283059071494,0.6729543507099152,0.17384179950058076
2631,0.5663118958473206,0.17400199967177069,0.6731366515159607,0.1739010158227386
2632,0.566334068775177,0.17408477608224607,0.6732812225818634,0.17385562366689236
2633,0.5662920922040939,0.17413739642261192,0.6734251081943512,0.17375843303422622
2634,0.5661060214042664,0.17421981458487498,0.673696756362915,0.1735838186408456
2635,0.5658209919929504,0.17414656336216305,0.6740953624248505,0.17322873144214132
2636,0.5657132565975189,0.17401131412529158,0.6742545962333679,0.17290112398866614
2637,0.5658760517835617,0.1737155907627149,0.6743401885032654,0.17272975490262082
2638,0.565591424703598,0.17367616238593298,0.674661785364151,0.17268773449465546
2639,0.5655035674571991,0.17327146834653137,0.6749455630779266,0.17223541451643656
2640,0.56535504758358,0.1729910021431156,0.6752461493015289,0.17191315971272225
2641,0.5651586204767227,0.17283029620974358,0.6755092442035675,0.17164350417594956
2642,0.5651770532131195,0.17298824152453815,0.6756810247898102,0.17165530529353262
2643,0.5652458071708679,0.1733939049414555,0.6757261753082275,0.17169252096076773
2644,0.5652244538068771,0.17351067278525495,0.6758967041969299,0.1715520033678324
2645,0.5650089085102081,0.17307287239634803,0.6761916875839233,0.17103258560678417
2646,0.5647959411144257,0.17275685532621335,0.6765210032463074,0.17056601999376855
2647,0.5648736506700516,0.172719787172948,0.6766707003116608,0.17035347343672813
2648,0.5651158839464188,0.17294156388981233,0.6766775548458099,0.17024245863775042
2649,0.5652035772800446,0.17280979176794303,0.6767375767230988,0.16990621108033052
2650,0.5649082064628601,0.17267934727180181,0.6770980656147003,0.1696465864935034
2651,0.5647364407777786,0.1724036858091163,0.6773686707019806,0.16926330305314533
2652,0.5645948946475983,0.17229737038374757,0.6775676310062408,0.16913079336142708
2653,0.5644531399011612,0.1722880348568024,0.6777656674385071,0.16899891587243648
2654,0.5642557144165039,0.17209654065059315,0.6780329346656799,0.16861967852953547
2655,0.5640074461698532,0.1717828205837023,0.6784389913082123,0.16824216920742338
2656,0.5637676417827606,0.17165614823050282,0.6788432002067566,0.16796496938476724
2657,0.5637777149677277,0.17124454210794543,0.6791236996650696,0.16756600731676313
2658,0.563605397939682,0.17087660012044534,0.6794898509979248,0.16734077455832091
2659,0.5634342133998871,0.17069865612603236,0.6797850131988525,0.1669693765292429
2660,0.5631708055734634,0.17072025638589416,0.6801134943962097,0.16689325932083224
2661,0.5630285292863846,0.17027206679882934,0.6803541779518127,0.16640250141677138
2662,0.5629712790250778,0.17011768289273393,0.6804732978343964,0.16623050012799842
2663,0.5628565698862076,0.1696607689080273,0.680729329586029,0.16581623875398485
2664,0.5629282295703888,0.16983582584331733,0.6808127760887146,0.1658888156271206
2665,0.5628314465284348,0.1697980411936273,0.6810497939586639,0.165791667141303
2666,0.5629385113716125,0.1697530072859934,0.6811492741107941,0.165694982270819
2667,0.5627151131629944,0.16971381071687827,0.6814356744289398,0.16552639487677542
2668,0.5626165419816971,0.16953137808309887,0.6815168559551239,0.16535856612600505
2669,0.5624796003103256,0.16930542882823196,0.6816655397415161,0.16514349075805396
2670,0.5623726397752762,0.16914674594358844,0.6818135678768158,0.16483358498095335
2671,0.5625935047864914,0.16867659784844943,0.6817752122879028,0.1645489673129593
2672,0.562441498041153,0.16824747971033577,0.6820403039455414,0.16417019358539187
2673,0.5625232458114624,0.16800399736648833,0.6821361482143402,0.16393577281397428
2674,0.5621924996376038,0.1677101495386704,0.682466447353363,0.16346503466295612
2675,0.562057688832283,0.16730661453760282,0.6826781332492828,0.16302000608952957
2676,0.5618850141763687,0.16714502352041205,0.6829056441783905,0.16288404035623344
2677,0.5616237968206406,0.16693213978858354,0.6831654906272888,0.1625600575317302
2678,0.5613255500793457,0.16668791987488715,0.6834741830825806,0.1622609834946969
2679,0.5611331611871719,0.16641006677607909,0.683731734752655,0.16193965592164983
2680,0.561033084988594,0.1661048392991632,0.6838391125202179,0.16154941825128746
2681,0.5608481913805008,0.1659110480897101,0.6841278672218323,0.16127778181263475
2682,0.560509517788887,0.16589081760242488,0.6843989193439484,0.1610772049605714
2683,0.5602756291627884,0.16557901521714127,0.6847182214260101,0.1607611035967397
2684,0.5599514544010162,0.165389333325418,0.6850361526012421,0.16053924258617835
2685,0.5596654266119003,0.16531648249776693,0.6853035688400269,0.16034153171981375
2686,0.5594141930341721,0.1650985832909656,0.6855535209178925,0.16002892854440845
2687,0.5593006014823914,0.1648511602167824,0.6858024299144745,0.15981001781324286
2688,0.558992549777031,0.1646351365447398,0.686180591583252,0.159591992165896
2689,0.5587234050035477,0.16442385439315468,0.686443418264389,0.15921397708160182
2690,0.5586252808570862,0.1639725670127243,0.6866565048694611,0.15890630508747228
2691,0.5582993179559708,0.16354922299285662,0.6869010627269745,0.15855421031501227
2692,0.5582680255174637,0.1633754936832947,0.6870961487293243,0.15831768220116912
2693,0.5580654889345169,0.1629923788303307,0.6873226761817932,0.1579910019783612
2694,0.5578218400478363,0.16280893467218702,0.6875804364681244,0.15775670764748914
2695,0.5576597154140472,0.16269387377575228,0.6877568662166595,0.15750062339593693
2696,0.5574019402265549,0.16258140491050097,0.6879966557025909,0.15724563496244603
2697,0.5571681410074234,0.16208453571340603,0.6882514953613281,0.15678813092186028
2698,0.5570645481348038,0.16184901912392716,0.6883775889873505,0.15646794131372302
2699,0.5568593889474869,0.1618376394748292,0.6886624395847321,0.1562840967605185
2700,0.438223198056221,0.03568554697335568,0.8075925707817078,0.010184533061566477
2701,0.4381154328584671,0.03586446034528442,0.8077045381069183,0.010355607119672197
2702,0.43836870789527893,0.035515842687826565,0.8075778186321259,0.010132818878443611
2703,0.43832823634147644,0.03559031616914531,0.8075704872608185,0.010135094808263198
2704,0.43815021216869354,0.035321651083312616,0.80770143866539,0.009997780375814705
2705,0.4380902945995331,0.03528837614641327,0.807713508605957,0.0099169005735223
2706,0.43809132277965546,0.0354012664801497,0.8078041672706604,0.00994749918554121
2707,0.4381598085165024,0.03560049463306069,0.8077767193317413,0.010033436609654922
2708,0.43811142444610596,0.03591101153946471,0.8077885508537292,0.010340054932571676
2709,0.4383399039506912,0.035637204538113684,0.8077223002910614,0.01020396275873
2710,0.4384310245513916,0.03576058943712932,0.807636946439743,0.010206070101155545
2711,0.4384422302246094,0.035970354302168044,0.8075908124446869,0.010208177443581089
2712,0.4385019987821579,0.03572723020653295,0.8076029717922211,0.01012809843141039
2713,0.4383332133293152,0.03585019363706349,0.8076923191547394,0.010212307834735156
2714,0.43829940259456635,0.035894173873484606,0.8077041506767273,0.010241599894450228
2715,0.4384048134088516,0.03591048470385832,0.8076391220092773,0.010270765513619766
2716,0.4385753720998764,0.03615274478909894,0.8074977099895477,0.010462407233798801
2717,0.4386555105447769,0.036119448778775334,0.8074716925621033,0.010436824096752688
2718,0.43854811787605286,0.03611723606922851,0.8075221478939056,0.010411325253403598
2719,0.43847377598285675,0.036038653270179945,0.8076293766498566,0.010412842539949991
2720,0.4384155571460724,0.03611824759359277,0.8076222240924835,0.010629140166507898
2721,0.4383355975151062,0.03616081591058878,0.8077287077903748,0.010737246832938342
2722,0.43824614584445953,0.036216723705138475,0.8077402710914612,0.010764726578167445
2723,0.4380530118942261,0.03641904965141502,0.8077894151210785,0.010898627115886555
2724,0.43775564432144165,0.03649023567854992,0.8079135119915009,0.010925601098933526
2725,0.4379412829875946,0.036260746088408104,0.8078683018684387,0.010925896126873103
2726,0.4379082918167114,0.03628561272902953,0.8078606724739075,0.010820360418201825
2727,0.4379323720932007,0.036739281406400794,0.8079091012477875,0.011058447965439866
2728,0.43806932866573334,0.03695235479904762,0.8078455626964569,0.011242713987129494
2729,0.43796348571777344,0.037092893465407194,0.8079680502414703,0.011426137071848905
2730,0.400988906621933,0.054662397323052524,0.84375,0.0
2731,0.3867854177951813,0.002285707888442805,0.84765625,0.016572815184059706
2732,0.3796941339969635,0.007680083029352133,0.8515625,0.0036828759165789425
2733,0.399040549993515,0.034416568584965425,0.84765625,0.02209708691207961
2734,0.4064696282148361,0.050517402285975885,0.840624988079071,0.02209708691207961
2735,0.4066053479909897,0.025837851525088266,0.8359375,0.0073656675394608625
2736,0.39766597747802734,0.042291791522923,0.8370535671710968,0.015783615445693216
2737,0.3980425149202347,0.05241708718890741,0.8359375,0.02485922277608956
2738,0.4056513160467148,0.04669185928718757,0.832465261220932,0.02332469816865642
2739,0.41740113496780396,0.03544250717141761,0.82421875,0.020992249425215034
2740,0.40934470295906067,0.03651017113789558,0.828125,0.016070593337203894
2741,0.40956053137779236,0.037906116907424896,0.8274739682674408,0.02117638900635913
2742,0.4078986644744873,0.02948770538585892,0.8299278914928436,0.014448066110080007
2743,0.40775251388549805,0.040839368976389075,0.8292410671710968,0.018940330105462158
2744,0.4099137634038925,0.045409878596031704,0.8307291567325592,0.01841425314234918
2745,0.4168192595243454,0.043792535431274655,0.8271484375,0.020716018980074635
2746,0.4251352399587631,0.04867486850962513,0.8244485259056091,0.023396895720155582
2747,0.42343831062316895,0.04514871564923395,0.8263888657093048,0.0208694756555028
2748,0.4241121858358383,0.03960018840989603,0.8244243562221527,0.016863586291936364
2749,0.4264923334121704,0.03453618134103934,0.821484386920929,0.014915516806914332
2750,0.42898857593536377,0.033721609199869294,0.8188244104385376,0.015257496335731726
2751,0.42493709921836853,0.03288663798401997,0.8217329680919647,0.013057388696614547
2752,0.42295920848846436,0.03416600557056816,0.8230298757553101,0.012970018279651463
2753,0.42307664453983307,0.03054535947581555,0.8229166865348816,0.011048543456039806
2754,0.42472633719444275,0.026361884366048468,0.8215624988079071,0.007512970775006437
2755,0.42532967031002045,0.025693582862635476,0.8221153914928436,0.007649020801999603
2756,0.4265168160200119,0.02673890899940267,0.8226273059844971,0.010230135951655265
2757,0.4262739568948746,0.027648185109176698,0.822265625,0.010653964660280815
2758,0.42847153544425964,0.02902097118544928,0.8211207091808319,0.009143632343892927
2759,0.4275345057249069,0.029642321099621137,0.8208333551883698,0.008102268010885759
2760,0.42553284764289856,0.027408348467725455,0.8223286271095276,0.0060588623545320824
2761,0.4232349842786789,0.02771106820715495,0.82373046875,0.006905339660024878
2762,0.4269552230834961,0.027153191446840502,0.8210227489471436,0.005356864445734632
2763,0.4300360679626465,0.027624224625798253,0.8191636204719543,0.004874367323981917
2764,0.430977001786232,0.03009181723898982,0.8176339268684387,0.0066291092148844785
2765,0.4314597547054291,0.026948737084714156,0.8170572817325592,0.004603573822299423
2766,0.43016570806503296,0.02694945358113884,0.8167229890823364,0.0047777667471949475
2767,0.43115463852882385,0.02534660893226954,0.8166118562221527,0.004070500482333634
2768,0.4316238462924957,0.025050822349420087,0.8171073794364929,0.0036828759165789425
2769,0.4308353215456009,0.027487479175804658,0.8166015446186066,0.00635292091659259
2770,0.43110349774360657,0.028126109297865978,0.816692054271698,0.006467433903996689
2771,0.4307025820016861,0.030176827432436295,0.8171502947807312,0.007628748167865863
2772,0.431845486164093,0.033246403482908964,0.8164970874786377,0.00873603017194407
2773,0.43126749992370605,0.032458383856300774,0.8165838122367859,0.00778418574517404
2774,0.43204885721206665,0.0317678920371468,0.8159722089767456,0.008347773403461715
2775,0.4323422908782959,0.03269065513844432,0.8153872191905975,0.008406483963437392
2776,0.4312044382095337,0.03191186567166002,0.8153257966041565,0.007287358694927621
2777,0.4307485371828079,0.03038444280820096,0.8151041567325592,0.005063901701735407
2778,0.43144649267196655,0.029921227869641978,0.8142538070678711,0.0042841428574353566
2779,0.4328821003437042,0.030579182321745543,0.8139062523841858,0.004640368021049433
2780,0.4328530728816986,0.02927022764754271,0.8141850531101227,0.004116103372422422
2781,0.43281973898410797,0.028823829301539573,0.8147535920143127,0.004886842791141141
2782,0.43033304810523987,0.028800121699252196,0.8161851465702057,0.00521158425891758
2783,0.42996104061603546,0.03137851837717891,0.8172743320465088,0.006342679232404442
2784,0.430820032954216,0.0327345089343199,0.8173295557498932,0.007231767001741753
2785,0.43210044503211975,0.03684013881488737,0.8171038031578064,0.00887831793251685
2786,0.4320616126060486,0.03719126420983162,0.8163377344608307,0.00814104311151578
2787,0.43120332062244415,0.03797605960252873,0.8158674538135529,0.008953128588623686
2788,0.4306846410036087,0.03833590939511474,0.815942794084549,0.008614099339202055
2789,0.4305880665779114,0.03643169370596829,0.8156249821186066,0.007733988848597566
2790,0.42962613701820374,0.03531720459079472,0.8160860538482666,0.007607168981428286
2791,0.4297409802675247,0.03591819757713581,0.81640625,0.008019112278773765
2792,0.42985838651657104,0.0373880899923775,0.8169642984867096,0.008768693979540014
2793,0.42940783500671387,0.03600740138200912,0.8173828125,0.00794114060902861
2794,0.42861008644104004,0.035325507519951366,0.8177884519100189,0.007479000415106657
2795,0.4275801330804825,0.03517181903685639,0.8185369372367859,0.007198260257175591
2796,0.42808495461940765,0.03670061167289205,0.8179804086685181,0.008410066445560816
2797,0.42746002972126007,0.03605719788352474,0.8177849352359772,0.008123931491020357
2798,0.4285646677017212,0.03527219175658509,0.8169157803058624,0.00848656297560809
2799,0.42798906564712524,0.03587025553695467,0.8175223469734192,0.00899666628313544
2800,0.4091273099184036,0.016921137813577992,0.8191030919551849,0.0072787185909828885
2801,0.4094133973121643,0.01662006180124042,0.8190464973449707,0.007203907934876051
2802,0.4094886779785156,0.016718263958270804,0.8190496861934662,0.007157504254665557
2803,0.409349724650383,0.0168654618266951,0.819171667098999,0.0072233797788880845
2804,0.40916338562965393,0.01685347104829375,0.8192930221557617,0.007177186832920145
2805,0.4093506187200546,0.017070211216761024,0.819157749414444,0.007270542102371775
2806,0.4092445373535156,0.017089914868439866,0.8192392587661743,0.007280025143286726
2807,0.409350723028183,0.017057124620298392,0.8191635310649872,0.0072895081842016774
2808,0.4093489944934845,0.017115835180274066,0.8191859424114227,0.007271216451947949
2809,0.409400150179863,0.01756214923258018,0.819169282913208,0.007528860136895045
2810,0.40921102464199066,0.017442157154869662,0.8193666338920593,0.007592670465540538
2811,0.40903833508491516,0.0173639536774577,0.8195241987705231,0.007546351079027066
2812,0.40916046500205994,0.01750396550821089,0.819487452507019,0.007609782086035961
2813,0.4092137813568115,0.017573676395647907,0.8194315731525421,0.007590942444751591
2814,0.4091326892375946,0.017403192393421342,0.8195107877254486,0.007545002379874717
2815,0.40922150015830994,0.01710517202760081,0.8194935321807861,0.00725473703418019
2816,0.40941406786441803,0.016783191178401834,0.8194572329521179,0.007101406799297557
2817,0.4093991816043854,0.016860678159389113,0.8194401860237122,0.007192191110990023
2818,0.4094386100769043,0.016839351854042603,0.8195376992225647,0.007228605988103436
2819,0.40935319662094116,0.01660636407547438,0.8196537494659424,0.007076455864979108
2820,0.4091775566339493,0.016738431225283266,0.8197502493858337,0.007059259950786663
2821,0.4091881066560745,0.01648643521803663,0.8197515904903412,0.0068547212949632945
2822,0.4092729091644287,0.01647254783145229,0.819658488035202,0.006944999844473629
2823,0.4091292768716812,0.016334285094912304,0.8197919726371765,0.006928267545614804
2824,0.40907834470272064,0.016435353237641427,0.8198120296001434,0.007017913892397476
2825,0.40896838903427124,0.016278883062544734,0.8199257254600525,0.0070275655207064705
2826,0.40898969769477844,0.01611185510189606,0.8199266791343689,0.006931386412404611
2827,0.40888260304927826,0.015958250912498105,0.8199649155139923,0.0067300509170680695
2828,0.4088313579559326,0.01625987483386632,0.8199843764305115,0.006977326477281485
2829,0.40861234068870544,0.016155392796407812,0.8201337456703186,0.006987020252438991
2830,0.40850523114204407,0.016166350977020644,0.8201897442340851,0.007022887220521762
2831,0.40832868218421936,0.01603506354390921,0.8202639520168304,0.006927803930281184
2832,0.40831682085990906,0.016117460632748007,0.82026407122612,0.007041853302351664
2833,0.4084564596414566,0.016089833373549117,0.8202458322048187,0.00712935015986028
2834,0.4085281491279602,0.01613630027403238,0.8201541900634766,0.007060692943636033
2835,0.408385694026947,0.016075271637388602,0.8202094733715057,0.006940532278531475
2836,0.40823470056056976,0.016188794173852696,0.8203193545341492,0.0069501839068404694
2837,0.4082637429237366,0.016370383870661885,0.8204104602336884,0.0069854608190440875
2838,0.40848396718502045,0.016097672687372142,0.8203011453151703,0.006789225092377365
2839,0.40873126685619354,0.016112297643805423,0.8202104270458221,0.006722127309548021
2840,0.4087636023759842,0.016183652258334368,0.8202106952667236,0.006783366680434351
2841,0.4089619815349579,0.016187508694973114,0.820120632648468,0.006869852013578705
2842,0.4088677614927292,0.01607394401166051,0.8201570808887482,0.006828505955189518
2843,0.408803254365921,0.016038182410699018,0.8202114105224609,0.006812785180694955
2844,0.40863656997680664,0.01608070858084651,0.8203371465206146,0.006746403894290297
2845,0.40862733125686646,0.015966827796170074,0.8203371167182922,0.006655071673567189
2846,0.4086959660053253,0.015588180509148201,0.8202835023403168,0.0063873970386745015
2847,0.40887290239334106,0.015736368828512506,0.8200876414775848,0.006372814229089732
2848,0.4089457392692566,0.015663286193194615,0.8200525939464569,0.006383435234914477
2849,0.4088418334722519,0.015723240085201363,0.820088654756546,0.006444210990467186
2850,0.4088417738676071,0.015726653979930744,0.82005375623703,0.006454621262049378
2851,0.408876895904541,0.015856698081011106,0.8200720250606537,0.006489982467950017
2852,0.4090913087129593,0.015977891343904184,0.819984495639801,0.00642553993657686
2853,0.40910927951335907,0.016368381895357616,0.8200028240680695,0.006609848105115
2854,0.4091540575027466,0.01629991433995167,0.819985955953598,0.006545447720590354
2855,0.40911127626895905,0.016132654571636186,0.8200741708278656,0.006530780617308563
2856,0.4090902507305145,0.01623066706784827,0.8202317953109741,0.006614947873784818
2857,0.40909498929977417,0.016001851827282625,0.8203016221523285,0.006427773719547938
2858,0.409011110663414,0.01607057226377964,0.8203363716602325,0.0063889143252208935
2859,0.40897485613822937,0.016138576203851965,0.8203883469104767,0.006374752984121233
2860,0.4088859111070633,0.01623132034400019,0.8204919695854187,0.006482943944248698
2861,0.40883295238018036,0.01626402629844464,0.8204052746295929,0.00651746221317912
2862,0.4086272716522217,0.016354958124106898,0.8205600678920746,0.006551769747866988
2863,0.4087044894695282,0.016356728291744355,0.8205079734325409,0.006585992988857834
2864,0.408683717250824,0.016327183350938218,0.8205589950084686,0.006523025597182559
2865,0.40872299671173096,0.016637637037069462,0.8205242156982422,0.006581314688673125
2866,0.4087241142988205,0.01664094556467757,0.8205066919326782,0.0067118013316628524
2867,0.4090273082256317,0.016415607439114074,0.8204210996627808,0.00664900252738162
2868,0.4089508354663849,0.016466815860054808,0.820488840341568,0.006610522454691174
2869,0.4089971333742142,0.016721277457939332,0.8204206228256226,0.006668137196605566
2870,0.40908104181289673,0.016711394021963526,0.8204203844070435,0.006677578090672007
2871,0.40905648469924927,0.016535093754642457,0.8204370439052582,0.00666312172163277
2872,0.4089973419904709,0.016744036756135214,0.8204704821109772,0.0068632349583624954
2873,0.40903033316135406,0.016805866182900697,0.8204533159732819,0.006991192790441569
2874,0.40885472297668457,0.016976202671157476,0.8205704689025879,0.00711851841979298
2875,0.408974826335907,0.017071454548792095,0.8204527199268341,0.007150592171509771
2876,0.4089295268058777,0.01726726880697371,0.8204691112041473,0.007229828246710251
2877,0.40877993404865265,0.01723787138013736,0.8205521404743195,0.0071672823235200845
2878,0.4088177978992462,0.01709278085413861,0.8205682635307312,0.007057911251634315
2879,0.4085918217897415,0.017154842088570897,0.820650726556778,0.007089816415957061
2880,0.4082984924316406,0.01718394448746767,0.8207328617572784,0.007074812137887183
2881,0.4081101715564728,0.017297614537901553,0.8208311200141907,0.007129982362587943
2882,0.40791556239128113,0.01708452007183047,0.8209455013275146,0.007068279376367994
2883,0.40788693726062775,0.016961514494451428,0.820993572473526,0.006960257003634573
2884,0.4078994691371918,0.017270134792672448,0.8210085332393646,0.007038565848167814
2885,0.40758244693279266,0.017169719926095246,0.8212201595306396,0.006977410770978507
2886,0.40778960287570953,0.01723938866668375,0.821136474609375,0.006962827961393738
2887,0.40756523609161377,0.017386628681956562,0.8212327063083649,0.006925190825673509
2888,0.40744031965732574,0.017276225012282275,0.8212959170341492,0.006841613625076406
2889,0.4072478711605072,0.017474884182738373,0.8213914036750793,0.006942344593017443
2890,0.4074082523584366,0.017537956941534927,0.8213729560375214,0.007019684060034934
2891,0.4071722626686096,0.017632386955623584,0.8215164542198181,0.007050914874781506
2892,0.4071766883134842,0.017684585827504325,0.8215624094009399,0.007036332065196737
2893,0.40725788474082947,0.01802869377217152,0.8215920925140381,0.007090195737593659
2894,0.40739087760448456,0.017900461985577126,0.8216376900672913,0.007121131524400656
2895,0.40726807713508606,0.01797773823232185,0.821618914604187,0.007151898723813608
2896,0.4072999060153961,0.0181903269362108,0.821680337190628,0.00725048020248059
2897,0.4072449058294296,0.018405423377586147,0.8216775357723236,0.0073939480748116725
2898,0.4072874039411545,0.01847867460029808,0.8217066526412964,0.007491686616508436
2899,0.4073193818330765,0.018471888957687827,0.8217834532260895,0.007431374476289347
2900,0.4136424660682678,0.0390385184332156,0.8178662359714508,0.007447980334602639
2901,0.41356977820396423,0.03911176965592753,0.8178526163101196,0.00748528029553478
2902,0.4135848879814148,0.0391460771906154,0.8178588449954987,0.007550481470181133
2903,0.4137895852327347,0.03919987764273956,0.8178650438785553,0.007559332308368421
2904,0.4136359691619873,0.03915126125298224,0.8180292248725891,0.007456451851153329
2905,0.4137125462293625,0.0388576452328311,0.8180546760559082,0.007214781821791862
2906,0.4138139337301254,0.03887631628672142,0.8179817795753479,0.007280025143286726
2907,0.41359207034111023,0.03865649939831285,0.8181443810462952,0.007178619825769515
2908,0.41353563964366913,0.038707138836798695,0.8181693851947784,0.007271216451947949
2909,0.4135091006755829,0.03888514605148445,0.8181357383728027,0.00750129609796892
2910,0.41334374248981476,0.03891138246468249,0.8181411623954773,0.00745510315200098
2911,0.4132207930088043,0.039076829918512,0.8181271255016327,0.00760122627578825
2912,0.41339151561260223,0.03930056646383208,0.8180744647979736,0.007691884146935182
2913,0.41353681683540344,0.039384122591004926,0.8180414140224457,0.007754809391761947
2914,0.41357848048210144,0.03915008114122393,0.8179892301559448,0.0075722713908612654
2915,0.4134587049484253,0.03920293328925659,0.8180717825889587,0.007635154488839519
2916,0.41338972747325897,0.03891079240880333,0.818115621805191,0.007372453182071117
2917,0.4134025275707245,0.038717949503441734,0.818044513463974,0.007219207240885506
2918,0.41318379342556,0.03882852176051007,0.8181263506412506,0.007444355705630702
2919,0.413116917014122,0.038864894490774966,0.8181697130203247,0.007453164396969479
2920,0.41317103803157806,0.03898505515587953,0.8180610537528992,0.00762293190277136
2921,0.41299016773700714,0.03872808582050861,0.8181422352790833,0.00757766618747066
2922,0.41288435459136963,0.03878879835578855,0.8182041645050049,0.007719616773255351
2923,0.41290853917598724,0.038636837893482524,0.8181526958942413,0.0077010300130620464
2924,0.41317451000213623,0.03838144906493076,0.8180075287818909,0.0076558907383068794
2925,0.4130465239286423,0.03838248166271928,0.8181068003177643,0.007690577594631345
2926,0.41291995346546173,0.03823606351099243,0.8182056248188019,0.007672117274983573
2927,0.41288408637046814,0.03812852582701688,0.8183039724826813,0.007601057688394206
2928,0.41278208792209625,0.03815214913560724,0.8182529211044312,0.007635575957324628
2929,0.41275541484355927,0.0380413450708721,0.8182578086853027,0.007591153178994146
2930,0.4126826375722885,0.03780608136248429,0.8182070851325989,0.007415906582885849
2931,0.41273508965969086,0.03781177118703326,0.8181565999984741,0.007450635586058825
2932,0.4127633422613144,0.03771504416970076,0.8181801438331604,0.007485196001837759
2933,0.41297629475593567,0.0380543052267892,0.8180379867553711,0.007597728087361845
2934,0.4129783362150192,0.0378537073013016,0.8180800378322601,0.007450087677028184
2935,0.41307979822158813,0.037267002096605696,0.818103551864624,0.007328999781256385
2936,0.41284099221229553,0.03730716804323658,0.8182366192340851,0.007466862122735519
2937,0.4127657413482666,0.03715358492726288,0.8181867897510529,0.007243230944536716
2938,0.4128561019897461,0.03707902715224711,0.8180462718009949,0.007200704774389223
2939,0.41288524866104126,0.03693652865743178,0.8179608285427094,0.007183972475530398
2940,0.41281209886074066,0.0369863251589474,0.8180567622184753,0.007320907586342293
2941,0.4127374589443207,0.03687693301363738,0.8180800378322601,0.007252924719694221
2942,0.4127589464187622,0.036730809889850106,0.8181392252445221,0.007185236880985726
2943,0.4126429408788681,0.03672185368454154,0.818162202835083,0.007117844070216806
2944,0.4125540405511856,0.03666246877498969,0.8182030320167542,0.0071268634957981376
2945,0.4128047674894333,0.036456792154256526,0.8180647194385529,0.006984027826194717
2946,0.41268280148506165,0.0364135705611086,0.8180876970291138,0.00706903801964119
2947,0.41268907487392426,0.036257311120254467,0.8180215060710907,0.006977368624129996
2948,0.41268815100193024,0.03615287122964447,0.8179734349250793,0.006911240218816403
2949,0.4128333181142807,0.036152239026916805,0.8179610073566437,0.006945674194049804
2950,0.4126555323600769,0.036318192242928454,0.8180547654628754,0.007130108803133476
2951,0.412881538271904,0.036314925862168855,0.8179716169834137,0.0072138124442761116
2952,0.412884846329689,0.03629123933330573,0.8179416954517365,0.007222494695069356
2953,0.4128432720899582,0.03653821986557958,0.8179997205734253,0.0074050326959700374
2954,0.4128957986831665,0.03653604930288126,0.8179873824119568,0.007388426837656745
2955,0.4130459278821945,0.03647773913796644,0.8179576098918915,0.007347165072964581
2956,0.4129268229007721,0.0365269034367544,0.8180501163005829,0.007429435721257846
2957,0.4128766804933548,0.03672096860072281,0.818037748336792,0.007560638860672259
2958,0.4127564877271652,0.03674735252789063,0.818129688501358,0.0075929654934801145
2959,0.41284923255443573,0.036921882627574246,0.8180651664733887,0.007747770868060628
2960,0.41294893622398376,0.03668579705564047,0.8180182874202728,0.007730617100716694
2961,0.41302014887332916,0.03651369039974624,0.8179888129234314,0.007689102454933464
2962,0.4130215495824814,0.03624664796758121,0.8179594874382019,0.007599076786514194
2963,0.41302958130836487,0.036020719786138564,0.8180333971977234,0.007558110049761605
2964,0.41307753324508667,0.0357133006731001,0.8180384039878845,0.007371736685646431
2965,0.41309934854507446,0.035543786048389286,0.8180433809757233,0.007283017569531
2966,0.41296425461769104,0.035463917770461144,0.8181507587432861,0.0073395364933841085
2967,0.412847101688385,0.035265279673429295,0.8182065784931183,0.0071789991474061135
2968,0.4130731374025345,0.03517299914861469,0.8180921971797943,0.007115273112457641
2969,0.4131244570016861,0.03485125010708253,0.8180800378322601,0.007003921138691859
2970,0.41318000853061676,0.03475410162126492,0.8180848658084869,0.006916930043365374
2971,0.41300836205482483,0.03424334503758565,0.8181572556495667,0.006639308752224115
2972,0.41300225257873535,0.03405676093922792,0.8181450366973877,0.006529642652398769
2973,0.41305865347385406,0.033973204812055076,0.8180824518203735,0.0064442531373156975
2974,0.4129868447780609,0.033917381311202394,0.8181879222393036,0.0064067002952924905
2975,0.41284577548503876,0.033672065579444736,0.8182259500026703,0.006274527778362327
2976,0.41267427802085876,0.033547837743458875,0.818263828754425,0.006237480698521251
2977,0.41258904337882996,0.03354518249200269,0.818401575088501,0.006247764529557909
2978,0.4125312715768814,0.03327462079798701,0.8184888064861298,0.006093296329765483
2979,0.4125264585018158,0.033073980725650896,0.8184594810009003,0.005869075095687527
2980,0.4125403016805649,0.032910134852064794,0.8184468746185303,0.005856641775376813
2981,0.4124962091445923,0.03264062682926188,0.8185169100761414,0.005774118245992482
2982,0.41231898963451385,0.032630195484255435,0.8186196982860565,0.0058319015753009185
2983,0.41225865483283997,0.03256265515951673,0.8186726272106171,0.00577306457477971
2984,0.41205866634845734,0.03262876249140607,0.8187417685985565,0.005877082996904597
2985,0.41181306540966034,0.03257789124525342,0.8188762068748474,0.005887914736971896
2986,0.41170836985111237,0.03266387081621564,0.8189283013343811,0.005875607857206715
2987,0.4116431027650833,0.03265274404820877,0.8189311921596527,0.0057940537053381355
2988,0.41143980622291565,0.03252147768852159,0.8190480768680573,0.005643758043548287
2989,0.4115547239780426,0.03245796238781567,0.8189857006072998,0.005609071187223822
2990,0.41180095076560974,0.03271585895385383,0.8189722299575806,0.0058268018066311
2991,0.4116649925708771,0.03264825540884236,0.8190397620201111,0.005837591399849889
2992,0.4117187112569809,0.03245840492972503,0.8190585374832153,0.0056427886660325366
2993,0.41154952347278595,0.03230987943557264,0.8191739916801453,0.005585553245754742
2994,0.41162510216236115,0.03203592492025183,0.8191441297531128,0.005460292811980365
2995,0.411747083067894,0.03228429629852653,0.8190983831882477,0.005585258217815166
2996,0.4117402136325836,0.03201723279293725,0.8191168904304504,0.00539260497327187
2997,0.4116040766239166,0.032000121172441824,0.8191353380680084,0.005381520352113504
2998,0.41152769327163696,0.032125465899913226,0.8192015588283539,0.005483347138115825
2999,0.41158513724803925,0.03193873428758571,0.8192197680473328,0.005427165389050802
3000,0.37762515246868134,0.0004310990399936796,0.8308131098747253,0.0003667618757417999
3001,0.37774376571178436,0.000286956818086422,0.8307664692401886,0.0003095686023125167
3002,0.37766195833683014,0.0003733578575337548,0.8307597637176514,0.00030876781219080966
3003,0.37772174179553986,0.00040087974961136856,0.8307332992553711,0.0003359946763288472
3004,0.3777191936969757,0.0004666499067126187,0.8307267129421234,0.00033510959251011844
3005,0.3778171092271805,0.00016591106916313434,0.8306610584259033,0.0005292801235998073
3006,0.37782512605190277,0.00028038190971872256,0.8306939601898193,0.00047238187811010033
3007,0.3777974545955658,0.0004108896261327059,0.8307463228702545,0.0003325807815994648
3008,0.3778908848762512,0.00046344674622579075,0.8307006359100342,0.00027648332623146486
3009,0.3779639005661011,0.0003161013638317052,0.8306552171707153,0.0003309370545075399
3010,0.37786462903022766,0.00036819486859117025,0.830746203660965,0.00035761600961493585
3011,0.37793684005737305,0.0003186301747423589,0.8307008743286133,0.0004116061225573911
3012,0.378180667757988,0.0008631042372303434,0.8305396437644958,8.210206089922157e-05
3013,0.3779873698949814,0.000728065734601439,0.8306109011173248,0.00019113595799690443
3014,0.3780282884836197,0.00035384386667321085,0.8306240439414978,0.0003268909570504941
3015,0.3779684603214264,0.000464542564287074,0.8306755423545837,0.0002989054496392605
3016,0.37838228046894073,0.0004869436142706142,0.8305542767047882,0.000352389800399585
3017,0.3784521818161011,0.00044722020954909657,0.8304909765720367,0.0002703720331973852
3018,0.3783853203058243,0.0003803963812350741,0.8306377828121185,0.0003236456497151553
3019,0.3782641142606735,0.00033209609284158955,0.8307648301124573,0.00040359822134032126
3020,0.37827691435813904,8.062692120134028e-05,0.8308722972869873,0.0004562817819789388
3021,0.37812812626361847,3.344352429339442e-05,0.830941379070282,0.000508712461526491
3022,0.3781385123729706,0.00016416197494993224,0.8309345543384552,0.0006143746107433023
3023,0.37832213938236237,0.0002178781333770667,0.8308147192001343,0.0006661730875631911
3024,0.37809179723262787,0.0001395271419953147,0.8309586346149445,0.0005582350085267915
3025,0.37798136472702026,2.166348013459953e-05,0.8310268521308899,0.00045080269167252257
3026,0.3778446167707443,1.8102071435428987e-05,0.8311134278774261,0.0004232807995949088
3027,0.3776460587978363,3.793216365980463e-07,0.831330269575119,0.00036950142089500797
3028,0.3775484263896942,0.0002174355914677023,0.8313970863819122,0.00042125775086638585
3029,0.37742944061756134,5.668751124715247e-06,0.8314635753631592,0.0002626591599198916
3030,0.37727226316928864,5.542310579182565e-06,0.8315297961235046,0.0002620691040407391
3031,0.3772112727165222,1.858676019330427e-05,0.8315956592559814,0.00020913266231105618
3032,0.3772340267896652,0.0004922962640314978,0.8316243886947632,5.217779845648681e-05
3033,0.37746430933475494,0.00047961006262971863,0.831524133682251,2.6046752379732512e-05
3034,0.37747421860694885,0.00045067625112698987,0.8315895795822144,7.788737604813218e-05
3035,0.3774505704641342,0.0002734698265629359,0.8315631449222565,0.00020715176043104418
3036,0.37733906507492065,0.0003700493299256496,0.8315916657447815,0.00010334407254871216
3037,0.3771056830883026,0.0004202462265021244,0.8318022787570953,0.0002062245297638045
3038,0.3771035075187683,0.0005281421586900131,0.8317937254905701,0.00020576091443018466
3039,0.3769739717245102,0.0005221362327772107,0.831894040107727,0.00020525515224805393
3040,0.3767566829919815,0.0006012458674321588,0.8319939374923706,0.00015358311597369785
3041,0.3768433630466461,0.000340462242271002,0.8320030272006989,0.00022982676492990515
3042,0.37692849338054657,0.0001324886182939954,0.8320481479167938,0.0003566887789476962
3043,0.37709274888038635,6.229304209910138e-05,0.8320211470127106,0.0003304734391739201
3044,0.3770322650671005,0.00032775496744496743,0.8320480585098267,0.00017752252592788566
3045,0.3770201653242111,0.00031553238137680816,0.8320032954216003,0.00017710105744277673
3046,0.37714052200317383,8.016330586772045e-05,0.8320122957229614,0.00035344347161235735
3047,0.3771809935569763,2.6468220864841452e-05,0.8320034146308899,0.00040300816546116875
3048,0.37707608938217163,0.00015729203864265652,0.8320656716823578,0.0002513216576704611
3049,0.3771144896745682,0.00012907472356461297,0.8319858014583588,0.00020057685206334468
3050,0.3772265613079071,0.00012121433631733124,0.83183553814888,0.00015008492754729365
3051,0.3773919343948364,0.0004232386527463979,0.8318624496459961,0.0
3052,0.37726129591464996,0.0002680328831050306,0.8319597244262695,9.96351498797535e-05
3053,0.37709803879261017,0.0003093367946457067,0.8320741057395935,0.0001242489094101156
3054,0.3771187961101532,0.000425556729414497,0.8320827484130859,0.0
3055,0.37711238861083984,0.00035483431761321687,0.8321088552474976,9.896080030357919e-05
3056,0.3769924193620682,0.00014129730963277225,0.8321872353553772,0.00017280207889466554
3057,0.376889631152153,0.0003464260213352935,0.8323000967502594,0.0003940308867283483
3058,0.37706612050533295,0.0005483937193994976,0.8323429226875305,0.0004669027878036841
3059,0.3769830912351608,0.0006006136647044954,0.8324028849601746,0.0003677734001060613
3060,0.3768647462129593,0.00040804471385822057,0.8325318098068237,0.0002201751366209104
3061,0.37686680257320404,0.0005052774933728531,0.8325393497943878,0.0003417687945748397
3062,0.37697315216064453,1.306552303837715e-06,0.8325813114643097,0.00017048400222656636
3063,0.3767738342285156,3.5361205900640094e-05,0.8326917886734009,9.719063266612164e-05
3064,0.37681546807289124,0.0002436930780899893,0.8326646089553833,0.00012121433631733124
3065,0.37679946422576904,0.00035938617725239343,0.8327060043811798,0.00019358047521053629
3066,0.3767521232366562,1.8987155254157762e-05,0.8327471911907196,0.0003621678692541124
3067,0.37670817971229553,0.00014612312378726962,0.8327711820602417,0.00045771477482830917
3068,0.3768715262413025,0.00031521628001297645,0.8326930999755859,0.00026442932755734914
3069,0.3770443946123123,0.0007802856799064366,0.8326492607593536,7.194467040809612e-05
3070,0.3768984228372574,0.0005204082119882641,0.832740992307663,0.0002154125427391794
3071,0.37685438990592957,0.0006241948264463406,0.8327647745609283,0.0002627013067684025
3072,0.37688978016376495,0.0003310002747803063,0.832721084356308,0.0004527835935525346
3073,0.37708041071891785,0.0005311767317827975,0.8326102793216705,0.0003566887789476962
3074,0.37703941762447357,0.0004395705565443693,0.832617461681366,0.0003796588113861334
3075,0.37705081701278687,0.00041299696855825064,0.832574337720871,0.0004262310789906713
3076,0.3769628405570984,0.0003459834794259291,0.8325815498828888,0.00044890608348953235
3077,0.3769460916519165,0.00025473555239984355,0.83255535364151,0.0004715389411398824
3078,0.3770226538181305,0.0004405188606358644,0.8325292766094208,0.00030585967964355797
3079,0.37694257497787476,0.0006412643000932527,0.8325863182544708,0.00025823374082624775
3080,0.37702152132987976,0.0004690522770777397,0.8326265811920166,0.00028111947956766317
3081,0.37709154188632965,0.0008619662723205493,0.8325674533843994,7.013235592212767e-05
3082,0.37721334397792816,0.0009640037925654237,0.8326075375080109,0.00023328280650779847
3083,0.3772784173488617,0.0010669896169017933,0.832565188407898,0.00032587943268623266
3084,0.37728334963321686,0.0010607308098979256,0.8325887024402618,0.00037169305701757445
3085,0.3772471398115158,0.0010614473063226108,0.8326448798179626,0.0004172538002578509
3086,0.3772130161523819,0.0010204805695700218,0.8326845169067383,0.0003932300966066413
3087,0.37718553841114044,0.0010855131568223311,0.8327076435089111,0.0004385801056043633
3088,0.3773273080587387,0.0010085108645929279,0.8326492011547089,0.0005068158533435008
3089,0.37731698155403137,0.0008976014327365102,0.8326560258865356,0.0003907855793930095
3090,0.37720951437950134,0.001082583950850824,0.8327277600765228,0.00041291267486122884
3091,0.37720128893852234,0.001270348160966857,0.8327505588531494,0.0005494263171880146
3092,0.3771379590034485,0.001218254656207392,0.8328541219234467,0.0005254447603853159
3093,0.37707123160362244,0.0011345931619132672,0.8328927159309387,0.00045594460719085165
3094,0.377060204744339,0.0012922645221925219,0.8329150378704071,0.0005915310188503978
3095,0.37714238464832306,0.0012922855956167773,0.8328731060028076,0.000544874457548838
3096,0.37725213170051575,0.0014852549415239056,0.8328153192996979,0.000702377230434049
3097,0.37702222168445587,0.0015278021850956532,0.832965612411499,0.0006557206691324894
3098,0.3768741488456726,0.0016210099405774953,0.8330514430999756,0.0007446505194904757
3099,0.37682315707206726,0.0016317573869477733,0.8330891728401184,0.0006756139816296314
3100,0.3726603090763092,0.0017171469020308447,0.8307532668113708,0.004118927211272652
3101,0.3727615028619766,0.0015682631596661116,0.8307863771915436,0.004052208750079907
3102,0.3726176619529724,0.0017140280352410384,0.830918550491333,0.004069952573302993
3103,0.3727835565805435,0.001525104786790956,0.8308520615100861,0.0038636437498421666
3104,0.3728863149881363,0.0018968399906570414,0.8307859599590302,0.004105229485506612
3105,0.3728509247303009,0.0019888676343805785,0.8307989239692688,0.004122720427638633
3106,0.3727402687072754,0.0020891771338365063,0.8308708071708679,0.004056802756567594
3107,0.372782900929451,0.002022564039765038,0.8309031128883362,0.004212914683451946
3108,0.37288856506347656,0.0019216434110057026,0.8308765888214111,0.004174729638701076
3109,0.37292857468128204,0.0018919088093812667,0.8309087157249451,0.0041091491424181245
3110,0.372898131608963,0.0021312818354988893,0.8309212625026703,0.004236474771769535
3111,0.37272559106349945,0.002049748757054565,0.8309919238090515,0.004225980206490323
3112,0.372642919421196,0.001762602278149844,0.8310815989971161,0.004133383580311889
3113,0.3726354241371155,0.0018381505041056214,0.8311129212379456,0.0041231418961237415
3114,0.3724651038646698,0.0018875887574089,0.8311633169651031,0.004085757641494579
3115,0.3726094961166382,0.0016999931346869108,0.8310021460056305,0.004021357256969932
3116,0.3724701255559921,0.0017285054777045306,0.8310526013374329,0.004092796165195898
3117,0.37267085909843445,0.002095709895355695,0.8310454189777374,0.00419095617537777
3118,0.372686505317688,0.0018679483260028234,0.8310001492500305,0.0040728185590017335
3119,0.3725687563419342,0.0017297909565841128,0.8310882747173309,0.004089803738951624
3120,0.34951573610305786,0.01646255902835521,0.8203125,0.011048543456039806
3121,0.3582496643066406,0.04191706389281264,0.828125,0.03314563036811941
3122,0.3631924092769623,0.05373862269739075,0.8255208432674408,0.04787700759388965
3123,0.3626260757446289,0.059700589447196285,0.83203125,0.04971844555217912
3124,0.3551913797855377,0.06440143819585885,0.84375,0.03977473958300389
3125,0.3647601455450058,0.03824828609706059,0.8385416567325592,0.029462796598388984
3126,0.36658427119255066,0.03657368643860149,0.8404017984867096,0.02367544424196408
3127,0.36940233409404755,0.022847574770088846,0.8349609375,0.01242961138804478
3128,0.38191740214824677,0.02225144974475076,0.8272569179534912,0.011048543456039806
3129,0.38114742934703827,0.028531540907116525,0.8289062678813934,0.014363098063482044
3130,0.3822624832391739,0.02387233324478272,0.8259943127632141,0.011048543456039806
3131,0.38316938281059265,0.022023245633488522,0.826171875,0.013810679320049757
3132,0.38536617159843445,0.022749393686482718,0.8263221085071564,0.014448066110080007
3133,0.3862481862306595,0.016997170728291645,0.8258928656578064,0.011048543456039806
3134,0.3847753554582596,0.01609889494597896,0.8291666507720947,0.011785101780616189
3135,0.38363249599933624,0.0037776009586071766,0.83056640625,0.003452669830012439
3136,0.3831474184989929,0.004504065112965201,0.8318014740943909,0.0051993195260009095
3137,0.3849744200706482,0.00255654353697381,0.8302951455116272,0.0006138267017126607
3138,0.379777729511261,0.010370527104045053,0.8326480090618134,0.004070500482333634
3139,0.37889130413532257,0.011182760095122746,0.8343749940395355,0.004419392094306815
3140,0.379056453704834,0.007574210145892766,0.8359375,0.004735114136501923
3141,0.3820824921131134,0.007726697443805181,0.8348721563816071,0.004519870181156787
3142,0.38283422589302063,0.003224318204780415,0.834578812122345,0.002401864602938829
3143,0.3802294433116913,0.0007649653004727267,0.8362630307674408,0.0004603700262844955
3144,0.37611161172389984,0.004341188616894851,0.8375000059604645,0.002651668974062898
3145,0.37672075629234314,0.00025182741985259186,0.8377403616905212,0.0
3146,0.37720145285129547,0.0036444590641612623,0.8370949029922485,0.0036828759165789425
3147,0.3789318948984146,0.0001741718514712696,0.8370535671710968,0.0023675149214024502
3148,0.37678827345371246,0.0006834322220284022,0.8380926847457886,0.002666883986375331
3149,0.3789917826652527,0.0011413366576750103,0.8380208313465118,0.000736600471424895
3150,0.38183362782001495,0.008714809233718836,0.8361895084381104,0.003564021803778221
3151,0.38091401755809784,0.006334481670369074,0.8359375,0.0027621358640099515
3152,0.3797823339700699,0.00520288093470008,0.8371211886405945,0.002678432222867316
3153,0.38168539106845856,0.0004445438846686548,0.8361672759056091,0.000974856606056979
3154,0.381170392036438,0.003822339838301491,0.8361607193946838,0.0006313597906931926
3155,0.3810165077447891,0.006988474318712617,0.8363715410232544,0.0
3156,0.3800903856754303,0.0053855664495705505,0.8367820680141449,0.0008958312650990527
3157,0.3829363286495209,0.0032115898565301254,0.835526317358017,0.0017445002067144149
3158,0.3831249475479126,0.004704852699271101,0.8337339758872986,0.001133160169063897
3159,0.38245053589344025,0.0030956228028524,0.833984375,0.001657298377145375
3160,0.38134653866291046,0.004002960157594927,0.8347942233085632,0.00026948694937865646
3161,0.38064561784267426,0.0029679178518643916,0.8346354067325592,0.0007891997383664908
3162,0.3803319036960602,0.004152518249535835,0.8343023359775543,0.001027750900938151
3163,0.3800079673528671,0.003732883152337118,0.8341619372367859,0.0025110249405820447
3164,0.3799106329679489,0.006628371645035538,0.8343749940395355,0.0009820637171523419
3165,0.3784213662147522,0.006391780310919634,0.8354279696941376,0.0002401948896635851
3166,0.3776816725730896,0.006201866611529546,0.8356050550937653,0.00023505297414525602
3167,0.37633639574050903,0.006895097975836731,0.8369140625,0.000920740052568991
3168,0.374112993478775,0.00849221065330855,0.8378507792949677,0.0020293286089510367
3169,0.3738294094800949,0.008581583045575901,0.8381250202655792,0.0017677652670924284
3170,0.37439678609371185,0.008090192938787386,0.8373161852359772,0.0012998509549244828
3171,0.3765719383955002,0.005745353021883797,0.8365384638309479,0.0008498912002221781
3172,0.3782973140478134,0.006421557059392581,0.8359375,0.00020845831273488187
3173,0.3770943731069565,0.008102836993340655,0.8368055820465088,0.0008184075043845403
3174,0.3762444108724594,0.007161529278698347,0.8367897570133209,0.0006026577868572737
3175,0.37491463124752045,0.00784194800105822,0.8377511203289032,0.0009864469893974747
3176,0.3731192499399185,0.007402524958483639,0.8385416865348816,0.0015506668504128131
3177,0.372314989566803,0.006694478976924875,0.8389008641242981,0.0015239457484569063
3178,0.37286441028118134,0.006663859291481711,0.8384533822536469,0.0007490759385841196
3179,0.3737877458333969,0.006828779909704839,0.8380208313465118,0.001104879633713087
3180,0.3720463961362839,0.007634121891051003,0.8387551307678223,0.0012678614969047143
3181,0.372337743639946,0.005602475205431867,0.8388356864452362,0.00017823902235257087
3182,0.37171807885169983,0.005221530915166151,0.8390377163887024,0.0003507460733076601
3183,0.3707004338502884,0.005081708745231259,0.8392333984375,0.0005179004745018658
3184,0.36942158639431,0.005422887483926947,0.8403846025466919,0.00033995648008887125
3185,0.3701338768005371,0.006275075687392969,0.8400804996490479,0.0005022218468558133
3186,0.3704438805580139,0.0070099481380289175,0.840135246515274,0.00082451879741862
3187,0.36934301257133484,0.0074342404619880875,0.8407628536224365,0.000974856606056979
3188,0.3695913106203079,0.009941493259628406,0.8405796885490417,0.001921474823611659
3189,0.36928723752498627,0.01237555805482956,0.8410714268684387,0.003156714659768941
3190,0.36862902343273163,0.010853930383040751,0.8416593372821808,0.002645431240483286
3191,0.3689891993999481,0.008363704912198833,0.841796875,0.002455222513153621
3192,0.3685363233089447,0.008087685201300989,0.8418236374855042,0.0018161919960314457
3193,0.3691342622041702,0.00711074232624272,0.8417440950870514,0.0016423362459240078
3194,0.3694867938756943,0.007156176628937464,0.8411458432674408,0.0013258134136071935
3195,0.3691089004278183,0.007593155154298413,0.8414884805679321,0.001453729098837757
3196,0.3699878454208374,0.007896970711789193,0.8410105407238007,0.0010044015468631156
3197,0.36977122724056244,0.007939180780572853,0.8409455120563507,0.0005665800845319485
3198,0.370554119348526,0.007089437094320463,0.8405854403972626,0.0011188723874187038
3199,0.3711867034435272,0.006173965397815334,0.8402343690395355,0.0005524187434322881
3200,0.36561138927936554,0.004641189884595396,0.8359798789024353,0.003329010976481476
3201,0.36571407318115234,0.004733259675167444,0.8357807993888855,0.00329242751197402
3202,0.3656790405511856,0.004856813161577129,0.8357811868190765,0.0033682496924451184
3203,0.36586886644363403,0.004973749592770605,0.8357024192810059,0.0035556767277730643
3204,0.365935742855072,0.00508948483878152,0.8357425034046173,0.0035746006627544553
3205,0.3658675104379654,0.005132242816595822,0.8358611762523651,0.00370491871835014
3206,0.36576421558856964,0.0051762862732897055,0.8359399437904358,0.0036677873448120422
3207,0.3659061938524246,0.00518307191589996,0.835822343826294,0.0036863319581568357
3208,0.365797221660614,0.005264647141192795,0.8359008431434631,0.0037047079841075856
3209,0.3659166544675827,0.0054592180673433376,0.8358424305915833,0.0036955199711322106
3210,0.3658905625343323,0.0054382921570576784,0.8357842862606049,0.0036862898113083245
3211,0.36607274413108826,0.005463074503982084,0.835687667131424,0.0036222266015717656
3212,0.36600737273693085,0.005745648049823374,0.8356689214706421,0.0038322443477015506
3213,0.3662238121032715,0.005814537073714429,0.8354958295822144,0.003877425769305229
3214,0.3660276085138321,0.005935266721273886,0.8356124758720398,0.00405848863050803
3215,0.3659202605485916,0.0060215413201756855,0.8357669711112976,0.004075684544700474
3216,0.3661087155342102,0.006071970024418971,0.835633248090744,0.004228298283158422
3217,0.3658263236284256,0.005981333226696293,0.8358443081378937,0.004163897898633776
3218,0.3657625913619995,0.006314651578144698,0.8359589576721191,0.004288610423377511
3219,0.3657226115465164,0.006350708207045768,0.8359969556331635,0.004251226168748348
3220,0.3654734492301941,0.006322828066755812,0.8362815082073212,0.00424094233771169
3221,0.3653375655412674,0.006235225842125918,0.8363942801952362,0.004203853111022103
3222,0.36543595790863037,0.005931958193665781,0.8364120721817017,0.004033453402492559
3223,0.3655790388584137,0.005917670412020588,0.8363355398178101,0.004103670052111708
3224,0.3657878637313843,0.005891286484852768,0.8363345861434937,0.004067170881301274
3225,0.3657156378030777,0.0058757553711765035,0.8364273905754089,0.004057392812446747
3226,0.36584828794002533,0.006321879762664317,0.8363888263702393,0.004285828731375793
3227,0.3657085746526718,0.0063911270347677155,0.8364997208118439,0.004301970974355465
3228,0.3656460791826248,0.006180182057970691,0.8365356028079987,0.004212703949209392
3229,0.3656485229730606,0.006181193582334953,0.8366084694862366,0.004229014779583107
3230,0.36563292145729065,0.006054900550772058,0.8365327715873718,0.004140337810316186
3231,0.3656657636165619,0.006211644680384073,0.8365683257579803,0.00431351921084745
3232,0.3655242919921875,0.006181720417941339,0.8366590440273285,0.0043554974719643
3233,0.3654952347278595,0.006010435625593065,0.8366941213607788,0.004111087897449625
3234,0.3656825125217438,0.005728894677540293,0.8366556465625763,0.003971623975727077
3235,0.3657233864068985,0.005850256527827413,0.8367272019386292,0.00393643135722048
3236,0.365723580121994,0.005935751410031761,0.8367619216442108,0.00400475139865664
3237,0.36569200456142426,0.00584873924128102,0.8367417752742767,0.003995394798287221
3238,0.36590200662612915,0.005640976351546568,0.8366671502590179,0.003857490309959576
3239,0.3656778633594513,0.005553648081431995,0.8368105888366699,0.003874222608818401
3240,0.3655552566051483,0.0057207603357776905,0.8369171917438507,0.003993203162164655
3241,0.36547863483428955,0.0056709006139893025,0.8369148969650269,0.004009513992538371
3242,0.3654746115207672,0.0054937995565465265,0.8369667232036591,0.004000283832714485
3243,0.3656747490167618,0.005334421248902581,0.8369283974170685,0.003863980924630254
3244,0.36566367745399475,0.005165307019252618,0.8369798958301544,0.0037536404752287335
3245,0.36539289355278015,0.005037475627719077,0.8371206820011139,0.0037197544090259746
3246,0.3654070198535919,0.004760233658214415,0.8371001183986664,0.003610256896594672
3247,0.3651816099882126,0.004600560322630893,0.8372755646705627,0.0034761034777844963
3248,0.3650807589292526,0.004617714089974827,0.8373258411884308,0.0035184610605379445
3249,0.36499668657779694,0.004716759183975429,0.8373936414718628,0.0036358400336407846
3250,0.3652656823396683,0.005034715009141613,0.8372665047645569,0.003777706325728454
3251,0.3651200085878372,0.0052854466109329215,0.8373517394065857,0.0038689963996030503
3252,0.3652217239141464,0.0049456587182380935,0.8372780978679657,0.003785587786399991
3253,0.3652701824903488,0.004923447329072852,0.8372575342655182,0.0037770741230007906
3254,0.3652045577764511,0.004823348563859479,0.8373422026634216,0.003768602606450101
3255,0.36506299674510956,0.004570973234976246,0.8373915553092957,0.003611732036292553
3256,0.36522772908210754,0.004473297913552249,0.837318480014801,0.0034802338689385636
3257,0.365126296877861,0.004225284783489893,0.8373502492904663,0.003349325757463727
3258,0.36515818536281586,0.004441118794714182,0.8373297452926636,0.003538480813580619
3259,0.36505576968193054,0.004211861012239173,0.8373786509037018,0.003383506851606062
3260,0.3649975508451462,0.004019903190696306,0.8373754322528839,0.0032536945581925084
3261,0.3648490160703659,0.003964606525450013,0.8374413251876831,0.0032221265686578487
3262,0.36463315784931183,0.0039654073155717205,0.8375929892063141,0.003312447265016695
3263,0.36448514461517334,0.0038529384503203997,0.8377268314361572,0.003280879275482035
3264,0.3646044135093689,0.004136797475041271,0.8377057611942291,0.0033221410401742
3265,0.36473287642002106,0.004184065165646239,0.8377532064914703,0.003411660946411339
3266,0.36461494863033295,0.0039947415221353024,0.8378687500953674,0.0033559006658314262
3267,0.36445194482803345,0.004154246270324781,0.837932676076889,0.003420848959386714
3268,0.3643742501735687,0.004290296297317947,0.8380133211612701,0.0035576576296530763
3269,0.36414214968681335,0.004258053958207113,0.8381614685058594,0.0035499447563755826
3270,0.36427462100982666,0.004417579779820847,0.838156670331955,0.003566171293052277
3271,0.36419472098350525,0.0041211609942437295,0.8382531702518463,0.0035345611566691064
3272,0.36439813673496246,0.004105334852627889,0.8381639420986176,0.003669936834086098
3273,0.3645950108766556,0.004320157339487916,0.8381759226322174,0.003804722455623937
3274,0.3644135445356369,0.004486595244257436,0.8383221328258514,0.003938918021282624
3275,0.36460940539836884,0.004834938947199975,0.8382668197154999,0.0040725235310621576
3276,0.36469511687755585,0.00467958566358882,0.8382451236248016,0.0040638412802689134
3277,0.364643931388855,0.004904122999030608,0.8383068740367889,0.0041258814412769495
3278,0.3645419180393219,0.004957691643487954,0.8384515643119812,0.004117072749938173
3279,0.36449389159679413,0.004680934362741168,0.8384627997875214,0.0040144451738141455
3280,0.36430804431438446,0.004540290329260315,0.8385899662971497,0.003935672713947284
3281,0.3641941547393799,0.004669660080764504,0.8386339545249939,0.00402080934793929
3282,0.3642512410879135,0.004456755275511723,0.8385952711105347,0.003895717501558957
3283,0.3643706291913986,0.004588211296017201,0.8385567367076874,0.004050438582442449
3284,0.3643909990787506,0.004573270238220089,0.8386005163192749,0.003902545291017722
3285,0.364611491560936,0.004475215595159495,0.8384310007095337,0.0038248265023636333
3286,0.36474643647670746,0.004563555389638329,0.8383930921554565,0.0037937221281625936
3287,0.3646564781665802,0.004386517552468318,0.8384858965873718,0.0036242075034517776
3288,0.36454440653324127,0.004373262368611642,0.8385783135890961,0.003639675396855276
3289,0.36440952122211456,0.0044389693054401255,0.8387516438961029,0.003632088964123315
3290,0.36442846059799194,0.004551775345479534,0.8387944400310516,0.0037162983674480813
3291,0.36446377635002136,0.004428327226191125,0.8388694524765015,0.0037085854941705876
3292,0.3646954447031021,0.004482717734194434,0.8388310968875885,0.0037238005064830202
3293,0.3646477460861206,0.0042886947170745334,0.8388251066207886,0.0036021225548320693
3294,0.3646060824394226,0.004252279839961121,0.8388674259185791,0.003594704709494152
3295,0.36462412774562836,0.0041542251969005255,0.8388453722000122,0.003496502552463769
3296,0.36442598700523376,0.0042290990732801285,0.8389675617218018,0.003557278308016478
3297,0.36432673037052155,0.004217361175969845,0.8390093445777893,0.003504763334771904
3298,0.36417433619499207,0.004132919964978269,0.8390828371047974,0.0034525012426183956
3299,0.36407293379306793,0.0040151405968145756,0.8391560614109039,0.00331033992259115
3300,0.36113467812538147,0.006425961405061969,0.8400694131851196,0.004598558347326626
3301,0.3609587550163269,0.006458962387445999,0.8401782810688019,0.004558729575483831
3302,0.3610313683748245,0.006548250486016328,0.8401873707771301,0.004603278794359846
3303,0.36076536774635315,0.0062633588635069406,0.8403547704219818,0.004535633102499861
3304,0.36072415113449097,0.00607525747860282,0.8403830826282501,0.004384494503739796
3305,0.36088114976882935,0.005986917684123986,0.8402537107467651,0.004234156695101436
3306,0.36148566007614136,0.006194238031949074,0.8400463759899139,0.0042513104624453705
3307,0.3615422546863556,0.006159424735079076,0.8400556445121765,0.0042406473097721135
3308,0.36169908940792084,0.006522962376909792,0.8400062322616577,0.004368267967063101
3309,0.3614790588617325,0.0064928273802245026,0.8401521146297455,0.004329787894372655
3310,0.3615327626466751,0.0067105158527832704,0.840141624212265,0.004456565614693424
3311,0.3615158051252365,0.006764590259422747,0.8402087986469269,0.004527793788676835
3312,0.3614015579223633,0.006702908346627054,0.8403530418872833,0.004653475690936321
3313,0.3612692803144455,0.006544836591286946,0.8404772877693176,0.00453272496995261
3314,0.3611241281032562,0.00644766703204508,0.8406201899051666,0.00443987546268311
3315,0.3612380921840668,0.006429712474579439,0.8406278789043427,0.0044832867166493305
3316,0.36107034981250763,0.006310331526172332,0.8407313823699951,0.004282541277191943
3317,0.36091721057891846,0.006526776666700028,0.8408726155757904,0.004407253801935678
3318,0.3607698678970337,0.006568122725089215,0.840955913066864,0.0043965063555654
3319,0.36077071726322174,0.006494513254164939,0.8410007655620575,0.004439622581592044
3320,0.36063703894615173,0.006493227775285357,0.8410454094409943,0.004428832988373255
3321,0.3608793467283249,0.00669066468713464,0.8408815562725067,0.004498375288416231
3322,0.36072196066379547,0.006590608068769777,0.8409262597560883,0.004327259083462001
3323,0.36079078912734985,0.006400125386924791,0.8408576846122742,0.004156943668629478
3324,0.3606700599193573,0.006523447065667667,0.8409586250782013,0.004226696702915008
3325,0.3607533276081085,0.006256320339805621,0.8408340811729431,0.004030924591581905
3326,0.3606545627117157,0.006509327871416518,0.8409907221794128,0.0041271036998837655
3327,0.3608051836490631,0.0065046074243832975,0.8409786522388458,0.004143583117651525
3328,0.36103327572345734,0.006271725012936353,0.8408921658992767,0.004002054000351943
3329,0.3609507083892822,0.005936847228093044,0.8409732580184937,0.003834941746006248
3330,0.36071909964084625,0.005956508732923377,0.8411651253700256,0.0037734916408773645
3331,0.360787957906723,0.0060079489615309225,0.8411712348461151,0.003659990177837527
3332,0.3609066307544708,0.005729147558631359,0.8412326574325562,0.0035209477246000874
3333,0.3608554005622864,0.0052899352502993316,0.8413305878639221,0.0033825374740903114
3334,0.3608863353729248,0.005157467705429592,0.8412995636463165,0.003322646802356331
3335,0.3606354892253876,0.004944583973601066,0.8414151668548584,0.0031594963517706603
3336,0.3606378734111786,0.004665192514822349,0.84149369597435,0.0030487765807325415
3337,0.36069898307323456,0.004357878768905166,0.8414807617664337,0.00296431429631671
3338,0.3607688695192337,0.004431425019556676,0.8415223956108093,0.002957444360009434
3339,0.36066682636737823,0.004364369383575844,0.8416182696819305,0.0030275345690830508
3340,0.360474169254303,0.004335730600012691,0.8417499363422394,0.0030973297502170914
3341,0.36044447124004364,0.0040690885629085195,0.8418628871440887,0.0030901647859702397
3342,0.36061258614063263,0.003961192630720631,0.8417771458625793,0.0030065875853731365
3343,0.3608085811138153,0.00404862626795648,0.8417277932167053,0.00297421880571677
3344,0.3607877790927887,0.004067128734452763,0.8417324125766754,0.002967433163106516
3345,0.3605922907590866,0.004073429688305142,0.8417728543281555,0.003011223738709335
3346,0.36069704592227936,0.004033558769613836,0.8417595028877258,0.003029599764660085
3347,0.3607083559036255,0.003901323032410906,0.8417818546295166,0.002896752898153747
3348,0.3607621192932129,0.0039939196585893405,0.8418574035167694,0.0029906982234845295
3349,0.3607560098171234,0.004260245594329679,0.8418971598148346,0.0031343346832096563
3350,0.3606957644224167,0.004121561389304583,0.8419721126556396,0.0030271552474464528
3351,0.36053259670734406,0.0041782489005517355,0.8420820236206055,0.0030203274579876883
3352,0.3603288382291794,0.004288884377892832,0.8421914577484131,0.0030134996685289234
3353,0.36013561487197876,0.00435642470263154,0.8422828316688538,0.0030316228133886076
3354,0.36028802394866943,0.004351156346567678,0.8423036634922028,0.003099184211551571
3355,0.36034660041332245,0.004301444138749079,0.8423244059085846,0.003116970181623168
3356,0.3603527247905731,0.004262100055664159,0.8423799276351929,0.0031347140048462547
3357,0.3603047579526901,0.003940203500162206,0.8425048887729645,0.003103061721614573
3358,0.3601446896791458,0.003608844977169557,0.8426466584205627,0.0029979053345798924
3359,0.36038096249103546,0.003473174271812989,0.8425970673561096,0.0029667166666818307
3360,0.3604947477579117,0.003458507168531198,0.842547744512558,0.0030824940595412568
3361,0.3606426417827606,0.0034804446031811184,0.8425158858299255,0.003075624123233981
3362,0.3606700599193573,0.0034512789840115796,0.8425874710083008,0.0030201588705936447
3363,0.3605731576681137,0.00349066521394501,0.8426072299480438,0.003086455863301281
3364,0.3606767952442169,0.003507966495258732,0.8425925970077515,0.00315241568122083
3365,0.36058689653873444,0.003216162789593557,0.8426806628704071,0.0030244999959902668
3366,0.3605809360742569,0.0031727936824758472,0.8426488637924194,0.003114483517561025
3367,0.3606135696172714,0.0031306889808134643,0.8426512479782104,0.0031558717227987234
3368,0.36065271496772766,0.0033352487100610883,0.8427556455135345,0.003293228302095727
3369,0.3606080710887909,0.0032679401929891906,0.8428256511688232,0.003286105484697386
3370,0.360566109418869,0.002937129579027183,0.8428615033626556,0.0032789826672990447
3371,0.3606046736240387,0.0030360903793307625,0.8428465127944946,0.003200210207432184
3372,0.3606525659561157,0.003153932967767222,0.8429158926010132,0.0032886342956080397
3373,0.3607184439897537,0.0034185519561428703,0.8428672552108765,0.0034480336766762407
3374,0.36070945858955383,0.0034484551451613495,0.8428523242473602,0.0034643445070499566
3375,0.3608037084341049,0.003314196359229897,0.8428710103034973,0.003385909221971183
3376,0.36096398532390594,0.0033724433038719525,0.842822790145874,0.0033077689648319856
3377,0.36079905927181244,0.0033517492012531034,0.8429247736930847,0.003300688294282155
3378,0.36075054109096527,0.00386261115205365,0.8429431617259979,0.00369362336294922
3379,0.36063866317272186,0.003907539692566263,0.8429448902606964,0.00373273563836733
3380,0.36058729887008667,0.003874601930454999,0.8430128693580627,0.0036779868821516784
3381,0.3607433885335922,0.003833024064399002,0.8429317772388458,0.0036000573592550357
3382,0.36073748767375946,0.003853507432775297,0.8429664671421051,0.003592470926523075
3383,0.36073315143585205,0.0038137418812052683,0.8429845869541168,0.0035616194334131004
3384,0.36066684126853943,0.0037713842984518197,0.8429533243179321,0.0034147376663526342
3385,0.3606722056865692,0.004145395432137493,0.8429878056049347,0.0035003379156782603
3386,0.360574409365654,0.0040946295531061215,0.8430548310279846,0.0034929622171888538
3387,0.36036890745162964,0.004127735902611429,0.8432031869888306,0.003508725138531928
3388,0.36058662831783295,0.003683571339579372,0.843090295791626,0.0032941133859144558
3389,0.36061351001262665,0.003542084369128301,0.8431079387664795,0.0032183333522918683
3390,0.3606223315000534,0.003375730758055802,0.8431579172611237,0.00318870411778871
3391,0.3605128973722458,0.0033756886112072913,0.8432562947273254,0.0031820870625724994
3392,0.3604120761156082,0.0034156438235956187,0.8432896137237549,0.003221199337990609
3393,0.3603522479534149,0.0033439731077028433,0.8433550596237183,0.0031689372458371004
3394,0.36028730869293213,0.003260564494499784,0.8434041142463684,0.003048650140187009
3395,0.36007510125637054,0.0032385427661528418,0.8434850871562958,0.0030196952552600247
3396,0.3600897789001465,0.0032575720682555104,0.8435016572475433,0.002990866810878573
3397,0.3602878600358963,0.0033731598002966377,0.8434382081031799,0.003029936939448172
3398,0.36004264652729034,0.003497408709706753,0.8435984253883362,0.003159159176982573
3399,0.3600648194551468,0.003284693565272271,0.8435032069683075,0.00301758791283448
3400,0.3539747893810272,0.010406689100067399,0.8450367152690887,0.0057552786047081125
3401,0.3538297563791275,0.010317738176285158,0.8451130092144012,0.005740611501426322
3402,0.3538009822368622,0.010429996307293925,0.8450698554515839,0.005782168294058063
3403,0.35375815629959106,0.010403696673823126,0.8450665175914764,0.005767501190776272
3404,0.3538128435611725,0.010767213242229588,0.8450829386711121,0.006004240038861964
3405,0.35413044691085815,0.010523688751533642,0.8449417054653168,0.005905574266497961
3406,0.353996679186821,0.010513678875012304,0.8449976444244385,0.005974062895328164
3407,0.3540668189525604,0.010461437856283052,0.8449944853782654,0.005848212405674634
3408,0.3540341556072235,0.010112672684855403,0.8449914157390594,0.005612400788256182
3409,0.35421301424503326,0.010098701004574042,0.8449882864952087,0.005598365887702054
3410,0.35437917709350586,0.010042034566751144,0.8449074029922485,0.005529413643538232
3411,0.3543759137392044,0.010107720430155374,0.8449045121669769,0.0056803415080557435
3412,0.3544759154319763,0.010139309493114288,0.8448629677295685,0.005666264460653105
3413,0.3546127378940582,0.0101219449915278,0.8448216021060944,0.005652271706947488
3414,0.35461610555648804,0.009998033256905771,0.8447419106960297,0.005474917768413645
3415,0.35465599596500397,0.009945286475994387,0.8447010517120361,0.005407103489159617
3416,0.3547290414571762,0.009902591718452852,0.8446603715419769,0.005448028079063695
3417,0.3546799421310425,0.009763022429609027,0.8447346091270447,0.005272486455015822
3418,0.35469023883342743,0.009962903858671941,0.8447131514549255,0.005394459434606349
3419,0.35453373193740845,0.009834208456743926,0.8448059260845184,0.005300598402972588
3420,0.354598268866539,0.00953667277968127,0.844841331243515,0.005287701467328254
3421,0.3544178456068039,0.009453896369205874,0.844914436340332,0.005274930972229454
3422,0.35433559119701385,0.009520193361913511,0.8449304699897766,0.005182039318111443
3423,0.35424262285232544,0.009183629703129767,0.8450783789157867,0.004956342944335605
3424,0.3541196435689926,0.009038454883433992,0.8451315760612488,0.004917862871645159
3425,0.35395434498786926,0.008941327471040636,0.845221996307373,0.004826488504073541
3426,0.3538829982280731,0.0088057832062296,0.8452185094356537,0.004656173089241018
3427,0.3538724333047867,0.008657405226046999,0.8451963365077972,0.004565894539730683
3428,0.35386472940444946,0.008535537613577749,0.8452673554420471,0.004502379239024766
3429,0.35392798483371735,0.00866220996677724,0.8452451527118683,0.0045179314261252854
3430,0.3540593832731247,0.008691544173340823,0.845130443572998,0.00455961465930256
3431,0.3539033383131027,0.008650577436588234,0.8451456725597382,0.004470389781004998
3432,0.35395169258117676,0.00896408676923652,0.8451977074146271,0.004538077619713493
3433,0.35376210510730743,0.008924026189726915,0.8452678918838501,0.004527414467040237
3434,0.3536980301141739,0.008715567876992032,0.8452643156051636,0.00446486854385007
3435,0.3536282330751419,0.00865087246452781,0.845333993434906,0.004506172455390746
3436,0.35358624160289764,0.008485193203031486,0.8453668355941772,0.004443963706988667
3437,0.35353778302669525,0.008388971947881114,0.8453813195228577,0.00440780171096632
3438,0.35357873141765594,0.00816099964428569,0.845377504825592,0.00429467956956308
3439,0.3534449189901352,0.008188521536363302,0.8454281687736511,0.004361693058695402
3440,0.3532905578613281,0.008302423394463994,0.8455509841442108,0.004325994678006674
3441,0.3532012701034546,0.007964658550497689,0.845600962638855,0.00413721894352638
3442,0.3531131148338318,0.007798431379970723,0.8456327617168427,0.004076738215913247
3443,0.3531022369861603,0.007527427144045674,0.845628410577774,0.003914810023934392
3444,0.35312269628047943,0.007798705334486043,0.845570296049118,0.004134057929888063
3445,0.3530360460281372,0.007923986841684676,0.8455840349197388,0.00414994729177667
3446,0.3528890013694763,0.00798450971614632,0.8457226455211639,0.0041404642508617185
3447,0.3527982831001282,0.00801043002798052,0.8458250164985657,0.004130981209946768
3448,0.35283736884593964,0.008242933117790867,0.8457669913768768,0.0041970253215633385
3449,0.3528870791196823,0.00807759103108263,0.8456737697124481,0.00411222586235942
3450,0.35275624692440033,0.008027520575051687,0.8458286225795746,0.004177974946036414
3451,0.3527228683233261,0.0080078379967971,0.8458768725395203,0.0041935271331369345
3452,0.3526678830385208,0.008298356223582692,0.8459601402282715,0.004308588029571675
3453,0.35256919264793396,0.008282445788269829,0.8460430204868317,0.004323718748187086
3454,0.3524795323610306,0.00819884751424847,0.846055418252945,0.004239677932256363
3455,0.3525877594947815,0.007844202857453554,0.8460852205753326,0.004230152744492901
3456,0.35244525969028473,0.008053272299491843,0.846202164888382,0.004344117822866359
3457,0.3522225171327591,0.008074977926474955,0.8463534116744995,0.0043590799540877264
3458,0.3522948771715164,0.0082105643381345,0.8463128805160522,0.004447672629657625
3459,0.3522080183029175,0.00815802829146567,0.8464459180831909,0.004437810267106076
3460,0.3521656394004822,0.008153392138129472,0.8464053273200989,0.004476922542524186
3461,0.3520883172750473,0.007893620037332577,0.8464685082435608,0.004320557734548769
3462,0.35206982493400574,0.008166668395410404,0.846496969461441,0.004457155670572577
3463,0.3521101027727127,0.008085472491754167,0.8465252816677094,0.004447377601718049
3464,0.352346271276474,0.00794864274806355,0.8464334607124329,0.0044618339707572854
3465,0.3523779511451721,0.007990831743422954,0.8464789092540741,0.0044762903397965225
3466,0.3523750454187393,0.007774639483986323,0.8464217185974121,0.0043940618383517685
3467,0.3524601310491562,0.007980273957870975,0.8463477790355682,0.004625405889828065
3468,0.35249538719654083,0.007985373726540793,0.8462571501731873,0.004639356496685171
3469,0.3524034768342972,0.008220553141231582,0.8463365137577057,0.004797196444358469
3470,0.3523716330528259,0.008194948930761213,0.8463647365570068,0.004834664992684655
3471,0.35231468081474304,0.00825985507746799,0.8464266359806061,0.004871964953616795
3472,0.35233137011528015,0.008058688169525494,0.8464377224445343,0.004694695308779975
3473,0.3523831218481064,0.008073249905686006,0.8463982939720154,0.00468453791828885
3474,0.3522269129753113,0.008113816247377743,0.8465100824832916,0.00469823564405489
3475,0.35200393199920654,0.008184285778087958,0.8466046154499054,0.0047354934581385205
3476,0.3520582616329193,0.008167089863895513,0.8465149700641632,0.00479626921369123
3477,0.35188116133213043,0.00820302005225105,0.8466424643993378,0.004833189852986773
3478,0.35186241567134857,0.008320609759596444,0.8465697169303894,0.004964055817613099
3479,0.35175852477550507,0.008475668015268023,0.8466633558273315,0.005047422283967647
3480,0.351813480257988,0.008586345639457631,0.8466240465641022,0.005083542133141484
3481,0.35181011259555817,0.008641431570461369,0.846651017665863,0.0050260116849241135
3482,0.35187655687332153,0.008326868566600311,0.846661388874054,0.004992125618721355
3483,0.3518613129854202,0.008197498815096124,0.8467046320438385,0.004865221457855053
3484,0.35183317959308624,0.008023516624443153,0.8467312753200531,0.004715600145641379
3485,0.35197731852531433,0.007752997077275979,0.846675843000412,0.004682557016408838
3486,0.35204415023326874,0.00782774451311005,0.8466370105743408,0.004719014040370761
3487,0.35196352005004883,0.007855118891217875,0.846712589263916,0.004639862258867302
3488,0.35194559395313263,0.007848438615728898,0.8467552661895752,0.004699289315267662
3489,0.35198305547237396,0.008047287447003296,0.8468140363693237,0.004781475669863906
3490,0.3520116060972214,0.007799000362425619,0.846840113401413,0.004633919553227266
3491,0.35187794268131256,0.007777547616533574,0.84694704413414,0.00473878091232237
3492,0.3516836017370224,0.007827702366261539,0.8469727337360382,0.004820377211039461
3493,0.35173189640045166,0.007846099465636544,0.8469338417053223,0.004855991298031167
3494,0.3517415374517441,0.007844181784029298,0.8468629419803619,0.004891521091325851
3495,0.3517981022596359,0.007884221290114648,0.8468565344810486,0.004881447994531747
3496,0.3517376035451889,0.007668050104102272,0.846898227930069,0.004803434177938082
3497,0.35165297985076904,0.007582723809291967,0.8470037281513214,0.004725799682981015
3498,0.3517311215400696,0.007606621072397644,0.8470130264759064,0.004693599490718692
3499,0.35158300399780273,0.007620403091860706,0.8471178412437439,0.004706538573211537
3500,0.3476247489452362,0.0023400351761733475,0.8458147048950195,0.000818154623293475
3501,0.34780488908290863,0.0022852653465334407,0.8456900715827942,0.0008160472808679302
3502,0.34779192507267,0.0021715531492510487,0.8458240926265717,0.0008981914886156627
3503,0.34776827692985535,0.0018647873123645064,0.8458584249019623,0.001063912896960498
3504,0.3476352393627167,0.0017210665589423577,0.845971554517746,0.0010612154986558008
3505,0.3476255387067795,0.0016099042459948748,0.8459856510162354,0.0011978134346796083
3506,0.3473922908306122,0.0018698027873373028,0.8461371958255768,0.0010280880757262381
3507,0.347355380654335,0.0021478666203879264,0.8461508452892303,0.0007760499216310918
3508,0.3474753350019455,0.001779671751796756,0.8461839258670807,0.0009952978275847625
3509,0.3474120497703552,0.001965729014548098,0.8462948501110077,0.0008273847831173607
3510,0.3161735385656357,0.03540619766142547,0.90625,0.04419417382415922
3511,0.30136311054229736,0.06723172551391092,0.890625,0.0
3512,0.3458157330751419,0.07517402516127358,0.8697916865348816,0.0
3513,0.3533601015806198,0.0847056613925578,0.85546875,0.016572815184059706
3514,0.3559858798980713,0.08363026347937808,0.8499999940395355,0.017677694817772795
3515,0.34926629066467285,0.06596390616385471,0.8528645932674408,0.012889981414329276
3516,0.34568747878074646,0.04585096643912247,0.861607164144516,0.009470186126155335
3517,0.34271863102912903,0.05367502310298781,0.8623046875,0.017953883116064683
3518,0.3475208133459091,0.041361041593832665,0.859375,0.019641864398925988
3519,0.34949955344200134,0.03918468370385138,0.8570312559604645,0.023201966545792697
3520,0.3547537922859192,0.03185973002005204,0.8529829680919647,0.021092685365216496
3521,0.3510369062423706,0.029045458504434112,0.8567708134651184,0.016572815184059706
3522,0.34109529852867126,0.02195138525677745,0.8629807531833649,0.01359821705670634
3523,0.34300482273101807,0.015122078511466224,0.8621651828289032,0.011837743194406296
3524,0.34636886417865753,0.010054236079395049,0.8614583313465118,0.01031194298461491
3525,0.34628477692604065,0.008008912741434128,0.85888671875,0.008976941558032341
3526,0.3497280925512314,0.012176709223555161,0.8556985259056091,0.010398639052001819
3527,0.3458452373743057,0.009244510825803753,0.8576388955116272,0.008593320942886184
3528,0.34498143196105957,0.0032305980852085385,0.859375,0.005815000689048049
3529,0.34159746766090393,0.0023739212423761064,0.860156238079071,0.0066291092148844785
3530,0.34420616924762726,0.003452100847557542,0.8582589328289032,0.004735071989653412
3531,0.34745953977108,0.004125860367852694,0.8568892180919647,0.0035154264874451605
3532,0.34346437454223633,0.006336736526764407,0.858016312122345,0.001921474823611659
3533,0.3441064953804016,0.008878950135244514,0.8564453125,0.0023018079845739665
3534,0.3459487408399582,0.006290227479432635,0.8546874821186066,0.0013258134136071935
3535,0.3457600772380829,0.005769439945807773,0.8548677861690521,0.002124749073979701
3536,0.34677669405937195,0.004343991382320826,0.8547453880310059,0.0016368150087690805
3537,0.3487754166126251,0.005346749202092017,0.8523995578289032,0.0011837785341254807
3538,0.3493611663579941,0.007138685686805443,0.8512930870056152,0.0030478914969138127
3539,0.34949542582035065,0.006876785170158747,0.8502604067325592,0.0018414379582894712
3540,0.34998704493045807,0.0005360446927858058,0.8508064448833466,0.0007128296488647508
3541,0.34690873324871063,0.0010505734194068,0.852294921875,0.00034526698300124393
3542,0.35078467428684235,0.004129569290521652,0.8491950631141663,0.0003348145645705422
3543,0.35010889172554016,0.001506539100021907,0.8485753834247589,0.0016248031569434758
3544,0.3487718552350998,0.0019516308937212036,0.8495535552501678,0.0012626774345378742
3545,0.34782741963863373,0.0012186550512682454,0.850043386220932,0.001534524607433141
3546,0.34668025374412537,0.0006545405573741844,0.8505067527294159,0.0017916203833495943
3547,0.34672175347805023,0.0016091456027216787,0.8507401347160339,0.0011630001378096098
3548,0.34577493369579315,0.0006553624209201468,0.8503605723381042,0.0002833111156902297
3549,0.3457355499267578,0.0016286385201579672,0.8505859375,0.0008286070417241767
3550,0.347772479057312,0.002622292620650805,0.8492759168148041,0.002425256103862375
3551,0.3490621745586395,0.003154860198434462,0.8480282723903656,0.0018414379582894712
3552,0.3483058512210846,0.0028889135843307204,0.8477470874786377,0.001541647424831482
3553,0.34885501861572266,0.0029665902261362983,0.8471235930919647,0.0012555124702910223
3554,0.3500891476869583,0.006352225493592161,0.847222238779068,0.0019641695811531946
3555,0.34918244183063507,0.005539128492119992,0.84816575050354,0.001921474823611659
3556,0.34927916526794434,0.0033709470907498157,0.8485704660415649,0.0002350951209937669
3557,0.3511584848165512,0.0023846897621706397,0.8474934995174408,0.0002301639397179923
3558,0.350313737988472,0.0020854471377432923,0.8475765287876129,0.0004509291322180552
3559,0.351182222366333,0.0029517123886119525,0.8471874892711639,0.0008838615601219587
3560,0.3508898764848709,0.0020324685491650983,0.8468137383460999,0.0004332696026919906
3561,0.34882181882858276,0.003080428863964223,0.848557710647583,0.0
3562,0.34934093058109283,0.0002078893302799848,0.8484669625759125,0.0012507920232578023
3563,0.35079625248908997,0.0010768941263018534,0.8479456007480621,0.00225059956363323
3564,0.34998074173927307,0.0013272885533050748,0.8482954502105713,0.002812374907434937
3565,0.34977157413959503,0.004003297332383014,0.8486328125,0.0041432037960149265
3566,0.34998397529125214,0.004742637348961117,0.8484100997447968,0.005039709410690154
3567,0.3487931787967682,0.004020556466848226,0.849272608757019,0.004000325979562996
3568,0.3501066565513611,0.005755194311011091,0.8487817943096161,0.004494329190959185
3569,0.349573478102684,0.0059882453098520794,0.8485676944255829,0.004603573822299423
3570,0.3498469889163971,0.005512428463588341,0.8487448692321777,0.004528088816616411
3571,0.34931057691574097,0.005394796609394436,0.8484123051166534,0.004811442079155152
3572,0.34774190187454224,0.005607385313283386,0.8487103283405304,0.005611979319771073
3573,0.34803150594234467,0.004970736093102075,0.8485107421875,0.005006371253518036
3574,0.34734244644641876,0.005185642873659124,0.848437488079071,0.005609239774617865
3575,0.34786081314086914,0.0059922703338848695,0.848603218793869,0.005189499310297871
3576,0.34740936756134033,0.005414184159709447,0.8484141826629639,0.0049471127845117195
3577,0.346665620803833,0.00619967497540698,0.8491497933864594,0.005036843424991413
3578,0.346854105591774,0.006978021900281915,0.8496376872062683,0.004803729205877658
3579,0.3477722704410553,0.005896849868856206,0.8493303656578064,0.003788074450462134
3580,0.34684863686561584,0.005387252323510986,0.8496918976306915,0.0034234620639943896
3581,0.3473718762397766,0.004533483613225806,0.8498263955116272,0.0027621358640099515
3582,0.34658846259117126,0.004351999283537896,0.8503852784633636,0.0030270288069009204
3583,0.3463352918624878,0.003958389865294657,0.8507179021835327,0.002687451648448647
3584,0.3463747501373291,0.0033724643772962077,0.8507291674613953,0.0027989722096084728
3585,0.3470604121685028,0.003825838026727895,0.8509457409381866,0.002616771383495878
3586,0.346657395362854,0.0038204432301185004,0.850649356842041,0.0028697789151067746
3587,0.3458792269229889,0.0037908982893123636,0.8515625,0.003116253685198483
3588,0.34475554525852203,0.0030184519232289535,0.8522547483444214,0.002797117748273993
3589,0.3437565416097641,0.0024754740738631054,0.852734386920929,0.002485905418869552
3590,0.34497424960136414,0.0025223624428314753,0.8523341119289398,0.002591651861783385
3591,0.3452715128660202,0.002617635393890351,0.8521341383457184,0.0026947430532410317
3592,0.34604720771312714,4.3727355330052555e-05,0.8516566157341003,0.001331166063368077
3593,0.3473760634660721,0.0008584259370456342,0.8510974645614624,0.001709897644086971
3594,0.3474799692630768,0.0011909434983723326,0.8510110378265381,0.0014297896888835692
3595,0.34737497568130493,0.0023205211853128036,0.8509266078472137,0.0016701531659411978
3596,0.3470770865678787,0.0015583165034175404,0.8513828814029694,0.0016509342030202301
3597,0.34651975333690643,0.00082947105211865,0.8515625,0.001506581246870418
3598,0.34758879244327545,0.0009322672156367206,0.8512113690376282,0.0018621320609083201
3599,0.34719792008399963,0.001822008261125949,0.8516493141651154,0.0025779962828658552
3600,0.35770346224308014,0.02856943092392782,0.8381942212581635,0.021977179128066116
3601,0.3576209545135498,0.0287544766623149,0.8382680714130402,0.022061894293573015
3602,0.35742412507534027,0.028803219492617747,0.8383812308311462,0.0220900905352268
3603,0.35732486844062805,0.02882465116508554,0.8383750319480896,0.022118076042638036
3604,0.3570719212293625,0.028785222788303595,0.8385268747806549,0.022034245960949866
3605,0.35693204402923584,0.028842521428854156,0.8386385142803192,0.022117949602092502
3606,0.3568013161420822,0.02879967915734283,0.8387692272663116,0.02217349914842986
3607,0.3568168133497238,0.028790954759701077,0.8387817442417145,0.02222871151997913
3608,0.3569355756044388,0.028593159599639453,0.8387941718101501,0.02211782316154697
3609,0.3571540266275406,0.028173376988470947,0.8386310338973999,0.021924706301670052
3610,0.3570623844861984,0.028296909401456377,0.8387410342693329,0.021952649662232777
3611,0.35703928768634796,0.028295771436546584,0.8388117253780365,0.02192559138548878
3612,0.3569057136774063,0.02828839573805718,0.8388432860374451,0.02184386864622616
3613,0.35684606432914734,0.028300892278640657,0.838836133480072,0.021707987206627036
3614,0.3568229526281357,0.02842520440832354,0.8388674855232239,0.02179067932340541
3615,0.35657376050949097,0.028366725656014672,0.8390524089336395,0.021709883814810028
3616,0.3564436286687851,0.028055787281125552,0.83915975689888,0.021683752768733272
3617,0.3563489317893982,0.027543724145142445,0.8392665684223175,0.021441408389795632
3618,0.35627396404743195,0.027200922752779088,0.8394301235675812,0.02122721810566327
3619,0.3560367226600647,0.02697971501836966,0.8395738005638123,0.02114861423319045
3620,0.3557836413383484,0.02707758000061196,0.8396598696708679,0.021311975418018676
3621,0.3557816445827484,0.026942120029497946,0.8395940661430359,0.021206776884135484
3622,0.35578612983226776,0.026642477010009744,0.8395663201808929,0.020995241851459307
3623,0.35569143295288086,0.026309158658561337,0.8396329581737518,0.02091794453129033
3624,0.3558003157377243,0.02654655078279895,0.839586466550827,0.02084106867960646
3625,0.3558356314897537,0.026259193569651673,0.839633971452713,0.02073797748814881
3626,0.3557879477739334,0.026180041788148214,0.8396812379360199,0.020688328500602978
3627,0.3557661175727844,0.026367953512234036,0.8396722972393036,0.020770852029987307
3628,0.35586534440517426,0.02613894861085009,0.8395889401435852,0.020695029849516208
3629,0.35563163459300995,0.026148515945462067,0.839691698551178,0.020672101963926284
3630,0.35554058849811554,0.025987262103059384,0.8397569060325623,0.02070168905158093
3631,0.3555026799440384,0.02571794374107477,0.8397663533687592,0.020548148082455742
3632,0.3554579168558121,0.02544074391841862,0.8397573232650757,0.020317056912070513
3633,0.3552623391151428,0.02552105473825613,0.839895486831665,0.020295224844541868
3634,0.35510604083538055,0.0257273424882927,0.839996337890625,0.020429251822806513
3635,0.35516029596328735,0.026177660491207348,0.8400051295757294,0.02058852476332918
3636,0.354875311255455,0.026016174841137857,0.8401600420475006,0.020437048989781027
3637,0.3550401031970978,0.025998536385036047,0.8401137292385101,0.020466720371132695
3638,0.35496798157691956,0.02605438095931298,0.8401949405670166,0.020419052285466876
3639,0.3548882454633713,0.026215402994048852,0.840275764465332,0.02037167922774063
3640,0.354746013879776,0.026285345689152684,0.8403562009334564,0.02042684945244139
3641,0.35462597012519836,0.02628239540975692,0.8404362797737122,0.02043068481565588
3642,0.35439957678318024,0.02634399302885559,0.8405700325965881,0.020460019022219465
3643,0.354243740439415,0.02628962359427654,0.8406852185726166,0.020412940992432797
3644,0.3542306423187256,0.026181200826482263,0.8406922519207001,0.020467563308102916
3645,0.35436685383319855,0.025878733968143833,0.8405919075012207,0.020268840917374048
3646,0.35429203510284424,0.025963975969257116,0.840634822845459,0.02032354752674119
3647,0.3543449491262436,0.025834184749267818,0.8406597375869751,0.02030238980878872
3648,0.3542453944683075,0.025743337217302587,0.8406845331192017,0.020231077341108288
3649,0.354041188955307,0.025681760671628168,0.8407978713512421,0.020084869923623995
3650,0.3539178669452667,0.025595696806968923,0.8409107029438019,0.019939294708867367
3651,0.3537530452013016,0.025456506839761694,0.8410406708717346,0.019819386924853875
3652,0.35364605486392975,0.025342583908236748,0.8410995900630951,0.019650167328082634
3653,0.35365207493305206,0.025353626382546603,0.8411055505275726,0.01965564641838905
3654,0.3534400165081024,0.025195681067752027,0.841304361820221,0.01958673632107374
3655,0.35356928408145905,0.02503478547356169,0.8412573635578156,0.019419202598242934
3656,0.35353341698646545,0.024843754882686062,0.8412280082702637,0.019178333359003177
3657,0.3535578101873398,0.02494787867193223,0.841233640909195,0.01913563860146164
3658,0.3534189313650131,0.024668445066305,0.841326117515564,0.019019355446420083
3659,0.35345733165740967,0.02465261892468916,0.8412794768810272,0.01895263698522734
3660,0.3533799946308136,0.024527906399945423,0.8413195312023163,0.018910658724110487
3661,0.35344015061855316,0.02437185769333384,0.8412903845310211,0.01886884905038768
3662,0.35333050787448883,0.024236355575371314,0.8413474857807159,0.018802931379316642
3663,0.35349224507808685,0.02458082176825085,0.8413355648517609,0.018834457222002794
3664,0.35358238220214844,0.024444034171408745,0.8412551581859589,0.018768876725719842
3665,0.3535613864660263,0.024580948208796385,0.8412777185440063,0.018606822093195453
3666,0.3536859601736069,0.024521436858699,0.8412319123744965,0.018638558670124157
3667,0.3535439670085907,0.024503461227809106,0.8413225710391998,0.018573821110811423
3668,0.3534455895423889,0.0244767401258532,0.8413788378238678,0.018509420726286776
3669,0.353360652923584,0.024814968585153124,0.8414179086685181,0.018709070347682884
3670,0.353244811296463,0.024742855327350984,0.8415245115756989,0.018668567226263914
3671,0.3531198501586914,0.024620755907214922,0.84161376953125,0.0186042932822848
3672,0.35310499370098114,0.024489236666436678,0.8416857719421387,0.01856416948250243
3673,0.3530442714691162,0.02459336045568284,0.8417406678199768,0.018547985092674246
3674,0.3528428077697754,0.02483330246425536,0.8418792188167572,0.018697985726524518
3675,0.3528415113687515,0.02470848457239035,0.8419166803359985,0.018657904073590657
3676,0.352800115942955,0.02473010590567644,0.8419707119464874,0.018736170771275387
3677,0.3527937978506088,0.024837791103621772,0.8419411778450012,0.01879049805900593
3678,0.3527999520301819,0.024469870189545922,0.8419616520404816,0.018632826698726675
3679,0.3527614325284958,0.02473394126889093,0.8420816957950592,0.018616726602595515
3680,0.3526061773300171,0.024841436806017966,0.8422011733055115,0.018600668653312863
3681,0.35259589552879333,0.02467053133530629,0.8422375023365021,0.018421080931807943
3682,0.35267072916030884,0.024888936304289743,0.8422241806983948,0.018545456281763593
3683,0.3526737838983536,0.02482910885282853,0.8423426449298859,0.018529651213572005
3684,0.35254742205142975,0.02464859390065637,0.8424769937992096,0.018444261698488937
3685,0.3525078594684601,0.024485506670343465,0.8425288498401642,0.01833602859151296
3686,0.3526502549648285,0.024454908058324554,0.8424659669399261,0.018343867905335987
3687,0.3526417762041092,0.02432385243287993,0.842452347278595,0.018282459947055612
3688,0.3525422215461731,0.02444951326171516,0.842487633228302,0.01833649220684658
3689,0.3524250090122223,0.024506242919810822,0.8425390124320984,0.018459223829710304
3690,0.35242411494255066,0.024623664039762176,0.8425577282905579,0.01848973814803219
3691,0.35246624052524567,0.024574078272489107,0.842576414346695,0.018565897503291375
3692,0.3523211032152176,0.024555112190659204,0.8426918983459473,0.018504658132405045
3693,0.3521876484155655,0.02445821658593266,0.8428230583667755,0.0184209123444139
3694,0.35212647914886475,0.02448398938379707,0.8428732454776764,0.018496692378036486
3695,0.35202550888061523,0.024650511582263616,0.8429713547229767,0.01859489453506687
3696,0.3520199954509735,0.02467993008252422,0.8430370390415192,0.018602143793010745
3697,0.3519601821899414,0.024716092078546564,0.84311842918396,0.018541410184306547
3698,0.351840004324913,0.024572139517457608,0.8431676030158997,0.018480971603541924
3699,0.3517458736896515,0.02471356326763591,0.8431687951087952,0.018578415117299112
3700,0.34447501599788666,0.001187044914885075,0.8511011600494385,0.004965320223068426
3701,0.344609797000885,0.0011222862821480863,0.8510028719902039,0.005008984358125712
3702,0.3443991094827652,0.0011632319454764198,0.8510836660861969,0.005024283664135167
3703,0.3443857878446579,0.0009375355717005822,0.8511046767234802,0.005123539492378322
3704,0.344110831618309,0.0011043527981067008,0.8512638211250305,0.005082657049322755
3705,0.3440990298986435,0.0010260439535734597,0.8513433635234833,0.005153421607972546
3706,0.3441693186759949,0.0010978411100117677,0.8513438999652863,0.0050015243659392835
3707,0.3442719131708145,0.0008374368064872089,0.8512856662273407,0.0050998951103637105
3708,0.3443734645843506,0.0006171141558965104,0.8512668013572693,0.005031827950018617
3709,0.34427422285079956,0.0006992583636442429,0.851326048374176,0.004964055817613099
3710,0.3441474884748459,0.0008200723049007206,0.8514044284820557,0.00481418162430836
3711,0.34404782950878143,0.0005528191384931416,0.8514048457145691,0.004939442058082737
3712,0.3437943756580353,0.00038054389520486223,0.8515794277191162,0.0049819260813817184
3713,0.3440428227186203,0.000654477337101418,0.8515600860118866,0.00486041671712481
3714,0.34389859437942505,0.0009433307633708302,0.8516178727149963,0.004630505658497884
3715,0.3436715453863144,0.0009166307348391789,0.8517330288887024,0.004700638014420011
3716,0.34363533556461334,0.0009308342227873502,0.851732611656189,0.004716232348369042
3717,0.3434395045042038,0.0009406544384903885,0.8518660068511963,0.004704684111877057
3718,0.3434336185455322,0.0007326808145133819,0.8518652617931366,0.004881995903562388
3719,0.343366414308548,0.0008466037460383285,0.8519216179847717,0.004870068345433806
3720,0.34353215992450714,0.0009505168010419376,0.8518827855587006,0.004885114770352195
3721,0.343587264418602,0.000777377547359185,0.851806253194809,0.004900034754725051
3722,0.3437294512987137,0.0009429725151584876,0.851711243391037,0.004834791433230187
3723,0.34354858100414276,0.001305561852897709,0.8518050909042358,0.004769843139674899
3724,0.3433959037065506,0.0011083988955637467,0.8518796861171722,0.004838078887414037
3725,0.34349237382411957,0.001243521691889673,0.8518789410591125,0.004693894518658268
3726,0.3433220684528351,0.0013270778190625204,0.8519155979156494,0.004656215236089529
3727,0.3434542715549469,0.0013639563115095527,0.8518587648868561,0.0046450463212341425
3728,0.34327562153339386,0.001506391586052119,0.8519511520862579,0.00458132028628567
3729,0.343264177441597,0.001631272698189898,0.8518759310245514,0.0044916317926544875
3730,0.34336112439632416,0.0017483987902016725,0.8518566489219666,0.004376191574583149
3731,0.34330208599567413,0.0014604093743267336,0.8518929481506348,0.004548825066083771
3732,0.343150794506073,0.001413183830570277,0.8519843518733978,0.00459025541816998
3733,0.34318807721138,0.001464898013693144,0.8520569801330566,0.004605470430482412
3734,0.34316112101078033,0.00161534118945278,0.8520925343036652,0.004568676231732402
3735,0.34323297441005707,0.0018820042999812066,0.852036327123642,0.004299020694959702
3736,0.3431069552898407,0.0018707300180045424,0.8520900309085846,0.0043922495238658
3737,0.34317098557949066,0.0017990171552632562,0.8521434962749481,0.0043820499865261636
3738,0.34300898015499115,0.0018614366379078903,0.8521784842014313,0.004397560026778173
3739,0.34318533539772034,0.0017363237181033013,0.8520682156085968,0.00436165091184689
3740,0.34323911368846893,0.0017381992528620362,0.8520670235157013,0.004325994678006674
3741,0.3433554470539093,0.0016682144109096966,0.8519936501979828,0.004341504718258683
3742,0.3432069271802902,0.001705198270478006,0.8520827293395996,0.00428051822846342
3743,0.3431777358055115,0.0018694656125492156,0.8520455658435822,0.004092754018347387
3744,0.34298600256443024,0.0020359667375915024,0.852098286151886,0.00393120514800513
3745,0.34291301667690277,0.0022073779704853084,0.8521507382392883,0.003820948992300631
3746,0.3427576273679733,0.0020593582385150487,0.8522565066814423,0.0038880046282814633
3747,0.3427584171295166,0.002024060252887175,0.852290540933609,0.0038035423438656317
3748,0.3427286893129349,0.0018084580493296966,0.8523421883583069,0.0038451412833458844
3749,0.34270794689655304,0.0017508011605667935,0.8523758947849274,0.0038113816576886583
3750,0.34260475635528564,0.0018655459556377026,0.8523740172386169,0.003777706325728454
3751,0.3426096886396408,0.0017312871697062497,0.8522839844226837,0.003918940415088459
3752,0.34270861744880676,0.0015547972415668808,0.8522647321224213,0.0040097247267809255
3753,0.342476949095726,0.0015872713883445246,0.8523510098457336,0.00395101416680525
3754,0.3424009829759598,0.0017925686874410895,0.8523492217063904,0.003818167300298912
3755,0.34227418899536133,0.0017960036555947274,0.8524699211120605,0.003859134037051501
3756,0.34236983954906464,0.0017988485678692126,0.8524329960346222,0.003825795879879384
3757,0.3424028605222702,0.001725555198308768,0.8524658679962158,0.0038419381228590563
3758,0.3423221558332443,0.0018857132226501652,0.852533370256424,0.0037596253277172803
3759,0.3422958701848984,0.0019100319542409512,0.8524965345859528,0.003726750785878783
3760,0.34228406846523285,0.0019699647728234427,0.8524771630764008,0.0037674646415403064
3761,0.34240785241127014,0.0018060346055403201,0.8524578809738159,0.0039055798641105064
3762,0.3424872159957886,0.0014619055874488705,0.8524386882781982,0.00414050639771023
3763,0.3423301428556442,0.0015142308998751454,0.8525742292404175,0.0042043167263557234
3764,0.34225374460220337,0.0016686780262433166,0.8526234328746796,0.004146617690744309
3765,0.3421364426612854,0.0014061874537174685,0.8526724576950073,0.004185940700404974
3766,0.34204669296741486,0.0015487913156540785,0.8527383208274841,0.0041526446900813675
3767,0.3419189751148224,0.001575407050488708,0.8528720140457153,0.0040713012724553415
3768,0.34187357127666473,0.001459482143659494,0.8529371619224548,0.004038426730616844
3769,0.3416150063276291,0.0014368914328576547,0.853137731552124,0.004005636482475369
3770,0.34144121408462524,0.001528497608096083,0.8532020151615143,0.003925178148668072
3771,0.34136784076690674,0.001247293834831398,0.8532322347164154,0.003940603895223059
3772,0.34137876331806183,0.0013911199553748239,0.853262335062027,0.003955945348081025
3773,0.34119856357574463,0.0012888506274631394,0.8533259332180023,0.003971202507241968
3774,0.3411310315132141,0.001299766661227461,0.8533557057380676,0.004033790577280646
3775,0.3412652015686035,0.0011591226277466076,0.8533016443252563,0.004072565677910669
3776,0.3411128669977188,0.0010853024225797767,0.8533480167388916,0.004111087897449625
3777,0.34091947972774506,0.0009395164735805943,0.8534275889396667,0.0041494415295945395
3778,0.3407692462205887,0.000782940931362623,0.8535234332084656,0.004305300575387826
3779,0.3407197594642639,0.0009850561433966153,0.8535524606704712,0.004225727325399257
3780,0.34054987132549286,0.0009308342227873502,0.85361447930336,0.004333918285526722
3781,0.34050847589969635,0.0009888704331868512,0.8536432087421417,0.00425459791662922
3782,0.3404782712459564,0.0009739715222382502,0.8536553084850311,0.004198964076594839
3783,0.34041857719421387,0.0007257265845090844,0.8536673486232758,0.004329787894372655
3784,0.3403015732765198,0.0004228171842612889,0.853679358959198,0.004460063803119828
3785,0.34035608172416687,0.0003662139667111582,0.8536585569381714,0.00445070720275041
3786,0.34035666286945343,0.00039333546372791856,0.8537359535694122,0.004441392749229502
3787,0.3403628170490265,0.000596588640671705,0.8537313938140869,0.0043628731704537065
3788,0.34038031101226807,0.0005947763261857366,0.8536617159843445,0.004284648619617487
3789,0.3401775658130646,0.0005457173945190559,0.8538199067115784,0.0042987256670201255
3790,0.3400864005088806,0.0005060993569188156,0.8538638651371002,0.00433568845316418
3791,0.3400491029024124,0.0006224878790816494,0.8539238572120667,0.004303783288841433
3792,0.33986175060272217,0.000858278423075846,0.8540481925010681,0.004272088858761241
3793,0.33967356383800507,0.0008285438214514103,0.8541075587272644,0.004377203098947411
3794,0.33945493400096893,0.0008690890897188904,0.8542470932006836,0.0043227493706713355
3795,0.3396185636520386,0.0009186748569919572,0.8541613221168518,0.004268464229789304
3796,0.3394245207309723,0.000776766418055777,0.8542841672897339,0.004372988414096321
3797,0.3395242989063263,0.0007300255630571955,0.8542306125164032,0.004364011135363501
3798,0.3395570367574692,0.000640526730244312,0.8541772961616516,0.004445396699838037
3799,0.3393915146589279,0.0006723897477185479,0.8542356789112091,0.004458841544513013
3800,0.3417981266975403,0.012485540256018737,0.850682258605957,0.004316427343394701
3801,0.34175144135951996,0.012812915901827107,0.8507043719291687,0.004418001248305956
3802,0.34167003631591797,0.012922392340834154,0.8506867289543152,0.004575208993251591
3803,0.3418104201555252,0.012689552076235719,0.8505701422691345,0.004479619940828883
3804,0.34154318273067474,0.01240105689817865,0.8507503867149353,0.004300748715748649
3805,0.34181489050388336,0.012324602514979889,0.8506933450698853,0.00434559296256424
3806,0.34170205891132355,0.01239726368181267,0.850715160369873,0.004445818168323146
3807,0.3414861857891083,0.012577926147954617,0.8508349061012268,0.004573270238220089
3808,0.34165769815444946,0.012626395023742146,0.8506998717784882,0.0046170608138229085
3809,0.3414000868797302,0.012796752585423178,0.8508580327033997,0.00474345921250708
3810,0.341462105512619,0.012984601089236233,0.8508403301239014,0.004951748937847918
3811,0.34154535830020905,0.013017117382862388,0.8508809506893158,0.005021754853224513
3812,0.34137463569641113,0.013305549340646691,0.8509407043457031,0.005283023167143545
3813,0.34130652248859406,0.013005653440067424,0.8509615361690521,0.005160755159613442
3814,0.34131795167922974,0.013129249073325622,0.8510015606880188,0.005229749550625775
3815,0.3411320745944977,0.012910844104342168,0.8511373996734619,0.00516256747409941
3816,0.3412616103887558,0.01279281185508741,0.8511767983436584,0.005122780849105126
3817,0.3412739783525467,0.012685042363445054,0.851158618927002,0.005056188828457913
3818,0.3413245975971222,0.012779430230685201,0.8511405289173126,0.0051517357340321104
3819,0.3411615341901779,0.01282105024358971,0.8511605858802795,0.005246776877424177
3820,0.3413412719964981,0.013161133164224114,0.8511425852775574,0.005287743614176765
3821,0.3412073850631714,0.012964244161405472,0.8512004017829895,0.005274930972229454
3822,0.34124206006526947,0.012888274466964585,0.8510690629482269,0.005262160477130653
3823,0.3409906476736069,0.013048179610214917,0.8511644601821899,0.005409379418979205
3824,0.3407424986362457,0.013145264875759762,0.8512781858444214,0.005529245056144188
3825,0.34092573821544647,0.013051888532883875,0.8512226045131683,0.005462948063436552
3826,0.340659499168396,0.013112980389800416,0.8513917922973633,0.00555571327700903
3827,0.34068454802036285,0.01326422435568176,0.8513548672199249,0.005568820946895918
3828,0.34068381786346436,0.013134643869935016,0.8513181507587433,0.005318552960438229
3829,0.3405468761920929,0.01305418553612772,0.8513930141925812,0.005279693566111184
3830,0.3405497372150421,0.013326875645993204,0.8514490127563477,0.005319522337953979
3831,0.34033524990081787,0.01327056745638265,0.8515601754188538,0.005280831531020979
3832,0.3403465449810028,0.013133253023934156,0.8515786230564117,0.005164042613797291
3833,0.3404906541109085,0.013550106429131153,0.8515602052211761,0.005360025459372949
3834,0.34047044813632965,0.01397039480248179,0.8515418469905853,0.005607005991646787
3835,0.3403467684984207,0.013957455719988944,0.8515419065952301,0.0055679780099256995
3836,0.34017322957515717,0.013916278248993802,0.8516150414943695,0.005580790651873012
3837,0.34003889560699463,0.014067606508572167,0.851669579744339,0.005619312871411968
3838,0.339815154671669,0.014013047413174815,0.8518693745136261,0.005606247348373591
3839,0.3396517336368561,0.014040548231828173,0.8519774973392487,0.005670226264413129
3840,0.33952459692955017,0.013987864671189554,0.8520670235157013,0.005708242721769955
3841,0.3393997251987457,0.014155145512929294,0.8521922826766968,0.005797214718976452
3842,0.3393580764532089,0.014282787243644535,0.8522268831729889,0.005809310864499079
3843,0.3391457200050354,0.01454917639965764,0.852315217256546,0.005948479758282051
3844,0.3392047584056854,0.014304682531445945,0.8522058725357056,0.005858749117802357
3845,0.33918221294879913,0.014139361518161963,0.8521507084369659,0.005693491324791142
3846,0.339102566242218,0.01411590679696565,0.8521315455436707,0.005629976024085224
3847,0.33899302780628204,0.014277055272247055,0.8521480560302734,0.005768301980897979
3848,0.33888012170791626,0.014150677946987138,0.8522000312805176,0.005704913120737594
3849,0.33871953189373016,0.014050810989440575,0.8522872626781464,0.005541509789060858
3850,0.33848807215690613,0.014125474131577625,0.8523740470409393,0.005579020484235554
3851,0.3387978821992874,0.013905235774683947,0.8522663116455078,0.005541467642212347
3852,0.33878010511398315,0.014173142217243445,0.8522999584674835,0.005703269393645669
3853,0.33861491084098816,0.014066004928328752,0.8523510098457336,0.005591032336061159
3854,0.33853304386138916,0.014372749691791038,0.8524018228054047,0.0057768577911456905
3855,0.33831271529197693,0.014288076673132652,0.8525048792362213,0.0057391785085769515
3856,0.3381292074918747,0.014104211046503877,0.8525202572345734,0.005578261840962358
3857,0.3379928022623062,0.014302849143535721,0.8526400327682495,0.005713595371530838
3858,0.33798815310001373,0.014068512665815151,0.8526549935340881,0.005602580572553144
3859,0.33796797692775726,0.013921378017663619,0.8526525497436523,0.0055656599332576
3860,0.3381287306547165,0.013938616078704575,0.8526155650615692,0.00552886573450759
3861,0.33809053897857666,0.013819698745631088,0.8525786995887756,0.005492240123151623
3862,0.3381786495447159,0.013588460061276068,0.8525420129299164,0.005407061342311106
3863,0.3380705863237381,0.013647254914948765,0.8527117371559143,0.005370857199440248
3864,0.33794116973876953,0.013791544650825811,0.8527949452400208,0.005456078127129276
3865,0.33802296221256256,0.013486085366243105,0.8528264462947845,0.005323104820077406
3866,0.3379373550415039,0.013546334286189428,0.852926105260849,0.005383964869327136
3867,0.3378203213214874,0.013605382020953192,0.8529742360115051,0.005372205898592597
3868,0.33758434653282166,0.013737976006368464,0.8531071543693542,0.005480691886659638
3869,0.33768127858638763,0.013889767881280449,0.8531037867069244,0.00539686180497147
3870,0.3376796990633011,0.014150108964532242,0.8531343042850494,0.00550484203085638
3871,0.3378594368696213,0.013871729030117786,0.8530126810073853,0.0053974097140021115
3872,0.33791837096214294,0.013990562069494252,0.8529758751392365,0.00545721609203907
3873,0.3376086950302124,0.014054709572927832,0.8531914055347443,0.0054930409132733305
3874,0.3373437374830246,0.014024384915424244,0.8533557057380676,0.00541005376855538
3875,0.3372627794742584,0.013948625955225913,0.8534020781517029,0.00535113247433715
3876,0.33714863657951355,0.014032624624308125,0.8534315824508667,0.005505052765098935
3877,0.33709070086479187,0.013870485698086715,0.8534775674343109,0.005446173617729216
3878,0.33700908720493317,0.01380163882104417,0.8535234332084656,0.005387547351450563
3879,0.3370055556297302,0.013369191081898142,0.8534860610961914,0.00511780752098084
3880,0.33698776364326477,0.01347236656705281,0.853531688451767,0.005200710372001769
3881,0.3370213806629181,0.013365060690744075,0.8535275161266327,0.005166318543616879
3882,0.33703286945819855,0.013356441660223596,0.853506863117218,0.005062089387249439
3883,0.337244912981987,0.013087713354118135,0.8534862995147705,0.0048651793110065416
3884,0.3369865268468857,0.012878749279201122,0.8535808324813843,0.004785268886229887
3885,0.3371133506298065,0.01295425535830839,0.8535929918289185,0.00472887640292231
3886,0.3371572047472,0.012758462173551031,0.8535396456718445,0.0046727368007058
3887,0.3371799886226654,0.012948565533759419,0.8535192012786865,0.00480145327605807
3888,0.33729034662246704,0.013232972467510932,0.8534825444221497,0.004952676168515158
3889,0.33722658455371857,0.01319257471321324,0.8535110652446747,0.0049653623699169366
3890,0.3372178077697754,0.013219906944472554,0.8535394370555878,0.004978006424470205
3891,0.33702559769153595,0.0131312931954784,0.8536486625671387,0.004876137491619374
3892,0.336886391043663,0.013129691615234987,0.8537089824676514,0.004888865839869664
3893,0.33694517612457275,0.013171690949776093,0.853720635175705,0.004969998523253135
3894,0.3368811011314392,0.012869203018013406,0.8537162244319916,0.004664012403064044
3895,0.336849182844162,0.012902161853548925,0.8537117838859558,0.004722554375645676
3896,0.3369029015302658,0.012741645580995185,0.8536753356456757,0.004780843467136243
3897,0.33697086572647095,0.012532871166896472,0.8537029922008514,0.004748390393782854
3898,0.33695363998413086,0.012691764785782541,0.8537305295467377,0.004851565878937523
3899,0.33679768443107605,0.012911054838584722,0.8537420332431793,0.005066851981131169
